simp,simp_cp,trad,trad_cp,relation_type,simp_hits_norm,trad_hits_norm
諸,,諸,,,1162026,1162026
神,,神,,,263430,263430
福,,福,,,150088,150088
益,,益,,,134619,134619
類,,類,,,133041,133041
精,,精,,,131761,131761
都,,都,,,127144,127144
殺,,殺,,,95160,95160
裏,,裏,,,80947,80947
蓮,,蓮,,,64555,64555
寧,,寧,,,55094,55094
悔,,悔,,,54567,54567
連,,連,,,47365,47365
契,,契,,,43947,43947
飯,,飯,,,36711,36711
蘭,,蘭,,,34125,34125
祥,,祥,,,30620,30620
隆,,隆,,,22359,22359
甞,,嘗,,,16361,33546
葢,,蓋,,,15950,69374
朗,,朗,,,15791,15791
梅,,梅,,,15235,15235
羽,,羽,,,13006,13006
碑,,碑,,,12432,12432
練,,練,,,12256,12256
傅,,傳,,,11501,203008
墨,,墨,,,10616,10616
疎,,疏,,,10049,126141
䟽,,疏,,,9814,126141
館,,館,,,8743,8743
断,(U+65AD),斷,(U+65B7),mainland_traditional;opencc_s2t;unihan_simplified;unihan_traditional,8098,311470
乗,,乘,,,7532,305969
廉,,廉,,,7186,7186
盖,(U+76D6),蓋,(U+84CB),mainland_traditional;opencc_s2t;unihan_simplified;unihan_traditional,7182,69374
劒,,劍,,,7170,17369
叅,,參,,,6675,99850
靖,,靖,,,6637,6637
遼,,遼,,,6276,6276
佗,,他,,,5884,327970
徃,,往,,,5845,161388
廻,,迴,,,5052,67496
觧,,解,,,4424,451751
凉,(U+51C9),涼,(U+6DBC),opencc_s2t;tw_simplified_to_traditional;unihan_simplified;unihan_traditional,4319,23047
𢙣,,惡,,,4303,248937
䇿,,策,,,3961,16254
畧,,略,,,3845,106245
湏,,須,,,3511,234208
体,(U+4F53),體,(U+9AD4),mainland_traditional;opencc_s2t;unihan_simplified;unihan_traditional,3350,303923
踈,,疏,,,3088,126141
隂,,陰,,,2934,93001
陜,U+965C,陝,(U+965D),,2788,5430
冝,,宜,,,2731,65964
厨,,廚,,,2603,1945
収,,收,,,2574,47212
与,(U+4E0E),與,(U+8207),mainland_traditional;opencc_s2t;unihan_simplified;unihan_traditional,2553,616893
痴,(U+75F4),癡,(U+7661),opencc_s2t,2490,58785
熈,,熙,,,2484,12082
凢,,凡,,,2436,142514
虚,(U+865A),虛,(U+865B),opencc_s2t;tw_simplified_to_traditional;unihan_simplified;unihan_traditional,2431,120518
叚,,假,,,2415,105010
勾,,句,,,2360,252299
㝵,,得,,,2196,1284953
苐,,第,,,2149,728450
来,(U+6765),來,(U+4F86),mainland_traditional;opencc_s2t;unihan_simplified;unihan_traditional,2077,897018
㝡,,最,,,2047,121726
𠀍,,世,,,1997,833184
属,(U+5C5E),屬,(U+5C6C),mainland_traditional;opencc_s2t;unihan_simplified;unihan_traditional,1990,111912
圎,,圓,,,1974,214078
顕,,顯,,,1965,232436
义,(U+4E49),義,(U+7FA9),mainland_traditional;opencc_s2t;unihan_simplified;unihan_traditional,1958,613889
随,(U+968F),隨,(U+96A8),mainland_traditional;opencc_s2t;unihan_simplified;unihan_traditional,1915,370401
寳,,寶,,,1897,263841
乱,(U+4E71),亂,(U+4E82),mainland_traditional;opencc_s2t;unihan_simplified;unihan_traditional,1880,78150
踪,(U+8E2A),蹤,(U+8E64),opencc_s2t;unihan_simplified;unihan_traditional,1571,8856
碍,(U+788D),礙,(U+7919),mainland_traditional;opencc_s2t;unihan_simplified;unihan_traditional,1563,98711
緫,,總,,,1497,167134
衆,(U+8846),眾,(U+773E),,1433,777319
恱,,悅,,,1396,32367
眀,,明,,,1393,1289155
儿,(U+513F),兒,(U+5152),mainland_traditional;opencc_s2t;unihan_simplified;unihan_traditional,1306,51456
頼,,賴,,,1289,21781
賔,,賓,,,1280,26817
机,(U+673A),機,(U+6A5F),mainland_traditional;opencc_s2t;unihan_simplified;unihan_traditional,1265,107020
兹,(U+5179),茲,(U+8332),opencc_s2t;tw_simplified_to_traditional;unihan_simplified;unihan_traditional,1220,24212
欤,(U+6B24),歟,(U+6B5F),mainland_traditional;opencc_s2t;unihan_simplified;unihan_traditional,1219,9772
弃,(U+5F03),棄,(U+68C4),opencc_s2t;tw_simplified_to_traditional;unihan_simplified;unihan_traditional,1182,41886
嵗,,歲,,,1131,80686
覧,,覽,,,1100,13664
淂,,得,,,1044,1284953
𣗳,,樹,,,1041,114116
礼,(U+793C),禮,(U+79AE),mainland_traditional;opencc_s2t;unihan_simplified;unihan_traditional,1022,163263
愿,,願,,,1008,221009
庄,(U+5E84),莊,(U+838A),mainland_traditional;opencc_s2t;unihan_simplified;unihan_traditional,987,86784
扵,,於,,,946,1401945
賛,,贊,,,946,26263
怜,(U+601C),憐,(U+6190),mainland_traditional;opencc_s2t;unihan_simplified;unihan_traditional,944,14331
尽,,盡,,,943,288670
彚,,彙,,,905,6708
啓,,啟,,,882,27187
畱,,留,,,871,55033
凖,,準,,,863,23389
咏,(U+548F),詠,(U+8A60),opencc_s2t;tw_simplified_to_traditional;unihan_simplified;unihan_traditional,857,8035
㨿,,據,,,798,82599
聦,,聰,,,788,15605
埜,,野,,,786,48962
蘓,,蘇,,,749,33427
㣲,,微,,,740,122212
坏,(U+574F),壞,(U+58DE),mainland_traditional;opencc_s2t;unihan_simplified;unihan_traditional,735,103130
軰,,輩,,,726,18082
逄,,逢,,,697,30108
徳,,德,,,697,410873
离,(U+79BB),離,(U+96E2),mainland_traditional;opencc_s2t;unihan_simplified;unihan_traditional,692,382386
䏻,,能,,,684,831156
関,,關,,,659,61893
㱕,,歸,,,653,183226
献,(U+732E),獻,(U+737B),mainland_traditional;opencc_s2t;unihan_simplified;unihan_traditional,640,28765
㴱,,深,,,627,199651
埀,,垂,,,614,37713
羙,,美,,,605,41441
从,(U+4ECE),從,(U+5F9E),mainland_traditional;opencc_s2t;unihan_simplified;unihan_traditional,579,456189
异,(U+5F02),異,(U+7570),opencc_s2t;tw_simplified_to_traditional;unihan_simplified;unihan_traditional,575,344402
竒,,奇,,,557,37898
㕘,,參,,,530,99850
刹,(U+5239),剎,(U+524E),opencc_s2t;unihan_simplified;unihan_traditional,530,94019
双,(U+53CC),雙,(U+96D9),mainland_traditional;opencc_s2t;unihan_simplified;unihan_traditional,524,57243
恵,,惠,,,522,36825
灯,(U+706F),燈,(U+71C8),mainland_traditional;opencc_s2t;unihan_simplified;unihan_traditional,490,62381
强,(U+5F3A),強,(U+5F37),opencc_s2t;tw_simplified_to_traditional;unihan_simplified;unihan_traditional,490,36384
禀,(U+7980),稟,(U+7A1F),opencc_s2t;tw_simplified_to_traditional;unihan_simplified;unihan_traditional,485,11896
宝,(U+5B9D),寶,(U+5BF6),mainland_traditional;opencc_s2t;unihan_simplified;unihan_traditional,483,263841
讃,,讚,,,483,72070
凭,(U+51ED),憑,(U+6191),mainland_traditional;opencc_s2t;unihan_simplified;unihan_traditional,475,12763
䖏,,處,,,472,623428
声,(U+58F0),聲,(U+8072),mainland_traditional;opencc_s2t;unihan_simplified;unihan_traditional,469,288498
榖,,穀,,,452,14921
麽,(U+9EBD),麼,(U+9EBC),,440,237131
韵,(U+97F5),韻,(U+97FB),opencc_s2t;tw_simplified_to_traditional;unihan_simplified;unihan_traditional,440,16292
麽,(U+9EBD),麼,(U+9EBC),opencc_s2t,440,237131
覚,,覺,,,437,339279
㝎,,定,,,433,404229
卧,(U+5367),臥,(U+81E5),opencc_s2t;tw_simplified_to_traditional,432,36407
麦,(U+9EA6),麥,(U+9EA5),mainland_traditional;opencc_s2t;unihan_simplified;unihan_traditional,413,7368
辤,,辭,,,411,50622
軆,,體,,,410,303923
鉄,U+9244,鐵,(U+9435),,405,37774
禅,(U+7985),禪,(U+79AA),mainland_traditional;opencc_s2t;unihan_simplified;unihan_traditional,397,356527
経,,經,,,392,843885
宼,,寇,,,390,9354
内,,內,,,388,220484
灮,,光,,,387,314215
数,(U+6570),數,(U+6578),mainland_traditional;opencc_s2t;unihan_simplified;unihan_traditional,380,218465
吴,(U+5434),吳,(U+5433),opencc_s2t;tw_simplified_to_traditional;unihan_simplified;unihan_traditional,371,38338
従,,從,,,365,456189
㽞,,留,,,356,55033
堕,(U+5815),墮,(U+58AE),mainland_traditional;opencc_s2t;unihan_simplified;unihan_traditional,341,75863
竆,,窮,,,338,58984
逰,,遊,,,335,72052
学,(U+5B66),學,(U+5B78),mainland_traditional;opencc_s2t;unihan_simplified;unihan_traditional,330,294044
辞,(U+8F9E),辭,(U+8FAD),mainland_traditional;opencc_s2t;unihan_simplified;unihan_traditional,327,50622
宄,,究,,,324,81776
観,,觀,,,317,499313
㓕,,滅,,,309,390124
叠,(U+53E0),疊,(U+758A),opencc_s2t;tw_simplified_to_traditional;unihan_simplified;unihan_traditional,309,9739
擧,,舉,,,308,186582
逺,,遠,,,304,157311
邉,,邊,,,302,143755
卽,,即,,,289,978509
𠡠,(U+20860),勑,(U+52D1),opencc_s2t;unihan_simplified;unihan_traditional,283,5278
変,,變,,,273,135565
𪏭,,黎,,,272,18431
亾,,亡,,,271,50592
歴,,歷,,,270,53926
悳,,德,,,269,410873
䧟,,陷,,,267,11473
蚕,(U+8695),蠶,(U+8836),mainland_traditional;opencc_s2t;unihan_simplified;unihan_traditional,267,2568
塩,,鹽,,,263,9891
担,(U+62C5),擔,(U+64D4),mainland_traditional;opencc_s2t;unihan_simplified;unihan_traditional,259,15723
貟,,員,,,255,11209
温,(U+6E29),溫,(U+6EAB),opencc_s2t;tw_simplified_to_traditional;unihan_simplified;unihan_traditional,255,17366
条,(U+6761),條,(U+689D),mainland_traditional;opencc_s2t;unihan_simplified;unihan_traditional,252,29913
霛,,靈,,,252,99676
㝠,,冥,,,252,28584
矦,,侯,,,246,33321
响,(U+54CD),響,(U+97FF),mainland_traditional;opencc_s2t;unihan_simplified;unihan_traditional,245,22543
迁,(U+8FC1),遷,(U+9077),mainland_traditional;opencc_s2t;unihan_simplified;unihan_traditional,234,44091
聼,,聽,,,234,113562
么,(U+4E48),麼,(U+9EBC),,233,237131
么,(U+4E48),麼,(U+9EBC),opencc_s2t;unihan_simplified;unihan_traditional,233,237131
国,(U+56FD),國,(U+570B),mainland_traditional;opencc_s2t;unihan_simplified;unihan_traditional,231,330768
寛,,寬,,,231,17186
潜,(U+6F5C),潛,(U+6F5B),opencc_s2t;tw_simplified_to_traditional;unihan_simplified;unihan_traditional,228,15552
㪅,,更,,,214,174659
覌,,觀,,,213,499313
縁,,緣,,,212,633393
叙,(U+53D9),敘,(U+6558),opencc_s2t;tw_simplified_to_traditional;unihan_simplified;unihan_traditional,211,24922
廽,,迴,,,208,67496
継,U+7D99,繼,(U+7E7C),,203,22254
緑,,綠,,,201,9401
皙,,晳,,,200,202
㤙,,恩,,,199,58979
渉,,涉,,,198,25520
僃,,備,,,198,40524
举,(U+4E3E),舉,(U+8209),mainland_traditional;opencc_s2t;unihan_simplified;unihan_traditional,196,186582
㝛,,宿,,,195,70357
両,,兩,,,193,145665
旧,(U+65E7),舊,(U+820A),mainland_traditional;opencc_s2t;unihan_simplified;unihan_traditional,193,69601
尔,(U+5C14),爾,(U+723E),mainland_traditional;opencc_s2t;unihan_simplified;unihan_traditional,190,244834
苖,,苗,,,190,6351
廵,,巡,,,187,9260
奥,(U+5965),奧,(U+5967),opencc_s2t;tw_simplified_to_traditional;unihan_simplified;unihan_traditional,187,8592
乆,,久,,,186,106555
听,(U+542C),聽,(U+807D),mainland_traditional;opencc_s2t;unihan_simplified;unihan_traditional,184,113562
网,(U+7F51),網,(U+7DB2),mainland_traditional;opencc_s2t;unihan_simplified;unihan_traditional,181,29810
慿,,憑,,,177,12763
録,,錄,,,172,90292
敇,,敕,,,169,11625
聮,,聯,,,168,6647
悮,(U+60AE),悞,(U+609E),opencc_s2t;unihan_simplified;unihan_traditional,168,6103
穪,,稱,,,167,155398
坯,,壞,,,167,103130
総,,總,,,165,167134
篚,,匪,,,161,5285
徴,,徵,,,161,37436
椉,,乘,,,159,305969
𤰞,,卑,,,156,13708
弥,(U+5F25),彌,(U+5F4C),,154,127582
届,(U+5C4A),屆,(U+5C46),opencc_s2t;tw_simplified_to_traditional;unihan_simplified;unihan_traditional,154,1798
浄,U+6D44,淨,U+6DE8,,153,580299
气,(U+6C14),氣,(U+6C23),mainland_traditional;opencc_s2t;unihan_simplified;unihan_traditional,153,80688
冈,(U+5188),岡,(U+5CA1),mainland_traditional;opencc_s2t;unihan_simplified;unihan_traditional,149,2977
実,,實,,,149,411879
暜,,普,,,149,154986
泪,(U+6CEA),淚,(U+6DDA),opencc_s2t;tw_simplified_to_traditional;unihan_simplified;unihan_traditional,148,7887
朢,,望,,,146,77179
䕃,,蔭,,,146,5633
聴,,聽,,,145,113562
粤,(U+7CA4),粵,(U+7CB5),opencc_s2t;tw_simplified_to_traditional;unihan_simplified;unihan_traditional,145,1420
㨗,,捷,,,144,6310
袜,(U+889C),襪,(U+896A),mainland_traditional;opencc_s2t;unihan_simplified;unihan_traditional,141,768
毁,,毀,,,140,37973
罗,(U+7F57),羅,(U+7F85),mainland_traditional;opencc_s2t;unihan_simplified;unihan_traditional,139,575755
㘴,,坐,,,138,162204
䘮,,喪,,,136,24060
㐲,,伏,,,134,89757
髙,,高,,,133,180770
茍,,苟,,,131,12937
帯,,帶,,,127,27587
朶,,朵,,,123,2701
吕,(U+5415),呂,(U+5442),opencc_s2t;tw_simplified_to_traditional;unihan_simplified;unihan_traditional,122,9549
昰,,是,,,122,2669477
术,,術,,,121,24115
栁,,柳,,,118,11545
𫝊,,傳,,,115,203008
厠,(U+53A0),廁,(U+5EC1),,115,3872
将,(U+5C06),將,(U+5C07),mainland_traditional;opencc_s2t;unihan_simplified;unihan_traditional,113,239904
寜,,寧,,,109,55094
戸,,戶,,,109,35624
胆,(U+80C6),膽,(U+81BD),mainland_traditional;opencc_s2t;unihan_simplified;unihan_traditional,106,5117
拠,,據,,,105,82599
䨇,,雙,,,105,57243
偹,,備,,,104,40524
实,(U+5B9E),實,(U+5BE6),mainland_traditional;opencc_s2t;unihan_simplified;unihan_traditional,104,411879
块,(U+5757),塊,(U+584A),mainland_traditional;opencc_s2t;unihan_simplified;unihan_traditional,103,4684
亷,,廉,,,101,7186
佀,,似,,,101,108255
圣,(U+5723),聖,(U+8056),mainland_traditional;opencc_s2t;unihan_simplified;unihan_traditional,100,433783
厮,(U+53AE),廝,(U+5EDD),opencc_s2t;unihan_simplified;unihan_traditional,99,1652
濳,,潛,,,97,15552
㳒,,法,,,96,2150395
隠,,隱,,,93,77664
篱,(U+7BF1),籬,(U+7C6C),opencc_s2t;unihan_simplified;unihan_traditional,91,3243
园,(U+56ED),園,(U+5712),mainland_traditional;opencc_s2t;unihan_simplified;unihan_traditional,88,39546
縦,,縱,,,87,42717
点,(U+70B9),點,(U+9EDE),mainland_traditional;opencc_s2t;unihan_simplified;unihan_traditional,86,55286
䜌,,亦,,,85,802025
㬥,,暴,,,83,15086
頥,,頤,,,82,2103
凛,(U+51DB),凜,(U+51DC),opencc_s2t;tw_simplified_to_traditional;unihan_simplified;unihan_traditional,82,2643
厦,(U+53A6),廈,(U+5EC8),opencc_s2t;tw_simplified_to_traditional;unihan_simplified;unihan_traditional,80,946
赶,(U+8D76),趕,(U+8D95),mainland_traditional;opencc_s2t;unihan_simplified;unihan_traditional,80,1315
昻,,昂,,,79,3829
对,(U+5BF9),對,(U+5C0D),mainland_traditional;opencc_s2t;unihan_simplified;unihan_traditional,79,217422
髪,,髮,,,78,31954
厺,,去,,,78,340511
㞢,,之,,,75,2699808
电,(U+7535),電,(U+96FB),mainland_traditional;opencc_s2t;unihan_simplified;unihan_traditional,73,18952
叁,(U+53C1),叄,(U+53C4),opencc_s2t;unihan_simplified;unihan_traditional,73,1474
惧,(U+60E7),懼,(U+61FC),mainland_traditional;opencc_s2t;unihan_simplified;unihan_traditional,73,18231
啚,,圖,,,70,62803
寍,,寧,,,70,55094
荘,U+8358,莊,U+838A,,70,86784
㤀,,忘,,,70,55087
茟,,筆,,,69,19985
㪚,,散,,,68,82306
蛊,(U+86CA),蠱,(U+8831),mainland_traditional;opencc_s2t;unihan_simplified;unihan_traditional,68,2557
两,(U+4E24),兩,(U+5169),mainland_traditional;opencc_s2t;unihan_simplified;unihan_traditional,68,145665
禄,,祿,,,67,14454
触,(U+89E6),觸,(U+89F8),mainland_traditional;opencc_s2t;unihan_simplified;unihan_traditional,67,105835
彦,(U+5F66),彥,(U+5F65),opencc_s2t;tw_simplified_to_traditional;unihan_simplified;unihan_traditional,66,8673
藴,(U+85F4),蘊,(U+860A),opencc_s2t,66,76736
还,(U+8FD8),還,(U+9084),mainland_traditional;opencc_s2t;unihan_simplified;unihan_traditional,65,204516
㑺,(U+347A),儁,(U+5101),unihan_simplified;unihan_traditional,65,1564
円,,圓,,,64,214078
灵,(U+7075),靈,(U+9748),mainland_traditional;opencc_s2t;unihan_simplified;unihan_traditional,64,99676
开,(U+5F00),開,(U+958B),mainland_traditional;opencc_s2t;unihan_simplified;unihan_traditional,64,239029
葯,,藥,,,63,76213
𦙍,,胤,,,62,3986
䒭,,等,,,62,955332
椘,,楚,,,62,20455
畨,,番,,,62,15262
㳄,,次,,,61,351219
桺,,柳,,,61,11545
幺,(U+5E7A),麼,(U+9EBC),,60,237131
垩,(U+57A9),堊,(U+580A),mainland_traditional;opencc_s2t;unihan_simplified;unihan_traditional,60,418
嘱,(U+5631),囑,(U+56D1),mainland_traditional;opencc_s2t;unihan_simplified;unihan_traditional,59,20274
炉,(U+7089),爐,(U+7210),mainland_traditional;opencc_s2t;unihan_simplified;unihan_traditional,59,15729
𥁊,,盋,,,58,495
㙮,,塔,,,57,72485
厎,,底,,,57,90328
帮,(U+5E2E),幫,(U+5E6B),mainland_traditional;opencc_s2t;unihan_simplified;unihan_traditional,57,699
㦲,,哉,,,55,73529
刾,(U+523E),㓨,(U+34E8),opencc_s2t;unihan_simplified;unihan_traditional,55,625
独,(U+72EC),獨,(U+7368),mainland_traditional;opencc_s2t;unihan_simplified;unihan_traditional,54,99429
当,(U+5F53),當,(U+7576),,54,500925
瑶,(U+7476),瑤,(U+7464),opencc_s2t;tw_simplified_to_traditional;unihan_simplified;unihan_traditional,53,2831
歩,,步,,,52,48130
楼,(U+697C),樓,(U+6A13),mainland_traditional;opencc_s2t;unihan_simplified;unihan_traditional,52,40640
爲,(U+7232),為,(U+70BA),,52,2231564
戯,(U+622F),戱,(U+6231),opencc_s2t;unihan_simplified;unihan_traditional,52,470
攅,,攢,,,52,2503
暁,,曉,,,51,27026
㓜,,幼,,,51,13725
耼,U+803C,聃,U+8043,,50,825
䑓,,臺,,,50,44106
朩,,木,,,50,84036
龎,,龐,,,50,4638
难,(U+96BE),難,(U+96E3),mainland_traditional;opencc_s2t;unihan_simplified;unihan_traditional,50,319330
伫,(U+4F2B),佇,(U+4F47),opencc_s2t;unihan_simplified;unihan_traditional,50,2555
産,,產,,,49,14090
曡,,疊,,,48,9739
宫,(U+5BAB),宮,(U+5BAE),opencc_s2t;tw_simplified_to_traditional;unihan_simplified;unihan_traditional,48,460230
㓗,,潔,,,48,14646
㓂,,寇,,,47,9354
顔,(U+9854),顏,(U+984F),,47,18905
吓,(U+5413),嚇,(U+5687),mainland_traditional;opencc_s2t;unihan_simplified;unihan_traditional,47,865
広,,廣,,,47,223408
兊,,兌,,,47,1246
䝿,,貴,,,46,49410
窃,(U+7A83),竊,(U+7ACA),mainland_traditional;opencc_s2t;unihan_simplified;unihan_traditional,46,11308
廪,(U+5EEA),廩,(U+5EE9),opencc_s2t;unihan_simplified;unihan_traditional,46,1635
构,(U+6784),構,(U+69CB),mainland_traditional;opencc_s2t;unihan_simplified;unihan_traditional,46,6235
纒,,纏,,,45,24265
裵,,裴,,,45,6440
㞐,,居,,,44,188637
晋,(U+664B),晉,(U+6649),opencc_s2t;tw_simplified_to_traditional;unihan_simplified;unihan_traditional,44,49558
𨙻,U-0002867B,𨚗,U-00028697,,44,774
笔,(U+7B14),筆,(U+7B46),mainland_traditional;opencc_s2t;unihan_simplified;unihan_traditional,44,19985
侣,(U+4FA3),侶,(U+4FB6),opencc_s2t;tw_simplified_to_traditional;unihan_simplified;unihan_traditional,43,9519
簒,,篡,,,43,1368
梦,(U+68A6),夢,(U+5922),mainland_traditional;opencc_s2t;unihan_simplified;unihan_traditional,43,65099
秆,(U+79C6),稈,(U+7A08),opencc_s2t;tw_simplified_to_traditional;unihan_simplified;unihan_traditional,41,307
滛,,淫,,,40,8574
黄,(U+9EC4),黃,(U+9EC3),opencc_s2t;tw_simplified_to_traditional;unihan_simplified;unihan_traditional,40,86631
菐,,業,,,39,337321
煴,(U+7174),熅,(U+7185),opencc_s2t;unihan_simplified;unihan_traditional,39,309
済,,濟,,,38,69690
痹,(U+75F9),痺,(U+75FA),tw_simplified_to_traditional,38,335
㫺,,昔,,,38,75764
芦,(U+82A6),蘆,(U+8606),mainland_traditional;opencc_s2t;unihan_simplified;unihan_traditional,37,7015
冦,,寇,,,37,9354
优,(U+4F18),優,(U+512A),mainland_traditional;opencc_s2t;unihan_simplified;unihan_traditional,37,50300
䜟,,讖,,,36,5384
攺,,改,,,36,69988
状,(U+72B6),狀,(U+72C0),mainland_traditional;opencc_s2t;unihan_simplified;unihan_traditional,35,27127
抛,(U+629B),拋,(U+62CB),opencc_s2t;tw_simplified_to_traditional;unihan_simplified;unihan_traditional,34,6435
𩀱,,雙,,,34,57243
隐,(U+9690),隱,(U+96B1),mainland_traditional;opencc_s2t;unihan_simplified;unihan_traditional,33,77664
趋,(U+8D8B),趨,(U+8DA8),mainland_traditional;opencc_s2t;unihan_simplified;unihan_traditional,33,10207
睂,,眉,,,33,23113
参,(U+53C2),參,(U+53C3),,32,99850
𨕖,,選,,,32,16448
䡖,,輕,,,32,70562
袐,,祕,,,31,23169
粜,(U+7C9C),糶,(U+7CF6),mainland_traditional;opencc_s2t;unihan_simplified;unihan_traditional,31,417
秃,(U+79C3),禿,(U+79BF),opencc_s2t;tw_simplified_to_traditional;unihan_simplified;unihan_traditional,31,1988
画,(U+753B),畫,(U+756B),mainland_traditional;opencc_s2t;unihan_simplified;unihan_traditional,31,31960
刋,,刊,,,31,10332
闗,,關,,,31,61893
丗,,世,,,31,833184
摇,(U+6447),搖,(U+6416),opencc_s2t;tw_simplified_to_traditional;unihan_simplified;unihan_traditional,30,15103
会,(U+4F1A),會,(U+6703),mainland_traditional;opencc_s2t;unihan_simplified;unihan_traditional,30,237608
児,,兒,,,30,51456
芔,,世,,,30,833184
紒,,結,,,30,215999
丣,,卯,,,30,15043
渇,,渴,,,30,16184
鄹,,聚,,,30,74400
䜿,,豎,,,29,14537
劔,,劍,,,29,17369
濓,,濂,,,29,1185
递,(U+9012),遞,(U+905E),mainland_traditional;opencc_s2t;unihan_simplified;unihan_traditional,28,4801
旉,,敷,,,28,21844
斋,(U+658B),齋,(U+9F4B),mainland_traditional;opencc_s2t;unihan_simplified;unihan_traditional,28,35459
𬒳,,被,,,27,85663
剥,(U+5265),剝,(U+525D),opencc_s2t;tw_simplified_to_traditional;unihan_simplified;unihan_traditional,27,4283
称,,稱,,,27,155398
歳,,歲,,,27,80686
隶,(U+96B6),隸,(U+96B8),mainland_traditional;opencc_s2t;unihan_simplified;unihan_traditional,27,7170
启,(U+542F),啟,(U+555F),,26,27187
够,(U+591F),夠,(U+5920),opencc_s2t;tw_simplified_to_traditional;unihan_simplified;unihan_traditional,26,3069
籴,(U+7C74),糴,(U+7CF4),mainland_traditional;opencc_s2t;unihan_simplified;unihan_traditional,26,458
𨵁,,閻,,,26,22190
𥦽,,寔,,,26,4442
鵉,,鸞,,,26,4211
龯,,鉞,,,26,1653
圗,,圖,,,26,62803
㠶,,帆,,,25,2673
䢖,,建,,,25,94328
边,(U+8FB9),邊,(U+908A),mainland_traditional;opencc_s2t;unihan_simplified;unihan_traditional,25,143755
暦,,曆,,,25,14837
夲,,本,,,25,633202
峦,(U+5CE6),巒,(U+5DD2),mainland_traditional;opencc_s2t;unihan_simplified;unihan_traditional,24,2688
纎,,纖,,,24,7509
䋲,,繩,,,23,13932
显,(U+663E),顯,(U+986F),mainland_traditional;opencc_s2t;unihan_simplified;unihan_traditional,23,232436
旣,,既,,,23,218649
㓻,,剛,,,23,99489
抜,,拔,,,23,29631
夹,(U+5939),夾,(U+593E),mainland_traditional;opencc_s2t;unihan_simplified;unihan_traditional,22,12383
鍳,,鑒,,,22,13434
荆,(U+8346),荊,(U+834A),opencc_s2t;tw_simplified_to_traditional;unihan_simplified;unihan_traditional,22,19473
陕,(U+9655),陝,(U+965D),mainland_traditional;opencc_s2t;unihan_simplified;unihan_traditional,21,5430
黙,,默,,,21,34679
巩,(U+5DE9),鞏,(U+978F),mainland_traditional;opencc_s2t;unihan_simplified;unihan_traditional,21,1638
争,(U+4E89),爭,(U+722D),opencc_s2t;tw_simplified_to_traditional;unihan_simplified;unihan_traditional,21,29413
鱻,,鮮,,,20,10644
貭,U+8CAD,質,(U+8CEA),,20,37505
隽,(U+96BD),雋,(U+96CB),opencc_s2t;tw_simplified_to_traditional;unihan_simplified;unihan_traditional,20,693
关,(U+5173),關,(U+95DC),mainland_traditional;opencc_s2t;unihan_simplified;unihan_traditional,20,61893
𥙷,,補,,,20,80065
莱,(U+83B1),萊,(U+840A),mainland_traditional;opencc_s2t;unihan_simplified;unihan_traditional,19,2658
亀,,龜,,,18,16234
斉,,齊,,,18,81289
𠕅,U-00020545,再,U+518D,,18,45270
湾,(U+6E7E),灣,(U+7063),mainland_traditional;opencc_s2t;unihan_simplified;unihan_traditional,17,2292
盗,(U+76D7),盜,(U+76DC),opencc_s2t;tw_simplified_to_traditional;unihan_simplified;unihan_traditional,17,29203
褔,,福,,,17,150088
𨔛,,遞,,,17,4801
涤,(U+6DA4),滌,(U+6ECC),mainland_traditional;opencc_s2t;unihan_simplified;unihan_traditional,17,3160
鑚,,鑽,,,17,5008
勧,,勸,,,16,56372
岭,(U+5CAD),嶺,(U+5DBA),mainland_traditional;opencc_s2t;unihan_simplified;unihan_traditional,16,18147
跃,(U+8DC3),躍,(U+8E8D),mainland_traditional;opencc_s2t;unihan_simplified;unihan_traditional,16,10441
毡,(U+6BE1),氈,(U+6C08),mainland_traditional;opencc_s2t;unihan_simplified;unihan_traditional,16,1803
淸,,清,,,16,337933
㕑,,廚,,,16,1945
㬎,,顯,,,16,232436
垒,(U+5792),壘,(U+58D8),mainland_traditional;opencc_s2t;unihan_simplified;unihan_traditional,16,3028
壮,(U+58EE),壯,(U+58EF),mainland_traditional;opencc_s2t;unihan_simplified;unihan_traditional,16,9982
囯,,國,,,15,330768
潙,,溈,,,15,13866
瓉,,瓚,,,15,1743
单,(U+5355),單,(U+55AE),mainland_traditional;opencc_s2t;unihan_simplified;unihan_traditional,15,32644
犹,(U+72B9),猶,(U+7336),mainland_traditional;opencc_s2t;unihan_simplified;unihan_traditional,15,138764
旜,,旃,,,15,13049
叀,,專,,,15,37957
删,(U+5220),刪,(U+522A),opencc_s2t;tw_simplified_to_traditional;unihan_simplified;unihan_traditional,15,6759
㽳,U+3F73,瘀,U+7600,,14,909
䑕,,鼠,,,14,6392
㩀,,據,,,14,82599
𠓆,,兢,,,14,1740
霊,,靈,,,14,99676
眞,,真,,,14,449842
㬰,,臾,,,14,8120
庙,(U+5E99),廟,(U+5EDF),mainland_traditional;opencc_s2t;unihan_simplified;unihan_traditional,14,20858
雑,,雜,,,14,80058
増,,增,,,14,161147
𧴫,,得,,,13,1284953
惪,,德,,,13,410873
坟,(U+575F),墳,(U+58B3),mainland_traditional;opencc_s2t;unihan_simplified;unihan_traditional,13,3608
逥,,迴,,,13,67496
鼔,,鼓,,,13,34071
壷,,壺,,,13,3191
壊,,壞,,,13,103130
联,(U+8054),聯,(U+806F),mainland_traditional;opencc_s2t;unihan_simplified;unihan_traditional,13,6647
纉,,纘,,,13,1092
撡,,操,,,13,9186
亯,,享,,,12,8172
郞,,郎,,,12,40722
穷,(U+7A77),窮,(U+7AAE),mainland_traditional;opencc_s2t;unihan_simplified;unihan_traditional,12,58984
懔,(U+61D4),懍,(U+61CD),opencc_s2t;tw_simplified_to_traditional;unihan_simplified;unihan_traditional,12,461
凨,,風,,,12,175962
䀋,,鹽,,,12,9891
屡,(U+5C61),屢,(U+5C62),mainland_traditional;opencc_s2t;unihan_simplified;unihan_traditional,12,8555
廹,,迫,,,12,8409
皱,(U+76B1),皺,(U+76BA),mainland_traditional;opencc_s2t;unihan_simplified;unihan_traditional,12,1605
㛰,,婚,,,12,3318
鳯,,鳳,,,11,16539
庻,,庶,,,11,19451
栾,(U+683E),欒,(U+6B12),mainland_traditional;opencc_s2t;unihan_simplified;unihan_traditional,11,818
労,,勞,,,11,41846
椂,U+6902,椽,U+693D,,11,2359
粛,,肅,,,11,14402
籼,(U+7C7C),秈,(U+79C8),opencc_s2t;unihan_simplified;unihan_traditional,11,62
户,(U+6237),戶,(U+6236),opencc_s2t;tw_simplified_to_traditional;unihan_simplified;unihan_traditional,11,35624
愠,(U+6120),慍,(U+614D),opencc_s2t;unihan_simplified;unihan_traditional,11,1034
横,(U+6A2A),橫,(U+6A6B),opencc_s2t;tw_simplified_to_traditional;unihan_simplified;unihan_traditional,11,44497
籖,,籤,,,11,3909
弻,,弼,,,11,4249
撃,,擊,,,10,33550
邜,,卯,,,10,15043
䘚,,卒,,,10,37719
权,(U+6743),權,(U+6B0A),mainland_traditional;opencc_s2t;unihan_simplified;unihan_traditional,10,63975
緼,(U+7DFC),縕,(U+7E15),opencc_s2t,10,297
袄,(U+8884),襖,(U+8956),mainland_traditional;opencc_s2t;unihan_simplified;unihan_traditional,10,440
㑹,,會,,,10,237608
劳,(U+52B3),勞,(U+52DE),mainland_traditional;opencc_s2t;unihan_simplified;unihan_traditional,10,41846
凬,,風,,,10,175962
諌,,諫,,,10,17620
𣃁,(U+230C1),斸,(U+65B8),opencc_s2t;unihan_simplified;unihan_traditional,10,192
刘,(U+5218),劉,(U+5289),mainland_traditional;opencc_s2t;unihan_simplified;unihan_traditional,10,32103
犆,,特,,,10,63266
骵,,體,,,10,303923
旳,,的,,,10,434074
醖,(U+9196),醞,(U+919E),,9,448
赱,,走,,,9,33166
寻,(U+5BFB),尋,(U+5C0B),mainland_traditional;opencc_s2t;unihan_simplified;unihan_traditional,9,87820
庐,(U+5E90),廬,(U+5EEC),mainland_traditional;opencc_s2t;unihan_simplified;unihan_traditional,9,15028
㠯,,以,,,9,1752139
敎,,教,,,9,434852
蛱,(U+86F1),蛺,(U+86FA),mainland_traditional;opencc_s2t;unihan_simplified;unihan_traditional,9,240
醖,(U+9196),醞,(U+919E),opencc_s2t,9,448
楽,,樂,,,9,321828
瞩,(U+77A9),矚,(U+77DA),mainland_traditional;opencc_s2t;unihan_simplified;unihan_traditional,9,1896
爱,(U+7231),愛,(U+611B),mainland_traditional;opencc_s2t;unihan_simplified;unihan_traditional,9,149878
㫪,,春,,,9,64166
挟,(U+631F),挾,(U+633E),mainland_traditional;opencc_s2t;unihan_simplified;unihan_traditional,8,3752
滚,(U+6EDA),滾,(U+6EFE),opencc_s2t;tw_simplified_to_traditional;unihan_simplified;unihan_traditional,8,903
咊,,和,,,8,251128
㦯,,或,,,8,395307
仅,(U+4EC5),僅,(U+50C5),mainland_traditional;opencc_s2t;unihan_simplified;unihan_traditional,8,8981
洁,(U+6D01),潔,(U+6F54),mainland_traditional;opencc_s2t;unihan_simplified;unihan_traditional,8,14646
𡒄,(U+21484),壈,(U+58C8),opencc_s2t;unihan_simplified;unihan_traditional,8,52
𠻗,U-00020ED7,囄,U+56C4,,8,134
晩,,晚,,,8,20019
极,,極,,,8,131351
亲,(U+4EB2),親,(U+89AA),mainland_traditional;opencc_s2t;unihan_simplified;unihan_traditional,8,130623
蓚,U+84DA,蓨,U+84E8,,8,118
过,(U+8FC7),過,(U+904E),mainland_traditional;opencc_s2t;unihan_simplified;unihan_traditional,8,302083
获,,獲,,,8,59077
衅,(U+8845),釁,(U+91C1),mainland_traditional;opencc_s2t;unihan_simplified;unihan_traditional,8,1523
劎,,劍,,,8,17369
浜,,濱,,,7,1848
侠,(U+4FA0),俠,(U+4FE0),mainland_traditional;opencc_s2t;unihan_simplified;unihan_traditional,7,1626
样,(U+6837),樣,(U+6A23),mainland_traditional;opencc_s2t;unihan_simplified;unihan_traditional,7,27085
㩦,,攜,,,7,4114
殁,(U+6B81),歿,(U+6B7F),opencc_s2t;tw_simplified_to_traditional;unihan_simplified;unihan_traditional,7,3834
䙷,,得,,,7,1284953
册,(U+518C),冊,(U+518A),opencc_s2t;tw_simplified_to_traditional;unihan_simplified;unihan_traditional,7,12850
崋,,華,,,7,265227
亏,(U+4E8F),虧,(U+8667),mainland_traditional;opencc_s2t;unihan_simplified;unihan_traditional,7,7222
恋,(U+604B),戀,(U+6200),mainland_traditional;opencc_s2t;unihan_simplified;unihan_traditional,7,8725
逓,,遞,,,7,4801
忧,(U+5FE7),憂,(U+6182),mainland_traditional;opencc_s2t;unihan_simplified;unihan_traditional,7,52719
静,(U+9759),靜,(U+975C),opencc_s2t;unihan_simplified;unihan_traditional,7,113996
雧,,集,,,7,182588
丽,(U+4E3D),麗,(U+9E97),mainland_traditional;opencc_s2t;unihan_simplified;unihan_traditional,7,45577
戼,,卯,,,7,15043
扰,(U+6270),擾,(U+64FE),mainland_traditional;opencc_s2t;unihan_simplified;unihan_traditional,7,10746
㵼,,瀉,,,7,2650
𣥖,,此,,,6,1668584
㕜,,史,,,6,99502
伞,(U+4F1E),傘,(U+5098),mainland_traditional;opencc_s2t;unihan_simplified;unihan_traditional,6,2677
遥,(U+9065),遙,(U+9059),opencc_s2t;tw_simplified_to_traditional;unihan_simplified;unihan_traditional,6,20777
揺,,搖,,,6,15103
悦,(U+60A6),悅,(U+6085),opencc_s2t;tw_simplified_to_traditional;unihan_simplified;unihan_traditional,6,32367
𤦺,,琦,,,6,2906
宧,,宦,,,6,2908
縜,,絹,,,6,4059
庅,,麼,,,6,237131
姸,,妍,,,6,1835
脱,(U+8131),脫,(U+812B),opencc_s2t;tw_simplified_to_traditional;unihan_simplified;unihan_traditional,6,199990
杂,(U+6742),雜,(U+96DC),mainland_traditional;opencc_s2t;unihan_simplified;unihan_traditional,6,80058
辧,,辨,,,6,79413
錬,,鍊,,,6,5599
丄,,上,,,6,1008512
医,(U+533B),醫,(U+91AB),mainland_traditional;opencc_s2t;unihan_simplified;unihan_traditional,6,19481
閠,,閏,,,6,5905
屛,,屏,,,6,10438
昼,(U+663C),晝,(U+665D),mainland_traditional;opencc_s2t;unihan_simplified;unihan_traditional,6,23233
滦,(U+6EE6),灤,(U+7064),mainland_traditional;opencc_s2t;unihan_simplified;unihan_traditional,6,62
説,,說,,,6,1221424
隓,,墮,,,6,75863
肤,(U+80A4),膚,(U+819A),mainland_traditional;opencc_s2t;unihan_simplified;unihan_traditional,6,4337
竜,,龍,,,6,150700
坛,(U+575B),壇,(U+58C7),,6,26193
肮,(U+80AE),骯,(U+9AAF),mainland_traditional;opencc_s2t;unihan_simplified;unihan_traditional,6,73
篽,U+7BFD,籞,U+7C5E,,5,62
頽,(U+983D),頹,(U+9839),,5,3332
渗,(U+6E17),滲,(U+6EF2),mainland_traditional;opencc_s2t;unihan_simplified;unihan_traditional,5,1791
㕔,,廳,,,5,1727
𠖇,,冥,,,5,28584
𢹲,,捃,,,5,587
黒,,黑,,,5,36467
縂,,總,,,5,167134
祢,(U+7962),禰,(U+79B0),mainland_traditional;opencc_s2t;unihan_simplified;unihan_traditional,5,2741
忏,(U+5FCF),懺,(U+61FA),mainland_traditional;opencc_s2t;unihan_simplified;unihan_traditional,5,42267
㫁,,斷,,,5,311470
炖,(U+7096),燉,(U+71C9),opencc_s2t,5,1425
冨,,富,,,5,35298
吿,,告,,,5,104870
厢,(U+53A2),廂,(U+5EC2),opencc_s2t;tw_simplified_to_traditional;unihan_simplified;unihan_traditional,5,1472
燓,,焚,,,5,14705
䄂,,袖,,,5,6846
輼,(U+8F3C),轀,(U+8F40),opencc_s2t,5,151
峡,(U+5CE1),峽,(U+5CFD),mainland_traditional;opencc_s2t;unihan_simplified;unihan_traditional,5,1956
写,(U+5199),寫,(U+5BEB),mainland_traditional;opencc_s2t;unihan_simplified;unihan_traditional,5,25000
蝇,(U+8747),蠅,(U+8805),mainland_traditional;opencc_s2t;unihan_simplified;unihan_traditional,4,2108
𠅘,,亭,,,4,16403
嵘,(U+5D58),嶸,(U+5DB8),mainland_traditional;opencc_s2t;unihan_simplified;unihan_traditional,4,906
穂,,穗,,,4,707
㡳,,底,,,4,90328
誉,(U+8A89),譽,(U+8B7D),mainland_traditional;opencc_s2t;unihan_simplified;unihan_traditional,4,10692
㑴,,侵,,,4,13448
聨,,聯,,,4,6647
𦰏,(U+26C0F),蓧,(U+84E7),opencc_s2t,4,25
𦵏,,葬,,,4,11326
䏈,,聯,,,4,6647
书,(U+4E66),書,(U+66F8),mainland_traditional;opencc_s2t;unihan_simplified;unihan_traditional,4,218854
荣,(U+8363),榮,(U+69AE),mainland_traditional;opencc_s2t;unihan_simplified;unihan_traditional,4,21247
变,(U+53D8),變,(U+8B8A),mainland_traditional;opencc_s2t;unihan_simplified;unihan_traditional,4,135565
时,(U+65F6),時,(U+6642),mainland_traditional;opencc_s2t;unihan_simplified;unihan_traditional,4,945221
岁,(U+5C81),歲,(U+6B72),mainland_traditional;opencc_s2t;unihan_simplified;unihan_traditional,4,80686
邓,(U+9093),鄧,(U+9127),mainland_traditional;opencc_s2t;unihan_simplified;unihan_traditional,4,6184
庒,,莊,,,4,86784
𢧐,(U+229D0),戰,(U+6230),opencc_s2t;unihan_simplified;unihan_traditional,4,28914
徍,,往,,,4,161388
蒋,(U+848B),蔣,(U+8523),mainland_traditional;opencc_s2t;unihan_simplified;unihan_traditional,4,4589
丅,,下,,,4,829914
迳,(U+8FF3),逕,(U+9015),mainland_traditional;opencc_s2t;unihan_simplified;unihan_traditional,4,4309
㡡,U+3861,幮,U+5E6E,,4,23
媪,(U+5AAA),媼,(U+5ABC),opencc_s2t;tw_simplified_to_traditional;unihan_simplified;unihan_traditional,4,677
㬅,,曼,,,4,18674
搂,(U+6402),摟,(U+645F),mainland_traditional;opencc_s2t;unihan_simplified;unihan_traditional,4,379
𧝙,U-00027759,𮖺,U+2E5BA,,4,37
萦,(U+8426),縈,(U+7E08),mainland_traditional;opencc_s2t;unihan_simplified;unihan_traditional,4,1918
㢲,,巽,,,4,1074
槪,,概,,,3,5854
猎,(U+730E),獵,(U+7375),mainland_traditional;opencc_s2t;unihan_simplified;unihan_traditional,3,8034
远,(U+8FDC),遠,(U+9060),mainland_traditional;opencc_s2t;unihan_simplified;unihan_traditional,3,157311
俫,(U+4FEB),倈,(U+5008),mainland_traditional;opencc_s2t;unihan_simplified;unihan_traditional,3,46
髥,U+9AE5,髯,U+9AEF,,3,665
狭,(U+72ED),狹,(U+72F9),mainland_traditional;opencc_s2t;unihan_simplified;unihan_traditional,3,11726
㳫,,沓,,,3,2139
𡨴,,寧,,,3,55094
毶,(U+6BF6),𣯶,(U+23BF6),opencc_s2t;unihan_simplified;unihan_traditional,3,111
愼,,慎,,,3,13411
办,(U+529E),辦,(U+8FA6),mainland_traditional;opencc_s2t;unihan_simplified;unihan_traditional,3,24348
娄,(U+5A04),婁,(U+5A41),mainland_traditional;opencc_s2t;unihan_simplified;unihan_traditional,3,5560
㨻,,擊,,,3,33550
仹,U+4EF9,㒥,U+34A5,,3,42
𠇹,(U+201F9),俓,(U+4FD3),opencc_s2t;unihan_simplified;unihan_traditional,3,220
币,(U+5E01),幣,(U+5E63),mainland_traditional;opencc_s2t;unihan_simplified;unihan_traditional,3,1832
屿,(U+5C7F),嶼,(U+5DBC),mainland_traditional;opencc_s2t;unihan_simplified;unihan_traditional,3,1239
掲,,揭,,,3,9832
达,(U+8FBE),達,(U+9054),mainland_traditional;opencc_s2t;unihan_simplified;unihan_traditional,3,143000
彂,,發,,,3,273511
营,(U+8425),營,(U+71DF),mainland_traditional;opencc_s2t;unihan_simplified;unihan_traditional,3,20651
浊,(U+6D4A),濁,(U+6FC1),mainland_traditional;opencc_s2t;unihan_simplified;unihan_traditional,3,23752
䮦,,驕,,,3,3197
満,,滿,,,3,165463
阳,(U+9633),陽,(U+967D),mainland_traditional;opencc_s2t;unihan_simplified;unihan_traditional,3,103609
㫤,,昶,,,3,1382
业,(U+4E1A),業,(U+696D),mainland_traditional;opencc_s2t;unihan_simplified;unihan_traditional,3,337321
䛟,U+46DF,𧧵,(U+279F5),,3,0
𰇕,(U+301D5),唊,(U+550A),unihan_simplified;unihan_traditional,3,20
凮,,風,,,3,175962
𡐦,,墮,,,3,75863
㬜,,晉,,,3,49558
灭,(U+706D),滅,(U+6EC5),mainland_traditional;opencc_s2t;unihan_simplified;unihan_traditional,3,390124
橆,,無,,,2,3009412
释,(U+91CA),釋,(U+91CB),mainland_traditional;opencc_s2t;unihan_simplified;unihan_traditional,2,431112
顚,,顛,,,2,37161
𬂠,(U+2C0A0),橅,(U+6A45),unihan_simplified;unihan_traditional,2,18
倶,,具,,,2,313656
𦯠,U-00026BE0,薍,U+858D,,2,11
𪹳,(U+2AE73),爥,(U+7225),opencc_s2t;unihan_simplified;unihan_traditional,2,51
编,(U+7F16),編,(U+7DE8),mainland_traditional;opencc_s2t;unihan_simplified;unihan_traditional,2,51586
㸃,,點,,,2,55286
㳽,(U+3CFD),瀰,(U+7030),opencc_s2t;unihan_simplified;unihan_traditional,2,482
济,(U+6D4E),濟,(U+6FDF),mainland_traditional;opencc_s2t;unihan_simplified;unihan_traditional,2,69690
马,(U+9A6C),馬,(U+99AC),mainland_traditional;opencc_s2t;unihan_simplified;unihan_traditional,2,95259
𨼆,,隱,,,2,77664
𢎞,,弘,,,2,48199
𰎹,(U+303B9),巚,(U+5DDA),unihan_simplified;unihan_traditional,2,33
𭩚,(U+2DA5A),檥,(U+6AA5),unihan_simplified;unihan_traditional,2,26
涣,(U+6DA3),渙,(U+6E19),opencc_s2t;tw_simplified_to_traditional;unihan_simplified;unihan_traditional,2,1090
迩,(U+8FE9),邇,(U+9087),mainland_traditional;opencc_s2t;unihan_simplified;unihan_traditional,2,3426
麺,(U+9EBA),麪,(U+9EAA),opencc_s2t,2,169
𨅛,(U+2815B),䠱,(U+4831),opencc_s2t;unihan_simplified;unihan_traditional,2,67
僞,(U+50DE),偽,(U+507D),,2,25016
枟,U+679F,橒,U+6A52,,2,20
圹,(U+5739),壙,(U+58D9),mainland_traditional;opencc_s2t;unihan_simplified;unihan_traditional,2,648
栅,(U+6805),柵,(U+67F5),opencc_s2t;tw_simplified_to_traditional;unihan_simplified;unihan_traditional,2,1333
冄,U+5184,冉,U+5189,,2,2020
傫,U+50AB,儽,U+513D,,2,13
䜣,(U+4723),訢,(U+8A22),mainland_traditional;opencc_s2t;unihan_simplified;unihan_traditional,2,1039
緖,,緒,,,2,8047
㽔,,蕤,,,2,670
娱,(U+5A31),娛,(U+5A1B),opencc_s2t;tw_simplified_to_traditional;unihan_simplified;unihan_traditional,2,5472
伦,(U+4F26),倫,(U+502B),mainland_traditional;opencc_s2t;unihan_simplified;unihan_traditional,2,16352
婵,(U+5A75),嬋,(U+5B0B),mainland_traditional;opencc_s2t;unihan_simplified;unihan_traditional,2,111
旾,,春,,,2,64166
繍,,繡,,,2,4130
槜,U+69DC,檇,U+6A87,,2,411
岙,(U+5C99),嶴,(U+5DB4),unihan_simplified;unihan_traditional,2,91
𫪁,(U+2BA81),唻,(U+553B),unihan_simplified;unihan_traditional,2,56
驣,,騰,,,2,15010
蕰,(U+8570),薀,(U+8580),opencc_s2t;unihan_simplified;unihan_traditional,2,1713
挛,(U+631B),攣,(U+6523),mainland_traditional;opencc_s2t;unihan_simplified;unihan_traditional,2,630
䜛,,讒,,,2,2267
蛮,(U+86EE),蠻,(U+883B),mainland_traditional;opencc_s2t;unihan_simplified;unihan_traditional,2,5049
𥩟,(U+25A5F),竚,(U+7ADA),opencc_s2t,2,320
虮,(U+866E),蟣,(U+87E3),mainland_traditional;opencc_s2t;unihan_simplified;unihan_traditional,2,422
倂,,併,,,2,7192
弹,(U+5F39),彈,(U+5F48),mainland_traditional;opencc_s2t;unihan_simplified;unihan_traditional,2,13258
㹥,,狂,,,2,20993
惊,(U+60CA),驚,(U+9A5A),mainland_traditional;opencc_s2t;unihan_simplified;unihan_traditional,2,32284
䴡,,麗,,,2,45577
曵,,曳,,,2,7467
劝,(U+529D),勸,(U+52F8),mainland_traditional;opencc_s2t;unihan_simplified;unihan_traditional,2,56372
兑,(U+5151),兌,(U+514C),opencc_s2t;tw_simplified_to_traditional;unihan_simplified;unihan_traditional,2,1246
烮,,烈,,,2,11199
㦂,,常,,,2,401777
恼,(U+607C),惱,(U+60F1),mainland_traditional;opencc_s2t;unihan_simplified;unihan_traditional,2,166288
㒳,,兩,,,2,145665
莲,(U+83B2),蓮,(U+84EE),mainland_traditional;opencc_s2t;unihan_simplified;unihan_traditional,2,64555
渌,,淥,,,1,518
𰀡,(U+30021),臤,(U+81E4),unihan_simplified;unihan_traditional,1,29
猬,(U+732C),蝟,(U+875F),opencc_s2t;unihan_simplified;unihan_traditional,1,168
𬡒,(U+2C852),裌,(U+88CC),unihan_simplified;unihan_traditional,1,37
𠾖,,器,,,1,53664
𭩰,(U+2DA70),橃,(U+6A43),unihan_simplified;unihan_traditional,1,67
䂊,,豫,,,1,16406
㭎,(U+3B4E),棡,(U+68E1),mainland_traditional;opencc_s2t;unihan_simplified;unihan_traditional,1,14
环,(U+73AF),環,(U+74B0),mainland_traditional;opencc_s2t;unihan_simplified;unihan_traditional,1,12657
𦬼,U-00026B3C,薾,U+85BE,,1,58
𠦬,,垂,,,1,37713
𠲥,(U+20CA5),𡅏,(U+2114F),opencc_s2t;unihan_simplified;unihan_traditional,1,81
鰛,(U+9C1B),鰮,(U+9C2E),,1,0
𥐻,(U+2543B),碙,(U+7899),opencc_s2t;unihan_simplified;unihan_traditional,1,28
幂,(U+5E42),冪,(U+51AA),opencc_s2t;unihan_simplified;unihan_traditional,1,96
脑,(U+8111),腦,(U+8166),mainland_traditional;opencc_s2t;unihan_simplified;unihan_traditional,1,6758
閲,,閱,,,1,13076
様,,樣,,,1,27085
鲵,(U+9CB5),鯢,(U+9BE2),mainland_traditional;opencc_s2t;unihan_simplified;unihan_traditional,1,386
势,(U+52BF),勢,(U+52E2),mainland_traditional;opencc_s2t;unihan_simplified;unihan_traditional,1,39690
张,(U+5F20),張,(U+5F35),mainland_traditional;opencc_s2t;unihan_simplified;unihan_traditional,1,57744
劲,(U+52B2),勁,(U+52C1),mainland_traditional;opencc_s2t;unihan_simplified;unihan_traditional,1,1789
励,(U+52B1),勵,(U+52F5),mainland_traditional;opencc_s2t;unihan_simplified;unihan_traditional,1,7993
鲜,(U+9C9C),鮮,(U+9BAE),mainland_traditional;opencc_s2t;unihan_simplified;unihan_traditional,1,10644
归,(U+5F52),歸,(U+6B78),mainland_traditional;opencc_s2t;unihan_simplified;unihan_traditional,1,183226
絶,,絕,,,1,84243
丧,(U+4E27),喪,(U+55AA),mainland_traditional;opencc_s2t;unihan_simplified;unihan_traditional,1,24060
宻,,密,,,1,99233
疈,,副,,,1,9036
蛰,(U+86F0),蟄,(U+87C4),mainland_traditional;opencc_s2t;unihan_simplified;unihan_traditional,1,1100
迈,(U+8FC8),邁,(U+9081),mainland_traditional;opencc_s2t;unihan_simplified;unihan_traditional,1,4845
碱,(U+78B1),鹼,(U+9E7C),opencc_s2t,1,42
𭶪,U+2DDAA,爯,U+722F,,1,26
图,(U+56FE),圖,(U+5716),mainland_traditional;opencc_s2t;unihan_simplified;unihan_traditional,1,62803
阴,(U+9634),陰,(U+9670),mainland_traditional;opencc_s2t;unihan_simplified;unihan_traditional,1,93001
㷼,,燕,,,1,10365
逻,(U+903B),邏,(U+908F),mainland_traditional;opencc_s2t;unihan_simplified;unihan_traditional,1,6930
遗,(U+9057),遺,(U+907A),mainland_traditional;opencc_s2t;unihan_simplified;unihan_traditional,1,43426
夐,,敻,,,1,642
缷,,卸,,,1,1279
郑,(U+90D1),鄭,(U+912D),mainland_traditional;opencc_s2t;unihan_simplified;unihan_traditional,1,15034
㭜,,械,,,1,2090
馆,(U+9986),館,(U+9928),mainland_traditional;opencc_s2t;unihan_simplified;unihan_traditional,1,8743
处,(U+5904),處,(U+8655),mainland_traditional;opencc_s2t;unihan_simplified;unihan_traditional,1,623428
积,(U+79EF),積,(U+7A4D),mainland_traditional;opencc_s2t;unihan_simplified;unihan_traditional,1,48776
㦈,(U+3988),𢣏,(U+228CF),unihan_simplified;unihan_traditional,1,38
𱡘,U+31858,𢽟,U-00022F5F,,1,6
𣙥,(U+23665),㯼,(U+3BFC),unihan_simplified;unihan_traditional,1,6
𣙜,,榷,,,1,566
蝼,(U+877C),螻,(U+87BB),mainland_traditional;opencc_s2t;unihan_simplified;unihan_traditional,1,575
籁,(U+7C41),籟,(U+7C5F),mainland_traditional;opencc_s2t;unihan_simplified;unihan_traditional,1,1092
鎜,,盤,,,1,18405
屦,(U+5C66),屨,(U+5C68),mainland_traditional;opencc_s2t;unihan_simplified;unihan_traditional,1,914
銮,(U+92AE),鑾,(U+947E),mainland_traditional;opencc_s2t;unihan_simplified;unihan_traditional,1,1041
戻,,戾,,,1,3913
勭,,動,,,1,155398
缚,(U+7F1A),縛,(U+7E1B),mainland_traditional;opencc_s2t;unihan_simplified;unihan_traditional,1,54192
窝,(U+7A9D),窩,(U+7AA9),mainland_traditional;opencc_s2t;unihan_simplified;unihan_traditional,1,886
斎,,齋,,,1,35459
𠭏,,事,,,1,579059
𬇇,(U+2C1C7),㲲,(U+3CB2),unihan_simplified;unihan_traditional,1,3460
养,(U+517B),養,(U+990A),mainland_traditional;opencc_s2t;unihan_simplified;unihan_traditional,1,134950
宾,(U+5BBE),賓,(U+8CD3),mainland_traditional;opencc_s2t;unihan_simplified;unihan_traditional,1,26817
浃,(U+6D43),浹,(U+6D79),mainland_traditional;opencc_s2t;unihan_simplified;unihan_traditional,1,1021
灏,(U+704F),灝,(U+705D),mainland_traditional;opencc_s2t;unihan_simplified;unihan_traditional,1,287
𠀚,,不,,,1,3779371
钩,,鉤,,,1,8491
尙,,尚,,,1,196094
靑,,青,,,1,71168
鄼,,酇,,,1,320
尝,,嘗,,,1,33546
𣺫,U-00023EAB,滫,U+6EEB,,1,17
茧,(U+8327),繭,(U+7E6D),mainland_traditional;opencc_s2t;unihan_simplified;unihan_traditional,1,1046
敩,(U+6569),斆,(U+6586),mainland_traditional;opencc_s2t;unihan_simplified;unihan_traditional,1,289
㒷,,興,,,1,133380
㖨,U+35A8,喙,U+5599,,1,781
鄕,,鄉,,,1,22492
郷,,鄉,,,1,22492
殚,(U+6B9A),殫,(U+6BAB),mainland_traditional;opencc_s2t;unihan_simplified;unihan_traditional,1,1284
㨱,,搖,,,1,15103
𱁶,(U+31076),韆,(U+97C6),unihan_simplified;unihan_traditional,1,168
䟢,(U+47E2),躎,(U+8E8E),opencc_s2t;unihan_simplified;unihan_traditional,1,15
蕯,,薩,,,1,705856
枣,(U+67A3),棗,(U+68D7),mainland_traditional;opencc_s2t;unihan_simplified;unihan_traditional,1,2381
䙌,(U+464C),䙡,(U+4661),opencc_s2t;unihan_simplified;unihan_traditional,1,196
溁,(U+6E81),濚,(U+6FDA),mainland_traditional;opencc_s2t;unihan_simplified;unihan_traditional,1,14
蓠,(U+84E0),蘺,(U+863A),mainland_traditional;opencc_s2t;unihan_simplified;unihan_traditional,1,61
呑,,吞,,,1,12201
惮,(U+60EE),憚,(U+619A),mainland_traditional;opencc_s2t;unihan_simplified;unihan_traditional,1,4266
荚,(U+835A),莢,(U+83A2),mainland_traditional;opencc_s2t;unihan_simplified;unihan_traditional,1,319
𭏦,(U+2D3E6),壒,(U+58D2),unihan_simplified;unihan_traditional,1,88
渊,(U+6E0A),淵,(U+6DF5),mainland_traditional;opencc_s2t;unihan_simplified;unihan_traditional,1,13904
鼹,(U+9F39),鼴,(U+9F34),opencc_s2t;unihan_simplified;unihan_traditional,1,12
毵,(U+6BF5),毿,(U+6BFF),mainland_traditional;opencc_s2t;unihan_simplified;unihan_traditional,1,261
嘨,,嘯,,,1,3477
战,(U+6218),戰,(U+6230),mainland_traditional;opencc_s2t;unihan_simplified;unihan_traditional,1,28914
戬,(U+622C),戩,(U+6229),opencc_s2t;unihan_simplified;unihan_traditional,1,128
杀,(U+6740),殺,(U+6BBA),mainland_traditional;opencc_s2t;unihan_simplified;unihan_traditional,1,95160
呉,,吳,,,1,38338
荦,(U+8366),犖,(U+7296),mainland_traditional;opencc_s2t;unihan_simplified;unihan_traditional,1,445
䙸,,得,,,1,1284953
穏,,穩,,,1,7185
焕,(U+7115),煥,(U+7165),opencc_s2t;tw_simplified_to_traditional;unihan_simplified;unihan_traditional,1,3938
𧤤,(U+27924),觹,(U+89F9),unihan_simplified;unihan_traditional,1,7
𮫂,(U+2EAC2),鬡,(U+9B21),unihan_simplified;unihan_traditional,0,13
𮰉,(U+2EC09),凴,(U+51F4),unihan_simplified;unihan_traditional,0,33
𮯸,(U+2EBF8),儮,(U+512E),unihan_simplified;unihan_traditional,0,2
𭈮,(U+2D22E),𡄤,(U+21124),unihan_simplified;unihan_traditional,0,1
𮯵,(U+2EBF5),㒖,(U+3496),unihan_simplified;unihan_traditional,0,4
𮯙,(U+2EBD9),䶗,(U+4D97),unihan_simplified;unihan_traditional,0,35
𮮇,(U+2EB87),麰,(U+9EB0),unihan_simplified;unihan_traditional,0,40
𮬛,(U+2EB1B),魣,(U+9B63),unihan_simplified;unihan_traditional,0,5
𮬜,(U+2EB1C),鮨,(U+9BA8),unihan_simplified;unihan_traditional,0,1
𮬡,(U+2EB21),䱻,(U+4C7B),unihan_simplified;unihan_traditional,0,1
𮬢,(U+2EB22),䱵,(U+4C75),unihan_simplified;unihan_traditional,0,2
𮭨,(U+2EB68),鷃,(U+9DC3),unihan_simplified;unihan_traditional,0,272
𮭰,(U+2EB70),䴚,(U+4D1A),unihan_simplified;unihan_traditional,0,13
𮭪,(U+2EB6A),鷞,(U+9DDE),unihan_simplified;unihan_traditional,0,12
𮪥,(U+2EAA5),驐,(U+9A50),unihan_simplified;unihan_traditional,0,1
𬺑,(U+2CE91),𪙑,(U+2A651),unihan_simplified;unihan_traditional,0,4
𮣴,(U+2E8F4),鋋,(U+92CB),unihan_simplified;unihan_traditional,0,216
𮣵,(U+2E8F5),錣,(U+9323),unihan_simplified;unihan_traditional,0,6
𬶛,(U+2CD9B),鱓,(U+9C53),unihan_simplified;unihan_traditional,0,100
𮣶,(U+2E8F6),鑢,(U+9462),unihan_simplified;unihan_traditional,0,28
𮤬,(U+2E92C),䦌,(U+498C),unihan_simplified;unihan_traditional,0,1
𮤭,(U+2E92D),𨳒,(U+28CD2),unihan_simplified;unihan_traditional,0,2
𮤲,(U+2E932),閟,(U+959F),unihan_simplified;unihan_traditional,0,472
𭉗,(U+2D257),𪢍,(U+2A88D),unihan_simplified;unihan_traditional,0,7
𮧴,(U+2E9F4),韔,(U+97D4),unihan_simplified;unihan_traditional,0,4
𮧵,(U+2E9F5),韡,(U+97E1),unihan_simplified;unihan_traditional,0,45
𮰄,(U+2EC04),𠖥,(U+205A5),unihan_simplified;unihan_traditional,0,4
𮨵,(U+2EA35),飂,(U+98C2),unihan_simplified;unihan_traditional,0,36
𮩛,(U+2EA5B),饆,(U+9946),unihan_simplified;unihan_traditional,0,64
𮩜,(U+2EA5C),餀,(U+9900),unihan_simplified;unihan_traditional,0,1
𮩝,(U+2EA5D),餲,(U+9932),unihan_simplified;unihan_traditional,0,23
𮩞,(U+2EA5E),饐,(U+9950),unihan_simplified;unihan_traditional,0,38
𬶙,(U+2CD99),𩸣,(U+29E23),unihan_simplified;unihan_traditional,0,1
𬺔,(U+2CE94),齽,(U+9F7D),unihan_simplified;unihan_traditional,0,13
𮪡,(U+2EAA1),駹,(U+99F9),unihan_simplified;unihan_traditional,0,29
𮪢,(U+2EAA2),駴,(U+99F4),unihan_simplified;unihan_traditional,0,18
𮪣,(U+2EAA3),騣,(U+9A23),unihan_simplified;unihan_traditional,0,133
𬶕,(U+2CD95),鮷,(U+9BB7),unihan_simplified;unihan_traditional,0,5
𮪤,(U+2EAA4),騲,(U+9A32),unihan_simplified;unihan_traditional,0,54
𮨴,(U+2EA34),檒,(U+6A92),unihan_simplified;unihan_traditional,0,2
𮲺,(U+2ECBA),𬅁,(U+2C141),unihan_simplified;unihan_traditional,0,6
𮳆,(U+2ECC6),澕,(U+6F95),unihan_simplified;unihan_traditional,0,1
𮳏,(U+2ECCF),瀗,(U+7017),unihan_simplified;unihan_traditional,0,1
𮳖,(U+2ECD6),𤅊,(U+2414A),unihan_simplified;unihan_traditional,0,1
𭇀,(U+2D1C0),𠿿,(U+20FFF),unihan_simplified;unihan_traditional,0,17
𮳠,(U+2ECE0),煈,(U+7148),unihan_simplified;unihan_traditional,0,2
𮳢,(U+2ECE2),𤆼,(U+241BC),unihan_simplified;unihan_traditional,0,2
𮳧,(U+2ECE7),燆,(U+71C6),unihan_simplified;unihan_traditional,0,9
𮳬,(U+2ECEC),𬊿,(U+2C2BF),unihan_simplified;unihan_traditional,0,1
𮳯,(U+2ECEF),𤏩,(U+243E9),unihan_simplified;unihan_traditional,0,5
𭇉,(U+2D1C9),𫪛,(U+2BA9B),unihan_simplified;unihan_traditional,0,7
𮳱,(U+2ECF1),𤏳,(U+243F3),unihan_simplified;unihan_traditional,0,5
𬶄,(U+2CD84),魡,(U+9B61),unihan_simplified;unihan_traditional,0,3
𮴆,(U+2ED06),𤧑,(U+249D1),unihan_simplified;unihan_traditional,0,25
𮴊,(U+2ED0A),𭹰,(U+2DE70),unihan_simplified;unihan_traditional,0,9
𮴌,(U+2ED0C),𬎟,(U+2C39F),unihan_simplified;unihan_traditional,0,1
𭇜,(U+2D1DC),㗶,(U+35F6),unihan_simplified;unihan_traditional,0,77
𮴔,(U+2ED14),璍,(U+748D),unihan_simplified;unihan_traditional,0,1
𮴚,(U+2ED1A),𪼑,(U+2AF11),unihan_simplified;unihan_traditional,0,2
𮴠,(U+2ED20),𤫟,(U+24ADF),unihan_simplified;unihan_traditional,0,1
𮴿,(U+2ED3F),鴫,(U+9D2B),unihan_simplified;unihan_traditional,0,4
𮵆,(U+2ED46),𪾳,(U+2AFB3),unihan_simplified;unihan_traditional,0,11
𭇴,(U+2D1F4),𠵔,(U+20D54),unihan_simplified;unihan_traditional,0,1
𮵠,(U+2ED60),稦,(U+7A26),unihan_simplified;unihan_traditional,0,3
𮵱,(U+2ED71),箂,(U+7B82),unihan_simplified;unihan_traditional,0,9
𮶂,(U+2ED82),綘,(U+7D98),unihan_simplified;unihan_traditional,0,149
𮳴,(U+2ECF4),爗,(U+7217),unihan_simplified;unihan_traditional,0,22
𬶏,(U+2CD8F),鮠,(U+9BA0),opencc_s2t;unihan_simplified;unihan_traditional,0,2
𮰔,(U+2EC14),喡,(U+55A1),unihan_simplified;unihan_traditional,0,27
𬺜,(U+2CE9C),㰍,(U+3C0D),unihan_simplified;unihan_traditional,0,16
𮰽,(U+2EC3D),㜰,(U+3730),unihan_simplified;unihan_traditional,0,2
𬶍,(U+2CD8D),鮀,(U+9B80),opencc_s2t;unihan_simplified;unihan_traditional,0,41
𬶋,(U+2CD8B),鮈,(U+9B88),opencc_s2t;unihan_simplified;unihan_traditional,0,3
𮰾,(U+2EC3E),孏,(U+5B4F),unihan_simplified;unihan_traditional,0,11
𬶇,(U+2CD87),魪,(U+9B6A),unihan_simplified;unihan_traditional,0,10
𮱁,(U+2EC41),嬧,(U+5B27),unihan_simplified;unihan_traditional,0,1
𮱇,(U+2EC47),㜕,(U+3715),unihan_simplified;unihan_traditional,0,4
𮱊,(U+2EC4A),𡤢,(U+21922),unihan_simplified;unihan_traditional,0,1
𮱒,(U+2EC52),嬝,(U+5B1D),unihan_simplified;unihan_traditional,0,8
𮲸,(U+2ECB8),𣝡,(U+23761),unihan_simplified;unihan_traditional,0,2
𮱵,(U+2EC75),𢐟,(U+2241F),unihan_simplified;unihan_traditional,0,1
𮲀,(U+2EC80),𭜼,(U+2D73C),unihan_simplified;unihan_traditional,0,4
𮲁,(U+2EC81),悓,(U+6093),unihan_simplified;unihan_traditional,0,4
𮲄,(U+2EC84),憅,(U+6185),unihan_simplified;unihan_traditional,0,4
𮲅,(U+2EC85),𫺤,(U+2BEA4),unihan_simplified;unihan_traditional,0,8
𮲇,(U+2EC87),慖,(U+6156),unihan_simplified;unihan_traditional,0,7
𮲏,(U+2EC8F),𢵱,(U+22D71),unihan_simplified;unihan_traditional,0,7
𮲔,(U+2EC94),敳,(U+6573),unihan_simplified;unihan_traditional,0,68
𭄛,(U+2D11B),劗,(U+5297),unihan_simplified;unihan_traditional,0,11
𮲛,(U+2EC9B),㬢,(U+3B22),unihan_simplified;unihan_traditional,0,24
𬶁,(U+2CD81),魜,(U+9B5C),unihan_simplified;unihan_traditional,0,1
𮲨,(U+2ECA8),𣋪,(U+232EA),unihan_simplified;unihan_traditional,0,3
𮲰,(U+2ECB0),㮿,(U+3BBF),unihan_simplified;unihan_traditional,0,14
𬶢,(U+2CDA2),鯹,(U+9BF9),unihan_simplified;unihan_traditional,0,49
𭫀,(U+2DAC0),樻,(U+6A3B),unihan_simplified;unihan_traditional,0,58
𬸠,(U+2CE20),𪃿,(U+2A0FF),unihan_simplified;unihan_traditional,0,3
𬹗,(U+2CE57),𪑚,(U+2A45A),unihan_simplified;unihan_traditional,0,2
𬸞,(U+2CE1E),鷜,(U+9DDC),unihan_simplified;unihan_traditional,0,10
𭘓,(U+2D613),幠,(U+5E60),unihan_simplified;unihan_traditional,0,5
𬹣,(U+2CE63),鼄,(U+9F04),unihan_simplified;unihan_traditional,0,19
𭫙,(U+2DAD9),㰅,(U+3C05),unihan_simplified;unihan_traditional,0,29
𬸜,(U+2CE1C),鶣,(U+9DA3),unihan_simplified;unihan_traditional,0,37
𬸛,(U+2CE1B),䳨,(U+4CE8),unihan_simplified;unihan_traditional,0,14
𬹺,(U+2CE7A),齖,(U+9F56),unihan_simplified;unihan_traditional,0,75
𭭈,(U+2DB48),㰳,(U+3C33),unihan_simplified;unihan_traditional,0,2
𬷻,(U+2CDFB),𩾐,(U+29F90),unihan_simplified;unihan_traditional,0,7
𬹼,(U+2CE7C),齘,(U+9F58),opencc_s2t;unihan_simplified;unihan_traditional,0,57
𬹿,(U+2CE7F),𪗪,(U+2A5EA),unihan_simplified;unihan_traditional,0,16
𭱊,(U+2DC4A),澒,(U+6F92),unihan_simplified;unihan_traditional,0,95
𬺂,(U+2CE82),𩖁,(U+29581),unihan_simplified;unihan_traditional,0,1
𭴊,(U+2DD0A),㷻,(U+3DFB),unihan_simplified;unihan_traditional,0,8
𭴳,(U+2DD33),𤏐,(U+243D0),unihan_simplified;unihan_traditional,0,5
𭻍,(U+2DECD),𤲢,(U+24CA2),unihan_simplified;unihan_traditional,0,11
𬸚,(U+2CE1A),鸑,(U+9E11),opencc_s2t;unihan_simplified;unihan_traditional,0,153
𬺈,(U+2CE88),齮,(U+9F6E),opencc_s2t;unihan_simplified;unihan_traditional,0,52
𮆏,(U+2E18F),籣,(U+7C63),unihan_simplified;unihan_traditional,0,17
𮉡,(U+2E261),纑,(U+7E91),unihan_simplified;unihan_traditional,0,41
𬸘,(U+2CE18),鶠,(U+9DA0),opencc_s2t;unihan_simplified;unihan_traditional,0,6
𭕆,(U+2D546),𧴪,(U+27D2A),unihan_simplified;unihan_traditional,0,24
𭣇,(U+2D8C7),攧,(U+6527),unihan_simplified;unihan_traditional,0,212
𬸧,(U+2CE27),鷰,(U+9DF0),unihan_simplified;unihan_traditional,0,246
𭡜,(U+2D85C),𢸙,(U+22E19),unihan_simplified;unihan_traditional,0,4
𰬮,(U+30B2E),縴,(U+7E34),unihan_simplified;unihan_traditional,0,17
𬸦,(U+2CE26),鷟,(U+9DDF),opencc_s2t;unihan_simplified;unihan_traditional,0,184
𭣧,(U+2D8E7),斁,(U+6581),unihan_simplified;unihan_traditional,0,218
𬸥,(U+2CE25),𪅖,(U+2A156),unihan_simplified;unihan_traditional,0,2
𰬰,(U+30B30),緫,(U+7DEB),unihan_simplified;unihan_traditional,0,1497
𬸩,(U+2CE29),䴈,(U+4D08),unihan_simplified;unihan_traditional,0,5
𭤎,(U+2D90E),斄,(U+6584),unihan_simplified;unihan_traditional,0,41
𭤰,(U+2D930),旟,(U+65DF),unihan_simplified;unihan_traditional,0,111
𬸪,(U+2CE2A),鷭,(U+9DED),opencc_s2t;unihan_simplified;unihan_traditional,0,4
𬸾,(U+2CE3E),麡,(U+9EA1),unihan_simplified;unihan_traditional,0,3
𬸤,(U+2CE24),𪅃,(U+2A143),unihan_simplified;unihan_traditional,0,8
𭧋,(U+2D9CB),曭,(U+66ED),unihan_simplified;unihan_traditional,0,4
𭠙,(U+2D819),擈,(U+64C8),unihan_simplified;unihan_traditional,0,102
𬸯,(U+2CE2F),鷿,(U+9DFF),opencc_s2t;unihan_simplified;unihan_traditional,0,14
𬸰,(U+2CE30),鸖,(U+9E16),unihan_simplified;unihan_traditional,0,189
𭚦,(U+2D6A6),彍,(U+5F4D),unihan_simplified;unihan_traditional,0,25
𬸣,(U+2CE23),鶱,(U+9DB1),opencc_s2t;unihan_simplified;unihan_traditional,0,37
𭩛,(U+2DA5B),椚,(U+691A),unihan_simplified;unihan_traditional,0,7
𬸱,(U+2CE31),鸜,(U+9E1C),unihan_simplified;unihan_traditional,0,258
𬸵,(U+2CE35),𪉜,(U+2A25C),unihan_simplified;unihan_traditional,0,6
𭪆,(U+2DA86),檛,(U+6A9B),unihan_simplified;unihan_traditional,0,151
𬸡,(U+2CE21),𪇖,(U+2A1D6),unihan_simplified;unihan_traditional,0,1
𬸬,(U+2CE2C),𪇄,(U+2A1C4),unihan_simplified;unihan_traditional,0,1
𬸅,(U+2CE05),鶵,(U+9DB5),unihan_simplified;unihan_traditional,0,119
𮙊,(U+2E64A),讔,(U+8B94),unihan_simplified;unihan_traditional,0,1
𮙋,(U+2E64B),讟,(U+8B9F),unihan_simplified;unihan_traditional,0,268
𬷾,(U+2CDFE),䲨,(U+4CA8),unihan_simplified;unihan_traditional,0,6
𭉼,(U+2D27C),𡅧,(U+21167),unihan_simplified;unihan_traditional,0,15
𮝴,(U+2E774),軱,(U+8EF1),unihan_simplified;unihan_traditional,0,24
𮝵,(U+2E775),輀,(U+8F00),unihan_simplified;unihan_traditional,0,45
𮝷,(U+2E777),轒,(U+8F52),unihan_simplified;unihan_traditional,0,37
𬷼,(U+2CDFC),鶂,(U+9D82),unihan_simplified;unihan_traditional,0,71
𬺌,(U+2CE8C),𪘲,(U+2A632),unihan_simplified;unihan_traditional,0,2
𮝸,(U+2E778),輴,(U+8F34),unihan_simplified;unihan_traditional,0,40
𮉢,(U+2E262),紩,(U+7D29),unihan_simplified;unihan_traditional,0,67
𮝺,(U+2E77A),轕,(U+8F55),unihan_simplified;unihan_traditional,0,55
𬺍,(U+2CE8D),䶢,(U+4DA2),unihan_simplified;unihan_traditional,0,14
𬺎,(U+2CE8E),齹,(U+9F79),unihan_simplified;unihan_traditional,0,13
𬶵,(U+2CDB5),鱞,(U+9C5E),unihan_simplified;unihan_traditional,0,56
𬶯,(U+2CDAF),𩻧,(U+29EE7),unihan_simplified;unihan_traditional,0,1
𮠳,(U+2E833),醦,(U+91A6),unihan_simplified;unihan_traditional,0,10
𬶭,(U+2CDAD),鰶,(U+9C36),opencc_s2t;unihan_simplified;unihan_traditional,0,2
𬺏,(U+2CE8F),𪙍,(U+2A64D),unihan_simplified;unihan_traditional,0,11
𮣲,(U+2E8F2),釭,(U+91ED),unihan_simplified;unihan_traditional,0,118
𬶨,(U+2CDA8),鱀,(U+9C40),opencc_s2t;unihan_simplified;unihan_traditional,0,1
𬶣,(U+2CDA3),䱹,(U+4C79),unihan_simplified;unihan_traditional,0,1
𮣳,(U+2E8F3),鈜,(U+921C),unihan_simplified;unihan_traditional,0,12
𮝹,(U+2E779),轘,(U+8F58),unihan_simplified;unihan_traditional,0,144
𮉣,(U+2E263),䋏,(U+42CF),unihan_simplified;unihan_traditional,0,14
𬸕,(U+2CE15),鸎,(U+9E0E),unihan_simplified;unihan_traditional,0,280
𬺉,(U+2CE89),䶦,(U+4DA6),unihan_simplified;unihan_traditional,0,2
𭏸,(U+2D3F8),壝,(U+58DD),unihan_simplified;unihan_traditional,0,168
𬸒,(U+2CE12),鶀,(U+9D80),unihan_simplified;unihan_traditional,0,5
𮉤,(U+2E264),絓,(U+7D53),unihan_simplified;unihan_traditional,0,374
𮉧,(U+2E267),緉,(U+7DC9),unihan_simplified;unihan_traditional,0,260
𮉨,(U+2E268),緺,(U+7DFA),unihan_simplified;unihan_traditional,0,17
𮉪,(U+2E26A),緅,(U+7DC5),unihan_simplified;unihan_traditional,0,27
𮉫,(U+2E26B),緌,(U+7DCC),unihan_simplified;unihan_traditional,0,76
𮉬,(U+2E26C),綷,(U+7DB7),unihan_simplified;unihan_traditional,0,36
𮉮,(U+2E26E),繀,(U+7E40),unihan_simplified;unihan_traditional,0,53
𬸆,(U+2CE06),䲼,(U+4CBC),unihan_simplified;unihan_traditional,0,10
𬸍,(U+2CE0D),𪇘,(U+2A1D8),unihan_simplified;unihan_traditional,0,7
𮌌,(U+2E30C),𦡧,(U+26867),unihan_simplified;unihan_traditional,0,2
𮐚,(U+2E41A),薠,(U+85A0),unihan_simplified;unihan_traditional,0,4
𭎜,(U+2D39C),壔,(U+58D4),unihan_simplified;unihan_traditional,0,1
𮐨,(U+2E428),蘡,(U+8621),unihan_simplified;unihan_traditional,0,49
𮔅,(U+2E505),蝜,(U+875C),unihan_simplified;unihan_traditional,0,5
𮔊,(U+2E50A),蜽,(U+873D),unihan_simplified;unihan_traditional,0,28
𮖁,(U+2E581),裲,(U+88F2),unihan_simplified;unihan_traditional,0,27
𭊸,(U+2D2B8),𡅘,(U+21158),unihan_simplified;unihan_traditional,0,20
𬸊,(U+2CE0A),鵀,(U+9D40),unihan_simplified;unihan_traditional,0,6
𮖱,(U+2E5B1),襭,(U+896D),unihan_simplified;unihan_traditional,0,3
𬸈,(U+2CE08),鵄,(U+9D44),unihan_simplified;unihan_traditional,0,726
𮉯,(U+2E26F),縩,(U+7E29),unihan_simplified;unihan_traditional,0,3
𰝟,(U+3075F),㶍,(U+3D8D),unihan_simplified;unihan_traditional,0,1
𰝗,(U+30757),㶕,(U+3D95),unihan_simplified;unihan_traditional,0,12
𰝋,(U+3074B),㶏,(U+3D8F),unihan_simplified;unihan_traditional,0,40
𰝅,(U+30745),瀯,(U+702F),unihan_simplified;unihan_traditional,0,11
𰬗,(U+30B17),絿,(U+7D7F),unihan_simplified;unihan_traditional,0,10
𰜳,(U+30733),瀴,(U+7034),unihan_simplified;unihan_traditional,0,6
𰜝,(U+3071D),瀁,(U+7001),unihan_simplified;unihan_traditional,0,161
𬶀,(U+2CD80),魝,(U+9B5D),unihan_simplified;unihan_traditional,0,1
𰜐,(U+30710),灠,(U+7060),unihan_simplified;unihan_traditional,0,2
𰛽,(U+306FD),㴿,(U+3D3F),unihan_simplified;unihan_traditional,0,3
𰛻,(U+306FB),𤅷,(U+24177),unihan_simplified;unihan_traditional,0,1
𬴩,(U+2CD29),鬞,(U+9B1E),unihan_simplified;unihan_traditional,0,2
𰬘,(U+30B18),綍,(U+7D8D),unihan_simplified;unihan_traditional,0,68
𰛺,(U+306FA),𣼩,(U+23F29),unihan_simplified;unihan_traditional,0,14
𰛲,(U+306F2),澰,(U+6FB0),unihan_simplified;unihan_traditional,0,42
𰛮,(U+306EE),滷,(U+6EF7),unihan_simplified;unihan_traditional,0,91
𰜜,(U+3071C),瀙,(U+7019),unihan_simplified;unihan_traditional,0,9
𰡏,(U+3084F),猧,(U+7327),unihan_simplified;unihan_traditional,0,5
𰬓,(U+30B13),絯,(U+7D6F),unihan_simplified;unihan_traditional,0,16
𰡎,(U+3084E),猍,(U+730D),unihan_simplified;unihan_traditional,0,4
𰬔,(U+30B14),絣,(U+7D63),unihan_simplified;unihan_traditional,0,320
𰡋,(U+3084B),𤟤,(U+247E4),unihan_simplified;unihan_traditional,0,11
𰡊,(U+3084A),獢,(U+7362),unihan_simplified;unihan_traditional,0,2
𰡄,(U+30844),獹,(U+7379),unihan_simplified;unihan_traditional,0,167
𰠲,(U+30832),牼,(U+727C),unihan_simplified;unihan_traditional,0,3
𰝤,(U+30764),灦,(U+7066),unihan_simplified;unihan_traditional,0,1
𰟘,(U+307D8),爓,(U+7213),unihan_simplified;unihan_traditional,0,212
𰞻,(U+307BB),燌,(U+71CC),unihan_simplified;unihan_traditional,0,55
𰞷,(U+307B7),𤍜,(U+2435C),unihan_simplified;unihan_traditional,0,160
𰞲,(U+307B2),㷶,(U+3DF6),unihan_simplified;unihan_traditional,0,3
𰞤,(U+307A4),熞,(U+719E),unihan_simplified;unihan_traditional,0,1
𰞍,(U+3078D),㸅,(U+3E05),unihan_simplified;unihan_traditional,0,2
𰞇,(U+30787),燡,(U+71E1),unihan_simplified;unihan_traditional,0,21
𰬖,(U+30B16),絾,(U+7D7E),unihan_simplified;unihan_traditional,0,2
𰠛,(U+3081B),牋,(U+724B),unihan_simplified;unihan_traditional,0,485
𰙋,(U+3064B),歍,(U+6B4D),unihan_simplified;unihan_traditional,0,29
𰘸,(U+30638),櫢,(U+6AE2),unihan_simplified;unihan_traditional,0,11
𰘩,(U+30629),櫹,(U+6AF9),unihan_simplified;unihan_traditional,0,5
𰘠,(U+30620),櫩,(U+6AE9),unihan_simplified;unihan_traditional,0,109
𰘓,(U+30613),檾,(U+6ABE),unihan_simplified;unihan_traditional,0,13
𰘈,(U+30608),檋,(U+6A8B),unihan_simplified;unihan_traditional,0,1
𰬝,(U+30B1D),𦅘,(U+26158),unihan_simplified;unihan_traditional,0,10
𰛪,(U+306EA),灓,(U+7053),unihan_simplified;unihan_traditional,0,8
𰗹,(U+305F9),橚,(U+6A5A),unihan_simplified;unihan_traditional,0,9
𰗨,(U+305E8),榯,(U+69AF),unihan_simplified;unihan_traditional,0,1
𰗢,(U+305E2),楎,(U+694E),unihan_simplified;unihan_traditional,0,8
𰗜,(U+305DC),檿,(U+6ABF),unihan_simplified;unihan_traditional,0,19
𰬞,(U+30B1E),綅,(U+7D85),unihan_simplified;unihan_traditional,0,10
𰗛,(U+305DB),檡,(U+6AA1),unihan_simplified;unihan_traditional,0,46
𰗖,(U+305D6),棆,(U+68C6),unihan_simplified;unihan_traditional,0,10
𰬟,(U+30B1F),緎,(U+7DCE),unihan_simplified;unihan_traditional,0,14
𰗺,(U+305FA),橨,(U+6A68),unihan_simplified;unihan_traditional,0,3
𰬚,(U+30B1A),縜,(U+7E1C),unihan_simplified;unihan_traditional,0,6
𰛦,(U+306E6),濊,(U+6FCA),unihan_simplified;unihan_traditional,0,230
𰛥,(U+306E5),溰,(U+6EB0),unihan_simplified;unihan_traditional,0,9
𰛤,(U+306E4),瀄,(U+7004),unihan_simplified;unihan_traditional,0,7
𰛣,(U+306E3),漐,(U+6F10),unihan_simplified;unihan_traditional,0,1
𰛡,(U+306E1),滭,(U+6EED),unihan_simplified;unihan_traditional,0,11
𰛛,(U+306DB),㴸,(U+3D38),unihan_simplified;unihan_traditional,0,5
𰬛,(U+30B1B),絼,(U+7D7C),unihan_simplified;unihan_traditional,0,2
𰙎,(U+3064E),歛,(U+6B5B),unihan_simplified;unihan_traditional,0,5009
𰛏,(U+306CF),漎,(U+6F0E),unihan_simplified;unihan_traditional,0,6
𰛊,(U+306CA),溤,(U+6EA4),unihan_simplified;unihan_traditional,0,11
𰛉,(U+306C9),𣶯,(U+23DAF),unihan_simplified;unihan_traditional,0,3
𰚪,(U+306AA),㲯,(U+3CAF),unihan_simplified;unihan_traditional,0,116
𰚦,(U+306A6),氀,(U+6C00),unihan_simplified;unihan_traditional,0,436
𰚔,(U+30694),㲰,(U+3CB0),unihan_simplified;unihan_traditional,0,7
𰬜,(U+30B1C),絻,(U+7D7B),unihan_simplified;unihan_traditional,0,24
𰙑,(U+30651),歗,(U+6B57),unihan_simplified;unihan_traditional,0,32
𰛒,(U+306D2),涷,(U+6DB7),unihan_simplified;unihan_traditional,0,60
𰧰,(U+309F0),禓,(U+7993),unihan_simplified;unihan_traditional,0,8
𰧘,(U+309D8),䃴,(U+40F4),unihan_simplified;unihan_traditional,0,7
𰧔,(U+309D4),礛,(U+791B),unihan_simplified;unihan_traditional,0,13
𰫼,(U+30AFC),糽,(U+7CFD),unihan_simplified;unihan_traditional,0,22
𰫽,(U+30AFD),紑,(U+7D11),unihan_simplified;unihan_traditional,0,50
𰧉,(U+309C9),礩,(U+7929),unihan_simplified;unihan_traditional,0,13
𰬀,(U+30B00),紒,(U+7D12),unihan_simplified;unihan_traditional,0,30
𰡐,(U+30850),𤠔,(U+24814),unihan_simplified;unihan_traditional,0,121
𰬂,(U+30B02),䋍,(U+42CD),unihan_simplified;unihan_traditional,0,1
𰧃,(U+309C3),磵,(U+78F5),unihan_simplified;unihan_traditional,0,911
𰦿,(U+309BF),碢,(U+78A2),unihan_simplified;unihan_traditional,0,15
𰬅,(U+30B05),紨,(U+7D28),unihan_simplified;unihan_traditional,0,5
𰬆,(U+30B06),絇,(U+7D47),unihan_simplified;unihan_traditional,0,71
𰬇,(U+30B07),紸,(U+7D38),unihan_simplified;unihan_traditional,0,2
𰬈,(U+30B08),絃,(U+7D43),unihan_simplified;unihan_traditional,0,4230
𰦾,(U+309BE),礹,(U+7939),unihan_simplified;unihan_traditional,0,7
𰧇,(U+309C7),礥,(U+7925),unihan_simplified;unihan_traditional,0,3
𰩹,(U+30A79),簜,(U+7C1C),unihan_simplified;unihan_traditional,0,28
𰩸,(U+30A78),簥,(U+7C25),unihan_simplified;unihan_traditional,0,31
𰩲,(U+30A72),籚,(U+7C5A),unihan_simplified;unihan_traditional,0,38
𰩺,(U+30A7A),箹,(U+7BB9),unihan_simplified;unihan_traditional,0,2
𰩻,(U+30A7B),簻,(U+7C3B),unihan_simplified;unihan_traditional,0,1
𰪊,(U+30A8A),籦,(U+7C66),unihan_simplified;unihan_traditional,0,1
𰪏,(U+30A8F),簵,(U+7C35),unihan_simplified;unihan_traditional,0,5
𰪣,(U+30AA3),籯,(U+7C6F),unihan_simplified;unihan_traditional,0,37
𰫋,(U+30ACB),䊟,(U+429F),unihan_simplified;unihan_traditional,0,6
𰩮,(U+30A6E),篿,(U+7BFF),unihan_simplified;unihan_traditional,0,6
𰩓,(U+30A53),竀,(U+7AC0),unihan_simplified;unihan_traditional,0,6
𰪶,(U+30AB6),糰,(U+7CF0),unihan_simplified;unihan_traditional,0,3
𰩏,(U+30A4F),窱,(U+7AB1),unihan_simplified;unihan_traditional,0,44
𰩅,(U+30A45),竉,(U+7AC9),unihan_simplified;unihan_traditional,0,86
𰨦,(U+30A26),穧,(U+7A67),unihan_simplified;unihan_traditional,0,5
𰨜,(U+30A1C),穬,(U+7A6C),unihan_simplified;unihan_traditional,0,506
𰧻,(U+309FB),禬,(U+79AC),unihan_simplified;unihan_traditional,0,50
𰪭,(U+30AAD),粻,(U+7CBB),unihan_simplified;unihan_traditional,0,26
𰣶,(U+308F6),㿉,(U+3FC9),unihan_simplified;unihan_traditional,0,26
𰣯,(U+308EF),癎,(U+764E),unihan_simplified;unihan_traditional,0,249
𰣬,(U+308EC),癠,(U+7660),unihan_simplified;unihan_traditional,0,4
𰣩,(U+308E9),𤻝,(U+24EDD),unihan_simplified;unihan_traditional,0,23
𰢦,(U+308A6),甊,(U+750A),unihan_simplified;unihan_traditional,0,21
𰢤,(U+308A4),甖,(U+7516),unihan_simplified;unihan_traditional,0,329
𰬐,(U+30B10),繑,(U+7E51),unihan_simplified;unihan_traditional,0,3
𰦷,(U+309B7),䃕,(U+40D5),unihan_simplified;unihan_traditional,0,2
𰬑,(U+30B11),䋫,(U+42EB),unihan_simplified;unihan_traditional,0,16
𰢄,(U+30884),璛,(U+749B),unihan_simplified;unihan_traditional,0,2
𰡽,(U+3087D),璹,(U+74B9),unihan_simplified;unihan_traditional,0,374
𰡻,(U+3087B),瑙,(U+7459),unihan_simplified;unihan_traditional,0,2195
𰡵,(U+30875),瓐,(U+74D0),unihan_simplified;unihan_traditional,0,4
𰡰,(U+30870),𤥭,(U+2496D),unihan_simplified;unihan_traditional,0,100
𰡞,(U+3085E),獖,(U+7356),unihan_simplified;unihan_traditional,0,9
𰡔,(U+30854),獑,(U+7351),unihan_simplified;unihan_traditional,0,10
𰢢,(U+308A2),甒,(U+7512),unihan_simplified;unihan_traditional,0,34
𰦭,(U+309AD),礲,(U+7932),unihan_simplified;unihan_traditional,0,56
𰦨,(U+309A8),䃣,(U+40E3),unihan_simplified;unihan_traditional,0,1
𰦦,(U+309A6),礰,(U+7930),unihan_simplified;unihan_traditional,0,345
𰦔,(U+30994),䂓,(U+4093),unihan_simplified;unihan_traditional,0,362
𰥹,(U+30979),矘,(U+77D8),unihan_simplified;unihan_traditional,0,7
𰥨,(U+30968),瞯,(U+77AF),unihan_simplified;unihan_traditional,0,3
𰥢,(U+30962),矖,(U+77D6),unihan_simplified;unihan_traditional,0,34
𰬉,(U+30B09),紽,(U+7D3D),unihan_simplified;unihan_traditional,0,15
𰬏,(U+30B0F),絑,(U+7D51),unihan_simplified;unihan_traditional,0,5
𰥠,(U+30960),矕,(U+77D5),unihan_simplified;unihan_traditional,0,6
𰥞,(U+3095E),䁝,(U+405D),unihan_simplified;unihan_traditional,0,2
𰥒,(U+30952),瞛,(U+779B),unihan_simplified;unihan_traditional,0,1
𰤬,(U+3092C),皾,(U+76BE),unihan_simplified;unihan_traditional,0,12
𰤕,(U+30915),皪,(U+76AA),unihan_simplified;unihan_traditional,0,57
𰣽,(U+308FD),癴,(U+7674),unihan_simplified;unihan_traditional,0,4
𰬌,(U+30B0C),絚,(U+7D5A),unihan_simplified;unihan_traditional,0,16
𰬍,(U+30B0D),綊,(U+7D8A),unihan_simplified;unihan_traditional,0,21
𰬋,(U+30B0B),紭,(U+7D2D),unihan_simplified;unihan_traditional,0,5
𰇼,(U+301FC),嘇,(U+5607),unihan_simplified;unihan_traditional,0,53
𰇲,(U+301F2),嗿,(U+55FF),unihan_simplified;unihan_traditional,0,3
𰇣,(U+301E3),嚱,(U+56B1),unihan_simplified;unihan_traditional,0,15
𰇡,(U+301E1),𠶹,(U+20DB9),unihan_simplified;unihan_traditional,0,159
𰇘,(U+301D8),𠷌,(U+20DCC),unihan_simplified;unihan_traditional,0,111
𰇖,(U+301D6),㗢,(U+35E2),unihan_simplified;unihan_traditional,0,1
𰇎,(U+301CE),㖦,(U+35A6),unihan_simplified;unihan_traditional,0,9
𰗓,(U+305D3),櫎,(U+6ACE),unihan_simplified;unihan_traditional,0,5
𰆕,(U+30195),㕒,(U+3552),unihan_simplified;unihan_traditional,0,4
𰅦,(U+30166),匰,(U+5330),unihan_simplified;unihan_traditional,0,3
𰅥,(U+30165),匵,(U+5335),unihan_simplified;unihan_traditional,0,48
𰄭,(U+3012D),𠠫,(U+2082B),unihan_simplified;unihan_traditional,0,3
𰄞,(U+3011E),剸,(U+5278),unihan_simplified;unihan_traditional,0,112
𰃿,(U+300FF),凟,(U+51DF),unihan_simplified;unihan_traditional,0,123
𰃻,(U+300FB),㓖,(U+34D6),unihan_simplified;unihan_traditional,0,1
𰃷,(U+300F7),凔,(U+51D4),unihan_simplified;unihan_traditional,0,3
𰇊,(U+301CA),𭉾,(U+2D27E),unihan_simplified;unihan_traditional,0,45
𰋹,(U+302F9),嫥,(U+5AE5),unihan_simplified;unihan_traditional,0,14
𰋸,(U+302F8),婸,(U+5A78),unihan_simplified;unihan_traditional,0,17
𰊢,(U+302A2),壍,(U+58CD),unihan_simplified;unihan_traditional,0,776
𰊑,(U+30291),壏,(U+58CF),unihan_simplified;unihan_traditional,0,7
𰊈,(U+30288),墏,(U+588F),unihan_simplified;unihan_traditional,0,2
𰊂,(U+30282),墆,(U+5886),unihan_simplified;unihan_traditional,0,5
𰉩,(U+30269),墧,(U+58A7),unihan_simplified;unihan_traditional,0,4
𰉥,(U+30265),埉,(U+57C9),unihan_simplified;unihan_traditional,0,4
𰈆,(U+30206),囕,(U+56D5),unihan_simplified;unihan_traditional,0,809
𰉙,(U+30259),堈,(U+5808),unihan_simplified;unihan_traditional,0,102
𰉘,(U+30258),㙔,(U+3654),unihan_simplified;unihan_traditional,0,5
𰉄,(U+30244),囋,(U+56CB),unihan_simplified;unihan_traditional,0,68
𰈶,(U+30236),嚩,(U+56A9),unihan_simplified;unihan_traditional,0,36491
𰈯,(U+3022F),囐,(U+56D0),unihan_simplified;unihan_traditional,0,68
𰈓,(U+30213),嚂,(U+5682),unihan_simplified;unihan_traditional,0,144
𰈍,(U+3020D),嚫,(U+56AB),unihan_simplified;unihan_traditional,0,1316
𰈇,(U+30207),嚐,(U+5690),unihan_simplified;unihan_traditional,0,123
𰉚,(U+3025A),垷,(U+57B7),unihan_simplified;unihan_traditional,0,1
𮸞,(U+2EE1E),䥓,(U+4953),unihan_simplified;unihan_traditional,0,1
𮸐,(U+2EE10),錺,(U+933A),unihan_simplified;unihan_traditional,0,15
𮸏,(U+2EE0F),鋑,(U+92D1),unihan_simplified;unihan_traditional,0,79
𮸌,(U+2EE0C),䤭,(U+492D),unihan_simplified;unihan_traditional,0,3
𮸊,(U+2EE0A),鋓,(U+92D3),unihan_simplified;unihan_traditional,0,2
𮸈,(U+2EE08),鍕,(U+9355),unihan_simplified;unihan_traditional,0,26
𮸂,(U+2EE02),𬫉,(U+2CAC9),unihan_simplified;unihan_traditional,0,2
𰃆,(U+300C6),儹,(U+5139),unihan_simplified;unihan_traditional,0,11
𮷺,(U+2EDFA),𫒋,(U+2B48B),unihan_simplified;unihan_traditional,0,3
𮷝,(U+2EDDD),轁,(U+8F41),unihan_simplified;unihan_traditional,0,2
𮷗,(U+2EDD7),軚,(U+8EDA),unihan_simplified;unihan_traditional,0,1
𮷖,(U+2EDD6),䡄,(U+4844),unihan_simplified;unihan_traditional,0,461
𮷊,(U+2EDCA),譒,(U+8B52),unihan_simplified;unihan_traditional,0,37
𮷈,(U+2EDC8),䛴,(U+46F4),unihan_simplified;unihan_traditional,0,60
𮷅,(U+2EDC5),諌,(U+8ACC),unihan_simplified;unihan_traditional,0,10
𮶅,(U+2ED85),𫃻,(U+2B0FB),unihan_simplified;unihan_traditional,0,3
𮷽,(U+2EDFD),𨥤,(U+28964),unihan_simplified;unihan_traditional,0,20
𰂭,(U+300AD),儩,(U+5129),unihan_simplified;unihan_traditional,0,77
𰂦,(U+300A6),儢,(U+5122),unihan_simplified;unihan_traditional,0,7
𰂜,(U+3009C),僓,(U+50D3),unihan_simplified;unihan_traditional,0,10
𰂏,(U+3008F),儥,(U+5125),unihan_simplified;unihan_traditional,0,8
𰂎,(U+3008E),僩,(U+50E9),unihan_simplified;unihan_traditional,0,20
𰂋,(U+3008B),僴,(U+50F4),unihan_simplified;unihan_traditional,0,24
𰂃,(U+30083),𠎅,(U+20385),unihan_simplified;unihan_traditional,0,1
𰂁,(U+30081),𪝵,(U+2A775),unihan_simplified;unihan_traditional,0,1
𮸮,(U+2EE2E),䩤,(U+4A64),unihan_simplified;unihan_traditional,0,2
𰁸,(U+30078),儅,(U+5105),unihan_simplified;unihan_traditional,0,74
𰁧,(U+30067),傱,(U+50B1),unihan_simplified;unihan_traditional,0,18
𮹜,(U+2EE5C),䴏,(U+4D0F),unihan_simplified;unihan_traditional,0,48
𮹙,(U+2EE59),䳽,(U+4CFD),unihan_simplified;unihan_traditional,0,1
𮹋,(U+2EE4B),騆,(U+9A06),unihan_simplified;unihan_traditional,0,3
𮸼,(U+2EE3C),飊,(U+98CA),unihan_simplified;unihan_traditional,0,37
𮸻,(U+2EE3B),𩗺,(U+295FA),unihan_simplified;unihan_traditional,0,146
𮸷,(U+2EE37),𩐳,(U+29433),unihan_simplified;unihan_traditional,0,2
𰁾,(U+3007E),偩,(U+5069),unihan_simplified;unihan_traditional,0,1
𰓧,(U+304E7),搎,(U+640E),unihan_simplified;unihan_traditional,0,11
𰓜,(U+304DC),擳,(U+64F3),unihan_simplified;unihan_traditional,0,124
𰬤,(U+30B24),綼,(U+7DBC),unihan_simplified;unihan_traditional,0,3
𰬥,(U+30B25),総,(U+7DCF),unihan_simplified;unihan_traditional,0,165
𰬦,(U+30B26),𦁕,(U+26055),unihan_simplified;unihan_traditional,0,21
𰓙,(U+304D9),擪,(U+64EA),unihan_simplified;unihan_traditional,0,46
𰓆,(U+304C6),摀,(U+6440),unihan_simplified;unihan_traditional,0,14
𰋽,(U+302FD),嬮,(U+5B2E),unihan_simplified;unihan_traditional,0,1
𰒖,(U+30496),𢤧,(U+22927),unihan_simplified;unihan_traditional,0,6
𰒒,(U+30492),懘,(U+61D8),unihan_simplified;unihan_traditional,0,22
𰬧,(U+30B27),緂,(U+7DC2),unihan_simplified;unihan_traditional,0,267
𰒆,(U+30486),慲,(U+6172),unihan_simplified;unihan_traditional,0,14
𰑿,(U+3047F),戃,(U+6203),unihan_simplified;unihan_traditional,0,11
𰑵,(U+30475),慸,(U+6178),unihan_simplified;unihan_traditional,0,7
𰑬,(U+3046C),懫,(U+61EB),unihan_simplified;unihan_traditional,0,11
𰑫,(U+3046B),㦬,(U+39AC),unihan_simplified;unihan_traditional,0,835
𰓄,(U+304C4),掁,(U+6381),unihan_simplified;unihan_traditional,0,306
𰖩,(U+305A9),㒿,(U+34BF),unihan_simplified;unihan_traditional,0,8
𰖚,(U+3059A),𭧖,(U+2D9D6),unihan_simplified;unihan_traditional,0,1
𰖈,(U+30588),曮,(U+66EE),unihan_simplified;unihan_traditional,0,11
𰕭,(U+3056D),旝,(U+65DD),unihan_simplified;unihan_traditional,0,21
𰬠,(U+30B20),繣,(U+7E63),unihan_simplified;unihan_traditional,0,6
𰕈,(U+30548),敿,(U+657F),unihan_simplified;unihan_traditional,0,1
𰬡,(U+30B21),緁,(U+7DC1),unihan_simplified;unihan_traditional,0,11
𰕅,(U+30545),敺,(U+657A),unihan_simplified;unihan_traditional,0,298
𰓬,(U+304EC),攦,(U+6526),unihan_simplified;unihan_traditional,0,31
𰔋,(U+3050B),撌,(U+648C),unihan_simplified;unihan_traditional,0,2
𰔇,(U+30507),摕,(U+6455),unihan_simplified;unihan_traditional,0,7
𰓼,(U+304FC),摲,(U+6472),unihan_simplified;unihan_traditional,0,10
𰓻,(U+304FB),摫,(U+646B),unihan_simplified;unihan_traditional,0,17
𰓷,(U+304F7),撋,(U+648B),unihan_simplified;unihan_traditional,0,3
𰬢,(U+30B22),緀,(U+7DC0),unihan_simplified;unihan_traditional,0,1
𰬣,(U+30B23),緆,(U+7DC6),unihan_simplified;unihan_traditional,0,4
𰓱,(U+304F1),摼,(U+647C),unihan_simplified;unihan_traditional,0,10
𰕁,(U+30541),攳,(U+6533),unihan_simplified;unihan_traditional,0,2
𰎞,(U+3039E),嶩,(U+5DA9),unihan_simplified;unihan_traditional,0,3
𰎖,(U+30396),崱,(U+5D31),unihan_simplified;unihan_traditional,0,184
𰎔,(U+30394),嶤,(U+5DA4),unihan_simplified;unihan_traditional,0,159
𰬩,(U+30B29),繡,(U+7E61),unihan_simplified;unihan_traditional,0,4130
𰎑,(U+30391),嶪,(U+5DAA),unihan_simplified;unihan_traditional,0,103
𰬪,(U+30B2A),縿,(U+7E3F),unihan_simplified;unihan_traditional,0,9
𰎐,(U+30390),㠠,(U+3820),unihan_simplified;unihan_traditional,0,10
𰑧,(U+30467),慙,(U+6159),unihan_simplified;unihan_traditional,0,2475
𰎏,(U+3038F),崠,(U+5D20),unihan_simplified;unihan_traditional,0,1
𰎎,(U+3038E),巃,(U+5DC3),unihan_simplified;unihan_traditional,0,160
𰎌,(U+3038C),嵷,(U+5D77),unihan_simplified;unihan_traditional,0,27
𰌷,(U+30337),寪,(U+5BEA),unihan_simplified;unihan_traditional,0,9
𰌙,(U+30319),嬾,(U+5B3E),unihan_simplified;unihan_traditional,0,1488
𰌇,(U+30307),嫧,(U+5AE7),unihan_simplified;unihan_traditional,0,1
𰌀,(U+30300),嫈,(U+5AC8),unihan_simplified;unihan_traditional,0,44
𰋾,(U+302FE),𡠚,(U+2181A),unihan_simplified;unihan_traditional,0,1
𰬫,(U+30B2B),緻,(U+7DFB),unihan_simplified;unihan_traditional,0,980
𰑥,(U+30465),憪,(U+61AA),unihan_simplified;unihan_traditional,0,6
𰑙,(U+30459),懰,(U+61F0),unihan_simplified;unihan_traditional,0,5
𰑕,(U+30455),懕,(U+61D5),unihan_simplified;unihan_traditional,0,41
𰑔,(U+30454),慹,(U+6179),unihan_simplified;unihan_traditional,0,16
𰑄,(U+30444),惀,(U+60C0),unihan_simplified;unihan_traditional,0,5
𰑁,(U+30441),慱,(U+6171),unihan_simplified;unihan_traditional,0,315
𰐾,(U+3043E),懭,(U+61ED),unihan_simplified;unihan_traditional,0,13
𰐚,(U+3041A),𢐗,(U+22417),unihan_simplified;unihan_traditional,0,1
𰎠,(U+303A0),巖,(U+5DD6),unihan_simplified;unihan_traditional,0,40335
𰏼,(U+303FC),廗,(U+5ED7),unihan_simplified;unihan_traditional,0,182
𰏶,(U+303F6),廥,(U+5EE5),unihan_simplified;unihan_traditional,0,49
𰏟,(U+303DF),幱,(U+5E71),unihan_simplified;unihan_traditional,0,2
𰏜,(U+303DC),㡞,(U+385E),unihan_simplified;unihan_traditional,0,1
𰏕,(U+303D5),帴,(U+5E34),unihan_simplified;unihan_traditional,0,2
𰏁,(U+303C1),巑,(U+5DD1),unihan_simplified;unihan_traditional,0,102
𰎫,(U+303AB),嶽,(U+5DBD),unihan_simplified;unihan_traditional,0,17568
𰎢,(U+303A2),𡼱,(U+21F31),unihan_simplified;unihan_traditional,0,4
𰏽,(U+303FD),𢊃,(U+22283),unihan_simplified;unihan_traditional,0,9
𬂰,(U+2C0B0),檂,(U+6A82),unihan_simplified;unihan_traditional,0,1
𬂻,(U+2C0BB),𣛣,(U+236E3),unihan_simplified;unihan_traditional,0,8
𬃀,(U+2C0C0),槻,(U+69FB),unihan_simplified;unihan_traditional,0,24
𬃊,(U+2C0CA),櫍,(U+6ACD),opencc_s2t;unihan_simplified;unihan_traditional,0,5
𬃫,(U+2C0EB),櫶,(U+6AF6),unihan_simplified;unihan_traditional,0,3
𬃳,(U+2C0F3),𣡶,(U+23876),unihan_simplified;unihan_traditional,0,2
𬄩,(U+2C129),櫽,(U+6AFD),unihan_simplified;unihan_traditional,0,24
𬄬,(U+2C12C),𣡌,(U+2384C),unihan_simplified;unihan_traditional,0,7
𬅫,(U+2C16B),歕,(U+6B55),unihan_simplified;unihan_traditional,0,52
𬆦,(U+2C1A6),毄,(U+6BC4),unihan_simplified;unihan_traditional,0,9
𬆮,(U+2C1AE),鷇,(U+9DC7),unihan_simplified;unihan_traditional,0,113
𬇕,(U+2C1D5),澫,(U+6FAB),opencc_s2t;unihan_simplified;unihan_traditional,0,8
𬇘,(U+2C1D8),漙,(U+6F19),unihan_simplified;unihan_traditional,0,69
𬇙,(U+2C1D9),浿,(U+6D7F),opencc_s2t;unihan_simplified;unihan_traditional,0,120
𬇬,(U+2C1EC),𤅙,(U+24159),unihan_simplified;unihan_traditional,0,5
𰬯,(U+30B2F),緵,(U+7DF5),unihan_simplified;unihan_traditional,0,12
𬊶,(U+2C2B6),爁,(U+7201),unihan_simplified;unihan_traditional,0,2
𬊵,(U+2C2B5),爣,(U+7223),unihan_simplified;unihan_traditional,0,1
𬊦,(U+2C2A6),覢,(U+89A2),unihan_simplified;unihan_traditional,0,30
𬊤,(U+2C2A4),燀,(U+71C0),opencc_s2t;unihan_simplified;unihan_traditional,0,40
𬊍,(U+2C28D),燽,(U+71FD),unihan_simplified;unihan_traditional,0,3
𬊈,(U+2C288),燖,(U+71D6),opencc_s2t;unihan_simplified;unihan_traditional,0,67
𬊂,(U+2C282),煼,(U+717C),unihan_simplified;unihan_traditional,0,26
𬇹,(U+2C1F9),漍,(U+6F0D),opencc_s2t;unihan_simplified;unihan_traditional,0,10
𬉋,(U+2C24B),瀢,(U+7022),unihan_simplified;unihan_traditional,0,5
𬉂,(U+2C242),瀵,(U+7035),unihan_simplified;unihan_traditional,0,12
𬈱,(U+2C231),𤀪,(U+2402A),unihan_simplified;unihan_traditional,0,7
𬈧,(U+2C227),濇,(U+6FC7),unihan_simplified;unihan_traditional,0,33
𬈜,(U+2C21C),濴,(U+6FF4),unihan_simplified;unihan_traditional,0,18
𬈕,(U+2C215),㵒,(U+3D52),unihan_simplified;unihan_traditional,0,6
𬈁,(U+2C201),潬,(U+6F6C),unihan_simplified;unihan_traditional,0,349
𬇼,(U+2C1FC),𣻏,(U+23ECF),unihan_simplified;unihan_traditional,0,4
𬉠,(U+2C260),灡,(U+7061),unihan_simplified;unihan_traditional,0,27
𫺒,(U+2BE92),𢢀,(U+22880),unihan_simplified;unihan_traditional,0,7
𫺓,(U+2BE93),㦖,(U+3996),unihan_simplified;unihan_traditional,0,4
𫺘,(U+2BE98),憦,(U+61A6),unihan_simplified;unihan_traditional,0,6
𫺪,(U+2BEAA),懩,(U+61E9),unihan_simplified;unihan_traditional,0,1
𫺷,(U+2BEB7),戁,(U+6201),unihan_simplified;unihan_traditional,0,19
𫺹,(U+2BEB9),𫻑,(U+2BED1),unihan_simplified;unihan_traditional,0,1
𫼝,(U+2BF1D),搊,(U+640A),unihan_simplified;unihan_traditional,0,690
𫼣,(U+2BF23),𢳂,(U+22CC2),unihan_simplified;unihan_traditional,0,2
𫼤,(U+2BF24),𢯩,(U+22BE9),unihan_simplified;unihan_traditional,0,1
𫼥,(U+2BF25),㨟,(U+3A1F),unihan_simplified;unihan_traditional,0,5
𫼧,(U+2BF27),撶,(U+64B6),unihan_simplified;unihan_traditional,0,28
𫼮,(U+2BF2E),擃,(U+64C3),unihan_simplified;unihan_traditional,0,2
𫼲,(U+2BF32),𢯦,(U+22BE6),unihan_simplified;unihan_traditional,0,6
𫼵,(U+2BF35),𢲸,(U+22CB8),unihan_simplified;unihan_traditional,0,6
𫼶,(U+2BF36),𢱡,(U+22C61),unihan_simplified;unihan_traditional,0,4
𬂩,(U+2C0A9),梜,(U+689C),opencc_s2t;unihan_simplified;unihan_traditional,0,10
𬂉,(U+2C089),賸,(U+8CF8),unihan_simplified;unihan_traditional,0,559
𬂀,(U+2C080),膶,(U+81B6),unihan_simplified;unihan_traditional,0,1
𬁵,(U+2C075),膒,(U+8192),unihan_simplified;unihan_traditional,0,27
𬁳,(U+2C073),𦟐,(U+267D0),unihan_simplified;unihan_traditional,0,6
𬀱,(U+2C031),暟,(U+669F),unihan_simplified;unihan_traditional,0,25
𬀪,(U+2C02A),晛,(U+665B),opencc_s2t;unihan_simplified;unihan_traditional,0,23
𬀩,(U+2C029),暐,(U+6690),opencc_s2t;unihan_simplified;unihan_traditional,0,634
𫽁,(U+2BF41),摙,(U+6459),unihan_simplified;unihan_traditional,0,109
𫾃,(U+2BF83),𢸳,(U+22E33),unihan_simplified;unihan_traditional,0,4
𫾁,(U+2BF81),𢸴,(U+22E34),unihan_simplified;unihan_traditional,0,5
𫽮,(U+2BF6E),攩,(U+6529),unihan_simplified;unihan_traditional,0,29
𫽧,(U+2BF67),㩌,(U+3A4C),unihan_simplified;unihan_traditional,0,39
𫽥,(U+2BF65),攑,(U+6511),unihan_simplified;unihan_traditional,0,2
𫽐,(U+2BF50),𢳚,(U+22CDA),unihan_simplified;unihan_traditional,0,6
𫽋,(U+2BF4B),攞,(U+651E),unihan_simplified;unihan_traditional,0,4889
𫽊,(U+2BF4A),㩭,(U+3A6D),unihan_simplified;unihan_traditional,0,1
𬀥,(U+2C025),𣄸,(U+23138),unihan_simplified;unihan_traditional,0,2
𬖺,(U+2C5BA),𥽭,(U+25F6D),unihan_simplified;unihan_traditional,0,2
𬘓,(U+2C613),紃,(U+7D03),opencc_s2t;unihan_simplified;unihan_traditional,0,32
𬘔,(U+2C614),𥾝,(U+25F9D),unihan_simplified;unihan_traditional,0,14
𬘕,(U+2C615),紌,(U+7D0C),unihan_simplified;unihan_traditional,0,1
𬘖,(U+2C616),絸,(U+7D78),unihan_simplified;unihan_traditional,0,12
𬘗,(U+2C617),𰫛,(U+30ADB),unihan_simplified;unihan_traditional,0,1
𬘘,(U+2C618),紞,(U+7D1E),opencc_s2t;unihan_simplified;unihan_traditional,0,90
𬘚,(U+2C61A),𥿉,(U+25FC9),unihan_simplified;unihan_traditional,0,11
𬘛,(U+2C61B),紶,(U+7D36),unihan_simplified;unihan_traditional,0,1
𬘜,(U+2C61C),䋎,(U+42CE),unihan_simplified;unihan_traditional,0,3
𬘝,(U+2C61D),紾,(U+7D3E),unihan_simplified;unihan_traditional,0,9
𬘞,(U+2C61E),𦄋,(U+2610B),unihan_simplified;unihan_traditional,0,3
𬘡,(U+2C621),絪,(U+7D6A),opencc_s2t;unihan_simplified;unihan_traditional,0,199
𬘢,(U+2C622),絖,(U+7D56),unihan_simplified;unihan_traditional,0,33
𬘤,(U+2C624),絽,(U+7D7D),unihan_simplified;unihan_traditional,0,1
𬊺,(U+2C2BA),燰,(U+71F0),unihan_simplified;unihan_traditional,0,5
𬙅,(U+2C645),𦅷,(U+26177),unihan_simplified;unihan_traditional,0,15
𬙂,(U+2C642),縯,(U+7E2F),opencc_s2t;unihan_simplified;unihan_traditional,0,23
𬘾,(U+2C63E),𦄍,(U+2610D),unihan_simplified;unihan_traditional,0,7
𬘺,(U+2C63A),縚,(U+7E1A),unihan_simplified;unihan_traditional,0,159
𬘷,(U+2C637),縒,(U+7E12),unihan_simplified;unihan_traditional,0,657
𬘶,(U+2C636),緧,(U+7DE7),unihan_simplified;unihan_traditional,0,8
𬘵,(U+2C635),緪,(U+7DEA),unihan_simplified;unihan_traditional,0,9
𬘥,(U+2C625),絟,(U+7D5F),unihan_simplified;unihan_traditional,0,14
𬘲,(U+2C632),䋾,(U+42FE),unihan_simplified;unihan_traditional,0,143
𬘱,(U+2C631),䌁,(U+4301),unihan_simplified;unihan_traditional,0,1
𬘰,(U+2C630),緛,(U+7DDB),unihan_simplified;unihan_traditional,0,10
𬘯,(U+2C62F),綧,(U+7DA7),opencc_s2t;unihan_simplified;unihan_traditional,0,2
𬘭,(U+2C62D),綝,(U+7D9D),opencc_s2t;unihan_simplified;unihan_traditional,0,388
𬘬,(U+2C62C),綪,(U+7DAA),opencc_s2t;unihan_simplified;unihan_traditional,0,28
𬘫,(U+2C62B),綄,(U+7D84),opencc_s2t;unihan_simplified;unihan_traditional,0,9
𬘩,(U+2C629),綎,(U+7D8E),opencc_s2t;unihan_simplified;unihan_traditional,0,22
𬘴,(U+2C634),䋺,(U+42FA),unihan_simplified;unihan_traditional,0,3
𬑇,(U+2C447),𥇔,(U+251D4),unihan_simplified;unihan_traditional,0,8
𬑆,(U+2C446),睔,(U+7754),unihan_simplified;unihan_traditional,0,4
𬏷,(U+2C3F7),㿎,(U+3FCE),unihan_simplified;unihan_traditional,0,6
𬏮,(U+2C3EE),瘑,(U+7611),unihan_simplified;unihan_traditional,0,28
𬏫,(U+2C3EB),瘒,(U+7612),unihan_simplified;unihan_traditional,0,1
𬏦,(U+2C3E6),癈,(U+7648),unihan_simplified;unihan_traditional,0,1652
𬏤,(U+2C3E4),𤻲,(U+24EF2),unihan_simplified;unihan_traditional,0,24
𬖘,(U+2C598),𥼶,(U+25F36),unihan_simplified;unihan_traditional,0,343
𬎆,(U+2C386),㼆,(U+3F06),unihan_simplified;unihan_traditional,0,1
𬍡,(U+2C361),璗,(U+7497),opencc_s2t;unihan_simplified;unihan_traditional,0,4
𬍛,(U+2C35B),瓅,(U+74C5),opencc_s2t;unihan_simplified;unihan_traditional,0,27
𬍙,(U+2C359),琖,(U+7416),unihan_simplified;unihan_traditional,0,44
𬌷,(U+2C337),㺑,(U+3E91),unihan_simplified;unihan_traditional,0,6
𬌮,(U+2C32E),獟,(U+735F),unihan_simplified;unihan_traditional,0,5
𬌝,(U+2C31D),犓,(U+7293),unihan_simplified;unihan_traditional,0,2
𬊾,(U+2C2BE),㸐,(U+3E10),unihan_simplified;unihan_traditional,0,16
𬎑,(U+2C391),瓓,(U+74D3),unihan_simplified;unihan_traditional,0,18
𬖑,(U+2C591),粯,(U+7CAF),unihan_simplified;unihan_traditional,0,2
𬖃,(U+2C583),籫,(U+7C6B),unihan_simplified;unihan_traditional,0,13
𬕄,(U+2C544),籭,(U+7C6D),unihan_simplified;unihan_traditional,0,10
𬕂,(U+2C542),篢,(U+7BE2),opencc_s2t;unihan_simplified;unihan_traditional,0,6
𬔹,(U+2C539),𥳊,(U+25CCA),unihan_simplified;unihan_traditional,0,13
𬓼,(U+2C4FC),穨,(U+7A68),unihan_simplified;unihan_traditional,0,149
𬓫,(U+2C4EB),龝,(U+9F9D),unihan_simplified;unihan_traditional,0,14
𬑒,(U+2C452),䁱,(U+4071),unihan_simplified;unihan_traditional,0,2
𬒗,(U+2C497),𥗽,(U+255FD),opencc_s2t;unihan_simplified;unihan_traditional,0,1
𬒎,(U+2C48E),䃘,(U+40D8),unihan_simplified;unihan_traditional,0,6
𬒍,(U+2C48D),磒,(U+78D2),unihan_simplified;unihan_traditional,0,6
𬒈,(U+2C488),礐,(U+7910),opencc_s2t;unihan_simplified;unihan_traditional,0,22
𬒆,(U+2C486),礏,(U+790F),unihan_simplified;unihan_traditional,0,10
𬑗,(U+2C457),瞷,(U+77B7),unihan_simplified;unihan_traditional,0,48
𬑕,(U+2C455),睴,(U+7774),unihan_simplified;unihan_traditional,0,43
𬑓,(U+2C453),瞱,(U+77B1),unihan_simplified;unihan_traditional,0,27
𬓠,(U+2C4E0),穖,(U+7A56),unihan_simplified;unihan_traditional,0,1
𫟦,(U+2B7E6),䡵,(U+4875),opencc_s2t;unihan_simplified;unihan_traditional,0,1
𫟬,(U+2B7EC),𨟊,(U+287CA),opencc_s2t;unihan_simplified;unihan_traditional,0,3
𫟲,(U+2B7F2),釚,(U+91DA),opencc_s2t;unihan_simplified;unihan_traditional,0,5
𫟳,(U+2B7F3),釲,(U+91F2),opencc_s2t;unihan_simplified;unihan_traditional,0,26
𫟵,(U+2B7F5),鈗,(U+9217),opencc_s2t;unihan_simplified;unihan_traditional,0,7
𫟶,(U+2B7F6),銏,(U+928F),opencc_s2t;unihan_simplified;unihan_traditional,0,15
𫟷,(U+2B7F7),鉝,(U+925D),opencc_s2t;unihan_simplified;unihan_traditional,0,8
𫟸,(U+2B7F8),鉽,(U+927D),opencc_s2t;unihan_simplified;unihan_traditional,0,8
𫟹,(U+2B7F9),鉷,(U+9277),opencc_s2t;unihan_simplified;unihan_traditional,0,193
𫟺,(U+2B7FA),䤤,(U+4924),opencc_s2t;unihan_simplified;unihan_traditional,0,1
𫟻,(U+2B7FB),銂,(U+9282),opencc_s2t;unihan_simplified;unihan_traditional,0,1
𫟿,(U+2B7FF),鎈,(U+9388),opencc_s2t;unihan_simplified;unihan_traditional,0,4
𫠂,(U+2B802),閝,(U+959D),opencc_s2t;unihan_simplified;unihan_traditional,0,7
𫠆,(U+2B806),頍,(U+980D),opencc_s2t;unihan_simplified;unihan_traditional,0,91
𫠈,(U+2B808),䫾,(U+4AFE),opencc_s2t;unihan_simplified;unihan_traditional,0,3
𫺌,(U+2BE8C),愩,(U+6129),unihan_simplified;unihan_traditional,0,2
𫥎,(U+2B94E),毚,(U+6BDA),unihan_simplified;unihan_traditional,0,37
𫣫,(U+2B8EB),𠐍,(U+2040D),unihan_simplified;unihan_traditional,0,2
𫣛,(U+2B8DB),𠑲,(U+20472),unihan_simplified;unihan_traditional,0,3
𫣊,(U+2B8CA),僾,(U+50FE),unihan_simplified;unihan_traditional,0,31
𫣉,(U+2B8C9),儖,(U+5116),unihan_simplified;unihan_traditional,0,1
𫢺,(U+2B8BA),傪,(U+50AA),unihan_simplified;unihan_traditional,0,39
𫢸,(U+2B8B8),僤,(U+50E4),opencc_s2t;unihan_simplified;unihan_traditional,0,25
𫠋,(U+2B80B),騼,(U+9A3C),opencc_s2t;unihan_simplified;unihan_traditional,0,36
𫢬,(U+2B8AC),僗,(U+50D7),unihan_simplified;unihan_traditional,0,14
𫢪,(U+2B8AA),僆,(U+50C6),unihan_simplified;unihan_traditional,0,3
𫢙,(U+2B899),働,(U+50CD),unihan_simplified;unihan_traditional,0,8
𫢒,(U+2B892),儱,(U+5131),unihan_simplified;unihan_traditional,0,825
𫡶,(U+2B876),𩅾,(U+2917E),unihan_simplified;unihan_traditional,0,12
𫠜,(U+2B81C),齯,(U+9F6F),opencc_s2t;unihan_simplified;unihan_traditional,0,17
𫠐,(U+2B810),魽,(U+9B7D),opencc_s2t;unihan_simplified;unihan_traditional,0,1
𫠌,(U+2B80C),𩦠,(U+299A0),opencc_s2t;unihan_simplified;unihan_traditional,0,1
𫢭,(U+2B8AD),儰,(U+5130),unihan_simplified;unihan_traditional,0,1
𫝵,(U+2B775),嶹,(U+5DB9),opencc_s2t;unihan_simplified;unihan_traditional,0,2
𫝮,(U+2B76E),孄,(U+5B44),opencc_s2t;unihan_simplified;unihan_traditional,0,3
𫝭,(U+2B76D),孆,(U+5B46),opencc_s2t;unihan_simplified;unihan_traditional,0,18
𫝬,(U+2B76C),嬇,(U+5B07),opencc_s2t;unihan_simplified;unihan_traditional,0,3
𫝨,(U+2B768),媈,(U+5A88),opencc_s2t;unihan_simplified;unihan_traditional,0,11
𫝈,(U+2B748),㑮,(U+346E),opencc_s2t;unihan_simplified;unihan_traditional,0,3
𫜷,(U+2B737),𨞪,(U+287AA),unihan_simplified;unihan_traditional,0,4
𫟥,(U+2B7E5),䡩,(U+4869),opencc_s2t;unihan_simplified;unihan_traditional,0,10
𫜮,(U+2B72E),齴,(U+9F74),opencc_s2t;unihan_simplified;unihan_traditional,0,5
𫜬,(U+2B72C),齰,(U+9F70),opencc_s2t;unihan_simplified;unihan_traditional,0,49
𫜪,(U+2B72A),齩,(U+9F69),opencc_s2t;unihan_simplified;unihan_traditional,0,1103
𫜩,(U+2B729),齧,(U+9F67),opencc_s2t;unihan_simplified;unihan_traditional,0,1650
𫜟,(U+2B71F),𪓰,(U+2A4F0),opencc_s2t;unihan_simplified;unihan_traditional,0,5
𫜙,(U+2B719),䵴,(U+4D74),opencc_s2t;unihan_simplified;unihan_traditional,0,18
𫜓,(U+2B713),𪌭,(U+2A32D),opencc_s2t;unihan_simplified;unihan_traditional,0,2
𫜁,(U+2B701),鷩,(U+9DE9),opencc_s2t;unihan_simplified;unihan_traditional,0,75
𫜰,(U+2B730),齾,(U+9F7E),opencc_s2t;unihan_simplified;unihan_traditional,0,7
𫟢,(U+2B7E2),䜖,(U+4716),opencc_s2t;unihan_simplified;unihan_traditional,0,6
𫟡,(U+2B7E1),誴,(U+8AB4),opencc_s2t;unihan_simplified;unihan_traditional,0,5
𫟠,(U+2B7E0),譂,(U+8B42),opencc_s2t;unihan_simplified;unihan_traditional,0,13
𫟟,(U+2B7DF),詊,(U+8A4A),opencc_s2t;unihan_simplified;unihan_traditional,0,5
𫟞,(U+2B7DE),訨,(U+8A28),opencc_s2t;unihan_simplified;unihan_traditional,0,1
𫟆,(U+2B7C6),緟,(U+7DDF),opencc_s2t;unihan_simplified;unihan_traditional,0,9
𫟅,(U+2B7C5),綡,(U+7DA1),opencc_s2t;unihan_simplified;unihan_traditional,0,2
𫞗,(U+2B797),潣,(U+6F63),opencc_s2t;unihan_simplified;unihan_traditional,0,1
𫟃,(U+2B7C3),絍,(U+7D4D),opencc_s2t;unihan_simplified;unihan_traditional,0,156
𫞷,(U+2B7B7),𥢶,(U+258B6),opencc_s2t;unihan_simplified;unihan_traditional,0,153
𫞩,(U+2B7A9),璊,(U+748A),opencc_s2t;unihan_simplified;unihan_traditional,0,14
𫞥,(U+2B7A5),珼,(U+73FC),opencc_s2t;unihan_simplified;unihan_traditional,0,20
𫞡,(U+2B7A1),爃,(U+7203),opencc_s2t;unihan_simplified;unihan_traditional,0,8
𫞠,(U+2B7A0),爧,(U+7227),opencc_s2t;unihan_simplified;unihan_traditional,0,1
𫞛,(U+2B79B),㶆,(U+3D86),opencc_s2t;unihan_simplified;unihan_traditional,0,1
𫞚,(U+2B79A),澬,(U+6FAC),opencc_s2t;unihan_simplified;unihan_traditional,0,25
𫟄,(U+2B7C4),綋,(U+7D8B),opencc_s2t;unihan_simplified;unihan_traditional,0,8
𫯒,(U+2BBD2),𨑊,(U+2844A),unihan_simplified;unihan_traditional,0,15
𫯥,(U+2BBE5),奯,(U+596F),unihan_simplified;unihan_traditional,0,592
𫯶,(U+2BBF6),奫,(U+596B),unihan_simplified;unihan_traditional,0,78
𫰂,(U+2BC02),奲,(U+5972),unihan_simplified;unihan_traditional,0,6
𫰛,(U+2BC1B),娙,(U+5A19),opencc_s2t;unihan_simplified;unihan_traditional,0,41
𫰡,(U+2BC21),嬅,(U+5B05),unihan_simplified;unihan_traditional,0,1
𫰰,(U+2BC30),嬐,(U+5B10),unihan_simplified;unihan_traditional,0,8
𫰹,(U+2BC39),嫢,(U+5AE2),unihan_simplified;unihan_traditional,0,2
𫱕,(U+2BC55),㜮,(U+372E),unihan_simplified;unihan_traditional,0,3
𫲗,(U+2BC97),㜺,(U+373A),unihan_simplified;unihan_traditional,0,2
𫵵,(U+2BD75),崵,(U+5D35),unihan_simplified;unihan_traditional,0,5
𫵸,(U+2BD78),𡷨,(U+21DE8),unihan_simplified;unihan_traditional,0,4
𫶅,(U+2BD85),㠁,(U+3801),unihan_simplified;unihan_traditional,0,6
𫶇,(U+2BD87),嵽,(U+5D7D),opencc_s2t;unihan_simplified;unihan_traditional,0,22
𫶊,(U+2BD8A),𡽳,(U+21F73),unihan_simplified;unihan_traditional,0,4
𫥼,(U+2B97C),𠜲,(U+20732),unihan_simplified;unihan_traditional,0,2
𫺊,(U+2BE8A),懠,(U+61E0),unihan_simplified;unihan_traditional,0,10
𫺂,(U+2BE82),悏,(U+608F),unihan_simplified;unihan_traditional,0,30
𫺁,(U+2BE81),㤲,(U+3932),unihan_simplified;unihan_traditional,0,3
𫹽,(U+2BE7D),慯,(U+616F),unihan_simplified;unihan_traditional,0,10
𫹼,(U+2BE7C),𢛔,(U+226D4),unihan_simplified;unihan_traditional,0,3
𫹷,(U+2BE77),𢥠,(U+22960),unihan_simplified;unihan_traditional,0,34
𫹴,(U+2BE74),愇,(U+6107),unihan_simplified;unihan_traditional,0,28
𫶕,(U+2BD95),巆,(U+5DC6),unihan_simplified;unihan_traditional,0,7
𫸩,(U+2BE29),彄,(U+5F44),opencc_s2t;unihan_simplified;unihan_traditional,0,11
𫷾,(U+2BDFE),廮,(U+5EEE),unihan_simplified;unihan_traditional,0,73
𫷹,(U+2BDF9),廔,(U+5ED4),unihan_simplified;unihan_traditional,0,31
𫷷,(U+2BDF7),廞,(U+5EDE),opencc_s2t;unihan_simplified;unihan_traditional,0,158
𫷮,(U+2BDEE),廕,(U+5ED5),unihan_simplified;unihan_traditional,0,611
𫷬,(U+2BDEC),庲,(U+5EB2),unihan_simplified;unihan_traditional,0,10
𫷉,(U+2BDC9),幰,(U+5E70),unihan_simplified;unihan_traditional,0,444
𫷅,(U+2BDC5),㡓,(U+3853),unihan_simplified;unihan_traditional,0,3
𫹮,(U+2BE6E),懙,(U+61D9),unihan_simplified;unihan_traditional,0,6
𫪃,(U+2BA83),囇,(U+56C7),unihan_simplified;unihan_traditional,0,483
𫪂,(U+2BA82),㘙,(U+3619),unihan_simplified;unihan_traditional,0,3
𫪀,(U+2BA80),㗻,(U+35FB),unihan_simplified;unihan_traditional,0,37
𫩯,(U+2BA6F),𠹛,(U+20E5B),unihan_simplified;unihan_traditional,0,18
𫩫,(U+2BA6B),嚈,(U+5688),unihan_simplified;unihan_traditional,0,212
𫩩,(U+2BA69),㗙,(U+35D9),unihan_simplified;unihan_traditional,0,8
𫩤,(U+2BA64),㗼,(U+35FC),unihan_simplified;unihan_traditional,0,2
𫮅,(U+2BB85),墋,(U+588B),unihan_simplified;unihan_traditional,0,134
𫩕,(U+2BA55),嚝,(U+569D),unihan_simplified;unihan_traditional,0,245
𫨆,(U+2BA06),𠩘,(U+20A58),unihan_simplified;unihan_traditional,0,2
𫧯,(U+2B9EF),卨,(U+5368),unihan_simplified;unihan_traditional,0,38
𫦳,(U+2B9B3),㔢,(U+3522),unihan_simplified;unihan_traditional,0,5
𫦩,(U+2B9A9),㔝,(U+351D),unihan_simplified;unihan_traditional,0,1
𫦌,(U+2B98C),㔃,(U+3503),unihan_simplified;unihan_traditional,0,11
𫦉,(U+2B989),𠞭,(U+207AD),unihan_simplified;unihan_traditional,0,3
𫦅,(U+2B985),㔅,(U+3505),unihan_simplified;unihan_traditional,0,2
𫩚,(U+2BA5A),𠵹,(U+20D79),unihan_simplified;unihan_traditional,0,1
𫮃,(U+2BB83),墠,(U+58A0),opencc_s2t;unihan_simplified;unihan_traditional,0,308
𫭲,(U+2BB72),壧,(U+58E7),unihan_simplified;unihan_traditional,0,3
𫭮,(U+2BB6E),𡍫,(U+2136B),unihan_simplified;unihan_traditional,0,57
𫭪,(U+2BB6A),墝,(U+589D),unihan_simplified;unihan_traditional,0,41
𫭨,(U+2BB68),墢,(U+58A2),unihan_simplified;unihan_traditional,0,12
𫭢,(U+2BB62),埨,(U+57E8),opencc_s2t;unihan_simplified;unihan_traditional,0,8
𫭟,(U+2BB5F),塸,(U+5878),opencc_s2t;unihan_simplified;unihan_traditional,0,127
𫪘,(U+2BA98),𡂿,(U+210BF),unihan_simplified;unihan_traditional,0,12
𫫾,(U+2BAFE),嚬,(U+56AC),unihan_simplified;unihan_traditional,0,1261
𫫦,(U+2BAE6),嚪,(U+56AA),unihan_simplified;unihan_traditional,0,49
𫫇,(U+2BAC7),噁,(U+5641),opencc_s2t;unihan_simplified;unihan_traditional,0,722
𫪽,(U+2BABD),𠾬,(U+20FAC),unihan_simplified;unihan_traditional,0,10
𫪺,(U+2BABA),㗣,(U+35E3),unihan_simplified;unihan_traditional,0,15
𫪪,(U+2BAAA),𡂒,(U+21092),unihan_simplified;unihan_traditional,0,4
𫪧,(U+2BAA7),嘄,(U+5604),unihan_simplified;unihan_traditional,0,8
𫪚,(U+2BA9A),𠼗,(U+20F17),unihan_simplified;unihan_traditional,0,1
𫭞,(U+2BB5E),塼,(U+587C),unihan_simplified;unihan_traditional,0,1042
𬭢,(U+2CB62),鐀,(U+9400),unihan_simplified;unihan_traditional,0,8
𬭣,(U+2CB63),䤼,(U+493C),unihan_simplified;unihan_traditional,0,12
𬭤,(U+2CB64),鍭,(U+936D),opencc_s2t;unihan_simplified;unihan_traditional,0,59
𬭦,(U+2CB66),鎒,(U+9392),unihan_simplified;unihan_traditional,0,12
𬭨,(U+2CB68),鎚,(U+939A),unihan_simplified;unihan_traditional,0,3542
𬭪,(U+2CB6A),鎋,(U+938B),unihan_simplified;unihan_traditional,0,114
𬭭,(U+2CB6D),鏚,(U+93DA),opencc_s2t;unihan_simplified;unihan_traditional,0,36
𬭰,(U+2CB70),鏔,(U+93D4),unihan_simplified;unihan_traditional,0,11
𬭲,(U+2CB72),鏁,(U+93C1),unihan_simplified;unihan_traditional,0,1359
𬭸,(U+2CB78),鏻,(U+93FB),opencc_s2t;unihan_simplified;unihan_traditional,0,24
𬭺,(U+2CB7A),𨭚,(U+28B5A),unihan_simplified;unihan_traditional,0,3
𬭻,(U+2CB7B),䥞,(U+495E),unihan_simplified;unihan_traditional,0,3
𬭼,(U+2CB7C),鐩,(U+9429),opencc_s2t;unihan_simplified;unihan_traditional,0,21
𬭽,(U+2CB7D),鐴,(U+9434),unihan_simplified;unihan_traditional,0,11
𬮁,(U+2CB81),鑮,(U+946E),unihan_simplified;unihan_traditional,0,10
𬙆,(U+2C646),繙,(U+7E59),unihan_simplified;unihan_traditional,0,275
𬮿,(U+2CBBF),隑,(U+9691),opencc_s2t;unihan_simplified;unihan_traditional,0,7
𬮻,(U+2CBBB),隖,(U+9696),unihan_simplified;unihan_traditional,0,189
𬮵,(U+2CBB5),𨵬,(U+28D6C),unihan_simplified;unihan_traditional,0,1
𬮴,(U+2CBB4),闇,(U+95C7),unihan_simplified;unihan_traditional,0,17448
𬮳,(U+2CBB3),闆,(U+95C6),unihan_simplified;unihan_traditional,0,6
𬮱,(U+2CBB1),闉,(U+95C9),opencc_s2t;unihan_simplified;unihan_traditional,0,224
𬮯,(U+2CBAF),𨵗,(U+28D57),unihan_simplified;unihan_traditional,0,286
𬮃,(U+2CB83),𨰭,(U+28C2D),unihan_simplified;unihan_traditional,0,16
𬮬,(U+2CBAC),𮤒,(U+2E912),unihan_simplified;unihan_traditional,0,3
𬮥,(U+2CBA5),閦,(U+95A6),unihan_simplified;unihan_traditional,0,2988
𬮤,(U+2CBA4),閤,(U+95A4),unihan_simplified;unihan_traditional,0,2381
𬮢,(U+2CBA2),閧,(U+95A7),unihan_simplified;unihan_traditional,0,226
𬮡,(U+2CBA1),𨳿,(U+28CFF),unihan_simplified;unihan_traditional,0,1
𬮠,(U+2CBA0),閜,(U+959C),unihan_simplified;unihan_traditional,0,37
𬮟,(U+2CB9F),焛,(U+711B),unihan_simplified;unihan_traditional,0,1
𬮄,(U+2CB84),𨲭,(U+28CAD),unihan_simplified;unihan_traditional,0,2
𬮭,(U+2CBAD),闚,(U+95DA),unihan_simplified;unihan_traditional,0,633
𬬪,(U+2CB2A),釦,(U+91E6),unihan_simplified;unihan_traditional,0,30
𬬫,(U+2CB2B),鈚,(U+921A),unihan_simplified;unihan_traditional,0,19
𬬭,(U+2CB2D),錀,(U+9300),opencc_s2t;unihan_simplified;unihan_traditional,0,21
𬬮,(U+2CB2E),鋹,(U+92F9),opencc_s2t;unihan_simplified;unihan_traditional,0,36
𬬰,(U+2CB30),鎗,(U+9397),unihan_simplified;unihan_traditional,0,1143
𬬱,(U+2CB31),釿,(U+91FF),opencc_s2t;unihan_simplified;unihan_traditional,0,190
𬬲,(U+2CB32),釽,(U+91FD),unihan_simplified;unihan_traditional,0,10
𬬴,(U+2CB34),𨥜,(U+2895C),unihan_simplified;unihan_traditional,0,8
𬬵,(U+2CB35),鈂,(U+9202),unihan_simplified;unihan_traditional,0,18
𬬷,(U+2CB37),鉐,(U+9250),unihan_simplified;unihan_traditional,0,67
𬬸,(U+2CB38),鉥,(U+9265),opencc_s2t;unihan_simplified;unihan_traditional,0,13
𬬺,(U+2CB3A),鉏,(U+924F),unihan_simplified;unihan_traditional,0,724
𬬻,(U+2CB3B),鑪,(U+946A),opencc_s2t;unihan_simplified;unihan_traditional,0,2466
𬬽,(U+2CB3D),鈼,(U+923C),unihan_simplified;unihan_traditional,0,2
𬬾,(U+2CB3E),鑏,(U+944F),unihan_simplified;unihan_traditional,0,1
𬭝,(U+2CB5D),鏒,(U+93D2),unihan_simplified;unihan_traditional,0,16
𬭜,(U+2CB5C),錑,(U+9311),unihan_simplified;unihan_traditional,0,1
𬭚,(U+2CB5A),錞,(U+931E),opencc_s2t;unihan_simplified;unihan_traditional,0,93
𬭙,(U+2CB59),𨭐,(U+28B50),unihan_simplified;unihan_traditional,0,6
𬭕,(U+2CB55),錭,(U+932D),unihan_simplified;unihan_traditional,0,23
𬭔,(U+2CB54),鑡,(U+9461),unihan_simplified;unihan_traditional,0,7
𬭑,(U+2CB51),𨧫,(U+289EB),unihan_simplified;unihan_traditional,0,1
𬭏,(U+2CB4F),鐊,(U+940A),unihan_simplified;unihan_traditional,0,7
𬬿,(U+2CB3F),鉊,(U+924A),opencc_s2t;unihan_simplified;unihan_traditional,0,15
𬭍,(U+2CB4D),銲,(U+92B2),unihan_simplified;unihan_traditional,0,39
𬭌,(U+2CB4C),鋘,(U+92D8),unihan_simplified;unihan_traditional,0,25
𬭉,(U+2CB49),鑇,(U+9447),unihan_simplified;unihan_traditional,0,9
𬭈,(U+2CB48),䤩,(U+4929),unihan_simplified;unihan_traditional,0,1
𬭅,(U+2CB45),銗,(U+9297),unihan_simplified;unihan_traditional,0,1
𬭃,(U+2CB43),銔,(U+9294),unihan_simplified;unihan_traditional,0,5
𬭁,(U+2CB41),鉧,(U+9267),opencc_s2t;unihan_simplified;unihan_traditional,0,10
𬭀,(U+2CB40),鈶,(U+9236),unihan_simplified;unihan_traditional,0,3
𬭎,(U+2CB4E),鋐,(U+92D0),opencc_s2t;unihan_simplified;unihan_traditional,0,36
𬲳,(U+2CCB3),䭞,(U+4B5E),unihan_simplified;unihan_traditional,0,2
𬲷,(U+2CCB7),䬶,(U+4B36),unihan_simplified;unihan_traditional,0,4
𬲺,(U+2CCBA),𩛞,(U+296DE),unihan_simplified;unihan_traditional,0,12
𬲻,(U+2CCBB),䬾,(U+4B3E),unihan_simplified;unihan_traditional,0,3
𬳀,(U+2CCC0),䭇,(U+4B47),unihan_simplified;unihan_traditional,0,2
𬳁,(U+2CCC1),餚,(U+991A),unihan_simplified;unihan_traditional,0,924
𬳂,(U+2CCC2),餟,(U+991F),unihan_simplified;unihan_traditional,0,39
𬳅,(U+2CCC5),䭉,(U+4B49),unihan_simplified;unihan_traditional,0,14
𬳊,(U+2CCCA),饀,(U+9940),unihan_simplified;unihan_traditional,0,388
𬳌,(U+2CCCC),𩝠,(U+29760),unihan_simplified;unihan_traditional,0,1
𬳍,(U+2CCCD),餹,(U+9939),unihan_simplified;unihan_traditional,0,36
𬳐,(U+2CCD0),𩞉,(U+29789),unihan_simplified;unihan_traditional,0,1
𬳔,(U+2CCD4),𩟠,(U+297E0),unihan_simplified;unihan_traditional,0,3
𬳟,(U+2CCDF),馩,(U+99A9),unihan_simplified;unihan_traditional,0,11
𬳳,(U+2CCF3),颿,(U+98BF),unihan_simplified;unihan_traditional,0,92
𬯀,(U+2CBC0),隮,(U+96AE),opencc_s2t;unihan_simplified;unihan_traditional,0,40
𬴨,(U+2CD28),𩯆,(U+29BC6),unihan_simplified;unihan_traditional,0,1
𬴐,(U+2CD10),驩,(U+9A69),unihan_simplified;unihan_traditional,0,404
𬴎,(U+2CD0E),𩧐,(U+299D0),unihan_simplified;unihan_traditional,0,36
𬴍,(U+2CD0D),䮽,(U+4BBD),unihan_simplified;unihan_traditional,0,19
𬴋,(U+2CD0B),驖,(U+9A56),unihan_simplified;unihan_traditional,0,2
𬴊,(U+2CD0A),驎,(U+9A4E),opencc_s2t;unihan_simplified;unihan_traditional,0,512
𬴃,(U+2CD03),騞,(U+9A1E),opencc_s2t;unihan_simplified;unihan_traditional,0,15
𬳴,(U+2CCF4),駍,(U+99CD),unihan_simplified;unihan_traditional,0,11
𬳿,(U+2CCFF),駼,(U+99FC),opencc_s2t;unihan_simplified;unihan_traditional,0,66
𬳽,(U+2CCFD),駪,(U+99EA),opencc_s2t;unihan_simplified;unihan_traditional,0,3
𬳻,(U+2CCFB),𩢼,(U+298BC),unihan_simplified;unihan_traditional,0,4
𬳺,(U+2CCFA),𩢲,(U+298B2),unihan_simplified;unihan_traditional,0,6
𬳹,(U+2CCF9),𩣔,(U+298D4),unihan_simplified;unihan_traditional,0,2
𬳷,(U+2CCF7),𩢍,(U+2988D),unihan_simplified;unihan_traditional,0,3
𬳶,(U+2CCF6),駉,(U+99C9),opencc_s2t;unihan_simplified;unihan_traditional,0,31
𬳵,(U+2CCF5),駓,(U+99D3),opencc_s2t;unihan_simplified;unihan_traditional,0,8
𬴂,(U+2CD02),騑,(U+9A11),opencc_s2t;unihan_simplified;unihan_traditional,0,111
𬱟,(U+2CC5F),頠,(U+9820),opencc_s2t;unihan_simplified;unihan_traditional,0,417
𬱞,(U+2CC5E),𠽸,(U+20F78),unihan_simplified;unihan_traditional,0,2
𬱜,(U+2CC5C),頛,(U+981B),unihan_simplified;unihan_traditional,0,1
𬱛,(U+2CC5B),𩔊,(U+2950A),unihan_simplified;unihan_traditional,0,8
𬱚,(U+2CC5A),𬱂,(U+2CC42),unihan_simplified;unihan_traditional,0,1
𬱙,(U+2CC59),頖,(U+9816),unihan_simplified;unihan_traditional,0,13
𬱗,(U+2CC57),頕,(U+9815),unihan_simplified;unihan_traditional,0,2
𬲱,(U+2CCB1),𮨻,(U+2EA3B),unihan_simplified;unihan_traditional,0,2
𬱔,(U+2CC54),𩑣,(U+29463),unihan_simplified;unihan_traditional,0,7
𬱓,(U+2CC53),頄,(U+9804),unihan_simplified;unihan_traditional,0,1
𬰳,(U+2CC33),䪓,(U+4A93),unihan_simplified;unihan_traditional,0,2
𬰲,(U+2CC32),𩘚,(U+2961A),unihan_simplified;unihan_traditional,0,3
𬰥,(U+2CC25),䩫,(U+4A6B),unihan_simplified;unihan_traditional,0,28
𬰤,(U+2CC24),𩋰,(U+292F0),unihan_simplified;unihan_traditional,0,7
𬯎,(U+2CBCE),隤,(U+96A4),opencc_s2t;unihan_simplified;unihan_traditional,0,441
𬯅,(U+2CBC5),陿,(U+967F),unihan_simplified;unihan_traditional,0,622
𬱖,(U+2CC56),頔,(U+9814),opencc_s2t;unihan_simplified;unihan_traditional,0,467
𬲯,(U+2CCAF),䬲,(U+4B32),unihan_simplified;unihan_traditional,0,1
𬲮,(U+2CCAE),䬫,(U+4B2B),unihan_simplified;unihan_traditional,0,54
𬲦,(U+2CCA6),飤,(U+98E4),unihan_simplified;unihan_traditional,0,218
𬲥,(U+2CCA5),𩚅,(U+29685),unihan_simplified;unihan_traditional,0,116
𬲕,(U+2CC95),䭕,(U+4B55),unihan_simplified;unihan_traditional,0,5
𬲀,(U+2CC80),䬍,(U+4B0D),unihan_simplified;unihan_traditional,0,1
𬱼,(U+2CC7C),颽,(U+98BD),unihan_simplified;unihan_traditional,0,19
𬱠,(U+2CC60),頢,(U+9822),unihan_simplified;unihan_traditional,0,20
𬱵,(U+2CC75),颹,(U+98B9),unihan_simplified;unihan_traditional,0,1
𬱳,(U+2CC73),龥,(U+9FA5),unihan_simplified;unihan_traditional,0,3
𬱮,(U+2CC6E),䫜,(U+4ADC),unihan_simplified;unihan_traditional,0,4
𬱫,(U+2CC6B),顁,(U+9841),unihan_simplified;unihan_traditional,0,1
𬱪,(U+2CC6A),顊,(U+984A),unihan_simplified;unihan_traditional,0,15
𬱦,(U+2CC66),䫏,(U+4ACF),unihan_simplified;unihan_traditional,0,9
𬱥,(U+2CC65),𩒼,(U+294BC),unihan_simplified;unihan_traditional,0,3
𬱢,(U+2CC62),顐,(U+9850),unihan_simplified;unihan_traditional,0,2
𬱸,(U+2CC78),䬂,(U+4B02),unihan_simplified;unihan_traditional,0,1
𬢎,(U+2C88E),覩,(U+89A9),unihan_simplified;unihan_traditional,0,23883
𬢏,(U+2C88F),𧡪,(U+2786A),unihan_simplified;unihan_traditional,0,3
𬢓,(U+2C893),𧢍,(U+2788D),unihan_simplified;unihan_traditional,0,5
𬢕,(U+2C895),𧣴,(U+278F4),unihan_simplified;unihan_traditional,0,15
𬢪,(U+2C8AA),譸,(U+8B78),unihan_simplified;unihan_traditional,0,148
𬢯,(U+2C8AF),譻,(U+8B7B),unihan_simplified;unihan_traditional,0,3
𬢳,(U+2C8B3),謲,(U+8B32),unihan_simplified;unihan_traditional,0,2
𬣀,(U+2C8C0),讆,(U+8B86),unihan_simplified;unihan_traditional,0,3
𬣙,(U+2C8D9),訏,(U+8A0F),opencc_s2t;unihan_simplified;unihan_traditional,0,126
𬣚,(U+2C8DA),𧥣,(U+27963),unihan_simplified;unihan_traditional,0,32
𬣟,(U+2C8DF),䚵,(U+46B5),unihan_simplified;unihan_traditional,0,1
𬣠,(U+2C8E0),詌,(U+8A4C),unihan_simplified;unihan_traditional,0,4
𬣡,(U+2C8E1),諓,(U+8AD3),opencc_s2t;unihan_simplified;unihan_traditional,0,35
𬣢,(U+2C8E2),𧦭,(U+279AD),unihan_simplified;unihan_traditional,0,3
𬣣,(U+2C8E3),註,(U+8A3B),unihan_simplified;unihan_traditional,0,31266
𬬩,(U+2CB29),釴,(U+91F4),opencc_s2t;unihan_simplified;unihan_traditional,0,58
𬤀,(U+2C900),諕,(U+8AD5),unihan_simplified;unihan_traditional,0,134
𬣿,(U+2C8FF),䜎,(U+470E),unihan_simplified;unihan_traditional,0,9
𬣾,(U+2C8FE),諎,(U+8ACE),unihan_simplified;unihan_traditional,0,3
𬣽,(U+2C8FD),謰,(U+8B30),unihan_simplified;unihan_traditional,0,2
𬣼,(U+2C8FC),誏,(U+8A8F),unihan_simplified;unihan_traditional,0,2
𬣻,(U+2C8FB),誔,(U+8A94),unihan_simplified;unihan_traditional,0,10
𬣸,(U+2C8F8),䛞,(U+46DE),unihan_simplified;unihan_traditional,0,3
𬣤,(U+2C8E4),詃,(U+8A43),unihan_simplified;unihan_traditional,0,203
𬣵,(U+2C8F5),𧬻,(U+27B3B),unihan_simplified;unihan_traditional,0,1
𬣳,(U+2C8F3),詪,(U+8A6A),opencc_s2t;unihan_simplified;unihan_traditional,0,15
𬣲,(U+2C8F2),誁,(U+8A81),unihan_simplified;unihan_traditional,0,7
𬣱,(U+2C8F1),詶,(U+8A76),unihan_simplified;unihan_traditional,0,1304
𬣯,(U+2C8EF),䛘,(U+46D8),unihan_simplified;unihan_traditional,0,18
𬣮,(U+2C8EE),詺,(U+8A7A),unihan_simplified;unihan_traditional,0,782
𬣭,(U+2C8ED),譡,(U+8B61),unihan_simplified;unihan_traditional,0,208
𬣩,(U+2C8E9),詴,(U+8A74),unihan_simplified;unihan_traditional,0,9
𬣷,(U+2C8F7),誎,(U+8A8E),unihan_simplified;unihan_traditional,0,4
𬜸,(U+2C738),蘹,(U+8639),unihan_simplified;unihan_traditional,0,9
𬜯,(U+2C72F),䓣,(U+44E3),opencc_s2t;unihan_simplified;unihan_traditional,0,43
𬜨,(U+2C728),薉,(U+8589),unihan_simplified;unihan_traditional,0,271
𬜧,(U+2C727),蕟,(U+855F),unihan_simplified;unihan_traditional,0,17
𬜥,(U+2C725),葻,(U+847B),unihan_simplified;unihan_traditional,0,3
𬛼,(U+2C6FC),轝,(U+8F5D),unihan_simplified;unihan_traditional,0,497
𬛹,(U+2C6F9),䑗,(U+4457),unihan_simplified;unihan_traditional,0,15
𬢌,(U+2C88C),覟,(U+899F),unihan_simplified;unihan_traditional,0,4
𬙪,(U+2C66A),𦌾,(U+2633E),unihan_simplified;unihan_traditional,0,7
𬙝,(U+2C65D),罼,(U+7F7C),unihan_simplified;unihan_traditional,0,28
𬙏,(U+2C64F),𬙔,(U+2C654),unihan_simplified;unihan_traditional,0,1
𬙎,(U+2C64E),罏,(U+7F4F),unihan_simplified;unihan_traditional,0,946
𬙋,(U+2C64B),纕,(U+7E95),opencc_s2t;unihan_simplified;unihan_traditional,0,55
𬙊,(U+2C64A),纆,(U+7E86),opencc_s2t;unihan_simplified;unihan_traditional,0,87
𬙉,(U+2C649),繵,(U+7E75),unihan_simplified;unihan_traditional,0,6
𬙈,(U+2C648),繗,(U+7E57),unihan_simplified;unihan_traditional,0,3
𬚄,(U+2C684),䎘,(U+4398),unihan_simplified;unihan_traditional,0,2
𬢋,(U+2C88B),覜,(U+899C),unihan_simplified;unihan_traditional,0,22
𬢊,(U+2C88A),覗,(U+8997),unihan_simplified;unihan_traditional,0,16
𬡠,(U+2C860),𧟌,(U+277CC),unihan_simplified;unihan_traditional,0,4
𬡕,(U+2C855),𧜁,(U+27701),unihan_simplified;unihan_traditional,0,7
𬡓,(U+2C853),褺,(U+893A),unihan_simplified;unihan_traditional,0,247
𬡍,(U+2C84D),𧜣,(U+27723),unihan_simplified;unihan_traditional,0,1
𬡇,(U+2C847),褭,(U+892D),unihan_simplified;unihan_traditional,0,86
𬜿,(U+2C73F),蔮,(U+852E),unihan_simplified;unihan_traditional,0,3
𬠅,(U+2C805),蟷,(U+87F7),unihan_simplified;unihan_traditional,0,27
𬟽,(U+2C7FD),蝀,(U+8740),opencc_s2t;unihan_simplified;unihan_traditional,0,123
𬟪,(U+2C7EA),覤,(U+89A4),unihan_simplified;unihan_traditional,0,206
𬞟,(U+2C79F),蘋,(U+860B),opencc_s2t;unihan_simplified;unihan_traditional,0,601
𬞘,(U+2C798),藬,(U+85EC),unihan_simplified;unihan_traditional,0,1
𬞕,(U+2C795),蘭,(U+862D),unihan_simplified;unihan_traditional,0,34125
𬝴,(U+2C774),䕼,(U+457C),unihan_simplified;unihan_traditional,0,1
𬝯,(U+2C76F),薲,(U+85B2),unihan_simplified;unihan_traditional,0,4
𬠠,(U+2C820),蠈,(U+8808),unihan_simplified;unihan_traditional,0,14
𬦣,(U+2C9A3),𨇗,(U+281D7),unihan_simplified;unihan_traditional,0,3
𬦥,(U+2C9A5),䟺,(U+47FA),unihan_simplified;unihan_traditional,0,23
𬦧,(U+2C9A7),踚,(U+8E1A),unihan_simplified;unihan_traditional,0,7
𬦯,(U+2C9AF),𨁂,(U+28042),unihan_simplified;unihan_traditional,0,23
𬦵,(U+2C9B5),𨄰,(U+28130),unihan_simplified;unihan_traditional,0,2
𬧀,(U+2C9C0),蹡,(U+8E61),unihan_simplified;unihan_traditional,0,49
𬧃,(U+2C9C3),䠮,(U+482E),unihan_simplified;unihan_traditional,0,14
𬧚,(U+2C9DA),𨈀,(U+28200),unihan_simplified;unihan_traditional,0,12
𬧛,(U+2C9DB),𨈆,(U+28206),unihan_simplified;unihan_traditional,0,4
𬧩,(U+2C9E9),𨉹,(U+28279),unihan_simplified;unihan_traditional,0,2
𬨁,(U+2CA01),軞,(U+8EDE),unihan_simplified;unihan_traditional,0,1
𬨂,(U+2CA02),軝,(U+8EDD),opencc_s2t;unihan_simplified;unihan_traditional,0,1
𬨃,(U+2CA03),𨋁,(U+282C1),unihan_simplified;unihan_traditional,0,24
𬨄,(U+2CA04),軮,(U+8EEE),unihan_simplified;unihan_traditional,0,12
𬨆,(U+2CA06),䡗,(U+4857),unihan_simplified;unihan_traditional,0,2
𬤁,(U+2C901),䛬,(U+46EC),unihan_simplified;unihan_traditional,0,19
𬬨,(U+2CB28),釫,(U+91EB),unihan_simplified;unihan_traditional,0,9
𬬧,(U+2CB27),釬,(U+91EC),unihan_simplified;unihan_traditional,0,36
𬪩,(U+2CAA9),醲,(U+91B2),opencc_s2t;unihan_simplified;unihan_traditional,0,90
𬪨,(U+2CAA8),醆,(U+9186),unihan_simplified;unihan_traditional,0,40
𬪍,(U+2CA8D),鄮,(U+912E),unihan_simplified;unihan_traditional,0,810
𬩾,(U+2CA7E),郲,(U+90F2),unihan_simplified;unihan_traditional,0,7
𬩽,(U+2CA7D),鄩,(U+9129),opencc_s2t;unihan_simplified;unihan_traditional,0,18
𬨇,(U+2CA07),輆,(U+8F06),unihan_simplified;unihan_traditional,0,42
𬨓,(U+2CA13),轈,(U+8F48),unihan_simplified;unihan_traditional,0,1
𬨒,(U+2CA12),𨎩,(U+283A9),unihan_simplified;unihan_traditional,0,2
𬨐,(U+2CA10),𨍹,(U+28379),unihan_simplified;unihan_traditional,0,1
𬨏,(U+2CA0F),𨍐,(U+28350),unihan_simplified;unihan_traditional,0,1
𬨎,(U+2CA0E),輶,(U+8F36),opencc_s2t;unihan_simplified;unihan_traditional,0,143
𬨍,(U+2CA0D),輵,(U+8F35),unihan_simplified;unihan_traditional,0,16
𬨌,(U+2CA0C),䡟,(U+485F),unihan_simplified;unihan_traditional,0,3
𬨈,(U+2CA08),輓,(U+8F13),unihan_simplified;unihan_traditional,0,749
𬨔,(U+2CA14),䡶,(U+4876),unihan_simplified;unihan_traditional,0,1
𬤛,(U+2C91B),讇,(U+8B87),unihan_simplified;unihan_traditional,0,181
𬤙,(U+2C919),謼,(U+8B3C),unihan_simplified;unihan_traditional,0,214
𬤕,(U+2C915),𧪦,(U+27AA6),unihan_simplified;unihan_traditional,0,1
𬤒,(U+2C912),𧪞,(U+27A9E),unihan_simplified;unihan_traditional,0,3
𬤑,(U+2C911),䛿,(U+46FF),unihan_simplified;unihan_traditional,0,5
𬤐,(U+2C910),謌,(U+8B0C),unihan_simplified;unihan_traditional,0,385
𬤎,(U+2C90E),諠,(U+8AE0),unihan_simplified;unihan_traditional,0,1385
𬥶,(U+2C976),貱,(U+8CB1),unihan_simplified;unihan_traditional,0,2
𬤋,(U+2C90B),𧩪,(U+27A6A),unihan_simplified;unihan_traditional,0,6
𬤊,(U+2C90A),諟,(U+8ADF),opencc_s2t;unihan_simplified;unihan_traditional,0,118
𬤉,(U+2C909),䜋,(U+470B),unihan_simplified;unihan_traditional,0,3
𬤇,(U+2C907),諲,(U+8AF2),opencc_s2t;unihan_simplified;unihan_traditional,0,901
𬤆,(U+2C906),謴,(U+8B34),unihan_simplified;unihan_traditional,0,28
𬤅,(U+2C905),𧩦,(U+27A66),unihan_simplified;unihan_traditional,0,3
𬤄,(U+2C904),謲,(U+8B32),unihan_simplified;unihan_traditional,0,2
𬤂,(U+2C902),𧨾,(U+27A3E),unihan_simplified;unihan_traditional,0,3
𬤍,(U+2C90D),諻,(U+8AFB),unihan_simplified;unihan_traditional,0,6
𬥵,(U+2C975),䝯,(U+476F),unihan_simplified;unihan_traditional,0,3
𬥴,(U+2C974),𧵊,(U+27D4A),unihan_simplified;unihan_traditional,0,10
𬥈,(U+2C948),䫉,(U+4AC9),unihan_simplified;unihan_traditional,0,19
𬤰,(U+2C930),讙,(U+8B99),unihan_simplified;unihan_traditional,0,344
𬤯,(U+2C92F),𧮈,(U+27B88),unihan_simplified;unihan_traditional,0,11
𬤮,(U+2C92E),讚,(U+8B9A),unihan_simplified;unihan_traditional,0,72070
𬤭,(U+2C92D),譿,(U+8B7F),unihan_simplified;unihan_traditional,0,7
𬤜,(U+2C91C),𧬅,(U+27B05),unihan_simplified;unihan_traditional,0,2
𬤫,(U+2C92B),譹,(U+8B79),unihan_simplified;unihan_traditional,0,3
𬤩,(U+2C929),譺,(U+8B7A),unihan_simplified;unihan_traditional,0,74
𬤨,(U+2C928),譟,(U+8B5F),unihan_simplified;unihan_traditional,0,403
𬤦,(U+2C926),讉,(U+8B89),unihan_simplified;unihan_traditional,0,5
𬤥,(U+2C925),譔,(U+8B54),unihan_simplified;unihan_traditional,0,588
𬤤,(U+2C924),譄,(U+8B44),unihan_simplified;unihan_traditional,0,2
𬤢,(U+2C922),譐,(U+8B50),unihan_simplified;unihan_traditional,0,3
𬤝,(U+2C91D),譓,(U+8B53),opencc_s2t;unihan_simplified;unihan_traditional,0,24
𬤬,(U+2C92C),䜝,(U+471D),unihan_simplified;unihan_traditional,0,58
𱞠,U+317A0,𢤞,U-0002291E,,0,6
𱞰,U+317B0,𢥇,U-00022947,,0,10
𱟬,U+317EC,摺,U+647A,,0,575
𱟭,U+317ED,𢷄,U-00022DC4,,0,14
𱟸,U+317F8,揁,U+63C1,,0,54
𱟽,U+317FD,𢰸,U-00022C38,,0,4
𱠸,U+31838,𢷻,U-00022DFB,,0,16
𱣂,U+318C2,㮧,U+3BA7,,0,7
𱣄,U+318C4,𪳵,U-0002ACF5,,0,13
𱣇,U+318C7,檏,U+6A8F,,0,45
𱣘,U+318D8,𣟵,U-000237F5,,0,8
𱣚,U+318DA,槓,U+69D3,,0,8
𱣞,U+318DE,𣗼,U-000235FC,,0,13
𱣤,U+318E4,橺,U+6A7A,,0,7
𱣱,U+318F1,樌,U+6A0C,,0,3
𫜄,(U+2B704),鷷,(U+9DF7),opencc_s2t;unihan_simplified;unihan_traditional,0,1
𱥸,U+31978,濮,U+6FEE,,0,1074
𱦏,U+3198F,潨,U+6F68,,0,5
𱨚,U+31A1A,濭,U+6FED,,0,4
𱨸,U+31A38,𤄃,U-00024103,,0,24
𱩪,U+31A6A,灆,U+7046,,0,96
𱪵,U+31AB5,爐,U+7210,,0,15729
𱪿,U+31ABF,勲,U+52F2,,0,27
𱫜,U+31ADC,𤎽,U-000243BD,,0,1
𱰱,U+31C31,𤲍,U-00024C8D,,0,1
𱱗,U+31C57,癥,U+7665,,0,132
𱲒,U+31C92,盪,U+76EA,,0,1463
𱲥,U+31CA5,䁑,U+4051,,0,4
𱲦,U+31CA6,瞴,U+77B4,,0,3
𱲮,U+31CAE,䁺,U+407A,,0,3
𱳅,U+31CC5,𥍉,U-00025349,,0,22
𱤚,U+3191A,欄,U+6B04,,0,5783
𰸄,U+30E04,踼,U+8E3C,,0,79
𰽅,U+30F45,𮣮,U+2E8EE,,0,8
𰽤,U+30F64,鈌,U+920C,,0,65
𱅑,U+31151,駦,U+99E6,,0,1
𱎟,U+3139F,偒,U+5052,,0,12
𱎫,U+313AB,俹,U+4FF9,,0,67
𱏀,U+313C0,僫,U+50EB,,0,32
𱏂,U+313C2,𠐒,U-00020412,,0,17
𱏐,U+313D0,償,U+511F,,0,4101
𱏔,U+313D4,𫣻,U+2B8FB,,0,1
𱏩,U+313E9,㒯,U+34AF,,0,5
𱐙,U+31419,剷,U+5277,,0,217
𱒂,U+31482,啺,U+557A,,0,4
𱒦,U+314A6,嚋,U+568B,,0,7
𱒶,U+314B6,𭊳,U+2D2B3,,0,3
𱞕,U+31795,憳,U+61B3,,0,1
𱞎,U+3178E,憑,U+6191,,0,12763
𱞋,U+3178B,𢥈,U-00022948,,0,5
𱜤,U+31724,𢂿,U-000220BF,,0,28
𱜇,U+31707,嶺,U+5DBA,,0,18147
𱛴,U+316F4,𱜊,U+3170A,,0,1
𱛚,U+316DA,𡺱,U-00021EB1,,0,3
𱛓,U+316D3,巄,U+5DC4,,0,6
𱒸,U+314B8,𠽫,U-00020F6B,,0,1
𱛇,U+316C7,㠘,U+3818,,0,3
𱙄,U+31644,嬩,U+5B29,,0,3
𱙂,U+31642,婗,U+5A57,,0,4
𱖺,U+315BA,𪤑,U-0002A911,,0,2
𱔹,U+31539,𭋶,U+2D2F6,,0,14
𱔌,U+3150C,𭍌,U+2D34C,,0,47
𱓧,U+314E7,𡂺,U-000210BA,,0,7
𱓁,U+314C1,囌,U+56CC,,0,158
𱛍,U+316CD,崘,U+5D18,,0,331
𲂕,U+32095,譧,U+8B67,,0,7
𲂺,U+320BA,𧴲,U-00027D32,,0,25
𲂻,U+320BB,賏,U+8CCF,,0,125
𲂾,U+320BE,𧵑,U-00027D51,,0,6
𲂿,U+320BF,𧵛,U-00027D5B,,0,3
𲃄,U+320C4,賲,U+8CF2,,0,3
𲃜,U+320DC,𨄙,U-00028119,,0,2
𲃦,U+320E6,𨇱,U-000281F1,,0,3
𲃫,U+320EB,蹟,U+8E5F,,0,3459
𲄙,U+32119,𨊛,U-0002829B,,0,2
𲄧,U+32127,軁,U+8EC1,,0,39
𲅁,U+32141,𨊵,U-000282B5,,0,1
𲅗,U+32157,遉,U+9049,,0,8
𲆭,U+321AD,醻,U+91BB,,0,365
𲇰,U+321F0,釰,U+91F0,,0,531
𱳯,U+31CEF,碖,U+7896,,0,7
𲈝,U+3221D,鏴,U+93F4,,0,90
𲈜,U+3221C,鏳,U+93F3,,0,4
𲈛,U+3221B,鐘,U+9418,,0,17067
𲈚,U+3221A,鐛,U+941B,,0,1
𲈍,U+3220D,鎁,U+9381,,0,276
𲈈,U+32208,𨨠,U-00028A20,,0,3
𲈇,U+32207,𨨞,U-00028A1E,,0,19
𲇱,U+321F1,鈘,U+9218,,0,23
𲈀,U+32200,鐱,U+9431,,0,44
𲇾,U+321FE,𨨄,U-00028A04,,0,5
𲇻,U+321FB,銌,U+928C,,0,1
𲇸,U+321F8,鈱,U+9231,,0,15
𲇷,U+321F7,錬,U+932C,,0,6
𲇴,U+321F4,鈊,U+920A,,0,1
𲇳,U+321F3,䤝,U+491D,,0,1
𲇲,U+321F2,鏄,U+93C4,,0,5
𲈆,U+32206,鋿,U+92FF,,0,5
𱳹,U+31CF9,礑,U+7911,,0,1
𱴏,U+31D0F,𥕏,U-0002554F,,0,2
𱶂,U+31D82,𥣘,U-000258D8,,0,3
𱶌,U+31D8C,積,U+7A4D,,0,48776
𱶐,U+31D90,𥢒,U-00025892,,0,5
𱷕,U+31DD5,𥨊,U-00025A0A,,0,364
𱷷,U+31DF7,䉅,U+4245,,0,1
𱸗,U+31E17,𥷨,U-00025DE8,,0,1
𱸧,U+31E27,𥶇,U-00025D87,,0,1
𱸾,U+31E3E,糩,U+7CE9,,0,207
𱺙,U+31E99,𥿡,U-00025FE1,,0,1
𱺛,U+31E9B,䋘,U+42D8,,0,2
𱺞,U+31E9E,𦀽,U-0002603D,,0,82
𱺢,U+31EA2,𦀨,U-00026028,,0,3
𱺧,U+31EA7,練,U+7DF4,,0,12256
𲂔,U+32094,謶,U+8B36,,0,45
𲂐,U+32090,諵,U+8AF5,,0,86
𲂍,U+3208D,誩,U+8AA9,,0,20
𲂊,U+3208A,譁,U+8B41,,0,728
𲂉,U+32089,䛩,U+46E9,,0,7
𲂆,U+32086,䛅,U+46C5,,0,3
𲂅,U+32085,訯,U+8A2F,,0,1
𲂂,U+32082,訉,U+8A09,,0,5
𱺯,U+31EAF,䌨,U+4328,,0,2
𲁑,U+32051,覔,U+8994,,0,3577
𱽱,U+31F71,䕠,U+4560,,0,8
𱽪,U+31F6A,薗,U+8597,,0,435
𱽜,U+31F5C,蓻,U+84FB,,0,92
𱽚,U+31F5A,藥,U+85E5,,0,76213
𱽘,U+31F58,䕺,U+457A,,0,11
𱽗,U+31F57,蘆,U+8606,,0,7015
𱼸,U+31F38,䑺,U+447A,,0,5
𲁘,U+32058,𧡱,U-00027871,,0,2
𱍁,(U+31341),龏,(U+9F8F),unihan_simplified;unihan_traditional,0,3
𱍂,(U+31342),龖,(U+9F96),unihan_simplified;unihan_traditional,0,2
𱍈,(U+31348),龞,(U+9F9E),unihan_simplified;unihan_traditional,0,1
𲁖,(U+32056),覮,(U+89AE),unihan_simplified;unihan_traditional,0,5
㕯,U+356F,咼,U+54BC,,0,165
㚩,U+36A9,姌,U+59CC,,0,1
㧉,U+39C9,𭡾,U+2D87E,,0,6
䐂,U+4402,腞,U+815E,,0,6
䒣,U+44A3,苒,U+82D2,,0,300
䫇,U+4AC7,𩓿,U-000294FF,,0,12
䶷,U+4DB7,唲,U+5532,,0,26
䶸,U+4DB8,嚒,U+5692,,0,3
丬,U+4E2C,爿,U+723F,,0,453
撯,U+64AF,擆,U+64C6,,0,26
栃,U+6803,櫔,U+6AD4,,0,6
𰷣,U+30DE3,賛,U+8CDB,,0,946
𢖳,U-000225B3,𢛨,U-000226E8,,0,4
𡺎,U-00021E8E,巉,U+5DC9,,0,369
𡵌,U-00021D4C,嶬,U+5DAC,,0,14
𡵃,U-00021D43,𭗠,U+2D5E0,,0,1
𡩁,U-00021A41,寴,U+5BF4,,0,1
𡉱,U-00021271,㘱,U+3631,,0,9
𠯏,U-00020BCF,𠺪,U-00020EAA,,0,3
滣,U+6EE3,漘,U+6F18,,0,26
𠋂,U-000202C2,儳,U+5133,,0,46
𠊟,U-0002029F,僶,U+50F6,,0,153
𠄴,U-00020134,𩃸,U-000290F8,,0,2
醤,U+91A4,醬,U+91AC,,0,1219
蓤,U+84E4,蔆,U+8506,,0,67
茾,U+833E,𦼠,U-00026F20,,0,4
籶,U+7C76,𥼘,U-00025F18,,0,5
箉,U+7B89,𮅦,U+2E166,,0,3
𠯍,U-00020BCD,呥,U+5465,,0,1
𱋢,(U+312E2),𪍑,(U+2A351),unihan_simplified;unihan_traditional,0,28
𱋥,(U+312E5),𪍓,(U+2A353),unihan_simplified;unihan_traditional,0,2
𱋪,(U+312EA),䵂,(U+4D42),unihan_simplified;unihan_traditional,0,4
𱋫,(U+312EB),䵃,(U+4D43),unihan_simplified;unihan_traditional,0,13
𱋬,(U+312EC),𪍴,(U+2A374),unihan_simplified;unihan_traditional,0,1
𱋱,(U+312F1),黂,(U+9EC2),unihan_simplified;unihan_traditional,0,11
𱋾,(U+312FE),鼀,(U+9F00),unihan_simplified;unihan_traditional,0,6
𱋿,(U+312FF),鼁,(U+9F01),unihan_simplified;unihan_traditional,0,11
𱌃,(U+31303),䵷,(U+4D77),unihan_simplified;unihan_traditional,0,18
𱌄,(U+31304),鼅,(U+9F05),unihan_simplified;unihan_traditional,0,8
𱌆,(U+31306),鼆,(U+9F06),unihan_simplified;unihan_traditional,0,1
𱌇,(U+31307),鼈,(U+9F08),unihan_simplified;unihan_traditional,0,2235
𱌉,(U+31309),鼊,(U+9F0A),unihan_simplified;unihan_traditional,0,15
𱌊,(U+3130A),鼚,(U+9F1A),unihan_simplified;unihan_traditional,0,2
𱌏,(U+3130F),鼲,(U+9F32),unihan_simplified;unihan_traditional,0,12
𱌽,(U+3133D),齸,(U+9F78),unihan_simplified;unihan_traditional,0,4
𱌼,(U+3133C),𪙉,(U+2A649),unihan_simplified;unihan_traditional,0,19
𱌺,(U+3133A),齻,(U+9F7B),unihan_simplified;unihan_traditional,0,2
𱌹,(U+31339),齵,(U+9F75),unihan_simplified;unihan_traditional,0,27
𱌸,(U+31338),𪘥,(U+2A625),unihan_simplified;unihan_traditional,0,4
𱌷,(U+31337),𪘬,(U+2A62C),unihan_simplified;unihan_traditional,0,16
𱌶,(U+31336),齱,(U+9F71),unihan_simplified;unihan_traditional,0,10
𱌴,(U+31334),𪘨,(U+2A628),unihan_simplified;unihan_traditional,0,381
𱌖,(U+31316),齈,(U+9F48),unihan_simplified;unihan_traditional,0,19
𱌱,(U+31331),齥,(U+9F65),unihan_simplified;unihan_traditional,0,1
𱌰,(U+31330),䶧,(U+4DA7),unihan_simplified;unihan_traditional,0,82
𱌯,(U+3132F),齝,(U+9F5D),unihan_simplified;unihan_traditional,0,42
𱌮,(U+3132E),齣,(U+9F63),unihan_simplified;unihan_traditional,0,35
𱌬,(U+3132C),齚,(U+9F5A),unihan_simplified;unihan_traditional,0,107
𱌙,(U+31319),𪗋,(U+2A5CB),unihan_simplified;unihan_traditional,0,21
𱌘,(U+31318),齍,(U+9F4D),unihan_simplified;unihan_traditional,0,3
𱌗,(U+31317),齌,(U+9F4C),unihan_simplified;unihan_traditional,0,1
𱌲,(U+31332),齤,(U+9F64),unihan_simplified;unihan_traditional,0,1
𪱾,U-0002AC7E,檷,U+6AB7,,0,10
𪶳,U-0002ADB3,瀺,U+703A,,0,14
𪿱,U-0002AFF1,䃲,U+40F2,,0,11
𫒭,U-0002B4AD,𨰰,U-00028C30,,0,3
𫜿,U-0002B73F,愸,U+6138,,0,61
𫪉,U+2BA89,䨇,U+4A07,,0,105
𫫡,U+2BAE1,𭊭,U+2D2AD,,0,23
𫼪,U+2BF2A,摌,U+644C,,0,1
𬁠,U+2C060,曏,U+66CF,,0,43
𬍒,U+2C352,𬎌,U+2C38C,,0,1
𬧏,U+2C9CF,𮜝,U+2E71D,,0,3
𬨨,U+2CA28,過,U+904E,,0,302083
𬹳,U+2CE73,齎,U+9F4E,,0,4078
𬺪,U+2CEAA,𭸰,U+2DE30,,0,1
𬿜,U+2CFDC,㒂,U+3482,,0,2
𢚾,U-000226BE,愌,U+610C,,0,4
𰷟,U+30DDF,𧶽,U-00027DBD,,0,24
𰵟,U+30D5F,𧮧,U-00027BA7,,0,1
𰱃,U+30C43,鿀,U+9FC0,,0,2
𰫰,U+30AF0,𱺆,U+31E86,,0,1
𰫞,U+30ADE,䌬,U+432C,,0,1
𰪩,U+30AA9,䊯,U+42AF,,0,9
𰩱,U+30A71,𥬕,U-00025B15,,0,6
𭈄,U+2D204,𭍑,U+2D351,,0,18
𰐿,U+3043F,愓,U+6113,,0,218
𰋛,U+302DB,𡘷,U-00021637,,0,5
𰈥,U+30225,𭊕,U+2D295,,0,6
𰄝,U+3011D,𭃶,U+2D0F6,,0,5
𮣷,U+2E8F7,鐻,U+943B,,0,24
𭵊,U+2DD4A,爩,U+7229,,0,2
𭨶,U+2DA36,𮌲,U+2E332,,0,7
𭉧,U+2D267,𭍀,U+2D340,,0,3
𰔖,U+30516,擿,U+64FF,,0,1133
𢩻,U-00022A7B,𭢹,U+2D8B9,,0,2
𢪈,U-00022A88,抩,U+62A9,,0,2
𣲵,U-00023CB5,𣺦,U-00023EA6,,0,2
𣵗,U-00023D57,洖,U+6D16,,0,1
𣶇,U-00023D87,灑,U+7051,,0,12350
𣸨,U-00023E28,濙,U+6FD9,,0,49
𤆓,U-00024193,爌,U+720C,,0,16
𤏲,U-000243F2,𤏸,U-000243F8,,0,1
𤟘,U-000247D8,猭,U+732D,,0,32
𤥺,U-0002497A,瑍,U+744D,,0,64
𤸜,U-00024E1C,癢,U+7662,,0,1683
𥁡,U-00025061,盓,U+76D3,,0,2
𥔣,U-00025523,𥗪,U-000255EA,,0,1
𥘌,U-0002560C,禨,U+79A8,,0,37
𥱤,U-00025C64,𮆀,U+2E180,,0,6
𩿥,U-00029FE5,鸍,U+9E0D,,0,1
𩬘,U-00029B18,𩯨,U-00029BE8,,0,1
𩢬,U-000298AC,驢,U+9A62,,0,12627
𩒹,U-000294B9,𩓾,U-000294FE,,0,4
𩑞,U-0002945E,𩑺,U-0002947A,,0,8
𩉜,U-0002925C,鞿,U+97BF,,0,15
𨳴,U-00028CF4,䦵,U+49B5,,0,4
𨪪,U-00028AAA,鑅,U+9445,,0,19
𥸯,U-00025E2F,䊪,U+42AA,,0,11
𧠆,U-00027806,𮍜,U+2E35C,,0,39
𦼊,U-00026F0A,薐,U+8590,,0,9
𦭜,U-00026B5C,蒦,U+84A6,,0,55
𦅉,U-00026149,䌵,U+4335,,0,14
𦃳,U-000260F3,纞,U+7E9E,,0,4
𦂯,U-000260AF,纔,U+7E94,,0,20266
𦀳,U-00026033,䌧,U+4327,,0,7
𥸽,U-00025E3D,𱹗,U+31E57,,0,1
𨍽,U-0002837D,𨎊,U-0002838A,,0,6
姫,,姬,,,0,2402
𠁧,,中,,,0,1428476
𠁩,,中,,,0,1428476
热,,熱,,,0,34953
偸,,偷,,,0,16658
銭,,錢,,,0,38540
䠂,,楚,,,0,20455
𫠦,,所,,,0,1647813
𡷮,,使,,,0,203076
凣,,凡,,,0,142514
㴜,,遍,,,0,124111
㴞,,滔,,,0,3976
𠁦,,中,,,0,1428476
䛇,,訟,,,0,5517
㝐,,容,,,0,67694
𲈞,U+3221E,鐰,U+9430,,0,9
𠄡,,五,,,0,836892
𠄟,,下,,,0,829914
餠,,餅,,,0,6148
兏,,長,,,0,298474
巣,,巢,,,0,6096
甁,,瓶,,,0,22424
㬪,,疊,,,0,9739
𡉄,,在,,,0,694753
萅,,春,,,0,64166
㙒,,野,,,0,48962
歯,,齒,,,0,14751
䌫,,纜,,,0,1105
𢓓,,作,,,0,847709
㞡,,展,,,0,35449
巓,,巔,,,0,1444
须,,須,,,0,234208
㬌,,景,,,0,39254
𣺌,,渺,,,0,2550
亱,,夜,,,0,133004
圏,,圈,,,0,2873
㕣,,公,,,0,167973
揷,,插,,,0,4793
𢏽,,為,,,0,2231564
䘙,,衛,,,0,27368
䌓,,繁,,,0,14839
䔥,,蕭,,,0,17021
怸,,悉,,,0,150377
䢫,,隨,,,0,370401
稲,,稻,,,0,4282
曁,,暨,,,0,3208
権,,權,,,0,63975
㝶,,得,,,0,1284953
漑,,溉,,,0,1596
㫫,,顯,,,0,232436
䔢,,華,,,0,265227
镸,,長,,,0,298474
䛊,,識,,,0,447043
靇,,龍,,,0,150700
尐,,少,,,0,153311
䊷,,純,,,0,28447
𢷬,,擣,,,0,1437
弡,,張,,,0,57744
遀,,隨,,,0,370401
㷖,,照,,,0,133427
恶,,惡,,,0,248937
仧,,長,,,0,298474
軽,,輕,,,0,70562
騈,,駢,,,0,1448
霚,,霧,,,0,7107
䛐,,詞,,,0,21266
潅,,灌,,,0,19624
𫿞,,嚴,,,0,193638
𡅝,,嚴,,,0,193638
穯,,穡,,,0,901
喞,,唧,,,0,2183
㰱,,歃,,,0,213
倹,,儉,,,0,7145
䥥,,鎌,,,0,480
药,,藥,,,0,76213
树,,樹,,,0,114116
𢼢,,殺,,,0,95160
䔫,,蔬,,,0,3056
兪,,俞,,,0,1989
㰇,,櫼,,,0,44
𧇖,,睿,,,0,3413
㟩,,岷,,,0,775
纝,,縲,,,0,226
闽,,閩,,,0,4786
𡙁,,爽,,,0,6720
駆,,驅,,,0,12388
𠛬,,刑,,,0,14444
弾,,彈,,,0,13258
𤋮,,熙,,,0,12082
𤰅,,備,,,0,40524
𠐥,,億,,,0,47709
𠕁,,冊,,,0,12850
𠁰,,乖,,,0,16172
検,,檢,,,0,14341
恴,,德,,,0,410873
剣,,劍,,,0,17369
蠺,,蠶,,,0,2568
翶,,翱,,,0,1125
㳤,,淑,,,0,2774
㕐,,寫,,,0,25000
㺅,,猴,,,0,5393
㕌,,礙,,,0,98711
壐,,璽,,,0,2790
圑,,圃,,,0,1394
㦤,,懿,,,0,4212
䠻,,窮,,,0,58984
㧕,,抑,,,0,11136
证,,證,,,0,237926
亜,,亞,,,0,3822
楡,,榆,,,0,1501
単,,單,,,0,32644
𠌶,,華,,,0,265227
㚒,,夾,,,0,12383
逬,,迸,,,0,2782
㴝,,黎,,,0,18431
㰸,,歛,,,0,5009
縄,,繩,,,0,13932
箣,,策,,,0,16254
廰,,廳,,,0,1727
覄,,覆,,,0,69877
㝕,,寧,,,0,55094
𢄁,,業,,,0,337321
㪘,,斂,,,0,10724
営,,營,,,0,20651
㷑,,煙,,,0,16599
𠀈,,丘,,,0,301638
𲡚,U+3285A,攊,U+650A,,0,344
𲡝,U+3285D,𢭲,U-00022B72,,0,2
𲡵,U+32875,𢵧,U-00022D67,,0,7
𲡷,U+32877,𢵱,U-00022D71,,0,7
𲦗,U+32997,𣡩,U-00023869,,0,4
𲩌,U+32A4C,𣹟,U-00023E5F,,0,6
𲩕,U+32A55,𣻳,U-00023EF3,,0,3
𲱛,U+32C5B,𤺴,U-00024EB4,,0,1
𲱟,U+32C5F,癊,U+764A,,0,603
𲱢,U+32C62,𤺋,U-00024E8B,,0,4
𲳦,U+32CE6,磛,U+78DB,,0,10
𲵅,U+32D45,穘,U+7A58,,0,2
𲶓,U+32D93,籢,U+7C62,,0,25
𲸯,U+32E2F,𦀺,U-0002603A,,0,1
𲸱,U+32E31,纙,U+7E99,,0,2
涙,,淚,,,0,7887
𳈗,U+33217,闘,U+95D8,,0,639
𳈑,U+33211,閳,U+95B3,,0,9
𳇰,U+331F0,䥈,U+4948,,0,15
𳃇,U+330C7,𨄅,U-00028105,,0,15
𳁼,U+3307C,訷,U+8A37,,0,8
𳁀,U+33040,襯,U+896F,,0,1073
𲽊,U+32F4A,𧄔,U-00027114,,0,1
𲻯,U+32EEF,菛,U+83DB,,0,37
𲼲,U+32F32,𧄍,U-0002710D,,0,1
𲼦,U+32F26,䕑,U+4551,,0,33
𲼣,U+32F23,䕞,U+455E,,0,24
𲼍,U+32F0D,𦿆,U-00026FC6,,0,35
𲼇,U+32F07,䔛,U+451B,,0,4
𲻺,U+32EFA,𦳓,U-00026CD3,,0,1
𲻴,U+32EF4,蓩,U+84E9,,0,19
𲻰,U+32EF0,䔍,U+450D,,0,103
𲽁,U+32F41,𧃒,U-000270D2,,0,8
𲈠,U+32220,𨯤,U-00028BE4,,0,5
𲈡,U+32221,鑵,U+9475,,0,182
𲈶,U+32236,𨴼,U-00028D3C,,0,4
𲉂,U+32242,𰿣,U+30FE3,,0,3
𲉉,U+32249,陯,U+966F,,0,3
𲊺,U+322BA,頙,U+9819,,0,17
𲊼,U+322BC,頳,U+9833,,0,57
𲋙,U+322D9,𮩌,U+2EA4C,,0,1
𲋣,U+322E3,𲋕,U+322D5,,0,2
𲋧,U+322E7,𩜋,U-0002970B,,0,4
𲌅,U+32305,駖,U+99D6,,0,4
𲌋,U+3230B,䮴,U+4BB4,,0,1
𲍌,U+3234C,鮕,U+9B95,,0,1
𲍐,U+32350,䱊,U+4C4A,,0,1
𲍮,U+3236E,鴋,U+9D0B,,0,1
𲠫,U+3282B,㦨,U+39A8,,0,1
𲝈,U+32748,嵢,U+5D62,,0,2
𲙢,U+32662,墤,U+58A4,,0,16
𲙟,U+3265F,墳,U+58B3,,0,3608
𲙖,U+32656,𰊷,U+302B7,,0,3
𲙏,U+3264F,𡐛,U-0002141B,,0,13
𲘿,U+3263F,壆,U+58C6,,0,9
𲘻,U+3263B,䲧,U+4CA7,,0,9
𲍵,U+32375,䳄,U+4CC4,,0,21
𲘣,U+32623,圝,U+571D,,0,129
𲖎,U+3258E,𡀽,U-0002103D,,0,6
𲔒,U+32512,𠷕,U-00020DD5,,0,2
𲎫,U+323AB,𪚇,U-0002A687,,0,1
𲎧,U+323A7,𫠙,U-0002B819,,0,7
𲎀,U+32380,鶧,U+9DA7,,0,6
𲍾,U+3237E,䳡,U+4CE1,,0,4
𲍻,U+3237B,鷼,U+9DFC,,0,1
𲘩,U+32629,𡈻,U-0002123B,,0,2
㝷,,尋,,,0,87820
卋,,世,,,0,833184
鎭,,鎮,,,0,28735
𧰼,,象,,,0,70699
帰,,歸,,,0,183226
䆒,,究,,,0,81776
蕐,,華,,,0,265227
飮,,飲,,,0,52304
㟁,,岸,,,0,29769
亖,,四,,,0,1066645
㢘,,廉,,,0,7186
値,,值,,,0,23464
鄊,,鄉,,,0,22492
㐮,,襄,,,0,10503
薫,,薰,,,0,6526
𳋎,U+332CE,𩘑,U-00029611,,0,1
𤓸,,為,,,0,2231564
塡,,填,,,0,5841
㥁,,德,,,0,410873
䝨,,賢,,,0,111870
䀆,,盡,,,0,288670
娯,,娛,,,0,5472
㒺,,罔,,,0,10496
挿,,插,,,0,4793
聫,,聯,,,0,6647
䂖,,石,,,0,135826
㐀,,丘,,,0,301638
𦰧,,葉,,,0,77139
薬,,藥,,,0,76213
冣,,最,,,0,121726
𡘋,,並,,,0,102853
剰,,剩,,,0,5270
𳋨,U+332E8,䬦,U+4B26,,0,16
𳋩,U+332E9,𩚟,U-0002969F,,0,1
𳋮,U+332EE,餽,U+993D,,0,359
𳋱,U+332F1,饍,U+994D,,0,1274
𳌕,U+33315,𮩲,U+2EA72,,0,4
𳌖,U+33316,䭾,U+4B7E,,0,3756
𳌗,U+33317,䭷,U+4B77,,0,52
𳌘,U+33318,驘,U+9A58,,0,17
𳐀,U+33400,𩾗,U-00029F97,,0,8
𳐁,U+33401,䴊,U+4D0A,,0,5
𳐉,U+33409,𪀼,U-0002A03C,,0,1
𳐎,U+3340E,𪃐,U-0002A0D0,,0,4
𳐏,U+3340F,𪃪,U-0002A0EA,,0,1
𳐒,U+33412,𪅶,U-0002A176,,0,1
𳐓,U+33413,鷻,U+9DFB,,0,4
𩔖,,類,,,0,133041
毎,,每,,,0,44906
䓁,,等,,,0,955332
喩,,喻,,,0,125402
鋭,,銳,,,0,4009
亁,,乾,,,0,46653
戦,,戰,,,0,28914
悪,,惡,,,0,248937
产,(U+4EA7),產,(U+7522),,0,14090
𣞼,(U+237BC),𣝡,(U+23761),,0,2
䱚,(U+4C5A),䱲,U+4C72,,0,0
蔿,(U+853F),蒍,(U+848D),,0,36
鈟,U+921F,釣,(U+91E3),,0,5538
嬀,(U+5B00),媯,(U+5AAF),,0,195
妫,(U+59AB),媯,(U+5AAF),,0,195
团,(U+56E2),團,(U+5718),,0,20843
伪,(U+4F2A),偽,(U+507D),,0,25016
寕,,寧,,,0,55094
𰹺,(U+30E7A),䡊,(U+484A),unihan_simplified;unihan_traditional,0,2
𰹼,(U+30E7C),輚,(U+8F1A),unihan_simplified;unihan_traditional,0,6
𰹽,(U+30E7D),軯,(U+8EEF),unihan_simplified;unihan_traditional,0,26
𰹿,(U+30E7F),軵,(U+8EF5),unihan_simplified;unihan_traditional,0,11
𰺁,(U+30E81),軥,(U+8EE5),unihan_simplified;unihan_traditional,0,11
𰺄,(U+30E84),輁,(U+8F01),unihan_simplified;unihan_traditional,0,4
𰺅,(U+30E85),輂,(U+8F02),unihan_simplified;unihan_traditional,0,19
𰺆,(U+30E86),𨋮,(U+282EE),unihan_simplified;unihan_traditional,0,5
𰺇,(U+30E87),輐,(U+8F10),unihan_simplified;unihan_traditional,0,5
𰺉,(U+30E89),輤,(U+8F24),unihan_simplified;unihan_traditional,0,7
𰺊,(U+30E8A),輘,(U+8F18),unihan_simplified;unihan_traditional,0,8
𰺋,(U+30E8B),輙,(U+8F19),unihan_simplified;unihan_traditional,0,3995
𰺌,(U+30E8C),𨏔,(U+283D4),unihan_simplified;unihan_traditional,0,14
𰺍,(U+30E8D),輠,(U+8F20),unihan_simplified;unihan_traditional,0,53
𰺏,(U+30E8F),輣,(U+8F23),unihan_simplified;unihan_traditional,0,28
𱋡,(U+312E1),𪍣,(U+2A363),unihan_simplified;unihan_traditional,0,4
𰺑,(U+30E91),䡝,(U+485D),unihan_simplified;unihan_traditional,0,4
𰺒,(U+30E92),輲,(U+8F32),unihan_simplified;unihan_traditional,0,23
𰺓,(U+30E93),輹,(U+8F39),unihan_simplified;unihan_traditional,0,11
𰺔,(U+30E94),𨍈,(U+28348),unihan_simplified;unihan_traditional,0,3
𰺕,(U+30E95),𨍏,(U+2834F),unihan_simplified;unihan_traditional,0,447
𰺖,(U+30E96),轃,(U+8F43),unihan_simplified;unihan_traditional,0,11
𰺗,(U+30E97),轞,(U+8F5E),unihan_simplified;unihan_traditional,0,22
𰺘,(U+30E98),䡰,(U+4870),unihan_simplified;unihan_traditional,0,28
𰺙,(U+30E99),轖,(U+8F56),unihan_simplified;unihan_traditional,0,8
𰺚,(U+30E9A),𨎪,(U+283AA),unihan_simplified;unihan_traditional,0,18
𰺛,(U+30E9B),轑,(U+8F51),unihan_simplified;unihan_traditional,0,34
𰺜,(U+30E9C),轓,(U+8F53),unihan_simplified;unihan_traditional,0,66
𰺝,(U+30E9D),䡴,(U+4874),unihan_simplified;unihan_traditional,0,26
𰺟,(U+30E9F),轚,(U+8F5A),unihan_simplified;unihan_traditional,0,1
𰺠,(U+30EA0),䡾,(U+487E),unihan_simplified;unihan_traditional,0,10
𰺐,(U+30E90),輡,(U+8F21),unihan_simplified;unihan_traditional,0,2
𰶆,(U+30D86),譀,(U+8B40),unihan_simplified;unihan_traditional,0,22
𰶇,(U+30D87),䜏,(U+470F),unihan_simplified;unihan_traditional,0,1
𰶉,(U+30D89),譠,(U+8B60),unihan_simplified;unihan_traditional,0,2
𰶊,(U+30D8A),譩,(U+8B69),unihan_simplified;unihan_traditional,0,5
𰶍,(U+30D8D),讂,(U+8B82),unihan_simplified;unihan_traditional,0,4
𰶎,(U+30D8E),譅,(U+8B45),opencc_s2t;unihan_simplified;unihan_traditional,0,2
𰶑,(U+30D91),豅,(U+8C45),unihan_simplified;unihan_traditional,0,8
𰶬,(U+30DAC),䝏,(U+474F),unihan_simplified;unihan_traditional,0,2
𰷞,(U+30DDE),貣,(U+8CA3),unihan_simplified;unihan_traditional,0,76
𰷠,(U+30DE0),貤,(U+8CA4),unihan_simplified;unihan_traditional,0,26
𰷡,(U+30DE1),貦,(U+8CA6),unihan_simplified;unihan_traditional,0,7
𰷢,(U+30DE2),貾,(U+8CBE),unihan_simplified;unihan_traditional,0,2
𰷥,(U+30DE5),賨,(U+8CE8),unihan_simplified;unihan_traditional,0,70
𰷧,(U+30DE7),賮,(U+8CEE),unihan_simplified;unihan_traditional,0,64
𰷩,(U+30DE9),䞉,(U+4789),unihan_simplified;unihan_traditional,0,58
𰹶,(U+30E76),軖,(U+8ED6),unihan_simplified;unihan_traditional,0,4
𰹵,(U+30E75),轙,(U+8F59),unihan_simplified;unihan_traditional,0,14
𰹴,(U+30E74),軓,(U+8ED3),unihan_simplified;unihan_traditional,0,66
𰹳,(U+30E73),䡅,(U+4845),unihan_simplified;unihan_traditional,0,1
𰹲,(U+30E72),軎,(U+8ECE),unihan_simplified;unihan_traditional,0,13
𰹱,(U+30E71),𨊠,(U+282A0),unihan_simplified;unihan_traditional,0,1
𰹀,(U+30E40),軃,(U+8EC3),unihan_simplified;unihan_traditional,0,93
𰸞,(U+30E1E),蹪,(U+8E6A),unihan_simplified;unihan_traditional,0,2
𰷫,(U+30DEB),贆,(U+8D06),unihan_simplified;unihan_traditional,0,7
𰸚,(U+30E1A),蹛,(U+8E5B),unihan_simplified;unihan_traditional,0,21
𰸐,(U+30E10),躧,(U+8EA7),unihan_simplified;unihan_traditional,0,91
𰸈,(U+30E08),䠟,(U+481F),unihan_simplified;unihan_traditional,0,12
𰸇,(U+30E07),𨇯,(U+281EF),unihan_simplified;unihan_traditional,0,3
𰷶,(U+30DF6),趫,(U+8DAB),unihan_simplified;unihan_traditional,0,94
𰷵,(U+30DF5),趬,(U+8DAC),unihan_simplified;unihan_traditional,0,11
𰷮,(U+30DEE),贙,(U+8D19),unihan_simplified;unihan_traditional,0,12
𰷬,(U+30DEC),𧸖,(U+27E16),unihan_simplified;unihan_traditional,0,5
𰸛,(U+30E1B),䠠,(U+4820),unihan_simplified;unihan_traditional,0,16
𰽺,(U+30F7A),䤥,(U+4925),unihan_simplified;unihan_traditional,0,4
𰽻,(U+30F7B),銋,(U+928B),unihan_simplified;unihan_traditional,0,2
𰽼,(U+30F7C),鉼,(U+927C),unihan_simplified;unihan_traditional,0,111
𰽽,(U+30F7D),𨦡,(U+289A1),unihan_simplified;unihan_traditional,0,5
𰽾,(U+30F7E),鐹,(U+9439),unihan_simplified;unihan_traditional,0,17
𰽿,(U+30F7F),銸,(U+92B8),unihan_simplified;unihan_traditional,0,29
𰾀,(U+30F80),鋍,(U+92CD),unihan_simplified;unihan_traditional,0,1
𰾃,(U+30F83),鋜,(U+92DC),unihan_simplified;unihan_traditional,0,11
𰾅,(U+30F85),鋡,(U+92E1),unihan_simplified;unihan_traditional,0,885
𰾆,(U+30F86),鋊,(U+92CA),unihan_simplified;unihan_traditional,0,9
𰾈,(U+30F88),䤬,(U+492C),unihan_simplified;unihan_traditional,0,27
𰾍,(U+30F8D),錶,(U+9336),unihan_simplified;unihan_traditional,0,5
𰾎,(U+30F8E),錍,(U+930D),unihan_simplified;unihan_traditional,0,924
𰾏,(U+30F8F),鋾,(U+92FE),unihan_simplified;unihan_traditional,0,22
𰾐,(U+30F90),䤵,(U+4935),unihan_simplified;unihan_traditional,0,16
𰺣,(U+30EA3),轥,(U+8F65),unihan_simplified;unihan_traditional,0,40
𰾭,(U+30FAD),鑀,(U+9440),opencc_s2t;unihan_simplified;unihan_traditional,0,1
𰾫,(U+30FAB),鑑,(U+9451),unihan_simplified;unihan_traditional,0,15724
𰾩,(U+30FA9),鎑,(U+9391),unihan_simplified;unihan_traditional,0,6
𰾨,(U+30FA8),𨪋,(U+28A8B),unihan_simplified;unihan_traditional,0,6
𰾧,(U+30FA7),𨫼,(U+28AFC),unihan_simplified;unihan_traditional,0,165
𰾤,(U+30FA4),鍜,(U+935C),unihan_simplified;unihan_traditional,0,476
𰾢,(U+30FA2),鍦,(U+9366),unihan_simplified;unihan_traditional,0,6
𰾒,(U+30F92),錧,(U+9327),unihan_simplified;unihan_traditional,0,18
𰾟,(U+30F9F),鍑,(U+9351),unihan_simplified;unihan_traditional,0,156
𰾞,(U+30F9E),鍐,(U+9350),unihan_simplified;unihan_traditional,0,143
𰾙,(U+30F99),鍝,(U+935D),unihan_simplified;unihan_traditional,0,4
𰾘,(U+30F98),鍖,(U+9356),unihan_simplified;unihan_traditional,0,26
𰾗,(U+30F97),鍼,(U+937C),unihan_simplified;unihan_traditional,0,2816
𰾖,(U+30F96),䤻,(U+493B),unihan_simplified;unihan_traditional,0,3
𰾕,(U+30F95),鍱,(U+9371),unihan_simplified;unihan_traditional,0,1752
𰾓,(U+30F93),錔,(U+9314),unihan_simplified;unihan_traditional,0,30
𰾡,(U+30FA1),鍧,(U+9367),unihan_simplified;unihan_traditional,0,53
𰺲,(U+30EB2),逿,(U+903F),unihan_simplified;unihan_traditional,0,19
𰺷,(U+30EB7),遶,(U+9076),unihan_simplified;unihan_traditional,0,12406
𰻆,(U+30EC6),遰,(U+9070),unihan_simplified;unihan_traditional,0,65
𰻦,(U+30EE6),鄬,(U+912C),unihan_simplified;unihan_traditional,0,12
𰻮,(U+30EEE),鄡,(U+9121),unihan_simplified;unihan_traditional,0,65
𰼅,(U+30F05),醳,(U+91B3),unihan_simplified;unihan_traditional,0,8
𰼑,(U+30F11),䤍,(U+490D),unihan_simplified;unihan_traditional,0,3
𰽕,(U+30F55),鐖,(U+9416),unihan_simplified;unihan_traditional,0,13
𰽗,(U+30F57),釪,(U+91EA),unihan_simplified;unihan_traditional,0,101
𰽘,(U+30F58),釱,(U+91F1),unihan_simplified;unihan_traditional,0,36
𰽚,(U+30F5A),鑛,(U+945B),unihan_simplified;unihan_traditional,0,1546
𰽜,(U+30F5C),鏂,(U+93C2),unihan_simplified;unihan_traditional,0,49
𰽝,(U+30F5D),䥶,(U+4976),unihan_simplified;unihan_traditional,0,1
𰽡,(U+30F61),鈤,(U+9224),unihan_simplified;unihan_traditional,0,2
𰽢,(U+30F62),鋧,(U+92E7),unihan_simplified;unihan_traditional,0,15
𰽹,(U+30F79),鉹,(U+9279),unihan_simplified;unihan_traditional,0,17
𰽸,(U+30F78),䤨,(U+4928),unihan_simplified;unihan_traditional,0,10
𰽷,(U+30F77),鐬,(U+942C),unihan_simplified;unihan_traditional,0,24
𰽵,(U+30F75),銧,(U+92A7),unihan_simplified;unihan_traditional,0,4
𰽴,(U+30F74),銙,(U+9299),unihan_simplified;unihan_traditional,0,15
𰽳,(U+30F73),顉,(U+9849),unihan_simplified;unihan_traditional,0,71
𰽲,(U+30F72),銡,(U+92A1),unihan_simplified;unihan_traditional,0,1
𰽰,(U+30F70),鉡,(U+9261),unihan_simplified;unihan_traditional,0,47
𰽣,(U+30F63),鈏,(U+920F),unihan_simplified;unihan_traditional,0,9
𰽮,(U+30F6E),鉜,(U+925C),unihan_simplified;unihan_traditional,0,1
𰽭,(U+30F6D),鉤,(U+9264),unihan_simplified;unihan_traditional,0,8491
𰽬,(U+30F6C),鉌,(U+924C),unihan_simplified;unihan_traditional,0,11
𰽫,(U+30F6B),鉎,(U+924E),unihan_simplified;unihan_traditional,0,41
𰽩,(U+30F69),鉲,(U+9272),unihan_simplified;unihan_traditional,0,15
𰽧,(U+30F67),鉟,(U+925F),unihan_simplified;unihan_traditional,0,3
𰽦,(U+30F66),鑨,(U+9468),unihan_simplified;unihan_traditional,0,8
𰽥,(U+30F65),鈵,(U+9235),unihan_simplified;unihan_traditional,0,1
𰽯,(U+30F6F),鉒,(U+9252),unihan_simplified;unihan_traditional,0,26
𰰱,(U+30C31),薱,(U+85B1),unihan_simplified;unihan_traditional,0,6
𰰳,(U+30C33),蒒,(U+8492),unihan_simplified;unihan_traditional,0,17
𰰵,(U+30C35),蔱,(U+8531),unihan_simplified;unihan_traditional,0,1
𰰷,(U+30C37),萯,(U+842F),unihan_simplified;unihan_traditional,0,12
𰰹,(U+30C39),藰,(U+85F0),unihan_simplified;unihan_traditional,0,2
𰰺,(U+30C3A),蔎,(U+850E),unihan_simplified;unihan_traditional,0,2
𰰾,(U+30C3E),薖,(U+8596),unihan_simplified;unihan_traditional,0,35
𰰿,(U+30C3F),𫈹,(U+2B239),unihan_simplified;unihan_traditional,0,2
𰱀,(U+30C40),䔈,(U+4508),unihan_simplified;unihan_traditional,0,5
𰱇,(U+30C47),蕑,(U+8551),unihan_simplified;unihan_traditional,0,78
𰱈,(U+30C48),禜,(U+799C),unihan_simplified;unihan_traditional,0,76
𰱉,(U+30C49),蕄,(U+8544),unihan_simplified;unihan_traditional,0,1
𰱍,(U+30C4D),蒶,(U+84B6),unihan_simplified;unihan_traditional,0,1
𰱑,(U+30C51),蔪,(U+852A),unihan_simplified;unihan_traditional,0,11
𰱟,(U+30C5F),蕡,(U+8561),unihan_simplified;unihan_traditional,0,52
𰶄,(U+30D84),譇,(U+8B47),unihan_simplified;unihan_traditional,0,10
𰲹,(U+30CB9),螘,(U+8798),unihan_simplified;unihan_traditional,0,327
𰲸,(U+30CB8),蝁,(U+8741),unihan_simplified;unihan_traditional,0,2
𰲶,(U+30CB6),蛵,(U+86F5),unihan_simplified;unihan_traditional,0,1
𰲵,(U+30CB5),蠌,(U+880C),unihan_simplified;unihan_traditional,0,1
𰲴,(U+30CB4),蠪,(U+882A),unihan_simplified;unihan_traditional,0,1
𰲲,(U+30CB2),蟡,(U+87E1),unihan_simplified;unihan_traditional,0,9
𰲰,(U+30CB0),蜦,(U+8726),unihan_simplified;unihan_traditional,0,2
𰱩,(U+30C69),䕡,(U+4561),unihan_simplified;unihan_traditional,0,13
𰲮,(U+30CAE),蜸,(U+8738),unihan_simplified;unihan_traditional,0,2
𰲒,(U+30C92),蘱,(U+8631),unihan_simplified;unihan_traditional,0,2
𰲂,(U+30C82),虅,(U+8645),unihan_simplified;unihan_traditional,0,93
𰲁,(U+30C81),蘈,(U+8608),unihan_simplified;unihan_traditional,0,2
𰱾,(U+30C7E),藾,(U+85FE),unihan_simplified;unihan_traditional,0,13
𰱲,(U+30C72),蘵,(U+8635),unihan_simplified;unihan_traditional,0,1
𰱱,(U+30C71),薋,(U+858B),unihan_simplified;unihan_traditional,0,12
𰱮,(U+30C6E),藘,(U+85D8),unihan_simplified;unihan_traditional,0,5
𰲯,(U+30CAF),䗥,(U+45E5),unihan_simplified;unihan_traditional,0,1
𰬱,(U+30B31),䌇,(U+4307),unihan_simplified;unihan_traditional,0,23
𰬲,(U+30B32),縓,(U+7E13),unihan_simplified;unihan_traditional,0,47
𰬳,(U+30B33),縌,(U+7E0C),unihan_simplified;unihan_traditional,0,15
𰬴,(U+30B34),縡,(U+7E21),unihan_simplified;unihan_traditional,0,144
𰬵,(U+30B35),縼,(U+7E3C),unihan_simplified;unihan_traditional,0,1
𰬶,(U+30B36),䌌,(U+430C),unihan_simplified;unihan_traditional,0,6
𰬷,(U+30B37),繖,(U+7E56),unihan_simplified;unihan_traditional,0,556
𰬸,(U+30B38),繐,(U+7E50),opencc_s2t;unihan_simplified;unihan_traditional,0,40
𰬹,(U+30B39),𦆈,(U+26188),unihan_simplified;unihan_traditional,0,4
𰬻,(U+30B3B),繘,(U+7E58),unihan_simplified;unihan_traditional,0,27
𰬽,(U+30B3D),繲,(U+7E72),unihan_simplified;unihan_traditional,0,9
𰬾,(U+30B3E),𦆆,(U+26186),unihan_simplified;unihan_traditional,0,19
𰭔,(U+30B54),羂,(U+7F82),unihan_simplified;unihan_traditional,0,2466
𰭢,(U+30B62),翜,(U+7FDC),unihan_simplified;unihan_traditional,0,40
𰭣,(U+30B63),翿,(U+7FFF),unihan_simplified;unihan_traditional,0,18
𰰨,(U+30C28),菕,(U+83D5),opencc_s2t;unihan_simplified;unihan_traditional,0,4
𰰤,(U+30C24),蓲,(U+84F2),unihan_simplified;unihan_traditional,0,32
𰰢,(U+30C22),𦳝,(U+26CDD),unihan_simplified;unihan_traditional,0,9
𰰠,(U+30C20),藇,(U+85C7),unihan_simplified;unihan_traditional,0,16
𰰑,(U+30C11),艛,(U+825B),unihan_simplified;unihan_traditional,0,9
𰰌,(U+30C0C),䑼,(U+447C),unihan_simplified;unihan_traditional,0,5
𰰋,(U+30C0B),艭,(U+826D),unihan_simplified;unihan_traditional,0,9
𰭹,(U+30B79),䏊,(U+43CA),unihan_simplified;unihan_traditional,0,18
𰯎,(U+30BCE),䐽,(U+443D),unihan_simplified;unihan_traditional,0,24
𰯋,(U+30BCB),臡,(U+81E1),unihan_simplified;unihan_traditional,0,97
𰯂,(U+30BC2),𦡶,(U+26876),unihan_simplified;unihan_traditional,0,1
𰮲,(U+30BB2),䐹,(U+4439),unihan_simplified;unihan_traditional,0,3
𰮭,(U+30BAD),𣎜,(U+2339C),unihan_simplified;unihan_traditional,0,12
𰮝,(U+30B9D),膮,(U+81AE),unihan_simplified;unihan_traditional,0,16
𰮇,(U+30B87),膴,(U+81B4),unihan_simplified;unihan_traditional,0,128
𰮅,(U+30B85),膷,(U+81B7),unihan_simplified;unihan_traditional,0,12
𰰆,(U+30C06),𦧴,(U+269F4),unihan_simplified;unihan_traditional,0,3
𰵝,(U+30D5D),訸,(U+8A38),unihan_simplified;unihan_traditional,0,1
𰵞,(U+30D5E),詠,(U+8A60),unihan_simplified;unihan_traditional,0,8035
𰵠,(U+30D60),詉,(U+8A49),unihan_simplified;unihan_traditional,0,1
𰵡,(U+30D61),誙,(U+8A99),unihan_simplified;unihan_traditional,0,39
𰵤,(U+30D64),詻,(U+8A7B),unihan_simplified;unihan_traditional,0,8
𰵥,(U+30D65),誃,(U+8A83),unihan_simplified;unihan_traditional,0,16
𰵦,(U+30D66),詨,(U+8A68),unihan_simplified;unihan_traditional,0,32
𰵧,(U+30D67),誌,(U+8A8C),unihan_simplified;unihan_traditional,0,5364
𰵨,(U+30D68),讝,(U+8B9D),unihan_simplified;unihan_traditional,0,2
𰵩,(U+30D69),誧,(U+8AA7),unihan_simplified;unihan_traditional,0,71
𰵪,(U+30D6A),𧨝,(U+27A1D),unihan_simplified;unihan_traditional,0,4
𰵫,(U+30D6B),䛠,(U+46E0),unihan_simplified;unihan_traditional,0,5
𰵬,(U+30D6C),𧧸,(U+279F8),unihan_simplified;unihan_traditional,0,20
𰵭,(U+30D6D),誗,(U+8A97),unihan_simplified;unihan_traditional,0,11
𰵮,(U+30D6E),誐,(U+8A90),unihan_simplified;unihan_traditional,0,6871
𰲻,(U+30CBB),蟽,(U+87FD),unihan_simplified;unihan_traditional,0,27
𰶃,(U+30D83),謵,(U+8B35),unihan_simplified;unihan_traditional,0,73
𰶂,(U+30D82),謥,(U+8B25),unihan_simplified;unihan_traditional,0,22
𰶁,(U+30D81),謻,(U+8B3B),unihan_simplified;unihan_traditional,0,15
𰶀,(U+30D80),謣,(U+8B23),unihan_simplified;unihan_traditional,0,37
𰵿,(U+30D7F),謞,(U+8B1E),unihan_simplified;unihan_traditional,0,9
𰵾,(U+30D7E),謑,(U+8B11),unihan_simplified;unihan_traditional,0,21
𰵽,(U+30D7D),謟,(U+8B1F),unihan_simplified;unihan_traditional,0,1796
𰵰,(U+30D70),䛭,(U+46ED),unihan_simplified;unihan_traditional,0,1
𰵺,(U+30D7A),謜,(U+8B1C),unihan_simplified;unihan_traditional,0,31
𰵹,(U+30D79),讘,(U+8B98),unihan_simplified;unihan_traditional,0,9
𰵸,(U+30D78),誻,(U+8ABB),unihan_simplified;unihan_traditional,0,14
𰵶,(U+30D76),諈,(U+8AC8),unihan_simplified;unihan_traditional,0,18
𰵵,(U+30D75),誽,(U+8ABD),unihan_simplified;unihan_traditional,0,5
𰵴,(U+30D74),諔,(U+8AD4),unihan_simplified;unihan_traditional,0,12
𰵳,(U+30D73),𧨳,(U+27A33),unihan_simplified;unihan_traditional,0,5
𰵲,(U+30D72),諆,(U+8AC6),unihan_simplified;unihan_traditional,0,13
𰵼,(U+30D7C),謋,(U+8B0B),unihan_simplified;unihan_traditional,0,8
𰳂,(U+30CC2),螹,(U+87B9),unihan_simplified;unihan_traditional,0,2
𰳄,(U+30CC4),螴,(U+87B4),unihan_simplified;unihan_traditional,0,1
𰳊,(U+30CCA),蟦,(U+87E6),unihan_simplified;unihan_traditional,0,6
𰳗,(U+30CD7),蠳,(U+8833),unihan_simplified;unihan_traditional,0,4
𰳵,(U+30CF5),襼,(U+897C),unihan_simplified;unihan_traditional,0,10
𰳹,(U+30CF9),𧞣,(U+277A3),unihan_simplified;unihan_traditional,0,40
𰳺,(U+30CFA),襛,(U+895B),unihan_simplified;unihan_traditional,0,1
𰳼,(U+30CFC),襹,(U+8979),unihan_simplified;unihan_traditional,0,2
𰴂,(U+30D02),襂,(U+8942),unihan_simplified;unihan_traditional,0,30
𰴕,(U+30D15),覕,(U+8995),unihan_simplified;unihan_traditional,0,6
𰴗,(U+30D17),䚕,(U+4695),unihan_simplified;unihan_traditional,0,1
𰴘,(U+30D18),覸,(U+89B8),unihan_simplified;unihan_traditional,0,14
𰴜,(U+30D1C),覰,(U+89B0),unihan_simplified;unihan_traditional,0,1362
𰴝,(U+30D1D),覶,(U+89B6),unihan_simplified;unihan_traditional,0,46
𰴞,(U+30D1E),覻,(U+89BB),unihan_simplified;unihan_traditional,0,143
𰵛,(U+30D5B),訽,(U+8A3D),unihan_simplified;unihan_traditional,0,38
𰵚,(U+30D5A),詅,(U+8A45),unihan_simplified;unihan_traditional,0,32
𰵙,(U+30D59),詄,(U+8A44),unihan_simplified;unihan_traditional,0,10
𰵘,(U+30D58),𧦦,(U+279A6),unihan_simplified;unihan_traditional,0,10
𰵖,(U+30D56),讛,(U+8B9B),unihan_simplified;unihan_traditional,0,20
𰵔,(U+30D54),詍,(U+8A4D),unihan_simplified;unihan_traditional,0,6
𰵓,(U+30D53),訹,(U+8A39),unihan_simplified;unihan_traditional,0,83
𰵒,(U+30D52),訦,(U+8A26),unihan_simplified;unihan_traditional,0,14
𰴢,(U+30D22),觻,(U+89FB),unihan_simplified;unihan_traditional,0,4
𰵐,(U+30D50),䛀,(U+46C0),unihan_simplified;unihan_traditional,0,5
𰵏,(U+30D4F),訬,(U+8A2C),unihan_simplified;unihan_traditional,0,15
𰵎,(U+30D4E),訧,(U+8A27),unihan_simplified;unihan_traditional,0,49
𰵍,(U+30D4D),訰,(U+8A30),unihan_simplified;unihan_traditional,0,6
𰵌,(U+30D4C),諹,(U+8AF9),unihan_simplified;unihan_traditional,0,3
𰴯,(U+30D2F),謍,(U+8B0D),unihan_simplified;unihan_traditional,0,4
𰴥,(U+30D25),𰴦,(U+30D26),unihan_simplified;unihan_traditional,0,1
𰴣,(U+30D23),觷,(U+89F7),unihan_simplified;unihan_traditional,0,1
𰵑,(U+30D51),譌,(U+8B4C),unihan_simplified;unihan_traditional,0,2972
𱈘,(U+31218),鱨,(U+9C68),unihan_simplified;unihan_traditional,0,6
𱈚,(U+3121A),鱷,(U+9C77),unihan_simplified;unihan_traditional,0,137
𱈛,(U+3121B),䲛,(U+4C9B),unihan_simplified;unihan_traditional,0,3
𱈜,(U+3121C),鱻,(U+9C7B),unihan_simplified;unihan_traditional,0,20
𱉇,(U+31247),鳦,(U+9CE6),unihan_simplified;unihan_traditional,0,8
𱉈,(U+31248),鳭,(U+9CED),unihan_simplified;unihan_traditional,0,8
𱉊,(U+3124A),鳱,(U+9CF1),unihan_simplified;unihan_traditional,0,17
𱉌,(U+3124C),鸃,(U+9E03),unihan_simplified;unihan_traditional,0,13
𱉍,(U+3124D),鳿,(U+9CFF),unihan_simplified;unihan_traditional,0,8
𱉎,(U+3124E),鳺,(U+9CFA),unihan_simplified;unihan_traditional,0,40
𱉐,(U+31250),鵙,(U+9D59),unihan_simplified;unihan_traditional,0,38
𱉑,(U+31251),鳻,(U+9CFB),unihan_simplified;unihan_traditional,0,4
𱉒,(U+31252),𩿊,(U+29FCA),unihan_simplified;unihan_traditional,0,7
𱉓,(U+31253),鳸,(U+9CF8),unihan_simplified;unihan_traditional,0,21
𱉔,(U+31254),鴂,(U+9D02),unihan_simplified;unihan_traditional,0,31
𰾮,(U+30FAE),鎌,(U+938C),unihan_simplified;unihan_traditional,0,480
𱉨,(U+31268),鵶,(U+9D76),unihan_simplified;unihan_traditional,0,597
𱉧,(U+31267),䳒,(U+4CD2),unihan_simplified;unihan_traditional,0,34
𱉦,(U+31266),䳓,(U+4CD3),unihan_simplified;unihan_traditional,0,1
𱉥,(U+31265),鴶,(U+9D36),unihan_simplified;unihan_traditional,0,19
𱉤,(U+31264),䳏,(U+4CCF),unihan_simplified;unihan_traditional,0,7
𱉣,(U+31263),𪀚,(U+2A01A),unihan_simplified;unihan_traditional,0,1
𱉢,(U+31262),鴢,(U+9D22),unihan_simplified;unihan_traditional,0,1
𱉕,(U+31255),鴚,(U+9D1A),unihan_simplified;unihan_traditional,0,9
𱉠,(U+31260),鵛,(U+9D5B),unihan_simplified;unihan_traditional,0,20
𱉟,(U+3125F),鸅,(U+9E05),unihan_simplified;unihan_traditional,0,4
𱉞,(U+3125E),䳇,(U+4CC7),unihan_simplified;unihan_traditional,0,113
𱉝,(U+3125D),鵖,(U+9D56),unihan_simplified;unihan_traditional,0,1
𱉛,(U+3125B),鴙,(U+9D19),unihan_simplified;unihan_traditional,0,11
𱉚,(U+3125A),鴩,(U+9D29),unihan_simplified;unihan_traditional,0,14
𱉘,(U+31258),鴡,(U+9D21),unihan_simplified;unihan_traditional,0,11
𱉗,(U+31257),鴠,(U+9D20),unihan_simplified;unihan_traditional,0,19
𱉡,(U+31261),鴘,(U+9D18),unihan_simplified;unihan_traditional,0,6
𱇛,(U+311DB),鮇,(U+9B87),unihan_simplified;unihan_traditional,0,1
𱇜,(U+311DC),魼,(U+9B7C),unihan_simplified;unihan_traditional,0,8
𱇝,(U+311DD),魾,(U+9B7E),unihan_simplified;unihan_traditional,0,5
𱇞,(U+311DE),䱇,(U+4C47),unihan_simplified;unihan_traditional,0,18
𱇡,(U+311E1),鮏,(U+9B8F),unihan_simplified;unihan_traditional,0,3
𱇢,(U+311E2),鮌,(U+9B8C),unihan_simplified;unihan_traditional,0,35
𱇣,(U+311E3),鱍,(U+9C4D),unihan_simplified;unihan_traditional,0,707
𱇥,(U+311E5),䱎,(U+4C4E),unihan_simplified;unihan_traditional,0,1
𱇦,(U+311E6),鮬,(U+9BAC),unihan_simplified;unihan_traditional,0,2
𱇧,(U+311E7),鮧,(U+9BA7),unihan_simplified;unihan_traditional,0,1
𱇩,(U+311E9),鱎,(U+9C4E),unihan_simplified;unihan_traditional,0,2
𱇪,(U+311EA),鮥,(U+9BA5),unihan_simplified;unihan_traditional,0,1
𱇭,(U+311ED),鯠,(U+9BE0),unihan_simplified;unihan_traditional,0,4
𱇯,(U+311EF),鮹,(U+9BB9),unihan_simplified;unihan_traditional,0,1
𱇰,(U+311F0),䱒,(U+4C52),unihan_simplified;unihan_traditional,0,6
𱈕,(U+31215),鱕,(U+9C55),unihan_simplified;unihan_traditional,0,5
𱈓,(U+31213),鱏,(U+9C4F),unihan_simplified;unihan_traditional,0,15
𱈐,(U+31210),鱄,(U+9C44),unihan_simplified;unihan_traditional,0,6
𱈏,(U+3120F),鱁,(U+9C41),unihan_simplified;unihan_traditional,0,1
𱈌,(U+3120C),鱃,(U+9C43),unihan_simplified;unihan_traditional,0,1
𱈉,(U+31209),鰬,(U+9C2C),unihan_simplified;unihan_traditional,0,4
𱈈,(U+31208),䱴,(U+4C74),unihan_simplified;unihan_traditional,0,3
𱈄,(U+31204),鯸,(U+9BF8),unihan_simplified;unihan_traditional,0,2
𱇱,(U+311F1),鯈,(U+9BC8),unihan_simplified;unihan_traditional,0,58
𱇿,(U+311FF),鱐,(U+9C50),unihan_simplified;unihan_traditional,0,1
𱇾,(U+311FE),鯮,(U+9BEE),unihan_simplified;unihan_traditional,0,1
𱇽,(U+311FD),䱡,(U+4C61),unihan_simplified;unihan_traditional,0,5
𱇹,(U+311F9),䱥,(U+4C65),unihan_simplified;unihan_traditional,0,6
𱇷,(U+311F7),䱜,(U+4C5C),unihan_simplified;unihan_traditional,0,107
𱇶,(U+311F6),鯥,(U+9BE5),unihan_simplified;unihan_traditional,0,1
𱇵,(U+311F5),鰿,(U+9C3F),unihan_simplified;unihan_traditional,0,2
𱇲,(U+311F2),䱐,(U+4C50),unihan_simplified;unihan_traditional,0,7
𱈂,(U+31202),鰅,(U+9C05),unihan_simplified;unihan_traditional,0,7
𱊟,(U+3129F),鶷,(U+9DB7),unihan_simplified;unihan_traditional,0,3
𱊡,(U+312A1),鷕,(U+9DD5),unihan_simplified;unihan_traditional,0,2
𱊣,(U+312A3),䳺,(U+4CFA),unihan_simplified;unihan_traditional,0,10
𱊥,(U+312A5),𪄲,(U+2A132),unihan_simplified;unihan_traditional,0,27
𱊦,(U+312A6),鷧,(U+9DE7),unihan_simplified;unihan_traditional,0,4
𱊧,(U+312A7),鷢,(U+9DE2),unihan_simplified;unihan_traditional,0,7
𱊪,(U+312AA),䴇,(U+4D07),unihan_simplified;unihan_traditional,0,3
𱊫,(U+312AB),鸆,(U+9E06),unihan_simplified;unihan_traditional,0,1
𱊬,(U+312AC),鸀,(U+9E00),unihan_simplified;unihan_traditional,0,14
𱊭,(U+312AD),鸒,(U+9E12),unihan_simplified;unihan_traditional,0,6
𱊮,(U+312AE),鸁,(U+9E01),unihan_simplified;unihan_traditional,0,1
𱊰,(U+312B0),鷾,(U+9DFE),unihan_simplified;unihan_traditional,0,6
𱊱,(U+312B1),鸐,(U+9E10),unihan_simplified;unihan_traditional,0,12
𱊲,(U+312B2),𪇰,(U+2A1F0),unihan_simplified;unihan_traditional,0,1
𱊳,(U+312B3),鸓,(U+9E13),unihan_simplified;unihan_traditional,0,1
𱉩,(U+31269),鴺,(U+9D3A),unihan_simplified;unihan_traditional,0,6
𱋠,(U+312E0),𪍍,(U+2A34D),unihan_simplified;unihan_traditional,0,1
𱋟,(U+312DF),𪍒,(U+2A352),unihan_simplified;unihan_traditional,0,5
𱋝,(U+312DD),䴺,(U+4D3A),unihan_simplified;unihan_traditional,0,2
𱋚,(U+312DA),𪌾,(U+2A33E),unihan_simplified;unihan_traditional,0,2
𱋙,(U+312D9),䴹,(U+4D39),unihan_simplified;unihan_traditional,0,2
𱋗,(U+312D7),䴸,(U+4D38),unihan_simplified;unihan_traditional,0,50
𱋖,(U+312D6),麱,(U+9EB1),unihan_simplified;unihan_traditional,0,1
𱊴,(U+312B4),𪈏,(U+2A20F),unihan_simplified;unihan_traditional,0,19
𱋐,(U+312D0),麯,(U+9EAF),unihan_simplified;unihan_traditional,0,15
𱋍,(U+312CD),𪌘,(U+2A318),unihan_simplified;unihan_traditional,0,10
𱋋,(U+312CB),麮,(U+9EAE),unihan_simplified;unihan_traditional,0,19
𱋈,(U+312C8),𪍿,(U+2A37F),unihan_simplified;unihan_traditional,0,32
𱋇,(U+312C7),麧,(U+9EA7),unihan_simplified;unihan_traditional,0,30
𱋆,(U+312C6),䴮,(U+4D2E),unihan_simplified;unihan_traditional,0,1
𱊺,(U+312BA),𪉖,(U+2A256),unihan_simplified;unihan_traditional,0,25
𱊵,(U+312B5),鸙,(U+9E19),unihan_simplified;unihan_traditional,0,2
𱋔,(U+312D4),䴵,(U+4D35),unihan_simplified;unihan_traditional,0,16
𱉬,(U+3126C),鷮,(U+9DEE),unihan_simplified;unihan_traditional,0,10
𱉮,(U+3126E),鵅,(U+9D45),unihan_simplified;unihan_traditional,0,108
𱉯,(U+3126F),鴹,(U+9D39),unihan_simplified;unihan_traditional,0,41
𱉱,(U+31271),鶤,(U+9DA4),unihan_simplified;unihan_traditional,0,63
𱉴,(U+31274),鸉,(U+9E09),unihan_simplified;unihan_traditional,0,4
𱉵,(U+31275),鶆,(U+9D86),unihan_simplified;unihan_traditional,0,1
𱉶,(U+31276),䳚,(U+4CDA),unihan_simplified;unihan_traditional,0,2
𱉸,(U+31278),鵌,(U+9D4C),unihan_simplified;unihan_traditional,0,4
𱉹,(U+31279),鵗,(U+9D57),unihan_simplified;unihan_traditional,0,9
𱉺,(U+3127A),䳕,(U+4CD5),unihan_simplified;unihan_traditional,0,28
𱉼,(U+3127C),䳭,(U+4CED),unihan_simplified;unihan_traditional,0,10
𱉽,(U+3127D),鵋,(U+9D4B),unihan_simplified;unihan_traditional,0,10
𱉾,(U+3127E),鵕,(U+9D55),unihan_simplified;unihan_traditional,0,5
𱉿,(U+3127F),鵔,(U+9D54),unihan_simplified;unihan_traditional,0,16
𱊂,(U+31282),䳟,(U+4CDF),unihan_simplified;unihan_traditional,0,3
𱊞,(U+3129E),𪄠,(U+2A120),unihan_simplified;unihan_traditional,0,1
𱊝,(U+3129D),鶶,(U+9DB6),unihan_simplified;unihan_traditional,0,2
𱊛,(U+3129B),鶽,(U+9DBD),unihan_simplified;unihan_traditional,0,10
𱊚,(U+3129A),鷏,(U+9DCF),unihan_simplified;unihan_traditional,0,1
𱊗,(U+31297),鶔,(U+9D94),unihan_simplified;unihan_traditional,0,1
𱊕,(U+31295),鶙,(U+9D99),unihan_simplified;unihan_traditional,0,20
𱊒,(U+31292),鶢,(U+9DA2),unihan_simplified;unihan_traditional,0,14
𱊑,(U+31291),鶞,(U+9D9E),unihan_simplified;unihan_traditional,0,1
𱊃,(U+31283),鵹,(U+9D79),unihan_simplified;unihan_traditional,0,3
𱊎,(U+3128E),鶅,(U+9D85),unihan_simplified;unihan_traditional,0,1
𱊍,(U+3128D),鵽,(U+9D7D),unihan_simplified;unihan_traditional,0,196
𱊌,(U+3128C),鶋,(U+9D8B),unihan_simplified;unihan_traditional,0,32
𱊋,(U+3128B),鵳,(U+9D73),unihan_simplified;unihan_traditional,0,4
𱊈,(U+31288),鶂,(U+9D82),unihan_simplified;unihan_traditional,0,71
𱊇,(U+31287),鵴,(U+9D74),unihan_simplified;unihan_traditional,0,13
𱊆,(U+31286),鵵,(U+9D75),unihan_simplified;unihan_traditional,0,1
𱊄,(U+31284),鶃,(U+9D83),unihan_simplified;unihan_traditional,0,4
𱊏,(U+3128F),鶝,(U+9D9D),unihan_simplified;unihan_traditional,0,6
𱁴,(U+31074),鞸,(U+97B8),unihan_simplified;unihan_traditional,0,4
𱁷,(U+31077),韇,(U+97C7),unihan_simplified;unihan_traditional,0,3
𱁺,(U+3107A),鞻,(U+97BB),unihan_simplified;unihan_traditional,0,6
𱂄,(U+31084),𩎟,(U+2939F),unihan_simplified;unihan_traditional,0,5
𱂆,(U+31086),韐,(U+97D0),unihan_simplified;unihan_traditional,0,9
𱂇,(U+31087),韏,(U+97CF),unihan_simplified;unihan_traditional,0,33
𱂈,(U+31088),韗,(U+97D7),unihan_simplified;unihan_traditional,0,15
𱂉,(U+31089),韒,(U+97D2),unihan_simplified;unihan_traditional,0,24
𱂊,(U+3108A),韘,(U+97D8),unihan_simplified;unihan_traditional,0,6
𱂋,(U+3108B),韣,(U+97E3),unihan_simplified;unihan_traditional,0,17
𱂍,(U+3108D),𩐌,(U+2940C),unihan_simplified;unihan_traditional,0,1
𱂎,(U+3108E),䪥,(U+4AA5),unihan_simplified;unihan_traditional,0,16
𱂐,(U+31090),韻,(U+97FB),unihan_simplified;unihan_traditional,0,16292
𱂠,(U+310A0),𩑒,(U+29452),unihan_simplified;unihan_traditional,0,3
𱂢,(U+310A2),䪼,(U+4ABC),unihan_simplified;unihan_traditional,0,7
𱇙,(U+311D9),魫,(U+9B6B),unihan_simplified;unihan_traditional,0,2
𱂻,(U+310BB),顦,(U+9866),unihan_simplified;unihan_traditional,0,195
𱂶,(U+310B6),顖,(U+9856),unihan_simplified;unihan_traditional,0,12
𱂵,(U+310B5),顝,(U+985D),unihan_simplified;unihan_traditional,0,3
𱂴,(U+310B4),顜,(U+985C),unihan_simplified;unihan_traditional,0,5
𱂲,(U+310B2),顋,(U+984B),unihan_simplified;unihan_traditional,0,115
𱂰,(U+310B0),顄,(U+9844),unihan_simplified;unihan_traditional,0,16
𱂯,(U+310AF),顇,(U+9847),unihan_simplified;unihan_traditional,0,380
𱂣,(U+310A3),顤,(U+9864),unihan_simplified;unihan_traditional,0,6
𱂭,(U+310AD),顀,(U+9840),unihan_simplified;unihan_traditional,0,33
𱂫,(U+310AB),顩,(U+9869),unihan_simplified;unihan_traditional,0,9
𱂩,(U+310A9),𩒺,(U+294BA),unihan_simplified;unihan_traditional,0,6
𱂨,(U+310A8),頞,(U+981E),unihan_simplified;unihan_traditional,0,1860
𱂧,(U+310A7),頪,(U+982A),unihan_simplified;unihan_traditional,0,2
𱂦,(U+310A6),頩,(U+9829),unihan_simplified;unihan_traditional,0,2
𱂥,(U+310A5),頟,(U+981F),unihan_simplified;unihan_traditional,0,292
𱂤,(U+310A4),顪,(U+986A),unihan_simplified;unihan_traditional,0,6
𱂮,(U+310AE),䫌,(U+4ACC),unihan_simplified;unihan_traditional,0,122
𰾯,(U+30FAF),鎕,(U+9395),unihan_simplified;unihan_traditional,0,2
𰾰,(U+30FB0),鏙,(U+93D9),unihan_simplified;unihan_traditional,0,4
𰾱,(U+30FB1),鏓,(U+93D3),unihan_simplified;unihan_traditional,0,8
𰾲,(U+30FB2),鏕,(U+93D5),unihan_simplified;unihan_traditional,0,97
𰾶,(U+30FB6),鏸,(U+93F8),unihan_simplified;unihan_traditional,0,2
𰾹,(U+30FB9),鐫,(U+942B),unihan_simplified;unihan_traditional,0,1390
𰾻,(U+30FBB),䥖,(U+4956),unihan_simplified;unihan_traditional,0,15
𰾼,(U+30FBC),鐉,(U+9409),unihan_simplified;unihan_traditional,0,6
𰾽,(U+30FBD),钃,(U+9483),unihan_simplified;unihan_traditional,0,10
𰾾,(U+30FBE),钀,(U+9480),unihan_simplified;unihan_traditional,0,5
𰾿,(U+30FBF),𨭛,(U+28B5B),unihan_simplified;unihan_traditional,0,25
𰿁,(U+30FC1),䥝,(U+495D),unihan_simplified;unihan_traditional,0,2
𰿂,(U+30FC2),鑐,(U+9450),unihan_simplified;unihan_traditional,0,37
𰿃,(U+30FC3),鑖,(U+9456),unihan_simplified;unihan_traditional,0,1
𰿅,(U+30FC5),䥴,(U+4974),unihan_simplified;unihan_traditional,0,29
𱁳,(U+31073),𩍜,(U+2935C),unihan_simplified;unihan_traditional,0,6
𱁞,(U+3105E),𩅦,(U+29166),unihan_simplified;unihan_traditional,0,19
𱁒,(U+31052),䨴,(U+4A34),unihan_simplified;unihan_traditional,0,34
𱀑,(U+31011),隲,(U+96B2),unihan_simplified;unihan_traditional,0,169
𰿾,(U+30FFE),闢,(U+95E2),unihan_simplified;unihan_traditional,0,5466
𰿻,(U+30FFB),闟,(U+95DF),unihan_simplified;unihan_traditional,0,63
𰿺,(U+30FFA),闛,(U+95DB),unihan_simplified;unihan_traditional,0,14
𰿸,(U+30FF8),𨶑,(U+28D91),unihan_simplified;unihan_traditional,0,7
𰿆,(U+30FC6),鑽,(U+947D),unihan_simplified;unihan_traditional,0,5008
𰿳,(U+30FF3),閷,(U+95B7),unihan_simplified;unihan_traditional,0,4
𰿰,(U+30FF0),𨉖,(U+28256),unihan_simplified;unihan_traditional,0,3
𰿭,(U+30FED),𨳸,(U+28CF8),unihan_simplified;unihan_traditional,0,1
𰿬,(U+30FEC),閛,(U+959B),unihan_simplified;unihan_traditional,0,31
𰿫,(U+30FEB),䦱,(U+49B1),unihan_simplified;unihan_traditional,0,19
𰿨,(U+30FE8),䦎,(U+498E),unihan_simplified;unihan_traditional,0,5
𰿉,(U+30FC9),鑸,(U+9478),unihan_simplified;unihan_traditional,0,1
𰿈,(U+30FC8),鑯,(U+946F),unihan_simplified;unihan_traditional,0,59
𰿵,(U+30FF5),𨵦,(U+28D66),unihan_simplified;unihan_traditional,0,73
𱅊,(U+3114A),騺,(U+9A3A),unihan_simplified;unihan_traditional,0,3
𱅋,(U+3114B),駬,(U+99EC),unihan_simplified;unihan_traditional,0,13
𱅏,(U+3114F),駣,(U+99E3),unihan_simplified;unihan_traditional,0,4
𱅐,(U+31150),駮,(U+99EE),unihan_simplified;unihan_traditional,0,860
𱅔,(U+31154),駷,(U+99F7),unihan_simplified;unihan_traditional,0,10
𱅕,(U+31155),騋,(U+9A0B),unihan_simplified;unihan_traditional,0,11
𱅖,(U+31156),駽,(U+99FD),unihan_simplified;unihan_traditional,0,3
𱅗,(U+31157),騀,(U+9A00),unihan_simplified;unihan_traditional,0,32
𱅘,(U+31158),𩦃,(U+29983),unihan_simplified;unihan_traditional,0,1
𱅚,(U+3115A),騇,(U+9A07),unihan_simplified;unihan_traditional,0,53
𱅛,(U+3115B),驒,(U+9A52),unihan_simplified;unihan_traditional,0,22
𱅜,(U+3115C),騕,(U+9A15),unihan_simplified;unihan_traditional,0,16
𱅝,(U+3115D),騗,(U+9A17),unihan_simplified;unihan_traditional,0,18
𱅡,(U+31161),騩,(U+9A29),unihan_simplified;unihan_traditional,0,39
𱅢,(U+31162),騬,(U+9A2C),unihan_simplified;unihan_traditional,0,22
𱃕,(U+310D5),颬,(U+98AC),unihan_simplified;unihan_traditional,0,17
𱇘,(U+311D8),魧,(U+9B67),unihan_simplified;unihan_traditional,0,4
𱇖,(U+311D6),魬,(U+9B6C),unihan_simplified;unihan_traditional,0,1
𱇕,(U+311D5),䰻,(U+4C3B),unihan_simplified;unihan_traditional,0,18
𱇔,(U+311D4),魶,(U+9B76),unihan_simplified;unihan_traditional,0,1
𱇒,(U+311D2),魮,(U+9B6E),unihan_simplified;unihan_traditional,0,2
𱇐,(U+311D0),魭,(U+9B6D),unihan_simplified;unihan_traditional,0,14
𱇏,(U+311CF),魠,(U+9B60),unihan_simplified;unihan_traditional,0,5
𱅤,(U+31164),驞,(U+9A5E),unihan_simplified;unihan_traditional,0,3
𱆍,(U+3118D),𩱈,(U+29C48),unihan_simplified;unihan_traditional,0,6
𱆌,(U+3118C),鬺,(U+9B3A),unihan_simplified;unihan_traditional,0,5
𱆆,(U+31186),鬗,(U+9B17),unihan_simplified;unihan_traditional,0,4
𱆅,(U+31185),䰐,(U+4C10),unihan_simplified;unihan_traditional,0,10
𱅮,(U+3116E),髐,(U+9AD0),unihan_simplified;unihan_traditional,0,16
𱅫,(U+3116B),驈,(U+9A48),unihan_simplified;unihan_traditional,0,2
𱅪,(U+3116A),驔,(U+9A54),unihan_simplified;unihan_traditional,0,2
𱅧,(U+31167),驉,(U+9A49),unihan_simplified;unihan_traditional,0,101
𱆛,(U+3119B),魗,(U+9B57),unihan_simplified;unihan_traditional,0,5
𱃗,(U+310D7),颱,(U+98B1),unihan_simplified;unihan_traditional,0,303
𱃘,(U+310D8),颲,(U+98B2),unihan_simplified;unihan_traditional,0,27
𱃙,(U+310D9),䬟,(U+4B1F),unihan_simplified;unihan_traditional,0,6
𱃝,(U+310DD),飍,(U+98CD),unihan_simplified;unihan_traditional,0,4
𱃠,(U+310E0),飇,(U+98C7),unihan_simplified;unihan_traditional,0,124
𱃱,(U+310F1),䬣,(U+4B23),unihan_simplified;unihan_traditional,0,1
𱃳,(U+310F3),䬪,(U+4B2A),unihan_simplified;unihan_traditional,0,62
𱃴,(U+310F4),飰,(U+98F0),unihan_simplified;unihan_traditional,0,167
𱃷,(U+310F7),䬳,(U+4B33),unihan_simplified;unihan_traditional,0,5
𱃹,(U+310F9),䭓,(U+4B53),unihan_simplified;unihan_traditional,0,4
𱃺,(U+310FA),餂,(U+9902),unihan_simplified;unihan_traditional,0,31
𱃼,(U+310FC),餴,(U+9934),unihan_simplified;unihan_traditional,0,4
𱃽,(U+310FD),餩,(U+9929),unihan_simplified;unihan_traditional,0,3
𱃾,(U+310FE),餢,(U+9922),unihan_simplified;unihan_traditional,0,10
𱃿,(U+310FF),餤,(U+9924),unihan_simplified;unihan_traditional,0,37
𱅉,(U+31149),駥,(U+99E5),unihan_simplified;unihan_traditional,0,12
𱅈,(U+31148),駜,(U+99DC),unihan_simplified;unihan_traditional,0,1
𱅇,(U+31147),駗,(U+99D7),unihan_simplified;unihan_traditional,0,1
𱅅,(U+31145),驡,(U+9A61),unihan_simplified;unihan_traditional,0,10
𱅃,(U+31143),駏,(U+99CF),unihan_simplified;unihan_traditional,0,103
𱅂,(U+31142),馺,(U+99BA),unihan_simplified;unihan_traditional,0,206
𱅁,(U+31141),馽,(U+99BD),unihan_simplified;unihan_traditional,0,37
𱅀,(U+31140),駂,(U+99C2),unihan_simplified;unihan_traditional,0,2
𱄀,(U+31100),饙,(U+9959),unihan_simplified;unihan_traditional,0,37
𱄼,(U+3113C),馵,(U+99B5),unihan_simplified;unihan_traditional,0,59
𱄊,(U+3110A),饡,(U+9961),unihan_simplified;unihan_traditional,0,170
𱄈,(U+31108),饛,(U+995B),unihan_simplified;unihan_traditional,0,3
𱄆,(U+31106),饎,(U+994E),unihan_simplified;unihan_traditional,0,19
𱄄,(U+31104),餯,(U+992F),unihan_simplified;unihan_traditional,0,2
𱄃,(U+31103),䭈,(U+4B48),unihan_simplified;unihan_traditional,0,1
𱄂,(U+31102),𩜯,(U+2972F),unihan_simplified;unihan_traditional,0,2
𱄁,(U+31101),𩜶,(U+29736),unihan_simplified;unihan_traditional,0,20
𱄽,(U+3113D),馲,(U+99B2),unihan_simplified;unihan_traditional,0,215
缑,(U+7F11),緱,(U+7DF1),mainland_traditional;opencc_s2t;unihan_simplified;unihan_traditional,0,314
缐,(U+7F10),線,(U+7DDA),mainland_traditional;opencc_s2t;unihan_simplified;unihan_traditional,0,9664
缏,(U+7F0F),緶,(U+7DF6),opencc_s2t;unihan_simplified;unihan_traditional,0,21
缎,(U+7F0E),緞,(U+7DDE),mainland_traditional;opencc_s2t;unihan_simplified;unihan_traditional,0,91
缍,(U+7F0D),綞,(U+7D9E),opencc_s2t;tw_simplified_to_traditional;unihan_simplified;unihan_traditional,0,1
缌,(U+7F0C),緦,(U+7DE6),mainland_traditional;opencc_s2t;unihan_simplified;unihan_traditional,0,277
缋,(U+7F0B),繢,(U+7E62),opencc_s2t;unihan_simplified;unihan_traditional,0,958
缉,(U+7F09),緝,(U+7DDD),mainland_traditional;opencc_s2t;unihan_simplified;unihan_traditional,0,1611
缈,(U+7F08),緲,(U+7DF2),mainland_traditional;opencc_s2t;unihan_simplified;unihan_traditional,0,469
𫎱,(U+2B3B1),䟐,(U+47D0),opencc_s2t;unihan_simplified;unihan_traditional,0,8
缆,(U+7F06),纜,(U+7E9C),mainland_traditional;opencc_s2t;unihan_simplified;unihan_traditional,0,1105
缅,(U+7F05),緬,(U+7DEC),mainland_traditional;opencc_s2t;unihan_simplified;unihan_traditional,0,2333
缄,(U+7F04),緘,(U+7DD8),mainland_traditional;opencc_s2t;unihan_simplified;unihan_traditional,0,1930
缃,(U+7F03),緗,(U+7DD7),mainland_traditional;opencc_s2t;unihan_simplified;unihan_traditional,0,193
缁,(U+7F01),緇,(U+7DC7),mainland_traditional;opencc_s2t;unihan_simplified;unihan_traditional,0,7252
缀,(U+7F00),綴,(U+7DB4),mainland_traditional;opencc_s2t;unihan_simplified;unihan_traditional,0,4141
绾,(U+7EFE),綰,(U+7DB0),mainland_traditional;opencc_s2t;unihan_simplified;unihan_traditional,0,1435
绽,(U+7EFD),綻,(U+7DBB),mainland_traditional;opencc_s2t;unihan_simplified;unihan_traditional,0,1079
综,(U+7EFC),綜,(U+7D9C),mainland_traditional;opencc_s2t;unihan_simplified;unihan_traditional,0,4968
缇,(U+7F07),緹,(U+7DF9),mainland_traditional;opencc_s2t;unihan_simplified;unihan_traditional,0,287
缧,(U+7F27),縲,(U+7E32),mainland_traditional;opencc_s2t;unihan_simplified;unihan_traditional,0,226
缦,(U+7F26),縵,(U+7E35),mainland_traditional;opencc_s2t;unihan_simplified;unihan_traditional,0,1860
缥,(U+7F25),縹,(U+7E39),mainland_traditional;opencc_s2t;unihan_simplified;unihan_traditional,0,877
缤,(U+7F24),繽,(U+7E7D),mainland_traditional;opencc_s2t;unihan_simplified;unihan_traditional,0,672
缣,(U+7F23),縑,(U+7E11),mainland_traditional;opencc_s2t;unihan_simplified;unihan_traditional,0,727
缢,(U+7F22),縊,(U+7E0A),mainland_traditional;opencc_s2t;unihan_simplified;unihan_traditional,0,660
缡,(U+7F21),縭,(U+7E2D),mainland_traditional;opencc_s2t;unihan_simplified;unihan_traditional,0,10
缠,(U+7F20),纏,(U+7E8F),mainland_traditional;opencc_s2t;unihan_simplified;unihan_traditional,0,24265
缟,(U+7F1F),縞,(U+7E1E),mainland_traditional;opencc_s2t;unihan_simplified;unihan_traditional,0,358
缒,(U+7F12),縋,(U+7E0B),mainland_traditional;opencc_s2t;unihan_simplified;unihan_traditional,0,123
缝,(U+7F1D),縫,(U+7E2B),mainland_traditional;opencc_s2t;unihan_simplified;unihan_traditional,0,5638
缜,(U+7F1C),縝,(U+7E1D),mainland_traditional;opencc_s2t;unihan_simplified;unihan_traditional,0,395
缛,(U+7F1B),縟,(U+7E1F),mainland_traditional;opencc_s2t;unihan_simplified;unihan_traditional,0,331
缙,(U+7F19),縉,(U+7E09),mainland_traditional;opencc_s2t;unihan_simplified;unihan_traditional,0,1771
缘,(U+7F18),緣,(U+7DE3),mainland_traditional;opencc_s2t;unihan_simplified;unihan_traditional,0,633393
缗,(U+7F17),緡,(U+7DE1),mainland_traditional;opencc_s2t;unihan_simplified;unihan_traditional,0,702
缕,(U+7F15),縷,(U+7E37),mainland_traditional;opencc_s2t;unihan_simplified;unihan_traditional,0,5494
缔,(U+7F14),締,(U+7DE0),mainland_traditional;opencc_s2t;unihan_simplified;unihan_traditional,0,749
缓,(U+7F13),緩,(U+7DE9),mainland_traditional;opencc_s2t;unihan_simplified;unihan_traditional,0,7157
缞,(U+7F1E),縗,(U+7E17),mainland_traditional;opencc_s2t;unihan_simplified;unihan_traditional,0,290
绡,(U+7EE1),綃,(U+7D83),mainland_traditional;opencc_s2t;unihan_simplified;unihan_traditional,0,216
绠,(U+7EE0),綆,(U+7D86),mainland_traditional;opencc_s2t;unihan_simplified;unihan_traditional,0,236
统,(U+7EDF),統,(U+7D71),mainland_traditional;opencc_s2t;unihan_simplified;unihan_traditional,0,32099
绞,(U+7EDE),絞,(U+7D5E),mainland_traditional;opencc_s2t;unihan_simplified;unihan_traditional,0,1188
绝,(U+7EDD),絕,(U+7D55),opencc_s2t;unihan_simplified;unihan_traditional,0,84243
络,(U+7EDC),絡,(U+7D61),mainland_traditional;opencc_s2t;unihan_simplified;unihan_traditional,0,5789
绛,(U+7EDB),絳,(U+7D73),mainland_traditional;opencc_s2t;unihan_simplified;unihan_traditional,0,3666
绚,(U+7EDA),絢,(U+7D62),mainland_traditional;opencc_s2t;unihan_simplified;unihan_traditional,0,646
给,(U+7ED9),給,(U+7D66),mainland_traditional;opencc_s2t;unihan_simplified;unihan_traditional,0,35331
绻,(U+7EFB),綣,(U+7DA3),mainland_traditional;opencc_s2t;unihan_simplified;unihan_traditional,0,278
绖,(U+7ED6),絰,(U+7D70),mainland_traditional;opencc_s2t;unihan_simplified;unihan_traditional,0,576
绕,(U+7ED5),繞,(U+7E5E),mainland_traditional;opencc_s2t;unihan_simplified;unihan_traditional,0,19113
绔,(U+7ED4),絝,(U+7D5D),mainland_traditional;opencc_s2t;unihan_simplified;unihan_traditional,0,81
结,(U+7ED3),結,(U+7D50),mainland_traditional;opencc_s2t;unihan_simplified;unihan_traditional,0,215999
绒,(U+7ED2),絨,(U+7D68),mainland_traditional;opencc_s2t;unihan_simplified;unihan_traditional,0,107
绑,(U+7ED1),綁,(U+7D81),mainland_traditional;opencc_s2t;unihan_simplified;unihan_traditional,0,76
绐,(U+7ED0),紿,(U+7D3F),mainland_traditional;opencc_s2t;unihan_simplified;unihan_traditional,0,505
经,(U+7ECF),經,(U+7D93),mainland_traditional;opencc_s2t;unihan_simplified;unihan_traditional,0,843885
绎,(U+7ECE),繹,(U+7E79),mainland_traditional;opencc_s2t;unihan_simplified;unihan_traditional,0,1580
绘,(U+7ED8),繪,(U+7E6A),mainland_traditional;opencc_s2t;unihan_simplified;unihan_traditional,0,2807
绺,(U+7EFA),綹,(U+7DB9),mainland_traditional;opencc_s2t;unihan_simplified;unihan_traditional,0,9
绹,(U+7EF9),綯,(U+7DAF),mainland_traditional;opencc_s2t;unihan_simplified;unihan_traditional,0,174
绸,(U+7EF8),綢,(U+7DA2),mainland_traditional;opencc_s2t;unihan_simplified;unihan_traditional,0,506
绶,(U+7EF6),綬,(U+7DAC),mainland_traditional;opencc_s2t;unihan_simplified;unihan_traditional,0,2436
绵,(U+7EF5),綿,(U+7DBF),mainland_traditional;opencc_s2t;unihan_simplified;unihan_traditional,0,9358
维,(U+7EF4),維,(U+7DAD),mainland_traditional;opencc_s2t;unihan_simplified;unihan_traditional,0,38884
绳,(U+7EF3),繩,(U+7E69),mainland_traditional;opencc_s2t;unihan_simplified;unihan_traditional,0,13932
绲,(U+7EF2),緄,(U+7DC4),mainland_traditional;opencc_s2t;unihan_simplified;unihan_traditional,0,162
绰,(U+7EF0),綽,(U+7DBD),mainland_traditional;opencc_s2t;unihan_simplified;unihan_traditional,0,2917
绢,(U+7EE2),絹,(U+7D79),mainland_traditional;opencc_s2t;unihan_simplified;unihan_traditional,0,4059
绮,(U+7EEE),綺,(U+7DBA),mainland_traditional;opencc_s2t;unihan_simplified;unihan_traditional,0,6622
续,(U+7EED),續,(U+7E8C),mainland_traditional;opencc_s2t;unihan_simplified;unihan_traditional,0,273211
绫,(U+7EEB),綾,(U+7DBE),mainland_traditional;opencc_s2t;unihan_simplified;unihan_traditional,0,1023
绪,(U+7EEA),緒,(U+7DD2),mainland_traditional;opencc_s2t;unihan_simplified;unihan_traditional,0,8047
绩,(U+7EE9),績,(U+7E3E),mainland_traditional;opencc_s2t;unihan_simplified;unihan_traditional,0,4296
绨,(U+7EE8),綈,(U+7D88),mainland_traditional;opencc_s2t;unihan_simplified;unihan_traditional,0,155
继,(U+7EE7),繼,(U+7E7C),mainland_traditional;opencc_s2t;unihan_simplified;unihan_traditional,0,22254
绥,(U+7EE5),綏,(U+7D8F),mainland_traditional;opencc_s2t;unihan_simplified;unihan_traditional,0,2245
绤,(U+7EE4),綌,(U+7D8C),mainland_traditional;opencc_s2t;unihan_simplified;unihan_traditional,0,83
绯,(U+7EEF),緋,(U+7DCB),mainland_traditional;opencc_s2t;unihan_simplified;unihan_traditional,0,698
芗,(U+8297),薌,(U+858C),mainland_traditional;opencc_s2t;unihan_simplified;unihan_traditional,0,169
节,(U+8282),節,(U+7BC0),mainland_traditional;opencc_s2t;unihan_simplified;unihan_traditional,0,75831
艺,(U+827A),藝,(U+85DD),mainland_traditional;opencc_s2t;unihan_simplified;unihan_traditional,0,7751
艰,(U+8270),艱,(U+8271),mainland_traditional;opencc_s2t;unihan_simplified;unihan_traditional,0,5600
舻,(U+823B),艫,(U+826B),mainland_traditional;opencc_s2t;unihan_simplified;unihan_traditional,0,172
舱,(U+8231),艙,(U+8259),mainland_traditional;opencc_s2t;unihan_simplified;unihan_traditional,0,36
舰,(U+8230),艦,(U+8266),mainland_traditional;opencc_s2t;unihan_simplified;unihan_traditional,0,667
舣,(U+8223),艤,(U+8264),mainland_traditional;opencc_s2t;unihan_simplified;unihan_traditional,0,189
舆,(U+8206),輿,(U+8F3F),mainland_traditional;opencc_s2t;unihan_simplified;unihan_traditional,0,9905
缨,(U+7F28),纓,(U+7E93),mainland_traditional;opencc_s2t;unihan_simplified;unihan_traditional,0,3255
膑,(U+8191),臏,(U+81CF),mainland_traditional;opencc_s2t;unihan_simplified;unihan_traditional,0,265
腾,(U+817E),騰,(U+9A30),mainland_traditional;opencc_s2t;unihan_simplified;unihan_traditional,0,15010
腽,(U+817D),膃,(U+8183),opencc_s2t;unihan_simplified;unihan_traditional,0,11
腼,(U+817C),靦,(U+9766),opencc_s2t,0,136
腻,(U+817B),膩,(U+81A9),mainland_traditional;opencc_s2t;unihan_simplified;unihan_traditional,0,3951
脸,(U+8138),臉,(U+81C9),mainland_traditional;opencc_s2t;unihan_simplified;unihan_traditional,0,764
脶,(U+8136),腡,(U+8161),mainland_traditional;opencc_s2t;unihan_simplified;unihan_traditional,0,3
脔,(U+8114),臠,(U+81E0),mainland_traditional;opencc_s2t;unihan_simplified;unihan_traditional,0,565
脓,(U+8113),膿,(U+81BF),mainland_traditional;opencc_s2t;unihan_simplified;unihan_traditional,0,2968
臜,(U+81DC),臢,(U+81E2),mainland_traditional;opencc_s2t;unihan_simplified;unihan_traditional,0,2
荥,(U+8365),滎,(U+6ECE),mainland_traditional;opencc_s2t;unihan_simplified;unihan_traditional,0,1307
荤,(U+8364),葷,(U+8477),mainland_traditional;opencc_s2t;unihan_simplified;unihan_traditional,0,1580
荠,(U+8360),薺,(U+85BA),mainland_traditional;opencc_s2t;unihan_simplified;unihan_traditional,0,209
荟,(U+835F),薈,(U+8588),mainland_traditional;opencc_s2t;unihan_simplified;unihan_traditional,0,281
荞,(U+835E),蕎,(U+854E),mainland_traditional;opencc_s2t;unihan_simplified;unihan_traditional,0,53
荜,(U+835C),蓽,(U+84FD),mainland_traditional;opencc_s2t;unihan_simplified;unihan_traditional,0,537
荛,(U+835B),蕘,(U+8558),mainland_traditional;opencc_s2t;unihan_simplified;unihan_traditional,0,321
荙,(U+8359),薘,(U+8598),mainland_traditional;opencc_s2t;unihan_simplified;unihan_traditional,0,6
茕,(U+8315),煢,(U+7162),mainland_traditional;opencc_s2t;unihan_simplified;unihan_traditional,0,379
芜,(U+829C),蕪,(U+856A),mainland_traditional;opencc_s2t;unihan_simplified;unihan_traditional,0,1827
茑,(U+8311),蔦,(U+8526),mainland_traditional;opencc_s2t;unihan_simplified;unihan_traditional,0,75
茏,(U+830F),蘢,(U+8622),mainland_traditional;opencc_s2t;unihan_simplified;unihan_traditional,0,66
茎,(U+830E),莖,(U+8396),mainland_traditional;opencc_s2t;unihan_simplified;unihan_traditional,0,8519
苍,(U+82CD),蒼,(U+84BC),mainland_traditional;opencc_s2t;unihan_simplified;unihan_traditional,0,17387
苌,(U+82CC),萇,(U+8407),mainland_traditional;opencc_s2t;unihan_simplified;unihan_traditional,0,1433
苋,(U+82CB),莧,(U+83A7),mainland_traditional;opencc_s2t;unihan_simplified;unihan_traditional,0,272
苈,(U+82C8),藶,(U+85F6),mainland_traditional;opencc_s2t;unihan_simplified;unihan_traditional,0,173
苇,(U+82C7),葦,(U+8466),mainland_traditional;opencc_s2t;unihan_simplified;unihan_traditional,0,2239
苁,(U+82C1),蓯,(U+84EF),mainland_traditional;opencc_s2t;unihan_simplified;unihan_traditional,0,17
茔,(U+8314),塋,(U+584B),mainland_traditional;opencc_s2t;unihan_simplified;unihan_traditional,0,610
翙,(U+7FD9),翽,(U+7FFD),mainland_traditional;opencc_s2t;unihan_simplified;unihan_traditional,0,111
翘,(U+7FD8),翹,(U+7FF9),mainland_traditional;opencc_s2t;unihan_simplified;unihan_traditional,0,3010
羁,(U+7F81),羈,(U+7F88),mainland_traditional;opencc_s2t;unihan_simplified;unihan_traditional,0,2251
罴,(U+7F74),羆,(U+7F86),mainland_traditional;opencc_s2t;unihan_simplified;unihan_traditional,0,996
罢,(U+7F62),罷,(U+7F77),mainland_traditional;opencc_s2t;unihan_simplified;unihan_traditional,0,15070
罚,(U+7F5A),罰,(U+7F70),mainland_traditional;opencc_s2t;unihan_simplified;unihan_traditional,0,10195
罂,(U+7F42),罌,(U+7F4C),mainland_traditional;opencc_s2t;unihan_simplified;unihan_traditional,0,148
缵,(U+7F35),纘,(U+7E98),mainland_traditional;opencc_s2t;unihan_simplified;unihan_traditional,0,1092
缴,(U+7F34),繳,(U+7E73),mainland_traditional;opencc_s2t;unihan_simplified;unihan_traditional,0,639
脐,(U+8110),臍,(U+81CD),mainland_traditional;opencc_s2t;unihan_simplified;unihan_traditional,0,2966
缲,(U+7F32),繰,(U+7E70),mainland_traditional;opencc_s2t;unihan_simplified;unihan_traditional,0,59
缱,(U+7F31),繾,(U+7E7E),mainland_traditional;opencc_s2t;unihan_simplified;unihan_traditional,0,118
缯,(U+7F2F),繒,(U+7E52),mainland_traditional;opencc_s2t;unihan_simplified;unihan_traditional,0,3573
缮,(U+7F2E),繕,(U+7E55),mainland_traditional;opencc_s2t;unihan_simplified;unihan_traditional,0,3624
缭,(U+7F2D),繚,(U+7E5A),mainland_traditional;opencc_s2t;unihan_simplified;unihan_traditional,0,757
缬,(U+7F2C),纈,(U+7E88),mainland_traditional;opencc_s2t;unihan_simplified;unihan_traditional,0,273
缫,(U+7F2B),繅,(U+7E45),mainland_traditional;opencc_s2t;unihan_simplified;unihan_traditional,0,62
缪,(U+7F2A),繆,(U+7E46),mainland_traditional;opencc_s2t;unihan_simplified;unihan_traditional,0,1462
缩,(U+7F29),縮,(U+7E2E),mainland_traditional;opencc_s2t;unihan_simplified;unihan_traditional,0,4544
缳,(U+7F33),繯,(U+7E6F),mainland_traditional;opencc_s2t;unihan_simplified;unihan_traditional,0,48
脍,(U+810D),膾,(U+81BE),mainland_traditional;opencc_s2t;unihan_simplified;unihan_traditional,0,954
胶,(U+80F6),膠,(U+81A0),mainland_traditional;opencc_s2t;unihan_simplified;unihan_traditional,0,3734
胫,(U+80EB),脛,(U+811B),mainland_traditional;opencc_s2t;unihan_simplified;unihan_traditional,0,1145
胪,(U+80EA),臚,(U+81DA),mainland_traditional;opencc_s2t;unihan_simplified;unihan_traditional,0,2695
胧,(U+80E7),朧,(U+6727),mainland_traditional;opencc_s2t;unihan_simplified;unihan_traditional,0,456
胁,(U+80C1),脅,(U+8105),mainland_traditional;opencc_s2t;unihan_simplified;unihan_traditional,0,2443
胀,(U+80C0),脹,(U+8139),mainland_traditional;opencc_s2t;unihan_simplified;unihan_traditional,0,1706
肿,(U+80BF),腫,(U+816B),mainland_traditional;opencc_s2t;unihan_simplified;unihan_traditional,0,1543
肾,(U+80BE),腎,(U+814E),mainland_traditional;opencc_s2t;unihan_simplified;unihan_traditional,0,1177
翚,(U+7FDA),翬,(U+7FEC),mainland_traditional;opencc_s2t;unihan_simplified;unihan_traditional,0,280
肃,(U+8083),肅,(U+8085),mainland_traditional;opencc_s2t;unihan_simplified;unihan_traditional,0,14402
聪,(U+806A),聰,(U+8070),mainland_traditional;opencc_s2t;unihan_simplified;unihan_traditional,0,15605
聩,(U+8069),聵,(U+8075),mainland_traditional;opencc_s2t;unihan_simplified;unihan_traditional,0,479
聍,(U+804D),聹,(U+8079),mainland_traditional;opencc_s2t;unihan_simplified;unihan_traditional,0,109
职,(U+804C),職,(U+8077),mainland_traditional;opencc_s2t;unihan_simplified;unihan_traditional,0,15492
聋,(U+804B),聾,(U+807E),mainland_traditional;opencc_s2t;unihan_simplified;unihan_traditional,0,7229
聂,(U+8042),聶,(U+8076),mainland_traditional;opencc_s2t;unihan_simplified;unihan_traditional,0,1180
耸,(U+8038),聳,(U+8073),mainland_traditional;opencc_s2t;unihan_simplified;unihan_traditional,0,3157
耧,(U+8027),耬,(U+802C),mainland_traditional;opencc_s2t;unihan_simplified;unihan_traditional,0,43
耢,(U+8022),耮,(U+802E),mainland_traditional;opencc_s2t;unihan_simplified;unihan_traditional,0,3
肠,(U+80A0),腸,(U+8178),mainland_traditional;opencc_s2t;unihan_simplified;unihan_traditional,0,4738
砻,(U+783B),礱,(U+7931),mainland_traditional;opencc_s2t;unihan_simplified;unihan_traditional,0,356
砺,(U+783A),礪,(U+792A),mainland_traditional;opencc_s2t;unihan_simplified;unihan_traditional,0,1568
砚,(U+781A),硯,(U+786F),mainland_traditional;opencc_s2t;unihan_simplified;unihan_traditional,0,1006
砗,(U+7817),硨,(U+7868),mainland_traditional;opencc_s2t;unihan_simplified;unihan_traditional,0,1056
砖,(U+7816),磚,(U+78DA),mainland_traditional;opencc_s2t;unihan_simplified;unihan_traditional,0,1850
码,(U+7801),碼,(U+78BC),mainland_traditional;opencc_s2t;unihan_simplified;unihan_traditional,0,1148
砀,(U+7800),碭,(U+78AD),mainland_traditional;opencc_s2t;unihan_simplified;unihan_traditional,0,204
矿,(U+77FF),礦,(U+7926),mainland_traditional;opencc_s2t;unihan_simplified;unihan_traditional,0,1175
矾,(U+77FE),礬,(U+792C),mainland_traditional;opencc_s2t;unihan_simplified;unihan_traditional,0,126
绍,(U+7ECD),紹,(U+7D39),mainland_traditional;opencc_s2t;unihan_simplified;unihan_traditional,0,17297
矫,(U+77EB),矯,(U+77EF),mainland_traditional;opencc_s2t;unihan_simplified;unihan_traditional,0,5087
瞒,(U+7792),瞞,(U+779E),mainland_traditional;opencc_s2t;unihan_simplified;unihan_traditional,0,4967
瞆,(U+7786),瞶,(U+77B6),opencc_s2t;unihan_simplified;unihan_traditional,0,183
睑,(U+7751),瞼,(U+77BC),mainland_traditional;opencc_s2t;unihan_simplified;unihan_traditional,0,199
睐,(U+7750),睞,(U+775E),mainland_traditional;opencc_s2t;unihan_simplified;unihan_traditional,0,291
睁,(U+7741),睜,(U+775C),opencc_s2t;tw_simplified_to_traditional;unihan_simplified;unihan_traditional,0,306
眬,(U+772C),矓,(U+77D3),mainland_traditional;opencc_s2t;unihan_simplified;unihan_traditional,0,35
眍,(U+770D),瞘,(U+7798),mainland_traditional;opencc_s2t;unihan_simplified;unihan_traditional,0,1
盘,(U+76D8),盤,(U+76E4),mainland_traditional;opencc_s2t;unihan_simplified;unihan_traditional,0,18405
矶,(U+77F6),磯,(U+78EF),mainland_traditional;opencc_s2t;unihan_simplified;unihan_traditional,0,480
稣,(U+7A23),穌,(U+7A4C),mainland_traditional;opencc_s2t;unihan_simplified;unihan_traditional,0,1452
税,(U+7A0E),稅,(U+7A05),opencc_s2t;tw_simplified_to_traditional;unihan_simplified;unihan_traditional,0,4553
秾,(U+79FE),穠,(U+7A60),mainland_traditional;opencc_s2t;unihan_simplified;unihan_traditional,0,126
秽,(U+79FD),穢,(U+7A62),mainland_traditional;opencc_s2t;unihan_simplified;unihan_traditional,0,30042
祸,(U+7978),禍,(U+798D),mainland_traditional;opencc_s2t;unihan_simplified;unihan_traditional,0,14213
祷,(U+7977),禱,(U+79B1),mainland_traditional;opencc_s2t;unihan_simplified;unihan_traditional,0,5329
祯,(U+796F),禎,(U+798E),mainland_traditional;opencc_s2t;unihan_simplified;unihan_traditional,0,3488
祎,(U+794E),禕,(U+7995),mainland_traditional;opencc_s2t;unihan_simplified;unihan_traditional,0,535
祃,(U+7943),禡,(U+79A1),mainland_traditional;opencc_s2t;unihan_simplified;unihan_traditional,0,23
砾,(U+783E),礫,(U+792B),mainland_traditional;opencc_s2t;unihan_simplified;unihan_traditional,0,3871
碛,(U+789B),磧,(U+78E7),mainland_traditional;opencc_s2t;unihan_simplified;unihan_traditional,0,9944
硵,(U+7875),磠,(U+78E0),opencc_s2t;unihan_simplified;unihan_traditional,0,2
硚,(U+785A),礄,(U+7904),mainland_traditional;opencc_s2t;unihan_simplified;unihan_traditional,0,20
硙,(U+7859),磑,(U+78D1),mainland_traditional;opencc_s2t;unihan_simplified;unihan_traditional,0,339
硗,(U+7857),磽,(U+78FD),mainland_traditional;opencc_s2t;unihan_simplified;unihan_traditional,0,169
硖,(U+7856),硤,(U+7864),mainland_traditional;opencc_s2t;unihan_simplified;unihan_traditional,0,403
硕,(U+7855),碩,(U+78A9),mainland_traditional;opencc_s2t;unihan_simplified;unihan_traditional,0,2913
硁,(U+7841),硜,(U+785C),mainland_traditional;opencc_s2t;unihan_simplified;unihan_traditional,0,130
础,(U+7840),礎,(U+790E),mainland_traditional;opencc_s2t;unihan_simplified;unihan_traditional,0,1583
碜,(U+789C),磣,(U+78E3),mainland_traditional;opencc_s2t;unihan_simplified;unihan_traditional,0,255
疮,(U+75AE),瘡,(U+7621),mainland_traditional;opencc_s2t;unihan_simplified;unihan_traditional,0,7762
疭,(U+75AD),瘲,(U+7632),mainland_traditional;opencc_s2t;unihan_simplified;unihan_traditional,0,4
疬,(U+75AC),癧,(U+7667),mainland_traditional;opencc_s2t;unihan_simplified;unihan_traditional,0,26
疡,(U+75A1),瘍,(U+760D),mainland_traditional;opencc_s2t;unihan_simplified;unihan_traditional,0,142
疠,(U+75A0),癘,(U+7658),mainland_traditional;opencc_s2t;unihan_simplified;unihan_traditional,0,1365
疟,(U+759F),瘧,(U+7627),mainland_traditional;opencc_s2t;unihan_simplified;unihan_traditional,0,920
疗,(U+7597),療,(U+7642),mainland_traditional;opencc_s2t;unihan_simplified;unihan_traditional,0,5107
疖,(U+7596),癤,(U+7664),mainland_traditional;opencc_s2t;unihan_simplified;unihan_traditional,0,101
畴,(U+7574),疇,(U+7587),mainland_traditional;opencc_s2t;unihan_simplified;unihan_traditional,0,2605
监,(U+76D1),監,(U+76E3),mainland_traditional;opencc_s2t;unihan_simplified;unihan_traditional,0,23196
瓯,(U+74EF),甌,(U+750C),mainland_traditional;opencc_s2t;unihan_simplified;unihan_traditional,0,1488
瓒,(U+74D2),瓚,(U+74DA),mainland_traditional;opencc_s2t;unihan_simplified;unihan_traditional,0,1743
璎,(U+748E),瓔,(U+74D4),mainland_traditional;opencc_s2t;unihan_simplified;unihan_traditional,0,12781
瑸,(U+7478),璸,(U+74B8),opencc_s2t;unihan_simplified;unihan_traditional,0,33
瑷,(U+7477),璦,(U+74A6),mainland_traditional;opencc_s2t;unihan_simplified;unihan_traditional,0,5
琼,(U+743C),瓊,(U+74CA),mainland_traditional;opencc_s2t;unihan_simplified;unihan_traditional,0,4589
琐,(U+7410),瑣,(U+7463),mainland_traditional;opencc_s2t;unihan_simplified;unihan_traditional,0,1715
琏,(U+740F),璉,(U+7489),mainland_traditional;opencc_s2t;unihan_simplified;unihan_traditional,0,1627
琎,(U+740E),璡,(U+74A1),mainland_traditional;opencc_s2t;unihan_simplified;unihan_traditional,0,243
畅,(U+7545),暢,(U+66A2),mainland_traditional;opencc_s2t;unihan_simplified;unihan_traditional,0,9416
盐,(U+76D0),鹽,(U+9E7D),mainland_traditional;opencc_s2t;unihan_simplified;unihan_traditional,0,9891
盏,(U+76CF),盞,(U+76DE),mainland_traditional;opencc_s2t;unihan_simplified;unihan_traditional,0,2416
皲,(U+76B2),皸,(U+76B8),mainland_traditional;opencc_s2t;unihan_simplified;unihan_traditional,0,38
皑,(U+7691),皚,(U+769A),mainland_traditional;opencc_s2t;unihan_simplified;unihan_traditional,0,121
癫,(U+766B),癲,(U+7672),mainland_traditional;opencc_s2t;unihan_simplified;unihan_traditional,0,939
癣,(U+7663),癬,(U+766C),mainland_traditional;opencc_s2t;unihan_simplified;unihan_traditional,0,457
癞,(U+765E),癩,(U+7669),mainland_traditional;opencc_s2t;unihan_simplified;unihan_traditional,0,1957
瘿,(U+763F),癭,(U+766D),mainland_traditional;opencc_s2t;unihan_simplified;unihan_traditional,0,522
瘾,(U+763E),癮,(U+766E),mainland_traditional;opencc_s2t;unihan_simplified;unihan_traditional,0,42
疯,(U+75AF),瘋,(U+760B),mainland_traditional;opencc_s2t;unihan_simplified;unihan_traditional,0,259
瘪,(U+762A),癟,(U+765F),mainland_traditional;opencc_s2t;unihan_simplified;unihan_traditional,0,3
瘗,(U+7617),瘞,(U+761E),mainland_traditional;opencc_s2t;unihan_simplified;unihan_traditional,0,2036
瘆,(U+7606),瘮,(U+762E),mainland_traditional;opencc_s2t;unihan_simplified;unihan_traditional,0,8
瘅,(U+7605),癉,(U+7649),mainland_traditional;opencc_s2t;unihan_simplified;unihan_traditional,0,68
痫,(U+75EB),癇,(U+7647),mainland_traditional;opencc_s2t;unihan_simplified;unihan_traditional,0,87
痪,(U+75EA),瘓,(U+7613),opencc_s2t;tw_simplified_to_traditional;unihan_simplified;unihan_traditional,0,42
痨,(U+75E8),癆,(U+7646),mainland_traditional;opencc_s2t;unihan_simplified;unihan_traditional,0,43
痖,(U+75D6),瘂,(U+7602),opencc_s2t;unihan_simplified;unihan_traditional,0,2265
痉,(U+75C9),痙,(U+75D9),mainland_traditional;opencc_s2t;unihan_simplified;unihan_traditional,0,14
痈,(U+75C8),癰,(U+7670),mainland_traditional;opencc_s2t;unihan_simplified;unihan_traditional,0,1769
瘫,(U+762B),癱,(U+7671),mainland_traditional;opencc_s2t;unihan_simplified;unihan_traditional,0,54
纶,(U+7EB6),綸,(U+7DB8),mainland_traditional;opencc_s2t;unihan_simplified;unihan_traditional,0,4057
纵,(U+7EB5),縱,(U+7E31),mainland_traditional;opencc_s2t;unihan_simplified;unihan_traditional,0,42717
纴,(U+7EB4),紝,(U+7D1D),mainland_traditional;opencc_s2t;unihan_simplified;unihan_traditional,0,70
纳,(U+7EB3),納,(U+7D0D),mainland_traditional;opencc_s2t;unihan_simplified;unihan_traditional,0,27578
纲,(U+7EB2),綱,(U+7DB1),mainland_traditional;opencc_s2t;unihan_simplified;unihan_traditional,0,16390
纱,(U+7EB1),紗,(U+7D17),mainland_traditional;opencc_s2t;unihan_simplified;unihan_traditional,0,1085
纰,(U+7EB0),紕,(U+7D15),mainland_traditional;opencc_s2t;unihan_simplified;unihan_traditional,0,350
纯,(U+7EAF),純,(U+7D14),mainland_traditional;opencc_s2t;unihan_simplified;unihan_traditional,0,28447
纮,(U+7EAE),紘,(U+7D18),mainland_traditional;opencc_s2t;unihan_simplified;unihan_traditional,0,587
稳,(U+7A33),穩,(U+7A69),mainland_traditional;opencc_s2t;unihan_simplified;unihan_traditional,0,7185
纫,(U+7EAB),紉,(U+7D09),mainland_traditional;opencc_s2t;unihan_simplified;unihan_traditional,0,303
纪,(U+7EAA),紀,(U+7D00),mainland_traditional;opencc_s2t;unihan_simplified;unihan_traditional,0,32362
纩,(U+7EA9),纊,(U+7E8A),mainland_traditional;opencc_s2t;unihan_simplified;unihan_traditional,0,574
纨,(U+7EA8),紈,(U+7D08),mainland_traditional;opencc_s2t;unihan_simplified;unihan_traditional,0,334
级,(U+7EA7),級,(U+7D1A),mainland_traditional;opencc_s2t;unihan_simplified;unihan_traditional,0,8424
约,(U+7EA6),約,(U+7D04),mainland_traditional;opencc_s2t;unihan_simplified;unihan_traditional,0,142049
纥,(U+7EA5),紇,(U+7D07),mainland_traditional;opencc_s2t;unihan_simplified;unihan_traditional,0,2582
纣,(U+7EA3),紂,(U+7D02),mainland_traditional;opencc_s2t;unihan_simplified;unihan_traditional,0,1289
红,(U+7EA2),紅,(U+7D05),mainland_traditional;opencc_s2t;unihan_simplified;unihan_traditional,0,19709
纬,(U+7EAC),緯,(U+7DEF),mainland_traditional;opencc_s2t;unihan_simplified;unihan_traditional,0,2966
绌,(U+7ECC),絀,(U+7D40),mainland_traditional;opencc_s2t;unihan_simplified;unihan_traditional,0,165
绋,(U+7ECB),紼,(U+7D3C),mainland_traditional;opencc_s2t;unihan_simplified;unihan_traditional,0,102
绊,(U+7ECA),絆,(U+7D46),mainland_traditional;opencc_s2t;unihan_simplified;unihan_traditional,0,1264
绉,(U+7EC9),縐,(U+7E10),mainland_traditional;opencc_s2t;unihan_simplified;unihan_traditional,0,63
终,(U+7EC8),終,(U+7D42),mainland_traditional;opencc_s2t;unihan_simplified;unihan_traditional,0,150473
细,(U+7EC6),細,(U+7D30),mainland_traditional;opencc_s2t;unihan_simplified;unihan_traditional,0,61862
绅,(U+7EC5),紳,(U+7D33),mainland_traditional;opencc_s2t;unihan_simplified;unihan_traditional,0,3214
组,(U+7EC4),組,(U+7D44),mainland_traditional;opencc_s2t;unihan_simplified;unihan_traditional,0,4792
练,(U+7EC3),練,(U+7DF4),mainland_traditional;opencc_s2t;unihan_simplified;unihan_traditional,0,12256
纷,(U+7EB7),紛,(U+7D1B),mainland_traditional;opencc_s2t;unihan_simplified;unihan_traditional,0,11610
绁,(U+7EC1),紲,(U+7D32),mainland_traditional;opencc_s2t;unihan_simplified;unihan_traditional,0,237
绀,(U+7EC0),紺,(U+7D3A),mainland_traditional;opencc_s2t;unihan_simplified;unihan_traditional,0,3311
纾,(U+7EBE),紓,(U+7D13),mainland_traditional;opencc_s2t;unihan_simplified;unihan_traditional,0,262
纽,(U+7EBD),紐,(U+7D10),mainland_traditional;opencc_s2t;unihan_simplified;unihan_traditional,0,2862
纼,(U+7EBC),紖,(U+7D16),mainland_traditional;opencc_s2t;unihan_simplified;unihan_traditional,0,49
纻,(U+7EBB),紵,(U+7D35),mainland_traditional;opencc_s2t;unihan_simplified;unihan_traditional,0,642
纺,(U+7EBA),紡,(U+7D21),mainland_traditional;opencc_s2t;unihan_simplified;unihan_traditional,0,560
纹,(U+7EB9),紋,(U+7D0B),mainland_traditional;opencc_s2t;unihan_simplified;unihan_traditional,0,1547
纸,(U+7EB8),紙,(U+7D19),mainland_traditional;opencc_s2t;unihan_simplified;unihan_traditional,0,25894
绂,(U+7EC2),紱,(U+7D31),mainland_traditional;opencc_s2t;unihan_simplified;unihan_traditional,0,379
筹,(U+7B79),籌,(U+7C4C),mainland_traditional;opencc_s2t;unihan_simplified;unihan_traditional,0,8289
筝,(U+7B5D),箏,(U+7B8F),opencc_s2t;tw_simplified_to_traditional;unihan_simplified;unihan_traditional,0,459
筜,(U+7B5C),簹,(U+7C39),mainland_traditional;opencc_s2t;unihan_simplified;unihan_traditional,0,37
筛,(U+7B5B),篩,(U+7BE9),mainland_traditional;opencc_s2t;unihan_simplified;unihan_traditional,0,685
筚,(U+7B5A),篳,(U+7BF3),mainland_traditional;opencc_s2t;unihan_simplified;unihan_traditional,0,116
笾,(U+7B3E),籩,(U+7C69),mainland_traditional;opencc_s2t;unihan_simplified;unihan_traditional,0,272
笼,(U+7B3C),籠,(U+7C60),mainland_traditional;opencc_s2t;unihan_simplified;unihan_traditional,0,9694
笺,(U+7B3A),箋,(U+7B8B),mainland_traditional;opencc_s2t;unihan_simplified;unihan_traditional,0,6724
笕,(U+7B15),筧,(U+7B67),mainland_traditional;opencc_s2t;unihan_simplified;unihan_traditional,0,172
纡,(U+7EA1),紆,(U+7D06),mainland_traditional;opencc_s2t;unihan_simplified;unihan_traditional,0,1385
竞,(U+7ADE),競,(U+7AF6),mainland_traditional;opencc_s2t;unihan_simplified;unihan_traditional,0,11206
窭,(U+7AAD),窶,(U+7AB6),mainland_traditional;opencc_s2t;unihan_simplified;unihan_traditional,0,563
窦,(U+7AA6),竇,(U+7AC7),mainland_traditional;opencc_s2t;unihan_simplified;unihan_traditional,0,13781
窥,(U+7AA5),窺,(U+7ABA),mainland_traditional;opencc_s2t;unihan_simplified;unihan_traditional,0,6239
窜,(U+7A9C),竄,(U+7AC4),mainland_traditional;opencc_s2t;unihan_simplified;unihan_traditional,0,2037
窎,(U+7A8E),窵,(U+7AB5),mainland_traditional;opencc_s2t;unihan_simplified;unihan_traditional,0,11
窍,(U+7A8D),竅,(U+7AC5),mainland_traditional;opencc_s2t;unihan_simplified;unihan_traditional,0,3357
穞,(U+7A5E),穭,(U+7A6D),opencc_s2t,0,42
穑,(U+7A51),穡,(U+7A61),mainland_traditional;opencc_s2t;unihan_simplified;unihan_traditional,0,901
笃,(U+7B03),篤,(U+7BE4),mainland_traditional;opencc_s2t;unihan_simplified;unihan_traditional,0,7888
纠,(U+7EA0),糾,(U+7CFE),mainland_traditional;opencc_s2t;unihan_simplified;unihan_traditional,0,2002
絷,(U+7D77),縶,(U+7E36),mainland_traditional;opencc_s2t;unihan_simplified;unihan_traditional,0,707
紧,(U+7D27),緊,(U+7DCA),mainland_traditional;opencc_s2t;unihan_simplified;unihan_traditional,0,8267
糁,(U+7CC1),糝,(U+7CDD),mainland_traditional;opencc_s2t;unihan_simplified;unihan_traditional,0,615
粪,(U+7CAA),糞,(U+7CDE),mainland_traditional;opencc_s2t;unihan_simplified;unihan_traditional,0,10538
粝,(U+7C9D),糲,(U+7CF2),mainland_traditional;opencc_s2t;unihan_simplified;unihan_traditional,0,378
类,(U+7C7B),類,(U+985E),mainland_traditional;opencc_s2t;unihan_simplified;unihan_traditional,0,133041
簖,(U+7C16),籪,(U+7C6A),mainland_traditional;opencc_s2t;unihan_simplified;unihan_traditional,0,12
篯,(U+7BEF),籛,(U+7C5B),mainland_traditional;opencc_s2t;unihan_simplified;unihan_traditional,0,36
筼,(U+7B7C),篔,(U+7BD4),mainland_traditional;opencc_s2t;unihan_simplified;unihan_traditional,0,41
篓,(U+7BD3),簍,(U+7C0D),mainland_traditional;opencc_s2t;unihan_simplified;unihan_traditional,0,42
篑,(U+7BD1),簣,(U+7C23),mainland_traditional;opencc_s2t;unihan_simplified;unihan_traditional,0,682
箫,(U+7BAB),簫,(U+7C2B),mainland_traditional;opencc_s2t;unihan_simplified;unihan_traditional,0,1459
箪,(U+7BAA),簞,(U+7C1E),mainland_traditional;opencc_s2t;unihan_simplified;unihan_traditional,0,364
箩,(U+7BA9),籮,(U+7C6E),mainland_traditional;opencc_s2t;unihan_simplified;unihan_traditional,0,378
箨,(U+7BA8),籜,(U+7C5C),mainland_traditional;opencc_s2t;unihan_simplified;unihan_traditional,0,334
箧,(U+7BA7),篋,(U+7BCB),mainland_traditional;opencc_s2t;unihan_simplified;unihan_traditional,0,2596
箦,(U+7BA6),簀,(U+7C00),mainland_traditional;opencc_s2t;unihan_simplified;unihan_traditional,0,152
简,(U+7B80),簡,(U+7C21),mainland_traditional;opencc_s2t;unihan_simplified;unihan_traditional,0,49793
筿,(U+7B7F),篠,(U+7BE0),opencc_s2t,0,171
篮,(U+7BEE),籃,(U+7C43),mainland_traditional;opencc_s2t;unihan_simplified;unihan_traditional,0,1745
谦,(U+8C26),謙,(U+8B19),mainland_traditional;opencc_s2t;unihan_simplified;unihan_traditional,0,13759
谤,(U+8C24),謗,(U+8B17),mainland_traditional;opencc_s2t;unihan_simplified;unihan_traditional,0,33242
谣,(U+8C23),謠,(U+8B20),opencc_s2t;unihan_simplified;unihan_traditional,0,1659
谢,(U+8C22),謝,(U+8B1D),mainland_traditional;opencc_s2t;unihan_simplified;unihan_traditional,0,33385
谡,(U+8C21),謖,(U+8B16),mainland_traditional;opencc_s2t;unihan_simplified;unihan_traditional,0,174
谠,(U+8C20),讜,(U+8B9C),mainland_traditional;opencc_s2t;unihan_simplified;unihan_traditional,0,595
谟,(U+8C1F),謨,(U+8B28),mainland_traditional;opencc_s2t;unihan_simplified;unihan_traditional,0,9120
谞,(U+8C1E),諝,(U+8ADD),mainland_traditional;opencc_s2t;unihan_simplified;unihan_traditional,0,185
谝,(U+8C1D),諞,(U+8ADE),mainland_traditional;opencc_s2t;unihan_simplified;unihan_traditional,0,7
荧,(U+8367),熒,(U+7192),mainland_traditional;opencc_s2t;unihan_simplified;unihan_traditional,0,4606
谛,(U+8C1B),諦,(U+8AE6),mainland_traditional;opencc_s2t;unihan_simplified;unihan_traditional,0,168628
谚,(U+8C1A),諺,(U+8AFA),mainland_traditional;opencc_s2t;unihan_simplified;unihan_traditional,0,992
谙,(U+8C19),諳,(U+8AF3),mainland_traditional;opencc_s2t;unihan_simplified;unihan_traditional,0,2243
谘,(U+8C18),諮,(U+8AEE),opencc_s2t;tw_simplified_to_traditional;unihan_simplified;unihan_traditional,0,7172
谗,(U+8C17),讒,(U+8B92),mainland_traditional;opencc_s2t;unihan_simplified;unihan_traditional,0,2267
谖,(U+8C16),諼,(U+8AFC),mainland_traditional;opencc_s2t;unihan_simplified;unihan_traditional,0,70
谕,(U+8C15),諭,(U+8AED),mainland_traditional;opencc_s2t;unihan_simplified;unihan_traditional,0,6661
谔,(U+8C14),諤,(U+8AE4),mainland_traditional;opencc_s2t;unihan_simplified;unihan_traditional,0,374
谓,(U+8C13),謂,(U+8B02),mainland_traditional;opencc_s2t;unihan_simplified;unihan_traditional,0,672557
谜,(U+8C1C),謎,(U+8B0E),mainland_traditional;opencc_s2t;unihan_simplified;unihan_traditional,0,786
贠,(U+8D20),貟,(U+8C9F),opencc_s2t;unihan_simplified;unihan_traditional,0,255
负,(U+8D1F),負,(U+8CA0),mainland_traditional;opencc_s2t;unihan_simplified;unihan_traditional,0,29531
贞,(U+8D1E),貞,(U+8C9E),mainland_traditional;opencc_s2t;unihan_simplified;unihan_traditional,0,21456
贝,(U+8D1D),貝,(U+8C9D),mainland_traditional;opencc_s2t;unihan_simplified;unihan_traditional,0,7535
豮,(U+8C6E),豶,(U+8C76),mainland_traditional;opencc_s2t;unihan_simplified;unihan_traditional,0,15
谶,(U+8C36),讖,(U+8B96),mainland_traditional;opencc_s2t;unihan_simplified;unihan_traditional,0,5384
谵,(U+8C35),譫,(U+8B6B),mainland_traditional;opencc_s2t;unihan_simplified;unihan_traditional,0,114
谴,(U+8C34),譴,(U+8B74),mainland_traditional;opencc_s2t;unihan_simplified;unihan_traditional,0,1200
谳,(U+8C33),讞,(U+8B9E),mainland_traditional;opencc_s2t;unihan_simplified;unihan_traditional,0,144
谧,(U+8C27),謐,(U+8B10),mainland_traditional;opencc_s2t;unihan_simplified;unihan_traditional,0,1636
谱,(U+8C31),譜,(U+8B5C),mainland_traditional;opencc_s2t;unihan_simplified;unihan_traditional,0,3409
谰,(U+8C30),讕,(U+8B95),mainland_traditional;opencc_s2t;unihan_simplified;unihan_traditional,0,36
谯,(U+8C2F),譙,(U+8B59),mainland_traditional;opencc_s2t;unihan_simplified;unihan_traditional,0,2027
谮,(U+8C2E),譖,(U+8B56),mainland_traditional;opencc_s2t;unihan_simplified;unihan_traditional,0,1107
谭,(U+8C2D),譚,(U+8B5A),mainland_traditional;opencc_s2t;unihan_simplified;unihan_traditional,0,6387
谬,(U+8C2C),謬,(U+8B2C),mainland_traditional;opencc_s2t;unihan_simplified;unihan_traditional,0,15523
谪,(U+8C2A),謫,(U+8B2B),mainland_traditional;opencc_s2t;unihan_simplified;unihan_traditional,0,1576
谩,(U+8C29),謾,(U+8B3E),mainland_traditional;opencc_s2t;unihan_simplified;unihan_traditional,0,5916
谨,(U+8C28),謹,(U+8B39),mainland_traditional;opencc_s2t;unihan_simplified;unihan_traditional,0,15332
谲,(U+8C32),譎,(U+8B4E),mainland_traditional;opencc_s2t;unihan_simplified;unihan_traditional,0,647
诽,(U+8BFD),誹,(U+8AB9),mainland_traditional;opencc_s2t;unihan_simplified;unihan_traditional,0,7146
诼,(U+8BFC),諑,(U+8AD1),mainland_traditional;opencc_s2t;unihan_simplified;unihan_traditional,0,7
读,(U+8BFB),讀,(U+8B80),mainland_traditional;opencc_s2t;unihan_simplified;unihan_traditional,0,45297
诺,(U+8BFA),諾,(U+8AFE),mainland_traditional;opencc_s2t;unihan_simplified;unihan_traditional,0,7623
诹,(U+8BF9),諏,(U+8ACF),mainland_traditional;opencc_s2t;unihan_simplified;unihan_traditional,0,149
诸,(U+8BF8),諸,(U+8AF8),mainland_traditional;opencc_s2t;unihan_simplified;unihan_traditional,0,1162026
请,(U+8BF7),請,(U+8ACB),mainland_traditional;opencc_s2t;unihan_simplified;unihan_traditional,0,176025
诶,(U+8BF6),誒,(U+8A92),opencc_s2t;unihan_simplified;unihan_traditional,0,26
诵,(U+8BF5),誦,(U+8AA6),mainland_traditional;opencc_s2t;unihan_simplified;unihan_traditional,0,103177
谒,(U+8C12),謁,(U+8B01),mainland_traditional;opencc_s2t;unihan_simplified;unihan_traditional,0,15523
诳,(U+8BF3),誑,(U+8A91),mainland_traditional;opencc_s2t;unihan_simplified;unihan_traditional,0,15019
诲,(U+8BF2),誨,(U+8AA8),mainland_traditional;opencc_s2t;unihan_simplified;unihan_traditional,0,9043
诱,(U+8BF1),誘,(U+8A98),mainland_traditional;opencc_s2t;unihan_simplified;unihan_traditional,0,8935
诰,(U+8BF0),誥,(U+8AA5),mainland_traditional;opencc_s2t;unihan_simplified;unihan_traditional,0,3347
误,(U+8BEF),誤,(U+8AA4),mainland_traditional;opencc_s2t;unihan_simplified;unihan_traditional,0,28584
诮,(U+8BEE),誚,(U+8A9A),mainland_traditional;opencc_s2t;unihan_simplified;unihan_traditional,0,1084
语,(U+8BED),語,(U+8A9E),mainland_traditional;opencc_s2t;unihan_simplified;unihan_traditional,0,311405
诬,(U+8BEC),誣,(U+8AA3),mainland_traditional;opencc_s2t;unihan_simplified;unihan_traditional,0,4600
诫,(U+8BEB),誡,(U+8AA1),mainland_traditional;opencc_s2t;unihan_simplified;unihan_traditional,0,19046
说,(U+8BF4),說,(U+8AAA),opencc_s2t;unihan_simplified;unihan_traditional,0,1221424
谑,(U+8C11),謔,(U+8B14),mainland_traditional;opencc_s2t;unihan_simplified;unihan_traditional,0,776
谐,(U+8C10),諧,(U+8AE7),mainland_traditional;opencc_s2t;unihan_simplified;unihan_traditional,0,2942
谏,(U+8C0F),諫,(U+8AEB),mainland_traditional;opencc_s2t;unihan_simplified;unihan_traditional,0,17620
谎,(U+8C0E),謊,(U+8B0A),mainland_traditional;opencc_s2t;unihan_simplified;unihan_traditional,0,183
谍,(U+8C0D),諜,(U+8ADC),mainland_traditional;opencc_s2t;unihan_simplified;unihan_traditional,0,403
谌,(U+8C0C),諶,(U+8AF6),mainland_traditional;opencc_s2t;unihan_simplified;unihan_traditional,0,830
谋,(U+8C0B),謀,(U+8B00),mainland_traditional;opencc_s2t;unihan_simplified;unihan_traditional,0,16909
谊,(U+8C0A),誼,(U+8ABC),mainland_traditional;opencc_s2t;unihan_simplified;unihan_traditional,0,3673
谉,(U+8C09),讅,(U+8B85),opencc_s2t;unihan_simplified;unihan_traditional,0,2
课,(U+8BFE),課,(U+8AB2),mainland_traditional;opencc_s2t;unihan_simplified;unihan_traditional,0,5189
谇,(U+8C07),誶,(U+8AB6),mainland_traditional;opencc_s2t;unihan_simplified;unihan_traditional,0,106
谆,(U+8C06),諄,(U+8AC4),mainland_traditional;opencc_s2t;unihan_simplified;unihan_traditional,0,1496
谅,(U+8C05),諒,(U+8AD2),mainland_traditional;opencc_s2t;unihan_simplified;unihan_traditional,0,3124
谄,(U+8C04),諂,(U+8AC2),mainland_traditional;opencc_s2t;unihan_simplified;unihan_traditional,0,9579
调,(U+8C03),調,(U+8ABF),mainland_traditional;opencc_s2t;unihan_simplified;unihan_traditional,0,56234
谂,(U+8C02),諗,(U+8AD7),mainland_traditional;opencc_s2t;unihan_simplified;unihan_traditional,0,709
谁,(U+8C01),誰,(U+8AB0),mainland_traditional;opencc_s2t;unihan_simplified;unihan_traditional,0,77615
谀,(U+8C00),諛,(U+8ADB),mainland_traditional;opencc_s2t;unihan_simplified;unihan_traditional,0,1510
诿,(U+8BFF),諉,(U+8AC9),mainland_traditional;opencc_s2t;unihan_simplified;unihan_traditional,0,173
谈,(U+8C08),談,(U+8AC7),mainland_traditional;opencc_s2t;unihan_simplified;unihan_traditional,0,34492
赡,(U+8D61),贍,(U+8D0D),mainland_traditional;opencc_s2t;unihan_simplified;unihan_traditional,0,5668
赠,(U+8D60),贈,(U+8D08),mainland_traditional;opencc_s2t;unihan_simplified;unihan_traditional,0,19905
赟,(U+8D5F),贇,(U+8D07),mainland_traditional;opencc_s2t;unihan_simplified;unihan_traditional,0,319
赜,(U+8D5C),賾,(U+8CFE),mainland_traditional;opencc_s2t;unihan_simplified;unihan_traditional,0,2034
赛,(U+8D5B),賽,(U+8CFD),mainland_traditional;opencc_s2t;unihan_simplified;unihan_traditional,0,1180
赚,(U+8D5A),賺,(U+8CFA),mainland_traditional;opencc_s2t;unihan_simplified;unihan_traditional,0,2335
赙,(U+8D59),賻,(U+8CFB),mainland_traditional;opencc_s2t;unihan_simplified;unihan_traditional,0,518
赘,(U+8D58),贅,(U+8D05),mainland_traditional;opencc_s2t;unihan_simplified;unihan_traditional,0,1356
赗,(U+8D57),賵,(U+8CF5),mainland_traditional;opencc_s2t;unihan_simplified;unihan_traditional,0,155
贡,(U+8D21),貢,(U+8CA2),mainland_traditional;opencc_s2t;unihan_simplified;unihan_traditional,0,10883
赕,(U+8D55),賧,(U+8CE7),mainland_traditional;opencc_s2t;unihan_simplified;unihan_traditional,0,44
赔,(U+8D54),賠,(U+8CE0),mainland_traditional;opencc_s2t;unihan_simplified;unihan_traditional,0,198
赓,(U+8D53),賡,(U+8CE1),mainland_traditional;opencc_s2t;unihan_simplified;unihan_traditional,0,527
赒,(U+8D52),賙,(U+8CD9),mainland_traditional;opencc_s2t;unihan_simplified;unihan_traditional,0,173
赑,(U+8D51),贔,(U+8D14),mainland_traditional;opencc_s2t;unihan_simplified;unihan_traditional,0,74
赐,(U+8D50),賜,(U+8CDC),mainland_traditional;opencc_s2t;unihan_simplified;unihan_traditional,0,39579
赏,(U+8D4F),賞,(U+8CDE),mainland_traditional;opencc_s2t;unihan_simplified;unihan_traditional,0,13147
赎,(U+8D4E),贖,(U+8D16),mainland_traditional;opencc_s2t;unihan_simplified;unihan_traditional,0,2590
赌,(U+8D4C),賭,(U+8CED),mainland_traditional;opencc_s2t;unihan_simplified;unihan_traditional,0,768
赖,(U+8D56),賴,(U+8CF4),mainland_traditional;opencc_s2t;unihan_simplified;unihan_traditional,0,21781
蹿,(U+8E7F),躥,(U+8EA5),mainland_traditional;opencc_s2t;unihan_simplified;unihan_traditional,0,4
蹒,(U+8E52),蹣,(U+8E63),mainland_traditional;opencc_s2t;unihan_simplified;unihan_traditional,0,90
蹑,(U+8E51),躡,(U+8EA1),mainland_traditional;opencc_s2t;unihan_simplified;unihan_traditional,0,4929
踯,(U+8E2F),躑,(U+8E91),mainland_traditional;opencc_s2t;unihan_simplified;unihan_traditional,0,811
踬,(U+8E2C),躓,(U+8E93),mainland_traditional;opencc_s2t;unihan_simplified;unihan_traditional,0,626
踌,(U+8E0C),躊,(U+8E8A),mainland_traditional;opencc_s2t;unihan_simplified;unihan_traditional,0,860
跻,(U+8DFB),躋,(U+8E8B),mainland_traditional;opencc_s2t;unihan_simplified;unihan_traditional,0,1365
跹,(U+8DF9),躚,(U+8E9A),mainland_traditional;opencc_s2t;unihan_simplified;unihan_traditional,0,86
跸,(U+8DF8),蹕,(U+8E55),mainland_traditional;opencc_s2t;unihan_simplified;unihan_traditional,0,675
赢,(U+8D62),贏,(U+8D0F),mainland_traditional;opencc_s2t;unihan_simplified;unihan_traditional,0,1627
跶,(U+8DF6),躂,(U+8E82),mainland_traditional;opencc_s2t;unihan_simplified;unihan_traditional,0,136
践,(U+8DF5),踐,(U+8E10),mainland_traditional;opencc_s2t;unihan_simplified;unihan_traditional,0,7870
跞,(U+8DDE),躒,(U+8E92),mainland_traditional;opencc_s2t;unihan_simplified;unihan_traditional,0,30
跄,(U+8DC4),蹌,(U+8E4C),mainland_traditional;opencc_s2t;unihan_simplified;unihan_traditional,0,194
趸,(U+8DB8),躉,(U+8E89),mainland_traditional;opencc_s2t;unihan_simplified;unihan_traditional,0,9
趱,(U+8DB1),趲,(U+8DB2),mainland_traditional;opencc_s2t;unihan_simplified;unihan_traditional,0,85
赵,(U+8D75),趙,(U+8D99),mainland_traditional;opencc_s2t;unihan_simplified;unihan_traditional,0,31796
赪,(U+8D6A),赬,(U+8D6C),mainland_traditional;opencc_s2t;unihan_simplified;unihan_traditional,0,53
赣,(U+8D63),贛,(U+8D1B),mainland_traditional;opencc_s2t;unihan_simplified;unihan_traditional,0,343
跷,(U+8DF7),蹺,(U+8E7A),mainland_traditional;opencc_s2t;unihan_simplified;unihan_traditional,0,75
贴,(U+8D34),貼,(U+8CBC),mainland_traditional;opencc_s2t;unihan_simplified;unihan_traditional,0,2651
贳,(U+8D33),貰,(U+8CB0),mainland_traditional;opencc_s2t;unihan_simplified;unihan_traditional,0,572
贲,(U+8D32),賁,(U+8CC1),mainland_traditional;opencc_s2t;unihan_simplified;unihan_traditional,0,2490
贱,(U+8D31),賤,(U+8CE4),mainland_traditional;opencc_s2t;unihan_simplified;unihan_traditional,0,16508
贰,(U+8D30),貳,(U+8CB3),mainland_traditional;opencc_s2t;unihan_simplified;unihan_traditional,0,4022
贯,(U+8D2F),貫,(U+8CAB),mainland_traditional;opencc_s2t;unihan_simplified;unihan_traditional,0,18061
贮,(U+8D2E),貯,(U+8CAF),mainland_traditional;opencc_s2t;unihan_simplified;unihan_traditional,0,4058
购,(U+8D2D),購,(U+8CFC),mainland_traditional;opencc_s2t;unihan_simplified;unihan_traditional,0,1121
贬,(U+8D2C),貶,(U+8CB6),mainland_traditional;opencc_s2t;unihan_simplified;unihan_traditional,0,5235
赋,(U+8D4B),賦,(U+8CE6),mainland_traditional;opencc_s2t;unihan_simplified;unihan_traditional,0,10309
贪,(U+8D2A),貪,(U+8CAA),mainland_traditional;opencc_s2t;unihan_simplified;unihan_traditional,0,107201
贩,(U+8D29),販,(U+8CA9),mainland_traditional;opencc_s2t;unihan_simplified;unihan_traditional,0,3291
质,(U+8D28),質,(U+8CEA),mainland_traditional;opencc_s2t;unihan_simplified;unihan_traditional,0,37505
货,(U+8D27),貨,(U+8CA8),mainland_traditional;opencc_s2t;unihan_simplified;unihan_traditional,0,6522
账,(U+8D26),賬,(U+8CEC),mainland_traditional;opencc_s2t;unihan_simplified;unihan_traditional,0,274
败,(U+8D25),敗,(U+6557),mainland_traditional;opencc_s2t;unihan_simplified;unihan_traditional,0,24153
贤,(U+8D24),賢,(U+8CE2),mainland_traditional;opencc_s2t;unihan_simplified;unihan_traditional,0,111870
责,(U+8D23),責,(U+8CAC),mainland_traditional;opencc_s2t;unihan_simplified;unihan_traditional,0,31757
财,(U+8D22),財,(U+8CA1),mainland_traditional;opencc_s2t;unihan_simplified;unihan_traditional,0,72592
贫,(U+8D2B),貧,(U+8CA7),mainland_traditional;opencc_s2t;unihan_simplified;unihan_traditional,0,29499
赊,(U+8D4A),賒,(U+8CD2),mainland_traditional;opencc_s2t;unihan_simplified;unihan_traditional,0,1789
赉,(U+8D49),賚,(U+8CDA),mainland_traditional;opencc_s2t;unihan_simplified;unihan_traditional,0,1381
赈,(U+8D48),賑,(U+8CD1),mainland_traditional;opencc_s2t;unihan_simplified;unihan_traditional,0,1553
赇,(U+8D47),賕,(U+8CD5),mainland_traditional;opencc_s2t;unihan_simplified;unihan_traditional,0,177
赆,(U+8D46),贐,(U+8D10),mainland_traditional;opencc_s2t;unihan_simplified;unihan_traditional,0,94
赅,(U+8D45),賅,(U+8CC5),mainland_traditional;opencc_s2t;unihan_simplified;unihan_traditional,0,183
资,(U+8D44),資,(U+8CC7),mainland_traditional;opencc_s2t;unihan_simplified;unihan_traditional,0,56218
赂,(U+8D42),賂,(U+8CC2),mainland_traditional;opencc_s2t;unihan_simplified;unihan_traditional,0,1009
赁,(U+8D41),賃,(U+8CC3),mainland_traditional;opencc_s2t;unihan_simplified;unihan_traditional,0,703
贵,(U+8D35),貴,(U+8CB4),mainland_traditional;opencc_s2t;unihan_simplified;unihan_traditional,0,49410
贿,(U+8D3F),賄,(U+8CC4),mainland_traditional;opencc_s2t;unihan_simplified;unihan_traditional,0,1154
贾,(U+8D3E),賈,(U+8CC8),mainland_traditional;opencc_s2t;unihan_simplified;unihan_traditional,0,8954
贽,(U+8D3D),贄,(U+8D04),mainland_traditional;opencc_s2t;unihan_simplified;unihan_traditional,0,1269
贼,(U+8D3C),賊,(U+8CCA),mainland_traditional;opencc_s2t;unihan_simplified;unihan_traditional,0,45470
贻,(U+8D3B),貽,(U+8CBD),mainland_traditional;opencc_s2t;unihan_simplified;unihan_traditional,0,2658
贺,(U+8D3A),賀,(U+8CC0),mainland_traditional;opencc_s2t;unihan_simplified;unihan_traditional,0,23271
费,(U+8D39),費,(U+8CBB),mainland_traditional;opencc_s2t;unihan_simplified;unihan_traditional,0,11520
贸,(U+8D38),貿,(U+8CBF),mainland_traditional;opencc_s2t;unihan_simplified;unihan_traditional,0,3171
贷,(U+8D37),貸,(U+8CB8),mainland_traditional;opencc_s2t;unihan_simplified;unihan_traditional,0,1766
贶,(U+8D36),貺,(U+8CBA),mainland_traditional;opencc_s2t;unihan_simplified;unihan_traditional,0,633
赀,(U+8D40),貲,(U+8CB2),mainland_traditional;opencc_s2t;unihan_simplified;unihan_traditional,0,2207
装,(U+88C5),裝,(U+88DD),mainland_traditional;opencc_s2t;unihan_simplified;unihan_traditional,0,6224
袯,(U+88AF),襏,(U+894F),mainland_traditional;opencc_s2t;unihan_simplified;unihan_traditional,0,29
袭,(U+88AD),襲,(U+8972),mainland_traditional;opencc_s2t;unihan_simplified;unihan_traditional,0,9997
袆,(U+8886),褘,(U+8918),mainland_traditional;opencc_s2t;unihan_simplified;unihan_traditional,0,257
衬,(U+886C),襯,(U+896F),mainland_traditional;opencc_s2t;unihan_simplified;unihan_traditional,0,1073
补,(U+8865),補,(U+88DC),mainland_traditional;opencc_s2t;unihan_simplified;unihan_traditional,0,80065
衔,(U+8854),銜,(U+929C),mainland_traditional;opencc_s2t;unihan_simplified;unihan_traditional,0,4942
蟏,(U+87CF),蠨,(U+8828),mainland_traditional;opencc_s2t;unihan_simplified;unihan_traditional,0,5
螀,(U+8780),螿,(U+87BF),opencc_s2t;unihan_simplified;unihan_traditional,0,51
诪,(U+8BEA),譸,(U+8B78),opencc_s2t;unihan_simplified;unihan_traditional,0,148
蝉,(U+8749),蟬,(U+87EC),mainland_traditional;opencc_s2t;unihan_simplified;unihan_traditional,0,1715
蝈,(U+8748),蟈,(U+87C8),mainland_traditional;opencc_s2t;unihan_simplified;unihan_traditional,0,11
蜗,(U+8717),蝸,(U+8778),mainland_traditional;opencc_s2t;unihan_simplified;unihan_traditional,0,567
蜕,(U+8715),蛻,(U+86FB),opencc_s2t;tw_simplified_to_traditional;unihan_simplified;unihan_traditional,0,1199
蛴,(U+86F4),蠐,(U+8810),mainland_traditional;opencc_s2t;unihan_simplified;unihan_traditional,0,56
蛳,(U+86F3),螄,(U+8784),mainland_traditional;opencc_s2t;unihan_simplified;unihan_traditional,0,200
蛲,(U+86F2),蟯,(U+87EF),mainland_traditional;opencc_s2t;unihan_simplified;unihan_traditional,0,147
蛎,(U+86CE),蠣,(U+8823),mainland_traditional;opencc_s2t;unihan_simplified;unihan_traditional,0,78
蚬,(U+86AC),蜆,(U+8706),mainland_traditional;opencc_s2t;unihan_simplified;unihan_traditional,0,440
蝾,(U+877E),蠑,(U+8811),mainland_traditional;opencc_s2t;unihan_simplified;unihan_traditional,0,36
觋,(U+89CB),覡,(U+89A1),mainland_traditional;opencc_s2t;unihan_simplified;unihan_traditional,0,250
觊,(U+89CA),覬,(U+89AC),mainland_traditional;opencc_s2t;unihan_simplified;unihan_traditional,0,876
觉,(U+89C9),覺,(U+89BA),mainland_traditional;opencc_s2t;unihan_simplified;unihan_traditional,0,339279
览,(U+89C8),覽,(U+89BD),mainland_traditional;opencc_s2t;unihan_simplified;unihan_traditional,0,13664
觇,(U+89C7),覘,(U+8998),mainland_traditional;opencc_s2t;unihan_simplified;unihan_traditional,0,587
视,(U+89C6),視,(U+8996),mainland_traditional;opencc_s2t;unihan_simplified;unihan_traditional,0,43363
觅,(U+89C5),覓,(U+8993),mainland_traditional;opencc_s2t;unihan_simplified;unihan_traditional,0,16033
规,(U+89C4),規,(U+898F),mainland_traditional;opencc_s2t;unihan_simplified;unihan_traditional,0,19232
观,(U+89C2),觀,(U+89C0),mainland_traditional;opencc_s2t;unihan_simplified;unihan_traditional,0,499313
裆,(U+88C6),襠,(U+8960),mainland_traditional;opencc_s2t;unihan_simplified;unihan_traditional,0,175
襕,(U+8955),襴,(U+8974),mainland_traditional;opencc_s2t;unihan_simplified;unihan_traditional,0,1168
褴,(U+8934),襤,(U+8964),mainland_traditional;opencc_s2t;unihan_simplified;unihan_traditional,0,217
褝,(U+891D),襌,(U+894C),unihan_simplified;unihan_traditional,0,163
褛,(U+891B),褸,(U+8938),mainland_traditional;opencc_s2t;unihan_simplified;unihan_traditional,0,96
裥,(U+88E5),襇,(U+8947),mainland_traditional;opencc_s2t;unihan_simplified;unihan_traditional,0,6
裤,(U+88E4),褲,(U+8932),mainland_traditional;opencc_s2t;unihan_simplified;unihan_traditional,0,390
裣,(U+88E3),襝,(U+895D),mainland_traditional;opencc_s2t;unihan_simplified;unihan_traditional,0,1
裢,(U+88E2),褳,(U+8933),mainland_traditional;opencc_s2t;unihan_simplified;unihan_traditional,0,1
裈,(U+88C8),褌,(U+890C),mainland_traditional;opencc_s2t;unihan_simplified;unihan_traditional,0,244
见,(U+89C1),見,(U+898B),mainland_traditional;opencc_s2t;unihan_simplified;unihan_traditional,0,1018254
蒌,(U+848C),蔞,(U+851E),mainland_traditional;opencc_s2t;unihan_simplified;unihan_traditional,0,99
蒉,(U+8489),蕢,(U+8562),mainland_traditional;opencc_s2t;unihan_simplified;unihan_traditional,0,91
蒇,(U+8487),蕆,(U+8546),mainland_traditional;opencc_s2t;unihan_simplified;unihan_traditional,0,54
萨,(U+8428),薩,(U+85A9),mainland_traditional;opencc_s2t;unihan_simplified;unihan_traditional,0,705856
萧,(U+8427),蕭,(U+856D),mainland_traditional;opencc_s2t;unihan_simplified;unihan_traditional,0,17021
萤,(U+8424),螢,(U+87A2),mainland_traditional;opencc_s2t;unihan_simplified;unihan_traditional,0,1487
萝,(U+841D),蘿,(U+863F),mainland_traditional;opencc_s2t;unihan_simplified;unihan_traditional,0,3778
萚,(U+841A),蘀,(U+8600),mainland_traditional;opencc_s2t;unihan_simplified;unihan_traditional,0,32
莺,(U+83BA),鶯,(U+9DAF),mainland_traditional;opencc_s2t;unihan_simplified;unihan_traditional,0,1874
蚃,(U+8683),蠁,(U+8801),opencc_s2t;unihan_simplified;unihan_traditional,0,124
莸,(U+83B8),蕕,(U+8555),mainland_traditional;opencc_s2t;unihan_simplified;unihan_traditional,0,191
莶,(U+83B6),薟,(U+859F),mainland_traditional;opencc_s2t;unihan_simplified;unihan_traditional,0,15
莴,(U+83B4),萵,(U+8435),mainland_traditional;opencc_s2t;unihan_simplified;unihan_traditional,0,42
莳,(U+83B3),蒔,(U+8494),mainland_traditional;opencc_s2t;unihan_simplified;unihan_traditional,0,325
荭,(U+836D),葒,(U+8452),mainland_traditional;opencc_s2t;unihan_simplified;unihan_traditional,0,2
荬,(U+836C),蕒,(U+8552),mainland_traditional;opencc_s2t;unihan_simplified;unihan_traditional,0,13
荪,(U+836A),蓀,(U+84C0),mainland_traditional;opencc_s2t;unihan_simplified;unihan_traditional,0,142
荩,(U+8369),藎,(U+85CE),mainland_traditional;opencc_s2t;unihan_simplified;unihan_traditional,0,134
荨,(U+8368),蕁,(U+8541),mainland_traditional;opencc_s2t;unihan_simplified;unihan_traditional,0,3
莹,(U+83B9),瑩,(U+7469),mainland_traditional;opencc_s2t;unihan_simplified;unihan_traditional,0,5174
蚂,(U+8682),螞,(U+879E),mainland_traditional;opencc_s2t;unihan_simplified;unihan_traditional,0,38
蚁,(U+8681),蟻,(U+87FB),mainland_traditional;opencc_s2t;unihan_simplified;unihan_traditional,0,3539
蚀,(U+8680),蝕,(U+8755),mainland_traditional;opencc_s2t;unihan_simplified;unihan_traditional,0,6843
虿,(U+867F),蠆,(U+8806),mainland_traditional;opencc_s2t;unihan_simplified;unihan_traditional,0,377
虾,(U+867E),蝦,(U+8766),mainland_traditional;opencc_s2t;unihan_simplified;unihan_traditional,0,3052
虽,(U+867D),雖,(U+96D6),mainland_traditional;opencc_s2t;unihan_simplified;unihan_traditional,0,254708
虑,(U+8651),慮,(U+616E),mainland_traditional;opencc_s2t;unihan_simplified;unihan_traditional,0,56126
虏,(U+864F),虜,(U+865C),mainland_traditional;opencc_s2t;unihan_simplified;unihan_traditional,0,7668
藓,(U+85D3),蘚,(U+861A),mainland_traditional;opencc_s2t;unihan_simplified;unihan_traditional,0,651
蒏,(U+848F),醟,(U+919F),opencc_s2t;unihan_simplified;unihan_traditional,0,44
蕲,(U+8572),蘄,(U+8604),mainland_traditional;opencc_s2t;unihan_simplified;unihan_traditional,0,1750
蔼,(U+853C),藹,(U+85F9),mainland_traditional;opencc_s2t;unihan_simplified;unihan_traditional,0,1455
蔺,(U+853A),藺,(U+85FA),mainland_traditional;opencc_s2t;unihan_simplified;unihan_traditional,0,306
蔹,(U+8539),蘞,(U+861E),mainland_traditional;opencc_s2t;unihan_simplified;unihan_traditional,0,6
蔷,(U+8537),薔,(U+8594),mainland_traditional;opencc_s2t;unihan_simplified;unihan_traditional,0,179
蓦,(U+84E6),驀,(U+9A40),mainland_traditional;opencc_s2t;unihan_simplified;unihan_traditional,0,9253
蓥,(U+84E5),鎣,(U+93A3),mainland_traditional;opencc_s2t;unihan_simplified;unihan_traditional,0,373
蓣,(U+84E3),蕷,(U+8577),mainland_traditional;opencc_s2t;unihan_simplified;unihan_traditional,0,57
蓟,(U+84DF),薊,(U+858A),mainland_traditional;opencc_s2t;unihan_simplified;unihan_traditional,0,631
蓝,(U+84DD),藍,(U+85CD),mainland_traditional;opencc_s2t;unihan_simplified;unihan_traditional,0,17793
薮,(U+85AE),藪,(U+85EA),mainland_traditional;opencc_s2t;unihan_simplified;unihan_traditional,0,3095
试,(U+8BD5),試,(U+8A66),mainland_traditional;opencc_s2t;unihan_simplified;unihan_traditional,0,22260
诔,(U+8BD4),誄,(U+8A84),mainland_traditional;opencc_s2t;unihan_simplified;unihan_traditional,0,519
诓,(U+8BD3),誆,(U+8A86),mainland_traditional;opencc_s2t;unihan_simplified;unihan_traditional,0,79
诒,(U+8BD2),詒,(U+8A52),mainland_traditional;opencc_s2t;unihan_simplified;unihan_traditional,0,246
译,(U+8BD1),譯,(U+8B6F),mainland_traditional;opencc_s2t;unihan_simplified;unihan_traditional,0,117081
诐,(U+8BD0),詖,(U+8A56),mainland_traditional;opencc_s2t;unihan_simplified;unihan_traditional,0,333
诏,(U+8BCF),詔,(U+8A54),mainland_traditional;opencc_s2t;unihan_simplified;unihan_traditional,0,49482
诎,(U+8BCE),詘,(U+8A58),mainland_traditional;opencc_s2t;unihan_simplified;unihan_traditional,0,188
词,(U+8BCD),詞,(U+8A5E),mainland_traditional;opencc_s2t;unihan_simplified;unihan_traditional,0,21266
觌,(U+89CC),覿,(U+89BF),mainland_traditional;opencc_s2t;unihan_simplified;unihan_traditional,0,5098
诋,(U+8BCB),詆,(U+8A46),mainland_traditional;opencc_s2t;unihan_simplified;unihan_traditional,0,1087
诊,(U+8BCA),診,(U+8A3A),mainland_traditional;opencc_s2t;unihan_simplified;unihan_traditional,0,500
诉,(U+8BC9),訴,(U+8A34),mainland_traditional;opencc_s2t;unihan_simplified;unihan_traditional,0,3670
诈,(U+8BC8),詐,(U+8A50),mainland_traditional;opencc_s2t;unihan_simplified;unihan_traditional,0,7919
诇,(U+8BC7),詗,(U+8A57),mainland_traditional;opencc_s2t;unihan_simplified;unihan_traditional,0,173
识,(U+8BC6),識,(U+8B58),mainland_traditional;opencc_s2t;unihan_simplified;unihan_traditional,0,447043
诅,(U+8BC5),詛,(U+8A5B),mainland_traditional;opencc_s2t;unihan_simplified;unihan_traditional,0,1198
评,(U+8BC4),評,(U+8A55),mainland_traditional;opencc_s2t;unihan_simplified;unihan_traditional,0,8310
诃,(U+8BC3),訶,(U+8A36),mainland_traditional;opencc_s2t;unihan_simplified;unihan_traditional,0,143483
诌,(U+8BCC),謅,(U+8B05),mainland_traditional;opencc_s2t;unihan_simplified;unihan_traditional,0,6
诩,(U+8BE9),詡,(U+8A61),mainland_traditional;opencc_s2t;unihan_simplified;unihan_traditional,0,742
诨,(U+8BE8),諢,(U+8AE2),mainland_traditional;opencc_s2t;unihan_simplified;unihan_traditional,0,34
诧,(U+8BE7),詫,(U+8A6B),mainland_traditional;opencc_s2t;unihan_simplified;unihan_traditional,0,619
详,(U+8BE6),詳,(U+8A73),mainland_traditional;opencc_s2t;unihan_simplified;unihan_traditional,0,32748
该,(U+8BE5),該,(U+8A72),mainland_traditional;opencc_s2t;unihan_simplified;unihan_traditional,0,19199
诤,(U+8BE4),諍,(U+8ACD),mainland_traditional;opencc_s2t;unihan_simplified;unihan_traditional,0,35111
诣,(U+8BE3),詣,(U+8A63),mainland_traditional;opencc_s2t;unihan_simplified;unihan_traditional,0,40705
询,(U+8BE2),詢,(U+8A62),mainland_traditional;opencc_s2t;unihan_simplified;unihan_traditional,0,5316
诡,(U+8BE1),詭,(U+8A6D),mainland_traditional;opencc_s2t;unihan_simplified;unihan_traditional,0,2850
诖,(U+8BD6),詿,(U+8A7F),mainland_traditional;opencc_s2t;unihan_simplified;unihan_traditional,0,160
诟,(U+8BDF),詬,(U+8A6C),mainland_traditional;opencc_s2t;unihan_simplified;unihan_traditional,0,775
诞,(U+8BDE),誕,(U+8A95),mainland_traditional;opencc_s2t;unihan_simplified;unihan_traditional,0,10714
话,(U+8BDD),話,(U+8A71),mainland_traditional;opencc_s2t;unihan_simplified;unihan_traditional,0,39524
诜,(U+8BDC),詵,(U+8A75),mainland_traditional;opencc_s2t;unihan_simplified;unihan_traditional,0,1792
诛,(U+8BDB),誅,(U+8A85),mainland_traditional;opencc_s2t;unihan_simplified;unihan_traditional,0,13025
诚,(U+8BDA),誠,(U+8AA0),mainland_traditional;opencc_s2t;unihan_simplified;unihan_traditional,0,44829
诙,(U+8BD9),詼,(U+8A7C),mainland_traditional;opencc_s2t;unihan_simplified;unihan_traditional,0,123
诘,(U+8BD8),詰,(U+8A70),mainland_traditional;opencc_s2t;unihan_simplified;unihan_traditional,0,12958
诗,(U+8BD7),詩,(U+8A69),mainland_traditional;opencc_s2t;unihan_simplified;unihan_traditional,0,36667
诠,(U+8BE0),詮,(U+8A6E),mainland_traditional;opencc_s2t;unihan_simplified;unihan_traditional,0,29806
讪,(U+8BAA),訕,(U+8A15),mainland_traditional;opencc_s2t;unihan_simplified;unihan_traditional,0,611
讨,(U+8BA8),討,(U+8A0E),mainland_traditional;opencc_s2t;unihan_simplified;unihan_traditional,0,18635
讧,(U+8BA7),訌,(U+8A0C),mainland_traditional;opencc_s2t;unihan_simplified;unihan_traditional,0,36
讦,(U+8BA6),訐,(U+8A10),mainland_traditional;opencc_s2t;unihan_simplified;unihan_traditional,0,504
讥,(U+8BA5),譏,(U+8B4F),mainland_traditional;opencc_s2t;unihan_simplified;unihan_traditional,0,10248
认,(U+8BA4),認,(U+8A8D),mainland_traditional;opencc_s2t;unihan_simplified;unihan_traditional,0,24187
讣,(U+8BA3),訃,(U+8A03),mainland_traditional;opencc_s2t;unihan_simplified;unihan_traditional,0,1028
订,(U+8BA2),訂,(U+8A02),mainland_traditional;opencc_s2t;unihan_simplified;unihan_traditional,0,4534
计,(U+8BA1),計,(U+8A08),mainland_traditional;opencc_s2t;unihan_simplified;unihan_traditional,0,98457
诂,(U+8BC2),詁,(U+8A41),mainland_traditional;opencc_s2t;unihan_simplified;unihan_traditional,0,737
詟,(U+8A5F),讋,(U+8B8B),mainland_traditional;opencc_s2t;unihan_simplified;unihan_traditional,0,170
訚,(U+8A1A),誾,(U+8ABE),mainland_traditional;opencc_s2t;unihan_simplified;unihan_traditional,0,601
觯,(U+89EF),觶,(U+89F6),mainland_traditional;opencc_s2t;unihan_simplified;unihan_traditional,0,107
觞,(U+89DE),觴,(U+89F4),mainland_traditional;opencc_s2t;unihan_simplified;unihan_traditional,0,1120
觑,(U+89D1),覷,(U+89B7),mainland_traditional;opencc_s2t;unihan_simplified;unihan_traditional,0,2903
觐,(U+89D0),覲,(U+89B2),mainland_traditional;opencc_s2t;unihan_simplified;unihan_traditional,0,4631
觏,(U+89CF),覯,(U+89AF),mainland_traditional;opencc_s2t;unihan_simplified;unihan_traditional,0,335
觎,(U+89CE),覦,(U+89A6),mainland_traditional;opencc_s2t;unihan_simplified;unihan_traditional,0,262
觍,(U+89CD),覥,(U+89A5),opencc_s2t;unihan_simplified;unihan_traditional,0,1
誊,(U+8A8A),謄,(U+8B04),mainland_traditional;opencc_s2t;unihan_simplified;unihan_traditional,0,286
诀,(U+8BC0),訣,(U+8A23),mainland_traditional;opencc_s2t;unihan_simplified;unihan_traditional,0,5513
访,(U+8BBF),訪,(U+8A2A),mainland_traditional;opencc_s2t;unihan_simplified;unihan_traditional,0,16360
设,(U+8BBE),設,(U+8A2D),mainland_traditional;opencc_s2t;unihan_simplified;unihan_traditional,0,82775
讽,(U+8BBD),諷,(U+8AF7),mainland_traditional;opencc_s2t;unihan_simplified;unihan_traditional,0,6194
讼,(U+8BBC),訟,(U+8A1F),mainland_traditional;opencc_s2t;unihan_simplified;unihan_traditional,0,5517
讻,(U+8BBB),訩,(U+8A29),mainland_traditional;opencc_s2t;unihan_simplified;unihan_traditional,0,37
论,(U+8BBA),論,(U+8AD6),mainland_traditional;opencc_s2t;unihan_simplified;unihan_traditional,0,458208
讹,(U+8BB9),訛,(U+8A1B),mainland_traditional;opencc_s2t;unihan_simplified;unihan_traditional,0,10454
许,(U+8BB8),許,(U+8A31),mainland_traditional;opencc_s2t;unihan_simplified;unihan_traditional,0,101688
讫,(U+8BAB),訖,(U+8A16),mainland_traditional;opencc_s2t;unihan_simplified;unihan_traditional,0,22292
讶,(U+8BB6),訝,(U+8A1D),mainland_traditional;opencc_s2t;unihan_simplified;unihan_traditional,0,1296
讵,(U+8BB5),詎,(U+8A4E),mainland_traditional;opencc_s2t;unihan_simplified;unihan_traditional,0,2983
讴,(U+8BB4),謳,(U+8B33),mainland_traditional;opencc_s2t;unihan_simplified;unihan_traditional,0,1083
讳,(U+8BB3),諱,(U+8AF1),mainland_traditional;opencc_s2t;unihan_simplified;unihan_traditional,0,11382
讱,(U+8BB1),訒,(U+8A12),mainland_traditional;opencc_s2t;unihan_simplified;unihan_traditional,0,136
记,(U+8BB0),記,(U+8A18),mainland_traditional;opencc_s2t;unihan_simplified;unihan_traditional,0,175435
讯,(U+8BAF),訊,(U+8A0A),mainland_traditional;opencc_s2t;unihan_simplified;unihan_traditional,0,11245
议,(U+8BAE),議,(U+8B70),mainland_traditional;opencc_s2t;unihan_simplified;unihan_traditional,0,94973
训,(U+8BAD),訓,(U+8A13),mainland_traditional;opencc_s2t;unihan_simplified;unihan_traditional,0,18061
讬,(U+8BAC),託,(U+8A17),opencc_s2t;unihan_simplified;unihan_traditional,0,15328
讷,(U+8BB7),訥,(U+8A25),mainland_traditional;opencc_s2t;unihan_simplified;unihan_traditional,0,3927
哙,(U+54D9),噲,(U+5672),mainland_traditional;opencc_s2t;unihan_simplified;unihan_traditional,0,272
哕,(U+54D5),噦,(U+5666),mainland_traditional;opencc_s2t;unihan_simplified;unihan_traditional,0,215
哔,(U+54D4),嗶,(U+55F6),mainland_traditional;opencc_s2t;unihan_simplified;unihan_traditional,0,38
哓,(U+54D3),嘵,(U+5635),mainland_traditional;opencc_s2t;unihan_simplified;unihan_traditional,0,192
哒,(U+54D2),噠,(U+5660),mainland_traditional;opencc_s2t;unihan_simplified;unihan_traditional,0,463
哑,(U+54D1),啞,(U+555E),mainland_traditional;opencc_s2t;unihan_simplified;unihan_traditional,0,3571
咝,(U+549D),噝,(U+565D),mainland_traditional;opencc_s2t;unihan_simplified;unihan_traditional,0,3
咛,(U+549B),嚀,(U+5680),mainland_traditional;opencc_s2t;unihan_simplified;unihan_traditional,0,988
咙,(U+5499),嚨,(U+56A8),mainland_traditional;opencc_s2t;unihan_simplified;unihan_traditional,0,144
珲,(U+73F2),琿,(U+743F),mainland_traditional;opencc_s2t;unihan_simplified;unihan_traditional,0,4
呛,(U+545B),嗆,(U+55C6),mainland_traditional;opencc_s2t;unihan_simplified;unihan_traditional,0,5
呙,(U+5459),咼,(U+54BC),mainland_traditional;opencc_s2t;unihan_simplified;unihan_traditional,0,165
员,(U+5458),員,(U+54E1),mainland_traditional;opencc_s2t;unihan_simplified;unihan_traditional,0,11209
呗,(U+5457),唄,(U+5504),mainland_traditional;opencc_s2t;unihan_simplified;unihan_traditional,0,2195
呖,(U+5456),嚦,(U+56A6),mainland_traditional;opencc_s2t;unihan_simplified;unihan_traditional,0,52
呕,(U+5455),嘔,(U+5614),mainland_traditional;opencc_s2t;unihan_simplified;unihan_traditional,0,964
呓,(U+5453),囈,(U+56C8),mainland_traditional;opencc_s2t;unihan_simplified;unihan_traditional,0,143
呐,(U+5450),吶,(U+5436),opencc_s2t;unihan_simplified;unihan_traditional,0,95
吣,(U+5423),唚,(U+551A),unihan_simplified;unihan_traditional,0,39
呜,(U+545C),嗚,(U+55DA),mainland_traditional;opencc_s2t;unihan_simplified;unihan_traditional,0,6592
嗫,(U+55EB),囁,(U+56C1),mainland_traditional;opencc_s2t;unihan_simplified;unihan_traditional,0,65
喾,(U+55BE),嚳,(U+56B3),mainland_traditional;opencc_s2t;unihan_simplified;unihan_traditional,0,230
喽,(U+55BD),嘍,(U+560D),mainland_traditional;opencc_s2t;unihan_simplified;unihan_traditional,0,358
喷,(U+55B7),噴,(U+5674),mainland_traditional;opencc_s2t;unihan_simplified;unihan_traditional,0,1640
啸,(U+5578),嘯,(U+562F),mainland_traditional;opencc_s2t;unihan_simplified;unihan_traditional,0,3477
啴,(U+5574),嘽,(U+563D),mainland_traditional;opencc_s2t;unihan_simplified;unihan_traditional,0,30
啰,(U+5570),囉,(U+56C9),mainland_traditional;opencc_s2t;unihan_simplified;unihan_traditional,0,59511
啯,(U+556F),嘓,(U+5613),opencc_s2t;unihan_simplified;unihan_traditional,0,9
啭,(U+556D),囀,(U+56C0),mainland_traditional;opencc_s2t;unihan_simplified;unihan_traditional,0,773
哜,(U+54DC),嚌,(U+568C),opencc_s2t;unihan_simplified;unihan_traditional,0,134
啧,(U+5567),嘖,(U+5616),mainland_traditional;opencc_s2t;unihan_simplified;unihan_traditional,0,1027
唤,(U+5524),喚,(U+559A),opencc_s2t;tw_simplified_to_traditional;unihan_simplified;unihan_traditional,0,30906
唢,(U+5522),嗩,(U+55E9),mainland_traditional;opencc_s2t;unihan_simplified;unihan_traditional,0,2
唡,(U+5521),啢,(U+5562),opencc_s2t;unihan_simplified;unihan_traditional,0,2
唠,(U+5520),嘮,(U+562E),mainland_traditional;opencc_s2t;unihan_simplified;unihan_traditional,0,367
唝,(U+551D),嗊,(U+55CA),mainland_traditional;opencc_s2t;unihan_simplified;unihan_traditional,0,11
唛,(U+551B),嘜,(U+561C),mainland_traditional;opencc_s2t;unihan_simplified;unihan_traditional,0,1
哟,(U+54DF),喲,(U+55B2),mainland_traditional;opencc_s2t;unihan_simplified;unihan_traditional,0,23
哝,(U+54DD),噥,(U+5665),mainland_traditional;opencc_s2t;unihan_simplified;unihan_traditional,0,26
啬,(U+556C),嗇,(U+55C7),mainland_traditional;opencc_s2t;unihan_simplified;unihan_traditional,0,564
勚,(U+52DA),勩,(U+52E9),mainland_traditional;opencc_s2t;unihan_simplified;unihan_traditional,0,53
动,(U+52A8),動,(U+52D5),mainland_traditional;opencc_s2t;unihan_simplified;unihan_traditional,0,155398
劢,(U+52A2),勱,(U+52F1),mainland_traditional;opencc_s2t;unihan_simplified;unihan_traditional,0,331
务,(U+52A1),務,(U+52D9),mainland_traditional;opencc_s2t;unihan_simplified;unihan_traditional,0,23416
剧,(U+5267),劇,(U+5287),mainland_traditional;opencc_s2t;unihan_simplified;unihan_traditional,0,4164
剑,(U+5251),劍,(U+528D),mainland_traditional;opencc_s2t;unihan_simplified;unihan_traditional,0,17369
剐,(U+5250),剮,(U+526E),mainland_traditional;opencc_s2t;unihan_simplified;unihan_traditional,0,52
剂,(U+5242),劑,(U+5291),mainland_traditional;opencc_s2t;unihan_simplified;unihan_traditional,0,1638
剀,(U+5240),剴,(U+5274),mainland_traditional;opencc_s2t;unihan_simplified;unihan_traditional,0,88
吗,(U+5417),嗎,(U+55CE),mainland_traditional;opencc_s2t;unihan_simplified;unihan_traditional,0,2316
刽,(U+523D),劊,(U+528A),mainland_traditional;opencc_s2t;unihan_simplified;unihan_traditional,0,105
刭,(U+522D),剄,(U+5244),mainland_traditional;opencc_s2t;unihan_simplified;unihan_traditional,0,68
刬,(U+522C),剗,(U+5257),mainland_traditional;opencc_s2t;unihan_simplified;unihan_traditional,0,1300
创,(U+521B),創,(U+5275),mainland_traditional;opencc_s2t;unihan_simplified;unihan_traditional,0,12621
刚,(U+521A),剛,(U+525B),mainland_traditional;opencc_s2t;unihan_simplified;unihan_traditional,0,99489
则,(U+5219),則,(U+5247),mainland_traditional;opencc_s2t;unihan_simplified;unihan_traditional,0,562956
刍,(U+520D),芻,(U+82BB),mainland_traditional;opencc_s2t;unihan_simplified;unihan_traditional,0,30054
凿,(U+51FF),鑿,(U+947F),mainland_traditional;opencc_s2t;unihan_simplified;unihan_traditional,0,7202
击,(U+51FB),擊,(U+64CA),mainland_traditional;opencc_s2t;unihan_simplified;unihan_traditional,0,33550
刿,(U+523F),劌,(U+528C),mainland_traditional;opencc_s2t;unihan_simplified;unihan_traditional,0,43
叽,(U+53FD),嘰,(U+5630),mainland_traditional;opencc_s2t;unihan_simplified;unihan_traditional,0,22
叇,(U+53C7),靆,(U+9746),mainland_traditional;opencc_s2t;unihan_simplified;unihan_traditional,0,423
叆,(U+53C6),靉,(U+9749),mainland_traditional;opencc_s2t;unihan_simplified;unihan_traditional,0,526
县,(U+53BF),縣,(U+7E23),mainland_traditional;opencc_s2t;unihan_simplified;unihan_traditional,0,60534
厕,(U+5395),廁,(U+5EC1),opencc_s2t;unihan_simplified;unihan_traditional,0,3872
厐,(U+5390),龎,(U+9F8E),opencc_s2t;unihan_simplified;unihan_traditional,0,50
厍,(U+538D),厙,(U+5399),mainland_traditional;opencc_s2t;unihan_simplified;unihan_traditional,0,248
厌,(U+538C),厭,(U+53AD),mainland_traditional;opencc_s2t;unihan_simplified;unihan_traditional,0,44415
压,(U+538B),壓,(U+58D3),mainland_traditional;opencc_s2t;unihan_simplified;unihan_traditional,0,6130
匀,(U+5300),勻,(U+52FB),opencc_s2t;tw_simplified_to_traditional;unihan_simplified;unihan_traditional,0,391
厅,(U+5385),廳,(U+5EF3),mainland_traditional;opencc_s2t;unihan_simplified;unihan_traditional,0,1727
卫,(U+536B),衛,(U+885B),mainland_traditional;opencc_s2t;unihan_simplified;unihan_traditional,0,27368
卢,(U+5362),盧,(U+76E7),mainland_traditional;opencc_s2t;unihan_simplified;unihan_traditional,0,36019
卖,(U+5356),賣,(U+8CE3),mainland_traditional;opencc_s2t;unihan_simplified;unihan_traditional,0,13767
协,(U+534F),協,(U+5354),mainland_traditional;opencc_s2t;unihan_simplified;unihan_traditional,0,5059
华,(U+534E),華,(U+83EF),mainland_traditional;opencc_s2t;unihan_simplified;unihan_traditional,0,265227
区,(U+533A),區,(U+5340),mainland_traditional;opencc_s2t;unihan_simplified;unihan_traditional,0,13270
匮,(U+532E),匱,(U+5331),mainland_traditional;opencc_s2t;unihan_simplified;unihan_traditional,0,2556
匦,(U+5326),匭,(U+532D),mainland_traditional;opencc_s2t;unihan_simplified;unihan_traditional,0,112
厉,(U+5389),厲,(U+53B2),mainland_traditional;opencc_s2t;unihan_simplified;unihan_traditional,0,6313
寿,(U+5BFF),壽,(U+58FD),mainland_traditional;opencc_s2t;unihan_simplified;unihan_traditional,0,106933
导,(U+5BFC),導,(U+5C0E),mainland_traditional;opencc_s2t;unihan_simplified;unihan_traditional,0,43253
寝,(U+5BDD),寢,(U+5BE2),mainland_traditional;opencc_s2t;unihan_simplified;unihan_traditional,0,8691
宪,(U+5BAA),憲,(U+61B2),mainland_traditional;opencc_s2t;unihan_simplified;unihan_traditional,0,9105
审,(U+5BA1),審,(U+5BE9),mainland_traditional;opencc_s2t;unihan_simplified;unihan_traditional,0,30146
宠,(U+5BA0),寵,(U+5BF5),mainland_traditional;opencc_s2t;unihan_simplified;unihan_traditional,0,6520
孪,(U+5B6A),孿,(U+5B7F),mainland_traditional;opencc_s2t;unihan_simplified;unihan_traditional,0,62
孙,(U+5B59),孫,(U+5B6B),mainland_traditional;opencc_s2t;unihan_simplified;unihan_traditional,0,40138
嬷,(U+5B37),嬤,(U+5B24),opencc_s2t;tw_simplified_to_traditional;unihan_simplified;unihan_traditional,0,8
嗳,(U+55F3),噯,(U+566F),mainland_traditional;opencc_s2t;unihan_simplified;unihan_traditional,0,840
嫔,(U+5AD4),嬪,(U+5B2A),mainland_traditional;opencc_s2t;unihan_simplified;unihan_traditional,0,1217
嫒,(U+5AD2),嬡,(U+5B21),mainland_traditional;opencc_s2t;unihan_simplified;unihan_traditional,0,3
媭,(U+5AAD),嬃,(U+5B03),mainland_traditional;opencc_s2t;unihan_simplified;unihan_traditional,0,10
婶,(U+5A76),嬸,(U+5B38),mainland_traditional;opencc_s2t;unihan_simplified;unihan_traditional,0,22
婴,(U+5A74),嬰,(U+5B30),mainland_traditional;opencc_s2t;unihan_simplified;unihan_traditional,0,6957
婳,(U+5A73),嫿,(U+5AFF),mainland_traditional;opencc_s2t;unihan_simplified;unihan_traditional,0,4
娲,(U+5A32),媧,(U+5AA7),mainland_traditional;opencc_s2t;unihan_simplified;unihan_traditional,0,268
娈,(U+5A08),孌,(U+5B4C),mainland_traditional;opencc_s2t;unihan_simplified;unihan_traditional,0,70
娇,(U+5A07),嬌,(U+5B0C),mainland_traditional;opencc_s2t;unihan_simplified;unihan_traditional,0,1147
嫱,(U+5AF1),嬙,(U+5B19),mainland_traditional;opencc_s2t;unihan_simplified;unihan_traditional,0,74
崄,(U+5D04),嶮,(U+5DAE),mainland_traditional;opencc_s2t;unihan_simplified;unihan_traditional,0,2967
崃,(U+5D03),崍,(U+5D0D),mainland_traditional;opencc_s2t;unihan_simplified;unihan_traditional,0,25
崂,(U+5D02),嶗,(U+5D97),mainland_traditional;opencc_s2t;unihan_simplified;unihan_traditional,0,42
峥,(U+5CE5),崢,(U+5D22),opencc_s2t;tw_simplified_to_traditional;unihan_simplified;unihan_traditional,0,895
峤,(U+5CE4),嶠,(U+5DA0),mainland_traditional;opencc_s2t;unihan_simplified;unihan_traditional,0,2251
峣,(U+5CE3),嶢,(U+5DA2),mainland_traditional;opencc_s2t;unihan_simplified;unihan_traditional,0,229
峄,(U+5CC4),嶧,(U+5DA7),mainland_traditional;opencc_s2t;unihan_simplified;unihan_traditional,0,171
峃,(U+5CC3),嶨,(U+5DA8),mainland_traditional;opencc_s2t;unihan_simplified;unihan_traditional,0,8
岿,(U+5CBF),巋,(U+5DCB),mainland_traditional;opencc_s2t;unihan_simplified;unihan_traditional,0,830
尘,(U+5C18),塵,(U+5875),mainland_traditional;opencc_s2t;unihan_simplified;unihan_traditional,0,153073
岚,(U+5C9A),嵐,(U+5D50),mainland_traditional;opencc_s2t;unihan_simplified;unihan_traditional,0,2391
岘,(U+5C98),峴,(U+5CF4),mainland_traditional;opencc_s2t;unihan_simplified;unihan_traditional,0,639
岗,(U+5C97),崗,(U+5D17),mainland_traditional;opencc_s2t;unihan_simplified;unihan_traditional,0,850
岖,(U+5C96),嶇,(U+5D87),mainland_traditional;opencc_s2t;unihan_simplified;unihan_traditional,0,611
岂,(U+5C82),豈,(U+8C48),mainland_traditional;opencc_s2t;unihan_simplified;unihan_traditional,0,110914
屃,(U+5C43),屓,(U+5C53),mainland_traditional;opencc_s2t;unihan_simplified;unihan_traditional,0,119
层,(U+5C42),層,(U+5C64),mainland_traditional;opencc_s2t;unihan_simplified;unihan_traditional,0,10083
尴,(U+5C34),尷,(U+5C37),mainland_traditional;opencc_s2t;unihan_simplified;unihan_traditional,0,8
尧,(U+5C27),堯,(U+582F),mainland_traditional;opencc_s2t;unihan_simplified;unihan_traditional,0,7365
岛,(U+5C9B),島,(U+5CF6),mainland_traditional;opencc_s2t;unihan_simplified;unihan_traditional,0,3583
垯,(U+57AF),墶,(U+58B6),mainland_traditional;opencc_s2t;unihan_simplified;unihan_traditional,0,1
垭,(U+57AD),埡,(U+57E1),mainland_traditional;opencc_s2t;unihan_simplified;unihan_traditional,0,9
垫,(U+57AB),墊,(U+588A),mainland_traditional;opencc_s2t;unihan_simplified;unihan_traditional,0,474
垦,(U+57A6),墾,(U+58BE),mainland_traditional;opencc_s2t;unihan_simplified;unihan_traditional,0,911
垆,(U+5786),壚,(U+58DA),mainland_traditional;opencc_s2t;unihan_simplified;unihan_traditional,0,143
垅,(U+5785),壠,(U+58E0),opencc_s2t;unihan_simplified;unihan_traditional,0,325
垄,(U+5784),壟,(U+58DF),mainland_traditional;opencc_s2t;unihan_simplified;unihan_traditional,0,567
坠,(U+5760),墜,(U+589C),mainland_traditional;opencc_s2t;unihan_simplified;unihan_traditional,0,11551
坞,(U+575E),塢,(U+5862),mainland_traditional;opencc_s2t;unihan_simplified;unihan_traditional,0,2243
娆,(U+5A06),嬈,(U+5B08),mainland_traditional;opencc_s2t;unihan_simplified;unihan_traditional,0,3192
坚,(U+575A),堅,(U+5805),mainland_traditional;opencc_s2t;unihan_simplified;unihan_traditional,0,60042
场,(U+573A),場,(U+5834),mainland_traditional;opencc_s2t;unihan_simplified;unihan_traditional,0,47063
圆,(U+5706),圓,(U+5713),mainland_traditional;opencc_s2t;unihan_simplified;unihan_traditional,0,214078
囵,(U+56F5),圇,(U+5707),mainland_traditional;opencc_s2t;unihan_simplified;unihan_traditional,0,400
围,(U+56F4),圍,(U+570D),mainland_traditional;opencc_s2t;unihan_simplified;unihan_traditional,0,28925
嚣,(U+56A3),囂,(U+56C2),mainland_traditional;opencc_s2t;unihan_simplified;unihan_traditional,0,2013
噜,(U+565C),嚕,(U+5695),mainland_traditional;opencc_s2t;unihan_simplified;unihan_traditional,0,10479
嘤,(U+5624),嚶,(U+56B6),mainland_traditional;opencc_s2t;unihan_simplified;unihan_traditional,0,222
嘘,(U+5618),噓,(U+5653),opencc_s2t;unihan_simplified;unihan_traditional,0,2000
坜,(U+575C),壢,(U+58E2),mainland_traditional;opencc_s2t;unihan_simplified;unihan_traditional,0,5
娅,(U+5A05),婭,(U+5A6D),mainland_traditional;opencc_s2t;unihan_simplified;unihan_traditional,0,66
姗,(U+59D7),姍,(U+59CD),opencc_s2t;tw_simplified_to_traditional;unihan_simplified;unihan_traditional,0,56
妪,(U+59AA),嫗,(U+5AD7),mainland_traditional;opencc_s2t;unihan_simplified;unihan_traditional,0,765
妩,(U+59A9),嫵,(U+5AF5),mainland_traditional;opencc_s2t;unihan_simplified;unihan_traditional,0,41
妈,(U+5988),媽,(U+5ABD),mainland_traditional;opencc_s2t;unihan_simplified;unihan_traditional,0,200
妇,(U+5987),婦,(U+5A66),mainland_traditional;opencc_s2t;unihan_simplified;unihan_traditional,0,24984
妆,(U+5986),妝,(U+599D),mainland_traditional;opencc_s2t;unihan_simplified;unihan_traditional,0,222
奨,(U+5968),奬,(U+596C),unihan_simplified;unihan_traditional,0,718
奋,(U+594B),奮,(U+596E),mainland_traditional;opencc_s2t;unihan_simplified;unihan_traditional,0,9833
垱,(U+57B1),壋,(U+58CB),mainland_traditional;opencc_s2t;unihan_simplified;unihan_traditional,0,2
奁,(U+5941),奩,(U+5969),mainland_traditional;opencc_s2t;unihan_simplified;unihan_traditional,0,393
夺,(U+593A),奪,(U+596A),mainland_traditional;opencc_s2t;unihan_simplified;unihan_traditional,0,30011
头,(U+5934),頭,(U+982D),mainland_traditional;opencc_s2t;unihan_simplified;unihan_traditional,0,207753
备,(U+5907),備,(U+5099),mainland_traditional;opencc_s2t;unihan_simplified;unihan_traditional,0,40524
壸,(U+58F8),壼,(U+58FC),mainland_traditional;opencc_s2t;unihan_simplified;unihan_traditional,0,376
壶,(U+58F6),壺,(U+58FA),mainland_traditional;opencc_s2t;unihan_simplified;unihan_traditional,0,3191
堑,(U+5811),塹,(U+5879),mainland_traditional;opencc_s2t;unihan_simplified;unihan_traditional,0,2017
埚,(U+57DA),堝,(U+581D),mainland_traditional;opencc_s2t;unihan_simplified;unihan_traditional,0,12
埘,(U+57D8),塒,(U+5852),mainland_traditional;opencc_s2t;unihan_simplified;unihan_traditional,0,4
垲,(U+57B2),塏,(U+584F),mainland_traditional;opencc_s2t;unihan_simplified;unihan_traditional,0,204
奂,(U+5942),奐,(U+5950),opencc_s2t;tw_simplified_to_traditional;unihan_simplified;unihan_traditional,0,1333
䏝,(U+43DD),膞,(U+819E),mainland_traditional;opencc_s2t;unihan_simplified;unihan_traditional,0,297
䍠,(U+4360),䍦,(U+4366),opencc_s2t,0,25
䍁,(U+4341),繸,(U+7E78),opencc_s2t;unihan_simplified;unihan_traditional,0,2
䍀,(U+4340),繿,(U+7E7F),opencc_s2t;unihan_simplified;unihan_traditional,0,80
䌾,(U+433E),䋻,(U+42FB),opencc_s2t;unihan_simplified;unihan_traditional,0,2
䌽,(U+433D),綵,(U+7DB5),opencc_s2t;unihan_simplified;unihan_traditional,0,4174
䌼,(U+433C),綐,(U+7D90),opencc_s2t;unihan_simplified;unihan_traditional,0,2
䌻,(U+433B),䋚,(U+42DA),opencc_s2t;unihan_simplified;unihan_traditional,0,1
䌺,(U+433A),䋙,(U+42D9),opencc_s2t;unihan_simplified;unihan_traditional,0,14
凯,(U+51EF),凱,(U+51F1),mainland_traditional;opencc_s2t;unihan_simplified;unihan_traditional,0,1362
䌸,(U+4338),縳,(U+7E33),opencc_s2t;unihan_simplified;unihan_traditional,0,1171
䌷,(U+4337),紬,(U+7D2C),opencc_s2t;unihan_simplified;unihan_traditional,0,361
䉤,(U+4264),籔,(U+7C54),opencc_s2t;unihan_simplified;unihan_traditional,0,19
䇲,(U+41F2),筴,(U+7B74),opencc_s2t;unihan_simplified;unihan_traditional,0,336
䅪,(U+416A),𥢢,(U+258A2),opencc_s2t;unihan_simplified;unihan_traditional,0,2
䅟,(U+415F),穇,(U+7A47),mainland_traditional;opencc_s2t;unihan_simplified;unihan_traditional,0,9
䅉,(U+4149),稏,(U+7A0F),opencc_s2t;unihan_simplified;unihan_traditional,0,15
䃅,(U+40C5),磾,(U+78FE),mainland_traditional;opencc_s2t;unihan_simplified;unihan_traditional,0,405
㻪,(U+3EEA),㻽,(U+3EFD),unihan_simplified;unihan_traditional,0,4
䌹,(U+4339),絅,(U+7D45),mainland_traditional;opencc_s2t;unihan_simplified;unihan_traditional,0,72
䦀,(U+4980),𨦫,(U+289AB),opencc_s2t;unihan_simplified;unihan_traditional,0,6
䥽,(U+497D),鏺,(U+93FA),mainland_traditional;opencc_s2t;unihan_simplified;unihan_traditional,0,43
䥺,(U+497A),釾,(U+91FE),opencc_s2t;unihan_simplified;unihan_traditional,0,6
䢀,(U+4880),𨊰,(U+282B0),opencc_s2t;unihan_simplified;unihan_traditional,0,4
䞐,(U+4790),賰,(U+8CF0),opencc_s2t;unihan_simplified;unihan_traditional,0,1
䞍,(U+478D),䝼,(U+477C),opencc_s2t;unihan_simplified;unihan_traditional,0,4
䝙,(U+4759),貙,(U+8C99),mainland_traditional;opencc_s2t;unihan_simplified;unihan_traditional,0,120
䜩,(U+4729),讌,(U+8B8C),opencc_s2t;unihan_simplified;unihan_traditional,0,598
䜥,(U+4725),𧩙,(U+27A59),opencc_s2t;unihan_simplified;unihan_traditional,0,45
䒿,(U+44BF),膋,(U+818B),unihan_simplified;unihan_traditional,0,55
䛓,(U+46D3),譼,(U+8B7C),unihan_simplified;unihan_traditional,0,15
䙓,(U+4653),襬,(U+896C),opencc_s2t;unihan_simplified;unihan_traditional,0,4
䙊,(U+464A),𧜵,(U+27735),opencc_s2t;unihan_simplified;unihan_traditional,0,1
䘞,(U+461E),𧜗,(U+27717),opencc_s2t;unihan_simplified;unihan_traditional,0,1
䗖,(U+45D6),螮,(U+87AE),mainland_traditional;opencc_s2t;unihan_simplified;unihan_traditional,0,105
䓨,(U+44E8),罃,(U+7F43),mainland_traditional;opencc_s2t;unihan_simplified;unihan_traditional,0,34
䓖,(U+44D6),藭,(U+85ED),mainland_traditional;opencc_s2t;unihan_simplified;unihan_traditional,0,25
䓕,(U+44D5),薳,(U+85B3),opencc_s2t;unihan_simplified;unihan_traditional,0,88
䓓,(U+44D3),薵,(U+85B5),opencc_s2t;unihan_simplified;unihan_traditional,0,4
䜤,(U+4724),鿁,(U+9FC1),opencc_s2t;unihan_simplified;unihan_traditional,0,1
㤽,(U+393D),懤,(U+61E4),opencc_s2t;unihan_simplified;unihan_traditional,0,8
㤭,(U+392D),憍,(U+618D),unihan_simplified;unihan_traditional,0,21659
㡎,(U+384E),幓,(U+5E53),opencc_s2t;unihan_simplified;unihan_traditional,0,23
㟥,(U+37E5),嵾,(U+5D7E),opencc_s2t;unihan_simplified;unihan_traditional,0,17
㝦,(U+3766),寯,(U+5BEF),unihan_simplified;unihan_traditional,0,1
㛤,(U+36E4),孋,(U+5B4B),opencc_s2t;unihan_simplified;unihan_traditional,0,19
㛣,(U+36E3),㜏,(U+370F),opencc_s2t;unihan_simplified;unihan_traditional,0,2
㛠,(U+36E0),𡢃,(U+21883),opencc_s2t;unihan_simplified;unihan_traditional,0,15
㛀,(U+36C0),媰,(U+5AB0),opencc_s2t;unihan_simplified;unihan_traditional,0,1
㻏,(U+3ECF),𤫩,(U+24AE9),opencc_s2t;unihan_simplified;unihan_traditional,0,46
㖞,(U+359E),喎,(U+558E),opencc_s2t;unihan_simplified;unihan_traditional,0,196
㖊,(U+358A),噚,(U+565A),opencc_s2t;unihan_simplified;unihan_traditional,0,1
㔉,(U+3509),劚,(U+529A),opencc_s2t;unihan_simplified;unihan_traditional,0,25
㓰,(U+34F0),劃,(U+5283),opencc_s2t,0,3179
㑩,(U+3469),儸,(U+5138),opencc_s2t;unihan_simplified;unihan_traditional,0,53
㑔,(U+3454),㑯,(U+346F),opencc_s2t;unihan_simplified;unihan_traditional,0,10
㑈,(U+3448),倲,(U+5032),opencc_s2t;unihan_simplified;unihan_traditional,0,2
㐽,(U+343D),偑,(U+5051),opencc_s2t;unihan_simplified;unihan_traditional,0,24
㐷,(U+3437),傌,(U+508C),opencc_s2t;unihan_simplified;unihan_traditional,0,3
㘎,(U+360E),㘚,(U+361A),mainland_traditional;opencc_s2t;unihan_simplified;unihan_traditional,0,4
㻅,(U+3EC5),璯,(U+74AF),opencc_s2t;unihan_simplified;unihan_traditional,0,18
㺍,(U+3E8D),獱,(U+7371),opencc_s2t;unihan_simplified;unihan_traditional,0,3
㶶,(U+3DB6),燶,(U+71F6),opencc_s2t;unihan_simplified;unihan_traditional,0,4
㶉,(U+3D89),鸂,(U+9E02),opencc_s2t;unihan_simplified;unihan_traditional,0,17
㴋,(U+3D0B),潚,(U+6F5A),opencc_s2t;unihan_simplified;unihan_traditional,0,25
㳡,(U+3CE1),濄,(U+6FC4),opencc_s2t;unihan_simplified;unihan_traditional,0,28
㳠,(U+3CE0),澾,(U+6FBE),opencc_s2t;unihan_simplified;unihan_traditional,0,11
㳕,(U+3CD5),灡,(U+7061),opencc_s2t;unihan_simplified;unihan_traditional,0,27
㳔,(U+3CD4),濧,(U+6FE7),opencc_s2t;unihan_simplified;unihan_traditional,0,1
㥪,(U+396A),慺,(U+617A),opencc_s2t;unihan_simplified;unihan_traditional,0,201
㱮,(U+3C6E),殨,(U+6BA8),opencc_s2t;unihan_simplified;unihan_traditional,0,54
㱩,(U+3C69),殰,(U+6BB0),opencc_s2t;unihan_simplified;unihan_traditional,0,6
㭴,(U+3B74),樫,(U+6A2B),opencc_s2t;unihan_simplified;unihan_traditional,0,6
㭤,(U+3B64),樢,(U+6A22),opencc_s2t;unihan_simplified;unihan_traditional,0,7
㨫,(U+3A2B),㩜,(U+3A5C),opencc_s2t;unihan_simplified;unihan_traditional,0,161
㧰,(U+39F0),擽,(U+64FD),opencc_s2t;unihan_simplified;unihan_traditional,0,37
㧛,(U+39DB),擥,(U+64E5),unihan_simplified;unihan_traditional,0,131
㧑,(U+39D1),撝,(U+649D),mainland_traditional;opencc_s2t;unihan_simplified;unihan_traditional,0,823
㧐,(U+39D0),㩳,(U+3A73),mainland_traditional;opencc_s2t;unihan_simplified;unihan_traditional,0,8
㧏,(U+39CF),掆,(U+6386),opencc_s2t;unihan_simplified;unihan_traditional,0,28
㲿,(U+3CBF),瀇,(U+7007),opencc_s2t;unihan_simplified;unihan_traditional,0,27
俪,(U+4FEA),儷,(U+5137),mainland_traditional;opencc_s2t;unihan_simplified;unihan_traditional,0,334
俩,(U+4FE9),倆,(U+5006),mainland_traditional;opencc_s2t;unihan_simplified;unihan_traditional,0,2454
俨,(U+4FE8),儼,(U+513C),mainland_traditional;opencc_s2t;unihan_simplified;unihan_traditional,0,6482
俦,(U+4FE6),儔,(U+5114),mainland_traditional;opencc_s2t;unihan_simplified;unihan_traditional,0,2613
侭,(U+4FAD),儘,(U+5118),opencc_s2t,0,1566
侬,(U+4FAC),儂,(U+5102),mainland_traditional;opencc_s2t;unihan_simplified;unihan_traditional,0,1457
侪,(U+4FAA),儕,(U+5115),mainland_traditional;opencc_s2t;unihan_simplified;unihan_traditional,0,778
侩,(U+4FA9),儈,(U+5108),mainland_traditional;opencc_s2t;unihan_simplified;unihan_traditional,0,94
侨,(U+4FA8),僑,(U+50D1),mainland_traditional;opencc_s2t;unihan_simplified;unihan_traditional,0,1183
䦃,(U+4983),鐯,(U+942F),mainland_traditional;opencc_s2t;unihan_simplified;unihan_traditional,0,9
侦,(U+4FA6),偵,(U+5075),mainland_traditional;opencc_s2t;unihan_simplified;unihan_traditional,0,245
侥,(U+4FA5),僥,(U+50E5),mainland_traditional;opencc_s2t;unihan_simplified;unihan_traditional,0,772
佥,(U+4F65),僉,(U+50C9),mainland_traditional;opencc_s2t;unihan_simplified;unihan_traditional,0,2513
伪,(U+4F2A),偽,(U+507D),unihan_simplified;unihan_traditional,0,25016
伧,(U+4F27),傖,(U+5096),mainland_traditional;opencc_s2t;unihan_simplified;unihan_traditional,0,136
伥,(U+4F25),倀,(U+5000),mainland_traditional;opencc_s2t;unihan_simplified;unihan_traditional,0,194
伤,(U+4F24),傷,(U+50B7),mainland_traditional;opencc_s2t;unihan_simplified;unihan_traditional,0,24739
伣,(U+4F23),俔,(U+4FD4),mainland_traditional;opencc_s2t;unihan_simplified;unihan_traditional,0,25
传,(U+4F20),傳,(U+50B3),mainland_traditional;opencc_s2t;unihan_simplified;unihan_traditional,0,203008
侧,(U+4FA7),側,(U+5074),mainland_traditional;opencc_s2t;unihan_simplified;unihan_traditional,0,15464
凫,(U+51EB),鳧,(U+9CE7),opencc_s2t;unihan_simplified;unihan_traditional,0,1012
凤,(U+51E4),鳳,(U+9CF3),mainland_traditional;opencc_s2t;unihan_simplified;unihan_traditional,0,16539
冻,(U+51BB),凍,(U+51CD),mainland_traditional;opencc_s2t;unihan_simplified;unihan_traditional,0,3700
冯,(U+51AF),馮,(U+99AE),mainland_traditional;opencc_s2t;unihan_simplified;unihan_traditional,0,5889
农,(U+519C),農,(U+8FB2),mainland_traditional;opencc_s2t;unihan_simplified;unihan_traditional,0,9169
军,(U+519B),軍,(U+8ECD),mainland_traditional;opencc_s2t;unihan_simplified;unihan_traditional,0,122742
冁,(U+5181),囅,(U+56C5),mainland_traditional;opencc_s2t;unihan_simplified;unihan_traditional,0,71
兽,(U+517D),獸,(U+7378),mainland_traditional;opencc_s2t;unihan_simplified;unihan_traditional,0,16165
兴,(U+5174),興,(U+8208),mainland_traditional;opencc_s2t;unihan_simplified;unihan_traditional,0,133380
俭,(U+4FED),儉,(U+5109),mainland_traditional;opencc_s2t;unihan_simplified;unihan_traditional,0,7145
傩,(U+50A9),儺,(U+513A),mainland_traditional;opencc_s2t;unihan_simplified;unihan_traditional,0,160
储,(U+50A8),儲,(U+5132),mainland_traditional;opencc_s2t;unihan_simplified;unihan_traditional,0,4058
傧,(U+50A7),儐,(U+5110),mainland_traditional;opencc_s2t;unihan_simplified;unihan_traditional,0,524
傥,(U+50A5),儻,(U+513B),mainland_traditional;opencc_s2t;unihan_simplified;unihan_traditional,0,3839
偿,(U+507F),償,(U+511F),mainland_traditional;opencc_s2t;unihan_simplified;unihan_traditional,0,4101
偾,(U+507E),僨,(U+50E8),mainland_traditional;opencc_s2t;unihan_simplified;unihan_traditional,0,114
偻,(U+507B),僂,(U+50C2),mainland_traditional;opencc_s2t;unihan_simplified;unihan_traditional,0,912
倾,(U+503E),傾,(U+50BE),mainland_traditional;opencc_s2t;unihan_simplified;unihan_traditional,0,18071
债,(U+503A),債,(U+50B5),mainland_traditional;opencc_s2t;unihan_simplified;unihan_traditional,0,5322
兰,(U+5170),蘭,(U+862D),mainland_traditional;opencc_s2t;unihan_simplified;unihan_traditional,0,34125
丝,(U+4E1D),絲,(U+7D72),mainland_traditional;opencc_s2t;unihan_simplified;unihan_traditional,0,12818
东,(U+4E1C),東,(U+6771),mainland_traditional;opencc_s2t;unihan_simplified;unihan_traditional,0,168659
丛,(U+4E1B),叢,(U+53E2),mainland_traditional;opencc_s2t;unihan_simplified;unihan_traditional,0,18091
专,(U+4E13),專,(U+5C08),mainland_traditional;opencc_s2t;unihan_simplified;unihan_traditional,0,37957
䶮,(U+4DAE),龑,(U+9F91),mainland_traditional;opencc_s2t;unihan_simplified;unihan_traditional,0,35
䴙,(U+4D19),鸊,(U+9E0A),mainland_traditional;opencc_s2t;unihan_simplified;unihan_traditional,0,12
䴗,(U+4D17),鶪,(U+9DAA),mainland_traditional;opencc_s2t;unihan_simplified;unihan_traditional,0,1
䴖,(U+4D16),鶄,(U+9D84),mainland_traditional;opencc_s2t;unihan_simplified;unihan_traditional,0,66
䴔,(U+4D14),鵁,(U+9D41),mainland_traditional;opencc_s2t;unihan_simplified;unihan_traditional,0,92
伟,(U+4F1F),偉,(U+5049),mainland_traditional;opencc_s2t;unihan_simplified;unihan_traditional,0,6639
䲢,(U+4CA2),鰧,(U+9C27),mainland_traditional;opencc_s2t;unihan_simplified;unihan_traditional,0,1
䲡,(U+4CA1),鰌,(U+9C0C),opencc_s2t;unihan_simplified;unihan_traditional,0,52
䯅,(U+4BC5),䯀,(U+4BC0),opencc_s2t;unihan_simplified;unihan_traditional,0,3
䯄,(U+4BC4),騧,(U+9A27),opencc_s2t;unihan_simplified;unihan_traditional,0,28
䯃,(U+4BC3),𩣑,(U+298D1),opencc_s2t;unihan_simplified;unihan_traditional,0,1
䭪,(U+4B6A),𩞯,(U+297AF),opencc_s2t;unihan_simplified;unihan_traditional,0,2
䩄,(U+4A44),靦,(U+9766),opencc_s2t;tw_simplified_to_traditional;unihan_simplified;unihan_traditional,0,136
䦆,(U+4986),钁,(U+9481),opencc_s2t;unihan_simplified;unihan_traditional,0,1905
䦅,(U+4985),鐥,(U+9425),opencc_s2t;unihan_simplified;unihan_traditional,0,7
䲣,(U+4CA3),䱷,(U+4C77),opencc_s2t;unihan_simplified;unihan_traditional,0,8
伛,(U+4F1B),傴,(U+50B4),mainland_traditional;opencc_s2t;unihan_simplified;unihan_traditional,0,711
众,(U+4F17),眾,(U+773E),tw_simplified_to_traditional;unihan_simplified;unihan_traditional,0,777319
们,(U+4EEC),們,(U+5011),mainland_traditional;opencc_s2t;unihan_simplified;unihan_traditional,0,23326
仪,(U+4EEA),儀,(U+5100),mainland_traditional;opencc_s2t;unihan_simplified;unihan_traditional,0,90424
仓,(U+4ED3),倉,(U+5009),mainland_traditional;opencc_s2t;unihan_simplified;unihan_traditional,0,8221
亿,(U+4EBF),億,(U+5104),mainland_traditional;opencc_s2t;unihan_simplified;unihan_traditional,0,47709
亸,(U+4EB8),嚲,(U+56B2),mainland_traditional;opencc_s2t;unihan_simplified;unihan_traditional,0,931
亵,(U+4EB5),褻,(U+893B),mainland_traditional;opencc_s2t;unihan_simplified;unihan_traditional,0,724
亩,(U+4EA9),畝,(U+755D),mainland_traditional;opencc_s2t;unihan_simplified;unihan_traditional,0,3308
丢,(U+4E22),丟,(U+4E1F),opencc_s2t;tw_simplified_to_traditional;unihan_simplified;unihan_traditional,0,297
亚,(U+4E9A),亞,(U+4E9E),mainland_traditional;opencc_s2t;unihan_simplified;unihan_traditional,0,3822
买,(U+4E70),買,(U+8CB7),mainland_traditional;opencc_s2t;unihan_simplified;unihan_traditional,0,10724
乡,(U+4E61),鄉,(U+9109),mainland_traditional;opencc_s2t;unihan_simplified;unihan_traditional,0,22492
习,(U+4E60),習,(U+7FD2),mainland_traditional;opencc_s2t;unihan_simplified;unihan_traditional,0,133203
乔,(U+4E54),喬,(U+55AC),mainland_traditional;opencc_s2t;unihan_simplified;unihan_traditional,0,3175
乐,(U+4E50),樂,(U+6A02),mainland_traditional;opencc_s2t;unihan_simplified;unihan_traditional,0,321828
乌,(U+4E4C),烏,(U+70CF),mainland_traditional;opencc_s2t;unihan_simplified;unihan_traditional,0,29156
为,(U+4E3A),為,(U+70BA),unihan_simplified;unihan_traditional,0,2231564
临,(U+4E34),臨,(U+81E8),mainland_traditional;opencc_s2t;unihan_simplified;unihan_traditional,0,71551
严,(U+4E25),嚴,(U+56B4),mainland_traditional;opencc_s2t;unihan_simplified;unihan_traditional,0,193638
产,(U+4EA7),產,(U+7522),opencc_s2t;unihan_simplified;unihan_traditional,0,14090
泶,(U+6CF6),澩,(U+6FA9),opencc_s2t;unihan_simplified;unihan_traditional,0,4
沪,(U+6CAA),滬,(U+6EEC),mainland_traditional;opencc_s2t;unihan_simplified;unihan_traditional,0,639
沨,(U+6CA8),渢,(U+6E22),mainland_traditional;opencc_s2t;unihan_simplified;unihan_traditional,0,168
沧,(U+6CA7),滄,(U+6EC4),mainland_traditional;opencc_s2t;unihan_simplified;unihan_traditional,0,5693
沦,(U+6CA6),淪,(U+6DEA),mainland_traditional;opencc_s2t;unihan_simplified;unihan_traditional,0,7008
沥,(U+6CA5),瀝,(U+701D),mainland_traditional;opencc_s2t;unihan_simplified;unihan_traditional,0,957
沤,(U+6CA4),漚,(U+6F1A),mainland_traditional;opencc_s2t;unihan_simplified;unihan_traditional,0,4680
沣,(U+6CA3),灃,(U+7043),mainland_traditional;opencc_s2t;unihan_simplified;unihan_traditional,0,133
没,(U+6CA1),沒,(U+6C92),opencc_s2t;tw_simplified_to_traditional;unihan_simplified;unihan_traditional,0,74128
崭,(U+5D2D),嶄,(U+5D84),mainland_traditional;opencc_s2t;unihan_simplified;unihan_traditional,0,189
汤,(U+6C64),湯,(U+6E6F),mainland_traditional;opencc_s2t;unihan_simplified;unihan_traditional,0,15330
汉,(U+6C49),漢,(U+6F22),mainland_traditional;opencc_s2t;unihan_simplified;unihan_traditional,0,139259
氲,(U+6C32),氳,(U+6C33),opencc_s2t;tw_simplified_to_traditional;unihan_simplified;unihan_traditional,0,733
氢,(U+6C22),氫,(U+6C2B),mainland_traditional;opencc_s2t;unihan_simplified;unihan_traditional,0,21
氇,(U+6C07),氌,(U+6C0C),mainland_traditional;opencc_s2t;unihan_simplified;unihan_traditional,0,11
毙,(U+6BD9),斃,(U+6583),mainland_traditional;opencc_s2t;unihan_simplified;unihan_traditional,0,992
毕,(U+6BD5),畢,(U+7562),mainland_traditional;opencc_s2t;unihan_simplified;unihan_traditional,0,71060
毂,(U+6BC2),轂,(U+8F42),mainland_traditional;opencc_s2t;unihan_simplified;unihan_traditional,0,1480
殴,(U+6BB4),毆,(U+6BC6),mainland_traditional;opencc_s2t;unihan_simplified;unihan_traditional,0,512
沟,(U+6C9F),溝,(U+6E9D),mainland_traditional;opencc_s2t;unihan_simplified;unihan_traditional,0,3322
浕,(U+6D55),濜,(U+6FDC),mainland_traditional;opencc_s2t;unihan_simplified;unihan_traditional,0,16
浔,(U+6D54),潯,(U+6F6F),mainland_traditional;opencc_s2t;unihan_simplified;unihan_traditional,0,629
浓,(U+6D53),濃,(U+6FC3),mainland_traditional;opencc_s2t;unihan_simplified;unihan_traditional,0,2968
浒,(U+6D52),滸,(U+6EF8),mainland_traditional;opencc_s2t;unihan_simplified;unihan_traditional,0,318
浑,(U+6D51),渾,(U+6E3E),mainland_traditional;opencc_s2t;unihan_simplified;unihan_traditional,0,11343
浐,(U+6D50),滻,(U+6EFB),mainland_traditional;opencc_s2t;unihan_simplified;unihan_traditional,0,126
浏,(U+6D4F),瀏,(U+700F),mainland_traditional;opencc_s2t;unihan_simplified;unihan_traditional,0,248
浍,(U+6D4D),澮,(U+6FAE),mainland_traditional;opencc_s2t;unihan_simplified;unihan_traditional,0,208
测,(U+6D4B),測,(U+6E2C),mainland_traditional;opencc_s2t;unihan_simplified;unihan_traditional,0,17102
泷,(U+6CF7),瀧,(U+7027),mainland_traditional;opencc_s2t;unihan_simplified;unihan_traditional,0,183
浇,(U+6D47),澆,(U+6F86),mainland_traditional;opencc_s2t;unihan_simplified;unihan_traditional,0,3219
浆,(U+6D46),漿,(U+6F3F),mainland_traditional;opencc_s2t;unihan_simplified;unihan_traditional,0,4222
浅,(U+6D45),淺,(U+6DFA),mainland_traditional;opencc_s2t;unihan_simplified;unihan_traditional,0,23627
泾,(U+6CFE),涇,(U+6D87),mainland_traditional;opencc_s2t;unihan_simplified;unihan_traditional,0,2486
泽,(U+6CFD),澤,(U+6FA4),mainland_traditional;opencc_s2t;unihan_simplified;unihan_traditional,0,17505
泼,(U+6CFC),潑,(U+6F51),mainland_traditional;opencc_s2t;unihan_simplified;unihan_traditional,0,3178
泻,(U+6CFB),瀉,(U+7009),mainland_traditional;opencc_s2t;unihan_simplified;unihan_traditional,0,2650
泺,(U+6CFA),濼,(U+6FFC),mainland_traditional;opencc_s2t;unihan_simplified;unihan_traditional,0,207
泸,(U+6CF8),瀘,(U+7018),mainland_traditional;opencc_s2t;unihan_simplified;unihan_traditional,0,390
浈,(U+6D48),湞,(U+6E5E),mainland_traditional;opencc_s2t;unihan_simplified;unihan_traditional,0,125
榄,(U+6984),欖,(U+6B16),mainland_traditional;opencc_s2t;unihan_simplified;unihan_traditional,0,109
椮,(U+692E),槮,(U+69EE),opencc_s2t;unihan_simplified;unihan_traditional,0,33
椭,(U+692D),橢,(U+6A62),mainland_traditional;opencc_s2t;unihan_simplified;unihan_traditional,0,16
椫,(U+692B),樿,(U+6A3F),opencc_s2t;unihan_simplified;unihan_traditional,0,27
椤,(U+6924),欏,(U+6B0F),mainland_traditional;opencc_s2t;unihan_simplified;unihan_traditional,0,116
椢,(U+6922),槶,(U+69F6),opencc_s2t;unihan_simplified;unihan_traditional,0,1
椠,(U+6920),槧,(U+69E7),mainland_traditional;opencc_s2t;unihan_simplified;unihan_traditional,0,125
椟,(U+691F),櫝,(U+6ADD),mainland_traditional;opencc_s2t;unihan_simplified;unihan_traditional,0,209
棂,(U+68C2),欞,(U+6B1E),mainland_traditional;opencc_s2t;unihan_simplified;unihan_traditional,0,50
殡,(U+6BA1),殯,(U+6BAF),mainland_traditional;opencc_s2t;unihan_simplified;unihan_traditional,0,1570
检,(U+68C0),檢,(U+6AA2),mainland_traditional;opencc_s2t;unihan_simplified;unihan_traditional,0,14341
梿,(U+68BF),槤,(U+69E4),mainland_traditional;opencc_s2t;unihan_simplified;unihan_traditional,0,20
梾,(U+68BE),棶,(U+68F6),mainland_traditional;opencc_s2t;unihan_simplified;unihan_traditional,0,1
梼,(U+68BC),檮,(U+6AAE),mainland_traditional;opencc_s2t;unihan_simplified;unihan_traditional,0,185
桪,(U+686A),樳,(U+6A33),opencc_s2t;unihan_simplified;unihan_traditional,0,1
桩,(U+6869),樁,(U+6A01),mainland_traditional;opencc_s2t;unihan_simplified;unihan_traditional,0,1289
桨,(U+6868),槳,(U+69F3),mainland_traditional;opencc_s2t;unihan_simplified;unihan_traditional,0,87
桧,(U+6867),檜,(U+6A9C),mainland_traditional;opencc_s2t;unihan_simplified;unihan_traditional,0,828
桦,(U+6866),樺,(U+6A3A),mainland_traditional;opencc_s2t;unihan_simplified;unihan_traditional,0,451
棁,(U+68C1),梲,(U+68B2),opencc_s2t;unihan_simplified;unihan_traditional,0,101
殓,(U+6B93),殮,(U+6BAE),mainland_traditional;opencc_s2t;unihan_simplified;unihan_traditional,0,606
殒,(U+6B92),殞,(U+6B9E),mainland_traditional;opencc_s2t;unihan_simplified;unihan_traditional,0,3379
残,(U+6B8B),殘,(U+6B98),mainland_traditional;opencc_s2t;unihan_simplified;unihan_traditional,0,26043
殇,(U+6B87),殤,(U+6BA4),mainland_traditional;opencc_s2t;unihan_simplified;unihan_traditional,0,768
歼,(U+6B7C),殲,(U+6BB2),mainland_traditional;opencc_s2t;unihan_simplified;unihan_traditional,0,427
欧,(U+6B27),歐,(U+6B50),mainland_traditional;opencc_s2t;unihan_simplified;unihan_traditional,0,3970
欢,(U+6B22),歡,(U+6B61),mainland_traditional;opencc_s2t;unihan_simplified;unihan_traditional,0,65926
檩,(U+6AA9),檁,(U+6A81),opencc_s2t;unihan_simplified;unihan_traditional,0,7
橼,(U+6A7C),櫞,(U+6ADE),mainland_traditional;opencc_s2t;unihan_simplified;unihan_traditional,0,33
榇,(U+6987),櫬,(U+6AEC),mainland_traditional;opencc_s2t;unihan_simplified;unihan_traditional,0,273
橥,(U+6A65),櫫,(U+6AEB),opencc_s2t;unihan_simplified;unihan_traditional,0,19
樱,(U+6A31),櫻,(U+6AFB),mainland_traditional;opencc_s2t;unihan_simplified;unihan_traditional,0,247
樯,(U+6A2F),檣,(U+6AA3),mainland_traditional;opencc_s2t;unihan_simplified;unihan_traditional,0,256
槠,(U+69E0),櫧,(U+6AE7),mainland_traditional;opencc_s2t;unihan_simplified;unihan_traditional,0,7
槟,(U+69DF),檳,(U+6AB3),mainland_traditional;opencc_s2t;unihan_simplified;unihan_traditional,0,286
槛,(U+69DB),檻,(U+6ABB),mainland_traditional;opencc_s2t;unihan_simplified;unihan_traditional,0,1918
槚,(U+69DA),檟,(U+6A9F),mainland_traditional;opencc_s2t;unihan_simplified;unihan_traditional,0,78
榝,(U+699D),樧,(U+6A27),opencc_s2t,0,14
榉,(U+6989),櫸,(U+6AF8),mainland_traditional;opencc_s2t;unihan_simplified;unihan_traditional,0,5
榈,(U+6988),櫚,(U+6ADA),mainland_traditional;opencc_s2t;unihan_simplified;unihan_traditional,0,278
橹,(U+6A79),櫓,(U+6AD3),mainland_traditional;opencc_s2t;unihan_simplified;unihan_traditional,0,956
狝,(U+72DD),獮,(U+736E),mainland_traditional;opencc_s2t;unihan_simplified;unihan_traditional,0,328
狈,(U+72C8),狽,(U+72FD),mainland_traditional;opencc_s2t;unihan_simplified;unihan_traditional,0,371
犸,(U+72B8),獁,(U+7341),mainland_traditional;opencc_s2t;unihan_simplified;unihan_traditional,0,1
犷,(U+72B7),獷,(U+7377),mainland_traditional;opencc_s2t;unihan_simplified;unihan_traditional,0,1778
犊,(U+728A),犢,(U+72A2),mainland_traditional;opencc_s2t;unihan_simplified;unihan_traditional,0,4434
牺,(U+727A),犧,(U+72A7),mainland_traditional;opencc_s2t;unihan_simplified;unihan_traditional,0,1805
牵,(U+7275),牽,(U+727D),mainland_traditional;opencc_s2t;unihan_simplified;unihan_traditional,0,15215
牍,(U+724D),牘,(U+7258),mainland_traditional;opencc_s2t;unihan_simplified;unihan_traditional,0,949
爷,(U+7237),爺,(U+723A),mainland_traditional;opencc_s2t;unihan_simplified;unihan_traditional,0,1770
涚,(U+6D9A),涗,(U+6D97),opencc_s2t,0,56
焖,(U+7116),燜,(U+71DC),mainland_traditional;opencc_s2t;unihan_simplified;unihan_traditional,0,16
烬,(U+70EC),燼,(U+71FC),mainland_traditional;opencc_s2t;unihan_simplified;unihan_traditional,0,2180
烫,(U+70EB),燙,(U+71D9),mainland_traditional;opencc_s2t;unihan_simplified;unihan_traditional,0,15
烩,(U+70E9),燴,(U+71F4),mainland_traditional;opencc_s2t;unihan_simplified;unihan_traditional,0,9
烨,(U+70E8),燁,(U+71C1),mainland_traditional;opencc_s2t;unihan_simplified;unihan_traditional,0,479
烧,(U+70E7),燒,(U+71D2),mainland_traditional;opencc_s2t;unihan_simplified;unihan_traditional,0,47364
烦,(U+70E6),煩,(U+7169),mainland_traditional;opencc_s2t;unihan_simplified;unihan_traditional,0,128538
烃,(U+70C3),烴,(U+70F4),mainland_traditional;opencc_s2t;unihan_simplified;unihan_traditional,0,2
烁,(U+70C1),爍,(U+720D),mainland_traditional;opencc_s2t;unihan_simplified;unihan_traditional,0,3260
焘,(U+7118),燾,(U+71FE),mainland_traditional;opencc_s2t;unihan_simplified;unihan_traditional,0,944
珰,(U+73F0),璫,(U+74AB),mainland_traditional;opencc_s2t;unihan_simplified;unihan_traditional,0,977
珑,(U+73D1),瓏,(U+74CF),mainland_traditional;opencc_s2t;unihan_simplified;unihan_traditional,0,1940
珐,(U+73D0),琺,(U+743A),opencc_s2t;tw_simplified_to_traditional;unihan_simplified;unihan_traditional,0,6
玺,(U+73BA),璽,(U+74BD),mainland_traditional;opencc_s2t;unihan_simplified;unihan_traditional,0,2790
玱,(U+73B1),瑲,(U+7472),mainland_traditional;opencc_s2t;unihan_simplified;unihan_traditional,0,7
现,(U+73B0),現,(U+73FE),mainland_traditional;opencc_s2t;unihan_simplified;unihan_traditional,0,434384
玮,(U+73AE),瑋,(U+744B),mainland_traditional;opencc_s2t;unihan_simplified;unihan_traditional,0,564
玛,(U+739B),瑪,(U+746A),mainland_traditional;opencc_s2t;unihan_simplified;unihan_traditional,0,4229
玚,(U+739A),瑒,(U+7452),mainland_traditional;opencc_s2t;unihan_simplified;unihan_traditional,0,560
狮,(U+72EE),獅,(U+7345),mainland_traditional;opencc_s2t;unihan_simplified;unihan_traditional,0,9378
玑,(U+7391),璣,(U+74A3),mainland_traditional;opencc_s2t;unihan_simplified;unihan_traditional,0,1619
獭,(U+736D),獺,(U+737A),mainland_traditional;opencc_s2t;unihan_simplified;unihan_traditional,0,447
猡,(U+7321),玀,(U+7380),mainland_traditional;opencc_s2t;unihan_simplified;unihan_traditional,0,12
猕,(U+7315),獼,(U+737C),mainland_traditional;opencc_s2t;unihan_simplified;unihan_traditional,0,3654
猃,(U+7303),獫,(U+736B),mainland_traditional;opencc_s2t;unihan_simplified;unihan_traditional,0,194
狲,(U+72F2),猻,(U+733B),mainland_traditional;opencc_s2t;unihan_simplified;unihan_traditional,0,758
狱,(U+72F1),獄,(U+7344),mainland_traditional;opencc_s2t;unihan_simplified;unihan_traditional,0,66389
狰,(U+72F0),猙,(U+7319),opencc_s2t;tw_simplified_to_traditional;unihan_simplified;unihan_traditional,0,68
狯,(U+72EF),獪,(U+736A),mainland_traditional;opencc_s2t;unihan_simplified;unihan_traditional,0,98
玙,(U+7399),璵,(U+74B5),mainland_traditional;opencc_s2t;unihan_simplified;unihan_traditional,0,351
溇,(U+6E87),漊,(U+6F0A),mainland_traditional;opencc_s2t;unihan_simplified;unihan_traditional,0,47
溅,(U+6E85),濺,(U+6FFA),mainland_traditional;opencc_s2t;unihan_simplified;unihan_traditional,0,772
溃,(U+6E83),潰,(U+6F70),mainland_traditional;opencc_s2t;unihan_simplified;unihan_traditional,0,2682
渖,(U+6E16),瀋,(U+700B),opencc_s2t;unihan_simplified;unihan_traditional,0,275
渔,(U+6E14),漁,(U+6F01),mainland_traditional;opencc_s2t;unihan_simplified;unihan_traditional,0,5711
渑,(U+6E11),澠,(U+6FA0),mainland_traditional;opencc_s2t;unihan_simplified;unihan_traditional,0,251
渐,(U+6E10),漸,(U+6F38),mainland_traditional;opencc_s2t;unihan_simplified;unihan_traditional,0,64835
渎,(U+6E0E),瀆,(U+7006),mainland_traditional;opencc_s2t;unihan_simplified;unihan_traditional,0,1929
渍,(U+6E0D),漬,(U+6F2C),mainland_traditional;opencc_s2t;unihan_simplified;unihan_traditional,0,1436
炽,(U+70BD),熾,(U+71BE),mainland_traditional;opencc_s2t;unihan_simplified;unihan_traditional,0,14746
涨,(U+6DA8),漲,(U+6F32),mainland_traditional;opencc_s2t;unihan_simplified;unihan_traditional,0,1506
涧,(U+6DA7),澗,(U+6F97),mainland_traditional;opencc_s2t;unihan_simplified;unihan_traditional,0,6477
润,(U+6DA6),潤,(U+6F64),mainland_traditional;opencc_s2t;unihan_simplified;unihan_traditional,0,21427
涢,(U+6DA2),溳,(U+6EB3),mainland_traditional;opencc_s2t;unihan_simplified;unihan_traditional,0,69
涡,(U+6DA1),渦,(U+6E26),mainland_traditional;opencc_s2t;unihan_simplified;unihan_traditional,0,403
涟,(U+6D9F),漣,(U+6F23),mainland_traditional;opencc_s2t;tw_simplified_to_traditional;unihan_simplified;unihan_traditional,0,524
涞,(U+6D9E),淶,(U+6DF6),mainland_traditional;opencc_s2t;unihan_simplified;unihan_traditional,0,54
涝,(U+6D9D),澇,(U+6F87),mainland_traditional;opencc_s2t;unihan_simplified;unihan_traditional,0,394
涛,(U+6D9B),濤,(U+6FE4),mainland_traditional;opencc_s2t;unihan_simplified;unihan_traditional,0,5149
涩,(U+6DA9),澀,(U+6F80),mainland_traditional;opencc_s2t;unihan_simplified;unihan_traditional,0,1309
炝,(U+709D),熗,(U+7197),mainland_traditional;opencc_s2t;unihan_simplified;unihan_traditional,0,1
炜,(U+709C),煒,(U+7152),mainland_traditional;opencc_s2t;unihan_simplified;unihan_traditional,0,785
炀,(U+7080),煬,(U+716C),mainland_traditional;opencc_s2t;unihan_simplified;unihan_traditional,0,2183
灿,(U+707F),燦,(U+71E6),mainland_traditional;opencc_s2t;unihan_simplified;unihan_traditional,0,2566
濒,(U+6FD2),瀕,(U+7015),mainland_traditional;opencc_s2t;unihan_simplified;unihan_traditional,0,450
濑,(U+6FD1),瀨,(U+7028),mainland_traditional;opencc_s2t;unihan_simplified;unihan_traditional,0,435
澜,(U+6F9C),瀾,(U+703E),mainland_traditional;opencc_s2t;unihan_simplified;unihan_traditional,0,2715
潍,(U+6F4D),濰,(U+6FF0),mainland_traditional;opencc_s2t;unihan_simplified;unihan_traditional,0,71
潋,(U+6F4B),瀲,(U+7032),mainland_traditional;opencc_s2t;unihan_simplified;unihan_traditional,0,154
滗,(U+6ED7),潷,(U+6F77),mainland_traditional;opencc_s2t;unihan_simplified;unihan_traditional,0,10
潆,(U+6F46),瀠,(U+7020),mainland_traditional;opencc_s2t;unihan_simplified;unihan_traditional,0,67
滪,(U+6EEA),澦,(U+6FA6),mainland_traditional;opencc_s2t;unihan_simplified;unihan_traditional,0,58
滩,(U+6EE9),灘,(U+7058),mainland_traditional;opencc_s2t;unihan_simplified;unihan_traditional,0,1660
滨,(U+6EE8),濱,(U+6FF1),mainland_traditional;opencc_s2t;unihan_simplified;unihan_traditional,0,1848
滥,(U+6EE5),濫,(U+6FEB),mainland_traditional;opencc_s2t;unihan_simplified;unihan_traditional,0,10774
滤,(U+6EE4),濾,(U+6FFE),mainland_traditional;opencc_s2t;unihan_simplified;unihan_traditional,0,745
滢,(U+6EE2),瀅,(U+7005),mainland_traditional;opencc_s2t;unihan_simplified;unihan_traditional,0,127
满,(U+6EE1),滿,(U+6EFF),mainland_traditional;opencc_s2t;unihan_simplified;unihan_traditional,0,165463
滠,(U+6EE0),灄,(U+7044),mainland_traditional;opencc_s2t;unihan_simplified;unihan_traditional,0,44
滞,(U+6EDE),滯,(U+6EEF),mainland_traditional;opencc_s2t;unihan_simplified;unihan_traditional,0,15483
潇,(U+6F47),瀟,(U+701F),mainland_traditional;opencc_s2t;unihan_simplified;unihan_traditional,0,1499
戆,(U+6206),戇,(U+6207),mainland_traditional;opencc_s2t;unihan_simplified;unihan_traditional,0,404
懒,(U+61D2),懶,(U+61F6),mainland_traditional;opencc_s2t;unihan_simplified;unihan_traditional,0,4661
懑,(U+61D1),懣,(U+61E3),mainland_traditional;opencc_s2t;unihan_simplified;unihan_traditional,0,317
慭,(U+616D),憖,(U+6196),mainland_traditional;opencc_s2t;unihan_simplified;unihan_traditional,0,45
慑,(U+6151),懾,(U+61FE),mainland_traditional;opencc_s2t;unihan_simplified;unihan_traditional,0,836
愦,(U+6126),憒,(U+6192),mainland_traditional;opencc_s2t;unihan_simplified;unihan_traditional,0,2140
愤,(U+6124),憤,(U+61A4),mainland_traditional;opencc_s2t;unihan_simplified;unihan_traditional,0,4791
惯,(U+60EF),慣,(U+6163),mainland_traditional;opencc_s2t;unihan_simplified;unihan_traditional,0,4097
惭,(U+60ED),慚,(U+615A),mainland_traditional;opencc_s2t;unihan_simplified;unihan_traditional,0,20441
桥,(U+6865),橋,(U+6A4B),mainland_traditional;opencc_s2t;unihan_simplified;unihan_traditional,0,15544
惫,(U+60EB),憊,(U+618A),mainland_traditional;opencc_s2t;unihan_simplified;unihan_traditional,0,395
惩,(U+60E9),懲,(U+61F2),mainland_traditional;opencc_s2t;unihan_simplified;unihan_traditional,0,1663
惨,(U+60E8),慘,(U+6158),mainland_traditional;opencc_s2t;unihan_simplified;unihan_traditional,0,2483
悯,(U+60AF),憫,(U+61AB),mainland_traditional;opencc_s2t;unihan_simplified;unihan_traditional,0,3593
悭,(U+60AD),慳,(U+6173),mainland_traditional;opencc_s2t;unihan_simplified;unihan_traditional,0,13114
悬,(U+60AC),懸,(U+61F8),mainland_traditional;opencc_s2t;unihan_simplified;unihan_traditional,0,22338
恽,(U+607D),惲,(U+60F2),mainland_traditional;opencc_s2t;unihan_simplified;unihan_traditional,0,917
恻,(U+607B),惻,(U+60FB),mainland_traditional;opencc_s2t;unihan_simplified;unihan_traditional,0,2082
恺,(U+607A),愷,(U+6137),mainland_traditional;opencc_s2t;unihan_simplified;unihan_traditional,0,1486
惬,(U+60EC),愜,(U+611C),mainland_traditional;opencc_s2t;unihan_simplified;unihan_traditional,0,1521
拨,(U+62E8),撥,(U+64A5),mainland_traditional;opencc_s2t;unihan_simplified;unihan_traditional,0,12248
拥,(U+62E5),擁,(U+64C1),mainland_traditional;opencc_s2t;unihan_simplified;unihan_traditional,0,9730
拣,(U+62E3),揀,(U+63C0),mainland_traditional;opencc_s2t;unihan_simplified;unihan_traditional,0,17219
拢,(U+62E2),攏,(U+650F),mainland_traditional;opencc_s2t;unihan_simplified;unihan_traditional,0,167
拟,(U+62DF),擬,(U+64EC),mainland_traditional;opencc_s2t;unihan_simplified;unihan_traditional,0,29557
报,(U+62A5),報,(U+5831),mainland_traditional;opencc_s2t;unihan_simplified;unihan_traditional,0,163994
护,(U+62A4),護,(U+8B77),mainland_traditional;opencc_s2t;unihan_simplified;unihan_traditional,0,133882
抢,(U+62A2),搶,(U+6436),mainland_traditional;opencc_s2t;unihan_simplified;unihan_traditional,0,503
抡,(U+62A1),掄,(U+6384),mainland_traditional;opencc_s2t;unihan_simplified;unihan_traditional,0,137
戋,(U+620B),戔,(U+6214),mainland_traditional;opencc_s2t;unihan_simplified;unihan_traditional,0,179
抟,(U+629F),摶,(U+6476),mainland_traditional;opencc_s2t;unihan_simplified;unihan_traditional,0,4331
抚,(U+629A),撫,(U+64AB),mainland_traditional;opencc_s2t;unihan_simplified;unihan_traditional,0,12503
扬,(U+626C),揚,(U+63DA),mainland_traditional;opencc_s2t;unihan_simplified;unihan_traditional,0,43440
扫,(U+626B),掃,(U+6383),mainland_traditional;opencc_s2t;unihan_simplified;unihan_traditional,0,16238
扪,(U+626A),捫,(U+636B),mainland_traditional;opencc_s2t;unihan_simplified;unihan_traditional,0,1965
扩,(U+6269),擴,(U+64F4),mainland_traditional;opencc_s2t;unihan_simplified;unihan_traditional,0,2108
执,(U+6267),執,(U+57F7),mainland_traditional;opencc_s2t;unihan_simplified;unihan_traditional,0,168859
戗,(U+6217),戧,(U+6227),mainland_traditional;opencc_s2t;unihan_simplified;unihan_traditional,0,12
戏,(U+620F),戲,(U+6232),mainland_traditional;opencc_s2t;unihan_simplified;unihan_traditional,0,34860
抠,(U+62A0),摳,(U+6473),mainland_traditional;opencc_s2t;unihan_simplified;unihan_traditional,0,471
废,(U+5E9F),廢,(U+5EE2),mainland_traditional;opencc_s2t;unihan_simplified;unihan_traditional,0,36552
庞,(U+5E9E),龐,(U+9F90),mainland_traditional;opencc_s2t;unihan_simplified;unihan_traditional,0,4638
应,(U+5E94),應,(U+61C9),mainland_traditional;opencc_s2t;unihan_simplified;unihan_traditional,0,620966
库,(U+5E93),庫,(U+5EAB),mainland_traditional;opencc_s2t;unihan_simplified;unihan_traditional,0,11673
庑,(U+5E91),廡,(U+5EE1),mainland_traditional;opencc_s2t;unihan_simplified;unihan_traditional,0,1372
庆,(U+5E86),慶,(U+6176),mainland_traditional;opencc_s2t;unihan_simplified;unihan_traditional,0,43205
帼,(U+5E3C),幗,(U+5E57),mainland_traditional;opencc_s2t;unihan_simplified;unihan_traditional,0,37
帻,(U+5E3B),幘,(U+5E58),mainland_traditional;opencc_s2t;unihan_simplified;unihan_traditional,0,876
帱,(U+5E31),幬,(U+5E6C),mainland_traditional;opencc_s2t;unihan_simplified;unihan_traditional,0,113
恹,(U+6079),懨,(U+61E8),mainland_traditional;opencc_s2t;unihan_simplified;unihan_traditional,0,288
带,(U+5E26),帶,(U+5E36),mainland_traditional;opencc_s2t;unihan_simplified;unihan_traditional,0,27587
帜,(U+5E1C),幟,(U+5E5F),mainland_traditional;opencc_s2t;unihan_simplified;unihan_traditional,0,2350
帐,(U+5E10),帳,(U+5E33),mainland_traditional;opencc_s2t;unihan_simplified;unihan_traditional,0,6008
帏,(U+5E0F),幃,(U+5E43),mainland_traditional;opencc_s2t;unihan_simplified;unihan_traditional,0,590
师,(U+5E08),師,(U+5E2B),mainland_traditional;opencc_s2t;unihan_simplified;unihan_traditional,0,1018151
帅,(U+5E05),帥,(U+5E25),mainland_traditional;opencc_s2t;unihan_simplified;unihan_traditional,0,8579
巅,(U+5DC5),巔,(U+5DD4),mainland_traditional;opencc_s2t;unihan_simplified;unihan_traditional,0,1444
嵝,(U+5D5D),嶁,(U+5D81),mainland_traditional;opencc_s2t;unihan_simplified;unihan_traditional,0,105
嵚,(U+5D5A),嶔,(U+5D94),mainland_traditional;opencc_s2t;unihan_simplified;unihan_traditional,0,216
帧,(U+5E27),幀,(U+5E40),mainland_traditional;opencc_s2t;unihan_simplified;unihan_traditional,0,568
恸,(U+6078),慟,(U+615F),mainland_traditional;opencc_s2t;unihan_simplified;unihan_traditional,0,2297
恳,(U+6073),懇,(U+61C7),mainland_traditional;opencc_s2t;unihan_simplified;unihan_traditional,0,4805
怿,(U+603F),懌,(U+61CC),mainland_traditional;opencc_s2t;unihan_simplified;unihan_traditional,0,1362
怼,(U+603C),懟,(U+61DF),mainland_traditional;opencc_s2t;unihan_simplified;unihan_traditional,0,232
总,(U+603B),總,(U+7E3D),mainland_traditional;opencc_s2t;unihan_simplified;unihan_traditional,0,167134
怆,(U+6006),愴,(U+6134),mainland_traditional;opencc_s2t;unihan_simplified;unihan_traditional,0,1022
怅,(U+6005),悵,(U+60B5),mainland_traditional;opencc_s2t;unihan_simplified;unihan_traditional,0,2022
怄,(U+6004),慪,(U+616A),mainland_traditional;opencc_s2t;unihan_simplified;unihan_traditional,0,49
怃,(U+6003),憮,(U+61AE),mainland_traditional;opencc_s2t;unihan_simplified;unihan_traditional,0,268
庼,(U+5EBC),廎,(U+5ECE),mainland_traditional;opencc_s2t;unihan_simplified;unihan_traditional,0,11
态,(U+6001),態,(U+614B),mainland_traditional;opencc_s2t;unihan_simplified;unihan_traditional,0,6463
怀,(U+6000),懷,(U+61F7),mainland_traditional;opencc_s2t;unihan_simplified;unihan_traditional,0,57782
忾,(U+5FFE),愾,(U+613E),mainland_traditional;opencc_s2t;unihan_simplified;unihan_traditional,0,123
忆,(U+5FC6),憶,(U+61B6),mainland_traditional;opencc_s2t;unihan_simplified;unihan_traditional,0,34706
徕,(U+5F95),徠,(U+5FA0),mainland_traditional;opencc_s2t;unihan_simplified;unihan_traditional,0,130
径,(U+5F84),徑,(U+5F91),mainland_traditional;opencc_s2t;unihan_simplified;unihan_traditional,0,25950
彻,(U+5F7B),徹,(U+5FB9),mainland_traditional;opencc_s2t;unihan_simplified;unihan_traditional,0,37075
彨,(U+5F68),彲,(U+5F72),opencc_s2t;unihan_simplified;unihan_traditional,0,1
彟,(U+5F5F),彠,(U+5F60),mainland_traditional;opencc_s2t;unihan_simplified;unihan_traditional,0,76
弯,(U+5F2F),彎,(U+5F4E),mainland_traditional;opencc_s2t;unihan_simplified;unihan_traditional,0,1387
怂,(U+6002),慫,(U+616B),mainland_traditional;opencc_s2t;unihan_simplified;unihan_traditional,0,101
枢,(U+67A2),樞,(U+6A1E),mainland_traditional;opencc_s2t;unihan_simplified;unihan_traditional,0,6147
枞,(U+679E),樅,(U+6A05),mainland_traditional;opencc_s2t;unihan_simplified;unihan_traditional,0,206
杩,(U+6769),榪,(U+69AA),mainland_traditional;opencc_s2t;unihan_simplified;unihan_traditional,0,5
杨,(U+6768),楊,(U+694A),mainland_traditional;opencc_s2t;unihan_simplified;unihan_traditional,0,29983
暧,(U+66A7),曖,(U+66D6),mainland_traditional;opencc_s2t;unihan_simplified;unihan_traditional,0,355
暂,(U+6682),暫,(U+66AB),mainland_traditional;opencc_s2t;unihan_simplified;unihan_traditional,0,17929
晖,(U+6656),暉,(U+6689),mainland_traditional;opencc_s2t;unihan_simplified;unihan_traditional,0,6344
晕,(U+6655),暈,(U+6688),mainland_traditional;opencc_s2t;unihan_simplified;unihan_traditional,0,2222
晔,(U+6654),曄,(U+66C4),mainland_traditional;opencc_s2t;unihan_simplified;unihan_traditional,0,1497
择,(U+62E9),擇,(U+64C7),mainland_traditional;opencc_s2t;unihan_simplified;unihan_traditional,0,37999
昽,(U+663D),曨,(U+66E8),mainland_traditional;opencc_s2t;unihan_simplified;unihan_traditional,0,52
昙,(U+6619),曇,(U+66C7),mainland_traditional;opencc_s2t;unihan_simplified;unihan_traditional,0,46019
旸,(U+65F8),暘,(U+6698),mainland_traditional;opencc_s2t;unihan_simplified;unihan_traditional,0,642
旷,(U+65F7),曠,(U+66E0),mainland_traditional;opencc_s2t;unihan_simplified;unihan_traditional,0,13279
斩,(U+65A9),斬,(U+65AC),mainland_traditional;opencc_s2t;unihan_simplified;unihan_traditional,0,16080
斓,(U+6593),斕,(U+6595),mainland_traditional;opencc_s2t;unihan_simplified;unihan_traditional,0,159
敛,(U+655B),斂,(U+6582),mainland_traditional;opencc_s2t;unihan_simplified;unihan_traditional,0,10724
敚,(U+655A),敓,(U+6553),opencc_s2t,0,36
敌,(U+654C),敵,(U+6575),mainland_traditional;opencc_s2t;unihan_simplified;unihan_traditional,0,15244
晓,(U+6653),曉,(U+66C9),mainland_traditional;opencc_s2t;unihan_simplified;unihan_traditional,0,27026
桤,(U+6864),榿,(U+69BF),mainland_traditional;opencc_s2t;unihan_simplified;unihan_traditional,0,7
档,(U+6863),檔,(U+6A94),mainland_traditional;opencc_s2t;unihan_simplified;unihan_traditional,0,196
桢,(U+6862),楨,(U+6968),mainland_traditional;opencc_s2t;unihan_simplified;unihan_traditional,0,595
桡,(U+6861),橈,(U+6A48),mainland_traditional;opencc_s2t;unihan_simplified;unihan_traditional,0,1072
桠,(U+6860),椏,(U+690F),mainland_traditional;opencc_s2t;unihan_simplified;unihan_traditional,0,26
栎,(U+680E),櫟,(U+6ADF),mainland_traditional;opencc_s2t;unihan_simplified;unihan_traditional,0,317
栌,(U+680C),櫨,(U+6AE8),mainland_traditional;opencc_s2t;unihan_simplified;unihan_traditional,0,337
栋,(U+680B),棟,(U+68DF),mainland_traditional;opencc_s2t;unihan_simplified;unihan_traditional,0,4150
栊,(U+680A),櫳,(U+6AF3),mainland_traditional;opencc_s2t;unihan_simplified;unihan_traditional,0,150
枥,(U+67A5),櫪,(U+6AEA),mainland_traditional;opencc_s2t;unihan_simplified;unihan_traditional,0,171
栈,(U+6808),棧,(U+68E7),mainland_traditional;opencc_s2t;unihan_simplified;unihan_traditional,0,591
标,(U+6807),標,(U+6A19),mainland_traditional;opencc_s2t;unihan_simplified;unihan_traditional,0,73480
栀,(U+6800),梔,(U+6894),opencc_s2t;tw_simplified_to_traditional;unihan_simplified;unihan_traditional,0,84
柽,(U+67FD),檉,(U+6A89),mainland_traditional;opencc_s2t;unihan_simplified;unihan_traditional,0,168
枭,(U+67AD),梟,(U+689F),mainland_traditional;opencc_s2t;unihan_simplified;unihan_traditional,0,2017
枫,(U+67AB),楓,(U+6953),mainland_traditional;opencc_s2t;unihan_simplified;unihan_traditional,0,1228
枪,(U+67AA),槍,(U+69CD),mainland_traditional;opencc_s2t;unihan_simplified;unihan_traditional,0,1501
枨,(U+67A8),棖,(U+68D6),mainland_traditional;opencc_s2t;unihan_simplified;unihan_traditional,0,323
枧,(U+67A7),梘,(U+6898),mainland_traditional;opencc_s2t;unihan_simplified;unihan_traditional,0,15
栉,(U+6809),櫛,(U+6ADB),mainland_traditional;opencc_s2t;unihan_simplified;unihan_traditional,0,433
掴,(U+63B4),摑,(U+6451),mainland_traditional;opencc_s2t;unihan_simplified;unihan_traditional,0,1160
掳,(U+63B3),擄,(U+64C4),mainland_traditional;opencc_s2t;unihan_simplified;unihan_traditional,0,87
捣,(U+6363),搗,(U+6417),mainland_traditional;opencc_s2t;unihan_simplified;unihan_traditional,0,715
换,(U+6362),換,(U+63DB),opencc_s2t;tw_simplified_to_traditional;unihan_simplified;unihan_traditional,0,8701
捡,(U+6361),撿,(U+64BF),mainland_traditional;opencc_s2t;unihan_simplified;unihan_traditional,0,5968
损,(U+635F),損,(U+640D),mainland_traditional;opencc_s2t;unihan_simplified;unihan_traditional,0,35083
捞,(U+635E),撈,(U+6488),mainland_traditional;opencc_s2t;unihan_simplified;unihan_traditional,0,1375
捝,(U+635D),挩,(U+6329),opencc_s2t;unihan_simplified;unihan_traditional,0,36
挦,(U+6326),撏,(U+648F),mainland_traditional;opencc_s2t;unihan_simplified;unihan_traditional,0,14
攒,(U+6512),攢,(U+6522),mainland_traditional;opencc_s2t;unihan_simplified;unihan_traditional,0,2503
挤,(U+6324),擠,(U+64E0),mainland_traditional;opencc_s2t;unihan_simplified;unihan_traditional,0,438
挣,(U+6323),掙,(U+6399),opencc_s2t;tw_simplified_to_traditional;unihan_simplified;unihan_traditional,0,154
挢,(U+6322),撟,(U+649F),opencc_s2t;unihan_simplified;unihan_traditional,0,129
挡,(U+6321),擋,(U+64CB),mainland_traditional;opencc_s2t;unihan_simplified;unihan_traditional,0,197
挠,(U+6320),撓,(U+6493),mainland_traditional;opencc_s2t;unihan_simplified;unihan_traditional,0,2408
挞,(U+631E),撻,(U+64BB),mainland_traditional;opencc_s2t;unihan_simplified;unihan_traditional,0,1038
挝,(U+631D),撾,(U+64BE),mainland_traditional;opencc_s2t;unihan_simplified;unihan_traditional,0,1641
挜,(U+631C),掗,(U+6397),opencc_s2t;unihan_simplified;unihan_traditional,0,39
挚,(U+631A),摯,(U+646F),mainland_traditional;opencc_s2t;unihan_simplified;unihan_traditional,0,507
挥,(U+6325),揮,(U+63EE),mainland_traditional;opencc_s2t;unihan_simplified;unihan_traditional,0,8721
擞,(U+64DE),擻,(U+64FB),mainland_traditional;opencc_s2t;unihan_simplified;unihan_traditional,0,1767
擜,(U+64DC),㩵,(U+3A75),opencc_s2t;unihan_simplified;unihan_traditional,0,6
撺,(U+64BA),攛,(U+651B),mainland_traditional;opencc_s2t;unihan_simplified;unihan_traditional,0,664
撸,(U+64B8),擼,(U+64FC),mainland_traditional;opencc_s2t;unihan_simplified;unihan_traditional,0,3
撷,(U+64B7),擷,(U+64F7),mainland_traditional;opencc_s2t;unihan_simplified;unihan_traditional,0,437
撵,(U+64B5),攆,(U+6506),mainland_traditional;opencc_s2t;unihan_simplified;unihan_traditional,0,11
撄,(U+6484),攖,(U+6516),mainland_traditional;opencc_s2t;unihan_simplified;unihan_traditional,0,308
摊,(U+644A),攤,(U+6524),mainland_traditional;opencc_s2t;unihan_simplified;unihan_traditional,0,323
摈,(U+6448),擯,(U+64EF),mainland_traditional;opencc_s2t;unihan_simplified;unihan_traditional,0,7384
掷,(U+63B7),擲,(U+64F2),mainland_traditional;opencc_s2t;unihan_simplified;unihan_traditional,0,14356
摄,(U+6444),攝,(U+651D),mainland_traditional;opencc_s2t;unihan_simplified;unihan_traditional,0,204059
搅,(U+6405),攪,(U+652A),mainland_traditional;opencc_s2t;unihan_simplified;unihan_traditional,0,2206
搁,(U+6401),擱,(U+64F1),mainland_traditional;opencc_s2t;unihan_simplified;unihan_traditional,0,139
搀,(U+6400),攙,(U+6519),mainland_traditional;opencc_s2t;unihan_simplified;unihan_traditional,0,724
揿,(U+63FF),撳,(U+64B3),mainland_traditional;opencc_s2t;unihan_simplified;unihan_traditional,0,2
揾,(U+63FE),搵,(U+6435),opencc_s2t;unihan_simplified;unihan_traditional,0,365
揽,(U+63FD),攬,(U+652C),mainland_traditional;opencc_s2t;unihan_simplified;unihan_traditional,0,4499
掼,(U+63BC),摜,(U+645C),mainland_traditional;opencc_s2t;unihan_simplified;unihan_traditional,0,79
掺,(U+63BA),摻,(U+647B),mainland_traditional;opencc_s2t;unihan_simplified;unihan_traditional,0,136
掸,(U+63B8),撣,(U+64A3),mainland_traditional;opencc_s2t;unihan_simplified;unihan_traditional,0,109
摅,(U+6445),攄,(U+6504),mainland_traditional;opencc_s2t;unihan_simplified;unihan_traditional,0,335
𨸁,(U+28E01),𨳑,(U+28CD1),opencc_s2t;unihan_simplified;unihan_traditional,0,10
𨷿,(U+28DFF),䦳,(U+49B3),opencc_s2t;unihan_simplified;unihan_traditional,0,12
𨱕,(U+28C55),𨮂,(U+28B82),opencc_s2t;unihan_simplified;unihan_traditional,0,11
𨱔,(U+28C54),鐏,(U+940F),opencc_s2t;unihan_simplified;unihan_traditional,0,75
𨱓,(U+28C53),鐎,(U+940E),opencc_s2t;unihan_simplified;unihan_traditional,0,25
𨱒,(U+28C52),鏉,(U+93C9),opencc_s2t;unihan_simplified;unihan_traditional,0,1
𨱑,(U+28C51),鐄,(U+9404),opencc_s2t;unihan_simplified;unihan_traditional,0,52
𨱐,(U+28C50),𨫒,(U+28AD2),opencc_s2t;unihan_simplified;unihan_traditional,0,1
𨱏,(U+28C4F),鎝,(U+939D),opencc_s2t;unihan_simplified;unihan_traditional,0,10
躏,(U+8E8F),躪,(U+8EAA),mainland_traditional;opencc_s2t;unihan_simplified;unihan_traditional,0,119
𨱌,(U+28C4C),鏆,(U+93C6),opencc_s2t;unihan_simplified;unihan_traditional,0,3
𨱋,(U+28C4B),錂,(U+9302),opencc_s2t;unihan_simplified;unihan_traditional,0,5
𨱊,(U+28C4A),𨧱,(U+289F1),opencc_s2t;unihan_simplified;unihan_traditional,0,2
𨱈,(U+28C48),鋉,(U+92C9),opencc_s2t;unihan_simplified;unihan_traditional,0,2
𨱇,(U+28C47),銶,(U+92B6),opencc_s2t;unihan_simplified;unihan_traditional,0,19
𨱆,(U+28C46),龯,(U+9FAF),opencc_s2t;unihan_simplified;unihan_traditional,0,26
𨱅,(U+28C45),鉁,(U+9241),opencc_s2t;unihan_simplified;unihan_traditional,0,15
𨱄,(U+28C44),鈯,(U+922F),opencc_s2t;unihan_simplified;unihan_traditional,0,341
𨱃,(U+28C43),鈲,(U+9232),opencc_s2t;unihan_simplified;unihan_traditional,0,22
𨱎,(U+28C4E),鍮,(U+936E),opencc_s2t;unihan_simplified;unihan_traditional,0,943
𩠁,(U+29801),𩚵,(U+296B5),opencc_s2t;unihan_simplified;unihan_traditional,0,12
𩠀,(U+29800),𩚥,(U+296A5),opencc_s2t;unihan_simplified;unihan_traditional,0,7
𩟿,(U+297FF),𩚛,(U+2969B),opencc_s2t;unihan_simplified;unihan_traditional,0,14
𩙯,(U+2966F),䬝,(U+4B1D),opencc_s2t;unihan_simplified;unihan_traditional,0,3
𩙫,(U+2966B),颾,(U+98BE),opencc_s2t;unihan_simplified;unihan_traditional,0,15
𩙪,(U+2966A),颷,(U+98B7),opencc_s2t;unihan_simplified;unihan_traditional,0,126
𩙨,(U+29668),𩘹,(U+29639),opencc_s2t;unihan_simplified;unihan_traditional,0,1
𩙥,(U+29665),颰,(U+98B0),opencc_s2t;unihan_simplified;unihan_traditional,0,528
𩖗,(U+29597),䫴,(U+4AF4),opencc_s2t;unihan_simplified;unihan_traditional,0,5
𨸄,(U+28E04),䦘,(U+4998),opencc_s2t;unihan_simplified;unihan_traditional,0,17
𩖕,(U+29595),𩓣,(U+294E3),opencc_s2t;unihan_simplified;unihan_traditional,0,7
𩏿,(U+293FF),䪘,(U+4A98),opencc_s2t;unihan_simplified;unihan_traditional,0,2
𩏼,(U+293FC),䪏,(U+4A8F),opencc_s2t;unihan_simplified;unihan_traditional,0,2
𨸟,(U+28E1F),䧢,(U+49E2),opencc_s2t;unihan_simplified;unihan_traditional,0,26
𨸎,(U+28E0E),𨷲,(U+28DF2),opencc_s2t;unihan_simplified;unihan_traditional,0,137
𨸌,(U+28E0C),𨶮,(U+28DAE),opencc_s2t;unihan_simplified;unihan_traditional,0,33
𨸊,(U+28E0A),𨶏,(U+28D8F),opencc_s2t;unihan_simplified;unihan_traditional,0,2
𨸉,(U+28E09),𨶀,(U+28D80),opencc_s2t;unihan_simplified;unihan_traditional,0,2
𨸆,(U+28E06),𨵩,(U+28D69),opencc_s2t;unihan_simplified;unihan_traditional,0,5
𩖖,(U+29596),顃,(U+9843),opencc_s2t;unihan_simplified;unihan_traditional,0,10
𧑏,(U+2744F),蠾,(U+883E),opencc_s2t;unihan_simplified;unihan_traditional,0,8
𧏗,(U+273D7),蠀,(U+8800),opencc_s2t;unihan_simplified;unihan_traditional,0,4
𧏖,(U+273D6),蠙,(U+8819),opencc_s2t;unihan_simplified;unihan_traditional,0,37
𧈴,(U+27234),𫋧,(U+2B2E7),unihan_simplified;unihan_traditional,0,3
𦶟,(U+26D9F),爇,(U+7207),opencc_s2t,0,2314
𦴇,(U+26D07),𦾵,(U+26FB5),unihan_simplified;unihan_traditional,0,2
𦮜,(U+26B9C),𣂈,(U+23088),unihan_simplified;unihan_traditional,0,18
𦭬,(U+26B6C),𢄋,(U+2210B),unihan_simplified;unihan_traditional,0,9
𦬙,(U+26B19),𦿍,(U+26FCD),unihan_simplified;unihan_traditional,0,1
𨱂,(U+28C42),鈋,(U+920B),opencc_s2t;unihan_simplified;unihan_traditional,0,4
𦍠,(U+26360),䍽,(U+437D),opencc_s2t;unihan_simplified;unihan_traditional,0,30
𦈡,(U+26221),繻,(U+7E7B),opencc_s2t;unihan_simplified;unihan_traditional,0,87
𦈠,(U+26220),䌥,(U+4325),opencc_s2t;unihan_simplified;unihan_traditional,0,14
𦈟,(U+2621F),䌝,(U+431D),opencc_s2t;unihan_simplified;unihan_traditional,0,7
𦈞,(U+2621E),䌟,(U+431F),opencc_s2t;unihan_simplified;unihan_traditional,0,5
𦈝,(U+2621D),繏,(U+7E4F),opencc_s2t;unihan_simplified;unihan_traditional,0,6
𦈛,(U+2621B),繓,(U+7E53),opencc_s2t;unihan_simplified;unihan_traditional,0,22
𦈕,(U+26215),緰,(U+7DF0),opencc_s2t;unihan_simplified;unihan_traditional,0,32
𦈔,(U+26214),縎,(U+7E0E),opencc_s2t;unihan_simplified;unihan_traditional,0,23
𦝼,(U+2677C),膢,(U+81A2),opencc_s2t;unihan_simplified;unihan_traditional,0,135
𨱁,(U+28C41),鈠,(U+9220),opencc_s2t;unihan_simplified;unihan_traditional,0,13
𨰿,(U+28C3F),釳,(U+91F3),opencc_s2t;unihan_simplified;unihan_traditional,0,79
𨠨,(U+28828),𨣧,(U+288E7),opencc_s2t;unihan_simplified;unihan_traditional,0,8
𨐊,(U+2840A),𨏥,(U+283E5),opencc_s2t;unihan_simplified;unihan_traditional,0,6
𨐈,(U+28408),輄,(U+8F04),opencc_s2t;unihan_simplified;unihan_traditional,0,12
𨐅,(U+28405),軗,(U+8ED7),opencc_s2t;unihan_simplified;unihan_traditional,0,30
𨅬,(U+2816C),躝,(U+8E9D),opencc_s2t;unihan_simplified;unihan_traditional,0,9
𨂺,(U+280BA),𨈊,(U+2820A),opencc_s2t;unihan_simplified;unihan_traditional,0,1
𨀁,(U+28001),躘,(U+8E98),opencc_s2t;unihan_simplified;unihan_traditional,0,59
𧒭,(U+274AD),𧔥,(U+27525),opencc_s2t;unihan_simplified;unihan_traditional,0,4
𧿈,(U+27FC8),𨇁,(U+281C1),opencc_s2t;unihan_simplified;unihan_traditional,0,5
𧹕,(U+27E55),䝻,(U+477B),opencc_s2t;unihan_simplified;unihan_traditional,0,13
𧹔,(U+27E54),賬,(U+8CEC),opencc_s2t;unihan_simplified;unihan_traditional,0,274
𧹒,(U+27E52),買,(U+8CB7),opencc_s2t;unihan_simplified;unihan_traditional,0,10724
𧹑,(U+27E51),䞈,(U+4788),opencc_s2t;unihan_simplified;unihan_traditional,0,82
𧮪,(U+27BAA),詀,(U+8A40),opencc_s2t;unihan_simplified;unihan_traditional,0,81
𧥅,(U+27945),觽,(U+89FD),unihan_simplified;unihan_traditional,0,20
𧝝,(U+2775D),襰,(U+8970),opencc_s2t;unihan_simplified;unihan_traditional,0,3
𧜭,(U+2772D),䙱,(U+4671),opencc_s2t;unihan_simplified;unihan_traditional,0,7
𧿛,(U+27FDB),蹤,(U+8E64),unihan_simplified;unihan_traditional,0,8856
𪢌,(U+2A88C),㘓,(U+3613),opencc_s2t;unihan_simplified;unihan_traditional,0,120
𪡞,(U+2A85E),嘳,(U+5633),opencc_s2t;unihan_simplified;unihan_traditional,0,9
𪡛,(U+2A85B),㗿,(U+35FF),opencc_s2t;unihan_simplified;unihan_traditional,0,1
𪡏,(U+2A84F),嗹,(U+55F9),opencc_s2t;unihan_simplified;unihan_traditional,0,38
𪡋,(U+2A84B),噞,(U+565E),opencc_s2t;unihan_simplified;unihan_traditional,0,78
𪡃,(U+2A843),嘪,(U+562A),opencc_s2t;unihan_simplified;unihan_traditional,0,3
𪡀,(U+2A840),嘺,(U+563A),opencc_s2t;unihan_simplified;unihan_traditional,0,20
𪠽,(U+2A83D),噹,(U+5679),opencc_s2t;unihan_simplified;unihan_traditional,0,28
𪠸,(U+2A838),嚛,(U+569B),opencc_s2t;unihan_simplified;unihan_traditional,0,6
𩠂,(U+29802),𩛆,(U+296C6),opencc_s2t;unihan_simplified;unihan_traditional,0,4
𪠳,(U+2A833),唓,(U+5513),opencc_s2t;unihan_simplified;unihan_traditional,0,13
𪟝,(U+2A7DD),勣,(U+52E3),opencc_s2t;unihan_simplified;unihan_traditional,0,833
𪞝,(U+2A79D),凙,(U+51D9),opencc_s2t;unihan_simplified;unihan_traditional,0,25
𪜎,(U+2A70E),𠿕,(U+20FD5),opencc_s2t;unihan_simplified;unihan_traditional,0,9
𪛞,(U+2A6DE),𤪤,(U+24AA4),unihan_simplified;unihan_traditional,0,2
𪔭,(U+2A52D),𪔵,(U+2A535),opencc_s2t;unihan_simplified;unihan_traditional,0,4
𪎋,(U+2A38B),䴴,(U+4D34),opencc_s2t;unihan_simplified;unihan_traditional,0,5
𪎊,(U+2A38A),麨,(U+9EA8),opencc_s2t;unihan_simplified;unihan_traditional,0,71
𪎈,(U+2A388),䴬,(U+4D2C),opencc_s2t;unihan_simplified;unihan_traditional,0,54
𪠵,(U+2A835),㖮,(U+35AE),opencc_s2t;unihan_simplified;unihan_traditional,0,6
𪩷,(U+2AA77),幝,(U+5E5D),opencc_s2t,0,2
𪩛,(U+2AA5B),𡿖,(U+21FD6),opencc_s2t;unihan_simplified;unihan_traditional,0,2
𪩘,(U+2AA58),巘,(U+5DD8),opencc_s2t;unihan_simplified;unihan_traditional,0,933
𪨷,(U+2AA37),巗,(U+5DD7),opencc_s2t;unihan_simplified;unihan_traditional,0,496
𪨶,(U+2AA36),輋,(U+8F0B),opencc_s2t;unihan_simplified;unihan_traditional,0,1
𪨩,(U+2AA29),𡸗,(U+21E17),opencc_s2t;unihan_simplified;unihan_traditional,0,2
𪨧,(U+2AA27),崙,(U+5D19),opencc_s2t;unihan_simplified;unihan_traditional,0,3241
𪨗,(U+2AA17),屩,(U+5C69),opencc_s2t;unihan_simplified;unihan_traditional,0,396
𪨊,(U+2AA0A),㞞,(U+379E),opencc_s2t;unihan_simplified;unihan_traditional,0,1
𪢐,(U+2A890),𡃤,(U+210E4),opencc_s2t;unihan_simplified;unihan_traditional,0,164
𪧀,(U+2A9C0),孾,(U+5B7E),opencc_s2t;unihan_simplified;unihan_traditional,0,196
𪥿,(U+2A97F),嬻,(U+5B3B),opencc_s2t;unihan_simplified;unihan_traditional,0,52
𪥰,(U+2A970),嬣,(U+5B23),opencc_s2t;unihan_simplified;unihan_traditional,0,1
𪣻,(U+2A8FB),塿,(U+587F),opencc_s2t;unihan_simplified;unihan_traditional,0,139
𪣒,(U+2A8D2),堚,(U+581A),opencc_s2t;unihan_simplified;unihan_traditional,0,1
𪢮,(U+2A8AE),圞,(U+571E),opencc_s2t;unihan_simplified;unihan_traditional,0,506
𪢠,(U+2A8A0),囒,(U+56D2),opencc_s2t;unihan_simplified;unihan_traditional,0,180
𪢕,(U+2A895),嚽,(U+56BD),opencc_s2t;unihan_simplified;unihan_traditional,0,2
𪢒,(U+2A892),𡂡,(U+210A1),opencc_s2t;unihan_simplified;unihan_traditional,0,162
𪧘,(U+2A9D8),寠,(U+5BE0),opencc_s2t;unihan_simplified;unihan_traditional,0,203
𩨁,(U+29A01),䮞,(U+4B9E),opencc_s2t;unihan_simplified;unihan_traditional,0,2
𩨀,(U+29A00),騔,(U+9A14),opencc_s2t;unihan_simplified;unihan_traditional,0,1
𩧿,(U+299FF),䮠,(U+4BA0),opencc_s2t;unihan_simplified;unihan_traditional,0,4
𩧼,(U+299FC),𩣺,(U+298FA),opencc_s2t;unihan_simplified;unihan_traditional,0,89
𩧻,(U+299FB),𩣵,(U+298F5),opencc_s2t;unihan_simplified;unihan_traditional,0,1
𩧵,(U+299F5),𩢴,(U+298B4),opencc_s2t;unihan_simplified;unihan_traditional,0,3
𩧲,(U+299F2),駧,(U+99E7),opencc_s2t;unihan_simplified;unihan_traditional,0,7
𩧱,(U+299F1),𩥉,(U+29949),opencc_s2t;unihan_simplified;unihan_traditional,0,2
𩧯,(U+299EF),驋,(U+9A4B),opencc_s2t;unihan_simplified;unihan_traditional,0,2
𪉒,(U+2A252),𪄕,(U+2A115),opencc_s2t;unihan_simplified;unihan_traditional,0,4
𩧫,(U+299EB),駚,(U+99DA),opencc_s2t;unihan_simplified;unihan_traditional,0,82
𩧪,(U+299EA),䮾,(U+4BBE),opencc_s2t;unihan_simplified;unihan_traditional,0,7
𩧨,(U+299E8),駎,(U+99CE),opencc_s2t;unihan_simplified;unihan_traditional,0,5
𩡚,(U+2985A),𩡤,(U+29864),unihan_simplified;unihan_traditional,0,3
𩡖,(U+29856),𩡣,(U+29863),opencc_s2t;unihan_simplified;unihan_traditional,0,8
𩠊,(U+2980A),𩜵,(U+29735),opencc_s2t;unihan_simplified;unihan_traditional,0,1
𩠈,(U+29808),䭃,(U+4B43),opencc_s2t;unihan_simplified;unihan_traditional,0,13
𩠇,(U+29807),䭀,(U+4B40),opencc_s2t;unihan_simplified;unihan_traditional,0,2
𩠃,(U+29803),𩛩,(U+296E9),opencc_s2t;unihan_simplified;unihan_traditional,0,5
𩧭,(U+299ED),䭿,(U+4B7F),opencc_s2t;unihan_simplified;unihan_traditional,0,4
𪉑,(U+2A251),鷔,(U+9DD4),opencc_s2t;unihan_simplified;unihan_traditional,0,7
𪉍,(U+2A24D),鵚,(U+9D5A),opencc_s2t;unihan_simplified;unihan_traditional,0,19
𪉅,(U+2A245),𪀦,(U+2A026),opencc_s2t;unihan_simplified;unihan_traditional,0,2
𪉄,(U+2A244),𩿪,(U+29FEA),opencc_s2t;unihan_simplified;unihan_traditional,0,1
𪉃,(U+2A243),鳼,(U+9CFC),opencc_s2t;unihan_simplified;unihan_traditional,0,3
𪉂,(U+2A242),䲰,(U+4CB0),opencc_s2t;unihan_simplified;unihan_traditional,0,5
𩾎,(U+29F8E),𩽇,(U+29F47),opencc_s2t;unihan_simplified;unihan_traditional,0,2
𩾈,(U+29F88),䱙,(U+4C59),opencc_s2t;unihan_simplified;unihan_traditional,0,1
𩾄,(U+29F84),𩷰,(U+29DF0),opencc_s2t;unihan_simplified;unihan_traditional,0,2
𩨂,(U+29A02),驄,(U+9A44),opencc_s2t,0,132
𩽼,(U+29F7C),鯶,(U+9BF6),opencc_s2t;unihan_simplified;unihan_traditional,0,3
𩭹,(U+29B79),鬖,(U+9B16),opencc_s2t;unihan_simplified;unihan_traditional,0,37
𩬤,(U+29B24),𩰀,(U+29C00),opencc_s2t;unihan_simplified;unihan_traditional,0,2
𩨐,(U+29A10),𩧆,(U+299C6),opencc_s2t;unihan_simplified;unihan_traditional,0,1
𩨍,(U+29A0D),𩥇,(U+29947),opencc_s2t;unihan_simplified;unihan_traditional,0,149
𩨋,(U+29A0B),𩥄,(U+29944),opencc_s2t;unihan_simplified;unihan_traditional,0,6
𩨊,(U+29A0A),騚,(U+9A1A),opencc_s2t;unihan_simplified;unihan_traditional,0,1
𩨈,(U+29A08),騟,(U+9A1F),opencc_s2t;unihan_simplified;unihan_traditional,0,4
𩨇,(U+29A07),䮫,(U+4BAB),opencc_s2t;unihan_simplified;unihan_traditional,0,9
𩨄,(U+29A04),騪,(U+9A2A),opencc_s2t;unihan_simplified;unihan_traditional,0,2
𩾁,(U+29F81),鯄,(U+9BC4),opencc_s2t;unihan_simplified;unihan_traditional,0,1
鿰,(U+9FF0),𬉧,(U+2C267),unihan_simplified;unihan_traditional,0,1
鿎,(U+9FCE),䃮,(U+40EE),mainland_traditional;opencc_s2t;unihan_simplified;unihan_traditional,0,2
龟,(U+9F9F),龜,(U+9F9C),mainland_traditional;opencc_s2t;unihan_simplified;unihan_traditional,0,16234
龛,(U+9F9B),龕,(U+9F95),mainland_traditional;opencc_s2t;unihan_simplified;unihan_traditional,0,7203
龚,(U+9F9A),龔,(U+9F94),mainland_traditional;opencc_s2t;unihan_simplified;unihan_traditional,0,1231
龙,(U+9F99),龍,(U+9F8D),mainland_traditional;opencc_s2t;unihan_simplified;unihan_traditional,0,150700
龌,(U+9F8C),齷,(U+9F77),mainland_traditional;opencc_s2t;unihan_simplified;unihan_traditional,0,207
龋,(U+9F8B),齲,(U+9F72),mainland_traditional;opencc_s2t;unihan_simplified;unihan_traditional,0,204
龊,(U+9F8A),齪,(U+9F6A),mainland_traditional;opencc_s2t;unihan_simplified;unihan_traditional,0,300
𦈓,(U+26213),䋿,(U+42FF),opencc_s2t;unihan_simplified;unihan_traditional,0,15
龈,(U+9F88),齦,(U+9F66),mainland_traditional;opencc_s2t;unihan_simplified;unihan_traditional,0,70
龇,(U+9F87),齜,(U+9F5C),mainland_traditional;opencc_s2t;unihan_simplified;unihan_traditional,0,33
龆,(U+9F86),齠,(U+9F60),mainland_traditional;opencc_s2t;unihan_simplified;unihan_traditional,0,338
龄,(U+9F84),齡,(U+9F61),mainland_traditional;opencc_s2t;unihan_simplified;unihan_traditional,0,4743
龃,(U+9F83),齟,(U+9F5F),mainland_traditional;opencc_s2t;unihan_simplified;unihan_traditional,0,180
龂,(U+9F82),齗,(U+9F57),mainland_traditional;opencc_s2t;unihan_simplified;unihan_traditional,0,440
龁,(U+9F81),齕,(U+9F55),mainland_traditional;opencc_s2t;unihan_simplified;unihan_traditional,0,105
龀,(U+9F80),齔,(U+9F54),mainland_traditional;opencc_s2t;unihan_simplified;unihan_traditional,0,225
齿,(U+9F7F),齒,(U+9F52),mainland_traditional;opencc_s2t;unihan_simplified;unihan_traditional,0,14751
龉,(U+9F89),齬,(U+9F6C),mainland_traditional;opencc_s2t;unihan_simplified;unihan_traditional,0,149
𡶴,(U+21DB4),嵼,(U+5D7C),opencc_s2t;unihan_simplified;unihan_traditional,0,18
𡵝,(U+21D5D),嵸,(U+5D78),unihan_simplified;unihan_traditional,0,109
𡠟,(U+2181F),孎,(U+5B4E),opencc_s2t;unihan_simplified;unihan_traditional,0,8
𡞋,(U+2178B),㜗,(U+3717),opencc_s2t;unihan_simplified;unihan_traditional,0,5
𡝠,(U+21760),㜷,(U+3737),opencc_s2t;unihan_simplified;unihan_traditional,0,6
𠵸,(U+20D78),𡄣,(U+21123),opencc_s2t;unihan_simplified;unihan_traditional,0,666
𠱞,(U+20C5E),囃,(U+56C3),opencc_s2t;unihan_simplified;unihan_traditional,0,2
𠰷,(U+20C37),嚧,(U+56A7),opencc_s2t;unihan_simplified;unihan_traditional,0,2620
𠰱,(U+20C31),㘉,(U+3609),opencc_s2t,0,10
鿺,(U+9FFA),𪄳,(U+2A133),unihan_simplified;unihan_traditional,0,1
𠯟,(U+20BDF),哯,(U+54EF),opencc_s2t;unihan_simplified;unihan_traditional,0,38
𠬤,(U+20B24),睪,(U+776A),unihan_simplified;unihan_traditional,0,241
𠛅,(U+206C5),剾,(U+527E),opencc_s2t;unihan_simplified;unihan_traditional,0,20
𠚳,(U+206B3),𠠎,(U+2080E),opencc_s2t;unihan_simplified;unihan_traditional,0,14
𠋆,(U+202C6),儭,(U+512D),opencc_s2t,0,335
𠉂,(U+20242),㒓,(U+3493),opencc_s2t;unihan_simplified;unihan_traditional,0,31
𠇐,(U+201D0),㒜,(U+349C),unihan_simplified;unihan_traditional,0,10
𠆿,(U+201BF),𠌥,(U+20325),opencc_s2t;unihan_simplified;unihan_traditional,0,24
𠃓,(U+200D3),昜,(U+661C),unihan_simplified;unihan_traditional,0,160
𠯠,(U+20BE0),噅,(U+5645),opencc_s2t;unihan_simplified;unihan_traditional,0,13
鹩,(U+9E69),鷯,(U+9DEF),mainland_traditional;opencc_s2t;unihan_simplified;unihan_traditional,0,140
鹨,(U+9E68),鷚,(U+9DDA),mainland_traditional;opencc_s2t;unihan_simplified;unihan_traditional,0,13
鹧,(U+9E67),鷓,(U+9DD3),mainland_traditional;opencc_s2t;unihan_simplified;unihan_traditional,0,915
鹦,(U+9E66),鸚,(U+9E1A),mainland_traditional;opencc_s2t;unihan_simplified;unihan_traditional,0,2698
鹥,(U+9E65),鷖,(U+9DD6),opencc_s2t;unihan_simplified;unihan_traditional,0,91
鹤,(U+9E64),鶴,(U+9DB4),mainland_traditional;opencc_s2t;unihan_simplified;unihan_traditional,0,8869
鹣,(U+9E63),鶼,(U+9DBC),mainland_traditional;opencc_s2t;unihan_simplified;unihan_traditional,0,20
鹢,(U+9E62),鷁,(U+9DC1),mainland_traditional;opencc_s2t;unihan_simplified;unihan_traditional,0,134
鹡,(U+9E61),鶺,(U+9DBA),mainland_traditional;opencc_s2t;unihan_simplified;unihan_traditional,0,75
齑,(U+9F51),齏,(U+9F4F),mainland_traditional;opencc_s2t;unihan_simplified;unihan_traditional,0,145
鹞,(U+9E5E),鷂,(U+9DC2),mainland_traditional;opencc_s2t;unihan_simplified;unihan_traditional,0,1207
鹝,(U+9E5D),鷊,(U+9DCA),mainland_traditional;opencc_s2t;unihan_simplified;unihan_traditional,0,7
鹜,(U+9E5C),鶩,(U+9DA9),mainland_traditional;opencc_s2t;unihan_simplified;unihan_traditional,0,529
鹛,(U+9E5B),鶥,(U+9DA5),mainland_traditional;opencc_s2t;unihan_simplified;unihan_traditional,0,2
鹚,(U+9E5A),鷀,(U+9DC0),mainland_traditional;opencc_s2t;unihan_simplified;unihan_traditional,0,13
鹙,(U+9E59),鶖,(U+9D96),mainland_traditional;opencc_s2t;unihan_simplified;unihan_traditional,0,1580
鹘,(U+9E58),鶻,(U+9DBB),mainland_traditional;opencc_s2t;unihan_simplified;unihan_traditional,0,1523
鹗,(U+9E57),鶚,(U+9D9A),mainland_traditional;opencc_s2t;unihan_simplified;unihan_traditional,0,396
鹖,(U+9E56),鶡,(U+9DA1),mainland_traditional;opencc_s2t;unihan_simplified;unihan_traditional,0,165
鹠,(U+9E60),鶹,(U+9DB9),mainland_traditional;opencc_s2t;unihan_simplified;unihan_traditional,0,308
齐,(U+9F50),齊,(U+9F4A),mainland_traditional;opencc_s2t;unihan_simplified;unihan_traditional,0,81289
鼍,(U+9F0D),鼉,(U+9F09),mainland_traditional;opencc_s2t;unihan_simplified;unihan_traditional,0,608
鼌,(U+9F0C),鼂,(U+9F02),opencc_s2t;unihan_simplified;unihan_traditional,0,132
鼋,(U+9F0B),黿,(U+9EFF),mainland_traditional;opencc_s2t;unihan_simplified;unihan_traditional,0,561
黾,(U+9EFE),黽,(U+9EFD),mainland_traditional;opencc_s2t;unihan_simplified;unihan_traditional,0,417
黪,(U+9EEA),黲,(U+9EF2),mainland_traditional;opencc_s2t;unihan_simplified;unihan_traditional,0,106
黩,(U+9EE9),黷,(U+9EF7),mainland_traditional;opencc_s2t;unihan_simplified;unihan_traditional,0,685
黡,(U+9EE1),黶,(U+9EF6),mainland_traditional;opencc_s2t;unihan_simplified;unihan_traditional,0,326
黉,(U+9EC9),黌,(U+9ECC),mainland_traditional;opencc_s2t;unihan_simplified;unihan_traditional,0,171
鹪,(U+9E6A),鷦,(U+9DE6),mainland_traditional;opencc_s2t;unihan_simplified;unihan_traditional,0,165
麸,(U+9EB8),麩,(U+9EA9),mainland_traditional;opencc_s2t;unihan_simplified;unihan_traditional,0,1173
鹾,(U+9E7E),鹺,(U+9E7A),mainland_traditional;opencc_s2t;unihan_simplified;unihan_traditional,0,49
鹴,(U+9E74),鸘,(U+9E18),mainland_traditional;opencc_s2t;unihan_simplified;unihan_traditional,0,5
鹳,(U+9E73),鸛,(U+9E1B),mainland_traditional;opencc_s2t;unihan_simplified;unihan_traditional,0,221
鹰,(U+9E70),鷹,(U+9DF9),mainland_traditional;opencc_s2t;unihan_simplified;unihan_traditional,0,3448
鹯,(U+9E6F),鸇,(U+9E07),mainland_traditional;opencc_s2t;unihan_simplified;unihan_traditional,0,162
鹮,(U+9E6E),䴉,(U+4D09),mainland_traditional;opencc_s2t;unihan_simplified;unihan_traditional,0,1
鹭,(U+9E6D),鷺,(U+9DFA),mainland_traditional;opencc_s2t;unihan_simplified;unihan_traditional,0,2072
鹬,(U+9E6C),鷸,(U+9DF8),mainland_traditional;opencc_s2t;unihan_simplified;unihan_traditional,0,130
鹫,(U+9E6B),鷲,(U+9DF2),mainland_traditional;opencc_s2t;unihan_simplified;unihan_traditional,0,6029
麹,(U+9EB9),麴,(U+9EB4),mainland_traditional;opencc_s2t;unihan_simplified;unihan_traditional,0,669
𤻊,(U+24ECA),㿗,(U+3FD7),opencc_s2t;unihan_simplified;unihan_traditional,0,7
𤶧,(U+24DA7),𤸫,(U+24E2B),opencc_s2t;unihan_simplified;unihan_traditional,0,1
𤶊,(U+24D8A),癐,(U+7650),opencc_s2t;unihan_simplified;unihan_traditional,0,2
𤩽,(U+24A7D),瓛,(U+74DB),opencc_s2t;unihan_simplified;unihan_traditional,0,324
𤦀,(U+24980),瓕,(U+74D5),opencc_s2t;unihan_simplified;unihan_traditional,0,1
𤞤,(U+247A4),玁,(U+7381),opencc_s2t;unihan_simplified;unihan_traditional,0,65
𤞃,(U+24783),獩,(U+7369),opencc_s2t;unihan_simplified;unihan_traditional,0,9
𤝢,(U+24762),𤢟,(U+2489F),opencc_s2t;unihan_simplified;unihan_traditional,0,13
𤋏,(U+242CF),熡,(U+71A1),opencc_s2t;unihan_simplified;unihan_traditional,0,3
𡸃,(U+21E03),𡽗,(U+21F57),opencc_s2t;unihan_simplified;unihan_traditional,0,19
𤈶,(U+24236),熉,(U+7189),opencc_s2t;unihan_simplified;unihan_traditional,0,11
𤇻,(U+241FB),𭶙,(U+2DD99),unihan_simplified;unihan_traditional,0,1
𤇹,(U+241F9),熚,(U+719A),opencc_s2t,0,41
𤇭,(U+241ED),爖,(U+7216),opencc_s2t;unihan_simplified;unihan_traditional,0,2
𤇄,(U+241C4),熌,(U+718C),opencc_s2t;unihan_simplified;unihan_traditional,0,10
𤇃,(U+241C3),爄,(U+7204),opencc_s2t;unihan_simplified;unihan_traditional,0,1
𣽷,(U+23F77),瀃,(U+7003),opencc_s2t;unihan_simplified;unihan_traditional,0,20
𣺼,(U+23EBC),灙,(U+7059),opencc_s2t;unihan_simplified;unihan_traditional,0,6
𣸣,(U+23E23),濆,(U+6FC6),opencc_s2t;unihan_simplified;unihan_traditional,0,174
𤈷,(U+24237),㷿,(U+3DFF),opencc_s2t;unihan_simplified;unihan_traditional,0,357
𦈒,(U+26212),𦂅,(U+26085),opencc_s2t;unihan_simplified;unihan_traditional,0,8
𦈐,(U+26210),縺,(U+7E3A),opencc_s2t;unihan_simplified;unihan_traditional,0,104
𦈏,(U+2620F),緍,(U+7DCD),opencc_s2t;unihan_simplified;unihan_traditional,0,65
𦈎,(U+2620E),繟,(U+7E5F),opencc_s2t;unihan_simplified;unihan_traditional,0,11
𦈌,(U+2620C),綀,(U+7D80),opencc_s2t;unihan_simplified;unihan_traditional,0,57
𦈉,(U+26209),緷,(U+7DF7),opencc_s2t;unihan_simplified;unihan_traditional,0,3
𦈈,(U+26208),𥿊,(U+25FCA),opencc_s2t;unihan_simplified;unihan_traditional,0,1
𥹥,(U+25E65),𥼽,(U+25F3D),opencc_s2t;unihan_simplified;unihan_traditional,0,1
𥱔,(U+25C54),𥵃,(U+25D43),opencc_s2t;unihan_simplified;unihan_traditional,0,4
𥅴,(U+25174),䀹,(U+4039),opencc_s2t;unihan_simplified;unihan_traditional,0,68
𥬠,(U+25B20),篘,(U+7BD8),opencc_s2t;unihan_simplified;unihan_traditional,0,2
𥬞,(U+25B1E),籋,(U+7C4B),opencc_s2t;unihan_simplified;unihan_traditional,0,16
𥬈,(U+25B08),篵,(U+7BF5),unihan_simplified;unihan_traditional,0,9
𥫣,(U+25AE3),籅,(U+7C45),opencc_s2t,0,1
𥟂,(U+257C2),䅘,(U+4158),unihan_simplified;unihan_traditional,0,11
𥐰,(U+25430),𥕥,(U+25565),opencc_s2t;unihan_simplified;unihan_traditional,0,2
𥎝,(U+2539D),䂎,(U+408E),opencc_s2t;unihan_simplified;unihan_traditional,0,189
𥇢,(U+251E2),䁪,(U+406A),opencc_s2t;unihan_simplified;unihan_traditional,0,1
𥆧,(U+251A7),瞤,(U+77A4),opencc_s2t;unihan_simplified;unihan_traditional,0,161
𥮾,(U+25BBE),篸,(U+7BF8),opencc_s2t;unihan_simplified;unihan_traditional,0,68
𢭏,(U+22B4F),擣,(U+64E3),opencc_s2t;unihan_simplified;unihan_traditional,0,1437
𢬍,(U+22B0D),擫,(U+64EB),opencc_s2t;unihan_simplified;unihan_traditional,0,7
𢫬,(U+22AEC),摋,(U+644B),opencc_s2t;unihan_simplified;unihan_traditional,0,36
𢫞,(U+22ADE),𢶫,(U+22DAB),opencc_s2t;unihan_simplified;unihan_traditional,0,2
𢫘,(U+22AD8),攎,(U+650E),unihan_simplified;unihan_traditional,0,101
𢪗,(U+22A97),𢷏,(U+22DCF),unihan_simplified;unihan_traditional,0,60
𢪓,(U+22A93),擧,(U+64E7),unihan_simplified;unihan_traditional,0,308
𢢐,(U+22890),𤢻,(U+248BB),opencc_s2t,0,1
𢠁,(U+22801),懎,(U+61CE),opencc_s2t,0,43
𣶩,(U+23DA9),澅,(U+6F85),opencc_s2t;unihan_simplified;unihan_traditional,0,3
𢛯,(U+226EF),㦎,(U+398E),opencc_s2t;unihan_simplified;unihan_traditional,0,36
𢙓,(U+22653),懀,(U+61C0),opencc_s2t;unihan_simplified;unihan_traditional,0,74
𢙒,(U+22652),憢,(U+61A2),opencc_s2t;unihan_simplified;unihan_traditional,0,14
𢙐,(U+22650),憹,(U+61B9),opencc_s2t;unihan_simplified;unihan_traditional,0,131
𢙏,(U+2264F),愻,(U+613B),opencc_s2t,0,240
𢘙,(U+22619),𢤱,(U+22931),opencc_s2t;unihan_simplified;unihan_traditional,0,320
𢋈,(U+222C8),㢝,(U+389D),opencc_s2t;unihan_simplified;unihan_traditional,0,4
𢀖,(U+22016),巠,(U+5DE0),unihan_simplified;unihan_traditional,0,95
𡺃,(U+21E83),嶈,(U+5D88),opencc_s2t;unihan_simplified;unihan_traditional,0,9
𢟼,(U+227FC),懜,(U+61DC),unihan_simplified;unihan_traditional,0,26
𣲘,(U+23C98),潕,(U+6F55),opencc_s2t;unihan_simplified;unihan_traditional,0,11
𣲗,(U+23C97),湋,(U+6E4B),opencc_s2t;unihan_simplified;unihan_traditional,0,34
𣯣,(U+23BE3),𣯩,(U+23BE9),opencc_s2t;unihan_simplified;unihan_traditional,0,2
𣨼,(U+23A3C),殢,(U+6BA2),opencc_s2t;unihan_simplified;unihan_traditional,0,67
𣞎,(U+2378E),𣠩,(U+23829),opencc_s2t;unihan_simplified;unihan_traditional,0,3
𣘷,(U+23637),𣝕,(U+23755),opencc_s2t;unihan_simplified;unihan_traditional,0,18
𣘓,(U+23613),𣞻,(U+237BB),opencc_s2t;unihan_simplified;unihan_traditional,0,5
𣘐,(U+23610),㯤,(U+3BE4),opencc_s2t;unihan_simplified;unihan_traditional,0,4
𣗋,(U+235CB),欓,(U+6B13),opencc_s2t;unihan_simplified;unihan_traditional,0,41
𢽾,(U+22F7E),斅,(U+6585),opencc_s2t;unihan_simplified;unihan_traditional,0,165
𣔌,(U+2350C),樤,(U+6A24),opencc_s2t,0,18
𣓿,(U+234FF),橯,(U+6A6F),opencc_s2t;unihan_simplified;unihan_traditional,0,11
𣒌,(U+2348C),楇,(U+6947),opencc_s2t;unihan_simplified;unihan_traditional,0,7
𣑝,(U+2345D),檲,(U+6AB2),unihan_simplified;unihan_traditional,0,1
𣐕,(U+23415),桱,(U+6871),opencc_s2t;unihan_simplified;unihan_traditional,0,4
𣏢,(U+233E2),槫,(U+69EB),opencc_s2t;unihan_simplified;unihan_traditional,0,22
𣎑,(U+23391),臗,(U+81D7),opencc_s2t;unihan_simplified;unihan_traditional,0,219
𣍰,(U+23370),脥,(U+8125),opencc_s2t;unihan_simplified;unihan_traditional,0,13
𣍯,(U+2336F),腪,(U+816A),opencc_s2t;unihan_simplified;unihan_traditional,0,50
𣆐,(U+23190),曥,(U+66E5),opencc_s2t;unihan_simplified;unihan_traditional,0,4
𣗊,(U+235CA),樠,(U+6A20),opencc_s2t;unihan_simplified;unihan_traditional,0,36
𫔰,(U+2B530),閞,(U+959E),opencc_s2t;unihan_simplified;unihan_traditional,0,236
𫔯,(U+2B52F),閗,(U+9597),opencc_s2t;unihan_simplified;unihan_traditional,0,19
𫔮,(U+2B52E),閒,(U+9592),opencc_s2t,0,23395
𫔭,(U+2B52D),開,(U+958B),opencc_s2t;unihan_simplified;unihan_traditional,0,239029
𫔔,(U+2B514),鑴,(U+9474),opencc_s2t;unihan_simplified;unihan_traditional,0,87
𫔎,(U+2B50E),鐍,(U+940D),opencc_s2t;unihan_simplified;unihan_traditional,0,114
𫔍,(U+2B50D),鐇,(U+9407),opencc_s2t;unihan_simplified;unihan_traditional,0,44
𫔌,(U+2B50C),鏾,(U+93FE),opencc_s2t;unihan_simplified;unihan_traditional,0,2
𫔉,(U+2B509),𨰃,(U+28C03),opencc_s2t;unihan_simplified;unihan_traditional,0,3
𪩸,(U+2AA78),幩,(U+5E69),opencc_s2t;unihan_simplified;unihan_traditional,0,11
𫔇,(U+2B507),鎞,(U+939E),opencc_s2t;unihan_simplified;unihan_traditional,0,210
𫔆,(U+2B506),䥯,(U+496F),opencc_s2t;unihan_simplified;unihan_traditional,0,1
𫔅,(U+2B505),鎍,(U+938D),opencc_s2t;unihan_simplified;unihan_traditional,0,2
𫔄,(U+2B504),鍒,(U+9352),opencc_s2t;unihan_simplified;unihan_traditional,0,3
𫔂,(U+2B502),鍉,(U+9349),opencc_s2t;unihan_simplified;unihan_traditional,0,47
𫔁,(U+2B501),鐼,(U+943C),opencc_s2t;unihan_simplified;unihan_traditional,0,106
𫔀,(U+2B500),鍊,(U+934A),opencc_s2t;unihan_simplified;unihan_traditional,0,5599
𫓾,(U+2B4FE),錥,(U+9325),opencc_s2t;unihan_simplified;unihan_traditional,0,23
𫓽,(U+2B4FD),錝,(U+931D),opencc_s2t;unihan_simplified;unihan_traditional,0,2
𫔈,(U+2B508),鎙,(U+9399),opencc_s2t;unihan_simplified;unihan_traditional,0,14
𫖸,(U+2B5B8),願,(U+9858),opencc_s2t;unihan_simplified;unihan_traditional,0,221009
𫖳,(U+2B5B3),頵,(U+9835),opencc_s2t;unihan_simplified;unihan_traditional,0,367
𫖱,(U+2B5B1),䫀,(U+4AC0),opencc_s2t;unihan_simplified;unihan_traditional,0,3
𫖰,(U+2B5B0),䫂,(U+4AC2),opencc_s2t;unihan_simplified;unihan_traditional,0,237
𫖯,(U+2B5AF),頫,(U+982B),opencc_s2t;unihan_simplified;unihan_traditional,0,347
𫖮,(U+2B5AE),顗,(U+9857),opencc_s2t;unihan_simplified;unihan_traditional,0,2856
𫖭,(U+2B5AD),𩒎,(U+2948E),opencc_s2t;unihan_simplified;unihan_traditional,0,2
𫖫,(U+2B5AB),䪴,(U+4AB4),opencc_s2t;unihan_simplified;unihan_traditional,0,2
𫖪,(U+2B5AA),𩑔,(U+29454),opencc_s2t;unihan_simplified;unihan_traditional,0,60
𫔴,(U+2B534),閵,(U+95B5),opencc_s2t;unihan_simplified;unihan_traditional,0,26
𫖕,(U+2B595),韝,(U+97DD),opencc_s2t;unihan_simplified;unihan_traditional,0,315
𫖔,(U+2B594),韛,(U+97DB),opencc_s2t;unihan_simplified;unihan_traditional,0,278
𫖓,(U+2B593),𩏂,(U+293C2),opencc_s2t;unihan_simplified;unihan_traditional,0,1
𫖒,(U+2B592),韠,(U+97E0),opencc_s2t;unihan_simplified;unihan_traditional,0,17
𫖇,(U+2B587),鞾,(U+97BE),opencc_s2t;unihan_simplified;unihan_traditional,0,198
𫖅,(U+2B585),䪊,(U+4A8A),opencc_s2t;unihan_simplified;unihan_traditional,0,1
𫖃,(U+2B583),靧,(U+9767),opencc_s2t;unihan_simplified;unihan_traditional,0,21
𫕥,(U+2B565),霣,(U+9723),opencc_s2t;unihan_simplified;unihan_traditional,0,110
𫔶,(U+2B536),闑,(U+95D1),opencc_s2t;unihan_simplified;unihan_traditional,0,91
𫖖,(U+2B596),𩏠,(U+293E0),opencc_s2t;unihan_simplified;unihan_traditional,0,2
𫐙,(U+2B419),轠,(U+8F60),opencc_s2t;unihan_simplified;unihan_traditional,0,11
𫐘,(U+2B418),轗,(U+8F57),opencc_s2t;unihan_simplified;unihan_traditional,0,83
𫐗,(U+2B417),轐,(U+8F50),opencc_s2t;unihan_simplified;unihan_traditional,0,3
𫐖,(U+2B416),轇,(U+8F47),opencc_s2t;unihan_simplified;unihan_traditional,0,50
𫐕,(U+2B415),轊,(U+8F4A),opencc_s2t;unihan_simplified;unihan_traditional,0,11
𫐔,(U+2B414),𨍰,(U+28370),opencc_s2t;unihan_simplified;unihan_traditional,0,1
𫐓,(U+2B413),輮,(U+8F2E),opencc_s2t;unihan_simplified;unihan_traditional,0,12
𫐒,(U+2B412),輷,(U+8F37),opencc_s2t;unihan_simplified;unihan_traditional,0,15
𫐑,(U+2B411),輨,(U+8F28),opencc_s2t;unihan_simplified;unihan_traditional,0,18
𫓺,(U+2B4FA),鐪,(U+942A),opencc_s2t;unihan_simplified;unihan_traditional,0,1
𫐏,(U+2B40F),輖,(U+8F16),opencc_s2t;unihan_simplified;unihan_traditional,0,1
𫐎,(U+2B40E),輢,(U+8F22),opencc_s2t;unihan_simplified;unihan_traditional,0,5
𫐍,(U+2B40D),𨌈,(U+28308),opencc_s2t;unihan_simplified;unihan_traditional,0,8
𫐌,(U+2B40C),軿,(U+8EFF),opencc_s2t;unihan_simplified;unihan_traditional,0,278
𫐊,(U+2B40A),軬,(U+8EEC),opencc_s2t;unihan_simplified;unihan_traditional,0,67
𫐉,(U+2B409),軨,(U+8EE8),opencc_s2t;unihan_simplified;unihan_traditional,0,90
𫐈,(U+2B408),軷,(U+8EF7),opencc_s2t;unihan_simplified;unihan_traditional,0,49
𫐇,(U+2B407),軜,(U+8EDC),opencc_s2t;unihan_simplified;unihan_traditional,0,2
𫐆,(U+2B406),轣,(U+8F63),opencc_s2t;unihan_simplified;unihan_traditional,0,12
𫐐,(U+2B410),輗,(U+8F17),opencc_s2t;unihan_simplified;unihan_traditional,0,46
𫓹,(U+2B4F9),錤,(U+9324),opencc_s2t;unihan_simplified;unihan_traditional,0,19
𫓸,(U+2B4F8),錽,(U+933D),opencc_s2t;unihan_simplified;unihan_traditional,0,19
𫓶,(U+2B4F6),鋗,(U+92D7),opencc_s2t;unihan_simplified;unihan_traditional,0,50
𫓴,(U+2B4F4),鉾,(U+927E),opencc_s2t;unihan_simplified;unihan_traditional,0,690
𫓲,(U+2B4F2),銁,(U+9281),opencc_s2t;unihan_simplified;unihan_traditional,0,2
𫓱,(U+2B4F1),鐈,(U+9408),opencc_s2t;unihan_simplified;unihan_traditional,0,14
𫓰,(U+2B4F0),銊,(U+928A),opencc_s2t;unihan_simplified;unihan_traditional,0,12
𫓯,(U+2B4EF),銈,(U+9288),opencc_s2t;unihan_simplified;unihan_traditional,0,1
𫓮,(U+2B4EE),𨪕,(U+28A95),opencc_s2t;unihan_simplified;unihan_traditional,0,1
𫐷,(U+2B437),遱,(U+9071),opencc_s2t;unihan_simplified;unihan_traditional,0,8
𫓬,(U+2B4EC),鉔,(U+9254),opencc_s2t;unihan_simplified;unihan_traditional,0,6
𫓪,(U+2B4EA),鈆,(U+9206),opencc_s2t;unihan_simplified;unihan_traditional,0,240
𫓩,(U+2B4E9),鏦,(U+93E6),opencc_s2t;unihan_simplified;unihan_traditional,0,70
𫓨,(U+2B4E8),鈛,(U+921B),opencc_s2t;unihan_simplified;unihan_traditional,0,7
𫓧,(U+2B4E7),鈇,(U+9207),opencc_s2t;unihan_simplified;unihan_traditional,0,283
𫓦,(U+2B4E6),釨,(U+91E8),opencc_s2t;unihan_simplified;unihan_traditional,0,4
𫑷,(U+2B477),醶,(U+91B6),opencc_s2t;unihan_simplified;unihan_traditional,0,2
𫑡,(U+2B461),鄳,(U+9133),opencc_s2t;unihan_simplified;unihan_traditional,0,23
𫑘,(U+2B458),鄟,(U+911F),opencc_s2t;unihan_simplified;unihan_traditional,0,6
𫓭,(U+2B4ED),鉠,(U+9260),opencc_s2t;unihan_simplified;unihan_traditional,0,32
𫛝,(U+2B6DD),鴅,(U+9D05),opencc_s2t;unihan_simplified;unihan_traditional,0,7
𫛜,(U+2B6DC),鴀,(U+9D00),opencc_s2t;unihan_simplified;unihan_traditional,0,5
𫛛,(U+2B6DB),鳷,(U+9CF7),opencc_s2t;unihan_simplified;unihan_traditional,0,12
𫛚,(U+2B6DA),鳽,(U+9CFD),opencc_s2t;unihan_simplified;unihan_traditional,0,11
𫚭,(U+2B6AD),鱲,(U+9C72),opencc_s2t;unihan_simplified;unihan_traditional,0,1
𫚫,(U+2B6AB),鱢,(U+9C62),opencc_s2t;unihan_simplified;unihan_traditional,0,9
𫚧,(U+2B6A7),鰽,(U+9C3D),opencc_s2t;unihan_simplified;unihan_traditional,0,1
𫚦,(U+2B6A6),鰫,(U+9C2B),opencc_s2t;unihan_simplified;unihan_traditional,0,4
𫚥,(U+2B6A5),鰕,(U+9C15),opencc_s2t;unihan_simplified;unihan_traditional,0,393
𫖹,(U+2B5B9),顣,(U+9863),opencc_s2t;unihan_simplified;unihan_traditional,0,30
𫚞,(U+2B69E),鯬,(U+9BEC),opencc_s2t;unihan_simplified;unihan_traditional,0,16
𫚝,(U+2B69D),𩸄,(U+29E04),opencc_s2t;unihan_simplified;unihan_traditional,0,5
𫚛,(U+2B69B),鮵,(U+9BB5),opencc_s2t;unihan_simplified;unihan_traditional,0,1
𫚚,(U+2B69A),鮿,(U+9BBF),opencc_s2t;unihan_simplified;unihan_traditional,0,4
𫚙,(U+2B699),鯆,(U+9BC6),opencc_s2t;unihan_simplified;unihan_traditional,0,2
𫚖,(U+2B696),鮆,(U+9B86),opencc_s2t;unihan_simplified;unihan_traditional,0,9
𫚓,(U+2B693),鮤,(U+9BA4),opencc_s2t;unihan_simplified;unihan_traditional,0,1
𫚒,(U+2B692),鮄,(U+9B84),opencc_s2t;unihan_simplified;unihan_traditional,0,1
𫚍,(U+2B68D),魵,(U+9B75),opencc_s2t;unihan_simplified;unihan_traditional,0,3
𫚢,(U+2B6A2),鰋,(U+9C0B),opencc_s2t;unihan_simplified;unihan_traditional,0,5
𫜀,(U+2B700),鷐,(U+9DD0),opencc_s2t;unihan_simplified;unihan_traditional,0,3
𫛽,(U+2B6FD),鷅,(U+9DC5),opencc_s2t;unihan_simplified;unihan_traditional,0,2
𫛸,(U+2B6F8),鶗,(U+9D97),opencc_s2t;unihan_simplified;unihan_traditional,0,35
𫛷,(U+2B6F7),鶦,(U+9DA6),opencc_s2t;unihan_simplified;unihan_traditional,0,1
𫛶,(U+2B6F6),鶒,(U+9D92),opencc_s2t;unihan_simplified;unihan_traditional,0,7
𫛴,(U+2B6F4),鷤,(U+9DE4),opencc_s2t;unihan_simplified;unihan_traditional,0,10
𫛳,(U+2B6F3),鵩,(U+9D69),opencc_s2t;unihan_simplified;unihan_traditional,0,21
𫛲,(U+2B6F2),鵰,(U+9D70),opencc_s2t;unihan_simplified;unihan_traditional,0,848
𫛱,(U+2B6F1),鵫,(U+9D6B),opencc_s2t;unihan_simplified;unihan_traditional,0,11
𫛞,(U+2B6DE),鴃,(U+9D03),opencc_s2t;unihan_simplified;unihan_traditional,0,16
𫛯,(U+2B6EF),鶭,(U+9DAD),opencc_s2t;unihan_simplified;unihan_traditional,0,2
𫛬,(U+2B6EC),䳜,(U+4CDC),opencc_s2t;unihan_simplified;unihan_traditional,0,4
𫛪,(U+2B6EA),鴽,(U+9D3D),opencc_s2t;unihan_simplified;unihan_traditional,0,13
𫛩,(U+2B6E9),鴳,(U+9D33),opencc_s2t;unihan_simplified;unihan_traditional,0,65
𫛨,(U+2B6E8),鵧,(U+9D67),opencc_s2t;unihan_simplified;unihan_traditional,0,1
𫛧,(U+2B6E7),𪀖,(U+2A016),opencc_s2t;unihan_simplified;unihan_traditional,0,1
𫛥,(U+2B6E5),鵊,(U+9D4A),opencc_s2t;unihan_simplified;unihan_traditional,0,9
𫛤,(U+2B6E4),鴐,(U+9D10),opencc_s2t;unihan_simplified;unihan_traditional,0,21
𫛟,(U+2B6DF),鸗,(U+9E17),opencc_s2t;unihan_simplified;unihan_traditional,0,4
𫛰,(U+2B6F0),䳢,(U+4CE2),opencc_s2t;unihan_simplified;unihan_traditional,0,11
𫗴,(U+2B5F4),饘,(U+9958),opencc_s2t;unihan_simplified;unihan_traditional,0,172
𫗱,(U+2B5F1),䭑,(U+4B51),opencc_s2t;unihan_simplified;unihan_traditional,0,6
𫗰,(U+2B5F0),䭔,(U+4B54),opencc_s2t;unihan_simplified;unihan_traditional,0,278
𫗯,(U+2B5EF),餱,(U+9931),opencc_s2t;unihan_simplified;unihan_traditional,0,90
𫗮,(U+2B5EE),餭,(U+992D),opencc_s2t;unihan_simplified;unihan_traditional,0,2
𫗭,(U+2B5ED),餵,(U+9935),opencc_s2t;unihan_simplified;unihan_traditional,0,177
𫗫,(U+2B5EB),餬,(U+992C),opencc_s2t;unihan_simplified;unihan_traditional,0,776
𫗪,(U+2B5EA),餧,(U+9927),opencc_s2t;unihan_simplified;unihan_traditional,0,826
𫗩,(U+2B5E9),饠,(U+9960),opencc_s2t;unihan_simplified;unihan_traditional,0,50
𫚌,(U+2B68C),魦,(U+9B66),opencc_s2t;unihan_simplified;unihan_traditional,0,6
𫗧,(U+2B5E7),餗,(U+9917),opencc_s2t;unihan_simplified;unihan_traditional,0,161
𫗦,(U+2B5E6),餔,(U+9914),opencc_s2t;unihan_simplified;unihan_traditional,0,310
𫗥,(U+2B5E5),餫,(U+992B),opencc_s2t;unihan_simplified;unihan_traditional,0,19
𫗣,(U+2B5E3),飶,(U+98F6),opencc_s2t;unihan_simplified;unihan_traditional,0,11
𫗢,(U+2B5E2),飵,(U+98F5),opencc_s2t;unihan_simplified;unihan_traditional,0,1
𫗡,(U+2B5E1),𩚩,(U+296A9),opencc_s2t;unihan_simplified;unihan_traditional,0,4
𫗞,(U+2B5DE),飦,(U+98E6),opencc_s2t;unihan_simplified;unihan_traditional,0,8
𫗋,(U+2B5CB),飋,(U+98CB),opencc_s2t;unihan_simplified;unihan_traditional,0,29
𫗇,(U+2B5C7),䫻,(U+4AFB),opencc_s2t;unihan_simplified;unihan_traditional,0,40
𫗨,(U+2B5E8),𩛡,(U+296E1),opencc_s2t;unihan_simplified;unihan_traditional,0,3
𫚋,(U+2B68B),鱄,(U+9C44),opencc_s2t;unihan_simplified;unihan_traditional,0,6
𫚉,(U+2B689),魟,(U+9B5F),opencc_s2t;unihan_simplified;unihan_traditional,0,2
𫚈,(U+2B688),鱮,(U+9C6E),opencc_s2t;unihan_simplified;unihan_traditional,0,4
𫘽,(U+2B63D),鬠,(U+9B20),opencc_s2t;unihan_simplified;unihan_traditional,0,6
𫘰,(U+2B630),驙,(U+9A59),opencc_s2t;unihan_simplified;unihan_traditional,0,1
𫘭,(U+2B62D),騻,(U+9A3B),opencc_s2t;unihan_simplified;unihan_traditional,0,5
𫘬,(U+2B62C),騱,(U+9A31),opencc_s2t;unihan_simplified;unihan_traditional,0,3
𫘪,(U+2B62A),騵,(U+9A35),opencc_s2t;unihan_simplified;unihan_traditional,0,10
𫘩,(U+2B629),騜,(U+9A1C),opencc_s2t;unihan_simplified;unihan_traditional,0,1
𫗵,(U+2B5F5),饟,(U+995F),opencc_s2t;unihan_simplified;unihan_traditional,0,110
𫘧,(U+2B627),騄,(U+9A04),opencc_s2t;unihan_simplified;unihan_traditional,0,54
𫘦,(U+2B626),騊,(U+9A0A),opencc_s2t;unihan_simplified;unihan_traditional,0,64
𫘥,(U+2B625),騉,(U+9A09),opencc_s2t;unihan_simplified;unihan_traditional,0,2
𫘤,(U+2B624),騃,(U+9A03),opencc_s2t;unihan_simplified;unihan_traditional,0,744
𫘣,(U+2B623),駻,(U+99FB),opencc_s2t;unihan_simplified;unihan_traditional,0,11
𫘟,(U+2B61F),駊,(U+99CA),opencc_s2t;unihan_simplified;unihan_traditional,0,40
𫘞,(U+2B61E),駞,(U+99DE),opencc_s2t;unihan_simplified;unihan_traditional,0,307
𫘝,(U+2B61D),駃,(U+99C3),opencc_s2t;unihan_simplified;unihan_traditional,0,790
𫘜,(U+2B61C),馼,(U+99BC),opencc_s2t;unihan_simplified;unihan_traditional,0,2
𫘛,(U+2B61B),馯,(U+99AF),opencc_s2t;unihan_simplified;unihan_traditional,0,7
𫘨,(U+2B628),騠,(U+9A20),opencc_s2t;unihan_simplified;unihan_traditional,0,46
𫂈,(U+2B088),䉬,(U+426C),opencc_s2t;unihan_simplified;unihan_traditional,0,7
𫂆,(U+2B086),簂,(U+7C02),opencc_s2t;unihan_simplified;unihan_traditional,0,5
𫂃,(U+2B083),簢,(U+7C22),opencc_s2t;unihan_simplified;unihan_traditional,0,2
𫁳,(U+2B073),𥯤,(U+25BE4),opencc_s2t;unihan_simplified;unihan_traditional,0,212
𫁡,(U+2B061),鴗,(U+9D17),opencc_s2t;unihan_simplified;unihan_traditional,0,16
𫁟,(U+2B05F),竱,(U+7AF1),opencc_s2t;unihan_simplified;unihan_traditional,0,4
𫁂,(U+2B042),䆉,(U+4189),opencc_s2t;unihan_simplified;unihan_traditional,0,10
𫀬,(U+2B02C),䅳,(U+4173),opencc_s2t;unihan_simplified;unihan_traditional,0,17
𫀨,(U+2B028),䅐,(U+4150),opencc_s2t;unihan_simplified;unihan_traditional,0,6
𫐄,(U+2B404),軏,(U+8ECF),opencc_s2t;unihan_simplified;unihan_traditional,0,78
𪿫,(U+2AFEB),礮,(U+792E),opencc_s2t;unihan_simplified;unihan_traditional,0,10
𪾸,(U+2AFB8),矉,(U+77C9),opencc_s2t;unihan_simplified;unihan_traditional,0,20
𪾦,(U+2AFA6),矑,(U+77D1),opencc_s2t;unihan_simplified;unihan_traditional,0,7
𪾣,(U+2AFA3),眝,(U+771D),opencc_s2t,0,11
𪾢,(U+2AFA2),睍,(U+774D),opencc_s2t;unihan_simplified;unihan_traditional,0,82
𪽷,(U+2AF77),瘱,(U+7631),opencc_s2t;unihan_simplified;unihan_traditional,0,3
𪽮,(U+2AF6E),㿖,(U+3FD6),opencc_s2t;unihan_simplified;unihan_traditional,0,19
𪽪,(U+2AF6A),痮,(U+75EE),opencc_s2t;unihan_simplified;unihan_traditional,0,14
𪽈,(U+2AF48),畼,(U+757C),opencc_s2t,0,28
𪿵,(U+2AFF5),𥗇,(U+255C7),opencc_s2t;unihan_simplified;unihan_traditional,0,12
𫄲,(U+2B132),縸,(U+7E38),opencc_s2t;unihan_simplified;unihan_traditional,0,3
𫄱,(U+2B131),繬,(U+7E6C),opencc_s2t;unihan_simplified;unihan_traditional,0,4
𫄰,(U+2B130),縍,(U+7E0D),opencc_s2t;unihan_simplified;unihan_traditional,0,3
𫄯,(U+2B12F),𦃩,(U+260E9),opencc_s2t;unihan_simplified;unihan_traditional,0,3
𫄮,(U+2B12E),䋼,(U+42FC),opencc_s2t;unihan_simplified;unihan_traditional,0,2
𫄬,(U+2B12C),緤,(U+7DE4),opencc_s2t;unihan_simplified;unihan_traditional,0,178
𫄫,(U+2B12B),綟,(U+7D9F),opencc_s2t;unihan_simplified;unihan_traditional,0,236
𫄨,(U+2B128),絺,(U+7D7A),opencc_s2t;unihan_simplified;unihan_traditional,0,3928
𫄧,(U+2B127),綖,(U+7D96),opencc_s2t;unihan_simplified;unihan_traditional,0,1581
𫂿,(U+2B0BF),𥻦,(U+25EE6),opencc_s2t;unihan_simplified;unihan_traditional,0,16
𫄤,(U+2B124),繨,(U+7E68),opencc_s2t;unihan_simplified;unihan_traditional,0,2
𫄣,(U+2B123),繷,(U+7E77),opencc_s2t;unihan_simplified;unihan_traditional,0,4
𫄢,(U+2B122),絥,(U+7D65),opencc_s2t;unihan_simplified;unihan_traditional,0,1
𫄡,(U+2B121),絧,(U+7D67),opencc_s2t;unihan_simplified;unihan_traditional,0,3
𫄟,(U+2B11F),絁,(U+7D41),opencc_s2t;unihan_simplified;unihan_traditional,0,194
𫄞,(U+2B11E),䋔,(U+42D4),opencc_s2t;unihan_simplified;unihan_traditional,0,1
𫄛,(U+2B11B),紟,(U+7D1F),opencc_s2t;unihan_simplified;unihan_traditional,0,6
𫄚,(U+2B11A),䊺,(U+42BA),opencc_s2t;unihan_simplified;unihan_traditional,0,7
𫄙,(U+2B119),糺,(U+7CFA),opencc_s2t;unihan_simplified;unihan_traditional,0,410
𫄥,(U+2B125),纚,(U+7E9A),opencc_s2t;unihan_simplified;unihan_traditional,0,132
𪲎,(U+2AC8E),櫅,(U+6AC5),opencc_s2t;unihan_simplified;unihan_traditional,0,2
𪱷,(U+2AC77),梖,(U+6896),opencc_s2t;unihan_simplified;unihan_traditional,0,4
𪱥,(U+2AC65),膹,(U+81B9),opencc_s2t;unihan_simplified;unihan_traditional,0,8
𪮶,(U+2ABB6),攋,(U+650B),opencc_s2t;unihan_simplified;unihan_traditional,0,4
𪮋,(U+2AB8B),㩋,(U+3A4B),opencc_s2t;unihan_simplified;unihan_traditional,0,3
𪮃,(U+2AB83),㨻,(U+3A3B),opencc_s2t;unihan_simplified;unihan_traditional,0,3
𪭾,(U+2AB7E),撊,(U+648A),opencc_s2t;unihan_simplified;unihan_traditional,0,6
𪭵,(U+2AB75),掚,(U+639A),opencc_s2t;unihan_simplified;unihan_traditional,0,2
𪭯,(U+2AB6F),𢶒,(U+22D92),opencc_s2t;unihan_simplified;unihan_traditional,0,1
𪽂,(U+2AF42),𪌜,(U+2A31C),unihan_simplified;unihan_traditional,0,4
𪭢,(U+2AB62),摐,(U+6450),opencc_s2t;unihan_simplified;unihan_traditional,0,163
𪭝,(U+2AB5D),𢯷,(U+22BF7),opencc_s2t;unihan_simplified;unihan_traditional,0,3
𪫺,(U+2AAFA),憸,(U+61B8),opencc_s2t;unihan_simplified;unihan_traditional,0,56
𪫷,(U+2AAF7),㦞,(U+399E),opencc_s2t;unihan_simplified;unihan_traditional,0,1
𪫌,(U+2AACC),徿,(U+5FBF),opencc_s2t;unihan_simplified;unihan_traditional,0,4
𪪼,(U+2AABC),彃,(U+5F43),opencc_s2t,0,9
𪪴,(U+2AAB4),𢍰,(U+22370),opencc_s2t;unihan_simplified;unihan_traditional,0,1
𪪞,(U+2AA9E),廧,(U+5EE7),opencc_s2t;unihan_simplified;unihan_traditional,0,45
𪪏,(U+2AA8F),廬,(U+5EEC),opencc_s2t,0,15028
𪭧,(U+2AB67),擟,(U+64DF),opencc_s2t;unihan_simplified;unihan_traditional,0,7
𪼋,(U+2AF0B),㻶,(U+3EF6),opencc_s2t;unihan_simplified;unihan_traditional,0,1
𪻺,(U+2AEFA),璝,(U+749D),opencc_s2t;unihan_simplified;unihan_traditional,0,397
𪻲,(U+2AEF2),瑻,(U+747B),opencc_s2t;unihan_simplified;unihan_traditional,0,9
𪻨,(U+2AEE8),瓄,(U+74C4),opencc_s2t;unihan_simplified;unihan_traditional,0,6
𪻐,(U+2AED0),瑽,(U+747D),opencc_s2t;unihan_simplified;unihan_traditional,0,10
𪺽,(U+2AEBD),猌,(U+730C),opencc_s2t;unihan_simplified;unihan_traditional,0,27
𪺻,(U+2AEBB),㺜,(U+3E9C),opencc_s2t;unihan_simplified;unihan_traditional,0,5
𪺸,(U+2AEB8),𤠮,(U+2482E),opencc_s2t;unihan_simplified;unihan_traditional,0,2
𪺷,(U+2AEB7),獊,(U+734A),opencc_s2t;unihan_simplified;unihan_traditional,0,6
𪲔,(U+2AC94),欐,(U+6B10),opencc_s2t;unihan_simplified;unihan_traditional,0,23
𪸩,(U+2AE29),煇,(U+7147),opencc_s2t;unihan_simplified;unihan_traditional,0,766
𪸕,(U+2AE15),熂,(U+7182),opencc_s2t;unihan_simplified;unihan_traditional,0,13
𪷽,(U+2ADFD),灒,(U+7052),opencc_s2t;unihan_simplified;unihan_traditional,0,217
𪷍,(U+2ADCD),㵾,(U+3D7E),opencc_s2t;unihan_simplified;unihan_traditional,0,2
𪶒,(U+2AD92),𤄷,(U+24137),opencc_s2t;unihan_simplified;unihan_traditional,0,10
𪵱,(U+2AD71),濿,(U+6FFF),opencc_s2t;unihan_simplified;unihan_traditional,0,9
𪵑,(U+2AD51),毊,(U+6BCA),opencc_s2t;unihan_simplified;unihan_traditional,0,3
𪴙,(U+2AD19),欑,(U+6B11),opencc_s2t;unihan_simplified;unihan_traditional,0,40
𪳍,(U+2ACCD),欇,(U+6B07),opencc_s2t;unihan_simplified;unihan_traditional,0,35
𪲮,(U+2ACAE),櫠,(U+6AE0),opencc_s2t;unihan_simplified;unihan_traditional,0,1
𪺭,(U+2AEAD),犞,(U+729E),opencc_s2t;unihan_simplified;unihan_traditional,0,3
𫍻,(U+2B37B),譆,(U+8B46),opencc_s2t;unihan_simplified;unihan_traditional,0,18
𫍹,(U+2B379),謯,(U+8B2F),opencc_s2t;unihan_simplified;unihan_traditional,0,5
𫍸,(U+2B378),謆,(U+8B06),opencc_s2t;unihan_simplified;unihan_traditional,0,1
𫍷,(U+2B377),謉,(U+8B09),opencc_s2t;unihan_simplified;unihan_traditional,0,7
𫍴,(U+2B374),謱,(U+8B31),opencc_s2t;unihan_simplified;unihan_traditional,0,2
𫍳,(U+2B373),諥,(U+8AE5),opencc_s2t;unihan_simplified;unihan_traditional,0,4
𫍲,(U+2B372),謏,(U+8B0F),opencc_s2t;unihan_simplified;unihan_traditional,0,77
𫍱,(U+2B371),諯,(U+8AEF),opencc_s2t;unihan_simplified;unihan_traditional,0,4
𫍰,(U+2B370),諰,(U+8AF0),opencc_s2t;unihan_simplified;unihan_traditional,0,5
𫄳,(U+2B133),縰,(U+7E30),opencc_s2t;unihan_simplified;unihan_traditional,0,14
𫍮,(U+2B36E),誳,(U+8AB3),opencc_s2t;unihan_simplified;unihan_traditional,0,13
𫍬,(U+2B36C),誷,(U+8AB7),opencc_s2t;unihan_simplified;unihan_traditional,0,213
𫍪,(U+2B36A),誋,(U+8A8B),opencc_s2t;unihan_simplified;unihan_traditional,0,3
𫍨,(U+2B368),誫,(U+8AAB),opencc_s2t;unihan_simplified;unihan_traditional,0,3
𫍧,(U+2B367),誺,(U+8ABA),opencc_s2t;unihan_simplified;unihan_traditional,0,10
𫍦,(U+2B366),譨,(U+8B68),opencc_s2t;unihan_simplified;unihan_traditional,0,2
𫍥,(U+2B365),誂,(U+8A82),opencc_s2t;unihan_simplified;unihan_traditional,0,83
𫍤,(U+2B364),譑,(U+8B51),opencc_s2t;unihan_simplified;unihan_traditional,0,3
𫍣,(U+2B363),詷,(U+8A77),opencc_s2t;unihan_simplified;unihan_traditional,0,70
𫍯,(U+2B36F),諴,(U+8AF4),opencc_s2t;unihan_simplified;unihan_traditional,0,110
𫏨,(U+2B3E8),𨇤,(U+281E4),opencc_s2t;unihan_simplified;unihan_traditional,0,7
𫏑,(U+2B3D1),𨇽,(U+281FD),opencc_s2t;unihan_simplified;unihan_traditional,0,2
𫏐,(U+2B3D0),蹔,(U+8E54),opencc_s2t;unihan_simplified;unihan_traditional,0,1037
𫏋,(U+2B3CB),蹻,(U+8E7B),opencc_s2t;unihan_simplified;unihan_traditional,0,204
𫏆,(U+2B3C6),蹳,(U+8E73),opencc_s2t;unihan_simplified;unihan_traditional,0,4
𫏃,(U+2B3C3),䠆,(U+4806),opencc_s2t;unihan_simplified;unihan_traditional,0,70
𫎺,(U+2B3BA),䟃,(U+47C3),opencc_s2t;unihan_simplified;unihan_traditional,0,6
𫎳,(U+2B3B3),䟆,(U+47C6),opencc_s2t;unihan_simplified;unihan_traditional,0,25
嬢,,孃,,,0,1256
𫍼,(U+2B37C),𧬤,(U+27B24),opencc_s2t;unihan_simplified;unihan_traditional,0,4
𫎬,(U+2B3AC),贑,(U+8D11),opencc_s2t;unihan_simplified;unihan_traditional,0,36
𫎫,(U+2B3AB),贉,(U+8D09),opencc_s2t;unihan_simplified;unihan_traditional,0,18
𫎪,(U+2B3AA),䞋,(U+478B),opencc_s2t;unihan_simplified;unihan_traditional,0,945
𫎩,(U+2B3A9),賝,(U+8CDD),opencc_s2t;unihan_simplified;unihan_traditional,0,54
𫎨,(U+2B3A8),𧸘,(U+27E18),opencc_s2t;unihan_simplified;unihan_traditional,0,5
𫎌,(U+2B38C),貗,(U+8C97),opencc_s2t;unihan_simplified;unihan_traditional,0,5
𫎆,(U+2B386),豵,(U+8C75),opencc_s2t;unihan_simplified;unihan_traditional,0,3
𫍿,(U+2B37F),譾,(U+8B7E),opencc_s2t;unihan_simplified;unihan_traditional,0,65
𫍽,(U+2B37D),譞,(U+8B5E),opencc_s2t;unihan_simplified;unihan_traditional,0,3
𫎭,(U+2B3AD),䞓,(U+4793),opencc_s2t;unihan_simplified;unihan_traditional,0,3
𫊮,(U+2B2AE),蠦,(U+8826),opencc_s2t;unihan_simplified;unihan_traditional,0,3
𫉄,(U+2B244),藷,(U+85F7),opencc_s2t;unihan_simplified;unihan_traditional,0,29
𫉁,(U+2B241),薆,(U+8586),opencc_s2t;unihan_simplified;unihan_traditional,0,40
𫈵,(U+2B235),蕝,(U+855D),opencc_s2t;unihan_simplified;unihan_traditional,0,39
𫈟,(U+2B21F),蔯,(U+852F),opencc_s2t;unihan_simplified;unihan_traditional,0,3
𫈉,(U+2B209),蕳,(U+8573),opencc_s2t;unihan_simplified;unihan_traditional,0,944
𫇴,(U+2B1F4),蒭,(U+84AD),opencc_s2t;unihan_simplified;unihan_traditional,0,1629
𫇭,(U+2B1ED),蒍,(U+848D),unihan_simplified;unihan_traditional,0,36
𫇦,(U+2B1E6),𤇾,(U+241FE),unihan_simplified;unihan_traditional,0,3
𫍢,(U+2B362),譊,(U+8B4A),opencc_s2t;unihan_simplified;unihan_traditional,0,244
𫆏,(U+2B18F),聻,(U+807B),opencc_s2t;unihan_simplified;unihan_traditional,0,2595
𫅭,(U+2B16D),䎙,(U+4399),opencc_s2t;unihan_simplified;unihan_traditional,0,1
𫅗,(U+2B157),羵,(U+7FB5),opencc_s2t;unihan_simplified;unihan_traditional,0,1
𫅅,(U+2B145),䍤,(U+4364),opencc_s2t;unihan_simplified;unihan_traditional,0,3
𫄹,(U+2B139),纗,(U+7E97),opencc_s2t;unihan_simplified;unihan_traditional,0,1
𫄸,(U+2B138),纁,(U+7E81),opencc_s2t;unihan_simplified;unihan_traditional,0,222
𫄷,(U+2B137),繶,(U+7E76),opencc_s2t;unihan_simplified;unihan_traditional,0,1
𫄶,(U+2B136),繈,(U+7E48),opencc_s2t;unihan_simplified;unihan_traditional,0,114
𫄴,(U+2B134),繂,(U+7E42),opencc_s2t;unihan_simplified;unihan_traditional,0,30
𫇛,(U+2B1DB),艣,(U+8263),opencc_s2t,0,134
𫍡,(U+2B361),詑,(U+8A51),opencc_s2t;unihan_simplified;unihan_traditional,0,328
𫍟,(U+2B35F),𧦧,(U+279A7),opencc_s2t;unihan_simplified;unihan_traditional,0,4
𫍞,(U+2B35E),𧦝,(U+2799D),opencc_s2t;unihan_simplified;unihan_traditional,0,21
𫍝,(U+2B35D),諫,(U+8AEB),opencc_s2t,0,17620
𫍜,(U+2B35C),詓,(U+8A53),opencc_s2t;unihan_simplified;unihan_traditional,0,3
𫍛,(U+2B35B),訜,(U+8A1C),opencc_s2t;unihan_simplified;unihan_traditional,0,8
𫍚,(U+2B35A),訞,(U+8A1E),opencc_s2t;unihan_simplified;unihan_traditional,0,45
𫍙,(U+2B359),訑,(U+8A11),opencc_s2t;unihan_simplified;unihan_traditional,0,52
𫍐,(U+2B350),𧭹,(U+27B79),opencc_s2t;unihan_simplified;unihan_traditional,0,4
𫊱,(U+2B2B1),蠒,(U+8812),unihan_simplified;unihan_traditional,0,181
𫌪,(U+2B32A),覛,(U+899B),opencc_s2t;unihan_simplified;unihan_traditional,0,26
𫌨,(U+2B328),覼,(U+89BC),opencc_s2t;unihan_simplified;unihan_traditional,0,97
𫌇,(U+2B307),襵,(U+8975),opencc_s2t;unihan_simplified;unihan_traditional,0,755
𫋻,(U+2B2FB),襘,(U+8958),opencc_s2t;unihan_simplified;unihan_traditional,0,7
𫋹,(U+2B2F9),襓,(U+8953),opencc_s2t;unihan_simplified;unihan_traditional,0,4
𫋷,(U+2B2F7),襗,(U+8957),opencc_s2t;unihan_simplified;unihan_traditional,0,1
𫋲,(U+2B2F2),䙔,(U+4654),opencc_s2t;unihan_simplified;unihan_traditional,0,2
𫋌,(U+2B2CC),蟘,(U+87D8),opencc_s2t;unihan_simplified;unihan_traditional,0,14
𫋇,(U+2B2C7),蟂,(U+87C2),opencc_s2t;unihan_simplified;unihan_traditional,0,6
𫊸,(U+2B2B8),蟜,(U+87DC),opencc_s2t;unihan_simplified;unihan_traditional,0,35
𫌭,(U+2B32D),覹,(U+89B9),opencc_s2t;unihan_simplified;unihan_traditional,0,1
锬,(U+952C),錟,(U+931F),mainland_traditional;opencc_s2t;unihan_simplified;unihan_traditional,0,5
锧,(U+9527),鑕,(U+9455),mainland_traditional;opencc_s2t;unihan_simplified;unihan_traditional,0,87
锦,(U+9526),錦,(U+9326),mainland_traditional;opencc_s2t;unihan_simplified;unihan_traditional,0,9101
锥,(U+9525),錐,(U+9310),mainland_traditional;opencc_s2t;unihan_simplified;unihan_traditional,0,4615
锤,(U+9524),錘,(U+9318),mainland_traditional;opencc_s2t;unihan_simplified;unihan_traditional,0,1687
锣,(U+9523),鑼,(U+947C),mainland_traditional;opencc_s2t;unihan_simplified;unihan_traditional,0,469
锢,(U+9522),錮,(U+932E),mainland_traditional;opencc_s2t;unihan_simplified;unihan_traditional,0,785
锡,(U+9521),錫,(U+932B),mainland_traditional;opencc_s2t;unihan_simplified;unihan_traditional,0,15979
锠,(U+9520),錩,(U+9329),opencc_s2t;unihan_simplified;unihan_traditional,0,649
鹕,(U+9E55),鶘,(U+9D98),mainland_traditional;opencc_s2t;unihan_simplified;unihan_traditional,0,47
锞,(U+951E),錁,(U+9301),mainland_traditional;opencc_s2t;unihan_simplified;unihan_traditional,0,9
锜,(U+951C),錡,(U+9321),mainland_traditional;opencc_s2t;unihan_simplified;unihan_traditional,0,312
锛,(U+951B),錛,(U+931B),mainland_traditional;opencc_s2t;unihan_simplified;unihan_traditional,0,8
锚,(U+951A),錨,(U+9328),mainland_traditional;opencc_s2t;unihan_simplified;unihan_traditional,0,46
错,(U+9519),錯,(U+932F),mainland_traditional;opencc_s2t;unihan_simplified;unihan_traditional,0,30991
锗,(U+9517),鍺,(U+937A),mainland_traditional;opencc_s2t;unihan_simplified;unihan_traditional,0,1
锖,(U+9516),錆,(U+9306),mainland_traditional;opencc_s2t;unihan_simplified;unihan_traditional,0,17
锔,(U+9514),鋦,(U+92E6),mainland_traditional;opencc_s2t;unihan_simplified;unihan_traditional,0,13
锓,(U+9513),鋟,(U+92DF),mainland_traditional;opencc_s2t;unihan_simplified;unihan_traditional,0,303
锟,(U+951F),錕,(U+9315),mainland_traditional;opencc_s2t;unihan_simplified;unihan_traditional,0,24
镃,(U+9543),鎡,(U+93A1),mainland_traditional;opencc_s2t;unihan_simplified;unihan_traditional,0,340
镂,(U+9542),鏤,(U+93E4),mainland_traditional;opencc_s2t;unihan_simplified;unihan_traditional,0,1848
镁,(U+9541),鎂,(U+9382),mainland_traditional;opencc_s2t;unihan_simplified;unihan_traditional,0,5
镀,(U+9540),鍍,(U+934D),mainland_traditional;opencc_s2t;unihan_simplified;unihan_traditional,0,94
锾,(U+953E),鍰,(U+9370),mainland_traditional;opencc_s2t;unihan_simplified;unihan_traditional,0,38
锽,(U+953D),鍠,(U+9360),mainland_traditional;opencc_s2t;unihan_simplified;unihan_traditional,0,361
锼,(U+953C),鎪,(U+93AA),mainland_traditional;opencc_s2t;unihan_simplified;unihan_traditional,0,55
锻,(U+953B),鍛,(U+935B),mainland_traditional;opencc_s2t;unihan_simplified;unihan_traditional,0,1856
锺,(U+953A),鍾,(U+937E),mainland_traditional;opencc_s2t;unihan_simplified;unihan_traditional,0,12172
锭,(U+952D),錠,(U+9320),mainland_traditional;opencc_s2t;unihan_simplified;unihan_traditional,0,1141
锸,(U+9538),鍤,(U+9364),mainland_traditional;opencc_s2t;unihan_simplified;unihan_traditional,0,180
锷,(U+9537),鍔,(U+9354),mainland_traditional;opencc_s2t;unihan_simplified;unihan_traditional,0,342
锵,(U+9535),鏘,(U+93D8),mainland_traditional;opencc_s2t;unihan_simplified;unihan_traditional,0,1149
锴,(U+9534),鍇,(U+9347),mainland_traditional;opencc_s2t;unihan_simplified;unihan_traditional,0,135
锲,(U+9532),鍥,(U+9365),mainland_traditional;opencc_s2t;unihan_simplified;unihan_traditional,0,82
锱,(U+9531),錙,(U+9319),mainland_traditional;opencc_s2t;unihan_simplified;unihan_traditional,0,389
锰,(U+9530),錳,(U+9333),mainland_traditional;opencc_s2t;unihan_simplified;unihan_traditional,0,4
锯,(U+952F),鋸,(U+92F8),mainland_traditional;opencc_s2t;unihan_simplified;unihan_traditional,0,1293
键,(U+952E),鍵,(U+9375),mainland_traditional;opencc_s2t;unihan_simplified;unihan_traditional,0,1700
锹,(U+9539),鍬,(U+936C),mainland_traditional;opencc_s2t;unihan_simplified;unihan_traditional,0,957
铸,(U+94F8),鑄,(U+9444),mainland_traditional;opencc_s2t;unihan_simplified;unihan_traditional,0,6017
铷,(U+94F7),銣,(U+92A3),mainland_traditional;opencc_s2t;unihan_simplified;unihan_traditional,0,4
银,(U+94F6),銀,(U+9280),mainland_traditional;opencc_s2t;unihan_simplified;unihan_traditional,0,22465
铵,(U+94F5),銨,(U+92A8),mainland_traditional;opencc_s2t;unihan_simplified;unihan_traditional,0,5
铴,(U+94F4),鐋,(U+940B),mainland_traditional;opencc_s2t;unihan_simplified;unihan_traditional,0,2
铳,(U+94F3),銃,(U+9283),mainland_traditional;opencc_s2t;unihan_simplified;unihan_traditional,0,34
铰,(U+94F0),鉸,(U+9278),mainland_traditional;opencc_s2t;unihan_simplified;unihan_traditional,0,277
铯,(U+94EF),銫,(U+92AB),mainland_traditional;opencc_s2t;unihan_simplified;unihan_traditional,0,5
铮,(U+94EE),錚,(U+931A),mainland_traditional;opencc_s2t;unihan_simplified;unihan_traditional,0,227
锒,(U+9512),鋃,(U+92C3),mainland_traditional;opencc_s2t;unihan_simplified;unihan_traditional,0,55
铬,(U+94EC),鉻,(U+927B),mainland_traditional;opencc_s2t;unihan_simplified;unihan_traditional,0,13
铫,(U+94EB),銚,(U+929A),mainland_traditional;opencc_s2t;unihan_simplified;unihan_traditional,0,419
铪,(U+94EA),鉿,(U+927F),mainland_traditional;opencc_s2t;unihan_simplified;unihan_traditional,0,35
铩,(U+94E9),鎩,(U+93A9),mainland_traditional;opencc_s2t;unihan_simplified;unihan_traditional,0,133
铨,(U+94E8),銓,(U+9293),mainland_traditional;opencc_s2t;unihan_simplified;unihan_traditional,0,1683
铧,(U+94E7),鏵,(U+93F5),mainland_traditional;opencc_s2t;unihan_simplified;unihan_traditional,0,112
铦,(U+94E6),銛,(U+929B),opencc_s2t;unihan_simplified;unihan_traditional,0,626
铥,(U+94E5),銩,(U+92A9),mainland_traditional;opencc_s2t;unihan_simplified;unihan_traditional,0,1
铤,(U+94E4),鋌,(U+92CC),mainland_traditional;opencc_s2t;unihan_simplified;unihan_traditional,0,293
铭,(U+94ED),銘,(U+9298),mainland_traditional;opencc_s2t;unihan_simplified;unihan_traditional,0,13598
锑,(U+9511),銻,(U+92BB),mainland_traditional;opencc_s2t;unihan_simplified;unihan_traditional,0,1
锐,(U+9510),銳,(U+92B3),opencc_s2t;unihan_simplified;unihan_traditional,0,4009
锏,(U+950F),鐧,(U+9427),mainland_traditional;opencc_s2t;unihan_simplified;unihan_traditional,0,17
锎,(U+950E),鐦,(U+9426),mainland_traditional;opencc_s2t;unihan_simplified;unihan_traditional,0,14
锌,(U+950C),鋅,(U+92C5),mainland_traditional;opencc_s2t;unihan_simplified;unihan_traditional,0,3
锋,(U+950B),鋒,(U+92D2),mainland_traditional;opencc_s2t;unihan_simplified;unihan_traditional,0,11541
锊,(U+950A),鋝,(U+92DD),mainland_traditional;opencc_s2t;unihan_simplified;unihan_traditional,0,8
锉,(U+9509),銼,(U+92BC),mainland_traditional;opencc_s2t;unihan_simplified;unihan_traditional,0,74
锇,(U+9507),鋨,(U+92E8),mainland_traditional;opencc_s2t;unihan_simplified;unihan_traditional,0,5
铹,(U+94F9),鐒,(U+9412),mainland_traditional;opencc_s2t;unihan_simplified;unihan_traditional,0,1
锄,(U+9504),鋤,(U+92E4),mainland_traditional;opencc_s2t;unihan_simplified;unihan_traditional,0,2202
锃,(U+9503),鋥,(U+92E5),mainland_traditional;opencc_s2t;unihan_simplified;unihan_traditional,0,14
锂,(U+9502),鋰,(U+92F0),mainland_traditional;opencc_s2t;unihan_simplified;unihan_traditional,0,3
锁,(U+9501),鎖,(U+9396),mainland_traditional;opencc_s2t;unihan_simplified;unihan_traditional,0,7572
销,(U+9500),銷,(U+92B7),mainland_traditional;opencc_s2t;unihan_simplified;unihan_traditional,0,11371
铿,(U+94FF),鏗,(U+93D7),mainland_traditional;opencc_s2t;unihan_simplified;unihan_traditional,0,970
铼,(U+94FC),錸,(U+9338),mainland_traditional;opencc_s2t;unihan_simplified;unihan_traditional,0,1
铻,(U+94FB),鋙,(U+92D9),mainland_traditional;opencc_s2t;unihan_simplified;unihan_traditional,0,18
铺,(U+94FA),鋪,(U+92EA),mainland_traditional;opencc_s2t;unihan_simplified;unihan_traditional,0,3806
锅,(U+9505),鍋,(U+934B),mainland_traditional;opencc_s2t;unihan_simplified;unihan_traditional,0,1111
闿,(U+95FF),闓,(U+95D3),mainland_traditional;opencc_s2t;unihan_simplified;unihan_traditional,0,653
闾,(U+95FE),閭,(U+95AD),mainland_traditional;opencc_s2t;unihan_simplified;unihan_traditional,0,3650
闼,(U+95FC),闥,(U+95E5),mainland_traditional;opencc_s2t;unihan_simplified;unihan_traditional,0,7049
闻,(U+95FB),聞,(U+805E),mainland_traditional;opencc_s2t;unihan_simplified;unihan_traditional,0,432234
闺,(U+95FA),閨,(U+95A8),mainland_traditional;opencc_s2t;unihan_simplified;unihan_traditional,0,884
闸,(U+95F8),閘,(U+9598),mainland_traditional;opencc_s2t;unihan_simplified;unihan_traditional,0,208
闷,(U+95F7),悶,(U+60B6),mainland_traditional;opencc_s2t;unihan_simplified;unihan_traditional,0,6014
闶,(U+95F6),閌,(U+958C),mainland_traditional;opencc_s2t;unihan_simplified;unihan_traditional,0,14
闵,(U+95F5),閔,(U+9594),mainland_traditional;opencc_s2t;unihan_simplified;unihan_traditional,0,2206
镄,(U+9544),鐨,(U+9428),mainland_traditional;opencc_s2t;unihan_simplified;unihan_traditional,0,1
闳,(U+95F3),閎,(U+958E),mainland_traditional;opencc_s2t;unihan_simplified;unihan_traditional,0,618
闱,(U+95F1),闈,(U+95C8),mainland_traditional;opencc_s2t;unihan_simplified;unihan_traditional,0,787
闰,(U+95F0),閏,(U+958F),mainland_traditional;opencc_s2t;unihan_simplified;unihan_traditional,0,5905
闯,(U+95EF),闖,(U+95D6),mainland_traditional;opencc_s2t;unihan_simplified;unihan_traditional,0,302
问,(U+95EE),問,(U+554F),mainland_traditional;opencc_s2t;unihan_simplified;unihan_traditional,0,556748
闭,(U+95ED),閉,(U+9589),mainland_traditional;opencc_s2t;unihan_simplified;unihan_traditional,0,14593
闬,(U+95EC),閈,(U+9588),opencc_s2t;unihan_simplified;unihan_traditional,0,252
闫,(U+95EB),閆,(U+9586),mainland_traditional;opencc_s2t;unihan_simplified;unihan_traditional,0,21
闪,(U+95EA),閃,(U+9583),mainland_traditional;opencc_s2t;unihan_simplified;unihan_traditional,0,2446
间,(U+95F4),間,(U+9593),mainland_traditional;opencc_s2t;unihan_simplified;unihan_traditional,0,309471
阕,(U+9615),闋,(U+95CB),mainland_traditional;opencc_s2t;unihan_simplified;unihan_traditional,0,640
阔,(U+9614),闊,(U+95CA),mainland_traditional;opencc_s2t;unihan_simplified;unihan_traditional,0,5304
阓,(U+9613),闠,(U+95E0),opencc_s2t;unihan_simplified;unihan_traditional,0,465
阒,(U+9612),闃,(U+95C3),mainland_traditional;opencc_s2t;unihan_simplified;unihan_traditional,0,218
阑,(U+9611),闌,(U+95CC),mainland_traditional;opencc_s2t;unihan_simplified;unihan_traditional,0,2103
阐,(U+9610),闡,(U+95E1),mainland_traditional;opencc_s2t;unihan_simplified;unihan_traditional,0,17032
阏,(U+960F),閼,(U+95BC),mainland_traditional;opencc_s2t;unihan_simplified;unihan_traditional,0,1602
阎,(U+960E),閻,(U+95BB),mainland_traditional;opencc_s2t;unihan_simplified;unihan_traditional,0,22190
阍,(U+960D),閽,(U+95BD),mainland_traditional;opencc_s2t;unihan_simplified;unihan_traditional,0,357
阀,(U+9600),閥,(U+95A5),mainland_traditional;opencc_s2t;unihan_simplified;unihan_traditional,0,367
阊,(U+960A),閶,(U+95B6),mainland_traditional;opencc_s2t;unihan_simplified;unihan_traditional,0,693
阉,(U+9609),閹,(U+95B9),mainland_traditional;opencc_s2t;unihan_simplified;unihan_traditional,0,799
阈,(U+9608),閾,(U+95BE),mainland_traditional;opencc_s2t;unihan_simplified;unihan_traditional,0,391
阇,(U+9607),闍,(U+95CD),mainland_traditional;opencc_s2t;unihan_simplified;unihan_traditional,0,39339
阆,(U+9606),閬,(U+95AC),mainland_traditional;opencc_s2t;unihan_simplified;unihan_traditional,0,1018
阅,(U+9605),閱,(U+95B1),opencc_s2t;unihan_simplified;unihan_traditional,0,13076
阃,(U+9603),閫,(U+95AB),mainland_traditional;opencc_s2t;unihan_simplified;unihan_traditional,0,1761
阂,(U+9602),閡,(U+95A1),mainland_traditional;opencc_s2t;unihan_simplified;unihan_traditional,0,2877
阁,(U+9601),閣,(U+95A3),mainland_traditional;opencc_s2t;unihan_simplified;unihan_traditional,0,23836
阌,(U+960C),閿,(U+95BF),mainland_traditional;opencc_s2t;unihan_simplified;unihan_traditional,0,151
镝,(U+955D),鏑,(U+93D1),mainland_traditional;opencc_s2t;unihan_simplified;unihan_traditional,0,263
镜,(U+955C),鏡,(U+93E1),mainland_traditional;opencc_s2t;unihan_simplified;unihan_traditional,0,40885
镛,(U+955B),鏞,(U+93DE),mainland_traditional;opencc_s2t;unihan_simplified;unihan_traditional,0,213
镙,(U+9559),鏍,(U+93CD),opencc_s2t;tw_simplified_to_traditional;unihan_simplified;unihan_traditional,0,11
镘,(U+9558),鏝,(U+93DD),mainland_traditional;opencc_s2t;unihan_simplified;unihan_traditional,0,59
镗,(U+9557),鏜,(U+93DC),mainland_traditional;opencc_s2t;unihan_simplified;unihan_traditional,0,66
镖,(U+9556),鏢,(U+93E2),mainland_traditional;opencc_s2t;unihan_simplified;unihan_traditional,0,72
镕,(U+9555),鎔,(U+9394),mainland_traditional;opencc_s2t;unihan_simplified;unihan_traditional,0,2665
镔,(U+9554),鑌,(U+944C),mainland_traditional;opencc_s2t;unihan_simplified;unihan_traditional,0,180
闩,(U+95E9),閂,(U+9582),mainland_traditional;opencc_s2t;unihan_simplified;unihan_traditional,0,202
镑,(U+9551),鎊,(U+938A),mainland_traditional;opencc_s2t;unihan_simplified;unihan_traditional,0,11
镐,(U+9550),鎬,(U+93AC),mainland_traditional;opencc_s2t;unihan_simplified;unihan_traditional,0,410
镏,(U+954F),鎦,(U+93A6),mainland_traditional;opencc_s2t;unihan_simplified;unihan_traditional,0,50
镍,(U+954D),鎳,(U+93B3),mainland_traditional;opencc_s2t;unihan_simplified;unihan_traditional,0,2
镊,(U+954A),鑷,(U+9477),mainland_traditional;opencc_s2t;unihan_simplified;unihan_traditional,0,335
镉,(U+9549),鎘,(U+9398),mainland_traditional;opencc_s2t;unihan_simplified;unihan_traditional,0,3
镈,(U+9548),鎛,(U+939B),mainland_traditional;opencc_s2t;unihan_simplified;unihan_traditional,0,230
镇,(U+9547),鎮,(U+93AE),mainland_traditional;opencc_s2t;unihan_simplified;unihan_traditional,0,28735
镆,(U+9546),鏌,(U+93CC),mainland_traditional;opencc_s2t;unihan_simplified;unihan_traditional,0,350
镒,(U+9552),鎰,(U+93B0),mainland_traditional;opencc_s2t;unihan_simplified;unihan_traditional,0,317
门,(U+95E8),門,(U+9580),mainland_traditional;opencc_s2t;unihan_simplified;unihan_traditional,0,562458
长,(U+957F),長,(U+9577),mainland_traditional;opencc_s2t;unihan_simplified;unihan_traditional,0,298474
镶,(U+9576),鑲,(U+9472),mainland_traditional;opencc_s2t;unihan_simplified;unihan_traditional,0,43
镵,(U+9575),鑱,(U+9471),mainland_traditional;opencc_s2t;unihan_simplified;unihan_traditional,0,257
镴,(U+9574),鑞,(U+945E),mainland_traditional;opencc_s2t;unihan_simplified;unihan_traditional,0,437
镳,(U+9573),鑣,(U+9463),mainland_traditional;opencc_s2t;unihan_simplified;unihan_traditional,0,349
镯,(U+956F),鐲,(U+9432),mainland_traditional;opencc_s2t;unihan_simplified;unihan_traditional,0,62
镮,(U+956E),鐶,(U+9436),mainland_traditional;opencc_s2t;unihan_simplified;unihan_traditional,0,700
镭,(U+956D),鐳,(U+9433),mainland_traditional;opencc_s2t;unihan_simplified;unihan_traditional,0,6
镞,(U+955E),鏃,(U+93C3),mainland_traditional;opencc_s2t;unihan_simplified;unihan_traditional,0,1057
镫,(U+956B),鐙,(U+9419),mainland_traditional;opencc_s2t;unihan_simplified;unihan_traditional,0,1493
镪,(U+956A),鏹,(U+93F9),mainland_traditional;opencc_s2t;unihan_simplified;unihan_traditional,0,107
镩,(U+9569),鑹,(U+9479),mainland_traditional;opencc_s2t;unihan_simplified;unihan_traditional,0,74
镧,(U+9567),鑭,(U+946D),mainland_traditional;opencc_s2t;unihan_simplified;unihan_traditional,0,5
镦,(U+9566),鐓,(U+9413),mainland_traditional;opencc_s2t;unihan_simplified;unihan_traditional,0,26
镤,(U+9564),鏷,(U+93F7),mainland_traditional;opencc_s2t;unihan_simplified;unihan_traditional,0,3
镣,(U+9563),鐐,(U+9410),mainland_traditional;opencc_s2t;unihan_simplified;unihan_traditional,0,81
镡,(U+9561),鐔,(U+9414),mainland_traditional;opencc_s2t;unihan_simplified;unihan_traditional,0,297
镠,(U+9560),鏐,(U+93D0),mainland_traditional;opencc_s2t;unihan_simplified;unihan_traditional,0,293
镟,(U+955F),鏇,(U+93C7),opencc_s2t;unihan_simplified;unihan_traditional,0,97
镬,(U+956C),鑊,(U+944A),mainland_traditional;opencc_s2t;unihan_simplified;unihan_traditional,0,3112
违,(U+8FDD),違,(U+9055),mainland_traditional;opencc_s2t;unihan_simplified;unihan_traditional,0,79878
进,(U+8FDB),進,(U+9032),mainland_traditional;opencc_s2t;unihan_simplified;unihan_traditional,0,177245
这,(U+8FD9),這,(U+9019),mainland_traditional;opencc_s2t;unihan_simplified;unihan_traditional,0,120617
运,(U+8FD0),運,(U+904B),mainland_traditional;opencc_s2t;unihan_simplified;unihan_traditional,0,44747
辽,(U+8FBD),遼,(U+907C),mainland_traditional;opencc_s2t;unihan_simplified;unihan_traditional,0,6276
辫,(U+8FAB),辮,(U+8FAE),mainland_traditional;opencc_s2t;unihan_simplified;unihan_traditional,0,348
辩,(U+8FA9),辯,(U+8FAF),mainland_traditional;opencc_s2t;unihan_simplified;unihan_traditional,0,52180
辚,(U+8F9A),轔,(U+8F54),mainland_traditional;opencc_s2t;unihan_simplified;unihan_traditional,0,102
辙,(U+8F99),轍,(U+8F4D),mainland_traditional;opencc_s2t;unihan_simplified;unihan_traditional,0,4760
铣,(U+94E3),銑,(U+9291),mainland_traditional;opencc_s2t;unihan_simplified;unihan_traditional,0,637
辗,(U+8F97),輾,(U+8F3E),mainland_traditional;opencc_s2t;unihan_simplified;unihan_traditional,0,789
辖,(U+8F96),轄,(U+8F44),mainland_traditional;opencc_s2t;unihan_simplified;unihan_traditional,0,768
辕,(U+8F95),轅,(U+8F45),mainland_traditional;opencc_s2t;unihan_simplified;unihan_traditional,0,3104
辔,(U+8F94),轡,(U+8F61),mainland_traditional;opencc_s2t;unihan_simplified;unihan_traditional,0,1184
输,(U+8F93),輸,(U+8F38),mainland_traditional;opencc_s2t;unihan_simplified;unihan_traditional,0,13709
辑,(U+8F91),輯,(U+8F2F),mainland_traditional;opencc_s2t;unihan_simplified;unihan_traditional,0,5539
辐,(U+8F90),輻,(U+8F3B),mainland_traditional;opencc_s2t;unihan_simplified;unihan_traditional,0,2704
辏,(U+8F8F),輳,(U+8F33),mainland_traditional;opencc_s2t;unihan_simplified;unihan_traditional,0,399
辎,(U+8F8E),輜,(U+8F1C),mainland_traditional;opencc_s2t;unihan_simplified;unihan_traditional,0,507
辘,(U+8F98),轆,(U+8F46),mainland_traditional;opencc_s2t;unihan_simplified;unihan_traditional,0,876
酦,(U+9166),醱,(U+91B1),mainland_traditional;opencc_s2t;unihan_simplified;unihan_traditional,0,10
酝,(U+915D),醞,(U+919E),opencc_s2t;unihan_simplified;unihan_traditional,0,448
酂,(U+9142),酇,(U+9147),mainland_traditional;opencc_s2t;unihan_simplified;unihan_traditional,0,320
郸,(U+90F8),鄲,(U+9132),mainland_traditional;opencc_s2t;unihan_simplified;unihan_traditional,0,689
郧,(U+90E7),鄖,(U+9116),mainland_traditional;opencc_s2t;unihan_simplified;unihan_traditional,0,244
郦,(U+90E6),酈,(U+9148),mainland_traditional;opencc_s2t;unihan_simplified;unihan_traditional,0,437
郓,(U+90D3),鄆,(U+9106),mainland_traditional;opencc_s2t;unihan_simplified;unihan_traditional,0,550
郐,(U+90D0),鄶,(U+9136),mainland_traditional;opencc_s2t;unihan_simplified;unihan_traditional,0,51
郏,(U+90CF),郟,(U+90DF),mainland_traditional;opencc_s2t;unihan_simplified;unihan_traditional,0,137
连,(U+8FDE),連,(U+9023),mainland_traditional;opencc_s2t;unihan_simplified;unihan_traditional,0,47365
邺,(U+90BA),鄴,(U+9134),mainland_traditional;opencc_s2t;unihan_simplified;unihan_traditional,0,4916
邹,(U+90B9),鄒,(U+9112),mainland_traditional;opencc_s2t;unihan_simplified;unihan_traditional,0,1299
邮,(U+90AE),郵,(U+90F5),mainland_traditional;opencc_s2t;unihan_simplified;unihan_traditional,0,1207
邬,(U+90AC),鄔,(U+9114),mainland_traditional;opencc_s2t;unihan_simplified;unihan_traditional,0,5042
邝,(U+909D),鄺,(U+913A),mainland_traditional;opencc_s2t;unihan_simplified;unihan_traditional,0,36
逦,(U+9026),邐,(U+9090),mainland_traditional;opencc_s2t;unihan_simplified;unihan_traditional,0,424
逊,(U+900A),遜,(U+905C),mainland_traditional;opencc_s2t;unihan_simplified;unihan_traditional,0,4989
选,(U+9009),選,(U+9078),mainland_traditional;opencc_s2t;unihan_simplified;unihan_traditional,0,16448
迟,(U+8FDF),遲,(U+9072),mainland_traditional;opencc_s2t;unihan_simplified;unihan_traditional,0,13693
邻,(U+90BB),鄰,(U+9130),mainland_traditional;opencc_s2t;unihan_simplified;unihan_traditional,0,5986
轶,(U+8F76),軼,(U+8EFC),mainland_traditional;opencc_s2t;unihan_simplified;unihan_traditional,0,704
轵,(U+8F75),軹,(U+8EF9),mainland_traditional;opencc_s2t;unihan_simplified;unihan_traditional,0,169
轴,(U+8F74),軸,(U+8EF8),mainland_traditional;opencc_s2t;unihan_simplified;unihan_traditional,0,4371
轳,(U+8F73),轤,(U+8F64),mainland_traditional;opencc_s2t;unihan_simplified;unihan_traditional,0,273
轲,(U+8F72),軻,(U+8EFB),mainland_traditional;opencc_s2t;unihan_simplified;unihan_traditional,0,1117
轱,(U+8F71),軲,(U+8EF2),mainland_traditional;opencc_s2t;unihan_simplified;unihan_traditional,0,1
轰,(U+8F70),轟,(U+8F5F),mainland_traditional;opencc_s2t;unihan_simplified;unihan_traditional,0,1960
软,(U+8F6F),軟,(U+8EDF),mainland_traditional;opencc_s2t;unihan_simplified;unihan_traditional,0,12810
轮,(U+8F6E),輪,(U+8F2A),mainland_traditional;opencc_s2t;unihan_simplified;unihan_traditional,0,120379
辍,(U+8F8D),輟,(U+8F1F),mainland_traditional;opencc_s2t;unihan_simplified;unihan_traditional,0,3122
转,(U+8F6C),轉,(U+8F49),mainland_traditional;opencc_s2t;unihan_simplified;unihan_traditional,0,244430
轫,(U+8F6B),軔,(U+8ED4),mainland_traditional;opencc_s2t;unihan_simplified;unihan_traditional,0,208
轪,(U+8F6A),軑,(U+8ED1),mainland_traditional;opencc_s2t;unihan_simplified;unihan_traditional,0,30
轩,(U+8F69),軒,(U+8ED2),mainland_traditional;opencc_s2t;unihan_simplified;unihan_traditional,0,8884
轨,(U+8F68),軌,(U+8ECC),mainland_traditional;opencc_s2t;unihan_simplified;unihan_traditional,0,21947
轧,(U+8F67),軋,(U+8ECB),mainland_traditional;opencc_s2t;unihan_simplified;unihan_traditional,0,395
车,(U+8F66),車,(U+8ECA),mainland_traditional;opencc_s2t;unihan_simplified;unihan_traditional,0,57148
躯,(U+8EAF),軀,(U+8EC0),mainland_traditional;opencc_s2t;unihan_simplified;unihan_traditional,0,5733
躜,(U+8E9C),躦,(U+8EA6),mainland_traditional;opencc_s2t;unihan_simplified;unihan_traditional,0,3
轭,(U+8F6D),軛,(U+8EDB),mainland_traditional;opencc_s2t;unihan_simplified;unihan_traditional,0,1988
辌,(U+8F8C),輬,(U+8F2C),mainland_traditional;opencc_s2t;unihan_simplified;unihan_traditional,0,134
辋,(U+8F8B),輞,(U+8F1E),mainland_traditional;opencc_s2t;unihan_simplified;unihan_traditional,0,753
辊,(U+8F8A),輥,(U+8F25),mainland_traditional;opencc_s2t;unihan_simplified;unihan_traditional,0,1770
辉,(U+8F89),輝,(U+8F1D),mainland_traditional;opencc_s2t;unihan_simplified;unihan_traditional,0,10995
辈,(U+8F88),輩,(U+8F29),mainland_traditional;opencc_s2t;unihan_simplified;unihan_traditional,0,18082
辇,(U+8F87),輦,(U+8F26),mainland_traditional;opencc_s2t;unihan_simplified;unihan_traditional,0,3327
辆,(U+8F86),輛,(U+8F1B),mainland_traditional;opencc_s2t;unihan_simplified;unihan_traditional,0,185
辅,(U+8F85),輔,(U+8F14),mainland_traditional;opencc_s2t;unihan_simplified;unihan_traditional,0,18912
辄,(U+8F84),輒,(U+8F12),mainland_traditional;opencc_s2t;unihan_simplified;unihan_traditional,0,12603
轸,(U+8F78),軫,(U+8EEB),mainland_traditional;opencc_s2t;unihan_simplified;unihan_traditional,0,2247
辂,(U+8F82),輅,(U+8F05),mainland_traditional;opencc_s2t;unihan_simplified;unihan_traditional,0,1697
辁,(U+8F81),輇,(U+8F07),mainland_traditional;opencc_s2t;unihan_simplified;unihan_traditional,0,9
辀,(U+8F80),輈,(U+8F08),mainland_traditional;opencc_s2t;unihan_simplified;unihan_traditional,0,181
轿,(U+8F7F),轎,(U+8F4E),mainland_traditional;opencc_s2t;unihan_simplified;unihan_traditional,0,375
轾,(U+8F7E),輊,(U+8F0A),mainland_traditional;opencc_s2t;unihan_simplified;unihan_traditional,0,122
载,(U+8F7D),載,(U+8F09),mainland_traditional;opencc_s2t;unihan_simplified;unihan_traditional,0,47227
轼,(U+8F7C),軾,(U+8EFE),mainland_traditional;opencc_s2t;unihan_simplified;unihan_traditional,0,1187
轻,(U+8F7B),輕,(U+8F15),mainland_traditional;opencc_s2t;unihan_simplified;unihan_traditional,0,70562
轺,(U+8F7A),軺,(U+8EFA),mainland_traditional;opencc_s2t;unihan_simplified;unihan_traditional,0,217
轹,(U+8F79),轢,(U+8F62),mainland_traditional;opencc_s2t;unihan_simplified;unihan_traditional,0,1029
较,(U+8F83),較,(U+8F03),mainland_traditional;opencc_s2t;unihan_simplified;unihan_traditional,0,14735
铋,(U+94CB),鉍,(U+924D),mainland_traditional;opencc_s2t;unihan_simplified;unihan_traditional,0,1
铊,(U+94CA),鉈,(U+9248),mainland_traditional;opencc_s2t;unihan_simplified;unihan_traditional,0,12
铉,(U+94C9),鉉,(U+9249),mainland_traditional;opencc_s2t;unihan_simplified;unihan_traditional,0,591
铈,(U+94C8),鈰,(U+9230),mainland_traditional;opencc_s2t;unihan_simplified;unihan_traditional,0,9
铇,(U+94C7),鉋,(U+924B),opencc_s2t;unihan_simplified;unihan_traditional,0,51
铆,(U+94C6),鉚,(U+925A),mainland_traditional;opencc_s2t;unihan_simplified;unihan_traditional,0,6
铅,(U+94C5),鉛,(U+925B),mainland_traditional;opencc_s2t;unihan_simplified;unihan_traditional,0,1124
铄,(U+94C4),鑠,(U+9460),mainland_traditional;opencc_s2t;unihan_simplified;unihan_traditional,0,1249
铃,(U+94C3),鈴,(U+9234),mainland_traditional;opencc_s2t;unihan_simplified;unihan_traditional,0,5866
酱,(U+9171),醬,(U+91AC),mainland_traditional;opencc_s2t;unihan_simplified;unihan_traditional,0,1219
铁,(U+94C1),鐵,(U+9435),mainland_traditional;opencc_s2t;unihan_simplified;unihan_traditional,0,37774
铀,(U+94C0),鈾,(U+923E),mainland_traditional;opencc_s2t;unihan_simplified;unihan_traditional,0,10
钿,(U+94BF),鈿,(U+923F),mainland_traditional;opencc_s2t;unihan_simplified;unihan_traditional,0,412
钾,(U+94BE),鉀,(U+9240),mainland_traditional;opencc_s2t;unihan_simplified;unihan_traditional,0,315
钽,(U+94BD),鉭,(U+926D),mainland_traditional;opencc_s2t;unihan_simplified;unihan_traditional,0,2
钼,(U+94BC),鉬,(U+926C),mainland_traditional;opencc_s2t;unihan_simplified;unihan_traditional,0,2
钺,(U+94BA),鉞,(U+925E),mainland_traditional;opencc_s2t;unihan_simplified;unihan_traditional,0,1653
钹,(U+94B9),鈸,(U+9238),mainland_traditional;opencc_s2t;unihan_simplified;unihan_traditional,0,526
钸,(U+94B8),鈽,(U+923D),opencc_s2t;unihan_simplified;unihan_traditional,0,2
铂,(U+94C2),鉑,(U+9251),mainland_traditional;opencc_s2t;unihan_simplified;unihan_traditional,0,1
铢,(U+94E2),銖,(U+9296),mainland_traditional;opencc_s2t;unihan_simplified;unihan_traditional,0,1830
铠,(U+94E0),鎧,(U+93A7),mainland_traditional;opencc_s2t;unihan_simplified;unihan_traditional,0,4180
铟,(U+94DF),銦,(U+92A6),mainland_traditional;opencc_s2t;unihan_simplified;unihan_traditional,0,2
铜,(U+94DC),銅,(U+9285),mainland_traditional;opencc_s2t;unihan_simplified;unihan_traditional,0,14481
铛,(U+94DB),鐺,(U+943A),mainland_traditional;opencc_s2t;unihan_simplified;unihan_traditional,0,1247
铚,(U+94DA),銍,(U+928D),mainland_traditional;opencc_s2t;unihan_simplified;unihan_traditional,0,112
铙,(U+94D9),鐃,(U+9403),mainland_traditional;opencc_s2t;unihan_simplified;unihan_traditional,0,613
铘,(U+94D8),鋣,(U+92E3),mainland_traditional;opencc_s2t;unihan_simplified;unihan_traditional,0,32
铗,(U+94D7),鋏,(U+92CF),mainland_traditional;opencc_s2t;unihan_simplified;unihan_traditional,0,65
铌,(U+94CC),鈮,(U+922E),mainland_traditional;opencc_s2t;unihan_simplified;unihan_traditional,0,13
铕,(U+94D5),銪,(U+92AA),mainland_traditional;opencc_s2t;unihan_simplified;unihan_traditional,0,1
铔,(U+94D4),錏,(U+930F),opencc_s2t;unihan_simplified;unihan_traditional,0,11
铓,(U+94D3),鋩,(U+92E9),opencc_s2t;unihan_simplified;unihan_traditional,0,880
铒,(U+94D2),鉺,(U+927A),mainland_traditional;opencc_s2t;unihan_simplified;unihan_traditional,0,39
铑,(U+94D1),銠,(U+92A0),mainland_traditional;opencc_s2t;unihan_simplified;unihan_traditional,0,1
铐,(U+94D0),銬,(U+92AC),mainland_traditional;opencc_s2t;unihan_simplified;unihan_traditional,0,5
铏,(U+94CF),鉶,(U+9276),mainland_traditional;opencc_s2t;unihan_simplified;unihan_traditional,0,26
铎,(U+94CE),鐸,(U+9438),mainland_traditional;opencc_s2t;unihan_simplified;unihan_traditional,0,2839
铍,(U+94CD),鈹,(U+9239),mainland_traditional;opencc_s2t;unihan_simplified;unihan_traditional,0,72
铖,(U+94D6),鋮,(U+92EE),mainland_traditional;opencc_s2t;unihan_simplified;unihan_traditional,0,22
钛,(U+949B),鈦,(U+9226),mainland_traditional;opencc_s2t;unihan_simplified;unihan_traditional,0,2
钙,(U+9499),鈣,(U+9223),mainland_traditional;opencc_s2t;unihan_simplified;unihan_traditional,0,12
钗,(U+9497),釵,(U+91F5),mainland_traditional;opencc_s2t;unihan_simplified;unihan_traditional,0,922
钖,(U+9496),鍚,(U+935A),mainland_traditional;opencc_s2t;unihan_simplified;unihan_traditional,0,321
钔,(U+9494),鍆,(U+9346),mainland_traditional;opencc_s2t;unihan_simplified;unihan_traditional,0,1
钓,(U+9493),釣,(U+91E3),mainland_traditional;opencc_s2t;unihan_simplified;unihan_traditional,0,5538
钒,(U+9492),釩,(U+91E9),mainland_traditional;opencc_s2t;unihan_simplified;unihan_traditional,0,2
钑,(U+9491),鈒,(U+9212),opencc_s2t;unihan_simplified;unihan_traditional,0,47
钐,(U+9490),釤,(U+91E4),mainland_traditional;opencc_s2t;unihan_simplified;unihan_traditional,0,475
钶,(U+94B6),鈳,(U+9233),opencc_s2t;unihan_simplified;unihan_traditional,0,6
钍,(U+948D),釷,(U+91F7),mainland_traditional;opencc_s2t;unihan_simplified;unihan_traditional,0,8
钌,(U+948C),釕,(U+91D5),mainland_traditional;opencc_s2t;unihan_simplified;unihan_traditional,0,1
钋,(U+948B),釙,(U+91D9),mainland_traditional;opencc_s2t;unihan_simplified;unihan_traditional,0,6
钊,(U+948A),釗,(U+91D7),mainland_traditional;opencc_s2t;unihan_simplified;unihan_traditional,0,383
钉,(U+9489),釘,(U+91D8),mainland_traditional;opencc_s2t;unihan_simplified;unihan_traditional,0,4391
錾,(U+933E),鏨,(U+93E8),mainland_traditional;opencc_s2t;unihan_simplified;unihan_traditional,0,81
酿,(U+917F),釀,(U+91C0),mainland_traditional;opencc_s2t;unihan_simplified;unihan_traditional,0,840
酾,(U+917E),釃,(U+91C3),mainland_traditional;opencc_s2t;unihan_simplified;unihan_traditional,0,82
酽,(U+917D),釅,(U+91C5),mainland_traditional;opencc_s2t;unihan_simplified;unihan_traditional,0,116
钏,(U+948F),釧,(U+91E7),mainland_traditional;opencc_s2t;unihan_simplified;unihan_traditional,0,1441
钴,(U+94B4),鈷,(U+9237),mainland_traditional;opencc_s2t;unihan_simplified;unihan_traditional,0,571
钳,(U+94B3),鉗,(U+9257),mainland_traditional;opencc_s2t;unihan_simplified;unihan_traditional,0,3242
钲,(U+94B2),鉦,(U+9266),mainland_traditional;opencc_s2t;unihan_simplified;unihan_traditional,0,205
钱,(U+94B1),錢,(U+9322),mainland_traditional;opencc_s2t;unihan_simplified;unihan_traditional,0,38540
钰,(U+94B0),鈺,(U+923A),mainland_traditional;opencc_s2t;unihan_simplified;unihan_traditional,0,85
钯,(U+94AF),鈀,(U+9200),mainland_traditional;opencc_s2t;unihan_simplified;unihan_traditional,0,11
钮,(U+94AE),鈕,(U+9215),mainland_traditional;opencc_s2t;unihan_simplified;unihan_traditional,0,330
钭,(U+94AD),鈄,(U+9204),mainland_traditional;opencc_s2t;unihan_simplified;unihan_traditional,0,17
钬,(U+94AC),鈥,(U+9225),mainland_traditional;opencc_s2t;unihan_simplified;unihan_traditional,0,1
钜,(U+949C),鉅,(U+9245),mainland_traditional;opencc_s2t;unihan_simplified;unihan_traditional,0,2324
钨,(U+94A8),鎢,(U+93A2),mainland_traditional;opencc_s2t;unihan_simplified;unihan_traditional,0,26
钧,(U+94A7),鈞,(U+921E),mainland_traditional;opencc_s2t;unihan_simplified;unihan_traditional,0,2432
钦,(U+94A6),欽,(U+6B3D),mainland_traditional;opencc_s2t;unihan_simplified;unihan_traditional,0,13886
钤,(U+94A4),鈐,(U+9210),mainland_traditional;opencc_s2t;unihan_simplified;unihan_traditional,0,511
钣,(U+94A3),鈑,(U+9211),mainland_traditional;opencc_s2t;unihan_simplified;unihan_traditional,0,6
钢,(U+94A2),鋼,(U+92FC),mainland_traditional;opencc_s2t;unihan_simplified;unihan_traditional,0,543
钡,(U+94A1),鋇,(U+92C7),mainland_traditional;opencc_s2t;unihan_simplified;unihan_traditional,0,4
钠,(U+94A0),鈉,(U+9209),mainland_traditional;opencc_s2t;unihan_simplified;unihan_traditional,0,8
钞,(U+949E),鈔,(U+9214),mainland_traditional;opencc_s2t;unihan_simplified;unihan_traditional,0,26864
钝,(U+949D),鈍,(U+920D),mainland_traditional;opencc_s2t;unihan_simplified;unihan_traditional,0,19422
钪,(U+94AA),鈧,(U+9227),mainland_traditional;opencc_s2t;unihan_simplified;unihan_traditional,0,14
鲒,(U+9C92),鮚,(U+9B9A),mainland_traditional;opencc_s2t;unihan_simplified;unihan_traditional,0,22
鲑,(U+9C91),鮭,(U+9BAD),mainland_traditional;opencc_s2t;unihan_simplified;unihan_traditional,0,48
鲐,(U+9C90),鮐,(U+9B90),mainland_traditional;opencc_s2t;unihan_simplified;unihan_traditional,0,46
鲏,(U+9C8F),鮍,(U+9B8D),mainland_traditional;opencc_s2t;unihan_simplified;unihan_traditional,0,1
鲎,(U+9C8E),鱟,(U+9C5F),mainland_traditional;opencc_s2t;unihan_simplified;unihan_traditional,0,1
鲍,(U+9C8D),鮑,(U+9B91),mainland_traditional;opencc_s2t;unihan_simplified;unihan_traditional,0,1283
鲌,(U+9C8C),鮊,(U+9B8A),mainland_traditional;opencc_s2t;unihan_simplified;unihan_traditional,0,1
鲋,(U+9C8B),鮒,(U+9B92),mainland_traditional;opencc_s2t;unihan_simplified;unihan_traditional,0,80
鲊,(U+9C8A),鮓,(U+9B93),mainland_traditional;opencc_s2t;unihan_simplified;unihan_traditional,0,87
阖,(U+9616),闔,(U+95D4),mainland_traditional;opencc_s2t;unihan_simplified;unihan_traditional,0,2598
鲇,(U+9C87),鮎,(U+9B8E),mainland_traditional;opencc_s2t;unihan_simplified;unihan_traditional,0,94
鲂,(U+9C82),魴,(U+9B74),mainland_traditional;opencc_s2t;unihan_simplified;unihan_traditional,0,171
鲁,(U+9C81),魯,(U+9B6F),mainland_traditional;opencc_s2t;unihan_simplified;unihan_traditional,0,13513
鲀,(U+9C80),魨,(U+9B68),mainland_traditional;opencc_s2t;unihan_simplified;unihan_traditional,0,12
鱽,(U+9C7D),魛,(U+9B5B),mainland_traditional;opencc_s2t;unihan_simplified;unihan_traditional,0,12
鱼,(U+9C7C),魚,(U+9B5A),mainland_traditional;opencc_s2t;unihan_simplified;unihan_traditional,0,28009
魉,(U+9B49),魎,(U+9B4E),mainland_traditional;opencc_s2t;unihan_simplified;unihan_traditional,0,732
魇,(U+9B47),魘,(U+9B58),mainland_traditional;opencc_s2t;unihan_simplified;unihan_traditional,0,647
鬓,(U+9B13),鬢,(U+9B22),mainland_traditional;opencc_s2t;unihan_simplified;unihan_traditional,0,1612
鲈,(U+9C88),鱸,(U+9C78),mainland_traditional;opencc_s2t;unihan_simplified;unihan_traditional,0,50
鲭,(U+9CAD),鯖,(U+9BD6),mainland_traditional;opencc_s2t;unihan_simplified;unihan_traditional,0,33
鲫,(U+9CAB),鯽,(U+9BFD),mainland_traditional;opencc_s2t;unihan_simplified;unihan_traditional,0,41
鲩,(U+9CA9),鯇,(U+9BC7),mainland_traditional;opencc_s2t;unihan_simplified;unihan_traditional,0,4
鲨,(U+9CA8),鯊,(U+9BCA),mainland_traditional;opencc_s2t;unihan_simplified;unihan_traditional,0,9
鲧,(U+9CA7),鯀,(U+9BC0),mainland_traditional;opencc_s2t;unihan_simplified;unihan_traditional,0,195
鲦,(U+9CA6),鰷,(U+9C37),mainland_traditional;opencc_s2t;unihan_simplified;unihan_traditional,0,2
鲥,(U+9CA5),鰣,(U+9C23),mainland_traditional;opencc_s2t;unihan_simplified;unihan_traditional,0,11
鲤,(U+9CA4),鯉,(U+9BC9),mainland_traditional;opencc_s2t;unihan_simplified;unihan_traditional,0,1236
鲣,(U+9CA3),鰹,(U+9C39),mainland_traditional;opencc_s2t;unihan_simplified;unihan_traditional,0,3
鲔,(U+9C94),鮪,(U+9BAA),mainland_traditional;opencc_s2t;unihan_simplified;unihan_traditional,0,185
鲡,(U+9CA1),鱺,(U+9C7A),mainland_traditional;opencc_s2t;unihan_simplified;unihan_traditional,0,4
鲠,(U+9CA0),鯁,(U+9BC1),mainland_traditional;opencc_s2t;unihan_simplified;unihan_traditional,0,526
鲟,(U+9C9F),鱘,(U+9C58),mainland_traditional;opencc_s2t;unihan_simplified;unihan_traditional,0,7
鲛,(U+9C9B),鮫,(U+9BAB),mainland_traditional;opencc_s2t;unihan_simplified;unihan_traditional,0,153
鲚,(U+9C9A),鱭,(U+9C6D),mainland_traditional;opencc_s2t;unihan_simplified;unihan_traditional,0,6
鲙,(U+9C99),鱠,(U+9C60),mainland_traditional;opencc_s2t;unihan_simplified;unihan_traditional,0,163
鲗,(U+9C97),鰂,(U+9C02),mainland_traditional;opencc_s2t;unihan_simplified;unihan_traditional,0,14
鲖,(U+9C96),鮦,(U+9BA6),mainland_traditional;opencc_s2t;unihan_simplified;unihan_traditional,0,68
鲕,(U+9C95),鮞,(U+9B9E),mainland_traditional;opencc_s2t;unihan_simplified;unihan_traditional,0,9
鲢,(U+9CA2),鰱,(U+9C31),mainland_traditional;opencc_s2t;unihan_simplified;unihan_traditional,0,7
骔,(U+9A94),騌,(U+9A0C),opencc_s2t;unihan_simplified;unihan_traditional,0,3
骓,(U+9A93),騅,(U+9A05),mainland_traditional;opencc_s2t;unihan_simplified;unihan_traditional,0,189
骒,(U+9A92),騍,(U+9A0D),mainland_traditional;opencc_s2t;unihan_simplified;unihan_traditional,0,4
骑,(U+9A91),騎,(U+9A0E),mainland_traditional;opencc_s2t;unihan_simplified;unihan_traditional,0,28953
骐,(U+9A90),騏,(U+9A0F),mainland_traditional;opencc_s2t;unihan_simplified;unihan_traditional,0,337
骏,(U+9A8F),駿,(U+99FF),mainland_traditional;opencc_s2t;unihan_simplified;unihan_traditional,0,2733
骎,(U+9A8E),駸,(U+99F8),mainland_traditional;opencc_s2t;unihan_simplified;unihan_traditional,0,312
骍,(U+9A8D),騂,(U+9A02),mainland_traditional;opencc_s2t;unihan_simplified;unihan_traditional,0,82
验,(U+9A8C),驗,(U+9A57),mainland_traditional;opencc_s2t;unihan_simplified;unihan_traditional,0,23973
髌,(U+9ACC),髕,(U+9AD5),mainland_traditional;opencc_s2t;unihan_simplified;unihan_traditional,0,30
骊,(U+9A8A),驪,(U+9A6A),mainland_traditional;opencc_s2t;unihan_simplified;unihan_traditional,0,1885
骉,(U+9A89),驫,(U+9A6B),mainland_traditional;opencc_s2t;unihan_simplified;unihan_traditional,0,8
骈,(U+9A88),駢,(U+99E2),mainland_traditional;opencc_s2t;unihan_simplified;unihan_traditional,0,1448
骇,(U+9A87),駭,(U+99ED),mainland_traditional;opencc_s2t;unihan_simplified;unihan_traditional,0,4342
骆,(U+9A86),駱,(U+99F1),mainland_traditional;opencc_s2t;unihan_simplified;unihan_traditional,0,1521
骅,(U+9A85),驊,(U+9A4A),mainland_traditional;opencc_s2t;unihan_simplified;unihan_traditional,0,227
骄,(U+9A84),驕,(U+9A55),mainland_traditional;opencc_s2t;unihan_simplified;unihan_traditional,0,3197
骃,(U+9A83),駰,(U+99F0),mainland_traditional;opencc_s2t;unihan_simplified;unihan_traditional,0,158
骁,(U+9A81),驍,(U+9A4D),mainland_traditional;opencc_s2t;unihan_simplified;unihan_traditional,0,1991
骋,(U+9A8B),騁,(U+9A01),mainland_traditional;opencc_s2t;unihan_simplified;unihan_traditional,0,1808
髋,(U+9ACB),髖,(U+9AD6),mainland_traditional;opencc_s2t;unihan_simplified;unihan_traditional,0,192
髅,(U+9AC5),髏,(U+9ACF),mainland_traditional;opencc_s2t;unihan_simplified;unihan_traditional,0,3563
骧,(U+9AA7),驤,(U+9A64),mainland_traditional;opencc_s2t;unihan_simplified;unihan_traditional,0,1442
骦,(U+9AA6),驦,(U+9A66),mainland_traditional;opencc_s2t;unihan_simplified;unihan_traditional,0,9
骥,(U+9AA5),驥,(U+9A65),mainland_traditional;opencc_s2t;unihan_simplified;unihan_traditional,0,1096
骤,(U+9AA4),驟,(U+9A5F),mainland_traditional;opencc_s2t;unihan_simplified;unihan_traditional,0,2443
骣,(U+9AA3),驏,(U+9A4F),mainland_traditional;opencc_s2t;unihan_simplified;unihan_traditional,0,1
骢,(U+9AA2),驄,(U+9A44),mainland_traditional;opencc_s2t;unihan_simplified;unihan_traditional,0,132
骡,(U+9AA1),騾,(U+9A3E),mainland_traditional;opencc_s2t;unihan_simplified;unihan_traditional,0,684
骕,(U+9A95),驌,(U+9A4C),mainland_traditional;opencc_s2t;unihan_simplified;unihan_traditional,0,15
骟,(U+9A9F),騸,(U+9A38),mainland_traditional;opencc_s2t;unihan_simplified;unihan_traditional,0,1
骞,(U+9A9E),騫,(U+9A2B),mainland_traditional;opencc_s2t;unihan_simplified;unihan_traditional,0,1788
骝,(U+9A9D),騮,(U+9A2E),mainland_traditional;opencc_s2t;unihan_simplified;unihan_traditional,0,254
骜,(U+9A9C),驁,(U+9A41),mainland_traditional;opencc_s2t;unihan_simplified;unihan_traditional,0,109
骛,(U+9A9B),騖,(U+9A16),mainland_traditional;opencc_s2t;unihan_simplified;unihan_traditional,0,728
骚,(U+9A9A),騷,(U+9A37),mainland_traditional;opencc_s2t;unihan_simplified;unihan_traditional,0,1598
骙,(U+9A99),騤,(U+9A24),mainland_traditional;opencc_s2t;unihan_simplified;unihan_traditional,0,28
骘,(U+9A98),騭,(U+9A2D),mainland_traditional;opencc_s2t;unihan_simplified;unihan_traditional,0,358
骗,(U+9A97),騙,(U+9A19),mainland_traditional;opencc_s2t;unihan_simplified;unihan_traditional,0,515
骖,(U+9A96),驂,(U+9A42),mainland_traditional;opencc_s2t;unihan_simplified;unihan_traditional,0,541
骠,(U+9AA0),驃,(U+9A43),mainland_traditional;opencc_s2t;unihan_simplified;unihan_traditional,0,3529
鸽,(U+9E3D),鴿,(U+9D3F),mainland_traditional;opencc_s2t;unihan_simplified;unihan_traditional,0,2051
鸼,(U+9E3C),鵃,(U+9D43),mainland_traditional;opencc_s2t;unihan_simplified;unihan_traditional,0,6
鸺,(U+9E3A),鵂,(U+9D42),mainland_traditional;opencc_s2t;unihan_simplified;unihan_traditional,0,475
鸹,(U+9E39),鴰,(U+9D30),mainland_traditional;opencc_s2t;unihan_simplified;unihan_traditional,0,46
鸸,(U+9E38),鴯,(U+9D2F),mainland_traditional;opencc_s2t;unihan_simplified;unihan_traditional,0,6
鸷,(U+9E37),鷙,(U+9DD9),mainland_traditional;opencc_s2t;unihan_simplified;unihan_traditional,0,385
鸶,(U+9E36),鷥,(U+9DE5),mainland_traditional;opencc_s2t;unihan_simplified;unihan_traditional,0,415
鸵,(U+9E35),鴕,(U+9D15),mainland_traditional;opencc_s2t;unihan_simplified;unihan_traditional,0,3
鸴,(U+9E34),鷽,(U+9DFD),opencc_s2t;unihan_simplified;unihan_traditional,0,25
鲮,(U+9CAE),鯪,(U+9BEA),mainland_traditional;opencc_s2t;unihan_simplified;unihan_traditional,0,16
鸲,(U+9E32),鴝,(U+9D1D),mainland_traditional;opencc_s2t;unihan_simplified;unihan_traditional,0,228
鸱,(U+9E31),鴟,(U+9D1F),mainland_traditional;opencc_s2t;unihan_simplified;unihan_traditional,0,933
鸰,(U+9E30),鴒,(U+9D12),mainland_traditional;opencc_s2t;unihan_simplified;unihan_traditional,0,108
鸯,(U+9E2F),鴦,(U+9D26),mainland_traditional;opencc_s2t;unihan_simplified;unihan_traditional,0,3056
鸮,(U+9E2E),鴞,(U+9D1E),mainland_traditional;opencc_s2t;unihan_simplified;unihan_traditional,0,196
鸭,(U+9E2D),鴨,(U+9D28),mainland_traditional;opencc_s2t;unihan_simplified;unihan_traditional,0,1825
鸬,(U+9E2C),鸕,(U+9E15),mainland_traditional;opencc_s2t;unihan_simplified;unihan_traditional,0,127
鸫,(U+9E2B),鶇,(U+9D87),mainland_traditional;opencc_s2t;unihan_simplified;unihan_traditional,0,1
鸪,(U+9E2A),鴣,(U+9D23),mainland_traditional;opencc_s2t;unihan_simplified;unihan_traditional,0,913
鸳,(U+9E33),鴛,(U+9D1B),mainland_traditional;opencc_s2t;unihan_simplified;unihan_traditional,0,2094
鹔,(U+9E54),鷫,(U+9DEB),mainland_traditional;opencc_s2t;unihan_simplified;unihan_traditional,0,29
鹓,(U+9E53),鵷,(U+9D77),opencc_s2t;unihan_simplified;unihan_traditional,0,104
鹒,(U+9E52),鶊,(U+9D8A),mainland_traditional;opencc_s2t;unihan_simplified;unihan_traditional,0,13
鹑,(U+9E51),鶉,(U+9D89),mainland_traditional;opencc_s2t;unihan_simplified;unihan_traditional,0,811
鹐,(U+9E50),鵮,(U+9D6E),mainland_traditional;opencc_s2t;unihan_simplified;unihan_traditional,0,64
鹏,(U+9E4F),鵬,(U+9D6C),mainland_traditional;opencc_s2t;unihan_simplified;unihan_traditional,0,1965
鹎,(U+9E4E),鵯,(U+9D6F),mainland_traditional;opencc_s2t;unihan_simplified;unihan_traditional,0,13
鹍,(U+9E4D),鵾,(U+9D7E),mainland_traditional;opencc_s2t;unihan_simplified;unihan_traditional,0,151
鹌,(U+9E4C),鵪,(U+9D6A),mainland_traditional;opencc_s2t;unihan_simplified;unihan_traditional,0,17
鸾,(U+9E3E),鸞,(U+9E1E),mainland_traditional;opencc_s2t;unihan_simplified;unihan_traditional,0,4211
鹉,(U+9E49),鵡,(U+9D61),mainland_traditional;opencc_s2t;unihan_simplified;unihan_traditional,0,2565
鹈,(U+9E48),鵜,(U+9D5C),mainland_traditional;opencc_s2t;unihan_simplified;unihan_traditional,0,68
鹆,(U+9E46),鵒,(U+9D52),mainland_traditional;opencc_s2t;unihan_simplified;unihan_traditional,0,370
鹅,(U+9E45),鵝,(U+9D5D),mainland_traditional;opencc_s2t;unihan_simplified;unihan_traditional,0,3231
鹄,(U+9E44),鵠,(U+9D60),mainland_traditional;opencc_s2t;unihan_simplified;unihan_traditional,0,1852
鹃,(U+9E43),鵑,(U+9D51),mainland_traditional;opencc_s2t;unihan_simplified;unihan_traditional,0,511
鹂,(U+9E42),鸝,(U+9E1D),mainland_traditional;opencc_s2t;unihan_simplified;unihan_traditional,0,507
鹁,(U+9E41),鵓,(U+9D53),mainland_traditional;opencc_s2t;unihan_simplified;unihan_traditional,0,273
鸿,(U+9E3F),鴻,(U+9D3B),mainland_traditional;opencc_s2t;unihan_simplified;unihan_traditional,0,8333
鹊,(U+9E4A),鵲,(U+9D72),mainland_traditional;opencc_s2t;unihan_simplified;unihan_traditional,0,2272
鳑,(U+9CD1),鰟,(U+9C1F),mainland_traditional;opencc_s2t;unihan_simplified;unihan_traditional,0,2
鳐,(U+9CD0),鰩,(U+9C29),mainland_traditional;opencc_s2t;unihan_simplified;unihan_traditional,0,2
鳏,(U+9CCF),鰥,(U+9C25),mainland_traditional;opencc_s2t;unihan_simplified;unihan_traditional,0,536
鳎,(U+9CCE),鰨,(U+9C28),mainland_traditional;opencc_s2t;unihan_simplified;unihan_traditional,0,5
鳍,(U+9CCD),鰭,(U+9C2D),mainland_traditional;opencc_s2t;unihan_simplified;unihan_traditional,0,6
鳊,(U+9CCA),鯿,(U+9BFF),mainland_traditional;opencc_s2t;unihan_simplified;unihan_traditional,0,13
鳆,(U+9CC6),鰒,(U+9C12),opencc_s2t;unihan_simplified;unihan_traditional,0,14
鳅,(U+9CC5),鰍,(U+9C0D),mainland_traditional;opencc_s2t;unihan_simplified;unihan_traditional,0,102
鳃,(U+9CC3),鰓,(U+9C13),mainland_traditional;opencc_s2t;unihan_simplified;unihan_traditional,0,106
鸩,(U+9E29),鴆,(U+9D06),mainland_traditional;opencc_s2t;unihan_simplified;unihan_traditional,0,896
鲿,(U+9CBF),鱨,(U+9C68),mainland_traditional;opencc_s2t;unihan_simplified;unihan_traditional,0,6
鲽,(U+9CBD),鰈,(U+9C08),mainland_traditional;opencc_s2t;unihan_simplified;unihan_traditional,0,17
鲻,(U+9CBB),鯔,(U+9BD4),mainland_traditional;opencc_s2t;unihan_simplified;unihan_traditional,0,13
鲹,(U+9CB9),鰺,(U+9C3A),mainland_traditional;opencc_s2t;unihan_simplified;unihan_traditional,0,7
鲸,(U+9CB8),鯨,(U+9BE8),mainland_traditional;opencc_s2t;unihan_simplified;unihan_traditional,0,1823
鲷,(U+9CB7),鯛,(U+9BDB),mainland_traditional;opencc_s2t;unihan_simplified;unihan_traditional,0,5
鲶,(U+9CB6),鯰,(U+9BF0),opencc_s2t;unihan_simplified;unihan_traditional,0,23
鲲,(U+9CB2),鯤,(U+9BE4),mainland_traditional;opencc_s2t;unihan_simplified;unihan_traditional,0,627
鲰,(U+9CB0),鯫,(U+9BEB),mainland_traditional;opencc_s2t;unihan_simplified;unihan_traditional,0,19
鳀,(U+9CC0),鯷,(U+9BF7),mainland_traditional;opencc_s2t;unihan_simplified;unihan_traditional,0,35
鸨,(U+9E28),鴇,(U+9D07),mainland_traditional;opencc_s2t;unihan_simplified;unihan_traditional,0,31
鸧,(U+9E27),鶬,(U+9DAC),mainland_traditional;opencc_s2t;unihan_simplified;unihan_traditional,0,86
鸦,(U+9E26),鴉,(U+9D09),mainland_traditional;opencc_s2t;unihan_simplified;unihan_traditional,0,1871
鸥,(U+9E25),鷗,(U+9DD7),mainland_traditional;opencc_s2t;unihan_simplified;unihan_traditional,0,910
鸤,(U+9E24),鳲,(U+9CF2),mainland_traditional;opencc_s2t;unihan_simplified;unihan_traditional,0,25
鸣,(U+9E23),鳴,(U+9CF4),mainland_traditional;opencc_s2t;unihan_simplified;unihan_traditional,0,25892
鸢,(U+9E22),鳶,(U+9CF6),mainland_traditional;opencc_s2t;unihan_simplified;unihan_traditional,0,564
鸠,(U+9E20),鳩,(U+9CE9),mainland_traditional;opencc_s2t;unihan_simplified;unihan_traditional,0,9822
鸟,(U+9E1F),鳥,(U+9CE5),mainland_traditional;opencc_s2t;unihan_simplified;unihan_traditional,0,40182
鳔,(U+9CD4),鰾,(U+9C3E),mainland_traditional;opencc_s2t;unihan_simplified;unihan_traditional,0,7
鳢,(U+9CE2),鱧,(U+9C67),mainland_traditional;opencc_s2t;unihan_simplified;unihan_traditional,0,26
鳡,(U+9CE1),鱤,(U+9C64),mainland_traditional;opencc_s2t;unihan_simplified;unihan_traditional,0,2
鳠,(U+9CE0),鱯,(U+9C6F),mainland_traditional;opencc_s2t;unihan_simplified;unihan_traditional,0,9
鳟,(U+9CDF),鱒,(U+9C52),mainland_traditional;opencc_s2t;unihan_simplified;unihan_traditional,0,19
鳞,(U+9CDE),鱗,(U+9C57),mainland_traditional;opencc_s2t;unihan_simplified;unihan_traditional,0,4553
鳝,(U+9CDD),鱔,(U+9C54),mainland_traditional;opencc_s2t;unihan_simplified;unihan_traditional,0,98
鳜,(U+9CDC),鱖,(U+9C56),mainland_traditional;opencc_s2t;unihan_simplified;unihan_traditional,0,5
鳙,(U+9CD9),鱅,(U+9C45),mainland_traditional;opencc_s2t;unihan_simplified;unihan_traditional,0,1
鳗,(U+9CD7),鰻,(U+9C3B),mainland_traditional;opencc_s2t;unihan_simplified;unihan_traditional,0,146
鳖,(U+9CD6),鱉,(U+9C49),mainland_traditional;opencc_s2t;unihan_simplified;unihan_traditional,0,1731
鳣,(U+9CE3),鱣,(U+9C63),mainland_traditional;opencc_s2t;unihan_simplified;unihan_traditional,0,130
颐,(U+9890),頤,(U+9824),mainland_traditional;opencc_s2t;unihan_simplified;unihan_traditional,0,2103
颏,(U+988F),頦,(U+9826),mainland_traditional;opencc_s2t;unihan_simplified;unihan_traditional,0,76
颎,(U+988E),熲,(U+71B2),mainland_traditional;opencc_s2t;unihan_simplified;unihan_traditional,0,800
颍,(U+988D),潁,(U+6F41),mainland_traditional;opencc_s2t;unihan_simplified;unihan_traditional,0,2719
颌,(U+988C),頜,(U+981C),mainland_traditional;opencc_s2t;unihan_simplified;unihan_traditional,0,41
颋,(U+988B),頲,(U+9832),mainland_traditional;opencc_s2t;unihan_simplified;unihan_traditional,0,245
颊,(U+988A),頰,(U+9830),mainland_traditional;opencc_s2t;unihan_simplified;unihan_traditional,0,2363
颉,(U+9889),頡,(U+9821),mainland_traditional;opencc_s2t;unihan_simplified;unihan_traditional,0,3596
颈,(U+9888),頸,(U+9838),mainland_traditional;opencc_s2t;unihan_simplified;unihan_traditional,0,4493
骀,(U+9A80),駘,(U+99D8),mainland_traditional;opencc_s2t;unihan_simplified;unihan_traditional,0,279
领,(U+9886),領,(U+9818),mainland_traditional;opencc_s2t;unihan_simplified;unihan_traditional,0,56365
颅,(U+9885),顱,(U+9871),mainland_traditional;opencc_s2t;unihan_simplified;unihan_traditional,0,572
预,(U+9884),預,(U+9810),mainland_traditional;opencc_s2t;unihan_simplified;unihan_traditional,0,26449
颃,(U+9883),頏,(U+980F),mainland_traditional;opencc_s2t;unihan_simplified;unihan_traditional,0,136
颂,(U+9882),頌,(U+980C),mainland_traditional;opencc_s2t;unihan_simplified;unihan_traditional,0,126257
颁,(U+9881),頒,(U+9812),mainland_traditional;opencc_s2t;unihan_simplified;unihan_traditional,0,3312
颀,(U+9880),頎,(U+980E),mainland_traditional;opencc_s2t;unihan_simplified;unihan_traditional,0,323
顿,(U+987F),頓,(U+9813),mainland_traditional;opencc_s2t;unihan_simplified;unihan_traditional,0,58523
顽,(U+987D),頑,(U+9811),mainland_traditional;opencc_s2t;unihan_simplified;unihan_traditional,0,6246
颇,(U+9887),頗,(U+9817),mainland_traditional;opencc_s2t;unihan_simplified;unihan_traditional,0,24085
颤,(U+98A4),顫,(U+986B),mainland_traditional;opencc_s2t;unihan_simplified;unihan_traditional,0,808
颣,(U+98A3),纇,(U+7E87),opencc_s2t;unihan_simplified;unihan_traditional,0,192
颢,(U+98A2),顥,(U+9865),mainland_traditional;opencc_s2t;unihan_simplified;unihan_traditional,0,1431
颡,(U+98A1),顙,(U+9859),mainland_traditional;opencc_s2t;unihan_simplified;unihan_traditional,0,1014
颠,(U+98A0),顛,(U+985B),mainland_traditional;opencc_s2t;unihan_simplified;unihan_traditional,0,37161
颟,(U+989F),顢,(U+9862),mainland_traditional;opencc_s2t;unihan_simplified;unihan_traditional,0,938
颞,(U+989E),顳,(U+9873),mainland_traditional;opencc_s2t;unihan_simplified;unihan_traditional,0,9
额,(U+989D),額,(U+984D),mainland_traditional;opencc_s2t;unihan_simplified;unihan_traditional,0,11661
颜,(U+989C),顏,(U+984F),opencc_s2t;unihan_simplified;unihan_traditional,0,18905
频,(U+9891),頻,(U+983B),mainland_traditional;opencc_s2t;unihan_simplified;unihan_traditional,0,15705
颚,(U+989A),顎,(U+984E),mainland_traditional;opencc_s2t;unihan_simplified;unihan_traditional,0,54
颙,(U+9899),顒,(U+9852),mainland_traditional;opencc_s2t;unihan_simplified;unihan_traditional,0,2811
题,(U+9898),題,(U+984C),mainland_traditional;opencc_s2t;unihan_simplified;unihan_traditional,0,38983
颗,(U+9897),顆,(U+9846),mainland_traditional;opencc_s2t;unihan_simplified;unihan_traditional,0,2491
颖,(U+9896),穎,(U+7A4E),mainland_traditional;opencc_s2t;unihan_simplified;unihan_traditional,0,4005
颕,(U+9895),頴,(U+9834),opencc_s2t;unihan_simplified;unihan_traditional,0,2424
颔,(U+9894),頷,(U+9837),mainland_traditional;opencc_s2t;unihan_simplified;unihan_traditional,0,2297
颓,(U+9893),頹,(U+9839),opencc_s2t;unihan_simplified;unihan_traditional,0,3332
颒,(U+9892),頮,(U+982E),opencc_s2t;unihan_simplified;unihan_traditional,0,36
颛,(U+989B),顓,(U+9853),mainland_traditional;opencc_s2t;unihan_simplified;unihan_traditional,0,1294
雳,(U+96F3),靂,(U+9742),mainland_traditional;opencc_s2t;unihan_simplified;unihan_traditional,0,1999
雠,(U+96E0),讎,(U+8B8E),mainland_traditional;opencc_s2t;unihan_simplified;unihan_traditional,0,3122
雏,(U+96CF),雛,(U+96DB),mainland_traditional;opencc_s2t;unihan_simplified;unihan_traditional,0,690
险,(U+9669),險,(U+96AA),mainland_traditional;opencc_s2t;unihan_simplified;unihan_traditional,0,13684
陨,(U+9668),隕,(U+9695),mainland_traditional;opencc_s2t;unihan_simplified;unihan_traditional,0,1630
陧,(U+9667),隉,(U+9689),opencc_s2t;unihan_simplified;unihan_traditional,0,12
陉,(U+9649),陘,(U+9658),mainland_traditional;opencc_s2t;unihan_simplified;unihan_traditional,0,331
陈,(U+9648),陳,(U+9673),mainland_traditional;opencc_s2t;unihan_simplified;unihan_traditional,0,61825
陇,(U+9647),隴,(U+96B4),mainland_traditional;opencc_s2t;unihan_simplified;unihan_traditional,0,5294
顼,(U+987C),頊,(U+980A),mainland_traditional;opencc_s2t;unihan_simplified;unihan_traditional,0,812
际,(U+9645),際,(U+969B),mainland_traditional;opencc_s2t;unihan_simplified;unihan_traditional,0,70952
阶,(U+9636),階,(U+968E),mainland_traditional;opencc_s2t;unihan_simplified;unihan_traditional,0,18735
阵,(U+9635),陣,(U+9663),mainland_traditional;opencc_s2t;unihan_simplified;unihan_traditional,0,7293
队,(U+961F),隊,(U+968A),mainland_traditional;opencc_s2t;unihan_simplified;unihan_traditional,0,5388
阛,(U+961B),闤,(U+95E4),opencc_s2t;unihan_simplified;unihan_traditional,0,393
阚,(U+961A),闞,(U+95DE),mainland_traditional;opencc_s2t;unihan_simplified;unihan_traditional,0,409
阙,(U+9619),闕,(U+95D5),mainland_traditional;opencc_s2t;unihan_simplified;unihan_traditional,0,30033
阘,(U+9618),闒,(U+95D2),mainland_traditional;opencc_s2t;unihan_simplified;unihan_traditional,0,100
阗,(U+9617),闐,(U+95D0),mainland_traditional;opencc_s2t;unihan_simplified;unihan_traditional,0,3365
陆,(U+9646),陸,(U+9678),mainland_traditional;opencc_s2t;unihan_simplified;unihan_traditional,0,18003
顺,(U+987A),順,(U+9806),mainland_traditional;opencc_s2t;unihan_simplified;unihan_traditional,0,129364
项,(U+9879),項,(U+9805),mainland_traditional;opencc_s2t;unihan_simplified;unihan_traditional,0,9999
顸,(U+9878),頇,(U+9807),mainland_traditional;opencc_s2t;unihan_simplified;unihan_traditional,0,1092
顷,(U+9877),頃,(U+9803),mainland_traditional;opencc_s2t;unihan_simplified;unihan_traditional,0,17700
顶,(U+9876),頂,(U+9802),mainland_traditional;opencc_s2t;unihan_simplified;unihan_traditional,0,87666
页,(U+9875),頁,(U+9801),mainland_traditional;opencc_s2t;unihan_simplified;unihan_traditional,0,14777
韬,(U+97EC),韜,(U+97DC),mainland_traditional;opencc_s2t;unihan_simplified;unihan_traditional,0,2369
韫,(U+97EB),韞,(U+97DE),mainland_traditional;opencc_s2t;unihan_simplified;unihan_traditional,0,502
韪,(U+97EA),韙,(U+97D9),mainland_traditional;opencc_s2t;unihan_simplified;unihan_traditional,0,273
雾,(U+96FE),霧,(U+9727),mainland_traditional;opencc_s2t;unihan_simplified;unihan_traditional,0,7107
韨,(U+97E8),韍,(U+97CD),mainland_traditional;opencc_s2t;unihan_simplified;unihan_traditional,0,81
韧,(U+97E7),韌,(U+97CC),mainland_traditional;opencc_s2t;unihan_simplified;unihan_traditional,0,46
韦,(U+97E6),韋,(U+97CB),mainland_traditional;opencc_s2t;unihan_simplified;unihan_traditional,0,10597
鞯,(U+97AF),韉,(U+97C9),mainland_traditional;opencc_s2t;unihan_simplified;unihan_traditional,0,61
鞒,(U+9792),鞽,(U+97BD),mainland_traditional;opencc_s2t;unihan_simplified;unihan_traditional,0,13
鞑,(U+9791),韃,(U+97C3),mainland_traditional;opencc_s2t;unihan_simplified;unihan_traditional,0,120
靥,(U+9765),靨,(U+9768),mainland_traditional;opencc_s2t;unihan_simplified;unihan_traditional,0,129
靓,(U+9753),靚,(U+975A),mainland_traditional;opencc_s2t;unihan_simplified;unihan_traditional,0,299
霭,(U+972D),靄,(U+9744),mainland_traditional;opencc_s2t;unihan_simplified;unihan_traditional,0,2228
霁,(U+9701),霽,(U+973D),mainland_traditional;opencc_s2t;unihan_simplified;unihan_traditional,0,2253
韩,(U+97E9),韓,(U+97D3),mainland_traditional;opencc_s2t;unihan_simplified;unihan_traditional,0,22204
馓,(U+9993),饊,(U+994A),mainland_traditional;opencc_s2t;unihan_simplified;unihan_traditional,0,10
馒,(U+9992),饅,(U+9945),mainland_traditional;opencc_s2t;unihan_simplified;unihan_traditional,0,699
馑,(U+9991),饉,(U+9949),mainland_traditional;opencc_s2t;unihan_simplified;unihan_traditional,0,2425
馐,(U+9990),饈,(U+9948),mainland_traditional;opencc_s2t;unihan_simplified;unihan_traditional,0,189
馏,(U+998F),餾,(U+993E),mainland_traditional;opencc_s2t;unihan_simplified;unihan_traditional,0,26
馎,(U+998E),餺,(U+993A),opencc_s2t;unihan_simplified;unihan_traditional,0,80
馍,(U+998D),饃,(U+9943),mainland_traditional;opencc_s2t;unihan_simplified;unihan_traditional,0,10
馌,(U+998C),饁,(U+9941),mainland_traditional;opencc_s2t;unihan_simplified;unihan_traditional,0,30
馋,(U+998B),饞,(U+995E),mainland_traditional;opencc_s2t;unihan_simplified;unihan_traditional,0,89
颥,(U+98A5),顬,(U+986C),mainland_traditional;opencc_s2t;unihan_simplified;unihan_traditional,0,5
馉,(U+9989),餶,(U+9936),mainland_traditional;opencc_s2t;unihan_simplified;unihan_traditional,0,7
馅,(U+9985),餡,(U+9921),mainland_traditional;opencc_s2t;unihan_simplified;unihan_traditional,0,668
馄,(U+9984),餛,(U+991B),mainland_traditional;opencc_s2t;unihan_simplified;unihan_traditional,0,59
馂,(U+9982),餕,(U+9915),opencc_s2t;unihan_simplified;unihan_traditional,0,441
馁,(U+9981),餒,(U+9912),mainland_traditional;opencc_s2t;unihan_simplified;unihan_traditional,0,813
馀,(U+9980),餘,(U+9918),opencc_s2t;unihan_simplified;unihan_traditional,0,284828
饿,(U+997F),餓,(U+9913),mainland_traditional;opencc_s2t;unihan_simplified;unihan_traditional,0,16502
饾,(U+997E),餖,(U+9916),opencc_s2t;unihan_simplified;unihan_traditional,0,35
饽,(U+997D),餑,(U+9911),mainland_traditional;opencc_s2t;unihan_simplified;unihan_traditional,0,9
馊,(U+998A),餿,(U+993F),mainland_traditional;opencc_s2t;unihan_simplified;unihan_traditional,0,371
驿,(U+9A7F),驛,(U+9A5B),mainland_traditional;opencc_s2t;unihan_simplified;unihan_traditional,0,2783
驾,(U+9A7E),駕,(U+99D5),mainland_traditional;opencc_s2t;unihan_simplified;unihan_traditional,0,16602
驽,(U+9A7D),駑,(U+99D1),mainland_traditional;opencc_s2t;unihan_simplified;unihan_traditional,0,503
驼,(U+9A7C),駝,(U+99DD),mainland_traditional;opencc_s2t;unihan_simplified;unihan_traditional,0,2146
驻,(U+9A7B),駐,(U+99D0),mainland_traditional;opencc_s2t;unihan_simplified;unihan_traditional,0,2825
驺,(U+9A7A),騶,(U+9A36),mainland_traditional;opencc_s2t;unihan_simplified;unihan_traditional,0,478
驹,(U+9A79),駒,(U+99D2),mainland_traditional;opencc_s2t;unihan_simplified;unihan_traditional,0,2677
驸,(U+9A78),駙,(U+99D9),mainland_traditional;opencc_s2t;unihan_simplified;unihan_traditional,0,1030
驷,(U+9A77),駟,(U+99DF),mainland_traditional;opencc_s2t;unihan_simplified;unihan_traditional,0,1074
馔,(U+9994),饌,(U+994C),mainland_traditional;opencc_s2t;unihan_simplified;unihan_traditional,0,2340
驵,(U+9A75),駔,(U+99D4),mainland_traditional;opencc_s2t;unihan_simplified;unihan_traditional,0,34
驴,(U+9A74),驢,(U+9A62),mainland_traditional;opencc_s2t;unihan_simplified;unihan_traditional,0,12627
驳,(U+9A73),駁,(U+99C1),mainland_traditional;opencc_s2t;unihan_simplified;unihan_traditional,0,1771
驲,(U+9A72),馹,(U+99B9),mainland_traditional;opencc_s2t;unihan_simplified;unihan_traditional,0,242
驱,(U+9A71),驅,(U+9A45),mainland_traditional;opencc_s2t;unihan_simplified;unihan_traditional,0,12388
驰,(U+9A70),馳,(U+99B3),mainland_traditional;opencc_s2t;unihan_simplified;unihan_traditional,0,17212
驯,(U+9A6F),馴,(U+99B4),mainland_traditional;opencc_s2t;unihan_simplified;unihan_traditional,0,1846
驮,(U+9A6E),馱,(U+99B1),mainland_traditional;opencc_s2t;unihan_simplified;unihan_traditional,0,11531
驭,(U+9A6D),馭,(U+99AD),mainland_traditional;opencc_s2t;unihan_simplified;unihan_traditional,0,2098
驶,(U+9A76),駛,(U+99DB),mainland_traditional;opencc_s2t;unihan_simplified;unihan_traditional,0,1843
饤,(U+9964),飣,(U+98E3),opencc_s2t;unihan_simplified;unihan_traditional,0,131
餍,(U+990D),饜,(U+995C),mainland_traditional;opencc_s2t;unihan_simplified;unihan_traditional,0,181
飨,(U+98E8),饗,(U+9957),mainland_traditional;opencc_s2t;unihan_simplified;unihan_traditional,0,2413
飞,(U+98DE),飛,(U+98DB),mainland_traditional;opencc_s2t;unihan_simplified;unihan_traditional,0,42849
飚,(U+98DA),飈,(U+98C8),opencc_s2t;unihan_simplified;unihan_traditional,0,487
飙,(U+98D9),飆,(U+98C6),mainland_traditional;opencc_s2t;unihan_simplified;unihan_traditional,0,272
飘,(U+98D8),飄,(U+98C4),mainland_traditional;opencc_s2t;unihan_simplified;unihan_traditional,0,6986
飗,(U+98D7),飀,(U+98C0),mainland_traditional;opencc_s2t;unihan_simplified;unihan_traditional,0,31
飖,(U+98D6),颻,(U+98BB),opencc_s2t;unihan_simplified;unihan_traditional,0,245
饼,(U+997C),餅,(U+9905),mainland_traditional;opencc_s2t;unihan_simplified;unihan_traditional,0,6148
飔,(U+98D4),颸,(U+98B8),mainland_traditional;opencc_s2t;unihan_simplified;unihan_traditional,0,41
飓,(U+98D3),颶,(U+98B6),mainland_traditional;opencc_s2t;unihan_simplified;unihan_traditional,0,118
飒,(U+98D2),颯,(U+98AF),mainland_traditional;opencc_s2t;unihan_simplified;unihan_traditional,0,1650
飑,(U+98D1),颮,(U+98AE),mainland_traditional;opencc_s2t;unihan_simplified;unihan_traditional,0,7
飐,(U+98D0),颭,(U+98AD),mainland_traditional;opencc_s2t;unihan_simplified;unihan_traditional,0,38
飏,(U+98CF),颺,(U+98BA),mainland_traditional;opencc_s2t;unihan_simplified;unihan_traditional,0,1798
风,(U+98CE),風,(U+98A8),mainland_traditional;opencc_s2t;unihan_simplified;unihan_traditional,0,175962
颧,(U+98A7),顴,(U+9874),mainland_traditional;opencc_s2t;unihan_simplified;unihan_traditional,0,49
颦,(U+98A6),顰,(U+9870),mainland_traditional;opencc_s2t;unihan_simplified;unihan_traditional,0,1142
飕,(U+98D5),颼,(U+98BC),mainland_traditional;opencc_s2t;unihan_simplified;unihan_traditional,0,421
饺,(U+997A),餃,(U+9903),mainland_traditional;opencc_s2t;unihan_simplified;unihan_traditional,0,3
饹,(U+9979),餎,(U+990E),mainland_traditional;opencc_s2t;unihan_simplified;unihan_traditional,0,2
饸,(U+9978),餄,(U+9904),mainland_traditional;opencc_s2t;unihan_simplified;unihan_traditional,0,1
饷,(U+9977),餉,(U+9909),mainland_traditional;opencc_s2t;unihan_simplified;unihan_traditional,0,1894
饶,(U+9976),饒,(U+9952),mainland_traditional;opencc_s2t;unihan_simplified;unihan_traditional,0,27363
饵,(U+9975),餌,(U+990C),mainland_traditional;opencc_s2t;unihan_simplified;unihan_traditional,0,2757
饴,(U+9974),飴,(U+98F4),mainland_traditional;opencc_s2t;unihan_simplified;unihan_traditional,0,491
饳,(U+9973),飿,(U+98FF),mainland_traditional;opencc_s2t;unihan_simplified;unihan_traditional,0,7
饲,(U+9972),飼,(U+98FC),mainland_traditional;opencc_s2t;unihan_simplified;unihan_traditional,0,1396
饦,(U+9966),飥,(U+98E5),opencc_s2t;unihan_simplified;unihan_traditional,0,80
饰,(U+9970),飾,(U+98FE),mainland_traditional;opencc_s2t;unihan_simplified;unihan_traditional,0,19291
饯,(U+996F),餞,(U+991E),mainland_traditional;opencc_s2t;unihan_simplified;unihan_traditional,0,789
饮,(U+996E),飲,(U+98F2),mainland_traditional;opencc_s2t;unihan_simplified;unihan_traditional,0,52304
饭,(U+996D),飯,(U+98EF),mainland_traditional;opencc_s2t;unihan_simplified;unihan_traditional,0,36711
饬,(U+996C),飭,(U+98ED),mainland_traditional;opencc_s2t;unihan_simplified;unihan_traditional,0,790
饫,(U+996B),飫,(U+98EB),mainland_traditional;opencc_s2t;unihan_simplified;unihan_traditional,0,361
饪,(U+996A),飪,(U+98EA),mainland_traditional;opencc_s2t;unihan_simplified;unihan_traditional,0,52
饩,(U+9969),餼,(U+993C),mainland_traditional;opencc_s2t;unihan_simplified;unihan_traditional,0,229
饨,(U+9968),飩,(U+98E9),mainland_traditional;opencc_s2t;unihan_simplified;unihan_traditional,0,72
饧,(U+9967),餳,(U+9933),mainland_traditional;opencc_s2t;unihan_simplified;unihan_traditional,0,100
饱,(U+9971),飽,(U+98FD),mainland_traditional;opencc_s2t;unihan_simplified;unihan_traditional,0,8730
