DZID,ctid,hyid,title,vols,author_index,person_name,person_id,FUNCTION,file_name_match,fuzzy_similarity,fuzzy_corpus_title,KR_ID,files,bytes,krp_characters,edition_id,krp_collapsed_from,dz_files,dz_characters,dz_bytes
DZ0001,1.0,1,靈寶無量度人上品妙經,61.0,2.0,葛巢甫,1421.0,,exact,,,KR5a0001,62.0,1404958.0,339410.0,HFL,,1.0,352853.0,1316935.0
DZ0002,2.0,2,元始無量度人上品妙經直音,1.0,,,,,exact,,,KR5a0002,7.0,41735.0,9495.0,HFL,,1.0,9587.0,44783.0
DZ0003,3.0,3,元始說先天道德經註解,5.0,2.0,李家謀,15694.0,注,manual,,,KR5a0003,6.0,84752.0,22950.0,HFL,,1.0,23188.0,85786.0
DZ0004,4.0,4,無上內祕真藏經,10.0,,,,,exact,,,KR5a0004,11.0,86088.0,23012.0,HFL,,1.0,40858.0,150468.0
DZ0005,5.0,5,太上無極總真文昌大洞仙經,5.0,1.0,文昌帝君,15637.0,撰,exact,,,KR5a0005,6.0,49598.0,12857.0,HFL,,1.0,13020.0,47577.0
DZ0006,6.0,6,上清大洞真經,6.0,4.0,朱自英,15688.0,序,exact,,,KR5a0006,7.0,104488.0,27034.0,HFL,,1.0,28677.0,106624.0
DZ0007,7.0,7,大洞玉經,2.0,1.0,龔德同,15949.0,刊記,exact,,,KR5a0007,3.0,52205.0,13425.0,HFL,,1.0,13155.0,49719.0
DZ0008,8.0,8,太上三十六部尊經,6.0,,,,,exact,,,KR5a0008,1.0,85518.0,23900.0,HFL,,1.0,24935.0,90344.0
DZ0009,9.0,9,太上一乘海空智藏經,10.0,,,,,exact,,,KR5a0009,11.0,288776.0,83049.0,HFL,,1.0,83441.0,305013.0
DZ0010,10.0,10,高上玉皇本行集經,3.0,,,,,manual,,,KR5a0010,4.0,42255.0,11967.0,HFL,,1.0,12039.0,44033.0
DZ0011,11.0,11,高上玉皇本行集經,3.0,1.0,張良,4732.0,撰,manual,,,KR5a0011,4.0,104051.0,26787.0,HFL,,1.0,28100.0,102144.0
DZ0012,12.0,12,高上玉皇本行經髓,1.0,1.0,劉處源,15549.0,傳,exact,,,KR5a0012,2.0,8508.0,2211.0,HFL,,1.0,2263.0,8211.0
DZ0013,13.0,13,高上玉皇心印經,1.0,,,,,exact,,,KR5a0013,1.0,1156.0,213.0,HFL,,1.0,265.0,1020.0
DZ0014,14.0,14,高上玉皇胎息經,1.0,,,,,exact,,,KR5a0014,1.0,14944.0,4019.0,HFL,,1.0,163.0,621.0
DZ0015,15.0,15,無上九霄玉清大梵紫微玄都雷霆玉經,1.0,,,,,exact,,,KR5a0015,1.0,28446.0,8224.0,HFL,,1.0,8291.0,29777.0
DZ0016,16.0,16,九天應元雷聲普化天尊玉樞寶經,1.0,,,,,exact,,,KR5a0016,1.0,11220.0,3194.0,HFL,,1.0,3244.0,11991.0
DZ0017,17.0,17,太上說朝天謝雷真經,1.0,,,,,exact,,,KR5a0017,1.0,14526.0,3917.0,HFL,,1.0,3961.0,14493.0
DZ0018,18.0,18,太上虛皇天尊四十九章經,1.0,,,,,exact,,,KR5a0018,1.0,13106.0,3573.0,HFL,,1.0,3635.0,13306.0
DZ0019,19.0,19,太上昇玄消災護命妙經,1.0,4.0,宋真宗,15307.0,序,manual,,,KR5a0019,2.0,1943.0,361.0,HFL,,1.0,580.0,2277.0
DZ0020,20.0,20,三光注齡資福延壽妙經,1.0,,,,,exact,,,KR5a0020,1.0,1225.0,271.0,HFL,,1.0,331.0,1226.0
DZ0021,21.0,21,太上長生延壽集福德經,1.0,,,,,exact,,,KR5a0021,1.0,2156.0,529.0,HFL,,1.0,599.0,2193.0
DZ0022,22.0,22,元始五老赤書玉篇真文天書經,3.0,1.0,葛巢甫,1421.0,,exact,,,KR5a0022,4.0,60553.0,16442.0,HFL,,1.0,16656.0,60287.0
DZ0023,23.0,23,太上諸天靈書度命妙經,1.0,,,,,exact,,,KR5a0023,1.0,20473.0,5952.0,HFL,,1.0,6044.0,21719.0
DZ0024,24.0,24,元始天尊說生天得道經,1.0,,,,,exact,,,KR5a0024,2.0,1558.0,129.0,HFL,,1.0,520.0,2098.0
DZ0025,25.0,25,元始天尊說得道了身經,1.0,,,,,exact,,,KR5a0025,1.0,4687.0,1098.0,HFL,,1.0,1374.0,4952.0
DZ0026,26.0,26,太上九天延祥滌厄四聖妙經,1.0,,,,,exact,,,KR5a0026,1.0,13055.0,3381.0,HFL,,1.0,3452.0,12732.0
DZ0027,27.0,27,元始天尊說北方真武妙經,1.0,,,,,exact,,,KR5a0027,1.0,6502.0,1632.0,HFL,,1.0,1681.0,6292.0
DZ0028,28.0,28,元始天尊說梓潼帝君應驗經,1.0,,,,,fuzzy,0.9166666666666666,元始天尊說梓童帝君應驗經,KR5a0028,2.0,4321.0,1042.0,HFL,,1.0,1086.0,3937.0
DZ0029,29.0,29,元始天尊說梓潼帝君本願經,1.0,,,,,exact,,,KR5a0029,1.0,11250.0,3117.0,HFL,,1.0,3655.0,13352.0
DZ0030,30.0,30,元始八威龍文經,1.0,,,,,exact,,,KR5a0030,2.0,2418.0,466.0,HFL,,1.0,480.0,1818.0
DZ0031,31.0,31,黃帝陰符經,1.0,,,,,exact,,,KR5a0031,1.0,1985.0,481.0,HFL,,1.0,538.0,2048.0
DZ0032,32.0,32,混元陽符經,1.0,,,,,exact,,,KR5a0032,1.0,848.0,149.0,HFL,,1.0,188.0,731.0
DZ0033,33.0,33,上清黃氣陽精三道順行經,1.0,1.0,楊羲,3527.0,輯佚,manual,,,KR5a0033,1.0,29097.0,8309.0,HFL,,1.0,8467.0,30799.0
DZ0034,34.0,34,太上開明天地本真經,1.0,1.0,通玄三教眉山師仁壽,15653.0,傳,exact,,,KR5a0034,2.0,4087.0,1000.0,HFL,,1.0,1020.0,3702.0
DZ0035,35.0,35,太上玄都妙本清淨身心經,1.0,,,,,fuzzy,0.9090909090909092,太上玄都妙本清靜身心經,KR5a0035,1.0,6666.0,1850.0,HFL,,1.0,1919.0,7066.0
DZ0036,36.0,36,太上太玄女青三元品誡拔罪妙經,3.0,,,,,exact,,,KR5a0036,4.0,33137.0,8911.0,HFL,,1.0,8972.0,32010.0
DZ0037,37.0,37,元始天尊說變化空洞妙經,1.0,,,,,exact,,,KR5a0037,1.0,18569.0,5138.0,HFL,,1.0,5236.0,19071.0
DZ0038,38.0,38,太上昇玄三一融神變化妙經,2.0,,,,,exact,,,KR5a0038,3.0,12989.0,3525.0,HFL,,1.0,3560.0,12930.0
DZ0039,39.0,39,太上導引三光九變妙經,1.0,,,,,exact,,,KR5a0039,2.0,8944.0,2200.0,HFL,,1.0,1388.0,5146.0
DZ0040,40.0,40,太上導引三光寶真妙經,1.0,,,,,exact,,,KR5a0040,1.0,4651.0,1294.0,HFL,,1.0,2179.0,8108.0
DZ0041,41.0,41,太上修真體元妙道經,1.0,1.0,劉元瑞,15535.0,輯佚,exact,,,KR5a0041,1.0,22324.0,6425.0,HFL,,1.0,6758.0,24555.0
DZ0042,42.0,42,玉清元始玄黃九光真經,1.0,,,,,exact,,,KR5a0042,2.0,3998.0,963.0,HFL,,1.0,954.0,3527.0
DZ0043,43.0,43,元始天尊說十一曜大消災神咒經,1.0,,,,,exact,,,KR5a0043,1.0,5485.0,1344.0,HFL,,1.0,1434.0,5240.0
DZ0044,44.0,44,太上洞真五星祕授經,1.0,,,,,manual,,,KR5a0044,1.0,4917.0,1334.0,HFL,,1.0,1448.0,5375.0
DZ0045,45.0,45,玉清無上靈寶自然北斗本生真經,1.0,,,,,exact,,,KR5a0045,1.0,4094.0,1080.0,HFL,,1.0,1180.0,4265.0
DZ0046,46.0,46,太乙元真保命長生經,1.0,,,,,exact,,,KR5a0046,1.0,2408.0,599.0,HFL,,1.0,641.0,2382.0
DZ0047,47.0,47,太上元始天尊證果真經,1.0,,,,,exact,,,KR5a0047,1.0,1132.0,241.0,HFL,,1.0,311.0,1161.0
DZ0048,48.0,48,太上元始天尊說續命妙經,1.0,,,,,exact,,,KR5a0048,1.0,1205.0,248.0,HFL,,1.0,320.0,1174.0
DZ0049,49.0,49,洞真太極北帝紫微神咒妙經,1.0,,,,,exact,,,KR5a0049,2.0,12782.0,3575.0,HFL,,1.0,3597.0,13125.0
DZ0050,50.0,50,太上說六甲直符保胎護命經,1.0,,,,,fuzzy,0.96,太上說六甲直符保胎護命妙經,KR5a0050,1.0,8470.0,2248.0,HFL,,1.0,2452.0,8994.0
DZ0051,51.0,51,太上元始天尊說大雨龍王經,1.0,,,,,exact,,,KR5a0051,2.0,3464.0,768.0,HFL,,1.0,791.0,2902.0
DZ0052,52.0,52,太上護國祈雨消魔經,1.0,,,,,exact,,,KR5a0052,1.0,3806.0,1001.0,HFL,,1.0,1070.0,3955.0
DZ0053,53.0,53,太上洞淵北帝天蓬護命消災神咒妙經,1.0,,,,,exact,,,KR5a0053,1.0,7382.0,2052.0,HFL,,1.0,2119.0,7845.0
DZ0054,54.0,54,太上洞淵辭瘟神咒妙經,1.0,,,,,exact,,,KR5a0054,1.0,1974.0,475.0,HFL,,1.0,521.0,1894.0
DZ0055,55.0,55,高上太霄琅書瓊文帝章經,1.0,,,,,exact,,,KR5a0055,1.0,24059.0,6664.0,HFL,,1.0,6733.0,24290.0
DZ0056,56.0,56,太上玉佩金璫太極金書上經,1.0,1.0,楊羲,3527.0,,exact,,,KR5a0056,1.0,25653.0,7368.0,HFL,,1.0,7522.0,27449.0
DZ0057,57.0,57,上方天尊說真元通仙道經,1.0,,,,,exact,,,KR5a0057,1.0,22426.0,6282.0,HFL,,1.0,6400.0,23991.0
DZ0058,58.0,58,無上大乘要訣妙經,1.0,,,,,exact,,,KR5a0058,1.0,11625.0,3337.0,HFL,,1.0,3397.0,12454.0
DZ0059,59.0,59,元始洞真決疑經,1.0,,,,,exact,,,KR5a0059,2.0,18580.0,5289.0,HFL,,1.0,5327.0,19505.0
DZ0060,60.0,60,元始天尊說玄微妙經,1.0,,,,,exact,,,KR5a0060,1.0,7560.0,2132.0,HFL,,1.0,2225.0,8178.0
DZ0061,61.0,61,太上洞真賢門經,1.0,,,,,exact,,,KR5a0061,2.0,36156.0,8022.0,HFL,,1.0,8273.0,29788.0
DZ0062,62.0,62,元始天王歡樂經,1.0,,,,,exact,,,KR5a0062,1.0,16663.0,4860.0,HFL,,1.0,4928.0,18280.0
DZ0063,63.0,63,玉清胎元內養真經,1.0,,,,,exact,,,KR5a0063,2.0,3075.0,682.0,HFL,,1.0,655.0,2407.0
DZ0064,64.0,64,玉清無上內景真經,1.0,,,,,exact,,,KR5a0064,1.0,2343.0,595.0,HFL,,1.0,662.0,2384.0
DZ0065,65.0,65,太上真一報父母恩重經,1.0,,,,,exact,,,KR5a0065,1.0,2016.0,489.0,HFL,,1.0,571.0,2075.0
DZ0066,66.0,66,元始洞真慈善孝子報恩成道經,1.0,,,,,exact,,,KR5a0066,1.0,6957.0,1978.0,HFL,,1.0,2382.0,9210.0
DZ0067,67.0,67,太上元始天尊說消殄蟲蝗經,1.0,,,,,exact,,,KR5a0067,1.0,2020.0,486.0,HFL,,1.0,540.0,1967.0
DZ0068,68.0,68,太上安鎮九壘龍神妙經,1.0,,,,,exact,,,KR5a0068,1.0,2002.0,471.0,HFL,,1.0,521.0,1947.0
DZ0069,69.0,69,太上洞真安竈經,1.0,,,,,exact,,,KR5a0069,1.0,2139.0,522.0,HFL,,1.0,563.0,2096.0
DZ0070,70.0,70,太上元始天尊說金光明經,1.0,,,,,exact,,,KR5a0070,1.0,1542.0,336.0,HFL,,1.0,417.0,1543.0
DZ0071,71.0,71,元始天尊說三官寶號經,1.0,,,,,exact,,,KR5a0071,1.0,1522.0,310.0,HFL,,1.0,382.0,1418.0
DZ0072,72.0,72,元始天尊濟度血湖真經,3.0,,,,,exact,,,KR5a0072,4.0,12534.0,3125.0,HFL,,1.0,3157.0,11532.0
DZ0073,73.0,73,元始天尊說酆都滅罪經,1.0,,,,,exact,,,KR5a0073,1.0,2857.0,679.0,HFL,,1.0,755.0,2869.0
DZ0074,74.0,74,太上說九幽拔罪心印妙經,1.0,,,,,exact,,,KR5a0074,1.0,1566.0,324.0,HFL,,1.0,400.0,1489.0
DZ0075,75.0,75,元始天尊說甘露昇天神咒妙經,1.0,,,,,fuzzy,0.9230769230769232,元始天尊說甘露升天神咒妙經,KR5a0075,1.0,2707.0,668.0,HFL,,1.0,771.0,2822.0
DZ0076,76.0,76,元始說功德法食往生經,1.0,,,,,exact,,,KR5a0076,1.0,2363.0,546.0,HFL,,1.0,629.0,2305.0
DZ0077,77.0,77,太上玉華洞章拔亡度世昇仙妙經,1.0,,,,,exact,,,KR5a0077,1.0,12837.0,3624.0,HFL,,1.0,3737.0,14064.0
DZ0078,78.0,78,太上三洞神咒,12.0,,,,,exact,,,KR5a0078,13.0,268836.0,74296.0,HFL,,1.0,74420.0,283384.0
DZ0079,79.0,79,三洞神符記,1.0,,,,,exact,,,KR5a0079,1.0,17749.0,4842.0,HFL,,1.0,4908.0,18394.0
DZ0080,80.0,80,雲篆度人妙經,1.0,,,,,,,,KR5a0080,1.0,3434.0,14.0,HFL,,,,
DZ0081,81.0,81,洞真太微黃書天帝君石景金陽素經,1.0,,,,,exact,,,KR5a0081,2.0,9482.0,2404.0,HFL,,1.0,2434.0,8993.0
DZ0082,82.0,82,上清洞真元經五籍符,1.0,,,,,exact,,,KR5a0082,1.0,2049.0,379.0,HFL,,1.0,437.0,1655.0
DZ0083,83.0,83,白羽黑翮靈飛玉符,1.0,,,,,exact,,,KR5a0083,1.0,5453.0,1476.0,HFL,,1.0,1545.0,5638.0
DZ0084,84.0,84,上清瓊宮靈飛六甲左右上符,1.0,1.0,楊羲,3527.0,,exact,,,KR5a0084,1.0,11926.0,2650.0,HFL,,1.0,2745.0,10274.0
DZ0085,85.0,85,太上洞真經洞章符,1.0,,,,,exact,,,KR5a0085,1.0,4878.0,1141.0,HFL,,1.0,1192.0,4582.0
DZ0086,86.0,86,太上祕法鎮宅靈符,1.0,,,,,manual,,,KR5a0086,1.0,6908.0,1303.0,HFL,,1.0,1343.0,5647.0
DZ0087,87.0,87,元始無量度人上品妙經四註,4.0,1.0,陳景元,15903.0,撰,exact,,,KR5a0087,5.0,198388.0,54154.0,HFL,,1.0,53875.0,201706.0
DZ0088,88.0,88,元始無量度人上品妙經註,3.0,3.0,東海青元真人,15638.0,注,exact,,,KR5a0088,4.0,126555.0,34516.0,HFL,,1.0,34549.0,126115.0
DZ0089,89.0,89,元始無量度人上品妙經通義,4.0,1.0,張宇初,15614.0,撰,exact,,,KR5a0089,5.0,125909.0,34817.0,HFL,,1.0,35287.0,127114.0
DZ0090,90.0,90,元始無量度人上品妙經內義,5.0,1.0,蕭應叟,15836.0,撰,exact,,,KR5a0090+DZ0090,7.0,191790.0,52782.0,HFL,KR5a0090;KR5a0091,1.0,50099.0,183830.0
DZ0091,91.0,91,太上洞玄靈寶無量度人上品妙經註解,3.0,1.0,陳致虛,15493.0,撰,manual,,,KR5a0092,4.0,159229.0,42585.0,HFL,,1.0,42672.0,154965.0
DZ0092,92.0,92,元始無量度人上品妙經註解,3.0,1.0,薛季昭,15839.0,撰,fuzzy,0.8333333333333334,元始無量度人上品妙經內義,KR5a0093,4.0,85362.0,23222.0,HFL,,1.0,2818.0,10304.0
DZ0093,93.0,93,太上洞玄靈寶無量度人上品經法,5.0,1.0,陳春榮,15902.0,纂,fuzzy,0.9655172413793104,太上洞玄靈寶無量度人上品妙經法,KR5a0094,6.0,155222.0,38768.0,HFL,,1.0,40635.0,152717.0
DZ0094,94.0,94,洞玄靈寶度人經大梵隱語疏義,1.0,,,,,exact,,,KR5a0095,1.0,23589.0,6778.0,HFL,,1.0,6823.0,24371.0
DZ0095,95.0,95,洞玄靈寶無量度人經訣音義,1.0,1.0,張萬福,11075.0,撰,exact,,,KR5a0096,1.0,10445.0,2842.0,HFL,,1.0,2893.0,10805.0
DZ0096,96.0,96,真藏經要訣,1.0,,,,,exact,,,KR5a0097,1.0,6281.0,1761.0,HFL,,1.0,1807.0,6744.0
DZ0097,97.0,97,太上靈寶諸天內音自然玉字,4.0,1.0,葛巢甫,1421.0,,exact,,,KR5a0098,5.0,95738.0,27211.0,HFL,,1.0,27500.0,98654.0
DZ0098,98.0,98,諸天靈書度命妙經義疏,1.0,,,,,manual,,,KR5a0099,1.0,15936.0,4586.0,HFL,,1.0,6044.0,21719.0
DZ0099,99.0,99,九天應元雷聲普化天尊玉樞寶經集註,2.0,2.0,徐道齡,15670.0,撰,exact,,,KR5a0100,1.0,56063.0,15397.0,HFL,,1.0,15442.0,56048.0
DZ0100,100.0,100,太上昇玄說消災護命妙經註,1.0,1.0,王玠,15776.0,撰,fuzzy,0.9166666666666666,太上昇玄說消灾護命妙經註,KR5a0101,1.0,12650.0,3223.0,HFL,,1.0,3522.0,12903.0
DZ0101,101.0,101,太上昇玄消災護命妙經註,1.0,1.0,李道純,15707.0,撰,fuzzy,0.9090909090909092,太上昇玄消灾護命妙經註,KR5a0102,1.0,4736.0,1253.0,HFL,,1.0,1270.0,4821.0
DZ0102,102.0,102,元始天尊說太古經註,1.0,1.0,長荃子,15658.0,撰,exact,,,KR5a0103,1.0,9737.0,2552.0,HFL,,1.0,2618.0,9952.0
DZ0103,103.0,103,玉清無極總真文昌大洞仙經註,9.0,1.0,衛琪,15845.0,撰,fuzzy,0.96,玉清無極總真文昌大洞仙經,KR5a0104,10.0,324236.0,88998.0,HFL,,1.0,89425.0,327743.0
DZ0104,104.0,104,上清大洞真經玉訣音義,1.0,1.0,陳景元,15903.0,撰,exact,,,KR5a0105,1.0,20434.0,5539.0,HFL,,1.0,5610.0,21122.0
DZ0105,105.0,105,太上大通經註,1.0,1.0,李道純,15707.0,注,exact,,,KR5a0106,2.0,3866.0,717.0,HFL,,1.0,946.0,3466.0
DZ0106,106.0,106,太上赤文洞古經註,1.0,1.0,長荃子,15658.0,注,exact,,,KR5a0107,1.0,5620.0,1266.0,HFL,,1.0,1641.0,6290.0
DZ0107,107.0,107,無上赤文洞古真經註,1.0,1.0,李道純,15707.0,注,exact,,,KR5a0108,1.0,6438.0,1702.0,HFL,,1.0,1746.0,6445.0
DZ0108,108.0,108,黃帝陰符經集註,1.0,1.0,李荃,15705.0,撰,exact,,,KR5a0109,1.0,13731.0,3736.0,HFL,,1.0,3796.0,14131.0
DZ0109,109.0,109,黃帝陰符經講義,3.0,1.0,夏元鼎,15577.0,撰,exact,,,KR5a0110,5.0,43031.0,11443.0,HFL,,1.0,11479.0,41137.0
DZ0110,110.0,110,黃帝陰符經疏,3.0,1.0,李荃,15705.0,撰,exact,,,KR5a0111,4.0,32464.0,8593.0,HFL,,1.0,8652.0,31705.0
DZ0111,111.0,111,黃帝陰符經集解,3.0,1.0,曹希蘊,15679.0,纂,manual,,,KR5a0112,4.0,29627.0,7255.0,HFL,,1.0,7828.0,28691.0
DZ0112,112.0,112,黃帝陰符經註,1.0,1.0,張果,3962.0,撰,manual,,,KR5a0113,1.0,10690.0,2875.0,HFL,,1.0,2908.0,11029.0
DZ0113,113.0,113,黃帝陰符經解,1.0,1.0,蹇昌辰,15873.0,撰,exact,,,KR5a0114,1.0,22634.0,6212.0,HFL,,1.0,6258.0,22575.0
DZ0114,114.0,114,黃帝陰符經註解,1.0,1.0,任照一,15517.0,撰,exact,,,KR5a0115,1.0,21032.0,5789.0,HFL,,1.0,5823.0,20862.0
DZ0115,115.0,115,黃帝陰符經註,1.0,1.0,黃居真,15938.0,撰,manual,,,KR5a0116,1.0,11652.0,3156.0,HFL,,1.0,2828.0,10488.0
DZ0116,116.0,116,黃帝陰符經註,1.0,1.0,沈亞夫,15746.0,撰,manual,,,KR5a0117,2.0,6769.0,1458.0,HFL,,1.0,1745.0,6662.0
DZ0117,117.0,117,黃帝陰符經註,1.0,1.0,蔡氏,16963.0,撰,manual,,,KR5a0118,1.0,6349.0,1645.0,HFL,,1.0,1699.0,6205.0
DZ0118,118.0,118,黃帝陰符經解義,1.0,1.0,蕭真宰,15837.0,撰,exact,,,KR5a0119,1.0,25379.0,7021.0,HFL,,1.0,7093.0,25282.0
DZ0119,119.0,119,陰符經三皇玉訣,3.0,,,,,exact,,,KR5a0120,4.0,31532.0,8462.0,HFL,,1.0,8604.0,31301.0
DZ0120,120.0,120,黃帝陰符經心法,3.0,1.0,胥元一,15814.0,撰,exact,,,KR5a0121,4.0,29834.0,7910.0,HFL,,1.0,7947.0,29093.0
DZ0121,121.0,121,黃帝陰符經註,2.0,1.0,唐淳,15576.0,撰,manual,,,KR5a0122,3.0,25709.0,6835.0,HFL,,1.0,6881.0,25401.0
DZ0122,122.0,122,黃帝陰符經註,1.0,1.0,劉處玄,15502.0,撰,manual,,,KR5a0123,1.0,18345.0,5017.0,HFL,,1.0,5052.0,18515.0
DZ0123,123.0,123,黃帝陰符經註,1.0,1.0,侯善淵,15525.0,撰,manual,,,KR5a0124,1.0,5719.0,1378.0,HFL,,1.0,1415.0,5418.0
DZ0124,124.0,124,黃帝陰符經註解,1.0,1.0,鄒訢,15686.0,撰,manual,,,KR5a0125,1.0,9648.0,2567.0,HFL,,1.0,2656.0,9727.0
DZ0125,125.0,125,黃帝陰符經註,1.0,2.0,俞琰,15526.0,撰,manual,,,KR5a0126,1.0,8646.0,2305.0,HFL,,1.0,3219.0,11867.0
DZ0126,126.0,126,黃帝陰符經夾頌解註,3.0,1.0,王玠,15776.0,撰,exact,,,KR5a0127,4.0,39655.0,10709.0,HFL,,1.0,9206.0,32783.0
DZ0127,127.0,127,黃帝陰符經集解,3.0,1.0,袁淑真,15849.0,撰,manual,,,KR5a0128,4.0,29878.0,7944.0,HFL,,1.0,8035.0,29088.0
DZ0128,128.0,128,太上求仙定錄尺素真訣玉文,1.0,,,,,exact,,,KR5a0129,1.0,29400.0,8112.0,HFL,,1.0,8240.0,26960.0
DZ0129,129.0,129,太霄琅書瓊文帝章訣,1.0,,,,,exact,,,KR5a0130,1.0,10440.0,2948.0,HFL,,1.0,3006.0,11324.0
DZ0130,130.0,130,胎息經註,1.0,1.0,幻真先生,15600.0,注,exact,,,KR5a0131,1.0,2872.0,547.0,HFL,,1.0,774.0,2957.0
DZ0131,131.0,131,胎息祕要歌訣,1.0,,,,,fuzzy,0.8333333333333334,胎息秘要歌訣,KR5a0132,1.0,3895.0,1000.0,HFL,,1.0,1039.0,3812.0
DZ0132,132.0,132,太清真人絡命訣,1.0,,,,,exact,,,KR5a0133,1.0,10014.0,2887.0,HFL,,1.0,2970.0,11059.0
DZ0133,133.0,133,太上洞房內經注,1.0,,,,,exact,,,KR5a0134,1.0,10964.0,2976.0,HFL,,1.0,3019.0,11302.0
DZ0134,134.0,134,陰真君還丹歌註,1.0,1.0,陳摶,15901.0,撰,exact,,,KR5a0135,1.0,8855.0,2350.0,HFL,,1.0,2402.0,8839.0
DZ0135,135.0,135,崔公入藥鏡註解,1.0,1.0,王玠,15776.0,撰,manual,,,KR5a0136,1.0,18426.0,5020.0,HFL,,1.0,5065.0,18662.0
DZ0136,136.0,136,呂純陽真人沁園春丹詞註解,1.0,2.0,呂喦,15565.0,撰,fuzzy,0.8333333333333334,呂純陽真人沁園春丹詞批注,KR5a0137,1.0,10649.0,2832.0,HFL,,1.0,2856.0,10373.0
DZ0137,137.0,137,青天歌註釋,1.0,1.0,王玠,15776.0,注,fuzzy,0.8,青天歌注釋,KR5a0138,1.0,8546.0,2239.0,HFL,,1.0,2124.0,7707.0
DZ0138,138.0,138,學仙辨真訣,1.0,,,,,exact,,,KR5a0139,1.0,6374.0,1758.0,HFL,,1.0,1774.0,6538.0
DZ0139,139.0,139,太上洞真凝神修行經訣,1.0,,,,,exact,,,KR5a0140,1.0,4438.0,1221.0,HFL,,1.0,1285.0,4432.0
DZ0140,140.0,140,上清握中訣,3.0,1.0,陶弘景,8506.0,撰,exact,,,KR5a0141,4.0,43803.0,12319.0,HFL,,1.0,12436.0,46823.0
DZ0141,141.0,141,紫陽真人悟真篇註疏,8.0,4.0,張伯端,15604.0,撰,exact,,,KR5a0142,,,,,,1.0,53620.0,193067.0
DZ0142,142.0,142,紫陽真人悟真篇三註,5.0,4.0,陳致虛,15493.0,撰,fuzzy,0.8888888888888888,紫陽真人悟真篇三注,KR5a0143,5.0,163943.0,44350.0,CK-KZ,,1.0,45184.0,164248.0
DZ0143,143.0,143,紫陽真人悟真直指詳說三乘祕要,1.0,,,,,fuzzy,0.9285714285714286,紫陽真人悟真直指詳說三乘秘要,KR5a0144,1.0,13686.0,3609.0,HFL,,1.0,9356.0,36504.0
DZ0144,144.0,144,紫陽真人悟真篇拾遺,1.0,1.0,張伯端,15604.0,撰,exact,,,KR5a0145,1.0,21630.0,5996.0,CK-KZ,,1.0,3205.0,11663.0
DZ0145,145.0,145,悟真篇註釋,3.0,2.0,張伯端,15604.0,撰,fuzzy,0.8,悟真篇注釋,KR5a0146,4.0,100301.0,27765.0,HFL,,1.0,27841.0,101225.0
DZ0146,146.0,146,紫陽真人悟真篇講義,7.0,2.0,張伯端,15604.0,撰,exact,,,KR5a0147,8.0,96184.0,26103.0,HFL,,1.0,26492.0,96398.0
DZ0147,147.0,147,靈寶無量度人上品妙經符圖,3.0,1.0,徽宗,15312.0,序,exact,,,KR5a0148,4.0,50686.0,12630.0,HFL,,1.0,12584.0,46149.0
DZ0148,148.0,148,無量度人上品妙經旁通圖,3.0,1.0,劉元道,15536.0,纂,exact,,,KR5a0149,3.0,18598.0,4834.0,HFL,,1.0,3660.0,13545.0
DZ0149,149.0,149,修真太極混元圖,1.0,1.0,蕭道存,15838.0,撰,exact,,,KR5a0150,2.0,14012.0,3709.0,HFL,,1.0,3776.0,13860.0
DZ0150,150.0,150,修真太極混元指玄圖,1.0,,,,,exact,,,KR5a0151,1.0,8030.0,2092.0,HFL,,1.0,2160.0,7807.0
DZ0151,151.0,151,金液還丹印證圖,1.0,1.0,龍眉子,15664.0,撰,exact,,,KR5a0152,1.0,13394.0,3381.0,HFL,,1.0,3261.0,11734.0
DZ0152,152.0,152,修真歷驗鈔圖,1.0,,,,,exact,,,KR5a0153,1.0,15631.0,4298.0,HFL,,1.0,4408.0,16536.0
DZ0153,153.0,153,龍虎手鑑圖,1.0,,,,,exact,,,KR5a0154,1.0,3884.0,960.0,HFL,,1.0,999.0,3641.0
DZ0154,154.0,154,上清太玄九陽圖,1.0,1.0,侯善淵,15525.0,撰,exact,,,KR5a0155,1.0,9962.0,2207.0,HFL,,1.0,2215.0,8701.0
DZ0155,155.0,155,三才定位圖,1.0,1.0,張商英,15606.0,撰,exact,,,KR5a0156,1.0,9301.0,2196.0,HFL,,1.0,2138.0,7697.0
DZ0156,156.0,156,上清洞真九宮紫房圖,1.0,,,,,exact,,,KR5a0157,1.0,2895.0,632.0,HFL,,1.0,694.0,2547.0
DZ0157,157.0,157,周易圖,3.0,,,,,exact,,,KR5a0158,4.0,65727.0,15954.0,HFL,,1.0,17092.0,67786.0
DZ0158,158.0,158,大易象數鉤深圖,3.0,,,,,exact,,,KR5a0159,3.0,56202.0,13120.0,HFL,,1.0,15684.0,61713.0
DZ0159,159.0,159,易數鉤隱圖,3.0,1.0,劉牧,15548.0,撰,fuzzy,0.8,易數鉤深圖,KR5a0160,4.0,38466.0,10208.0,HFL,,1.0,11252.0,42677.0
DZ0160,160.0,160,易數鉤隱圖遺論九事,1.0,1.0,劉牧,15548.0,撰,,,,KR5a0161,1.0,12676.0,3429.0,HFL,,,,
DZ0161,161.0,161,易象圖說內篇,3.0,2.0,張理,15623.0,撰,exact,,,KR5a0162,4.0,57633.0,15186.0,HFL,,1.0,16461.0,62577.0
DZ0162,162.0,162,易象圖說外篇,3.0,1.0,張理,15623.0,撰,exact,,,KR5a0163,4.0,50855.0,13581.0,HFL,,1.0,13780.0,52370.0
DZ0163,163.0,163,玄元十子圖,1.0,1.0,趙孟頫,15865.0,撰,exact,,,KR5a0164,1.0,6075.0,1385.0,HFL,,1.0,2791.0,10208.0
DZ0164,164.0,164,上清三尊譜錄,1.0,,,,,fuzzy,0.8333333333333334,上清三尊譜箓,KR5a0165,1.0,12990.0,3310.0,HFL,,1.0,3602.0,12717.0
DZ0165,165.0,165,靈寶自然九天生神三寶大有金書,1.0,1.0,葛巢甫,1421.0,,exact,,,KR5a0166,1.0,10099.0,2829.0,HFL,,1.0,2908.0,10555.0
DZ0166,166.0,166,元始上真眾仙記,1.0,1.0,葛洪,3661.0,,exact,,,KR5a0167,1.0,10008.0,2879.0,HFL,,1.0,2957.0,10749.0
DZ0167,167.0,167,洞玄靈寶真靈位業圖,1.0,2.0,陶弘景,8506.0,,exact,,,KR5a0168,1.0,27221.0,5824.0,HFL,,1.0,6171.0,24487.0
DZ0168,168.0,168,元始高上玉檢大錄,1.0,,,,,fuzzy,0.875,元始高上玉檢大箓,KR5a0169,1.0,7878.0,2050.0,HFL,,1.0,2162.0,7394.0
DZ0169,169.0,169,清河內傳,1.0,,,,,exact,,,KR5a0170,1.0,19401.0,5623.0,HFL,,1.0,5693.0,20186.0
DZ0170,170.0,170,梓潼帝君化書,4.0,,,,,exact,,,KR5a0171,5.0,116795.0,31119.0,CK-KZ,,1.0,31032.0,111854.0
DZ0171,171.0,171,清微仙譜,1.0,2.0,黃舜申,15946.0,撰,exact,,,KR5a0172,1.0,16697.0,4562.0,HFL,,1.0,4589.0,16496.0
DZ0172,172.0,172,三茅真君加封事典,2.0,1.0,張大淳,15611.0,編,exact,,,KR5a0173,3.0,34020.0,9375.0,HFL,,1.0,9422.0,33857.0
DZ0173,173.0,173,金蓮正宗紀,5.0,1.0,秦志安,15796.0,撰,fuzzy,0.8,金蓮正宗記,KR5a0174,6.0,72449.0,19465.0,HFL,,1.0,20596.0,73883.0
DZ0174,174.0,174,金蓮正宗仙源像傳,1.0,1.0,劉志玄,15543.0,纂,exact,,,KR5a0175,1.0,45490.0,12352.0,HFL,,1.0,12615.0,44920.0
DZ0175,175.0,175,七真年譜,1.0,1.0,李道謙,15708.0,纂,exact,,,KR5a0176,1.0,21677.0,5721.0,HFL,,1.0,5937.0,21658.0
DZ0176,176.0,176,玄風慶會錄,1.0,1.0,移剌楚才,15797.0,撰,exact,,,KR5a0177,1.0,10572.0,3027.0,HFL,,1.0,3067.0,10851.0
DZ0177,177.0,177,太上洞真智慧上品大戒,1.0,1.0,葛巢甫,1421.0,,fuzzy,0.9,太上洞真智慧上品大誡,KR5a0178,1.0,16126.0,4301.0,HFL,,1.0,5135.0,20236.0
DZ0178,178.0,178,三洞眾戒文,2.0,1.0,張萬福,11075.0,纂,exact,,,KR5a0179,3.0,16750.0,3838.0,HFL,,1.0,4491.0,17030.0
DZ0179,179.0,179,太微靈書紫文仙忌真記上經,1.0,1.0,楊羲,3527.0,,exact,,,KR5a0180,1.0,4024.0,912.0,HFL,,1.0,1148.0,4190.0
DZ0180,180.0,180,虛皇天尊初真十戒文,1.0,,,,,exact,,,KR5a0181,1.0,7997.0,1971.0,HFL,,1.0,2167.0,7897.0
DZ0181,181.0,181,太上九真妙戒金籙度命拔罪妙經,1.0,,,,,fuzzy,0.9285714285714286,太上九真妙戒金箓度命拔罪妙經,KR5a0182,1.0,9550.0,2378.0,HFL,,1.0,2843.0,10480.0
DZ0182,182.0,182,太上十二上品飛天法輪勸戒妙經,1.0,,,,,exact,,,KR5a0183,1.0,10677.0,2710.0,HFL,,1.0,2956.0,10825.0
DZ0183,183.0,183,太極真人說二十四門戒經,1.0,,,,,exact,,,KR5a0184,1.0,7929.0,1951.0,HFL,,1.0,2213.0,8098.0
DZ0184,184.0,184,太真玉帝四極明科經,5.0,,,,,exact,,,KR5a0185,6.0,91779.0,26343.0,HFL,,1.0,26573.0,96548.0
DZ0185,185.0,185,赤松子中誡經,1.0,,,,,exact,,,KR5a0186,1.0,14769.0,4241.0,HFL,,1.0,4298.0,15808.0
DZ0186,186.0,186,太微仙君功過格,1.0,1.0,又玄子,16964.0,序,exact,,,KR5a0187,1.0,13420.0,3740.0,HFL,,1.0,3765.0,13766.0
DZ0187,187.0,187,太清五十八願文,1.0,,,,,exact,,,KR5a0188,1.0,7408.0,2084.0,HFL,,1.0,2149.0,7833.0
DZ0188,188.0,188,玄都律文,1.0,,,,,exact,,,KR5a0189,1.0,23526.0,6799.0,HFL,,1.0,6918.0,25593.0
DZ0189,189.0,189,太上靈寶朝天謝罪大懺,10.0,,,,,exact,,,KR5a0190,11.0,115922.0,29154.0,HFL,,1.0,34893.0,126849.0
DZ0190,190.0,190,太上玉清謝罪登真寶懺,1.0,,,,,exact,,,KR5a0191,1.0,6126.0,1594.0,HFL,,1.0,1642.0,5971.0
DZ0191,191.0,191,太上上清禳災延壽寶懺,1.0,,,,,exact,,,KR5a0192,1.0,5883.0,1510.0,HFL,,1.0,1558.0,5660.0
DZ0192,192.0,192,太上泰清拔罪昇天寶懺,1.0,,,,,exact,,,KR5a0193,1.0,7261.0,1927.0,HFL,,1.0,1987.0,7168.0
DZ0193,193.0,193,玉皇宥罪錫福寶懺,1.0,1.0,辛漢臣,16965.0,,exact,,,KR5a0194,1.0,22749.0,5749.0,HFL,,1.0,5902.0,21144.0
DZ0194,194.0,194,高上玉皇滿願寶懺,10.0,,,,,exact,,,KR5a0195,11.0,72912.0,19322.0,HFL,,1.0,19368.0,68759.0
DZ0195,195.0,195,九天應元雷聲普化天尊玉樞寶懺,1.0,,,,,exact,,,KR5a0196,1.0,9818.0,2618.0,HFL,,1.0,2660.0,9699.0
DZ0196,196.0,196,雷霆玉樞宥罪法懺,1.0,,,,,exact,,,KR5a0197,1.0,7869.0,1981.0,HFL,,1.0,2029.0,7723.0
DZ0197,197.0,197,玉皇十七慈光燈儀,1.0,,,,,exact,,,KR5a0198,1.0,22505.0,5641.0,HFL,,1.0,5867.0,21769.0
DZ0198,198.0,198,上清十一大曜燈儀,1.0,,,,,exact,,,KR5a0199,1.0,7859.0,2166.0,HFL,,1.0,2170.0,8043.0
DZ0199,199.0,199,南斗延壽燈儀,1.0,,,,,exact,,,KR5a0200,1.0,6030.0,1644.0,HFL,,1.0,1676.0,6223.0
DZ0200,200.0,200,北斗七元星燈儀,1.0,,,,,exact,,,KR5a0201,1.0,6809.0,1865.0,HFL,,1.0,1907.0,7016.0
DZ0201,201.0,201,北斗本命延壽燈儀,1.0,,,,,exact,,,KR5a0202,1.0,4265.0,1124.0,HFL,,1.0,1166.0,4338.0
DZ0202,202.0,202,三官燈儀,1.0,,,,,exact,,,KR5a0203,1.0,4175.0,1102.0,HFL,,1.0,1099.0,4051.0
DZ0203,203.0,203,玄帝燈儀,1.0,,,,,exact,,,KR5a0204,1.0,4865.0,1321.0,HFL,,1.0,1348.0,4991.0
DZ0204,204.0,204,九天三茅司命仙燈儀,1.0,,,,,exact,,,KR5a0205,1.0,5107.0,1369.0,HFL,,1.0,1403.0,5153.0
DZ0205,205.0,205,萬靈燈儀,1.0,,,,,exact,,,KR5a0206,1.0,3915.0,1043.0,HFL,,1.0,1070.0,4039.0
DZ0206,206.0,206,五顯靈觀大帝燈儀,1.0,,,,,exact,,,KR5a0207,1.0,4876.0,1309.0,HFL,,1.0,1349.0,5017.0
DZ0207,207.0,207,土司燈儀,1.0,,,,,exact,,,KR5a0208,1.0,8267.0,2317.0,HFL,,1.0,2335.0,8734.0
DZ0208,208.0,208,東廚司命燈儀,1.0,,,,,exact,,,KR5a0209,1.0,5053.0,1375.0,HFL,,1.0,1411.0,5207.0
DZ0209,209.0,209,正一瘟司辟毒神燈儀,1.0,,,,,fuzzy,0.8888888888888888,正一殟司辟毒神燈儀,KR5a0210,1.0,5352.0,1473.0,HFL,,1.0,1490.0,5490.0
DZ0210,210.0,210,離明瑞象燈儀,1.0,,,,,exact,,,KR5a0211,1.0,7267.0,1998.0,HFL,,1.0,2039.0,7573.0
DZ0211,211.0,211,黃籙九陽梵炁燈儀,1.0,,,,,exact,,,KR5a0212,1.0,10506.0,2882.0,HFL,,1.0,2929.0,10851.0
DZ0212,212.0,212,黃籙九卮燈儀,1.0,,,,,fuzzy,0.8333333333333334,黃籙九巵燈儀,KR5a0213,1.0,3453.0,888.0,HFL,,1.0,920.0,3327.0
DZ0213,213.0,213,黃籙破獄燈儀,1.0,,,,,exact,,,KR5a0214,1.0,7917.0,2125.0,HFL,,1.0,2160.0,7815.0
DZ0214,214.0,214,黃籙五苦輪燈儀,1.0,,,,,exact,,,KR5a0215,1.0,4517.0,1162.0,HFL,,1.0,1208.0,4380.0
DZ0215,215.0,215,地府十王拔度儀,1.0,,,,,exact,,,KR5a0216,1.0,11418.0,3051.0,HFL,,1.0,3103.0,11349.0
DZ0216,216.0,216,上清天寶齋初夜儀,1.0,,,,,exact,,,KR5a0217,1.0,9885.0,2676.0,HFL,,1.0,2717.0,9865.0
DZ0217,217.0,217,太乙火府奏告祈禳儀,1.0,,,,,exact,,,KR5a0218,1.0,17116.0,4766.0,HFL,,1.0,4819.0,17653.0
DZ0218,218.0,218,清微玄樞奏告儀,1.0,1.0,葉雲來,15825.0,撰,exact,,,KR5a0219,1.0,13142.0,3696.0,HFL,,1.0,3736.0,13226.0
DZ0219,219.0,219,靈寶無量度人上經大法,72.0,,,,,exact,,,KR5a0220,73.0,1085384.0,272390.0,HFL,,1.0,253111.0,911813.0
DZ0220,220.0,220,無上玄元三天玉堂大法,30.0,1.0,路時中,15872.0,撰,exact,,,KR5a0221,31.0,276821.0,67432.0,HFL,,1.0,61563.0,230303.0
DZ0221,221.0,221,無上三天玉堂正宗高奔內景玉書,2.0,,,,,fuzzy,0.9285714285714286,元上三天玉堂正宗高奔內景玉書,KR5a0222,3.0,26009.0,6417.0,HFL,,1.0,6492.0,24647.0
DZ0222,222.0,222,清微神烈祕法,2.0,,,,,fuzzy,0.8333333333333334,清微神烈秘法,KR5a0223,3.0,31395.0,6657.0,HFL,,1.0,6126.0,27197.0
DZ0223,223.0,223,清微元降大法,25.0,,,,,exact,,,KR5a0224,26.0,193377.0,37855.0,HFL,,1.0,31767.0,128205.0
DZ0224,224.0,224,清微齋法,2.0,,,,,exact,,,KR5a0225,3.0,65863.0,16237.0,HFL,,1.0,16541.0,59471.0
DZ0225,225.0,225,太上九要心印妙經,1.0,1.0,張果老,15620.0,撰,exact,,,KR5a0226,1.0,8914.0,2481.0,HFL,,1.0,2515.0,9250.0
DZ0226,226.0,226,紫元君授道傳心法,1.0,1.0,陰長生,15896.0,注,exact,,,KR5a0227,1.0,9288.0,2538.0,HFL,,1.0,2603.0,9415.0
DZ0227,227.0,227,真龍虎九仙經,1.0,1.0,葉法善,11766.0,注,exact,,,KR5a0228,1.0,14594.0,3975.0,HFL,,1.0,4036.0,14938.0
DZ0228,228.0,228,龍虎中丹訣,1.0,,,,,exact,,,KR5a0229,1.0,5655.0,1321.0,HFL,,1.0,1362.0,5117.0
DZ0229,229.0,229,九還七返龍虎金丹析理真訣,1.0,1.0,程昭,15800.0,撰,exact,,,KR5a0230,1.0,10037.0,2879.0,HFL,,1.0,2914.0,10620.0
DZ0230,230.0,230,諸真論還丹訣,1.0,,,,,exact,,,KR5a0231,1.0,4379.0,1121.0,HFL,,1.0,1166.0,4313.0
DZ0231,231.0,231,真一金丹訣,1.0,1.0,王常,1766.0,撰,,,,KR5a0232,1.0,9033.0,2514.0,HFL,,,,
DZ0232,232.0,232,還丹祕訣養赤子神方,1.0,1.0,許子微,15852.0,撰,exact,,,KR5a0233,1.0,5829.0,1567.0,HFL,,1.0,1620.0,5940.0
DZ0233,233.0,233,還丹眾仙論,1.0,1.0,楊在,15731.0,撰,exact,,,KR5a0234,1.0,24832.0,7117.0,HFL,,1.0,7193.0,26883.0
DZ0234,234.0,234,修丹妙用至理論,1.0,,,,,exact,,,KR5a0235,1.0,11161.0,3189.0,HFL,,1.0,3261.0,11963.0
DZ0235,235.0,235,丹經極論,1.0,,,,,exact,,,KR5a0236,1.0,11234.0,3181.0,HFL,,1.0,3214.0,11537.0
DZ0236,236.0,236,金晶論,1.0,,,,,exact,,,KR5a0237,1.0,6154.0,1710.0,HFL,,1.0,1752.0,6500.0
DZ0237,237.0,237,還丹顯妙通幽集,1.0,1.0,潛真子,15642.0,撰,exact,,,KR5a0238,1.0,10536.0,2901.0,HFL,,1.0,2952.0,10679.0
DZ0238,238.0,238,元陽子金液集,1.0,,,,,exact,,,KR5a0239,1.0,15462.0,4229.0,HFL,,1.0,4299.0,15919.0
DZ0239,239.0,239,還丹金液歌註,1.0,2.0,元陽子,15534.0,撰,manual,,,KR5a0240,1.0,8251.0,2338.0,HFL,,1.0,7750.0,29006.0
DZ0240,240.0,240,玉清金笥青華祕文金寶內鍊丹訣,3.0,1.0,張伯端,15604.0,撰,fuzzy,0.8571428571428571,玉清金笥青華秘文金寶內煉丹訣,KR5a0241,4.0,45418.0,11664.0,CK-KZ,,1.0,13192.0,47909.0
DZ0241,241.0,241,碧虛子親傳直指,1.0,1.0,楊明真,15732.0,撰,exact,,,KR5a0242,1.0,11549.0,3314.0,HFL,,1.0,3338.0,11971.0
DZ0242,242.0,242,紙舟先生全真直指,1.0,2.0,金月嚴,15890.0,纂,exact,,,KR5a0243,1.0,6971.0,1685.0,HFL,,1.0,1729.0,6359.0
DZ0243,243.0,243,陳虛白䂓中指南,2.0,1.0,陳沖素,15907.0,撰,fuzzy,0.8571428571428571,陳虛白規中指南,KR5a0244,3.0,20835.0,5345.0,HFL,,1.0,5585.0,20971.0
DZ0244,244.0,244,大丹直指,2.0,1.0,丘處機,15501.0,撰,exact,,,KR5a0245,3.0,35548.0,9619.0,HFL,,1.0,9661.0,35431.0
DZ0245,245.0,245,玉谿子丹經指要,3.0,1.0,李簡易,15703.0,撰,exact,,,KR5a0246,4.0,53678.0,14939.0,HFL,,1.0,14855.0,54131.0
DZ0246,246.0,246,西山群仙會真記,5.0,2.0,施肩吾,15676.0,撰,exact,,,KR5a0247,6.0,65294.0,17911.0,HFL,,1.0,18667.0,68250.0
DZ0247,247.0,247,會真集,5.0,1.0,王吉昌,15761.0,撰,exact,,,KR5a0248,6.0,68203.0,18276.0,HFL,,1.0,18462.0,70333.0
DZ0248,248.0,248,啟真集,3.0,1.0,劉志淵,15542.0,撰,exact,,,KR5a0249,4.0,44185.0,11950.0,HFL,,1.0,11995.0,44477.0
DZ0249,249.0,249,中和集,6.0,3.0,李道純,15707.0,撰,exact,,,KR5a0250,7.0,132479.0,35135.0,HFL,,1.0,36407.0,134949.0
DZ0250,250.0,250,三天易髓,1.0,1.0,李道純,15707.0,撰,exact,,,KR5a0251,1.0,12143.0,3306.0,HFL,,1.0,3336.0,12700.0
DZ0251,251.0,251,全真集玄祕要,1.0,1.0,李道純,15707.0,撰,fuzzy,0.8333333333333334,全真集玄秘要,KR5a0252,1.0,18066.0,4900.0,HFL,,1.0,4930.0,18145.0
DZ0252,252.0,252,谷神篇,2.0,1.0,林轅,15721.0,撰,exact,,,KR5a0253,3.0,43869.0,12524.0,HFL,,1.0,12465.0,44717.0
DZ0253,253.0,253,金闕帝君三元真一經,1.0,,,,,exact,,,KR5a0254,1.0,7831.0,2223.0,HFL,,1.0,2305.0,8343.0
DZ0254,254.0,254,大洞金華玉經,1.0,,,,,exact,,,KR5a0255,1.0,9993.0,2728.0,HFL,,1.0,2788.0,10271.0
DZ0255,255.0,255,太微靈書紫文琅玕華丹神真上經,1.0,1.0,楊羲,3527.0,,exact,,,KR5a0256,1.0,9214.0,2617.0,HFL,,1.0,2695.0,9834.0
DZ0256,256.0,256,玉景九天金霄威神王祝太元上經,1.0,,,,,exact,,,KR5a0257,1.0,8936.0,2457.0,HFL,,1.0,2561.0,9225.0
DZ0257,257.0,257,洞真太微黃書九天八籙真文,1.0,,,,,exact,,,KR5a0258,1.0,4643.0,1028.0,HFL,,1.0,1110.0,4163.0
DZ0258,258.0,258,太玄八景籙,1.0,,,,,exact,,,KR5a0259,1.0,35243.0,9696.0,HFL,,1.0,10206.0,37065.0
DZ0259,259.0,259,陶真人內丹賦,1.0,1.0,陶植,15915.0,撰,exact,,,KR5a0260,1.0,17141.0,4652.0,HFL,,1.0,4736.0,17789.0
DZ0260,260.0,260,擒玄賦,1.0,,,,,exact,,,KR5a0261,1.0,11132.0,3185.0,HFL,,1.0,3229.0,11736.0
DZ0261,261.0,261,金丹賦,1.0,1.0,馬蒞昭,15928.0,注,exact,,,KR5a0262,1.0,46343.0,12728.0,HFL,,1.0,11239.0,42244.0
DZ0262,262.0,262,谷神賦,1.0,1.0,趙德,15867.0,撰,exact,,,KR5a0263,1.0,6786.0,1746.0,HFL,,1.0,1784.0,6603.0
DZ0263,263.0,263,修真十書,60.0,,,,,exact,,,KR5a0273,2.0,25587.0,7160.0,HFL,,1.0,13108.0,47584.0
DZ0263.01,,,雜著指玄篇,,1.0,白玉蟾,15789.0,撰,,,,KR5a0264,9.0,77691.0,20743.0,HFL,,,,
DZ0263.09,,,金丹大成集,,1.0,蕭廷芝,15835.0,撰,manual,,,KR5a0265,6.0,49480.0,12038.0,HFL,,1.0,17767.0,65621.0
DZ0263.14,,,鍾呂傳道集,,3.0,鍾離權,15508.0,撰,manual,,,KR5a0266,4.0,89334.0,25113.0,CK-KZ,,1.0,25184.0,89425.0
DZ0263.17,,,雜著捷徑,,,,,,manual,,,KR5a0267,8.0,85845.0,23068.0,HFL,,1.0,20295.0,73658.0
DZ0263.26,,,悟真篇,,3.0,張伯端,15604.0,撰,manual,,,KR5a0268,6.0,120485.0,32601.0,HFL,,1.0,32471.0,117613.0
DZ0263.31,,,玉隆集,,1.0,白玉蟾,15789.0,撰,manual,,,KR5a0269,9.0,74962.0,21015.0,HFL,,1.0,21023.0,75311.0
DZ0263.37,,,上清集,,,,,,manual,,,KR5a0270,9.0,79478.0,21952.0,HFL,,1.0,22753.0,81236.0
DZ0263.45,,,武夷集,,1.0,白玉蟾,15789.0,撰,manual,,,KR5a0271,9.0,70828.0,19006.0,HFL,,1.0,18972.0,67447.0
DZ0263.53,,,盤山語錄,,,,,,manual,,,KR5a0272,2.0,44686.0,13072.0,HFL,,1.0,13108.0,47584.0
DZ0263.58,,,黃庭外景玉經註,,1.0,白履忠,11640.0,撰,manual,,,KR5a0274,4.0,62833.0,16368.0,HFL,,1.0,5471.0,20693.0
DZ0264,264.0,264,真氣還元銘,1.0,1.0,強名子,15632.0,撰,exact,,,KR5a0276,1.0,14799.0,3841.0,HFL,,1.0,3881.0,15567.0
DZ0265,265.0,265,還丹歌訣,2.0,1.0,元陽子,15534.0,纂,exact,,,KR5a0277,3.0,26972.0,7570.0,HFL,,1.0,7750.0,29006.0
DZ0266,266.0,266,金液還丹百問訣,1.0,,,,,exact,,,KR5a0278,1.0,35452.0,10493.0,HFL,,1.0,9683.0,35892.0
DZ0267,267.0,267,上乘修真三要,2.0,1.0,高道寬,15932.0,撰,exact,,,KR5a0279,2.0,22870.0,5881.0,HFL,,1.0,5879.0,22530.0
DZ0268,268.0,268,乾元子三始論,1.0,,,,,exact,,,KR5a0280,1.0,2765.0,685.0,HFL,,1.0,697.0,2588.0
DZ0269,269.0,269,至真子龍虎大丹詩,1.0,1.0,周方,15571.0,撰,exact,,,KR5a0281,1.0,7858.0,2194.0,HFL,,1.0,2241.0,7847.0
DZ0270,270.0,270,破迷正道歌,1.0,1.0,鍾離權,15508.0,撰,exact,,,KR5a0282,1.0,6180.0,1724.0,HFL,,1.0,1752.0,6203.0
DZ0271,271.0,271,太玄朗然子進道詩,1.0,1.0,劉希岳,15541.0,撰,exact,,,KR5a0283,1.0,7031.0,1918.0,HFL,,1.0,1947.0,7007.0
DZ0272,272.0,272,了明篇,1.0,2.0,宋先生,15588.0,撰,exact,,,KR5a0284,1.0,13737.0,3663.0,HFL,,1.0,3710.0,13516.0
DZ0273,273.0,273,明道篇,1.0,1.0,王維一,15779.0,撰,exact,,,KR5a0285,1.0,18912.0,5423.0,HFL,,1.0,5452.0,19486.0
DZ0274,274.0,274,真仙祕傳火候法,1.0,,,,,fuzzy,0.8571428571428571,真仙秘傳火候法,KR5a0286,1.0,9249.0,2601.0,HFL,,1.0,2655.0,9423.0
DZ0275,275.0,275,三極至命筌蹄,1.0,1.0,王慶升,15770.0,撰,exact,,,KR5a0287,1.0,37124.0,8916.0,HFL,,1.0,7998.0,29039.0
DZ0276,276.0,276,析疑指迷論,1.0,3.0,牛道淳,15752.0,撰,exact,,,KR5a0288,1.0,18903.0,5142.0,HFL,,1.0,5381.0,19762.0
DZ0277,277.0,277,修真精義雜論,1.0,1.0,司馬承禎,10781.0,撰,exact,,,KR5a0289,1.0,25169.0,7217.0,HFL,,1.0,7407.0,27812.0
DZ0278,278.0,278,清微丹訣,1.0,,,,,exact,,,KR5a0290,1.0,10097.0,2823.0,HFL,,1.0,2861.0,10639.0
DZ0279,279.0,279,先天金丹大道玄奧口訣,1.0,4.0,霍濟之,15920.0,撰,exact,,,KR5a0291,1.0,12245.0,3360.0,HFL,,1.0,3397.0,12321.0
DZ0280,280.0,280,金液大丹口訣,1.0,1.0,鄭德安,15886.0,,exact,,,KR5a0292,1.0,10739.0,2926.0,HFL,,1.0,2982.0,10723.0
DZ0281,281.0,281,抱一子三峰老人丹訣,1.0,2.0,金月嚴,15890.0,纂,exact,,,KR5a0293,1.0,19770.0,5715.0,HFL,,1.0,5759.0,20719.0
DZ0282,282.0,282,黃帝宅經,2.0,,,,,exact,,,KR5a0294,3.0,18875.0,5234.0,HFL,,1.0,5264.0,19503.0
DZ0283,283.0,283,黃帝龍首經,2.0,1.0,洪頤暄,15750.0,序,exact,,,KR5a0295,3.0,59255.0,16916.0,HFL,,1.0,16979.0,62811.0
DZ0284,284.0,284,黃帝金匱玉衡經,1.0,1.0,孫星衍,15585.0,注,exact,,,KR5a0296,1.0,25092.0,7351.0,HFL,,1.0,7381.0,27156.0
DZ0285,285.0,285,黃帝授三子玄女經,1.0,,,,,exact,,,KR5a0297,1.0,3446.0,890.0,HFL,,1.0,904.0,3366.0
DZ0286,286.0,286,太上登真三矯靈應經,1.0,,,,,exact,,,KR5a0298,1.0,74222.0,20776.0,HFL,,1.0,1813.0,6616.0
DZ0287,287.0,287,通占大象歷星經,2.0,,,,,exact,,,KR5a0299,2.0,34175.0,9016.0,HFL,,1.0,9032.0,35401.0
DZ0288,288.0,288,靈臺經,1.0,,,,,exact,,,KR5a0300,1.0,22553.0,6560.0,HFL,,1.0,6572.0,24508.0
DZ0289,289.0,289,秤星靈臺祕要經,1.0,,,,,fuzzy,0.8571428571428571,秤星靈臺秘要經,KR5a0301,1.0,7540.0,2080.0,HFL,,1.0,2118.0,7703.0
DZ0290,290.0,290,廣皇帝本行記,1.0,1.0,王瓘,15777.0,撰,fuzzy,0.8333333333333334,廣黃帝本行記,KR5a0302,1.0,14363.0,4140.0,HFL,,1.0,4187.0,15002.0
DZ0291,291.0,291,穆天子傳,6.0,3.0,郭璞,51.0,注,exact,,,KR5a0303,7.0,46508.0,12364.0,HFL,,1.0,12516.0,47039.0
DZ0292,292.0,292,漢武帝內傳,1.0,,,,,exact,,,KR5a0304,1.0,34557.0,10119.0,HFL,,1.0,11087.0,41132.0
DZ0293,293.0,293,漢武帝外傳,1.0,,,,,exact,,,KR5a0305,1.0,21057.0,6173.0,HFL,,1.0,6209.0,22235.0
DZ0294,294.0,294,列仙傳,2.0,3.0,劉向,331.0,撰,exact,,,KR5a0306,3.0,36681.0,9433.0,HFL,,1.0,9585.0,37071.0
DZ0295,295.0,295,續仙傳,3.0,1.0,沈汾,15747.0,纂,exact,,,KR5a0307,4.0,71161.0,20526.0,HFL,,1.0,20902.0,76270.0
DZ0296,296.0,296,歷世真仙體道通鑑,53.0,3.0,趙道一,15871.0,撰,exact,,,KR5a0308,56.0,1046085.0,300830.0,HFL,,1.0,303661.0,1099969.0
DZ0297,297.0,297,歷世真仙體道通鑑續篇,5.0,1.0,趙道一,15871.0,撰,fuzzy,0.9,歷世真仙體道通鑑續編,KR5a0309,6.0,112359.0,32629.0,HFL,,1.0,33047.0,118354.0
DZ0298,298.0,298,歷世真仙體道通鑑後集,6.0,1.0,趙道一,15871.0,撰,fuzzy,0.9,歷世真仙體道通鑒後集,KR5a0310,7.0,132094.0,37411.0,HFL,,1.0,37064.0,134219.0
DZ0299,299.0,299,疑仙傳,3.0,1.0,隱夫玉簡,15659.0,撰,exact,,,KR5a0311,4.0,32615.0,9242.0,HFL,,1.0,9274.0,33084.0
DZ0300,300.0,300,華陽陶隱居內傳,3.0,1.0,賈嵩,15860.0,撰,exact,,,KR5a0312,4.0,42093.0,11540.0,HFL,,1.0,11593.0,43853.0
DZ0301,301.0,301,桓真人升仙記,1.0,,,,,exact,,,KR5a0313,1.0,15407.0,4478.0,HFL,,1.0,4527.0,16394.0
DZ0302,302.0,302,周氏冥通記,4.0,2.0,周子良,3555.0,撰,exact,,,KR5a0314,5.0,89238.0,25634.0,HFL,,1.0,25730.0,94130.0
DZ0303,303.0,303,紫陽真人內傳,1.0,1.0,華僑,2035.0,,exact,,,KR5a0315,1.0,20389.0,5896.0,HFL,,1.0,6078.0,22745.0
DZ0304,304.0,304,茅山志,33.0,3.0,劉大彬,15538.0,纂,exact,,,KR5a0316,34.0,485355.0,135546.0,HFL,,1.0,137931.0,506793.0
DZ0305,305.0,305,純陽帝君神化妙通紀,7.0,1.0,苗善時,15815.0,撰,exact,,,KR5a0317,8.0,97564.0,27294.0,HFL,,1.0,27369.0,100045.0
DZ0306,306.0,306,太華希夷志,2.0,1.0,張輅,15628.0,纂,exact,,,KR5a0318,3.0,33570.0,9667.0,HFL,,1.0,9734.0,34687.0
DZ0307,307.0,307,西嶽華山誌,1.0,2.0,王處一,15499.0,撰,exact,,,KR5a0319,1.0,26263.0,7358.0,HFL,,1.0,7396.0,27321.0
DZ0308,308.0,308,凝陽董真人遇仙記,1.0,1.0,祿昭聞,15648.0,撰,exact,,,KR5a0320,1.0,18278.0,5356.0,HFL,,1.0,5399.0,19467.0
DZ0309,309.0,309,諸師真誥,1.0,,,,,exact,,,KR5a0321,1.0,16599.0,4637.0,HFL,,1.0,4672.0,17075.0
DZ0310,310.0,310,金籙齋三洞讚詠儀,3.0,1.0,張商英,15606.0,纂,exact,,,KR5a0322,4.0,25155.0,6766.0,HFL,,1.0,6744.0,24548.0
DZ0311,311.0,311,黃帝陰符經頌,1.0,1.0,元陽子,15534.0,撰,exact,,,KR5a0323,1.0,7613.0,1448.0,HFL,,1.0,1599.0,5862.0
DZ0312,312.0,312,太上昇玄消災護命妙經頌,1.0,1.0,張白,1021.0,撰,fuzzy,0.9090909090909092,太上升玄消災護命妙經頌,KR5a0324,1.0,5515.0,1380.0,HFL,,1.0,1242.0,4621.0
DZ0313,313.0,313,生天經頌解,1.0,1.0,王吉昌,15761.0,撰,exact,,,KR5a0325,1.0,5559.0,1369.0,HFL,,1.0,1408.0,5090.0
DZ0314,314.0,314,三洞讚頌靈章,3.0,,,,,exact,,,KR5a0326,4.0,47576.0,13142.0,HFL,,1.0,13221.0,49564.0
DZ0315,315.0,315,宋真宗玉製玉京集,6.0,1.0,趙德昌,15868.0,撰,fuzzy,0.875,宋真宗御製玉京集,KR5a0327,7.0,66739.0,17702.0,HFL,,1.0,17856.0,66619.0
DZ0316,316.0,316,太上濟度章赦,3.0,,,,,exact,,,KR5a0328,4.0,77853.0,21068.0,HFL,,1.0,21797.0,78505.0
DZ0317,317.0,317,靈寶天尊說洪恩靈濟真君妙經,1.0,1.0,永樂帝,15356.0,序,exact,,,KR5b0001,1.0,4513.0,1179.0,HFL,,1.0,1234.0,4431.0
DZ0318,318.0,318,洞玄靈寶自然九天生神章經,1.0,1.0,葛巢甫,1421.0,,exact,,,KR5b0002,1.0,16891.0,4710.0,HFL,,1.0,4982.0,18377.0
DZ0319,319.0,319,洞玄靈寶本相運度劫期經,1.0,,,,,exact,,,KR5b0003,1.0,16242.0,4717.0,HFL,,1.0,4794.0,17371.0
DZ0320,320.0,320,洞玄靈寶丹水飛術運度小劫妙經,1.0,,,,,exact,,,KR5b0004,1.0,21380.0,6049.0,HFL,,1.0,6112.0,21821.0
DZ0321,321.0,321,洞玄靈寶諸天世界造化經,1.0,,,,,exact,,,KR5b0005,1.0,12669.0,3186.0,HFL,,1.0,3479.0,12630.0
DZ0322,322.0,322,太上靈寶天地運度自然妙經,1.0,,,,,exact,,,KR5b0006,1.0,7433.0,1980.0,HFL,,1.0,2040.0,7519.0
DZ0323,323.0,323,太上洞玄靈寶三元無量壽經,1.0,,,,,exact,,,KR5b0007,1.0,15107.0,4385.0,HFL,,1.0,4448.0,15628.0
DZ0324,324.0,324,上清五常變通萬化鬱冥經,1.0,,,,,exact,,,KR5b0008,1.0,45453.0,12931.0,HFL,,1.0,13110.0,48914.0
DZ0325,325.0,325,太上洞玄靈寶智慧定志通微經,1.0,1.0,葛巢甫,1421.0,,exact,,,KR5b0009,1.0,24640.0,7069.0,HFL,,1.0,7198.0,26377.0
DZ0326,326.0,326,太上洞玄靈寶觀妙經,1.0,,,,,exact,,,KR5b0010,1.0,1733.0,398.0,HFL,,1.0,407.0,1535.0
DZ0327,327.0,327,太上洞玄靈寶天尊說大通經,1.0,,,,,exact,,,KR5b0011,1.0,1000.0,182.0,HFL,,1.0,237.0,886.0
DZ0328,328.0,328,太上洞玄靈寶護諸童子經,1.0,,,,,exact,,,KR5b0012,1.0,3438.0,918.0,HFL,,1.0,982.0,3563.0
DZ0329,329.0,329,太上洞玄靈寶開演祕密藏經,1.0,,,,,fuzzy,0.9166666666666666,太上洞玄靈寶開演秘密藏經,KR5b0013,1.0,16849.0,4490.0,HFL,,1.0,4790.0,17354.0
DZ0330,330.0,330,太上洞玄靈寶真文要解上經,1.0,,,,,exact,,,KR5b0014,1.0,18062.0,4612.0,HFL,,1.0,4906.0,17690.0
DZ0331,331.0,331,太上黃庭內景玉經,1.0,2.0,楊羲,3527.0,,exact,,,KR5b0015,1.0,12122.0,3309.0,HFL,,1.0,3338.0,12013.0
DZ0332,332.0,332,太上黃庭外景玉經,1.0,,,,,exact,,,KR5b0016,1.0,5232.0,1410.0,HFL,,1.0,1522.0,5334.0
DZ0333,333.0,333,靈寶天尊說祿庫受生經,1.0,,,,,exact,,,KR5b0017,1.0,5087.0,1391.0,HFL,,1.0,1455.0,5326.0
DZ0334,334.0,334,太上靈寶元陽妙經,10.0,,,,,exact,,,KR5b0018,11.0,236755.0,69098.0,HFL,,1.0,69382.0,249215.0
DZ0335,335.0,335,太上洞淵神咒經,20.0,1.0,杜光庭,15712.0,序,exact,,,KR5b0019,21.0,244843.0,68652.0,HFL,,1.0,68849.0,252383.0
DZ0336,336.0,336,太上洞玄靈寶業報因緣經,10.0,,,,,exact,,,KR5b0020,11.0,107703.0,20807.0,HFL,,1.0,46496.0,168228.0
DZ0337,337.0,337,太上洞玄靈寶十號功德因緣妙經,1.0,,,,,exact,,,KR5b0021,1.0,9406.0,2402.0,HFL,,1.0,2710.0,9810.0
DZ0338,338.0,338,太上洞玄靈寶宿命因緣明經,1.0,,,,,exact,,,KR5b0022,1.0,11779.0,3257.0,HFL,,1.0,3342.0,12415.0
DZ0339,339.0,339,太上洞玄靈寶出家因緣經,1.0,,,,,exact,,,KR5b0023,1.0,21623.0,5970.0,HFL,,1.0,6247.0,22940.0
DZ0340,340.0,340,太上洞玄靈寶轉神度命經,1.0,,,,,exact,,,KR5b0024,1.0,10862.0,3123.0,HFL,,1.0,3184.0,11605.0
DZ0341,341.0,341,太上洞玄靈寶十師度人妙經,1.0,,,,,exact,,,KR5b0025,1.0,12080.0,3488.0,HFL,,1.0,3550.0,12935.0
DZ0342,342.0,342,太上洞玄靈寶太玄普慈勸世經,1.0,,,,,exact,,,KR5b0026,1.0,11811.0,3359.0,HFL,,1.0,3391.0,12419.0
DZ0343,343.0,343,太上洞玄靈寶四方大願經,1.0,,,,,exact,,,KR5b0027,1.0,5583.0,1545.0,HFL,,1.0,1605.0,5873.0
DZ0344,344.0,344,太上洞玄靈寶智慧本願大戒上品經,1.0,1.0,葛玄,1557.0,輯佚,exact,,,KR5b0028,1.0,19667.0,5698.0,HFL,,1.0,6479.0,24390.0
DZ0345,345.0,345,太上洞玄靈寶誡業本行上品妙經,1.0,,,,,exact,,,KR5b0029,1.0,29881.0,8738.0,HFL,,1.0,8823.0,31520.0
DZ0346,346.0,346,太上洞玄靈寶真一勸誡法輪妙經,1.0,1.0,葛巢甫,1421.0,,exact,,,KR5b0030,1.0,6369.0,1778.0,HFL,,1.0,1902.0,6882.0
DZ0347,347.0,347,太上玄一真人說妙通轉神入定經,1.0,,,,,exact,,,KR5b0031,1.0,7528.0,2043.0,HFL,,1.0,2185.0,8369.0
DZ0348,348.0,348,太上玄一真人說勸誡法輪妙經,1.0,,,,,fuzzy,0.9629629629629628,太上玄一真人說勸誡法 輪妙經,KR5b0032,1.0,7053.0,1955.0,HFL,,1.0,2162.0,7993.0
DZ0349,349.0,349,太上洞玄靈寶法燭經,1.0,1.0,陸修靜,4492.0,撰,exact,,,KR5b0033,1.0,10616.0,2776.0,HFL,,1.0,3093.0,11351.0
DZ0350,350.0,350,太上靈寶智慧觀身經,1.0,,,,,exact,,,KR5b0034,1.0,1692.0,194.0,HFL,,1.0,490.0,1820.0
DZ0351,351.0,351,太一救苦護身妙經,1.0,,,,,exact,,,KR5b0035,1.0,5843.0,1444.0,HFL,,1.0,1673.0,6107.0
DZ0352,352.0,352,太上洞玄靈寶赤書玉訣妙經,2.0,1.0,葛巢甫,1421.0,,exact,,,KR5b0036,3.0,65394.0,18615.0,HFL,,1.0,18781.0,69211.0
DZ0353,353.0,353,上清金匱玉鏡修真指玄妙經,1.0,,,,,exact,,,KR5b0037,1.0,11497.0,2319.0,HFL,,1.0,2598.0,9485.0
DZ0354,354.0,354,上清三元玉檢三元布經,1.0,,,,,exact,,,KR5b0038,1.0,37153.0,10352.0,HFL,,1.0,10441.0,38038.0
DZ0355,355.0,355,太上洞玄靈寶福日妙經,1.0,,,,,exact,,,KR5b0039,1.0,2106.0,350.0,HFL,,1.0,589.0,2210.0
DZ0356,356.0,356,洞玄靈寶上師說救護身命經,1.0,,,,,exact,,,KR5b0040,1.0,12978.0,3745.0,HFL,,1.0,3843.0,13615.0
DZ0357,357.0,357,太上靈寶天尊說禳災度厄經,1.0,,,,,exact,,,KR5b0041,1.0,1106.0,72.0,HFL,,1.0,322.0,1149.0
DZ0358,358.0,358,太上神咒延壽妙經,1.0,,,,,exact,,,KR5b0042,1.0,1174.0,87.0,HFL,,1.0,344.0,1273.0
DZ0359,359.0,359,太上洞玄靈寶消禳火災經,1.0,,,,,exact,,,KR5b0043,1.0,2948.0,732.0,HFL,,1.0,788.0,2902.0
DZ0360,360.0,360,太上洞玄靈寶天尊說養蠶營種經,1.0,,,,,exact,,,KR5b0044,1.0,9151.0,2571.0,HFL,,1.0,2631.0,9496.0
DZ0361,361.0,361,太上洞玄靈寶八威召龍妙經,2.0,,,,,exact,,,KR5b0045,3.0,27575.0,7657.0,HFL,,1.0,7740.0,27912.0
DZ0362,362.0,362,太上洞玄說請雨龍王經,1.0,,,,,fuzzy,0.9,太上洞淵說請雨龍王經,KR5b0046,1.0,3619.0,678.0,HFL,,1.0,939.0,3495.0
DZ0363,363.0,363,太上召諸神龍安鎮墳墓經,1.0,,,,,exact,,,KR5b0047,1.0,2580.0,636.0,HFL,,1.0,685.0,2517.0
DZ0364,364.0,364,太上靈寶補謝竈王經,1.0,,,,,exact,,,KR5b0048,1.0,3240.0,857.0,HFL,,1.0,903.0,3352.0
DZ0365,365.0,365,太上說利益蠶王妙經,1.0,,,,,exact,,,KR5b0049,1.0,1376.0,282.0,HFL,,1.0,327.0,1212.0
DZ0366,366.0,366,太上說牛癀妙經,1.0,,,,,exact,,,KR5b0050,,,,,,1.0,320.0,1184.0
DZ0367,367.0,367,上清洞玄明燈上經,1.0,,,,,exact,,,KR5b0051,1.0,6890.0,1907.0,HFL,,1.0,1970.0,7426.0
DZ0368,368.0,368,太上洞玄寶元上經,1.0,,,,,exact,,,KR5b0052,1.0,23738.0,6566.0,HFL,,1.0,6879.0,25207.0
DZ0369,369.0,369,太上洞玄靈寶滅度五鍊生尸妙經,1.0,,,,,exact,,,KR5b0053,1.0,16178.0,4443.0,HFL,,1.0,7261.0,26432.0
DZ0370,370.0,370,太上洞玄靈寶三元玉京玄都大獻經,1.0,,,,,exact,,,KR5b0054,1.0,30391.0,8376.0,HFL,,1.0,9158.0,33958.0
DZ0371,371.0,371,太上洞玄靈寶三塗五苦拔度生死妙經,1.0,,,,,fuzzy,0.9375,太上洞玄靈寶三涂五苦拔度生死妙經,KR5b0055,1.0,8009.0,2272.0,HFL,,1.0,2317.0,8545.0
DZ0372,372.0,372,太上道君說解冤拔度妙經,1.0,,,,,exact,,,KR5b0056,1.0,1772.0,406.0,HFL,,1.0,567.0,2193.0
DZ0373,373.0,373,太上洞玄靈寶往生救苦妙經,1.0,,,,,exact,,,KR5b0057,1.0,15226.0,4308.0,HFL,,1.0,5108.0,19510.0
DZ0374,374.0,374,太上洞玄靈寶救苦妙經,1.0,1.0,趙子俅,15864.0,後記,exact,,,KR5b0058,1.0,3628.0,914.0,HFL,,1.0,954.0,3468.0
DZ0375,375.0,375,太上洞玄靈寶天尊說濟苦經,1.0,,,,,exact,,,KR5b0059,1.0,3006.0,782.0,HFL,,1.0,867.0,3262.0
DZ0376,376.0,376,太上洞玄靈寶凈供妙經,1.0,1.0,葛玄,1557.0,輯佚,exact,,,KR5b0060,1.0,11274.0,2978.0,HFL,,1.0,3275.0,11953.0
DZ0377,377.0,377,太上靈寶洪福滅罪像名經,1.0,,,,,exact,,,KR5b0061,1.0,33966.0,7778.0,HFL,,1.0,8063.0,28580.0
DZ0378,378.0,378,太上救苦天尊說消愆滅罪經,1.0,,,,,exact,,,KR5b0062,1.0,2749.0,637.0,HFL,,1.0,666.0,2428.0
DZ0379,379.0,379,太上說酆都拔苦愈樂妙經,1.0,,,,,exact,,,KR5b0063,1.0,1009.0,197.0,HFL,,1.0,264.0,949.0
DZ0380,380.0,380,洞玄靈寶道要經,1.0,,,,,exact,,,KR5b0064,1.0,8383.0,2358.0,HFL,,1.0,2732.0,10594.0
DZ0381,381.0,381,洞玄靈寶飛仙上品妙經,1.0,,,,,exact,,,KR5b0065,1.0,5995.0,1634.0,HFL,,1.0,1639.0,6060.0
DZ0382,382.0,382,太上靈寶天尊說延壽妙經,1.0,,,,,exact,,,KR5b0066,1.0,2248.0,564.0,HFL,,1.0,624.0,2283.0
DZ0383,383.0,383,太上七星神咒經,1.0,,,,,exact,,,KR5b0067,1.0,1562.0,321.0,HFL,,1.0,388.0,1454.0
DZ0384,384.0,384,太上虛皇保生神咒經,1.0,,,,,exact,,,KR5b0068,1.0,1137.0,237.0,HFL,,1.0,307.0,1146.0
DZ0385,385.0,385,太上洞玄三洞開天風雷禹步制魔神咒經,1.0,,,,,exact,,,KR5b0069,1.0,4271.0,1042.0,HFL,,1.0,1049.0,3865.0
DZ0386,386.0,386,太上洞淵三昧帝心光明正印太極紫微伏魔制鬼拯救惡道集福吉祥神咒,1.0,,,,,exact,,,KR5b0070,1.0,5469.0,1213.0,HFL,,1.0,1551.0,5471.0
DZ0387,387.0,387,太上三生解冤妙經,1.0,,,,,exact,,,KR5b0071,1.0,5774.0,1512.0,HFL,,1.0,1593.0,5893.0
DZ0388,388.0,388,太上靈寶五符序,3.0,,,,,exact,,,KR5b0072,4.0,85876.0,24344.0,HFL,,1.0,24577.0,90023.0
DZ0389,389.0,389,太上洞玄靈寶素靈真符,3.0,1.0,陸修靜,4492.0,撰,exact,,,KR5b0073,4.0,16571.0,2735.0,HFL,,1.0,3225.0,12385.0
DZ0390,390.0,390,太上洞玄靈寶五嶽神符,1.0,,,,,exact,,,KR5b0074,1.0,9294.0,2376.0,HFL,,1.0,2454.0,8936.0
DZ0391,391.0,391,上清金母求仙上法,1.0,1.0,李玄真,12356.0,撰,exact,,,KR5b0075,1.0,10542.0,2084.0,HFL,,1.0,1896.0,7089.0
DZ0392,392.0,392,上清豁落七元符,1.0,,,,,exact,,,KR5b0076,1.0,1478.0,198.0,HFL,,1.0,233.0,906.0
DZ0393,393.0,393,太上洞玄靈寶大綱鈔,1.0,1.0,閭丘方遠,15894.0,撰,exact,,,KR5b0077,1.0,3133.0,817.0,HFL,,1.0,893.0,3201.0
DZ0394,394.0,394,上清太一金闕玉璽金真紀,1.0,,,,,exact,,,KR5b0078,1.0,5943.0,1548.0,HFL,,1.0,1598.0,5932.0
DZ0395,395.0,395,太上洞玄靈寶投簡符文要訣,1.0,,,,,exact,,,KR5b0079,1.0,20024.0,5361.0,HFL,,1.0,5462.0,20271.0
DZ0396,396.0,396,洞玄靈寶自然九天生神章經解義,4.0,1.0,董思靖,15826.0,撰,exact,,,KR5b0080,5.0,116683.0,31161.0,HFL,,1.0,32058.0,115572.0
DZ0397,397.0,397,洞玄靈寶自然九天生神玉章經解,3.0,1.0,王希巢,15765.0,撰,exact,,,KR5b0081,4.0,129545.0,34750.0,HFL,,1.0,35770.0,129282.0
DZ0398,398.0,398,洞玄靈寶自然九天生神玉章經註,3.0,1.0,華陽復,15820.0,撰,fuzzy,0.9629629629629628,洞玄靈寶自然九天生神章經註,KR5b0082,4.0,70626.0,18154.0,HFL,,1.0,18629.0,68787.0
DZ0399,399.0,399,太上洞玄靈寶天尊說救苦妙經註解,1.0,1.0,呂氏,16966.0,撰,exact,,,KR5b0083,1.0,30011.0,7927.0,HFL,,1.0,8290.0,29737.0
DZ0400,400.0,400,洞玄靈寶定觀經註,1.0,,,,,exact,,,KR5b0084,1.0,6987.0,1575.0,HFL,,1.0,1894.0,7714.0
DZ0401,401.0,401,黃庭內景玉經註,1.0,1.0,劉處玄,15502.0,撰,manual,,,KR5b0085,1.0,38251.0,10277.0,HFL,,1.0,10254.0,44076.0
DZ0402,402.0,402,黃庭內景玉經註,3.0,1.0,白履忠,11640.0,撰,exact,,,KR5b0086,4.0,57949.0,15346.0,HFL,,1.0,18238.0,74216.0
DZ0403,403.0,403,黃庭內外玉景經解,1.0,1.0,白履忠,11640.0,撰,fuzzy,0.875,黃庭內外景玉經解,KR5b0087,1.0,11175.0,3002.0,HFL,,1.0,3041.0,11074.0
DZ0404,404.0,404,上清丹元玉真帝皇飛仙上經,1.0,,,,,exact,,,KR5b0088,1.0,5196.0,1361.0,HFL,,1.0,1412.0,5173.0
DZ0405,405.0,405,上清紫精君皇初紫靈道君洞房上經,1.0,,,,,exact,,,KR5b0089,1.0,20978.0,5893.0,HFL,,1.0,6124.0,22534.0
DZ0406,406.0,406,上清紫微帝君南極元君玉經寶訣,1.0,,,,,exact,,,KR5b0090,1.0,10637.0,2855.0,HFL,,1.0,2921.0,10795.0
DZ0407,407.0,407,靈寶大鍊內旨行持機要,1.0,,,,,fuzzy,0.9,靈寶大煉內旨行持機要,KR5b0091,1.0,3647.0,967.0,HFL,,1.0,1026.0,3714.0
DZ0408,408.0,408,上清胎精記解結行事訣,1.0,1.0,楊羲,3527.0,,fuzzy,0.9473684210526316,上清胎精記解行事訣,KR5b0092,1.0,13649.0,3631.0,HFL,,1.0,3718.0,13763.0
DZ0409,409.0,409,上清華晨三奔玉訣,1.0,,,,,exact,,,KR5b0093,1.0,5564.0,1511.0,HFL,,1.0,1570.0,5756.0
DZ0410,410.0,410,太上洞玄靈寶眾簡文,1.0,1.0,陸修靜,4492.0,撰,exact,,,KR5b0094,1.0,9231.0,2323.0,HFL,,1.0,2370.0,8949.0
DZ0411,411.0,411,太上洞玄靈寶五帝醮祭招真玉訣,1.0,1.0,張承先,15619.0,編,exact,,,KR5b0095,1.0,7555.0,2115.0,HFL,,1.0,2064.0,7625.0
DZ0412,412.0,412,上清佩符文青券訣,1.0,,,,,manual,,,KR5b0096,1.0,10108.0,2736.0,HFL,,1.0,9854.0,36442.0
DZ0413,413.0,413,上清佩符文白券訣,1.0,,,,,manual,,,KR5b0097,1.0,11578.0,3148.0,HFL,,1.0,9854.0,36442.0
DZ0414,414.0,414,上清佩符文絳券訣,1.0,,,,,manual,,,KR5b0098,1.0,4451.0,1167.0,HFL,,1.0,9854.0,36442.0
DZ0415,415.0,415,上清佩符文黑券訣,1.0,,,,,manual,,,KR5b0099,1.0,3290.0,843.0,HFL,,1.0,9854.0,36442.0
DZ0416,416.0,416,上清佩符文黃券訣,1.0,,,,,manual,,,KR5b0100,1.0,7047.0,1892.0,HFL,,1.0,9854.0,36442.0
DZ0417,417.0,417,太上大道三元品誡謝罪上法,1.0,,,,,exact,,,KR5b0101,1.0,16128.0,4592.0,HFL,,1.0,4661.0,17111.0
DZ0418,418.0,418,固氣還神九轉瓊丹論,1.0,,,,,exact,,,KR5b0102,1.0,13201.0,3675.0,HFL,,1.0,3725.0,13753.0
DZ0419,419.0,419,靈寶眾真丹訣,1.0,,,,,exact,,,KR5b0103,1.0,18278.0,5246.0,HFL,,1.0,5305.0,19359.0
DZ0420,420.0,420,神仙服餌丹石行藥法,1.0,1.0,京里先生,3573.0,撰,exact,,,KR5b0104,1.0,8529.0,2374.0,HFL,,1.0,8068.0,29963.0
DZ0421,421.0,421,登真隱訣,3.0,1.0,陶弘景,8506.0,纂,exact,,,KR5b0105,4.0,90732.0,26408.0,HFL,,1.0,26603.0,94694.0
DZ0422,422.0,422,上清三真旨要玉訣,1.0,,,,,exact,,,KR5b0106,1.0,20727.0,5968.0,HFL,,1.0,9789.0,36853.0
DZ0423,423.0,423,上清洞真解過訣,1.0,,,,,exact,,,KR5b0107,1.0,16985.0,4836.0,HFL,,1.0,4912.0,17904.0
DZ0424,424.0,424,上清明堂元真經訣,1.0,1.0,楊羲,3527.0,,exact,,,KR5b0108,1.0,13680.0,3949.0,HFL,,1.0,4046.0,14428.0
DZ0425,425.0,425,上清太極隱注玉經寶訣,1.0,,,,,exact,,,KR5b0109,1.0,20290.0,5852.0,HFL,,1.0,5954.0,21867.0
DZ0426,426.0,426,上清太上八素真經,1.0,,,,,exact,,,KR5b0110,1.0,29723.0,8663.0,HFL,,1.0,8742.0,31612.0
DZ0427,427.0,427,上清修行經訣,1.0,,,,,exact,,,KR5b0111,1.0,29128.0,8298.0,HFL,,1.0,8401.0,31618.0
DZ0428,428.0,428,太上飛行九晨玉經,1.0,,,,,exact,,,KR5b0112,1.0,36516.0,10689.0,HFL,,1.0,10877.0,39971.0
DZ0429,429.0,429,上清長生寶鑑圖,1.0,,,,,exact,,,KR5b0113,1.0,939.0,56.0,HFL,,1.0,102.0,423.0
DZ0430,430.0,430,上清八道祕言圖,1.0,,,,,exact,,,KR5b0114,1.0,5925.0,1471.0,HFL,,1.0,1528.0,5548.0
DZ0431,431.0,431,上清含象劍鑑圖,1.0,1.0,司馬承禎,10781.0,撰,fuzzy,0.8571428571428571,上清含象劍鑒圖,KR5b0115,1.0,4528.0,1020.0,HFL,,1.0,991.0,3635.0
DZ0432,432.0,432,黃庭內景五臟六腑補瀉圖,1.0,1.0,胡愔,15811.0,撰,exact,,,KR5b0116,1.0,20047.0,5558.0,HFL,,1.0,5727.0,21419.0
DZ0433,433.0,433,七域修真證品圖,1.0,,,,,exact,,,KR5b0117,1.0,7941.0,2068.0,HFL,,1.0,2106.0,7892.0
DZ0434,434.0,434,玄覽人鳥山經圖,1.0,,,,,exact,,,KR5b0118,1.0,5940.0,1636.0,HFL,,1.0,1721.0,6331.0
DZ0435,435.0,435,太上玉晨鬱儀結璘奔日月圖,1.0,,,,,fuzzy,0.9166666666666666,太上玉晨郁儀結璘奔日月圖,KR5b0119,1.0,14858.0,4032.0,HFL,,1.0,4093.0,15291.0
DZ0436,436.0,436,上方大洞真元妙經品,1.0,1.0,明皇,15677.0,序,exact,,,KR5b0120,1.0,6682.0,1862.0,HFL,,1.0,2262.0,8295.0
DZ0437,437.0,437,上方大洞真元妙經圖,1.0,,,,,exact,,,KR5b0121,1.0,8403.0,2326.0,HFL,,1.0,2378.0,8749.0
DZ0438,438.0,438,上方大洞真元陰陽陟降圖書後解,1.0,,,,,exact,,,KR5b0122,1.0,12033.0,3372.0,HFL,,1.0,4266.0,15610.0
DZ0439,439.0,439,上方大洞真元圖書繼說終篇,1.0,,,,,exact,,,KR5b0123,1.0,6438.0,1802.0,HFL,,1.0,1857.0,6614.0
DZ0440,440.0,440,許太史真君圖傳,2.0,,,,,exact,,,KR5b0124,3.0,26499.0,6206.0,HFL,,1.0,6250.0,22609.0
DZ0441,441.0,441,洞玄靈寶五嶽古本真形圖,1.0,1.0,東方朔,6392.0,撰,exact,,,KR5b0125,1.0,11791.0,2599.0,HFL,,1.0,2739.0,10123.0
DZ0442,442.0,442,上清後聖道君列紀,1.0,1.0,楊羲,3527.0,,fuzzy,0.875,上清後聖道君列記,KR5b0126,1.0,14083.0,4074.0,HFL,,1.0,4136.0,14705.0
DZ0443,443.0,443,上清高上玉真眾道綜監寶諱,1.0,,,,,exact,,,KR5b0127,1.0,4439.0,1072.0,HFL,,1.0,1152.0,4595.0
DZ0444,444.0,444,洞玄靈寶三師記,1.0,1.0,劉處靜,15550.0,撰,exact,,,KR5b0128,1.0,9070.0,2450.0,HFL,,1.0,2504.0,9148.0
DZ0445,445.0,445,洞玄靈寶三師名諱形狀居觀方所文,1.0,1.0,張萬福,11075.0,撰,exact,,,KR5b0129,1.0,4211.0,1038.0,HFL,,1.0,1058.0,4148.0
DZ0446,446.0,446,上清眾經諸真聖祕,8.0,,,,,fuzzy,0.875,上清眾經諸真聖秘,KR5b0130,9.0,102467.0,24946.0,HFL,,1.0,25173.0,96161.0
DZ0447,447.0,447,許真君仙傳,1.0,,,,,exact,,,KR5b0131,1.0,18379.0,5350.0,HFL,,1.0,5412.0,18911.0
DZ0448,448.0,448,西山許真人八十五化錄,3.0,,,,,fuzzy,0.9,西山許真君八十五化錄,KR5b0132,4.0,78281.0,21215.0,HFL,,1.0,21544.0,78097.0
DZ0449,449.0,449,孝道吳許二真君傳,1.0,,,,,exact,,,KR5b0133,1.0,14862.0,4317.0,HFL,,1.0,4399.0,15259.0
DZ0450,450.0,450,太極葛仙公傳,1.0,2.0,譚嗣先,15858.0,纂,exact,,,KR5b0134,1.0,31316.0,8524.0,HFL,,1.0,8848.0,31657.0
DZ0451,451.0,451,雲埠山申仙翁傳,1.0,,,,,manual,,,KR5b0135,1.0,14196.0,4104.0,HFL,,1.0,4164.0,14759.0
DZ0452,452.0,452,南嶽九真人傳,1.0,1.0,廖侁,15602.0,編,exact,,,KR5b0136,1.0,7032.0,1955.0,HFL,,1.0,1997.0,7091.0
DZ0453,453.0,453,南嶽小錄,1.0,1.0,李沖昭,15700.0,撰,manual,,,KR5b0137,1.0,13974.0,3799.0,HFL,,1.0,3861.0,14453.0
DZ0454,454.0,454,太上洞玄靈寶上品戒經,1.0,,,,,exact,,,KR5b0138,1.0,8286.0,2329.0,HFL,,1.0,2375.0,8919.0
DZ0455,455.0,455,太上玄一真人說三途五苦勸戒經,1.0,,,,,fuzzy,0.9285714285714286,太上玄一真人說三途五苦勸誡經,KR5b0139,1.0,12070.0,3475.0,HFL,,1.0,3638.0,13663.0
DZ0456,456.0,456,太上洞玄靈寶三元品戒功德輕重經,1.0,,,,,exact,,,KR5b0140,1.0,36138.0,10333.0,HFL,,1.0,10445.0,36253.0
DZ0457,457.0,457,太上洞玄靈寶智慧罪根上品大戒經,2.0,1.0,葛巢甫,1421.0,,exact,,,KR5b0141,3.0,29777.0,8431.0,HFL,,1.0,8515.0,30889.0
DZ0458,458.0,458,上清眾真教戒德行經,2.0,,,,,exact,,,KR5b0142,3.0,13283.0,3575.0,HFL,,1.0,3654.0,13445.0
DZ0459,459.0,459,洞玄靈寶天尊說十戒經,1.0,,,,,exact,,,KR5b0143,1.0,1715.0,392.0,HFL,,1.0,2051.0,7718.0
DZ0460,460.0,460,太上洞玄靈寶宣戒首悔眾罪保護經,3.0,,,,,exact,,,KR5b0144,3.0,27075.0,7663.0,HFL,,1.0,7760.0,28103.0
DZ0461,461.0,461,上清骨髓靈文鬼律,3.0,2.0,饒洞天,15921.0,撰,exact,,,KR5b0145,4.0,36682.0,9721.0,HFL,,1.0,9791.0,35583.0
DZ0462,462.0,462,太上洞玄靈寶法身製論,1.0,,,,,exact,,,KR5b0146,1.0,3373.0,899.0,HFL,,1.0,940.0,3524.0
DZ0463,463.0,463,要修科儀戒律鈔,16.0,1.0,朱君緒,15682.0,撰,exact,,,KR5b0147,17.0,60698.0,15428.0,HFL,,1.0,70260.0,264330.0
DZ0464,464.0,464,齋戒籙,1.0,,,,,exact,,,KR5b0148,1.0,17749.0,5039.0,HFL,,1.0,5088.0,19172.0
DZ0465,465.0,465,靈寶領教濟度金書目錄,1.0,,,,,,,,KR5b0149,1.0,31777.0,7124.0,HFL,,,,
DZ0466,466.0,466,靈寶領教濟度金書,320.0,2.0,寧全真,15595.0,傳,exact,,,KR5b0150,321.0,4343375.0,1143847.0,HFL,,1.0,1641974.0,6034784.0
DZ0467,467.0,467,大明玄教立成齋醮儀,1.0,1.0,宋宗真,15589.0,纂,fuzzy,0.9473684210526316,大明玄教立成齋醮儀范,KR5b0151,1.0,18585.0,4749.0,HFL,,1.0,4842.0,19564.0
DZ0468,468.0,468,洪恩靈濟真君自然行道儀,1.0,,,,,exact,,,KR5b0152,1.0,5796.0,1506.0,HFL,,1.0,1554.0,5633.0
DZ0469,469.0,469,洪恩靈濟真君集福宿啟儀,1.0,,,,,exact,,,KR5b0153,1.0,4980.0,1260.0,HFL,,1.0,1310.0,4824.0
DZ0470,470.0,470,洪恩靈濟真君集福早朝儀,1.0,,,,,exact,,,KR5b0154,1.0,7225.0,1939.0,HFL,,1.0,1986.0,7158.0
DZ0471,471.0,471,洪恩靈濟真君集福午朝儀,1.0,,,,,exact,,,KR5b0155,1.0,7925.0,2124.0,HFL,,1.0,2175.0,7850.0
DZ0472,472.0,472,洪恩靈濟真君集福晚朝儀,1.0,,,,,exact,,,KR5b0156,1.0,7893.0,2116.0,HFL,,1.0,2165.0,7819.0
DZ0473,473.0,473,洪恩靈濟真君祈謝設醮科,1.0,,,,,exact,,,KR5b0157,1.0,9439.0,2631.0,HFL,,1.0,2686.0,9590.0
DZ0474,474.0,474,洪恩靈濟真君禮願文,1.0,,,,,exact,,,KR5b0158,1.0,43052.0,11999.0,HFL,,1.0,12124.0,43061.0
DZ0475,475.0,475,洪恩靈濟真君七政星燈儀,1.0,,,,,exact,,,KR5b0159,1.0,15422.0,4323.0,HFL,,1.0,4394.0,15495.0
DZ0476,476.0,476,洪恩靈濟真君事實,1.0,,,,,exact,,,KR5b0160,1.0,9204.0,2472.0,HFL,,1.0,2523.0,9053.0
DZ0477,477.0,477,羅天大醮早朝科,1.0,,,,,exact,,,KR5b0161,1.0,6821.0,1849.0,HFL,,1.0,1895.0,6877.0
DZ0478,478.0,478,羅天大醮午朝科,1.0,,,,,exact,,,KR5b0162,1.0,6412.0,1703.0,HFL,,1.0,1755.0,6346.0
DZ0479,479.0,479,羅天大醮晚朝科,1.0,,,,,exact,,,KR5b0163,1.0,7076.0,1897.0,HFL,,1.0,1938.0,6993.0
DZ0480,480.0,480,羅天大醮設醮儀,1.0,,,,,exact,,,KR5b0164,1.0,8687.0,2349.0,HFL,,1.0,2395.0,8626.0
DZ0481,481.0,481,玄門報孝追薦儀,1.0,,,,,exact,,,KR5b0165,1.0,14480.0,3981.0,HFL,,1.0,4024.0,14262.0
DZ0482,482.0,482,諸師聖誕沖舉酌獻儀,1.0,,,,,exact,,,KR5b0166,1.0,12849.0,3556.0,HFL,,1.0,3625.0,13032.0
DZ0483,483.0,483,金籙齋啟壇儀,1.0,1.0,杜光庭,15712.0,撰,exact,,,KR5b0167,1.0,11553.0,3074.0,HFL,,1.0,3119.0,11704.0
DZ0484,484.0,484,金籙大齋宿啟儀,1.0,,,,,fuzzy,0.8571428571428571,金箓大齋宿啟儀,KR5b0168,1.0,5388.0,1401.0,HFL,,1.0,1408.0,5278.0
DZ0485,485.0,485,金籙大齋啟盟儀,1.0,,,,,exact,,,KR5b0169,1.0,3987.0,1055.0,HFL,,1.0,1101.0,4032.0
DZ0486,486.0,486,金籙大齋補職說戒儀,1.0,,,,,exact,,,KR5b0170,1.0,8239.0,2204.0,HFL,,1.0,2256.0,8697.0
DZ0487,487.0,487,金籙早午晚朝儀,3.0,,,,,fuzzy,0.8571428571428571,金籙早午晚期儀,KR5b0171+DZ0487,3.0,17807.0,4748.0,HFL,KR5b0171;KR5b0172;KR5b0173,1.0,1510.0,5496.0
DZ0488,488.0,488,金籙齋懺方儀,1.0,1.0,杜光庭,15712.0,撰,exact,,,KR5b0174,1.0,8290.0,2249.0,HFL,,1.0,2306.0,8471.0
DZ0489,489.0,489,金籙解壇儀,1.0,,,,,exact,,,KR5b0175,1.0,5068.0,1274.0,HFL,,1.0,1284.0,4917.0
DZ0490,490.0,490,金籙設醮儀,1.0,,,,,exact,,,KR5b0176,1.0,6406.0,1713.0,HFL,,1.0,1750.0,6335.0
DZ0491,491.0,491,金籙放生儀,1.0,,,,,fuzzy,0.8,金箓放生儀,KR5b0177,1.0,3713.0,948.0,HFL,,1.0,972.0,3533.0
DZ0492,492.0,492,金籙祈壽早午晚朝儀,3.0,,,,,manual,,,KR5b0178+DZ0492,3.0,17869.0,4734.0,HFL,KR5b0178;KR5b0179;KR5b0180,3.0,4827.0,17588.0
DZ0493,493.0,493,金籙上壽三獻儀,3.0,,,,,fuzzy,0.8571428571428571,金箓上壽三獻儀,KR5b0181,1.0,3252.0,789.0,HFL,,1.0,803.0,3034.0
DZ0494,494.0,494,金籙延壽設醮儀,1.0,,,,,exact,,,KR5b0182,1.0,6360.0,1692.0,HFL,,1.0,1732.0,6360.0
DZ0495,495.0,495,金籙玄靈轉經早午晚朝行道儀,3.0,,,,,manual,,,KR5b0183+DZ0495,3.0,25365.0,6693.0,HFL,KR5b0183;KR5b0184;KR5b0185,3.0,6904.0,25567.0
DZ0496,496.0,496,金籙十迴度人早午晚朝開收儀,1.0,,,,,manual,,,KR5b0186+DZ0496,3.0,26357.0,7009.0,HFL,KR5b0186;KR5b0187;KR5b0188,3.0,7159.0,26383.0
DZ0497,497.0,497,金籙十迴度人三朝轉經儀,1.0,,,,,manual,,,KR5b0189+DZ0497,3.0,25595.0,6546.0,HFL,KR5b0189;KR5b0190;KR5b0191,3.0,6672.0,25282.0
DZ0498,498.0,498,金籙齋投簡儀,1.0,1.0,張商英,15606.0,編,exact,,,KR5b0192,1.0,10167.0,2698.0,HFL,,1.0,2786.0,10418.0
DZ0499,499.0,499,玉籙資度宿啟儀,1.0,,,,,exact,,,KR5b0193,1.0,6326.0,1663.0,HFL,,1.0,1676.0,6253.0
DZ0500,500.0,500,玉籙資度解壇儀,1.0,,,,,exact,,,KR5b0194,1.0,7062.0,1836.0,HFL,,1.0,1874.0,7089.0
DZ0501,501.0,501,玉籙資度設醮儀,1.0,,,,,fuzzy,0.8571428571428571,玉箓資度設醮儀,KR5b0195,1.0,6586.0,1762.0,HFL,,1.0,1801.0,6640.0
DZ0502,502.0,502,玉籙資度早午晚朝儀,1.0,,,,,manual,,,KR5b0196+DZ0502,3.0,17668.0,4755.0,HFL,KR5b0196;KR5b0197;KR5b0198,3.0,4859.0,17703.0
DZ0503,503.0,503,玉籙生神資度轉經儀,1.0,,,,,exact,,,KR5b0199,1.0,24870.0,6723.0,HFL,,1.0,6805.0,26024.0
DZ0504,504.0,504,玉籙生神資度開收儀,1.0,,,,,exact,,,KR5b0200,1.0,12798.0,3015.0,HFL,,1.0,3062.0,12502.0
DZ0505,505.0,505,玉籙三日九朝儀,3.0,,,,,manual,,,KR5b0201+DZ0505,8.0,44495.0,11827.0,HFL,KR5b0201;KR5b0202;KR5b0203;KR5b0204;KR5b0205;KR5b0206;KR5b0207;KR5b0208,1.0,11904.0,43980.0
DZ0506,506.0,506,玉籙濟幽判斛儀,1.0,,,,,exact,,,KR5b0209,1.0,8876.0,2428.0,HFL,,1.0,2483.0,9251.0
DZ0507,507.0,507,太上黃籙齋儀,58.0,1.0,杜光庭,15712.0,撰,fuzzy,0.8333333333333334,太上黃箓齋儀,KR5b0210,59.0,539728.0,143154.0,HFL,,1.0,143691.0,536039.0
DZ0508,508.0,508,無上黃籙大齋立成儀,57.0,4.0,蔣叔與,15830.0,撰,exact,,,KR5b0211,58.0,137931.0,4174.0,HFL,,1.0,239487.0,878824.0
DZ0509,509.0,509,黃籙救苦十齋轉經儀,1.0,,,,,exact,,,KR5b0212,1.0,18217.0,4988.0,HFL,,1.0,5082.0,19081.0
DZ0510,510.0,510,黃籙十念儀,1.0,,,,,exact,,,KR5b0213,1.0,6059.0,1615.0,HFL,,1.0,1630.0,6016.0
DZ0511,511.0,511,黃籙五老悼亡儀,1.0,,,,,exact,,,KR5b0214,1.0,5305.0,1323.0,HFL,,1.0,1365.0,5228.0
DZ0512,512.0,512,黃籙齋十天尊儀,1.0,,,,,fuzzy,0.8571428571428571,黃箓齋十天尊儀,KR5b0215,1.0,7145.0,1862.0,HFL,,1.0,1886.0,6894.0
DZ0513,513.0,513,黃籙齋十洲三島拔度儀,1.0,,,,,fuzzy,0.9,黃箓齋十洲三島拔度儀,KR5b0216,1.0,11621.0,3255.0,HFL,,1.0,3309.0,12048.0
DZ0514,514.0,514,黃籙九幽醮無礙夜齋次第儀,1.0,,,,,fuzzy,0.9166666666666666,黃箓九幽醮無礙夜齋次第儀,KR5b0217,1.0,26405.0,7040.0,HFL,,1.0,7097.0,27055.0
DZ0515,515.0,515,洞玄靈寶河圖仰謝三十六天齋儀,4.0,,,,,exact,,,KR5b0218,5.0,63564.0,17965.0,HFL,,1.0,18109.0,65251.0
DZ0516,516.0,516,洞玄靈寶河圖仰謝三十六土皇齋儀,4.0,,,,,,,,KR5b0219,5.0,58673.0,16626.0,HFL,,,,
DZ0517,517.0,517,靈寶半景齋儀,1.0,,,,,exact,,,KR5b0220,1.0,19263.0,5439.0,HFL,,1.0,5483.0,21793.0
DZ0518,518.0,518,神功妙濟真君禮文,1.0,,,,,exact,,,KR5b0221,1.0,11438.0,2521.0,HFL,,1.0,2759.0,9771.0
DZ0519,519.0,519,太上靈寶玉匱明真齋懺方儀,1.0,,,,,exact,,,KR5b0222,1.0,8076.0,2167.0,HFL,,1.0,2214.0,8114.0
DZ0520,520.0,520,太上靈寶玉匱明真大齋懺方儀,1.0,,,,,exact,,,KR5b0223,1.0,8461.0,2328.0,HFL,,1.0,2394.0,8574.0
DZ0521,521.0,521,太上靈寶玉匱明真大齋言功儀,1.0,1.0,杜光庭,15712.0,撰,exact,,,KR5b0224,1.0,16314.0,4453.0,HFL,,1.0,4531.0,16870.0
DZ0522,522.0,522,洞玄度靈寶自然券儀,1.0,,,,,exact,,,KR5b0225,1.0,7151.0,1977.0,HFL,,1.0,1997.0,7212.0
DZ0523,523.0,523,洞玄靈寶自然齋儀,1.0,,,,,exact,,,KR5b0226,1.0,6169.0,1670.0,HFL,,1.0,5265.0,19869.0
DZ0524,524.0,524,洞玄靈寶齋說光燭戒罰燈祝願儀,1.0,1.0,陸修靜,4492.0,撰,exact,,,KR5b0227,1.0,18354.0,5193.0,HFL,,1.0,5264.0,19866.0
DZ0525,525.0,525,太上洞淵三昧神咒齋懺謝儀,1.0,1.0,杜光庭,15712.0,編,exact,,,KR5b0228,1.0,20002.0,5662.0,HFL,,1.0,5714.0,20870.0
DZ0526,526.0,526,太上洞淵三昧神咒齋清旦行道儀,1.0,1.0,杜光庭,15712.0,編,exact,,,KR5b0229,1.0,8126.0,2197.0,HFL,,1.0,2218.0,8063.0
DZ0527,527.0,527,太上洞淵三昧神咒齋十方懺儀,1.0,1.0,杜光庭,15712.0,撰,exact,,,KR5b0230,1.0,9132.0,2469.0,HFL,,1.0,2532.0,9430.0
DZ0528,528.0,528,太上洞玄靈寶授度儀,1.0,1.0,陸修靜,4492.0,撰,exact,,,KR5b0231,1.0,55824.0,15915.0,HFL,,1.0,31344.0,115446.0
DZ0529,529.0,529,靈寶五經提綱,1.0,,,,,exact,,,KR5b0232,1.0,10123.0,2816.0,HFL,,1.0,2830.0,10310.0
DZ0530,530.0,530,洞玄靈寶玉籙簡文三元威儀自然真經,1.0,1.0,葛巢甫,1421.0,,exact,,,KR5b0233,1.0,10522.0,3006.0,HFL,,1.0,3127.0,11767.0
DZ0531,531.0,531,洞玄靈寶鍾磬威儀經,1.0,,,,,fuzzy,0.8888888888888888,洞玄靈寶鐘磬威儀經,KR5b0234,1.0,6461.0,1736.0,HFL,,1.0,1780.0,6783.0
DZ0532,532.0,532,太極真人敷靈寶齋戒威儀諸經要訣,1.0,,,,,fuzzy,0.9333333333333332,太極真人敷靈寶紫戒威儀諸經要訣,KR5b0235,1.0,25053.0,7154.0,HFL,,1.0,7246.0,26319.0
DZ0533,533.0,533,太上靈寶上元天官消愆滅罪懺,1.0,,,,,exact,,,KR5b0236,1.0,9913.0,2512.0,HFL,,1.0,2569.0,9394.0
DZ0534,534.0,534,太上靈寶中元地官消愆滅罪懺,1.0,,,,,exact,,,KR5b0237,1.0,7848.0,1912.0,HFL,,1.0,1960.0,7190.0
DZ0535,535.0,535,太上靈寶下元水官消愆滅罪懺,1.0,,,,,exact,,,KR5b0238,1.0,7903.0,1928.0,HFL,,1.0,1932.0,7143.0
DZ0536,536.0,536,太上玄司滅罪紫府消災法懺,1.0,,,,,exact,,,KR5b0239,1.0,8858.0,2144.0,HFL,,1.0,2198.0,8059.0
DZ0537,537.0,537,太上消滅地獄昇陟天堂懺,1.0,,,,,exact,,,KR5b0240,1.0,12395.0,3257.0,HFL,,1.0,3342.0,12375.0
DZ0538,538.0,538,太一救苦天尊說拔度血糊寶懺,1.0,,,,,fuzzy,0.9230769230769232,太一救苦天尊說拔度血湖寶懺,KR5b0241,1.0,14185.0,3669.0,HFL,,1.0,3756.0,13602.0
DZ0539,539.0,539,青玄救苦寶懺,1.0,,,,,exact,,,KR5b0242,1.0,11792.0,3194.0,HFL,,1.0,3238.0,11674.0
DZ0540,540.0,540,慈尊昇度寶懺,1.0,,,,,exact,,,KR5b0243,1.0,8203.0,2109.0,HFL,,1.0,2162.0,7958.0
DZ0541,541.0,541,東嶽大生寶懺,1.0,,,,,exact,,,KR5b0244,1.0,18853.0,4786.0,HFL,,1.0,4839.0,17562.0
DZ0542,542.0,542,太上靈寶十方應號天尊懺,10.0,,,,,exact,,,KR5b0245,3.0,30519.0,8053.0,HFL,,1.0,8148.0,30037.0
DZ0543,543.0,543,太上慈悲道場消災九幽懺,10.0,1.0,葛玄,1557.0,撰,exact,,,KR5b0246,11.0,212156.0,57878.0,HFL,,1.0,58058.0,214782.0
DZ0544,544.0,544,太上慈悲九幽拔罪懺,10.0,,,,,exact,,,KR5b0247,11.0,86593.0,21542.0,HFL,,1.0,21621.0,79983.0
DZ0545,545.0,545,太上慈悲道場滅罪水懺,3.0,,,,,exact,,,KR5b0248,4.0,22973.0,5925.0,HFL,,1.0,5980.0,21923.0
DZ0546,546.0,546,靈寶玉鑑目錄,1.0,,,,,,,,KR5b0249,1.0,25150.0,5826.0,HFL,,,,
DZ0547,547.0,547,靈寶玉鑑,44.0,,,,,exact,,,KR5b0250,42.0,593484.0,142792.0,HFL,,1.0,145011.0,526762.0
DZ0548,548.0,548,太極祭鍊內法,3.0,1.0,鄭思肖,15887.0,撰,exact,,,KR5b0251,4.0,109714.0,31637.0,HFL,,1.0,31810.0,113282.0
DZ0549,549.0,549,上清天樞院回車畢道正法,3.0,,,,,exact,,,KR5b0253,4.0,44011.0,11201.0,HFL,,1.0,11263.0,43108.0
DZ0550,550.0,550,許真君受鍊形神上清畢道法要節文,1.0,,,,,exact,,,KR5b0254,1.0,1896.0,427.0,HFL,,1.0,432.0,1611.0
DZ0551,551.0,551,天樞院都司須知令,1.0,,,,,exact,,,KR5b0255,1.0,4282.0,1096.0,HFL,,1.0,1142.0,4581.0
DZ0552,552.0,552,天樞院都司須知格,1.0,,,,,exact,,,KR5b0256,1.0,5437.0,1350.0,HFL,,1.0,1395.0,5330.0
DZ0553,553.0,553,靈寶凈明天樞院都司法院須知法文,1.0,,,,,fuzzy,0.9655172413793104,靈寶凈明天樞都司法院須知法文,KR5b0257,1.0,3097.0,695.0,HFL,,1.0,747.0,2755.0
DZ0554,554.0,554,靈寶凈明院教師周真公起請畫一,1.0,1.0,周方文,15572.0,撰,fuzzy,0.9629629629629628,靈寶凈明院教師周真公起請畫,KR5b0258,1.0,8909.0,2389.0,HFL,,1.0,2449.0,9412.0
DZ0555,555.0,555,高上月官太陰元君孝道仙王靈寶凈明黃素書,10.0,1.0,傳飛卿,15531.0,注,fuzzy,0.9473684210526316,高上月宮太陰元君孝道仙王靈寶凈明黃素書,KR5b0259,1.0,50425.0,13946.0,HFL,,1.0,13862.0,52001.0
DZ0556,556.0,556,靈寶凈明黃素書釋義祕訣,1.0,1.0,周方文,15572.0,撰,fuzzy,0.9090909090909092,靈寶凈明黃素書釋義秘訣,KR5b0260,1.0,12813.0,3496.0,HFL,,1.0,3551.0,13112.0
DZ0557,557.0,557,太上靈寶凈明入道品,1.0,,,,,exact,,,KR5b0261,1.0,4821.0,1305.0,HFL,,1.0,1315.0,4846.0
DZ0558,558.0,558,靈寶凈明院真師密誥,1.0,,,,,fuzzy,0.9,太上靈寶凈明院真師密誥,KR5b0262,1.0,2540.0,588.0,HFL,,1.0,633.0,2549.0
DZ0559,559.0,559,太上靈寶凈明法印式,1.0,,,,,exact,,,KR5b0264,2.0,1981.0,388.0,HFL,,1.0,102.0,389.0
DZ0560,560.0,560,靈寶凈明大法萬道玉章祕訣,1.0,,,,,fuzzy,0.9166666666666666,靈寶凈明大法萬道玉章秘訣,KR5b0265,1.0,28184.0,7381.0,HFL,,1.0,3551.0,13117.0
DZ0561,561.0,561,太上靈寶凈明祕法篇,2.0,,,,,fuzzy,0.8888888888888888,太上靈寶凈明秘法篇,KR5b0266,1.0,18904.0,5053.0,HFL,,1.0,5128.0,20081.0
DZ0562,562.0,562,靈寶凈明新修九老神印伏魔祕法,1.0,1.0,何守證,15518.0,撰,fuzzy,0.9285714285714286,靈寶凈明新修九老神印伏魔秘法,KR5b0267,1.0,9580.0,2533.0,HFL,,1.0,2588.0,9485.0
DZ0563,563.0,563,太上靈寶凈明飛仙度人經法,5.0,,許旌陽,3519.0,釋,exact,,,KR5b0268,6.0,121939.0,31182.0,HFL,,1.0,31266.0,116162.0
DZ0564,564.0,564,太上靈寶凈明飛仙度人經法釋例,1.0,1.0,許旌陽,3519.0,注,exact,,,KR5b0269,1.0,7857.0,2221.0,HFL,,1.0,2224.0,8048.0
DZ0565,565.0,565,太上凈明院補奏職局太玄都省須知,1.0,1.0,許旌陽,3519.0,注,exact,,,KR5b0270,1.0,16192.0,4271.0,HFL,,1.0,4351.0,16386.0
DZ0566,566.0,566,上清天心正法,7.0,1.0,鄧有功,15881.0,撰,exact,,,KR5b0271,7.0,87770.0,22033.0,HFL,,1.0,21875.0,81070.0
DZ0567,567.0,567,上清北極天心正法,1.0,,,,,exact,,,KR5b0272,1.0,35388.0,9675.0,HFL,,1.0,8962.0,33013.0
DZ0568,568.0,568,靈寶歸空訣,1.0,1.0,趙宜真,15866.0,撰,exact,,,KR5b0273,1.0,8365.0,2273.0,HFL,,1.0,2316.0,8376.0
DZ0569,569.0,569,上清大洞九宮朝修祕訣上道,1.0,1.0,周德大,15570.0,纂,fuzzy,0.9166666666666666,上清大洞九宮朝修秘訣上道,KR5b0274,1.0,9191.0,2504.0,HFL,,1.0,2558.0,9323.0
DZ0570,570.0,570,靈劍子,1.0,1.0,許遜,3519.0,撰,exact,,,KR5b0275,1.0,24191.0,7006.0,HFL,,1.0,6692.0,24286.0
DZ0571,571.0,571,靈劍子引導子午紀,1.0,1.0,許遜,3519.0,撰,fuzzy,0.875,靈劍子引導子午記,KR5b0276,1.0,13334.0,3565.0,HFL,,1.0,3609.0,13377.0
DZ0572,572.0,572,養命機關金丹真訣,1.0,,,,,exact,,,KR5b0277,1.0,12211.0,3474.0,HFL,,1.0,3529.0,13049.0
DZ0573,573.0,573,玄珠歌,1.0,1.0,通玄先生,15654.0,撰,exact,,,KR5b0278,1.0,3359.0,865.0,HFL,,1.0,886.0,3138.0
DZ0574,574.0,574,玄珠心鏡註,1.0,1.0,衡嶽真子,15649.0,撰,manual,,,KR5b0279,1.0,9613.0,2526.0,HFL,,1.0,81221.0,305129.0
DZ0575,575.0,575,玄珠心鏡註,1.0,2.0,王損之,15772.0,注,manual,,,KR5b0280,1.0,39102.0,10802.0,HFL,,1.0,2577.0,9696.0
DZ0576,576.0,576,抱一函三祕訣,1.0,2.0,金月嚴,15890.0,纂,fuzzy,0.8333333333333334,抱一函三秘訣,KR5b0281,1.0,27151.0,7740.0,HFL,,1.0,7882.0,28457.0
DZ0577,577.0,577,存神固氣論,1.0,,,,,exact,,,KR5b0282,1.0,7298.0,2018.0,HFL,,1.0,2058.0,7649.0
DZ0578,578.0,578,攝生纂錄,1.0,,,,,exact,,,KR5b0283,1.0,30386.0,8768.0,HFL,,1.0,8890.0,33190.0
DZ0579,579.0,579,養生祕錄,1.0,,,,,exact,,,KR5b0284,1.0,33706.0,9830.0,HFL,,1.0,9901.0,36901.0
DZ0580,580.0,580,玄圃山靈（匚金）祕籙,3.0,1.0,皇甫朋,15790.0,序,manual,,,KR5b0285,4.0,37252.0,8650.0,HFL,,1.0,8840.0,33263.0
DZ0581,581.0,581,靈寶六丁祕法,1.0,,,,,fuzzy,0.8333333333333334,靈寶六丁秘法,KR5b0286,1.0,14658.0,4000.0,HFL,,1.0,4059.0,14866.0
DZ0582,582.0,582,魁罡六鎖祕法,1.0,,,,,fuzzy,0.8333333333333334,魁罡六鎖秘法,KR5b0287,1.0,31761.0,8563.0,HFL,,1.0,1802.0,6903.0
DZ0583,583.0,583,太上三辟五解祕法,1.0,,,,,fuzzy,0.875,太上三辟五解秘法,KR5b0288,1.0,12779.0,3518.0,HFL,,1.0,3561.0,13061.0
DZ0584,584.0,584,上清六甲祈禱祕法,1.0,,,,,fuzzy,0.875,上清六甲祈禱秘法,KR5b0289,1.0,10039.0,2705.0,HFL,,1.0,2750.0,10285.0
DZ0585,585.0,585,貫斗中校五雷武侯祕法,1.0,1.0,吳昇,15560.0,撰,manual,,,KR5b0290,1.0,13496.0,3649.0,HFL,,1.0,3709.0,13617.0
DZ0586,586.0,586,黃帝太乙八門入式訣,3.0,,,,,exact,,,KR5b0291,4.0,22337.0,5677.0,HFL,,1.0,5757.0,21411.0
DZ0587,587.0,587,黃帝太乙八門入式祕訣,1.0,,,,,fuzzy,0.9,黃帝太乙八門入式秘訣,KR5b0292,1.0,11064.0,2578.0,HFL,,1.0,2538.0,9832.0
DZ0588,588.0,588,黃帝太乙八門逆順生死訣,1.0,,,,,exact,,,KR5b0293,1.0,19667.0,5031.0,HFL,,1.0,5157.0,19665.0
DZ0589,589.0,589,太上赤文洞神三籙,1.0,1.0,陶弘景,8506.0,撰,exact,,,KR5b0294,1.0,19424.0,5121.0,HFL,,1.0,5171.0,19658.0
DZ0590,590.0,590,道教靈驗記,15.0,1.0,杜光庭,15712.0,撰,exact,,,KR5b0295,16.0,177718.0,50100.0,HFL,,1.0,12923.0,48241.0
DZ0591,591.0,591,錄異記,8.0,1.0,杜光庭,15712.0,撰,exact,,,KR5b0296,10.0,82515.0,23189.0,HFL,,1.0,23258.0,85039.0
DZ0592,592.0,592,神仙感遇傳,5.0,1.0,杜光庭,15712.0,撰,exact,,,KR5b0297,6.0,83044.0,23670.0,HFL,,1.0,24995.0,93190.0
DZ0593,593.0,593,歷代崇道記,1.0,1.0,杜光庭,15712.0,撰,exact,,,KR5b0298,2.0,22964.0,6641.0,HFL,,1.0,6701.0,23354.0
DZ0594,594.0,594,體玄真人顯異錄,1.0,,,,,exact,,,KR5b0299,1.0,16066.0,4606.0,HFL,,1.0,4681.0,16994.0
DZ0595,595.0,595,江淮異人錄,1.0,1.0,吳淑,15562.0,撰,exact,,,KR5b0300,1.0,27171.0,7890.0,HFL,,1.0,7991.0,29455.0
DZ0596,596.0,596,仙苑編珠,3.0,1.0,王松年,8401.0,纂,manual,,,KR5b0301,4.0,73423.0,19936.0,HFL,,1.0,20714.0,76859.0
DZ0597,597.0,597,道跡靈仙記,1.0,,,,,exact,,,KR5b0302,1.0,17818.0,5080.0,HFL,,1.0,5166.0,18503.0
DZ0598,598.0,598,十洲記,1.0,1.0,東方朔,6392.0,,exact,,,KR5b0303,1.0,14455.0,4203.0,HFL,,1.0,4269.0,15302.0
DZ0599,599.0,599,洞天福地嶽瀆名山記,1.0,1.0,杜光庭,15712.0,撰,fuzzy,0.8888888888888888,洞天福地岳瀆名山記,KR5b0304,1.0,16767.0,4427.0,HFL,,1.0,4729.0,17493.0
DZ0600,600.0,600,梅仙觀記,1.0,,,,,exact,,,KR5b0305,1.0,29452.0,7577.0,HFL,,1.0,7798.0,28458.0
DZ0601,601.0,601,金華赤松山志,1.0,1.0,倪守約,15527.0,撰,exact,,,KR5b0306,1.0,19891.0,5529.0,HFL,,1.0,5584.0,20175.0
DZ0602,602.0,602,仙都志,2.0,2.0,陳性定,15900.0,撰,exact,,,KR5b0307,3.0,40874.0,11041.0,HFL,,1.0,11169.0,41167.0
DZ0603,603.0,603,天台山志,1.0,,,,,manual,,,KR5b0308,1.0,23050.0,6645.0,HFL,,1.0,6714.0,24109.0
DZ0604,604.0,604,龍瑞觀禹穴陽明洞天圖經,1.0,1.0,葉樞,15823.0,撰,manual,,,KR5b0309,1.0,3841.0,997.0,HFL,,1.0,1061.0,3848.0
DZ0605,605.0,605,四明洞天丹山圖詠集,1.0,1.0,曾堅,15680.0,撰,exact,,,KR5b0310,1.0,37390.0,10358.0,HFL,,1.0,20714.0,76859.0
DZ0606,606.0,606,南嶽總勝集,1.0,,,,,fuzzy,0.8,南岳總勝集,KR5b0311,1.0,29879.0,8267.0,HFL,,1.0,8488.0,30376.0
DZ0607,607.0,607,玉音法事,3.0,,,,,exact,,,KR5b0312,4.0,48266.0,11164.0,HFL,,1.0,11237.0,42709.0
DZ0608,608.0,608,上清諸真章頌,1.0,,,,,exact,,,KR5b0313,1.0,13514.0,3810.0,HFL,,1.0,4597.0,18254.0
DZ0609,609.0,609,太上洞玄靈寶智慧禮讚,1.0,,,,,fuzzy,0.9,太上洞玄靈寶智慧禮贊,KR5b0314,1.0,6673.0,1816.0,HFL,,1.0,1841.0,6741.0
DZ0610,610.0,610,靈寶九幽長夜起尸度亡玄章,1.0,,,,,exact,,,KR5b0315,1.0,9209.0,2541.0,HFL,,1.0,2624.0,10087.0
DZ0611,611.0,611,洞玄靈寶六甲玉女上宮歌章,1.0,1.0,楊羲,3527.0,,exact,,,KR5b0316,1.0,3475.0,876.0,HFL,,1.0,937.0,3436.0
DZ0612,612.0,612,上清侍帝晨桐伯真人真圖讚,1.0,1.0,司馬承禎,10781.0,纂,fuzzy,0.9166666666666666,上清侍帝晨桐柏真人真圖讚,KR5b0317,1.0,11589.0,2910.0,HFL,,1.0,2942.0,10975.0
DZ0613,613.0,613,眾仙讚頌靈章,1.0,,,,,exact,,,KR5b0318,1.0,12139.0,3370.0,HFL,,1.0,3467.0,13064.0
DZ0614,614.0,614,洞玄靈寶昇玄步虛章序疏,1.0,,,,,exact,,,KR5b0319,1.0,14930.0,4075.0,HFL,,1.0,4122.0,14830.0
DZ0615,615.0,615,赤松子章曆,6.0,,,,,exact,,,KR5b0320,7.0,175754.0,49426.0,HFL,,1.0,50038.0,183825.0
DZ0616,616.0,616,廣成集,17.0,1.0,杜光庭,15712.0,撰,exact,,,KR5b0321,18.0,253116.0,71420.0,HFL,,1.0,71173.0,259865.0
DZ0617,617.0,617,太上宣慈助化章,5.0,1.0,杜光庭,15712.0,纂,exact,,,KR5b0322,6.0,83339.0,23568.0,HFL,,1.0,22924.0,81215.0
DZ0618,618.0,618,靈寶凈明院行遣式,1.0,1.0,周方文,15572.0,撰,exact,,,KR5b0323,1.0,15607.0,4069.0,HFL,,1.0,4090.0,15464.0
DZ0619,619.0,619,天樞院都司須知行遣式,1.0,,,,,exact,,,KR5b0324,1.0,3633.0,847.0,HFL,,1.0,880.0,3343.0
DZ0620,620.0,620,太上老君說常清靜妙經,1.0,,,,,exact,,,KR5c0001,1.0,2692.0,664.0,HFL,,1.0,724.0,2733.0
DZ0621,621.0,621,太上玄靈斗姆大聖元君本命延生心經,1.0,,,,,exact,,,KR5c0002,1.0,3320.0,867.0,HFL,,1.0,935.0,3371.0
DZ0622,622.0,622,太上玄靈北斗本命延生真經,1.0,,,,,exact,,,KR5c0003,1.0,10008.0,2368.0,HFL,,1.0,2515.0,9089.0
DZ0623,623.0,623,太上玄靈北斗本命長生妙經,1.0,,,,,exact,,,KR5c0004,1.0,2353.0,560.0,HFL,,1.0,639.0,2325.0
DZ0624,624.0,624,太上說南斗六司延壽度人妙經,1.0,,,,,exact,,,KR5c0005,1.0,5358.0,1142.0,HFL,,1.0,2023.0,7122.0
DZ0625,625.0,625,太上說東斗主筭護命妙經,1.0,,,,,exact,,,KR5c0006,1.0,2354.0,360.0,HFL,,1.0,674.0,2442.0
DZ0626,626.0,626,太上說西斗記名護身妙經,1.0,,,,,exact,,,KR5c0007,1.0,3601.0,729.0,HFL,,1.0,1037.0,3733.0
DZ0627,627.0,627,太上說中斗大魁保命妙經,1.0,,,,,exact,,,KR5c0008,1.0,3493.0,731.0,HFL,,1.0,984.0,3593.0
DZ0628,628.0,628,太上說中斗大魁掌筭伏魔神咒經,1.0,,,,,fuzzy,0.9285714285714286,太上說中斗大魁掌算伏魔神咒經,KR5c0009,1.0,1833.0,421.0,HFL,,1.0,493.0,1801.0
DZ0629,629.0,629,太上北斗二十八章經,1.0,,,,,exact,,,KR5c0010,1.0,28626.0,8137.0,HFL,,1.0,8240.0,29462.0
DZ0630,630.0,630,太上老君說救生真經,1.0,,,,,exact,,,KR5c0011,1.0,1492.0,312.0,HFL,,1.0,298.0,1085.0
DZ0631,631.0,631,太上老君說救消災經,1.0,,,,,fuzzy,0.9411764705882352,太上老君說消災經,KR5c0012,1.0,5773.0,1586.0,HFL,,1.0,1662.0,6099.0
DZ0632,632.0,632,太上太清天童護命妙經,1.0,,,,,exact,,,KR5c0013,1.0,5134.0,1333.0,HFL,,1.0,1448.0,5210.0
DZ0633,633.0,633,太上泰清皇老帝君運雷天童隱梵仙經,1.0,1.0,梁光映,15727.0,撰,exact,,,KR5c0014,1.0,3557.0,951.0,HFL,,1.0,1025.0,3774.0
DZ0634,634.0,634,太上老君說安宅八陽經,1.0,,,,,exact,,,KR5c0015,1.0,1629.0,366.0,HFL,,1.0,422.0,1502.0
DZ0635,635.0,635,太上老君說補謝八陽經,1.0,,,,,exact,,,KR5c0016,1.0,1581.0,350.0,HFL,,1.0,417.0,1502.0
DZ0636,636.0,636,太上說十鍊生神救護經,1.0,,,,,fuzzy,0.9,太上說十煉生神救護經,KR5c0017,1.0,1425.0,297.0,HFL,,1.0,369.0,1336.0
DZ0637,637.0,637,太上飛步五星經,1.0,,,,,exact,,,KR5c0018,1.0,10670.0,2929.0,HFL,,1.0,2985.0,11056.0
DZ0638,638.0,638,太上飛步南斗太微玉經,1.0,1.0,赤松子,15652.0,傳,exact,,,KR5c0019,1.0,7743.0,2017.0,HFL,,1.0,2086.0,7744.0
DZ0639,639.0,639,皇天上清金闕帝君靈書紫文上經,1.0,1.0,楊羲,3527.0,,exact,,,KR5c0020,1.0,14553.0,3964.0,HFL,,1.0,4050.0,14753.0
DZ0640,640.0,640,洞神八帝妙精經,1.0,,,,,exact,,,KR5c0021,1.0,28626.0,6328.0,HFL,,1.0,6437.0,24590.0
DZ0641,641.0,641,太上老君內觀經,1.0,,,,,exact,,,KR5c0022,1.0,6496.0,1594.0,HFL,,1.0,2404.0,10008.0
DZ0642,642.0,642,太上老君說了心經,1.0,,,,,exact,,,KR5c0023,1.0,792.0,8.0,HFL,,1.0,203.0,782.0
DZ0643,643.0,643,太上老君內丹經,1.0,,,,,exact,,,KR5c0024,1.0,2827.0,539.0,HFL,,1.0,797.0,2959.0
DZ0644,644.0,644,太上內丹守一真定經,1.0,,,,,exact,,,KR5c0025,1.0,1191.0,87.0,HFL,,1.0,335.0,1244.0
DZ0645,645.0,645,太上老君內日用妙經,1.0,,,,,exact,,,KR5c0026,1.0,1508.0,152.0,HFL,,1.0,421.0,1555.0
DZ0646,646.0,646,太上老君外日用妙經,1.0,,,,,exact,,,KR5c0027,1.0,907.0,0.0,HFL,,1.0,200.0,794.0
DZ0647,647.0,647,太上說轉輪五道宿命因緣經,1.0,,,,,exact,,,KR5c0028,1.0,8783.0,2277.0,HFL,,1.0,2527.0,8945.0
DZ0648,648.0,648,太上化道度世仙經,1.0,,,,,exact,,,KR5c0029,1.0,13549.0,3633.0,HFL,,1.0,3679.0,13345.0
DZ0649,649.0,649,太上老君說天妃救苦靈驗經,1.0,,,,,exact,,,KR5c0030,1.0,6680.0,1806.0,HFL,,1.0,1890.0,6880.0
DZ0650,650.0,650,太上老君說長生益筭妙經,1.0,,,,,exact,,,KR5c0031,1.0,7002.0,1788.0,HFL,,1.0,1863.0,6680.0
DZ0651,651.0,651,太上洞神三元妙本福壽真經,1.0,1.0,苗善時,15815.0,編,exact,,,KR5c0032,1.0,8943.0,2464.0,HFL,,1.0,2543.0,9089.0
DZ0652,652.0,652,太上老君說解釋咒詛經,1.0,,,,,exact,,,KR5c0033,1.0,2791.0,704.0,HFL,,1.0,779.0,2795.0
DZ0653,653.0,653,太上老君說五斗金章受生經,1.0,,,,,exact,,,KR5c0034,1.0,7002.0,1885.0,HFL,,1.0,1969.0,7102.0
DZ0654,654.0,654,太上洞神天公消魔護國經,3.0,,,,,exact,,,KR5c0035,4.0,21640.0,5839.0,HFL,,1.0,5955.0,21844.0
DZ0655,655.0,655,太上說紫微神兵消魔護國經,1.0,,,,,fuzzy,0.8333333333333334,太上說紫微神兵護國消魔經,KR5c0036,1.0,3075.0,799.0,HFL,,1.0,854.0,3126.0
DZ0656,656.0,656,太上日月混元經,1.0,,,,,exact,,,KR5c0037,1.0,2049.0,499.0,HFL,,1.0,518.0,1946.0
DZ0657,657.0,657,太上洞神五星諸宿日月混常經,1.0,,,,,exact,,,KR5c0038,1.0,6821.0,1892.0,HFL,,1.0,1966.0,7134.0
DZ0658,658.0,658,太上妙始經,1.0,,,,,exact,,,KR5c0039,1.0,7766.0,1971.0,HFL,,1.0,2239.0,8023.0
DZ0659,659.0,659,太上浩元經,1.0,,,,,exact,,,KR5c0040,1.0,1530.0,168.0,HFL,,1.0,422.0,1498.0
DZ0660,660.0,660,混元八景真經,5.0,,,,,exact,,,KR5c0041,6.0,60845.0,17426.0,HFL,,1.0,17476.0,62819.0
DZ0661,661.0,661,老子像名經,10.0,,,,,exact,,,KR5c0042,8.0,55985.0,11650.0,HFL,,1.0,11723.0,37878.0
DZ0662,662.0,663,太上老君說報父母恩重經,1.0,,,,,exact,,,KR5c0043,1.0,7833.0,2186.0,HFL,,1.0,2235.0,8234.0
DZ0663,663.0,662,玄天上帝說報父母恩重經,1.0,1.0,趙宜真,15866.0,撰,exact,,,KR5c0044,1.0,2608.0,639.0,HFL,,1.0,686.0,2516.0
DZ0664,664.0,664,道德真經,2.0,1.0,老子,2847.0,撰,exact,,,KR5c0045,3.0,22395.0,5985.0,HFL,,1.0,5964.0,22001.0
DZ0665,665.0,665,道德經古本篇,2.0,1.0,傳奕,3775.0,編,exact,,,KR5c0046,1.0,22975.0,6399.0,HFL,,1.0,6361.0,23811.0
DZ0666,666.0,666,西昇經,3.0,1.0,宋徽宗,15312.0,注,manual,,,KR5c0047,4.0,70106.0,17850.0,HFL,,1.0,19252.0,71960.0
DZ0667,667.0,667,無上妙道文始真經,1.0,,,,,exact,,,KR5c0048,4.0,39208.0,10492.0,SBCK,,1.0,11803.0,44984.0
DZ0668,668.0,668,沖虛至德真經,3.0,1.0,列禦寇,13512.0,撰,exact,,,KR5c0049,9.0,107649.0,30104.0,SBCK,,1.0,31426.0,114153.0
DZ0669,669.0,669,洞靈真經,1.0,1.0,庚桑楚,15601.0,,manual,,,KR5c0050,1.0,33986.0,9890.0,HFL,,1.0,10391.0,37888.0
DZ0670,670.0,670,南華真經,5.0,2.0,莊周,10274.0,撰,exact,,,KR5c0051,11.0,209743.0,54532.0,SBCK,,1.0,67257.0,243889.0
DZ0671,671.0,671,太上無極大道自然真一五稱符上經,2.0,1.0,葛巢甫,1421.0,,exact,,,KR5c0052,3.0,31103.0,8238.0,HFL,,1.0,11518.0,44737.0
DZ0672,672.0,672,太上老君說益筭神符妙經,1.0,,,,,exact,,,KR5c0053,1.0,4338.0,1091.0,HFL,,1.0,1176.0,4290.0
DZ0673,673.0,673,太上老君混元三部符,3.0,,,,,exact,,,KR5c0054,4.0,65724.0,8149.0,HFL,,1.0,8336.0,26769.0
DZ0674,674.0,674,無上三元鎮宅靈籙,1.0,1.0,金明七真,15656.0,撰,exact,,,KR5c0055,1.0,21434.0,6149.0,HFL,,1.0,6611.0,23092.0
DZ0675,675.0,675,上清丹天三氣玉皇六辰飛綱司命大籙,1.0,,,,,fuzzy,0.9375,上清丹天三氣玉皇六辰飛綱司命大箓,KR5c0056,1.0,7307.0,1551.0,HFL,,1.0,1258.0,4564.0
DZ0676,676.0,676,大明太祖高皇帝御註道德真經,2.0,1.0,太祖,15354.0,撰,fuzzy,0.9230769230769232,大明太祖高皇帝御注道德真經,KR5c0058,3.0,84643.0,23351.0,HFL,,1.0,23407.0,84216.0
DZ0677,677.0,677,唐玄宗御註道德真經,4.0,1.0,玄宗,4151.0,撰,exact,,,KR5c0059,5.0,81765.0,21315.0,HFL,,1.0,21377.0,79215.0
DZ0678,678.0,678,唐玄宗御製道德真經疏,10.0,1.0,玄宗,4151.0,撰,manual,,,KR5c0060,11.0,182524.0,47976.0,HFL,,1.0,48823.0,179818.0
DZ0679,679.0,679,唐玄宗御製道德真經疏,4.0,1.0,玄宗,4151.0,撰,manual,,,KR5c0062,5.0,102887.0,27629.0,HFL,,1.0,26300.0,97339.0
DZ0680,680.0,680,宋徽宗御解道德真經,4.0,1.0,徽宗,15312.0,撰,exact,,,KR5c0063,5.0,115750.0,31028.0,HFL,,1.0,31069.0,117387.0
DZ0681,681.0,681,宋徽宗道德真經解義,10.0,1.0,章安,15803.0,注,exact,,,KR5c0064,11.0,227652.0,61051.0,HFL,,1.0,60433.0,226278.0
DZ0682,682.0,682,道德真經註,4.0,1.0,河上公,6462.0,撰,manual,,,KR5c0065,4.0,72125.0,20431.0,SBCK,,1.0,21648.0,82918.0
DZ0683,683.0,683,道德真經解,2.0,1.0,陳象古,15910.0,撰,exact,,,KR5c0066,3.0,60229.0,17614.0,HFL,,1.0,18010.0,69886.0
DZ0684,684.0,684,道德真經四子古道集解,10.0,1.0,寇才質,15594.0,撰,exact,,,KR5c0067,11.0,190585.0,50292.0,HFL,,1.0,52603.0,201203.0
DZ0685,685.0,685,道德真經傳,4.0,1.0,陸希聲,12069.0,撰,exact,,,KR5c0068,5.0,106111.0,29453.0,HFL,,1.0,29661.0,105719.0
DZ0686,686.0,686,道德真經傳,4.0,1.0,呂惠卿,15567.0,撰,manual,,,KR5c0069,5.0,118443.0,32634.0,HFL,,1.0,32710.0,116572.0
DZ0687,687.0,687,道德真經三解,4.0,1.0,鄧錡,15884.0,撰,exact,,,KR5c0070,5.0,166833.0,46125.0,HFL,,1.0,46331.0,167805.0
DZ0688,688.0,688,道德真經直解,4.0,2.0,邵若愚,15876.0,撰,exact,,,KR5c0071,5.0,85807.0,23521.0,HFL,,1.0,23611.0,84849.0
DZ0689,689.0,689,道德真經論,4.0,1.0,司馬光,15557.0,撰,exact,,,KR5c0072,5.0,33972.0,9532.0,HFL,,1.0,9841.0,40045.0
DZ0690,690.0,690,道德真經註,4.0,1.0,王弼,4266.0,注,manual,,,KR5c0073,5.0,61541.0,17646.0,HFL,,1.0,18322.0,68093.0
DZ0691,691.0,691,道德真經註,4.0,1.0,蘇轍,15842.0,撰,manual,,,KR5c0074,5.0,85103.0,22759.0,HFL,,1.0,23007.0,85625.0
DZ0692,692.0,692,道德真經新註,4.0,1.0,李約,12337.0,撰,exact,,,KR5c0075,4.0,58395.0,16839.0,HFL,,1.0,17671.0,63926.0
DZ0693,693.0,693,道德真經指歸,13.0,2.0,嚴遵,6195.0,撰,exact,,,KR5c0078,8.0,199659.0,54831.0,HFL,,1.0,63918.0,233626.0
DZ0694,694.0,694,道德真經疏義,14.0,1.0,江瀓,15743.0,撰,exact,,,KR5c0079,15.0,472226.0,128877.0,HFL,,1.0,129477.0,468665.0
DZ0695,695.0,695,道德真經集解,4.0,1.0,趙秉文,11935.0,撰,manual,,,KR5c0080,5.0,108442.0,29309.0,HFL,,1.0,29720.0,108382.0
DZ0696,696.0,696,道德真經全解,2.0,1.0,時雍,15678.0,撰,exact,,,KR5c0081,3.0,92501.0,25575.0,HFL,,1.0,25672.0,92391.0
DZ0697,697.0,697,道德真經次解,2.0,,,,,exact,,,KR5c0082,3.0,52913.0,14395.0,HFL,,1.0,13088.0,48926.0
DZ0698,698.0,698,道德真經章句訓頌,2.0,1.0,張嗣成,15608.0,撰,exact,,,KR5c0085,3.0,50714.0,13140.0,HFL,,1.0,13844.0,51375.0
DZ0699,699.0,699,道德會元,2.0,1.0,李道純,15707.0,撰,exact,,,KR5c0086,3.0,82160.0,22902.0,HFL,,1.0,22961.0,84743.0
DZ0700,700.0,700,道德真經解,3.0,,,,,manual,,,KR5c0087,4.0,115800.0,31841.0,HFL,,1.0,32083.0,114724.0
DZ0701,701.0,701,道德真經口義,4.0,1.0,林希逸,15717.0,撰,exact,,,KR5c0088,5.0,91620.0,25149.0,HFL,,1.0,25372.0,91823.0
DZ0702,702.0,702,道德玄經原旨,4.0,1.0,杜道堅,15713.0,撰,exact,,,KR5c0089,5.0,111268.0,30896.0,HFL,,1.0,31978.0,117298.0
DZ0703,703.0,703,玄經原旨發揮,2.0,1.0,杜道堅,15713.0,撰,exact,,,KR5c0090,3.0,77261.0,21624.0,HFL,,1.0,21708.0,79375.0
DZ0704,704.0,704,道德真經註,4.0,1.0,吳澄,15563.0,撰,exact,,,KR5c0091,5.0,124546.0,33022.0,HFL,,1.0,33492.0,121502.0
DZ0705,705.0,705,道德真經集解,4.0,1.0,董思靖,15826.0,撰,exact,,,KR5c0092,5.0,134965.0,36568.0,HFL,,1.0,36809.0,135627.0
DZ0706,706.0,706,道德真經集註,10.0,1.0,梁迥,15728.0,刊記,manual,,,KR5c0093,11.0,298007.0,78986.0,HFL,,1.0,79941.0,304572.0
DZ0707,707.0,707,道德真經集註,18.0,1.0,彭耜,15666.0,撰,exact,,,KR5c0095,19.0,437995.0,118524.0,HFL,,1.0,79941.0,304572.0
DZ0708,708.0,708,道德真經集註釋文,1.0,1.0,彭耜,15666.0,撰,exact,,,KR5c0096,1.0,32754.0,9029.0,HFL,,1.0,9224.0,37525.0
DZ0709,709.0,709,道德真經集註雜說,2.0,1.0,彭耜,15666.0,撰,fuzzy,0.875,道德真經集注雜說,KR5c0097,3.0,64876.0,17363.0,HFL,,1.0,17881.0,64444.0
DZ0710,710.0,710,道德真經註疏,8.0,1.0,顧歡,1096.0,撰,exact,,,KR5c0098,9.0,228661.0,59808.0,HFL,,1.0,60593.0,237678.0
DZ0711,711.0,711,道德真經玄德纂疏,20.0,1.0,強思齊,15633.0,纂,exact,,,KR5c0099,21.0,606992.0,161423.0,HFL,,1.0,157114.0,588445.0
DZ0712,712.0,712,道德真經集義,10.0,1.0,危大有,15555.0,撰,manual,,,KR5c0100,11.0,301572.0,82477.0,HFL,,1.0,82547.0,298561.0
DZ0713,713.0,713,道德經論兵要義述,4.0,1.0,王真,4357.0,撰,fuzzy,0.9411764705882352,道德真經論兵要義述,KR5c0101,5.0,67519.0,19203.0,HFL,,1.0,19261.0,67513.0
DZ0714,714.0,714,道德真經藏室纂微篇,10.0,1.0,陳景元,15903.0,撰,exact,,,KR5c0102+DZ0714,11.0,232120.0,63460.0,HFL,KR5c0102;KR5c0103,1.0,60390.0,221734.0
DZ0715,715.0,715,道德真經藏室纂微開題科文疏,5.0,1.0,薛致玄,15840.0,撰,fuzzy,0.9629629629629628,道德真經藏室纂微篇開題科文疏,KR5c0104,6.0,88797.0,24292.0,HFL,,1.0,24446.0,87504.0
DZ0716,716.0,716,道德真經藏室纂微手鈔,2.0,1.0,薛致玄,15840.0,撰,exact,,,KR5c0105,2.0,48696.0,13322.0,HFL,,1.0,12572.0,46830.0
DZ0717,717.0,717,道德真經衍義手鈔,20.0,1.0,王守正,15764.0,撰,exact,,,KR5c0106,21.0,242031.0,64142.0,HFL,,1.0,64026.0,237891.0
DZ0718,718.0,718,道德真經取善集,12.0,1.0,李霖,15709.0,撰,exact,,,KR5c0107,13.0,282934.0,75817.0,HFL,,1.0,75132.0,280753.0
DZ0719,719.0,719,道德真經疏義,6.0,1.0,趙志堅,15869.0,撰,manual,,,KR5c0108,7.0,72743.0,19186.0,HFL,,1.0,19252.0,70560.0
DZ0720,720.0,720,道德真經註,2.0,1.0,林志堅,15718.0,撰,manual,,,KR5c0109,3.0,40789.0,10955.0,HFL,,1.0,11002.0,43739.0
DZ0721,721.0,721,道德真經義解,4.0,1.0,息齋道人,15636.0,撰,exact,,,KR5c0110,5.0,80212.0,21915.0,HFL,,1.0,22019.0,79887.0
DZ0722,722.0,722,道德真經註,4.0,1.0,李榮,12307.0,撰,manual,,,KR5c0111,5.0,53750.0,14102.0,HFL,,1.0,30220.0,112306.0
DZ0723,723.0,723,道德真經集義大旨,2.0,1.0,劉惟永,15544.0,撰,exact,,,KR5c0112,4.0,86145.0,24461.0,HFL,,1.0,24469.0,88046.0
DZ0724,724.0,724,道德真經集義,17.0,1.0,劉惟永,15544.0,撰,exact,,,KR5c0113,18.0,751954.0,208571.0,HFL,,1.0,209771.0,751043.0
DZ0725,725.0,725,道德真經廣聖義,50.0,1.0,杜光庭,15712.0,撰,exact,,,KR5c0114,52.0,824026.0,221235.0,HFL,,1.0,222819.0,814898.0
DZ0726,726.0,726,西昇經集註,6.0,1.0,陳景元,15903.0,撰,exact,,,KR5c0115,7.0,106090.0,28337.0,HFL,,1.0,29184.0,110245.0
DZ0727,727.0,727,文始真經註,9.0,1.0,牛道淳,15752.0,撰,exact,,,KR5c0116,10.0,263894.0,71581.0,HFL,,1.0,72661.0,262713.0
DZ0728,728.0,728,文始真經言外旨,9.0,1.0,陳顯微,15913.0,撰,fuzzy,0.9230769230769232,文始經言外旨,KR5c0117,10.0,147028.0,39976.0,CK-KZ,,1.0,39083.0,141655.0
DZ0729,729.0,729,沖虛至德真經鬳齋口義,8.0,1.0,林希逸,15717.0,撰,exact,,,KR5c0120,9.0,219148.0,61817.0,HFL,,1.0,62789.0,227889.0
DZ0730,730.0,730,沖虛至德真經解,20.0,1.0,江遹,15744.0,撰,exact,,,KR5c0121,9.0,312681.0,89665.0,HFL,,1.0,90708.0,321479.0
DZ0731,731.0,731,沖虛至德真經義解,6.0,1.0,宋徽宗,15312.0,撰,exact,,,KR5c0122,7.0,98923.0,27551.0,HFL,,1.0,27648.0,99644.0
DZ0732,732.0,732,沖虛至德真經四解,20.0,1.0,高守元,15930.0,纂,exact,,,KR5c0123,21.0,489453.0,133833.0,HFL,,1.0,133881.0,485377.0
DZ0733,733.0,733,列子沖虛至德真經釋文,2.0,2.0,殷敬順,15740.0,撰,fuzzy,0.8888888888888888,沖虛至德真經釋文,,,,,,,1.0,17891.0,67375.0
DZ0734,734.0,734,南華真經義海纂微,106.0,1.0,褚伯秀,15850.0,撰,exact,,,KR5c0127,105.0,1687279.0,456336.0,HFL,,1.0,453716.0,1621260.0
DZ0735,735.0,735,南華真經口義,32.0,2.0,林希逸,15717.0,撰,exact,,,KR5c0128,33.0,673278.0,187936.0,HFL,,1.0,188011.0,670130.0
DZ0736,736.0,736,南華真經章句音義,14.0,1.0,陳景元,15903.0,撰,exact,,,KR5c0129,15.0,179976.0,50627.0,HFL,,1.0,51640.0,189107.0
DZ0737,737.0,737,南華真經章句餘事,1.0,1.0,陳景元,15903.0,撰,exact,,,KR5c0130,1.0,19555.0,5135.0,HFL,,1.0,4214.0,15982.0
DZ0738,738.0,738,南華真經餘事雜錄,2.0,1.0,陳景元,15903.0,撰,fuzzy,0.875,南華真經徐事雜錄,KR5c0131,1.0,25338.0,7391.0,HFL,,1.0,7438.0,26634.0
DZ0739,739.0,739,南華真經直音,1.0,1.0,賈善翔,15859.0,撰,exact,,,KR5c0132,1.0,14603.0,4061.0,HFL,,1.0,4102.0,20517.0
DZ0740,740.0,740,南華邈,1.0,,,,,exact,,,KR5c0133,1.0,2626.0,638.0,HFL,,1.0,725.0,2715.0
DZ0741,741.0,741,莊子內篇訂正,2.0,1.0,吳澄,15563.0,撰,exact,,,KR5c0134,3.0,48627.0,13973.0,HFL,,1.0,15029.0,54488.0
DZ0742,742.0,742,南華真經循本,30.0,2.0,羅勉道,15807.0,撰,exact,,,KR5c0135,31.0,405363.0,111657.0,HFL,,1.0,112745.0,406252.0
DZ0743,743.0,743,南華真經新傳,20.0,1.0,王雱,15785.0,撰,exact,,,KR5c0136,21.0,375333.0,105454.0,HFL,,1.0,2296.0,8404.0
DZ0744,744.0,744,南華真經拾遺,1.0,1.0,王雱,15785.0,撰,exact,,,KR5c0137,1.0,8533.0,2366.0,HFL,,1.0,2401.0,8570.0
DZ0745,745.0,745,南華真經註疏,35.0,1.0,郭象,1585.0,撰,exact,,,KR5c0139,36.0,1083430.0,287306.0,HFL,,1.0,305950.0,1203385.0
DZ0746,746.0,746,通玄真經,12.0,1.0,徐靈府,15671.0,注,fuzzy,0.8888888888888888,通玄真經注,KR5c0140,13.0,237483.0,65447.0,HFL,,1.0,69354.0,252007.0
DZ0747,747.0,747,洞靈真經,3.0,1.0,何璨,15522.0,撰,manual,,,KR5c0141,4.0,62139.0,15972.0,HFL,,1.0,16787.0,63128.0
DZ0748,748.0,748,通玄真經纘義,12.0,1.0,杜道堅,15713.0,撰,exact,,,KR5c0143,13.0,211566.0,59463.0,HFL,,1.0,59420.0,216582.0
DZ0749,749.0,749,通玄真經,7.0,1.0,朱弁,15684.0,撰,manual,,,KR5c0145,8.0,170917.0,49979.0,HFL,,1.0,50011.0,185653.0
DZ0750,750.0,750,太上玄靈北斗本命延生真經註,5.0,2.0,徐道齡,15670.0,撰,exact,,,KR5c0146,6.0,108654.0,28964.0,HFL,,1.0,29203.0,104999.0
DZ0751,751.0,751,太上玄靈北斗本命延生真經註解,3.0,1.0,玄元真人,15644.0,撰,exact,,,KR5c0147,4.0,80361.0,19673.0,HFL,,1.0,20814.0,74892.0
DZ0752,752.0,752* ,太上玄靈北斗本命延生經註,3.0,1.0,傳洞真,15528.0,撰,exact,,,KR5c0148,4.0,65319.0,17616.0,HFL,,1.0,17890.0,65046.0
DZ0753,753.0,752* ,北斗七元金玄羽章,1.0,,,,,manual,,,KR5c0149,1.0,7808.0,2072.0,HFL,,1.0,742.0,2805.0
DZ0754,754.0,753,太上說玄天大聖真武本傳神咒妙經,6.0,1.0,陳伀,15897.0,撰,manual,,,KR5c0150,7.0,158374.0,43904.0,HFL,,1.0,44004.0,157568.0
DZ0755,755.0,754,太上老君說常清靜經註,1.0,1.0,李道純,15707.0,撰,manual,,,KR5c0151,1.0,7377.0,1784.0,HFL,,1.0,2075.0,7620.0
DZ0756,756.0,755,太上老君說常清靜經註,1.0,,,,,manual,,,KR5c0152,1.0,77113.0,21509.0,HFL,,1.0,19874.0,71322.0
DZ0757,757.0,756,太上老君說常清靜經註,1.0,2.0,白玉蟾,15789.0,改訂,manual,,,KR5c0153,1.0,25494.0,6925.0,HFL,,1.0,8731.0,32094.0
DZ0758,758.0,757,太上老君說常清靜經註,1.0,2.0,侯善淵,15525.0,撰,manual,,,KR5c0154,1.0,22270.0,6034.0,HFL,,1.0,6062.0,22364.0
DZ0759,759.0,758,太上老君說常清靜經註,1.0,1.0,杜光庭,15712.0,撰,manual,,,KR5c0155,1.0,38099.0,10499.0,HFL,,1.0,10577.0,38640.0
DZ0760,760.0,759,太上老君說常清靜妙經纂圖解註,1.0,1.0,王玠,15776.0,撰,fuzzy,0.9285714285714286,太上老君說常清靜妙經纂圖解注,KR5c0156,1.0,26861.0,7275.0,HFL,,1.0,7322.0,26453.0
DZ0761,761.0,760,太上老君元道真經註解,1.0,1.0,隱芝,15660.0,撰,fuzzy,0.9,太上老君元道真經注解,KR5c0157,1.0,16030.0,4409.0,HFL,,1.0,4544.0,17419.0
DZ0762,762.0,761,太上太清天童護命妙經註,1.0,1.0,侯善淵,15525.0,撰,fuzzy,0.9090909090909092,太上太清天童護命妙經注,KR5c0158,1.0,8011.0,2036.0,HFL,,1.0,2085.0,7629.0
DZ0763,763.0,762,老子說五廚經註,1.0,1.0,尹愔,3936.0,撰,exact,,,KR5c0159,1.0,6330.0,1422.0,HFL,,1.0,1725.0,6604.0
DZ0764,764.0,763,太上三元飛星冠禁金書玉籙圖,1.0,,,,,exact,,,KR5c0160,1.0,7525.0,1937.0,HFL,,1.0,1951.0,7637.0
DZ0765,765.0,764,上清金闕帝君五斗三一圖訣,1.0,,,,,exact,,,KR5c0161,1.0,11065.0,2786.0,HFL,,1.0,2871.0,10502.0
DZ0766,766.0,765,四氣攝生圖,1.0,,,,,exact,,,KR5c0162,1.0,29806.0,8264.0,HFL,,1.0,8314.0,30644.0
DZ0767,767.0,766,太上通靈八史聖文真形圖,1.0,,,,,exact,,,KR5c0163,1.0,10591.0,2859.0,HFL,,1.0,2951.0,10935.0
DZ0768,768.0,767,圖經衍義本草,5.0,2.0,寇宗奭,15593.0,纂,manual,,,KR5c0164,7.0,119089.0,32217.0,HFL,,1.0,33848.0,126134.0
DZ0769,769.0,768,圖經衍義本草,42.0,2.0,寇宗奭,15593.0,纂,manual,,,KR5c0165,43.0,1395421.0,374717.0,HFL,,1.0,389769.0,1540468.0
DZ0770,770.0,769,混元聖紀,9.0,2.0,謝守灝,15855.0,撰,exact,,,KR5c0166,12.0,356601.0,98323.0,HFL,,1.0,100742.0,365420.0
DZ0771,771.0,770,太上老君年譜要略,1.0,2.0,謝守灝,15855.0,纂,exact,,,KR5c0167,1.0,13634.0,3527.0,HFL,,1.0,3737.0,13840.0
DZ0772,772.0,771,太上老君金書內序,1.0,,,,,exact,,,KR5c0168,1.0,6412.0,1800.0,HFL,,1.0,1839.0,6575.0
DZ0773,773.0,772,太上混元老子史略,3.0,1.0,謝守灝,15855.0,撰,exact,,,KR5c0169,4.0,80646.0,22219.0,HFL,,1.0,23236.0,84307.0
DZ0774,774.0,773,猶龍傳,6.0,1.0,賈善翔,15859.0,撰,exact,,,KR5c0170,7.0,127626.0,35710.0,HFL,,1.0,36752.0,131998.0
DZ0775,775.0,774,太上說玄天大聖真武本傳神咒妙經,1.0,1.0,陳伀,15897.0,撰,manual,,,KR5c0171,1.0,10820.0,2974.0,HFL,,1.0,2996.0,11230.0
DZ0776,776.0,775,真武靈應真君增上佑聖尊號冊文,1.0,1.0,徽宗,15312.0,撰,exact,,,KR5c0172,1.0,1358.0,272.0,HFL,,1.0,325.0,1174.0
DZ0777,777.0,776,章獻明肅皇后受上清畢法籙記,1.0,1.0,朱自英,15688.0,撰,exact,,,KR5c0173,1.0,4423.0,1156.0,HFL,,1.0,1219.0,4238.0
DZ0778,778.0,777,華蓋山浮丘王郭三真君事實,6.0,4.0,章元樞,15802.0,撰,fuzzy,0.9166666666666666,華蓋山浮丘主郭三真君事實,KR5c0174,7.0,106024.0,28031.0,HFL,,1.0,29190.0,105682.0
DZ0779,779.0,778,唐葉真人傳,1.0,1.0,馬光祖,15923.0,序,exact,,,KR5c0175,1.0,37797.0,10999.0,HFL,,1.0,11052.0,40306.0
DZ0780,780.0,779,地祇上將溫太保傳,1.0,1.0,黃公瑾,15937.0,編,manual,,,KR5c0176+DZ0780,2.0,22232.0,6401.0,HFL,KR5c0176;KR5c0177,1.0,1481.0,5274.0
DZ0781,781.0,780,玄品錄,5.0,1.0,張天雨,15612.0,撰,exact,,,KR5c0178,7.0,138535.0,39832.0,HFL,,1.0,39923.0,144424.0
DZ0782,782.0,781,大滌洞天記,3.0,1.0,鄧牧,15883.0,撰,exact,,,KR5c0179,4.0,76533.0,21664.0,HFL,,1.0,21726.0,78386.0
DZ0783,783.0,782,墉城集仙錄,6.0,1.0,杜光庭,15712.0,撰,exact,,,KR5c0180,8.0,117721.0,33865.0,HFL,,1.0,33935.0,119442.0
DZ0784,784.0,783,太上老君戒經,1.0,,,,,exact,,,KR5c0181,1.0,26142.0,6685.0,HFL,,1.0,6894.0,26016.0
DZ0785,785.0,784,老君音誦誡經,1.0,1.0,寇謙之,3926.0,撰,exact,,,KR5c0182,1.0,23558.0,6839.0,HFL,,1.0,6993.0,25487.0
DZ0786,786.0,785,太上老君經律,1.0,,,,,exact,,,KR5c0183,1.0,13564.0,3907.0,HFL,,1.0,3997.0,15497.0
DZ0787,787.0,786,太上經戒,1.0,,,,,exact,,,KR5c0184,1.0,19063.0,5435.0,HFL,,1.0,5518.0,20909.0
DZ0788,788.0,787,三洞法服科戒文,1.0,1.0,張萬福,11075.0,撰,exact,,,KR5c0185,1.0,11527.0,3200.0,HFL,,1.0,3264.0,11967.0
DZ0789,789.0,788,正一法文天師教戒科經,1.0,,,,,fuzzy,0.9,正一法服天師教戒科經,KR5c0186,1.0,24763.0,7209.0,HFL,,1.0,7291.0,26663.0
DZ0790,790.0,789,女青鬼律,6.0,,,,,exact,,,KR5c0187,7.0,32109.0,8189.0,HFL,,1.0,8335.0,31252.0
DZ0791,791.0,790,正一威儀經,1.0,,,,,exact,,,KR5c0188,1.0,19268.0,5529.0,HFL,,1.0,5567.0,21296.0
DZ0792,792.0,791,玄門十事威儀,1.0,,,,,exact,,,KR5c0189,1.0,17994.0,5171.0,HFL,,1.0,5228.0,19497.0
DZ0793,793.0,792,太清道德顯化儀,1.0,,,,,exact,,,KR5c0190,1.0,19895.0,5577.0,HFL,,1.0,5622.0,20158.0
DZ0794,794.0,793,正一解戹醮儀,1.0,,,,,fuzzy,0.8333333333333334,正一解卮醮儀,KR5c0191,1.0,8142.0,2193.0,HFL,,1.0,2236.0,8232.0
DZ0795,795.0,794,正一出官章儀,1.0,,,,,exact,,,KR5c0192,1.0,21367.0,6097.0,HFL,,1.0,6218.0,21399.0
DZ0796,796.0,795,太上三五正一盟威閱籙醮儀,1.0,1.0,杜光庭,15712.0,編,exact,,,KR5c0193,1.0,15290.0,4381.0,HFL,,1.0,4469.0,15376.0
DZ0797,797.0,796,太上正一閱籙儀,1.0,1.0,杜光庭,15712.0,纂,exact,,,KR5c0194,1.0,16115.0,4557.0,HFL,,1.0,4628.0,16080.0
DZ0798,798.0,797,正一旨教齋儀,1.0,,,,,fuzzy,0.8333333333333334,正一指教齋儀,KR5c0195,1.0,5602.0,1470.0,HFL,,1.0,1516.0,5516.0
DZ0799,799.0,798,正一旨教齋清旦行道儀,1.0,,,,,fuzzy,0.9,正一指教齋清旦行道儀,KR5c0196,1.0,6023.0,1631.0,HFL,,1.0,1689.0,6075.0
DZ0800,800.0,799,正一敕壇儀,1.0,,,,,exact,,,KR5c0197,1.0,6209.0,1605.0,HFL,,1.0,1624.0,6006.0
DZ0801,801.0,800,正一醮宅儀,1.0,,,,,exact,,,KR5c0198,1.0,6313.0,1700.0,HFL,,1.0,1744.0,6338.0
DZ0802,802.0,801,正一醮墓儀,1.0,,,,,exact,,,KR5c0199,1.0,3963.0,1020.0,HFL,,1.0,1063.0,3909.0
DZ0803,803.0,802,太上洞神三皇儀,1.0,,,,,exact,,,KR5c0200,1.0,13348.0,3574.0,HFL,,1.0,3633.0,13704.0
DZ0804,804.0,803,洞神三皇七十二君齋方懺儀,1.0,1.0,杜光庭,15712.0,編,exact,,,KR5c0201,1.0,7204.0,1951.0,HFL,,1.0,2008.0,7301.0
DZ0805,805.0,804,太上洞神太元河圖三元仰謝儀,1.0,1.0,杜光庭,15712.0,編,exact,,,KR5c0202,1.0,27980.0,7612.0,HFL,,1.0,7687.0,28326.0
DZ0806,806.0,805,太上金書玉牒寶章儀,1.0,,,,,exact,,,KR5c0203,1.0,13412.0,3787.0,HFL,,1.0,3862.0,13502.0
DZ0807,807.0,806,天心正法修真道場設醮儀,1.0,,,,,exact,,,KR5c0204,1.0,12038.0,3319.0,HFL,,1.0,3376.0,12210.0
DZ0808,808.0,807,太上三洞傳授道德經紫虛籙拜表儀,1.0,1.0,杜光庭,15712.0,編,fuzzy,0.9333333333333332,太上三洞傳授道德經紫虛箓拜表儀,KR5c0205,1.0,18328.0,5114.0,HFL,,1.0,5208.0,19183.0
DZ0809,809.0,808,太上三五傍救醮五帝斷瘟儀,1.0,,,,,fuzzy,0.9166666666666666,太上三五傍救醮五帝斷殟儀,KR5c0206,1.0,12253.0,3416.0,HFL,,1.0,3482.0,12614.0
DZ0810,810.0,809,太上消災祈福醮儀,1.0,,,,,exact,,,KR5c0207,1.0,10664.0,2918.0,HFL,,1.0,2961.0,10671.0
DZ0811,811.0,810,太上金櫃玉鏡延生洞玄燭幽懺,1.0,,,,,exact,,,KR5c0208,1.0,11763.0,3182.0,HFL,,1.0,3245.0,11954.0
DZ0812,812.0,811,太上瑤臺益算寶籍延年懺,1.0,,,,,exact,,,KR5c0209,1.0,8808.0,1968.0,HFL,,1.0,2009.0,7368.0
DZ0813,813.0,812,太上正一朝天三八謝罪法懺,1.0,,,,,exact,,,KR5c0210,1.0,11924.0,3399.0,HFL,,1.0,3448.0,12681.0
DZ0814,814.0,813,真武靈應護世消災滅罪寶懺,1.0,,,,,exact,,,KR5c0211,1.0,5702.0,1404.0,HFL,,1.0,1451.0,5334.0
DZ0815,815.0,814,北極真武普慈度世法懺,10.0,,,,,exact,,,KR5c0212,13.0,108326.0,27846.0,HFL,,1.0,19401.0,70910.0
DZ0816,816.0,815,北極真武佑聖真君禮文,1.0,,,,,exact,,,KR5c0213,1.0,12229.0,3351.0,HFL,,1.0,3418.0,12727.0
DZ0817,817.0,816,太清中黃真經,2.0,2.0,九仙君,15514.0,撰,exact,,,KR5c0214,3.0,32261.0,8531.0,HFL,,1.0,8642.0,32345.0
DZ0818,818.0,817,太清導引養生經,1.0,,,,,exact,,,KR5c0215,1.0,18872.0,5419.0,HFL,,1.0,5507.0,21577.0
DZ0819,819.0,818,太上養生胎息氣經,1.0,,,,,exact,,,KR5c0216,1.0,9612.0,2699.0,HFL,,1.0,2739.0,10337.0
DZ0820,820.0,819,太清調氣經,1.0,,,,,exact,,,KR5c0217,1.0,24791.0,7255.0,HFL,,1.0,7289.0,26458.0
DZ0821,821.0,820,太上老君養生訣,1.0,,,,,exact,,,KR5c0218,1.0,6499.0,1775.0,HFL,,1.0,1799.0,6729.0
DZ0822,822.0,821,太清服氣口訣,1.0,,,,,exact,,,KR5c0219,1.0,8141.0,2298.0,HFL,,1.0,2344.0,8639.0
DZ0823,823.0,822,莊周氣訣解,1.0,,,,,exact,,,KR5c0220,1.0,4636.0,1292.0,HFL,,1.0,1328.0,4906.0
DZ0824,824.0,823,嵩山太無先生氣經,2.0,,,,,exact,,,KR5c0221,3.0,20492.0,5688.0,HFL,,1.0,5939.0,22072.0
DZ0825,825.0,824,延陵先生集新舊服氣經,1.0,1.0,桑榆子,15726.0,注,exact,,,KR5c0222,2.0,42522.0,12234.0,HFL,,1.0,9384.0,34003.0
DZ0826,826.0,825,諸真聖胎神用訣,1.0,,,,,exact,,,KR5c0223,1.0,16097.0,4540.0,HFL,,1.0,4578.0,17014.0
DZ0827,827.0,826,胎息抱一歌,1.0,,,,,exact,,,KR5c0224,1.0,3310.0,843.0,HFL,,1.0,863.0,3184.0
DZ0828,828.0,827,幻真先生服內元氣訣,1.0,,,,,manual,,,KR5c0225,1.0,15153.0,4308.0,HFL,,1.0,4399.0,16385.0
DZ0829,829.0,828,胎息精微論,1.0,,,,,exact,,,KR5c0226,1.0,8584.0,2443.0,HFL,,1.0,2483.0,9033.0
DZ0830,830.0,829,服氣精義論,1.0,1.0,司馬承禎,10781.0,撰,exact,,,KR5c0227,1.0,12679.0,3604.0,HFL,,1.0,3660.0,13412.0
DZ0831,831.0,830,氣法要妙至訣,1.0,,,,,exact,,,KR5c0228,1.0,13261.0,3827.0,HFL,,1.0,3882.0,14473.0
DZ0832,832.0,831,上清司命茅真君修行指迷訣,1.0,,,,,exact,,,KR5c0229,1.0,6340.0,1765.0,HFL,,1.0,1797.0,6661.0
DZ0833,833.0,832,神氣養形論,1.0,,,,,exact,,,KR5c0230,1.0,3281.0,877.0,HFL,,1.0,931.0,3412.0
DZ0834,834.0,833,存神鍊氣銘,1.0,1.0,孫思邈,10904.0,撰,fuzzy,0.8,存神煉氣銘,KR5c0231,1.0,3010.0,786.0,HFL,,1.0,836.0,3250.0
DZ0835,835.0,834,保生銘,1.0,1.0,孫思邈,10904.0,撰,exact,,,KR5c0232,1.0,1211.0,264.0,HFL,,1.0,291.0,1094.0
DZ0836,836.0,835,神仙食氣金櫃妙錄,1.0,1.0,京里先生,3573.0,撰,manual,,,KR5c0233,1.0,17590.0,5012.0,HFL,,1.0,5128.0,19080.0
DZ0837,837.0,836,枕中記,1.0,,,,,exact,,,KR5c0234,1.0,28042.0,8015.0,HFL,,1.0,7334.0,27249.0
DZ0838,838.0,837,養性延命錄,2.0,1.0,陶弘景,8506.0,撰,exact,,,KR5c0235,3.0,36812.0,10614.0,HFL,,1.0,10919.0,41167.0
DZ0839,839.0,838,三洞樞機雜說,1.0,,,,,exact,,,KR5c0236,1.0,14142.0,4008.0,HFL,,1.0,4043.0,15080.0
DZ0840,840.0,839,彭祖攝生養性論,1.0,,,,,exact,,,KR5c0237,1.0,2719.0,689.0,HFL,,1.0,708.0,2534.0
DZ0841,841.0,840,孫真人攝養論,1.0,1.0,孫思邈,10904.0,撰,exact,,,KR5c0238,1.0,4885.0,1324.0,HFL,,1.0,1380.0,5179.0
DZ0842,842.0,841,抱朴子養生論,1.0,,,,,exact,,,KR5c0239,1.0,2632.0,662.0,HFL,,1.0,724.0,2648.0
DZ0843,843.0,842,養生詠玄集,1.0,,,,,exact,,,KR5c0240,1.0,23368.0,6178.0,HFL,,1.0,6208.0,24131.0
DZ0844,844.0,843,神仙服食靈草菖蒲丸方,1.0,,,,,fuzzy,0.9523809523809524,神仙服食靈草菖蒲丸方傳,KR5c0241,1.0,5447.0,1512.0,HFL,,1.0,1554.0,5774.0
DZ0845,845.0,844,上清經真丹祕訣,1.0,,,,,fuzzy,0.8571428571428571,上清經真丹秘訣,KR5c0242,1.0,6398.0,1791.0,HFL,,1.0,1839.0,6679.0
DZ0846,846.0,845,太清經斷穀法,1.0,,,,,exact,,,KR5c0243,1.0,10935.0,2936.0,HFL,,1.0,2971.0,11414.0
DZ0847,847.0,846,太上肘後玉經方,1.0,1.0,盧遵元,15793.0,撰,exact,,,KR5c0244,1.0,5417.0,1401.0,HFL,,1.0,1514.0,5768.0
DZ0848,848.0,847,混俗頤生錄,2.0,1.0,劉詞,15551.0,撰,exact,,,KR5c0245,3.0,24968.0,7074.0,HFL,,1.0,7126.0,26097.0
DZ0849,849.0,848,保生要錄,1.0,1.0,蒲虔貫,15828.0,撰,exact,,,KR5c0246,1.0,10449.0,2915.0,HFL,,1.0,2932.0,11022.0
DZ0850,850.0,849,修真祕籙,1.0,1.0,符度仁,15805.0,撰,manual,,,KR5c0247,1.0,10299.0,2872.0,HFL,,1.0,2906.0,12032.0
DZ0851,851.0,850,三元延壽參贊書,5.0,1.0,李鵬飛,15711.0,撰,exact,,,KR5c0248,4.0,95587.0,25732.0,HFL,,1.0,24570.0,95917.0
DZ0852,852.0,851,太上保真養生論,1.0,,,,,exact,,,KR5c0249,1.0,5097.0,1396.0,HFL,,1.0,1409.0,5056.0
DZ0853,853.0,852,養生辯疑訣,1.0,1.0,施肩吾,15676.0,撰,exact,,,KR5c0250,1.0,3250.0,865.0,HFL,,1.0,1080.0,4089.0
DZ0854,854.0,853,太上三皇寶齋神仙上錄經,1.0,,,,,exact,,,KR5c0251,1.0,5949.0,1606.0,HFL,,1.0,1678.0,6126.0
DZ0855,855.0,854,太清金闕玉華仙書八極神章三皇內祕文,3.0,,,,,exact,,,KR5c0252,1.0,55212.0,15736.0,HFL,,1.0,16218.0,58701.0
DZ0856,856.0,855,三皇內文遺祕,1.0,,,,,exact,,,KR5c0253,1.0,11687.0,3133.0,HFL,,1.0,3302.0,12118.0
DZ0857,857.0,856,祕藏通玄變化六陰洞微遁甲真經,3.0,,,,,fuzzy,0.9285714285714286,秘藏通玄變化六陰洞微遁甲真經,KR5c0254,4.0,49246.0,12969.0,HFL,,1.0,13026.0,48136.0
DZ0858,858.0,857,太上洞神玄妙白猿真經,1.0,,,,,exact,,,KR5c0255,1.0,14082.0,3526.0,HFL,,1.0,3579.0,13686.0
DZ0859,859.0,858,太上通玄靈印經,1.0,,,,,exact,,,KR5c0256,1.0,10821.0,3041.0,HFL,,1.0,3090.0,11544.0
DZ0860,860.0,859,上清鎮元榮靈經,1.0,,,,,exact,,,KR5c0257,1.0,13650.0,3417.0,HFL,,1.0,3466.0,12987.0
DZ0861,861.0,860,太上六壬明鑑符陰經,4.0,,,,,exact,,,KR5c0258,4.0,46585.0,11094.0,HFL,,1.0,11053.0,42725.0
DZ0862,862.0,861,顯道經,1.0,,,,,exact,,,KR5c0259,1.0,13731.0,3908.0,HFL,,1.0,3953.0,15108.0
DZ0863,863.0,862,神仙鍊丹點鑄三元寶照法,1.0,,,,,exact,,,KR5c0260,1.0,10064.0,2766.0,HFL,,1.0,3086.0,11403.0
DZ0864,864.0,863,元陽子五假論,1.0,,,,,exact,,,KR5c0261,1.0,5015.0,1323.0,HFL,,1.0,1376.0,5185.0
DZ0865,865.0,864,太清元極至妙神珠玉顆經,1.0,,,,,exact,,,KR5c0262,1.0,38667.0,10726.0,HFL,,1.0,7486.0,27594.0
DZ0866,866.0,865,天老神光經,1.0,1.0,李靖,4152.0,撰,exact,,,KR5c0263,1.0,13166.0,3572.0,HFL,,1.0,3599.0,13511.0
DZ0867,867.0,866,鬼谷子天髓靈文,2.0,,,,,exact,,,KR5c0264,2.0,48213.0,13184.0,HFL,,1.0,13206.0,48867.0
DZ0868,868.0,867,先天玄妙玉女太上聖母資傳仙道,1.0,,,,,exact,,,KR5c0265,1.0,9581.0,2721.0,HFL,,1.0,2819.0,10377.0
DZ0869,869.0,868,思印氣訣法,1.0,,,,,exact,,,KR5c0266,1.0,5668.0,1559.0,HFL,,1.0,1594.0,5869.0
DZ0870,870.0,869,北斗治法武威經,1.0,,,,,exact,,,KR5c0267,1.0,7158.0,1871.0,HFL,,1.0,1916.0,7245.0
DZ0871,871.0,870,太上除三尸九蟲保生經,1.0,,,,,exact,,,KR5c0268,1.0,21131.0,5744.0,HFL,,1.0,5878.0,22218.0
DZ0872,872.0,871,太上老君玄妙枕中內德神咒經,1.0,,,,,exact,,,KR5c0269,1.0,2818.0,718.0,HFL,,1.0,763.0,2849.0
DZ0873,873.0,872,黃庭遁甲緣身經,1.0,,,,,exact,,,KR5c0270,1.0,10696.0,3031.0,HFL,,1.0,3097.0,11626.0
DZ0874,874.0,873,紫庭內祕訣修行法,1.0,,,,,fuzzy,0.875,紫庭內秘訣修行法,KR5c0271,1.0,14103.0,3915.0,HFL,,1.0,4009.0,14990.0
DZ0875,875.0,874,太上老君大存思圖注訣,1.0,,,,,exact,,,KR5c0272,1.0,18287.0,4782.0,HFL,,1.0,5083.0,19509.0
DZ0876,876.0,875,太上五星七元空常訣,1.0,,,,,exact,,,KR5c0273,1.0,21076.0,5881.0,HFL,,1.0,6081.0,23293.0
DZ0877,877.0,876,上玄高真延壽赤書,1.0,,,,,exact,,,KR5c0274+DZ0877,2.0,17877.0,4992.0,HFL,KR5c0274;KR5c0275,1.0,5045.0,18793.0
DZ0878,878.0,877,紫團丹經,1.0,,,,,exact,,,KR5c0276,1.0,20599.0,5963.0,HFL,,1.0,6046.0,22061.0
DZ0879,879.0,878,上清金書玉字上經,1.0,1.0,楊羲,3527.0,輯佚,exact,,,KR5c0277,1.0,8463.0,2359.0,HFL,,1.0,2452.0,8942.0
DZ0880,880.0,879,太清金液神丹經,3.0,1.0,張道陵,15629.0,撰,exact,,,KR5c0278,4.0,54373.0,15727.0,HFL,,1.0,15977.0,57496.0
DZ0881,881.0,880,太清石壁記,3.0,1.0,楚澤先生,15639.0,撰,exact,,,KR5c0279,4.0,43950.0,11804.0,HFL,,1.0,11867.0,44583.0
DZ0882,882.0,881,太清金液神氣經,3.0,,,,,exact,,,KR5c0280,4.0,34270.0,9571.0,HFL,,1.0,7600.0,27696.0
DZ0883,883.0,882,太清經天師口訣,1.0,,,,,exact,,,KR5c0281,1.0,15550.0,4450.0,HFL,,1.0,4557.0,16747.0
DZ0884,884.0,883,太清修丹祕訣,1.0,,,,,exact,,,KR5c0282,1.0,8146.0,2258.0,HFL,,1.0,2296.0,8318.0
DZ0885,885.0,884,黃帝九鼎神丹經訣,20.0,,,,,exact,,,KR5c0283,20.0,197816.0,55051.0,HFL,,1.0,53767.0,198321.0
DZ0886,886.0,885,九轉靈砂大丹資聖玄經,1.0,,,,,exact,,,KR5c0284,1.0,12428.0,3481.0,HFL,,1.0,3539.0,12826.0
DZ0887,887.0,886,張真人金石靈砂論,1.0,1.0,張隱居,15630.0,撰,exact,,,KR5c0285,1.0,10848.0,3075.0,HFL,,1.0,3126.0,11702.0
DZ0888,888.0,887,魏伯陽七返丹砂訣,1.0,1.0,黃童君,15944.0,注,exact,,,KR5c0286,1.0,5331.0,1329.0,HFL,,1.0,1407.0,5542.0
DZ0889,889.0,888,太極真人九轉還丹經要訣,1.0,,,,,exact,,,KR5c0287,1.0,8070.0,2197.0,HFL,,1.0,2262.0,8264.0
DZ0890,890.0,889,大洞鍊真寶經修伏靈砂妙訣,1.0,1.0,陳少衛,15899.0,撰,fuzzy,0.9166666666666666,大洞煉真寶經修伏靈砂妙訣,KR5c0288,1.0,27380.0,7967.0,HFL,,1.0,8087.0,28834.0
DZ0891,891.0,890,大洞鍊真寶經九還金丹妙訣,1.0,1.0,陳少衛,15899.0,撰,fuzzy,0.9166666666666666,大洞煉真寶經九還金丹妙訣,KR5c0289,1.0,18511.0,5349.0,HFL,,1.0,5497.0,20041.0
DZ0892,892.0,891,太上衛靈神化九轉丹砂法,1.0,,,,,exact,,,KR5c0290,1.0,7420.0,2057.0,HFL,,1.0,2105.0,7656.0
DZ0893,893.0,892,九轉靈砂大丹,1.0,,,,,exact,,,KR5c0291,1.0,12268.0,3465.0,HFL,,1.0,3511.0,12789.0
DZ0894,894.0,893,九轉青金靈砂丹,1.0,,,,,exact,,,KR5c0292,1.0,4865.0,1294.0,HFL,,1.0,1336.0,4954.0
DZ0895,895.0,894,陰陽九轉成紫金點化還丹訣,1.0,,,,,exact,,,KR5c0293,1.0,5126.0,1397.0,HFL,,1.0,1431.0,5244.0
DZ0896,896.0,895,玉洞大神丹砂真要訣,1.0,1.0,張果,3962.0,撰,exact,,,KR5c0294,1.0,21437.0,6102.0,HFL,,1.0,6175.0,22442.0
DZ0897,897.0,896,靈砂大丹祕訣,1.0,,,,,fuzzy,0.8333333333333334,靈砂大丹秘訣,KR5c0295,1.0,21911.0,6041.0,HFL,,1.0,6140.0,22592.0
DZ0898,898.0,897,碧玉朱砂寒林玉樹匱,1.0,1.0,西蜀陳大師,15650.0,撰,exact,,,KR5c0296,1.0,8129.0,2226.0,HFL,,1.0,2272.0,8429.0
DZ0899,899.0,898,大丹記,1.0,1.0,魏伯陽,13590.0,撰,exact,,,KR5c0297,1.0,6537.0,1746.0,HFL,,1.0,1772.0,6708.0
DZ0900,900.0,899,丹房須知,1.0,1.0,吳悞,15559.0,撰,exact,,,KR5c0298,1.0,13278.0,3676.0,HFL,,1.0,3721.0,13994.0
DZ0901,901.0,900,石藥爾雅,2.0,1.0,梅彪,15730.0,撰,exact,,,KR5c0299,3.0,20153.0,5522.0,HFL,,1.0,5564.0,22591.0
DZ0902,902.0,901,稚川真人校證術,1.0,,,,,exact,,,KR5c0300,1.0,8634.0,2322.0,HFL,,1.0,2352.0,8813.0
DZ0903,903.0,902,純陽呂真人藥石製,1.0,1.0,呂洞賓,15565.0,撰,fuzzy,0.875,純陽呂真人藥石制,KR5c0301,1.0,9297.0,2286.0,HFL,,1.0,2316.0,8675.0
DZ0904,904.0,903,金碧五相類參同契,3.0,1.0,陰長生,15896.0,注,exact,,,KR5c0302,4.0,40412.0,10780.0,HFL,,1.0,11075.0,42436.0
DZ0905,905.0,904,參同契五相類祕要,1.0,1.0,魏伯陽,13590.0,撰,exact,,,KR5c0303,1.0,9678.0,2738.0,HFL,,1.0,2775.0,10096.0
DZ0906,906.0,905,陰真君金石五相類,1.0,1.0,陰長生,15896.0,撰,exact,,,KR5c0304,1.0,45914.0,13493.0,HFL,,1.0,13551.0,49356.0
DZ0907,907.0,906,金石簿五九數訣,1.0,,,,,exact,,,KR5c0305,1.0,8186.0,2099.0,HFL,,1.0,2118.0,8225.0
DZ0908,908.0,907,上清九真中經內訣,1.0,1.0,赤松子,15652.0,撰,exact,,,KR5c0306,1.0,5382.0,1437.0,HFL,,1.0,1472.0,5546.0
DZ0909,909.0,908,龍虎還丹訣,2.0,1.0,金陵子,15892.0,撰,manual,,,KR5c0307,3.0,64131.0,17604.0,HFL,,1.0,17656.0,65150.0
DZ0910,910.0,909,金華玉液大丹,1.0,,,,,exact,,,KR5c0308,1.0,19385.0,5348.0,HFL,,1.0,5408.0,19976.0
DZ0911,911.0,910,感氣十六轉金丹,1.0,,,,,exact,,,KR5c0309,1.0,9607.0,2524.0,HFL,,1.0,5089.0,18780.0
DZ0912,912.0,911,修練大丹要旨,2.0,,,,,fuzzy,0.8333333333333334,修煉大丹要旨,KR5c0310,3.0,39025.0,10866.0,HFL,,1.0,10964.0,40270.0
DZ0913,913.0,912,通幽訣,1.0,,,,,exact,,,KR5c0311,1.0,29153.0,8484.0,HFL,,1.0,8526.0,31990.0
DZ0914,914.0,913,金華沖碧丹經祕旨,2.0,4.0,白玉蟾,15789.0,傳,fuzzy,0.875,金華沖碧丹經秘旨,KR5c0312+DZ0914,3.0,26706.0,7193.0,HFL,KR5c0312;KR5c0313,1.0,5817.0,21318.0
DZ0915,915.0,914,還丹肘後訣,3.0,,,,,exact,,,KR5c0314,3.0,50274.0,14111.0,HFL,,1.0,14171.0,52389.0
DZ0916,916.0,915,蓬萊山西灶還丹歌,2.0,1.0,黃玄鍾,15942.0,撰,exact,,,KR5c0315,3.0,45246.0,11732.0,HFL,,1.0,11767.0,46836.0
DZ0917,917.0,916,抱朴子神仙金汋經,3.0,1.0,葛洪,3661.0,撰,exact,,,KR5c0316,5.0,33845.0,9338.0,HFL,,1.0,9411.0,34575.0
DZ0918,918.0,917,諸家神品丹法,6.0,1.0,孟要甫,15582.0,編,exact,,,KR5c0318,7.0,101875.0,28858.0,HFL,,1.0,29004.0,106437.0
DZ0919,919.0,918,鉛汞甲庚至寶集成,5.0,,,,,exact,,,KR5c0319,6.0,89526.0,24999.0,HFL,,1.0,25061.0,92437.0
DZ0920,920.0,919,丹房奧論,1.0,1.0,程了一,15798.0,撰,exact,,,KR5c0320,1.0,18673.0,5385.0,HFL,,1.0,5438.0,19631.0
DZ0921,921.0,920,指歸集,1.0,1.0,吳悞,15559.0,撰,exact,,,KR5c0321,1.0,12677.0,3610.0,HFL,,1.0,3644.0,13498.0
DZ0922,922.0,921,還金述,1.0,1.0,陶埴,15914.0,撰,exact,,,KR5c0322,2.0,9352.0,2551.0,HFL,,1.0,2574.0,9426.0
DZ0923,923.0,922,大丹鉛汞論,1.0,1.0,金竹坡,15891.0,撰,exact,,,KR5c0323,1.0,9194.0,2566.0,HFL,,1.0,2603.0,9556.0
DZ0924,924.0,923,真元妙道要略,1.0,1.0,鄭隱,1558.0,撰,exact,,,KR5c0324,1.0,21051.0,6106.0,HFL,,1.0,6176.0,22728.0
DZ0925,925.0,924,丹方鑑源,3.0,1.0,獨孤滔,15754.0,撰,exact,,,KR5c0325,4.0,13793.0,3115.0,HFL,,1.0,3154.0,13905.0
DZ0926,926.0,925,大還丹照鑑,1.0,,,,,exact,,,KR5c0326,1.0,23731.0,6723.0,HFL,,1.0,6779.0,24486.0
DZ0927,927.0,926,太清玉碑子,1.0,,,,,exact,,,KR5c0327,1.0,12098.0,3418.0,HFL,,1.0,3465.0,12858.0
DZ0928,928.0,927,懸解錄,1.0,,,,,exact,,,KR5c0328,1.0,9730.0,2771.0,HFL,,1.0,2851.0,10350.0
DZ0929,929.0,928,軒轅黃帝水經藥法,1.0,,,,,fuzzy,0.875,軒轅兼帝水經藥法,KR5c0329,1.0,13350.0,3660.0,HFL,,1.0,3742.0,13928.0
DZ0930,930.0,929,三十六水法,1.0,1.0,劉安,1026.0,撰,exact,,,KR5c0330,1.0,9769.0,2506.0,HFL,,1.0,2549.0,10076.0
DZ0931,931.0,930,巨勝歌,1.0,1.0,柳沖用,15724.0,撰,exact,,,KR5c0331,1.0,5096.0,1373.0,HFL,,1.0,1412.0,5270.0
DZ0932,932.0,931,白雲仙人靈草歌,1.0,,,,,fuzzy,0.8571428571428571,白云仙人靈草歌,KR5c0332,1.0,9818.0,2358.0,HFL,,1.0,2394.0,10360.0
DZ0933,933.0,932,種芝草法,1.0,,,,,exact,,,KR5c0333,1.0,5010.0,1380.0,HFL,,1.0,1420.0,5189.0
DZ0934,934.0,933,太白經,1.0,,,,,exact,,,KR5c0334,1.0,11310.0,3207.0,HFL,,1.0,3259.0,12206.0
DZ0935,935.0,934,丹論訣旨心鑑,1.0,1.0,張玄德,15622.0,撰,fuzzy,0.8333333333333334,丹論訣旨心鑒,KR5c0335,1.0,15501.0,4471.0,HFL,,1.0,4531.0,16428.0
DZ0936,936.0,935,大還心鑑,1.0,,,,,exact,,,KR5c0336,1.0,4709.0,1277.0,HFL,,1.0,1297.0,4769.0
DZ0937,937.0,936,大還丹金虎白龍論,1.0,1.0,還陽子,15655.0,撰,exact,,,KR5c0337,1.0,5699.0,1528.0,HFL,,1.0,1567.0,5705.0
DZ0938,938.0,937,大丹篇,1.0,,,,,exact,,,KR5c0338,1.0,10518.0,3005.0,HFL,,1.0,3068.0,11323.0
DZ0939,939.0,938,大丹問答,1.0,,,,,exact,,,KR5c0339,1.0,4010.0,1079.0,HFL,,1.0,1112.0,4135.0
DZ0940,940.0,939,金木萬靈論,1.0,1.0,葛洪,3661.0,撰,exact,,,KR5c0340,1.0,4407.0,1212.0,HFL,,1.0,1277.0,4585.0
DZ0941,941.0,940,紅鉛入黑鉛訣,1.0,,,,,exact,,,KR5c0341,1.0,5953.0,1604.0,HFL,,1.0,1620.0,5948.0
DZ0942,942.0,941,通玄祕術,1.0,1.0,沈知言,15748.0,編,manual,,,KR5c0342,1.0,22828.0,6192.0,HFL,,1.0,6253.0,23003.0
DZ0943,943.0,942,靈飛散傳信錄,1.0,1.0,齊推,15948.0,撰,exact,,,KR5c0343,1.0,6610.0,1807.0,HFL,,1.0,1824.0,6762.0
DZ0944,944.0,943,鴈門公妙解錄,1.0,,,,,fuzzy,0.8333333333333334,雁門公妙解錄,KR5c0344,1.0,8369.0,2370.0,HFL,,1.0,2418.0,8727.0
DZ0945,945.0,944,玄霜掌上錄,1.0,,,,,exact,,,KR5c0345,1.0,2406.0,629.0,HFL,,1.0,663.0,2393.0
DZ0946,946.0,945,太極真人雜丹藥方,1.0,,,,,exact,,,KR5c0346,1.0,13354.0,3363.0,HFL,,1.0,3423.0,12931.0
DZ0947,947.0,946,玉清內書,1.0,,,,,exact,,,KR5c0347,1.0,22664.0,6556.0,HFL,,1.0,6622.0,24227.0
DZ0948,948.0,947,神仙養生祕術,1.0,1.0,陳顯微,15913.0,編,exact,,,KR5c0348,1.0,17371.0,4390.0,HFL,,1.0,4455.0,16987.0
DZ0949,949.0,948,太古土兌經,3.0,,,,,exact,,,KR5c0349,4.0,26564.0,6913.0,HFL,,1.0,6954.0,26070.0
DZ0950,950.0,949,上洞心丹經訣,3.0,,,,,exact,,,KR5c0350,3.0,47359.0,13127.0,HFL,,1.0,13176.0,48460.0
DZ0951,951.0,950,許真君石函記,2.0,1.0,許遜,3519.0,撰,exact,,,KR5c0351,3.0,47742.0,13802.0,HFL,,1.0,13846.0,49250.0
DZ0952,952.0,951,九轉流珠神仙九丹經,2.0,,,,,exact,,,KR5c0352,3.0,33332.0,9549.0,HFL,,1.0,9658.0,35161.0
DZ0953,953.0,952,庚道集,9.0,,,,,exact,,,KR5c0353,10.0,223033.0,60798.0,HFL,,1.0,60130.0,224964.0
DZ0954,954.0,953,太上混元真錄,1.0,,,,,exact,,,KR5c0354,1.0,30645.0,8962.0,HFL,,1.0,8076.0,29319.0
DZ0955,955.0,954,終南山祖庭仙真內傳,3.0,2.0,李道謙,15708.0,撰,exact,,,KR5c0355,4.0,88016.0,25580.0,HFL,,1.0,25773.0,90427.0
DZ0956,956.0,955,終南山說經臺歷代真仙碑記,1.0,1.0,朱象先,15689.0,撰,exact,,,KR5c0356,1.0,19191.0,5268.0,HFL,,1.0,5348.0,19848.0
DZ0957,957.0,956,古樓觀紫雲衍慶集,3.0,1.0,朱象先,15689.0,撰,exact,,,KR5c0357,4.0,70451.0,19834.0,HFL,,1.0,19976.0,72592.0
DZ0958,958.0,957,玄天上帝啟聖錄,8.0,,,,,exact,,,KR5c0358,9.0,198024.0,57302.0,HFL,,1.0,57125.0,203880.0
DZ0959,959.0,958* ,大明玄天上帝瑞應圖錄,8.0,,,,,exact,,,KR5c0359,1.0,15395.0,3805.0,HFL,,1.0,3846.0,13964.0
DZ0960,960.0,958* ,御製真武廟碑,1.0,1.0,明成祖,15356.0,撰,,,,KR5c0360,1.0,3167.0,789.0,HFL,,,,
DZ0961,961.0,959,玄天上帝啟聖靈異錄,1.0,,,,,exact,,,KR5c0361,1.0,19102.0,5511.0,HFL,,1.0,5544.0,20094.0
DZ0962,962.0,960,武當福地總真集,3.0,1.0,劉道明,15554.0,撰,exact,,,KR5c0362,4.0,62480.0,16854.0,HFL,,1.0,17283.0,63870.0
DZ0963,963.0,961,武當紀勝集,1.0,1.0,羅霆震,15809.0,撰,exact,,,KR5c0363,1.0,25811.0,6615.0,HFL,,1.0,6651.0,24324.0
DZ0964,964.0,962,西川青羊宮碑銘,1.0,1.0,樂朋龜,15735.0,撰,fuzzy,0.8571428571428571,四川青羊宮碑銘,KR5c0364,1.0,27295.0,7909.0,HFL,,1.0,7951.0,28532.0
DZ0965,965.0,963,宋東太乙宮碑銘,1.0,1.0,扈蒙,15673.0,撰,fuzzy,0.8571428571428571,宋東太一宮碑銘,KR5c0365,1.0,5133.0,1415.0,HFL,,1.0,1443.0,5159.0
DZ0966,966.0,964,宋西太乙宮碑銘,1.0,1.0,宋綬,15591.0,撰,exact,,,KR5c0366,1.0,5152.0,1424.0,HFL,,1.0,1462.0,5240.0
DZ0967,967.0,965,宋中太乙宮碑銘,1.0,1.0,呂惠卿,15567.0,撰,exact,,,KR5c0367,1.0,5207.0,1445.0,HFL,,1.0,1484.0,5251.0
DZ0968,968.0,966,龍角山記,1.0,,,,,exact,,,KR5c0368,1.0,27542.0,7931.0,HFL,,1.0,7969.0,28831.0
DZ0969,969.0,967,天壇王屋山聖跡記,1.0,1.0,杜光庭,15712.0,序,exact,,,KR5c0369,1.0,17052.0,4905.0,HFL,,1.0,5441.0,19773.0
DZ0970,970.0,968,唐王屋山中巖臺正一先生廟碣,1.0,1.0,衛𨸦,15846.0,撰,exact,,,KR5c0370,,,,,,1.0,1635.0,5897.0
DZ0971,971.0,969,唐嵩高山啟母廟碑銘,1.0,1.0,崔融,10986.0,撰,exact,,,KR5c0371,1.0,8361.0,2332.0,HFL,,1.0,2375.0,8572.0
DZ0972,972.0,970,宮觀碑誌,1.0,,,,,manual,,,KR5c0372,1.0,37785.0,11102.0,HFL,,1.0,11149.0,39682.0
DZ0973,973.0,971,甘水仙源錄,10.0,2.0,李道謙,15708.0,撰,exact,,,KR5c0373,11.0,310457.0,90433.0,HFL,,1.0,92053.0,326893.0
DZ0974,974.0,972,太上老君說常清靜經頌註,1.0,1.0,劉通微,15553.0,撰,exact,,,KR5c0374,1.0,7419.0,1957.0,HFL,,1.0,2000.0,7364.0
DZ0975,975.0,973,北斗七元金玄羽章,1.0,,,,,manual,,,KR5c0375,1.0,2747.0,660.0,HFL,,1.0,2164.0,7853.0
DZ0976,976.0,974,太上洞神五星讚,1.0,1.0,張衡,346.0,撰,exact,,,KR5c0376,1.0,7840.0,2235.0,HFL,,1.0,2275.0,8411.0
DZ0977,977.0,975,道德篇章玄頌,1.0,1.0,宋鸞,15592.0,撰,fuzzy,0.9230769230769232,道德經篇章玄頌,KR5c0377,3.0,60188.0,15938.0,HFL,,1.0,15972.0,61208.0
DZ0978,978.0,976,道德真經頌,1.0,1.0,蔣融庵,15834.0,撰,exact,,,KR5c0378,1.0,10442.0,2621.0,HFL,,1.0,2635.0,9622.0
DZ0979,979.0,977,明真破妄章頌,1.0,1.0,張繼先,15625.0,撰,exact,,,KR5c0379,1.0,5691.0,1389.0,HFL,,1.0,1431.0,5023.0
DZ0980,980.0,978,諸真歌頌,1.0,,,,,exact,,,KR5c0380,1.0,19865.0,5329.0,HFL,,1.0,5439.0,21751.0
DZ0981,981.0,979,大明御製玄教樂章,1.0,,,,,fuzzy,0.875,大明御制玄教樂章,KR5c0381,1.0,8659.0,2290.0,HFL,,1.0,2328.0,8862.0
DZ0982,982.0,980,太上三洞表文,3.0,,,,,exact,,,KR5c0382,1.0,67269.0,18149.0,HFL,,1.0,19132.0,69730.0
DZ0983,983.0,981,萃善錄,2.0,,,,,exact,,,KR5c0383,3.0,48699.0,13473.0,HFL,,1.0,13627.0,50274.0
DZ0984,984.0,982,玄精碧匣靈寶聚玄經,3.0,,,,,exact,,,KR5d0001,4.0,69480.0,19382.0,HFL,,1.0,20289.0,80787.0
DZ0985,985.0,983,太上洞玄靈寶三一五氣真經,1.0,,,,,exact,,,KR5d0002,1.0,7508.0,2128.0,HFL,,1.0,2167.0,7792.0
DZ0986,986.0,984,太上清靜元洞真文玉字妙經,1.0,,,,,exact,,,KR5d0003,1.0,5735.0,1537.0,HFL,,1.0,1603.0,5413.0
DZ0987,987.0,985,太上洞玄靈寶天關經,1.0,,,,,exact,,,KR5d0004,1.0,6315.0,1767.0,HFL,,1.0,1829.0,6570.0
DZ0988,988.0,986,上清無英真童合遊內變玉經,1.0,,,,,exact,,,KR5d0005,1.0,3055.0,789.0,HFL,,1.0,812.0,2962.0
DZ0989,989.0,987,上清神寶洞房真諱上經,1.0,,,,,exact,,,KR5d0006,1.0,6926.0,1917.0,HFL,,1.0,2012.0,7423.0
DZ0990,990.0,988,洞玄靈寶九真人五復三歸行道觀門經,1.0,,,,,exact,,,KR5d0007,1.0,7851.0,2098.0,HFL,,1.0,2162.0,7954.0
DZ0991,991.0,989,太上長文大洞靈寶幽玄上品妙經,1.0,,,,,exact,,,KR5d0008,1.0,12042.0,3407.0,HFL,,1.0,3456.0,12579.0
DZ0992,992.0,990,太上長文大洞靈寶幽玄上品妙經發揮,1.0,,,,,exact,,,KR5d0009,1.0,18852.0,5162.0,HFL,,1.0,3470.0,12663.0
DZ0993,993.0,991,上清祕道九精回曜合神上真玉經,1.0,,,,,fuzzy,0.9285714285714286,上清秘道九精回曜合神上真玉經,KR5d0010,1.0,4523.0,1235.0,HFL,,1.0,1276.0,4643.0
DZ0994,994.0,992,上清太淵神龍瓊胎乘景上玄玉章,1.0,,,,,fuzzy,0.9285714285714286,上清大淵神龍瓊胎乘景上玄玉章,KR5d0011,1.0,3993.0,1038.0,HFL,,1.0,1086.0,3923.0
DZ0995,995.0,993,淵源道妙洞真繼篇,3.0,1.0,李景元,15699.0,撰,exact,,,KR5d0012,1.0,63334.0,17579.0,HFL,,1.0,17615.0,64075.0
DZ0996,996.0,994,古文龍虎經註疏,3.0,1.0,王道,15782.0,撰,exact,,,KR5d0013,4.0,76498.0,20751.0,HFL,,1.0,20638.0,75054.0
DZ0997,997.0,995* ,古文龍虎上經註,1.0,,,,,exact,,,KR5d0014,1.0,15753.0,4253.0,HFL,,1.0,4302.0,15859.0
DZ0998,998.0,995* ,讀龍虎經,1.0,,,,,,,,KR5d0015,1.0,2816.0,725.0,HFL,,,,
DZ0999,999.0,996,周易參同契,3.0,1.0,陰長生,15896.0,撰,manual,,,KR5d0016,4.0,88700.0,23839.0,HFL,,1.0,27167.0,115395.0
DZ1000,1000.0,997,周易參同契註,3.0,,,,,manual,,,KR5d0017,4.0,68818.0,18784.0,HFL,,1.0,20749.0,82812.0
DZ1001,1001.0,998,周易參同契,3.0,2.0,朱熹,15686.0,撰,manual,,,KR5d0018,3.0,44518.0,12355.0,HFL,,1.0,12879.0,50263.0
DZ1002,1002.0,999,周易參同契分章通真義,3.0,1.0,彭曉,15634.0,撰,exact,,,KR5d0019,4.0,81866.0,22513.0,HFL,,1.0,26198.0,103640.0
DZ1003,1003.0,1000,周易參同契鼎器歌明鏡圖,1.0,1.0,彭曉,15634.0,撰,exact,,,KR5d0020,1.0,10457.0,2733.0,HFL,,1.0,3041.0,12193.0
DZ1004,1004.0,1001,周易參同契註,2.0,,,,,manual,,,KR5d0021,3.0,91016.0,24810.0,HFL,,1.0,26960.0,108838.0
DZ1005,1005.0,1002,周易參同契發揮,9.0,4.0,俞琰,15526.0,撰,exact,,,KR5d0022,10.0,218460.0,59915.0,HFL,,1.0,59247.0,220136.0
DZ1006,1006.0,1003,周易參同契釋疑,1.0,1.0,俞琰,15526.0,撰,exact,,,KR5d0024,1.0,26138.0,7246.0,HFL,,1.0,7477.0,29437.0
DZ1007,1007.0,1004,周易參同契解,3.0,1.0,陳顯微,15913.0,撰,exact,,,KR5d0025,,,,,,1.0,24109.0,93706.0
DZ1008,1008.0,1005,周易參同契,3.0,1.0,儲華谷,15532.0,撰,exact,,,KR5d0027,4.0,44790.0,12118.0,HFL,,1.0,13274.0,53106.0
DZ1009,1009.0,1006* ,易外別傳,1.0,1.0,俞琰,15526.0,撰,exact,,,KR5d0028,1.0,21688.0,5802.0,HFL,,1.0,6591.0,25904.0
DZ1010,1010.0,1006* ,玄牝之門賦,1.0,1.0,俞琰,15526.0,撰,exact,,,KR5d0030,1.0,4112.0,1090.0,HFL,,1.0,1134.0,4114.0
DZ1011,1011.0,1007,易筮通變,3.0,1.0,雷思齊,15919.0,撰,exact,,,KR5d0031,4.0,43521.0,12489.0,HFL,,1.0,12783.0,48107.0
DZ1012,1012.0,1008* ,空山先生易圖通變序,1.0,1.0,雷思齊,15919.0,撰,manual,,,KR5d0032,1.0,3911.0,1047.0,HFL,,1.0,17570.0,64036.0
DZ1013,1013.0,1008* ,河圖,1.0,,,,,manual,,,KR5d0033,1.0,743.0,78.0,HFL,,1.0,17570.0,64036.0
DZ1014,1014.0,1008* ,易圖通變,5.0,1.0,雷思齊,15919.0,撰,manual,,,KR5d0034,6.0,55936.0,15938.0,HFL,,1.0,17570.0,64036.0
DZ1015,1015.0,1009,金鎖流珠引,29.0,1.0,李淳風,3701.0,撰,exact,,,KR5d0035,28.0,439494.0,123050.0,HFL,,1.0,124496.0,454613.0
DZ1016,1016.0,1010,真誥,20.0,2.0,陶弘景,8506.0,纂,exact,,,KR5d0036,21.0,428150.0,123373.0,HFL,,1.0,123600.0,448660.0
DZ1017,1017.0,1011,道樞,42.0,1.0,曾慥,15681.0,纂,exact,,,KR5d0039,43.0,802440.0,232889.0,HFL,,1.0,235241.0,860160.0
DZ1018,1018.0,1012,黃帝內經素問補註釋文,50.0,3.0,王冰,15760.0,注,fuzzy,0.9,黃帝內經素問補注釋文,KR5d0040,51.0,1058022.0,284522.0,HFL,,1.0,292983.0,1124638.0
DZ1019,1019.0,1013,黃帝內經靈樞略,1.0,,,,,exact,,,KR5d0041,1.0,9257.0,2648.0,HFL,,1.0,2686.0,9782.0
DZ1020,1020.0,1014,黃帝素問靈樞集註,23.0,1.0,史崧,15556.0,編,fuzzy,0.875,黃帝素問靈樞集注,KR5d0042,24.0,238598.0,67472.0,HFL,,1.0,70957.0,267418.0
DZ1021,1021.0,1015,黃帝內經素問遺篇,5.0,,,,,exact,,,KR5d0043,6.0,70631.0,18907.0,HFL,,1.0,19402.0,75974.0
DZ1022,1022.0,1016,素問入式運氣論奧,3.0,1.0,劉溫舒,15547.0,撰,exact,,,KR5d0044,4.0,67462.0,18983.0,HFL,,1.0,19223.0,69105.0
DZ1023,1023.0,1017,素問六氣玄珠密語,17.0,1.0,王冰,15760.0,撰,exact,,,KR5d0045,18.0,284343.0,79422.0,HFL,,1.0,81221.0,305129.0
DZ1024,1024.0,1018,黃帝八十一難經纂圖句解,7.0,1.0,李駉,15710.0,撰,exact,,,KR5d0047,7.0,165435.0,42604.0,HFL,,1.0,42906.0,185678.0
DZ1025,1025.0,1019,鬼谷子,3.0,1.0,鬼谷子,6852.0,撰,exact,,,KR5d0048,4.0,81808.0,22227.0,HFL,,1.0,23988.0,89240.0
DZ1026,1026.0,1020,天隱子,1.0,1.0,司馬承禎,10781.0,撰,exact,,,KR5d0049,,,,,,1.0,1421.0,5253.0
DZ1027,1027.0,1021,素履子,3.0,1.0,張弧,15617.0,撰,exact,,,KR5d0050,4.0,17921.0,4883.0,HFL,,1.0,5171.0,19055.0
DZ1028,1028.0,1022,無能子,3.0,,,,,exact,,,KR5d0051,4.0,34845.0,9731.0,HFL,,1.0,9937.0,36438.0
DZ1029,1029.0,1023,玄真子外篇,3.0,1.0,張志和,11048.0,撰,exact,,,KR5d0052,4.0,26137.0,7295.0,HFL,,1.0,7362.0,26223.0
DZ1030,1030.0,1024,劉子,10.0,1.0,袁孝政,15847.0,注,exact,,,KR5d0053,11.0,168560.0,46944.0,HFL,,1.0,48619.0,175845.0
DZ1031,1031.0,1025,山海經,18.0,2.0,郭璞,51.0,注,exact,,,KR5d0054,19.0,208211.0,56538.0,HFL,,1.0,61238.0,235484.0
DZ1032,1032.0,1026,雲笈七籤,122.0,1.0,張君房,15605.0,纂,exact,,,KR5d0055,124.0,2652552.0,755063.0,HFL,,1.0,800165.0,2944949.0
DZ1032.105,,,清靈真人裴君傳,,1.0,鄭雲子,15888.0,撰,,,,,,,,,,,,
DZ1032.27,,,天地宮府圖,,1.0,司馬承禎,10781.0,撰,,,,,,,,,,,,
DZ1032.28,,,二十四治,,,,,,,,,,,,,,,,,
DZ1032.56,,,元氣論,,,,,,,,,,,,,,,,,
DZ1033,1033.0,1027,至言總,5.0,1.0,范翛然,15819.0,撰,fuzzy,0.8571428571428571,至言總卷,KR5d0056,6.0,65843.0,18728.0,HFL,,1.0,18325.0,68397.0
DZ1034,1034.0,1028,太玄寶典,3.0,,,,,exact,,,KR5d0057,4.0,29302.0,8036.0,HFL,,1.0,8412.0,31112.0
DZ1035,1035.0,1029,道體論,1.0,1.0,通玄先生,15654.0,傳,exact,,,KR5d0058,1.0,32740.0,9511.0,HFL,,1.0,9309.0,35232.0
DZ1036,1036.0,1030,坐忘論,1.0,1.0,司馬承禎,10781.0,撰,exact,,,KR5d0059,2.0,20932.0,5988.0,HFL,,1.0,6065.0,22495.0
DZ1037,1037.0,1031,大道論,1.0,1.0,周固樸,15569.0,撰,exact,,,KR5d0060,1.0,27748.0,8052.0,HFL,,1.0,8086.0,29652.0
DZ1038,1038.0,1032,心目論,1.0,,,,,exact,,,KR5d0061,1.0,4420.0,1223.0,HFL,,1.0,1242.0,4486.0
DZ1039,1039.0,1033,三論元旨,1.0,,,,,exact,,,KR5d0062,1.0,23059.0,6757.0,HFL,,1.0,6799.0,24737.0
DZ1040,1040.0,1034,皇極經世,12.0,1.0,邵雍,15877.0,撰,exact,,,KR5d0063,24.0,1190967.0,247000.0,HFL,,1.0,257506.0,1680925.0
DZ1041,1041.0,1035,靈棋本章正經,2.0,5.0,顏幼明,1155.0,注,fuzzy,0.8333333333333334,靈本章正經,KR5d0064,3.0,93385.0,24734.0,HFL,,1.0,26773.0,104975.0
DZ1042,1042.0,1036,伊川擊壤集,20.0,1.0,邵雍,15877.0,撰,exact,,,KR5d0065,21.0,272652.0,73015.0,HFL,,1.0,73977.0,268941.0
DZ1043,1043.0,1037,太上修真玄章,1.0,,,,,exact,,,KR5d0066,1.0,7042.0,1948.0,HFL,,1.0,1987.0,7261.0
DZ1044,1044.0,1038,化書,6.0,1.0,覃峭,15851.0,撰,exact,,,KR5d0067,7.0,44438.0,11874.0,HFL,,1.0,12139.0,45098.0
DZ1045,1045.0,1039,海客論,1.0,,,,,exact,,,KR5d0068,1.0,25995.0,7650.0,HFL,,1.0,8007.0,29869.0
DZ1046,1046.0,1040,悟玄篇,1.0,1.0,余洞真,15524.0,撰,exact,,,KR5d0069,1.0,11259.0,3051.0,HFL,,1.0,3037.0,11079.0
DZ1047,1047.0,1041,太虛心淵篇,1.0,,,,,exact,,,KR5d0070,1.0,5505.0,1285.0,HFL,,1.0,1256.0,4845.0
DZ1048,1048.0,1042,玄珠錄,2.0,2.0,王暉,15773.0,撰,exact,,,KR5d0071,3.0,43370.0,12447.0,HFL,,1.0,12487.0,45982.0
DZ1049,1049.0,1043,雲宮法語,2.0,1.0,汪可孫,15745.0,撰,exact,,,KR5d0072,3.0,23994.0,6638.0,HFL,,1.0,6714.0,25114.0
DZ1050,1050.0,1044,華陽陶隱居集,2.0,3.0,陶弘景,8506.0,撰,exact,,,KR5d0073,1.0,250.0,0.0,HFL,,1.0,10863.0,40036.0
DZ1051,1051.0,1045,宗玄先生文集,3.0,1.0,吳筠,10794.0,撰,exact,,,KR5d0074,4.0,63853.0,18128.0,HFL,,1.0,18244.0,67193.0
DZ1052,1052.0,1046* ,宗玄先生玄綱論,1.0,1.0,吳筠,10794.0,撰,manual,,,KR5d0075,3.0,64890.0,18478.0,HFL,,1.0,8103.0,29416.0
DZ1053,1053.0,1046* ,吳尊師傳,1.0,1.0,權德輿,11432.0,撰,manual,,,KR5d0076,1.0,1701.0,380.0,HFL,,1.0,8103.0,29416.0
DZ1054,1054.0,1047,南統大君內丹九章經,1.0,1.0,吳筠,10794.0,撰,exact,,,KR5d0077,1.0,5449.0,1452.0,HFL,,1.0,1511.0,5620.0
DZ1055,1055.0,1048,純陽真人渾成集,2.0,1.0,何志淵,15520.0,纂,exact,,,KR5d0078,3.0,32360.0,8964.0,HFL,,1.0,9006.0,32015.0
DZ1056,1056.0,1049,晉真人語錄,1.0,,,,,exact,,,KR5d0079,1.0,13557.0,3745.0,HFL,,1.0,3800.0,14283.0
DZ1057,1057.0,1050,丹陽真人語錄,1.0,1.0,王頤中,15786.0,撰,exact,,,KR5d0080,1.0,16463.0,4752.0,HFL,,1.0,4794.0,17797.0
DZ1058,1058.0,1051,無為清靜長生真人至真語錄,1.0,1.0,劉處玄,15502.0,撰,exact,,,KR5d0081,1.0,35634.0,10335.0,HFL,,1.0,10721.0,39624.0
DZ1059,1059.0,1052,盤山棲雲王真人語錄,1.0,1.0,論志煥,15854.0,纂,fuzzy,0.8888888888888888,盤山棲云王真人語錄,KR5d0082,1.0,47430.0,13971.0,HFL,,1.0,14036.0,51211.0
DZ1060,1060.0,1053,清庵瑩蟾子語錄,6.0,2.0,柴元皋,15725.0,撰,exact,,,KR5d0083,7.0,90585.0,24286.0,HFL,,1.0,24241.0,91258.0
DZ1061,1061.0,1054,上清太玄集,10.0,1.0,侯善淵,15525.0,撰,exact,,,KR5d0084,11.0,200835.0,54938.0,HFL,,1.0,55409.0,208167.0
DZ1062,1062.0,1055* ,進洞天海嶽表,1.0,,,,,manual,,,KR5d0085,1.0,4490.0,1012.0,,,1.0,16106.0,59725.0
DZ1063,1063.0,1055* ,洞淵集,9.0,1.0,李思聰,15696.0,撰,manual,,,KR5d0086,10.0,55405.0,15044.0,HFL,,1.0,16106.0,59725.0
DZ1064,1064.0,1056,洞淵集,5.0,1.0,長筌子,15657.0,撰,manual,,,KR5d0087,6.0,105830.0,29824.0,HFL,,1.0,29994.0,110913.0
DZ1065,1065.0,1057,玄教大公案,2.0,1.0,苗善時,15815.0,撰,exact,,,KR5d0088,3.0,70676.0,19908.0,HFL,,1.0,20031.0,74045.0
DZ1066,1066.0,1058,玄宗直指萬法同歸,7.0,1.0,牧常晁,15753.0,撰,exact,,,KR5d0089,8.0,151967.0,41976.0,HFL,,1.0,42178.0,157313.0
DZ1067,1067.0,1059,上陽子金丹大要,16.0,1.0,陳致虛,15493.0,撰,exact,,,KR5d0090,17.0,225197.0,64433.0,HFL,,1.0,64935.0,233876.0
DZ1068,1068.0,1060,上陽子金丹大要圖,1.0,1.0,陳致虛,15493.0,撰,exact,,,KR5d0091,1.0,10193.0,1973.0,HFL,,1.0,2010.0,7624.0
DZ1069,1069.0,1061,上陽子金丹大要列仙誌,1.0,1.0,陳致虛,15493.0,撰,exact,,,KR5d0092,1.0,8736.0,2313.0,HFL,,1.0,2359.0,8781.0
DZ1070,1070.0,1062,上陽子金丹大要仙派,1.0,1.0,陳致虛,15493.0,撰,exact,,,KR5d0093,1.0,9293.0,2433.0,HFL,,1.0,2470.0,8861.0
DZ1071,1071.0,1063,原陽子法語,2.0,1.0,趙宜真,15866.0,撰,exact,,,KR5d0094,3.0,29228.0,8193.0,HFL,,1.0,8237.0,29333.0
DZ1072,1072.0,1064,金丹直指,1.0,1.0,周無所住,15574.0,撰,exact,,,KR5d0095,1.0,12762.0,3616.0,HFL,,1.0,3647.0,13345.0
DZ1073,1073.0,1065,道禪集,1.0,1.0,王志坦,15766.0,撰,exact,,,KR5d0096,1.0,8934.0,2526.0,HFL,,1.0,2556.0,8971.0
DZ1074,1074.0,1066,還真集,3.0,2.0,王玠,15776.0,撰,exact,,,KR5d0097,4.0,71989.0,19265.0,HFL,,1.0,19329.0,70825.0
DZ1075,1075.0,1067,道玄篇,1.0,1.0,王玠,15776.0,撰,exact,,,KR5d0098,1.0,14755.0,4070.0,HFL,,1.0,4086.0,15363.0
DZ1076,1076.0,1068,隨機應化錄,2.0,3.0,何道全,15523.0,撰,exact,,,KR5d0099,3.0,43610.0,11307.0,HFL,,1.0,11357.0,41841.0
DZ1077,1077.0,1069,修練須知,1.0,,,,,manual,,,KR5d0100,1.0,21516.0,6272.0,HFL,,1.0,6367.0,23094.0
DZ1078,1078.0,1070,玉室經,1.0,1.0,李成之,15697.0,撰,exact,,,KR5d0101,1.0,4602.0,1204.0,HFL,,1.0,1222.0,4614.0
DZ1079,1079.0,1071,真人高象先金丹歌,1.0,1.0,高先,16940.0,撰,exact,,,KR5d0102,1.0,7568.0,2147.0,HFL,,1.0,2193.0,7747.0
DZ1080,1080.0,1072,金丹真一論,1.0,1.0,百玄子,15647.0,撰,exact,,,KR5d0103,1.0,23229.0,6546.0,HFL,,1.0,6592.0,24444.0
DZ1081,1081.0,1073,金丹四百字,1.0,2.0,張伯瑞,15603.0,撰,exact,,,KR5d0104,1.0,11970.0,3332.0,HFL,,1.0,3164.0,11580.0
DZ1082,1082.0,1074,龍虎還丹訣頌,1.0,2.0,林太古,15715.0,撰,exact,,,KR5d0105,1.0,17031.0,4560.0,HFL,,1.0,4573.0,17471.0
DZ1083,1083.0,1075,龍虎元旨,1.0,1.0,青霞子,15663.0,撰,exact,,,KR5d0106,1.0,9733.0,2793.0,HFL,,1.0,2815.0,10409.0
DZ1084,1084.0,1076,龍虎還丹訣,1.0,1.0,李真人,15701.0,注,manual,,,KR5d0107,1.0,15733.0,4275.0,HFL,,1.0,4319.0,16074.0
DZ1085,1085.0,1077,內丹祕訣,1.0,,,,,manual,,,KR5d0108,1.0,11517.0,3280.0,HFL,,1.0,3302.0,11719.0
DZ1086,1086.0,1078,漁莊邂逅錄,1.0,1.0,吳悞,15559.0,撰,exact,,,KR5d0109,1.0,11685.0,3314.0,HFL,,1.0,3361.0,12253.0
DZ1087,1087.0,1079,金丹正宗,1.0,1.0,胡混成,15812.0,撰,exact,,,KR5d0110,1.0,10999.0,3099.0,HFL,,1.0,3121.0,11152.0
DZ1088,1088.0,1080,還丹復命篇,1.0,1.0,薛道光,15841.0,撰,exact,,,KR5d0111,1.0,11861.0,3331.0,HFL,,1.0,3364.0,12357.0
DZ1089,1089.0,1081,爰清子至命篇,2.0,1.0,王慶升,15770.0,撰,exact,,,KR5d0112,3.0,19401.0,4913.0,HFL,,1.0,4922.0,18321.0
DZ1090,1090.0,1082,翠虛篇,1.0,2.0,陳楠,15906.0,撰,exact,,,KR5d0113,1.0,28529.0,8297.0,HFL,,1.0,8346.0,29636.0
DZ1091,1091.0,1083,還源篇,1.0,1.0,石泰,15794.0,撰,exact,,,KR5d0114,1.0,6959.0,1828.0,HFL,,1.0,1837.0,6746.0
DZ1092,1092.0,1084,還丹至藥篇,1.0,1.0,王賢芝,15781.0,撰,exact,,,KR5d0115,1.0,3882.0,1005.0,HFL,,1.0,1383.0,4975.0
DZ1093,1093.0,1085,亶甲集,1.0,1.0,趙民,15870.0,撰,exact,,,KR5d0116,1.0,6185.0,1694.0,HFL,,1.0,1734.0,6184.0
DZ1094,1094.0,1086,金液大丹詩,1.0,,,,,exact,,,KR5d0117,1.0,12879.0,3651.0,HFL,,1.0,4605.0,17185.0
DZ1095,1095.0,1087,證道歌,1.0,1.0,左掌子,15598.0,撰,exact,,,KR5d0118,1.0,4816.0,1269.0,HFL,,1.0,1299.0,4854.0
DZ1096,1096.0,1088,陳先生內丹訣,1.0,1.0,陳朴,15904.0,撰,exact,,,KR5d0119,1.0,24607.0,6687.0,HFL,,1.0,7461.0,27428.0
DZ1097,1097.0,1089,洞元子內丹訣,2.0,,,,,exact,,,KR5d0120,3.0,43232.0,12296.0,HFL,,1.0,11368.0,41846.0
DZ1098,1098.0,1090,內丹還元訣,1.0,,,,,exact,,,KR5d0121,1.0,3266.0,816.0,HFL,,1.0,802.0,3110.0
DZ1099,1099.0,1091,長生指要篇,1.0,1.0,林自然,15720.0,撰,exact,,,KR5d0122,1.0,19352.0,5531.0,HFL,,1.0,5566.0,20122.0
DZ1100,1100.0,1092,鳴鶴餘音,9.0,2.0,彭致中,15667.0,編,manual,,,KR5d0123,10.0,162295.0,43991.0,HFL,,1.0,45435.0,176034.0
DZ1101.1,,,太平經,,,,,,exact,,,KR5e0002,58.0,650880.0,185476.0,HFL,,1.0,187029.0,667586.0
DZ1101.2,,,太平經鈔,,,,,,exact,,,KR5e0001,11.0,235095.0,68780.0,HFL,,1.0,68982.0,249032.0
DZ1102,1102.0,1094,太平經聖君祕旨,1.0,,,,,fuzzy,0.8571428571428571,太平經聖君秘旨,KR5e0004,1.0,6431.0,1767.0,HFL,,1.0,1470.0,5512.0
DZ1103,1103.0,1095,太上靈寶淨明洞神上品經,2.0,,,,,exact,,,KR5e0005,3.0,30812.0,8588.0,HFL,,1.0,8641.0,31994.0
DZ1104,1104.0,1096,太上靈寶淨明玉真樞真經,1.0,,,,,exact,,,KR5e0006,1.0,2650.0,627.0,HFL,,1.0,624.0,2250.0
DZ1105,1105.0,1097,太上靈寶淨明道元正印經,1.0,,,,,fuzzy,0.9090909090909092,太上靈寶凈明道元正印經,KR5e0007,1.0,1560.0,344.0,HFL,,1.0,389.0,1493.0
DZ1106,1106.0,1098,太上靈寶淨明天尊說禦瘟經,1.0,,,,,fuzzy,0.8333333333333334,太上靈寶淨明天專說禦殟經,KR5e0008,1.0,3855.0,1003.0,HFL,,1.0,1051.0,3806.0
DZ1107,1107.0,1099,太上靈寶首入淨明四規明鑑經,1.0,,,,,exact,,,KR5e0009,1.0,6017.0,1647.0,HFL,,1.0,1704.0,6156.0
DZ1108,1108.0,1100,太上靈寶淨明九仙水經,1.0,,,,,fuzzy,0.9,太上靈寶凈明九仙水經,KR5e0010,1.0,4658.0,1245.0,HFL,,1.0,1266.0,4582.0
DZ1109,1109.0,1101,太上靈寶淨明中黃八柱經,1.0,,,,,exact,,,KR5e0011,2.0,6285.0,1593.0,HFL,,1.0,1642.0,6094.0
DZ1110,1110.0,1102,淨明忠孝全書,6.0,2.0,黃元吉,15935.0,撰,exact,,,KR5e0012,7.0,108971.0,31173.0,HFL,,1.0,31228.0,112163.0
DZ1111,1111.0,1103,太玄真一本際妙經,1.0,,,,,exact,,,KR5e0013,1.0,18475.0,5320.0,HFL,,1.0,5392.0,19749.0
DZ1112,1112.0,1104,太上洞玄靈寶八仙王教誡經,1.0,,,,,fuzzy,0.9090909090909092,洞玄靈寶八仙王教誡經,KR5e0014,1.0,7124.0,1998.0,HFL,,1.0,2023.0,7539.0
DZ1113,1113.0,1105,太上洞玄靈寶國王行道經,1.0,,,,,exact,,,KR5e0015,1.0,12346.0,3546.0,HFL,,1.0,3598.0,13504.0
DZ1114,1114.0,1106,太上洞玄靈寶本行宿緣經,1.0,,,,,exact,,,KR5e0016,1.0,17621.0,5127.0,HFL,,1.0,5165.0,18484.0
DZ1115,1115.0,1107,太上洞玄靈寶本行因緣經,1.0,1.0,葛玄,1557.0,輯佚,manual,,,KR5e0017,1.0,8749.0,2492.0,HFL,,1.0,5165.0,18484.0
DZ1116,1116.0,1108,洞玄靈寶太上真人問疾經,1.0,,,,,exact,,,KR5e0018,1.0,33513.0,9795.0,HFL,,1.0,9858.0,35197.0
DZ1117,1117.0,1109,太極左仙公說神符經,1.0,,,,,exact,,,KR5e0019,1.0,8015.0,2298.0,HFL,,1.0,2272.0,8294.0
DZ1118,1118.0,1110,太上洞玄靈寶飛行三界通微內思妙經,1.0,,,,,exact,,,KR5e0020,1.0,15425.0,4396.0,HFL,,1.0,4471.0,16383.0
DZ1119,1119.0,1111,洞玄靈寶玄一真人說生死輪轉因緣經,1.0,,,,,exact,,,KR5e0021,1.0,8925.0,2525.0,HFL,,1.0,2589.0,9431.0
DZ1120,1120.0,1112,太上洞玄靈寶中和經,1.0,,,,,exact,,,KR5e0022,1.0,11208.0,3236.0,HFL,,1.0,3301.0,12069.0
DZ1121,1121.0,1113,太上洞玄靈寶三十二天尊應號經,26.0,,,,,fuzzy,0.9655172413793104,太上洞玄靈寶三十二天天尊應號經,KR5e0023,1.0,21290.0,5231.0,HFL,,1.0,5387.0,18576.0
DZ1122,1122.0,1114,太上靈寶昇玄內教經中和品述議疏,1.0,,,,,fuzzy,0.9333333333333332,太上靈寶升玄內教經中和品述議疏,KR5e0024,1.0,47157.0,13303.0,HFL,,1.0,13811.0,50084.0
DZ1123,1123.0,1115,一切道經音義妙門由起,1.0,1.0,史崇,474.0,撰,exact,,,KR5e0025,1.0,43257.0,12666.0,HFL,,1.0,12738.0,46452.0
DZ1124,1124.0,1116,洞玄靈寶玄門大義,1.0,,,,,exact,,,KR5e0026,1.0,21703.0,6288.0,HFL,,1.0,6390.0,23574.0
DZ1125,1125.0,1117,洞玄靈寶三洞奉道科戒營始,6.0,1.0,金明七真,15656.0,撰,exact,,,KR5e0027,7.0,73954.0,20650.0,HFL,,1.0,22276.0,83486.0
DZ1126,1126.0,1118,洞玄靈寶道學科儀,2.0,1.0,太極太虛真人,15578.0,撰,exact,,,KR5e0028,1.0,42392.0,12269.0,HFL,,1.0,12483.0,46368.0
DZ1127,1127.0,1119,陸先生道門科略,1.0,1.0,陸修靜,4492.0,撰,exact,,,KR5e0029,1.0,10357.0,2979.0,HFL,,1.0,3036.0,11069.0
DZ1128,1128.0,1120,道門經法相承次序,3.0,1.0,潘師正,11507.0,撰,exact,,,KR5e0030,4.0,61476.0,17109.0,HFL,,1.0,17196.0,63077.0
DZ1129,1129.0,1121,道教義樞,10.0,1.0,孟安排,15580.0,撰,exact,,,KR5e0031,10.0,113330.0,32360.0,HFL,,1.0,32468.0,119681.0
DZ1130,1130.0,1122,道典論,4.0,,,,,exact,,,KR5e0032,5.0,61521.0,17451.0,HFL,,1.0,18163.0,68166.0
DZ1131,1131.0,1123,太上妙法本相經,3.0,,,,,exact,,,KR5e0033,4.0,56328.0,16266.0,HFL,,1.0,16788.0,62401.0
DZ1132,1132.0,1124,上清道類事相,4.0,1.0,王懸河,15771.0,撰,exact,,,KR5e0034,5.0,56023.0,16128.0,HFL,,1.0,16113.0,64247.0
DZ1133,1133.0,1125,上方靈寶無極至道開化真經,3.0,,,,,exact,,,KR5e0035,4.0,60735.0,16239.0,HFL,,1.0,16295.0,60804.0
DZ1134,1134.0,1126,上方鈞天演範真經,1.0,,,,,exact,,,KR5e0036,1.0,1460.0,303.0,HFL,,1.0,321.0,1199.0
DZ1135,1135.0,1127,太平兩同書,2.0,1.0,羅隱,15808.0,撰,exact,,,KR5e0037,3.0,24298.0,6901.0,HFL,,1.0,6991.0,24536.0
DZ1136,1136.0,1128,洞玄靈寶左玄論,4.0,,,,,exact,,,KR5e0038,5.0,52558.0,15135.0,HFL,,1.0,15215.0,53360.0
DZ1137,1137.0,1129,上清太玄鑑誡論,1.0,1.0,侯善淵,15525.0,撰,exact,,,KR5e0039,1.0,11426.0,3244.0,HFL,,1.0,3280.0,11936.0
DZ1138,1138.0,1130,無上祕要,100.0,,,,,exact,,,KR5e0040,68.0,836094.0,231652.0,HFL,,1.0,234794.0,875137.0
DZ1139,1139.0,1131,三洞珠囊,10.0,1.0,王懸河,15771.0,纂,exact,,,KR5e0041,11.0,210891.0,60701.0,HFL,,1.0,60753.0,226740.0
DZ1140,1140.0,1132,雲山集,8.0,3.0,姬志真,15579.0,撰,manual,,,KR5e0042,9.0,163009.0,44216.0,HFL,,1.0,44122.0,161573.0
DZ1141,1141.0,1133,仙樂集,5.0,1.0,劉處玄,15502.0,撰,exact,,,KR5e0043,6.0,81504.0,22233.0,HFL,,1.0,22531.0,88770.0
DZ1142,1142.0,1134,漸悟集,2.0,1.0,馬從義,15922.0,撰,exact,,,KR5e0044,3.0,68965.0,18395.0,HFL,,1.0,18618.0,71486.0
DZ1143,1143.0,1135,草堂集,1.0,1.0,王丹桂,15755.0,撰,exact,,,KR5e0045,1.0,38436.0,10530.0,HFL,,1.0,10600.0,40316.0
DZ1144,1144.0,1136,自然集,1.0,,,,,exact,,,KR5e0046,1.0,10275.0,2776.0,HFL,,1.0,2962.0,10790.0
DZ1145,1145.0,1137,玄虛子鳴真集,1.0,2.0,玄沖師,15646.0,撰,exact,,,KR5e0047,1.0,10672.0,2917.0,HFL,,1.0,2967.0,10586.0
DZ1146,1146.0,1138,葆光集,3.0,2.0,尹志平,15597.0,撰,exact,,,KR5e0048,1.0,79512.0,21176.0,HFL,,1.0,21263.0,79268.0
DZ1147,1147.0,1139,西雲集,3.0,1.0,郭志誠,15879.0,撰,exact,,,KR5e0049,4.0,27769.0,7296.0,HFL,,1.0,7326.0,26702.0
DZ1148,1148.0,1140,勿齋先生文集,2.0,1.0,楊至質,15734.0,撰,exact,,,KR5e0050,3.0,55869.0,16040.0,HFL,,1.0,16073.0,57663.0
DZ1149,1149.0,1141,洞玄金玉集,10.0,1.0,馬從義,15922.0,撰,exact,,,KR5e0051,11.0,170550.0,44751.0,HFL,,1.0,45186.0,176194.0
DZ1150,1150.0,1142,丹陽神光燦,1.0,2.0,馬玨,15925.0,撰,exact,,,KR5e0052,1.0,37879.0,10761.0,HFL,,1.0,10836.0,41021.0
DZ1151,1151.0,1143,悟真集,2.0,1.0,李先生,15691.0,撰,exact,,,KR5e0053,3.0,34460.0,9210.0,HFL,,1.0,9237.0,33426.0
DZ1152,1152.0,1144,雲光集,4.0,1.0,王處一,15499.0,撰,exact,,,KR5e0054,5.0,113302.0,30462.0,HFL,,1.0,30788.0,115426.0
DZ1153,1153.0,1145,重陽全真集,13.0,2.0,王嚞,15505.0,撰,exact,,,KR5e0055,14.0,223920.0,61474.0,HFL,,1.0,61172.0,233657.0
DZ1154,1154.0,1146,重陽教化集,3.0,1.0,王嚞,15505.0,撰,exact,,,KR5e0056,4.0,63750.0,17441.0,HFL,,1.0,7367.0,26818.0
DZ1155,1155.0,1147,重陽分梨十化集,2.0,2.0,王嚞,15505.0,撰,exact,,,KR5e0057,3.0,22835.0,6014.0,HFL,,1.0,6163.0,23357.0
DZ1156,1156.0,1148,重陽真人金關玉鎖訣,1.0,1.0,王嚞,15505.0,撰,manual,,,KR5e0058,1.0,25170.0,7377.0,HFL,,1.0,7367.0,26818.0
DZ1157,1157.0,1150,馬自然金丹口訣,1.0,1.0,馬自然,15927.0,撰,exact,,,KR5e0059,1.0,2686.0,685.0,HFL,,1.0,720.0,2513.0
DZ1158,1158.0,1149,重陽真人授丹陽二十四訣,1.0,,,,,exact,,,KR5e0060,1.0,4799.0,1346.0,HFL,,1.0,1480.0,5772.0
DZ1159,1159.0,1151,磻溪集,6.0,1.0,丘處機,15501.0,撰,exact,,,KR5e0061,7.0,103165.0,27975.0,HFL,,1.0,28977.0,108049.0
DZ1160,1160.0,1152,水雲集,3.0,1.0,譚處端,15503.0,撰,exact,,,KR5e0062,4.0,57771.0,15790.0,HFL,,1.0,15982.0,60128.0
DZ1161,1161.0,1153,太古集,4.0,2.0,郝大通,15500.0,撰,exact,,,KR5e0063,5.0,39562.0,10316.0,HFL,,1.0,10300.0,37791.0
DZ1162,1162.0,1154,孫真人備急千金要方目錄,2.0,,,,,,,,KR5e0064,2.0,62631.0,13936.0,HFL,,,,
DZ1163,1163.0,1155,孫真人備急千金要方,93.0,2.0,孫思邈,10904.0,撰,exact,,,KR5e0065,94.0,1651134.0,422823.0,HFL,,1.0,479724.0,1916309.0
DZ1164,1164.0,1156,急救仙方,11.0,,,,,exact,,,KR5e0066,12.0,175143.0,44679.0,HFL,,1.0,45347.0,176703.0
DZ1165,1165.0,1157,仙傳外科祕方,11.0,2.0,趙宜真,15866.0,撰,fuzzy,0.8333333333333334,仙傳外科秘方,KR5e0067,12.0,185763.0,48497.0,HFL,,1.0,54234.0,206912.0
DZ1166,1166.0,1158,法海遺珠,46.0,,,,,exact,,,KR5e0068,47.0,690022.0,169624.0,HFL,,1.0,173094.0,626132.0
DZ1167,1167.0,1159,太上感應篇,30.0,1.0,李昌齡,15698.0,撰,exact,,,KR5f0001,31.0,442328.0,117414.0,HFL,,1.0,85510.0,312616.0
DZ1168,1168.0,1160,太上老君中經,2.0,,,,,exact,,,KR5f0002,3.0,46044.0,13157.0,HFL,,1.0,13394.0,50033.0
DZ1169,1169.0,1161,太上老君清靜心經,1.0,,,,,exact,,,KR5f0003,1.0,2674.0,642.0,HFL,,1.0,971.0,3818.0
DZ1170,1170.0,1162,太上老君說上七滅罪集福妙經,1.0,,,,,exact,,,KR5f0004,1.0,3389.0,832.0,HFL,,1.0,909.0,3244.0
DZ1171,1171.0,1163,鬻子,2.0,2.0,鬻熊,6850.0,撰,exact,,,KR5f0005,3.0,24592.0,6420.0,HFL,,1.0,7090.0,27311.0
DZ1172,1172.0,1164,公孫龍子,3.0,2.0,公孫龍,4583.0,撰,exact,,,KR5f0006,4.0,31499.0,8991.0,HFL,,1.0,9205.0,33839.0
DZ1173,1173.0,1165,尹文子,2.0,2.0,尹文,13521.0,撰,exact,,,KR5f0007,3.0,20738.0,5813.0,HFL,,1.0,6474.0,24380.0
DZ1174,1174.0,1166,子華子,10.0,1.0,程本,15801.0,撰,exact,,,KR5f0008,11.0,66519.0,18371.0,HFL,,1.0,19258.0,70535.0
DZ1175,1175.0,1167,鴞冠子,3.0,1.0,陸佃,15916.0,注,manual,,,KR5f0009,4.0,116107.0,33397.0,HFL,,1.0,35025.0,134909.0
DZ1176,1176.0,1168,墨子,15.0,1.0,墨翟,5599.0,撰,exact,,,KR5f0010,16.0,262347.0,76065.0,HFL,,1.0,82006.0,309352.0
DZ1177,1177.0,1169,韓非子,20.0,2.0,韓非,10275.0,撰,exact,,,KR5f0011,21.0,396599.0,114846.0,HFL,,1.0,122336.0,441877.0
DZ1178,1178.0,1170,黃石公素書,1.0,1.0,魏魯,15933.0,注,manual,,,KR5f0012,1.0,16258.0,4240.0,HFL,,1.0,4335.0,15975.0
DZ1179,1179.0,1171,黃石公素書,1.0,1.0,張尚英,15616.0,注,manual,,,KR5f0013,1.0,19907.0,5343.0,HFL,,1.0,5816.0,22085.0
DZ1180,1180.0,1172,孫子註解,13.0,1.0,曹操,3651.0,注,exact,,,KR5f0014,14.0,443634.0,119758.0,HFL,,1.0,122047.0,449586.0
DZ1181,1181.0,1173,孫子遺說,1.0,1.0,鄭友賢,15885.0,撰,exact,,,KR5f0015,1.0,27529.0,8051.0,HFL,,1.0,685.0,2466.0
DZ1182,1182.0,1174,天原發微,18.0,2.0,鮑雲龍,15934.0,撰,exact,,,KR5f0016,19.0,495098.0,135211.0,HFL,,1.0,138195.0,512924.0
DZ1183,1183.0,1175,集註太玄經,6.0,2.0,揚雄,425.0,撰,fuzzy,0.8,集注太玄經,KR5f0017,7.0,247892.0,67375.0,HFL,,1.0,79046.0,309663.0
DZ1184,1184.0,1176,淮南鴻烈解,28.0,1.0,許慎,8631.0,注,exact,,,KR5f0018,30.0,690266.0,199895.0,HFL,,1.0,167998.0,627292.0
DZ1185,1185.0,1177,抱朴子內篇,20.0,1.0,葛洪,3661.0,撰,exact,,,KR5f0019,21.0,262967.0,75491.0,HFL,,1.0,78252.0,283727.0
DZ1186,1186.0,1178,抱朴子別旨,1.0,1.0,葛洪,3661.0,撰,,,,KR5f0020,1.0,2190.0,564.0,HFL,,,,
DZ1187,1187.0,1179,抱朴子外篇,50.0,1.0,葛洪,3661.0,撰,fuzzy,0.8,抱樸子外篇,KR5f0021,52.0,293517.0,80862.0,HFL,,1.0,81638.0,291256.0
DZ1188,1188.0,1180* ,橐籥子,1.0,1.0,祝洞天,15795.0,撰,exact,,,KR5f0022,1.0,7205.0,1971.0,HFL,,1.0,1994.0,7515.0
DZ1189,1189.0,1180* ,陰丹內篇,1.0,,,,,exact,,,KR5f0023,1.0,2628.0,641.0,HFL,,1.0,674.0,2501.0
DZ1190,1190.0,1181,天機經,1.0,,,,,exact,,,KR5f0024,1.0,7733.0,2117.0,HFL,,1.0,2155.0,7855.0
DZ1191,1191.0,1182,祕傳正陽真人靈寶畢法,3.0,3.0,鍾離權,15508.0,撰,fuzzy,0.9,秘傳正陽真人靈寶畢法,KR5f0025,4.0,48763.0,13859.0,HFL,,1.0,13923.0,50245.0
DZ1192,1192.0,1183,大惠靜慈妙樂天尊說福德五聖經,1.0,,,,,exact,,,KR5g0001,1.0,7482.0,1996.0,HFL,,1.0,2020.0,7221.0
DZ1193,1193.0,1184,太上正一咒鬼經,1.0,,,,,exact,,,KR5g0002,1.0,10544.0,3017.0,HFL,,1.0,3070.0,11205.0
DZ1194,1194.0,1185,太上洞玄靈寶天尊說羅天大醮上品妙經,1.0,,,,,exact,,,KR5g0003,1.0,3124.0,818.0,HFL,,1.0,869.0,3166.0
DZ1195,1195.0,1186,老君變化無極經,1.0,,,,,exact,,,KR5g0004,1.0,9236.0,2641.0,HFL,,1.0,2637.0,9244.0
DZ1196,1196.0,1187,太上金華天尊救劫護命妙經,1.0,,,,,exact,,,KR5g0005,1.0,3061.0,775.0,HFL,,1.0,845.0,3088.0
DZ1197,1197.0,1188,無上三天法師說廕育眾生妙經,1.0,,,,,fuzzy,0.9230769230769232,無上三天法師說蔭育眾生妙經,KR5g0006,1.0,5400.0,1477.0,HFL,,1.0,1544.0,5565.0
DZ1198,1198.0,1189,太上說青玄雷令法行因地妙經,1.0,,,,,exact,,,KR5g0007,1.0,4725.0,1251.0,HFL,,1.0,1296.0,4731.0
DZ1199,1199.0,1190,上清太霄隱書元真洞飛二景經,1.0,,,,,exact,,,KR5g0008,1.0,6595.0,1760.0,HFL,,1.0,1800.0,6645.0
DZ1200,1200.0,1191,洞玄靈寶太上六齋十直聖紀經,1.0,,,,,exact,,,KR5g0009,1.0,10054.0,2799.0,HFL,,1.0,2871.0,10632.0
DZ1201,1201.0,1192,道要靈祇神鬼品經,1.0,,,,,exact,,,KR5g0010,1.0,22242.0,6174.0,HFL,,1.0,6754.0,26159.0
DZ1202,1202.0,1193,洞神八帝元變經,1.0,,,,,exact,,,KR5g0011,1.0,39167.0,10968.0,HFL,,1.0,11061.0,40917.0
DZ1203,1203.0,1194,太上三天正法經,1.0,,,,,exact,,,KR5g0012,1.0,12829.0,3705.0,HFL,,1.0,3771.0,13709.0
DZ1204,1204.0,1195,太上正一法文經,1.0,,,,,exact,,,KR5g0013,1.0,7932.0,2204.0,HFL,,1.0,2265.0,8502.0
DZ1205,1205.0,1196,三天內解經,2.0,1.0,三天弟子徐氏,16962.0,撰,exact,,,KR5g0014,3.0,16441.0,4574.0,HFL,,1.0,4617.0,16600.0
DZ1206,1206.0,1197,上清明鑑要經,1.0,,,,,exact,,,KR5g0015,1.0,13598.0,3812.0,HFL,,1.0,3865.0,14226.0
DZ1207,1207.0,1198,太上明鑑真經,1.0,,,,,exact,,,KR5g0016,1.0,10674.0,2877.0,HFL,,1.0,2962.0,11071.0
DZ1208,1208.0,1199,太上三五正一盟威籙,6.0,,,,,exact,,,KR5g0017,7.0,79537.0,18027.0,HFL,,1.0,17285.0,60320.0
DZ1209,1209.0,1200,太上正一盟威法籙一部,1.0,,,,,fuzzy,0.8888888888888888,太上正一盟威法籙,KR5g0018,1.0,28665.0,7214.0,HFL,,1.0,7173.0,26393.0
DZ1210,1210.0,1201* ,正一法文十籙召儀,1.0,,,,,fuzzy,0.875,正一法文十箓召儀,KR5g0019,1.0,25129.0,6973.0,HFL,,1.0,5791.0,21541.0
DZ1211,1211.0,1201* ,正一法文傳都功版儀,1.0,,,,,exact,,,KR5g0020,1.0,4991.0,1158.0,,,1.0,1239.0,4559.0
DZ1212,1212.0,1202,醮三洞真文五法正一盟威籙立成儀,1.0,1.0,張萬福,11075.0,撰,exact,,,KR5g0021,1.0,22539.0,6260.0,HFL,,1.0,6323.0,23810.0
DZ1213,1213.0,1203,太上玄天真武無上將軍籙,1.0,,,,,exact,,,KR5g0022,1.0,6480.0,1544.0,HFL,,1.0,1587.0,6171.0
DZ1214,1214.0,1204,高上大洞文昌司祿紫陽寶籙,3.0,,,,,exact,,,KR5g0023,4.0,38516.0,9539.0,HFL,,1.0,9671.0,34438.0
DZ1215,1215.0,1205,太上北極伏魔神咒殺鬼籙,1.0,,,,,exact,,,KR5g0024,1.0,14080.0,3645.0,HFL,,1.0,3696.0,13810.0
DZ1216,1216.0,1206,太上正一延生保命籙,1.0,,,,,exact,,,KR5g0025,1.0,7350.0,1912.0,HFL,,1.0,1956.0,6914.0
DZ1217,1217.0,1207,太上正一解五音咒詛祕籙,1.0,,,,,fuzzy,0.9090909090909092,太上正一解五音咒詛秘籙,KR5g0026,1.0,5657.0,1442.0,HFL,,1.0,1492.0,5310.0
DZ1218,1218.0,1208,正一法文經章官品,4.0,,,,,exact,,,KR5g0027,5.0,63457.0,17487.0,HFL,,1.0,17634.0,64751.0
DZ1219,1219.0,1209,高上神霄玉清真王紫書大法,12.0,,,,,exact,,,KR5g0028,13.0,252720.0,63354.0,HFL,,1.0,63904.0,240672.0
DZ1220,1220.0,1210,道法會元,268.0,,,,,exact,,,KR5g0029,269.0,4435961.0,1108793.0,HFL,,1.0,1107732.0,4081218.0
DZ1221,1221.0,1211,上清靈寶大法,66.0,2.0,王契真,15763.0,纂,manual,,,KR5g0030,67.0,1464259.0,358201.0,HFL,,1.0,360586.0,1330972.0
DZ1222,1222.0,1212,上清靈寶大法目錄,1.0,,,,,,,,KR5g0031,1.0,28355.0,7143.0,HFL,,,,
DZ1223,1223.0,1213,上清靈寶大法,44.0,1.0,金允中,15889.0,撰,manual,,,KR5g0032,44.0,851956.0,228095.0,HFL,,1.0,237180.0,866366.0
DZ1224,1224.0,1214,道門定制,10.0,2.0,呂元素,15564.0,纂,exact,,,KR5g0033,11.0,251787.0,66020.0,HFL,,1.0,68195.0,259607.0
DZ1225,1225.0,1215,道門科範大全集,87.0,2.0,杜光庭,15712.0,撰,exact,,,KR5g0034,88.0,616383.0,165053.0,HFL,,1.0,166806.0,610935.0
DZ1226,1226.0,1216,道門通教必用集,9.0,1.0,呂太古,15566.0,纂,exact,,,KR5g0035,10.0,154601.0,42236.0,HFL,,1.0,43191.0,161451.0
DZ1227,1227.0,1217,太上助國救民總真祕要,10.0,1.0,元妙宗,15533.0,撰,fuzzy,0.9,太上助國救民總真秘要,KR5g0036,11.0,201217.0,53803.0,HFL,,1.0,54101.0,202002.0
DZ1228,1228.0,1218,正一論,1.0,,,,,exact,,,KR5g0037,1.0,6731.0,1863.0,HFL,,1.0,1901.0,6909.0
DZ1229,1229.0,1219,全真坐缽捷法,1.0,,,,,exact,,,KR5g0038,1.0,3548.0,909.0,HFL,,1.0,950.0,3496.0
DZ1230,1230.0,1220,太平御覽,3.0,1.0,李昉,5522.0,纂,fuzzy,0.8,太平御覽道部,KR5g0039,4.0,40762.0,11320.0,HFL,,1.0,76143.0,286300.0
DZ1231,1231.0,1221,道書援神契,1.0,,,,,exact,,,KR5g0040,1.0,6397.0,1624.0,HFL,,1.0,1659.0,6655.0
DZ1232,1232.0,1222,道門十規,1.0,1.0,張宇初,15614.0,撰,exact,,,KR5g0041,1.0,21403.0,5848.0,HFL,,1.0,5919.0,21461.0
DZ1233,1233.0,1223,重陽立教十五論,1.0,1.0,王嚞,15505.0,撰,exact,,,KR5g0042,1.0,5494.0,1456.0,HFL,,1.0,1489.0,5548.0
DZ1234,1234.0,1224,丹陽真人直言,1.0,,,,,exact,,,KR5g0043,1.0,3244.0,869.0,HFL,,1.0,943.0,3483.0
DZ1235,1235.0,1225,全真清規,1.0,1.0,陸道和,15918.0,纂,exact,,,KR5g0044,1.0,16877.0,4770.0,HFL,,1.0,4827.0,17655.0
DZ1236,1236.0,1226,太上出家傳度儀,1.0,1.0,賈善翔,15859.0,撰,exact,,,KR5g0045,1.0,13749.0,3814.0,HFL,,1.0,3859.0,14663.0
DZ1237,1237.0,1227,三洞修道儀,1.0,1.0,孫夷中,15584.0,撰,exact,,,KR5g0046,1.0,11768.0,3312.0,HFL,,1.0,3359.0,12482.0
DZ1238,1238.0,1228,傳授經戒儀註訣,1.0,,,,,fuzzy,0.8571428571428571,傳授經戒儀注訣,KR5g0047,1.0,19733.0,5649.0,HFL,,1.0,5735.0,21128.0
DZ1239,1239.0,1229,正一修真略儀,1.0,,,,,exact,,,KR5g0048,1.0,20728.0,5825.0,HFL,,1.0,5866.0,21503.0
DZ1240,1240.0,1230,洞玄靈寶道士受三洞經誡法籙擇日曆,1.0,1.0,張萬福,11075.0,撰,fuzzy,0.9375,洞玄靈寶道士受三洞經誡法籙譯日曆,KR5g0049,1.0,8744.0,2405.0,HFL,,1.0,2453.0,9259.0
DZ1241,1241.0,1231,傳授三洞經戒法籙略說,2.0,1.0,張萬福,11075.0,撰,exact,,,KR5g0050,1.0,66457.0,19160.0,HFL,,1.0,12206.0,45714.0
DZ1242,1242.0,1232,正一法文法籙部儀,1.0,,,,,exact,,,KR5g0051,1.0,24976.0,7128.0,HFL,,1.0,7209.0,25543.0
DZ1243,1243.0,1233,正一法文太上外籙儀,1.0,,,,,fuzzy,0.8888888888888888,正一法文太上外箓儀,KR5g0052,1.0,30378.0,8668.0,HFL,,1.0,8751.0,32115.0
DZ1244,1244.0,1234,受籙次第法信儀,1.0,,,,,exact,,,KR5g0053,1.0,23037.0,5957.0,HFL,,1.0,5975.0,23906.0
DZ1245,1245.0,1235,洞玄靈寶道士明鏡法,1.0,,,,,exact,,,KR5g0054,1.0,2815.0,724.0,HFL,,1.0,788.0,2899.0
DZ1246,1246.0,1236,洞玄靈寶課中法,1.0,,,,,exact,,,KR5g0055,1.0,7397.0,1976.0,HFL,,1.0,2041.0,7113.0
DZ1247,1247.0,1237,太清玉司左院祕要上法,1.0,1.0,霞映,15661.0,撰,exact,,,KR5g0056,1.0,10075.0,2216.0,HFL,,1.0,1896.0,7077.0
DZ1248,1248.0,1238,三洞群仙錄,20.0,2.0,陳葆光,15909.0,纂,exact,,,KR5g0057,21.0,416031.0,113058.0,HFL,,1.0,114197.0,420234.0
DZ1249,1249.0,1239,三十代天師虛靖真君語錄,7.0,2.0,張繼先,15625.0,撰,exact,,,KR5g0058,8.0,62899.0,16768.0,HFL,,1.0,16966.0,60739.0
DZ1250,1250.0,1240,沖虛通妙侍宸王先生家話,1.0,1.0,袁庭植,15848.0,撰,fuzzy,0.9090909090909092,沖虛通妙侍宸王先生家語,KR5g0059,1.0,16995.0,4933.0,HFL,,1.0,4978.0,18058.0
DZ1251,1251.0,1241,虛靜沖和先生徐神翁語錄,2.0,3.0,苗希頤,15816.0,纂,exact,,,KR5g0060,3.0,48281.0,13876.0,HFL,,1.0,13943.0,51206.0
DZ1253,1253.0,1243,道法心傳,1.0,1.0,王惟一,15769.0,撰,exact,,,KR5g0062,1.0,31335.0,8539.0,HFL,,1.0,8622.0,31514.0
DZ1254,1254.0,1244,雷法議玄篇,1.0,1.0,萬宗師,15821.0,撰,exact,,,KR5g0063,1.0,14608.0,4022.0,HFL,,1.0,4052.0,14652.0
DZ1255,1255.0,1245,老子微旨例略,1.0,1.0,王弼,4266.0,撰,exact,,,KR5g0064,1.0,8916.0,2566.0,HFL,,1.0,2847.0,10522.0
DZ1256,1256.0,1246,真仙直指語錄,2.0,1.0,玄全子,15645.0,纂,exact,,,KR5g0065,3.0,41981.0,12131.0,HFL,,1.0,12217.0,44526.0
DZ1257,1257.0,1247,群仙要語纂集,2.0,1.0,董漌醇,15827.0,纂,exact,,,KR5g0066,1.0,43661.0,12833.0,HFL,,1.0,12881.0,47191.0
DZ1258,1258.0,1248,諸真內丹集要,3.0,1.0,玄全子,15645.0,纂,exact,,,KR5g0067,4.0,42460.0,11850.0,HFL,,1.0,7629.0,28123.0
DZ1259,1259.0,1249,龍虎精微論,1.0,,,,,exact,,,KR5g0068,1.0,8122.0,2209.0,HFL,,1.0,2229.0,8084.0
DZ1260,1260.0,1250,三要達道篇,1.0,,,,,exact,,,KR5g0069,1.0,2028.0,507.0,HFL,,1.0,535.0,1929.0
DZ1261,1261.0,1251,六根歸道篇,1.0,,,,,exact,,,KR5g0070,1.0,2824.0,733.0,HFL,,1.0,766.0,2733.0
DZ1262,1262.0,1252,意林,5.0,1.0,馬總,15926.0,撰,exact,,,KR5g0071,7.0,174821.0,49474.0,HFL,,1.0,44817.0,165264.0
DZ1263,1263.0,1253,莊列十論,1.0,1.0,李元卓,15690.0,撰,exact,,,KR5g0072,1.0,22855.0,6664.0,HFL,,1.0,6706.0,23702.0
DZ1264,1264.0,1254,離峰老人集,2.0,1.0,于道顯,15515.0,撰,exact,,,KR5g0073,3.0,48797.0,12771.0,HFL,,1.0,12838.0,45049.0
DZ1265,1265.0,1255,北帝七元紫庭延生祕訣,1.0,,,,,fuzzy,0.9,北帝七元紫庭延生秘訣,KR5g0074,1.0,8550.0,2304.0,HFL,,1.0,2339.0,8903.0
DZ1266,1266.0,1256,鄧天君玄靈八門報應內旨,1.0,,,,,exact,,,KR5g0075,1.0,12670.0,3242.0,HFL,,1.0,3256.0,12227.0
DZ1267,1267.0,1257,九天上聖祕傳金符經,1.0,,,,,exact,,,KR5g0076,1.0,12548.0,3185.0,HFL,,1.0,3210.0,12590.0
DZ1268,1268.0,1258,天皇太一神律避穢經,1.0,,,,,exact,,,KR5g0077,1.0,2028.0,490.0,HFL,,1.0,528.0,2062.0
DZ1269,1269.0,1259,上清修身要事經,1.0,,,,,exact,,,KR5g0078,1.0,29444.0,8422.0,HFL,,1.0,8496.0,31449.0
DZ1270,1270.0,1260,正一法文修真旨要,1.0,,,,,exact,,,KR5g0079,1.0,20914.0,6023.0,HFL,,1.0,6086.0,21929.0
DZ1271,1271.0,1261,洞玄靈寶真人修行延年益算法,1.0,,,,,exact,,,KR5g0080,1.0,11303.0,3149.0,HFL,,1.0,3218.0,12097.0
DZ1272,1272.0,1262,三洞道士居山修練科,1.0,,,,,fuzzy,0.8888888888888888,三洞道士居山修煉科,KR5g0081,1.0,29634.0,8582.0,HFL,,1.0,8613.0,31954.0
DZ1273,1273.0,1263,正一天師告趙昇口訣,1.0,,,,,exact,,,KR5g0082,1.0,5692.0,1604.0,HFL,,1.0,1669.0,5844.0
DZ1274,1274.0,1264,玄和子十二月卦金訣,1.0,,,,,exact,,,KR5g0083,1.0,8654.0,2240.0,HFL,,1.0,2277.0,8149.0
DZ1275,1275.0,1265,雨暘氣候親機,1.0,,,,,exact,,,KR5g0084,1.0,16041.0,4036.0,HFL,,1.0,4070.0,14914.0
DZ1276,1276.0,1266,盤天經,1.0,,,,,exact,,,KR5g0085,1.0,14957.0,4061.0,HFL,,1.0,4116.0,15362.0
DZ1277,1277.0,1267,道法宗旨圖衍義,2.0,1.0,鄧柟,15882.0,撰,exact,,,KR5g0086,3.0,31392.0,8453.0,HFL,,1.0,8502.0,31757.0
DZ1278,1278.0,1268,洞玄靈寶五感文,1.0,1.0,陸修靜,4492.0,撰,exact,,,KR5g0087,1.0,9353.0,2587.0,HFL,,1.0,2629.0,9764.0
DZ1279,1279.0,1269,靈書肘後鈔,1.0,,,,,exact,,,KR5g0088,1.0,6339.0,1773.0,HFL,,1.0,1802.0,6683.0
DZ1280,1280.0,1270,玄壇刊誤論,1.0,1.0,張若海,15627.0,撰,exact,,,KR5g0089,1.0,16752.0,4780.0,HFL,,1.0,4818.0,17554.0
DZ1281,1281.0,1271,五嶽真形圖序論,1.0,,,,,exact,,,KR5g0090,1.0,27498.0,7747.0,HFL,,1.0,7873.0,28570.0
DZ1282,1282.0,1272,高上神霄宗師受經式,1.0,,,,,exact,,,KR5g0091,1.0,7211.0,2026.0,HFL,,1.0,2064.0,7604.0
DZ1283,1283.0,1273,太上洞神行道授度儀,1.0,,,,,exact,,,KR5g0092,1.0,14642.0,4026.0,HFL,,1.0,4077.0,15251.0
DZ1284,1284.0,1274,太上洞神三皇傳授儀,1.0,,,,,exact,,,KR5g0093,1.0,15224.0,4214.0,HFL,,1.0,4288.0,15905.0
DZ1285,1285.0,1275,翊聖保德傳,3.0,1.0,王欽若,15774.0,撰,exact,,,KR5g0094,4.0,34210.0,9565.0,HFL,,1.0,10230.0,36704.0
DZ1286,1286.0,1276,廬山太平興國宮採訪真君事實,7.0,1.0,葉義問,15824.0,纂,fuzzy,0.9230769230769232,廬山太平興國官採訪真君事實,KR5g0095,8.0,134413.0,38388.0,HFL,,1.0,38729.0,139084.0
DZ1287,1287.0,1277,正一法文經護國醮海品,1.0,,,,,exact,,,KR5g0096,1.0,11295.0,3087.0,HFL,,1.0,3157.0,11351.0
DZ1288,1288.0,1278,元辰章醮立成曆,2.0,,,,,fuzzy,0.8571428571428571,元辰章醮立成歷,KR5g0097,3.0,33644.0,9329.0,HFL,,1.0,9336.0,34639.0
DZ1289,1289.0,1279,六十甲子本命元辰曆,1.0,,,,,exact,,,KR5g0098,1.0,7949.0,2280.0,HFL,,1.0,2316.0,8590.0
DZ1290,1290.0,1280,太上洞神洞淵神咒治病口章,1.0,,,,,exact,,,KR5g0099,1.0,36146.0,10464.0,HFL,,1.0,10523.0,38942.0
DZ1291,1291.0,1281,上清經祕訣,1.0,,,,,exact,,,KR5g0100,1.0,2187.0,553.0,HFL,,1.0,579.0,2136.0
DZ1292,1292.0,1282,靈寶鍊度五仙安靈鎮神黃繪章法,1.0,,,,,fuzzy,0.9285714285714286,靈寶鍊度五仙安靈鎮神黃繒章法,KR5g0101,1.0,7888.0,2239.0,HFL,,1.0,2397.0,8619.0
DZ1293,1293.0,1283,上清太微帝君結帶真文法,1.0,1.0,陸修靜,4492.0,撰,exact,,,KR5g0102,1.0,1672.0,380.0,HFL,,1.0,428.0,1571.0
DZ1294,1294.0,1284,上清黃書過度儀,1.0,,,,,exact,,,KR5g0103,1.0,26855.0,7662.0,HFL,,1.0,7713.0,27493.0
DZ1295,1295.0,1285,太上洞玄靈寶二部傳授儀,1.0,,,,,exact,,,KR5g0104,1.0,10059.0,2742.0,HFL,,1.0,2813.0,10351.0
DZ1296,1296.0,1286,洞玄靈寶八節齋宿啟儀,1.0,,,,,exact,,,KR5g0105,1.0,8093.0,2174.0,HFL,,1.0,2215.0,8470.0
DZ1297,1297.0,1287,洞玄靈寶五老攝召北豐鬼魔赤書玉訣,1.0,1.0,葛巢甫,1421.0,,fuzzy,0.9375,洞玄靈寶五老攝召北酆鬼魔赤書玉訣,KR5g0106,1.0,7601.0,2146.0,HFL,,1.0,2209.0,7950.0
DZ1298,1298.0,1288,四聖真君靈籤,1.0,,,,,exact,,,KR5g0107,1.0,51278.0,13817.0,HFL,,1.0,13817.0,53350.0
DZ1299,1299.0,1289,玄真靈應寶籤,3.0,,,,,exact,,,KR5g0108,4.0,102332.0,26648.0,HFL,,1.0,26741.0,95344.0
DZ1300,1300.0,1290,大慈好生九天衛房聖母元君靈應寶籤,1.0,,,,,exact,,,KR5g0109,1.0,19697.0,5023.0,HFL,,1.0,5095.0,19709.0
DZ1301,1301.0,1291,洪恩靈濟真君靈籤,1.0,,,,,exact,,,KR5g0110,1.0,8284.0,1805.0,HFL,,1.0,1841.0,7020.0
DZ1302,1302.0,1292,靈濟真君注生堂靈籤,1.0,,,,,exact,,,KR5g0111,1.0,9929.0,2150.0,HFL,,1.0,2189.0,8194.0
DZ1303,1303.0,1293,扶天廣聖如意靈籤,1.0,,,,,exact,,,KR5g0112,1.0,62898.0,15651.0,HFL,,1.0,15708.0,61395.0
DZ1304,1304.0,1294* ,贛州聖濟廟靈跡理,1.0,1.0,宋濂,15590.0,撰,fuzzy,0.875,贛州聖濟廟靈跡碑,KR5g0113,1.0,6087.0,1691.0,HFL,,1.0,1792.0,6438.0
DZ1305,1305.0,1294* ,護國嘉濟江東王靈籤,1.0,1.0,傳燁,15529.0,撰,exact,,,KR5g0114,1.0,35061.0,9169.0,HFL,,1.0,9211.0,36648.0
DZ1306,1306.0,1295,葛仙翁肘後備急方,8.0,4.0,葛洪,3661.0,撰,fuzzy,0.9411764705882352,葛仙翁肘後方備急方,KR5g0115,9.0,303050.0,82549.0,HFL,,1.0,81079.0,329224.0
DZ1307,1307.0,1296,海瓊白真人語錄,4.0,3.0,白玉蟾,15789.0,撰,exact,,,KR5g0116,5.0,91145.0,26234.0,HFL,,1.0,26504.0,96514.0
DZ1308,1308.0,1297,海瓊問道集,1.0,2.0,白玉蟾,15789.0,撰,exact,,,KR5g0117,1.0,25350.0,7411.0,HFL,,1.0,7498.0,26828.0
DZ1309,1309.0,1298,海瓊傳道集,1.0,1.0,白玉蟾,15789.0,撰,exact,,,KR5g0118,1.0,17517.0,4500.0,HFL,,1.0,4084.0,15098.0
DZ1310,1310.0,1299,清和真人北遊語錄,4.0,2.0,尹志平,15597.0,撰,fuzzy,0.875,清和真人北游語錄,KR5g0119,5.0,84598.0,24553.0,HFL,,1.0,24626.0,88036.0
DZ1311,1311.0,1300,峴泉集,12.0,1.0,張宇初,15614.0,撰,exact,,,KR5g0120,13.0,316764.0,90795.0,HFL,,1.0,79123.0,286066.0
DZ1312,1312.0,1301,太上大道玉清經,10.0,,,,,exact,,,KR5g0121,11.0,334262.0,97566.0,HFL,,1.0,98692.0,358684.0
DZ1313,1313.0,1302,洞真高上玉帝大洞雌一玉檢五老寶經,1.0,,,,,exact,,,KR5g0122,1.0,62351.0,17778.0,HFL,,1.0,17968.0,65546.0
DZ1314,1314.0,1303,洞真太上素靈洞元大有妙經,1.0,,,,,exact,,,KR5g0123,1.0,72358.0,21131.0,HFL,,1.0,21366.0,77614.0
DZ1315,1315.0,1304,洞真上清青要紫書金根眾經,2.0,,,,,exact,,,KR5g0124,3.0,45397.0,12949.0,HFL,,1.0,13135.0,47943.0
DZ1316,1316.0,1305,洞真上清太微帝君步天綱飛地紀金簡玉字上經,1.0,,,,,exact,,,KR5g0125,1.0,25316.0,7088.0,HFL,,1.0,7221.0,26511.0
DZ1317,1317.0,1306,洞真上清開天三圖七星移度經,2.0,,,,,exact,,,KR5g0126,3.0,30324.0,8535.0,HFL,,1.0,8635.0,31342.0
DZ1318,1318.0,1307,洞真太上三元流珠經,1.0,,,,,exact,,,KR5g0127,1.0,5996.0,1613.0,HFL,,1.0,1697.0,6196.0
DZ1319,1319.0,1308,洞真西王母寶神起居經,1.0,,,,,exact,,,KR5g0128,1.0,19780.0,5688.0,HFL,,1.0,5860.0,21701.0
DZ1320,1320.0,1309,洞真太上八素真經精耀三景妙訣,1.0,,,,,exact,,,KR5g0129,1.0,5583.0,1476.0,HFL,,1.0,1557.0,5877.0
DZ1321,1321.0,1310,洞真太上八素真經修習功業妙訣,1.0,,,,,exact,,,KR5g0130,1.0,14038.0,3968.0,HFL,,1.0,4061.0,14962.0
DZ1322,1322.0,1311,洞真太上八素真經三五行化妙訣,1.0,,,,,exact,,,KR5g0131,1.0,12287.0,3537.0,HFL,,1.0,3626.0,13546.0
DZ1323,1323.0,1312,洞真太上八素真經服食日月皇華訣,1.0,,,,,exact,,,KR5g0132,1.0,23506.0,6675.0,HFL,,1.0,6779.0,24660.0
DZ1324,1324.0,1313,洞真太上八素真經登壇符札妙訣,1.0,,,,,exact,,,KR5g0133,1.0,13459.0,3804.0,HFL,,1.0,4121.0,14941.0
DZ1325,1325.0,1314,洞真太上八素真經占候入定妙訣,1.0,,,,,exact,,,KR5g0134,1.0,11026.0,3160.0,HFL,,1.0,3245.0,12086.0
DZ1326,1326.0,1315,洞真上清龍飛九道尺素隱訣,1.0,,,,,exact,,,KR5g0135,1.0,9503.0,2624.0,HFL,,1.0,2725.0,9937.0
DZ1327,1327.0,1316,洞真太上三九素語玉精真訣,1.0,,,,,fuzzy,0.9166666666666666,洞真太上三九素語玉清真訣,KR5g0136,1.0,13552.0,3709.0,HFL,,1.0,3651.0,13668.0
DZ1328,1328.0,1317,洞真太上八道命籍經,2.0,,,,,exact,,,KR5g0137,3.0,50478.0,14395.0,HFL,,1.0,14529.0,53820.0
DZ1329,1329.0,1318,太上九赤班符五帝內真經,1.0,1.0,楊羲,3527.0,,exact,,,KR5g0138,1.0,32671.0,9491.0,HFL,,1.0,9592.0,34831.0
DZ1330,1330.0,1319,洞真太一帝君太丹隱書洞真玄經,1.0,,,,,exact,,,KR5g0139,1.0,47689.0,13926.0,HFL,,1.0,14058.0,51118.0
DZ1331,1331.0,1320,洞真上清神州七轉七變舞天經,1.0,,,,,exact,,,KR5g0140,1.0,30435.0,8826.0,HFL,,1.0,8937.0,32611.0
DZ1332,1332.0,1321,洞真太上紫度炎光神元變經,1.0,,,,,exact,,,KR5g0141,1.0,33743.0,9694.0,HFL,,1.0,9887.0,36156.0
DZ1333,1333.0,1322,洞真太上神虎玉經,1.0,,,,,manual,,,KR5g0142,1.0,4272.0,1119.0,HFL,,1.0,1630.0,5921.0
DZ1334,1334.0,1323,洞真太上神虎隱文,1.0,1.0,楊羲,3527.0,,exact,,,KR5g0143,1.0,6848.0,1746.0,HFL,,1.0,1821.0,6754.0
DZ1335,1335.0,1324,洞真太上紫文丹章,1.0,,,,,exact,,,KR5g0144,1.0,3081.0,675.0,HFL,,1.0,703.0,2579.0
DZ1336,1336.0,1325,洞真太上金篇虎符真文經,1.0,,,,,exact,,,KR5g0145,1.0,5704.0,1559.0,HFL,,1.0,1630.0,5921.0
DZ1337,1337.0,1326,洞真太微金虎真符,1.0,,,,,exact,,,KR5g0146,1.0,11783.0,3130.0,HFL,,1.0,3206.0,11738.0
DZ1338,1338.0,1327,洞真太上太素玉籙,1.0,,,,,fuzzy,0.875,洞真太上太素玉箓,KR5g0147,1.0,7158.0,1879.0,HFL,,1.0,1565.0,5706.0
DZ1339,1339.0,1328,洞真八景玉籙晨圖隱符,1.0,,,,,exact,,,KR5g0148,1.0,4904.0,1219.0,HFL,,1.0,1287.0,4584.0
DZ1340,1340.0,1329,洞真太上倉元上錄,1.0,,,,,exact,,,KR5g0149,1.0,7501.0,2108.0,HFL,,1.0,2147.0,7929.0
DZ1341,1341.0,1330,洞真太上上皇民籍定真玉籙,1.0,,,,,fuzzy,0.9166666666666666,洞真太上上皇民籍定真玉箓,KR5g0150,1.0,6169.0,1702.0,HFL,,1.0,1775.0,6656.0
DZ1342,1342.0,1331,洞真太上紫書籙傳,1.0,,,,,exact,,,KR5g0151,1.0,13591.0,3919.0,HFL,,1.0,4024.0,14728.0
DZ1343,1343.0,1332,洞真黃書,1.0,,,,,exact,,,KR5g0152,1.0,11081.0,2953.0,HFL,,1.0,3259.0,11480.0
DZ1344,1344.0,1333,洞真太上說智慧消魔真經,5.0,,,,,exact,,,KR5g0153,6.0,51698.0,14403.0,HFL,,1.0,14580.0,53664.0
DZ1345,1345.0,1334,洞真太上道君元丹上經,1.0,,,,,exact,,,KR5g0154,1.0,45182.0,13171.0,HFL,,1.0,13367.0,48702.0
DZ1346,1346.0,1335,洞真金房度命籙字迴年三華寶曜內真上經,1.0,,,,,fuzzy,0.8888888888888888,洞真金房度命綠字迴年三華寶曤內真上經,KR5g0155,1.0,11304.0,3197.0,HFL,,1.0,3311.0,11887.0
DZ1347,1347.0,1336,洞真太上上清內經,1.0,,,,,exact,,,KR5g0156,1.0,7421.0,1915.0,HFL,,1.0,2001.0,7061.0
DZ1348,1348.0,1337,洞真太上丹景道精經,1.0,,,,,exact,,,KR5g0157,1.0,7525.0,1932.0,HFL,,1.0,2025.0,7820.0
DZ1349,1349.0,1338,洞真太上青牙始生經,1.0,,,,,exact,,,KR5g0158,2.0,2987.0,678.0,HFL,,1.0,719.0,2667.0
DZ1350,1350.0,1339,洞真三天祕諱,1.0,,,,,fuzzy,0.8333333333333334,洞真三天秘諱,KR5g0159,1.0,7587.0,2135.0,HFL,,1.0,2186.0,7798.0
DZ1351,1351.0,1340,洞真太上飛行羽經九真昇玄上記,1.0,,,,,exact,,,KR5g0160,1.0,13618.0,3901.0,HFL,,1.0,4051.0,14929.0
DZ1352,1352.0,1341,洞真太上太霄琅書,10.0,,,,,exact,,,KR5g0161,11.0,166648.0,46957.0,HFL,,1.0,47408.0,175155.0
DZ1353,1353.0,1342,上清道寶經,5.0,,,,,exact,,,KR5g0162,6.0,175463.0,51048.0,HFL,,1.0,51150.0,194436.0
DZ1354,1354.0,1343,上清太上開天龍蹻經,5.0,,,,,exact,,,KR5g0163,6.0,58771.0,16814.0,HFL,,1.0,17177.0,61949.0
DZ1355,1355.0,1344,上清太上玉清隱書滅魔神慧高玄真經,1.0,,,,,exact,,,KR5g0164,1.0,41283.0,11906.0,HFL,,1.0,12082.0,44985.0
DZ1356,1356.0,1345,上清高上滅魔玉帝神慧玉清隱書,1.0,,,,,exact,,,KR5g0165,1.0,16026.0,4425.0,HFL,,1.0,4599.0,16831.0
DZ1357,1357.0,1346,上清高上滅魔洞景金元玉清隱書經,1.0,,,,,exact,,,KR5g0166,1.0,11618.0,3309.0,HFL,,1.0,3470.0,12623.0
DZ1358,1358.0,1347,上清高上金元羽章玉清隱書經,1.0,,,,,exact,,,KR5g0167,1.0,26385.0,7494.0,HFL,,1.0,7667.0,27044.0
DZ1359,1359.0,1348,上清丹景道精隱地八術經,2.0,,,,,exact,,,KR5g0168,3.0,16636.0,4492.0,HFL,,1.0,2537.0,9614.0
DZ1360,1360.0,1349,上清九天上帝祝百神內名經,1.0,,,,,exact,,,KR5g0169,1.0,9682.0,2643.0,HFL,,1.0,2700.0,9910.0
DZ1361,1361.0,1350,上清七聖玄紀經,1.0,,,,,exact,,,KR5g0170,1.0,1951.0,415.0,HFL,,1.0,465.0,1765.0
DZ1362,1362.0,1351,上清太上迴元隱道除罪籍經,1.0,,,,,exact,,,KR5g0171,1.0,7160.0,2013.0,HFL,,1.0,2102.0,7614.0
DZ1363,1363.0,1352,上清太極真人撰所施行祕要經,1.0,,,,,fuzzy,0.9230769230769232,上清太極真人撰所施行秘要經,KR5g0172,1.0,6692.0,1827.0,HFL,,1.0,1917.0,7107.0
DZ1364,1364.0,1353,上清洞真智慧觀身大戒文,1.0,,,,,exact,,,KR5g0173,1.0,21745.0,6168.0,HFL,,1.0,6261.0,21799.0
DZ1365,1365.0,1354,上清元始譜錄太真玉訣,1.0,,,,,exact,,,KR5g0174,1.0,9367.0,2582.0,HFL,,1.0,2647.0,9777.0
DZ1366,1366.0,1355,上清天關三圖經,1.0,,,,,exact,,,KR5g0175,1.0,21480.0,5768.0,HFL,,1.0,5859.0,21474.0
DZ1367,1367.0,1356,上清河圖內玄經,2.0,,,,,exact,,,KR5g0176,3.0,34265.0,9622.0,HFL,,1.0,9823.0,36213.0
DZ1368,1368.0,1357,上清迴神飛霄登空招五星上法經,1.0,,,,,fuzzy,0.9285714285714286,上清回神飛霄登空招五星上法經,KR5g0177,1.0,8431.0,2379.0,HFL,,1.0,2458.0,9040.0
DZ1369,1369.0,1358,上清化形隱景登昇保仙上經,1.0,,,,,exact,,,KR5g0178,1.0,5044.0,1372.0,HFL,,1.0,1446.0,5248.0
DZ1370,1370.0,1359,上清迴耀飛光日月精華上經,1.0,,,,,exact,,,KR5g0179,1.0,4104.0,892.0,HFL,,1.0,935.0,3663.0
DZ1371,1371.0,1360,上清素靈上篇,1.0,,,,,exact,,,KR5g0180,1.0,10999.0,3150.0,HFL,,1.0,3224.0,11607.0
DZ1372,1372.0,1361,上清高上玉晨鳳臺曲素上經,1.0,1.0,楊羲,3527.0,,exact,,,KR5g0181,1.0,19662.0,5482.0,HFL,,1.0,5628.0,20659.0
DZ1373,1373.0,1362,上清外國放品青童內文,2.0,,,,,exact,,,KR5g0182,3.0,56238.0,15674.0,HFL,,1.0,15788.0,57247.0
DZ1374,1374.0,1363,上清諸真人授經時頌金真章,1.0,,,,,exact,,,KR5g0183,1.0,4367.0,969.0,HFL,,1.0,1074.0,4050.0
DZ1375,1375.0,1364,上清無上金元玉清金真飛元步虛玉章,1.0,,,,,exact,,,KR5g0184,1.0,4624.0,958.0,HFL,,1.0,1034.0,4053.0
DZ1376,1376.0,1365,上清太上帝君九真中經,2.0,,,,,exact,,,KR5g0185,3.0,43255.0,12424.0,HFL,,1.0,12544.0,46486.0
DZ1377,1377.0,1366,上清太上九真中經降生神丹訣,1.0,1.0,楊羲,3527.0,,fuzzy,0.9230769230769232,上清太上九真中經絳生神丹訣,KR5g0186,1.0,22405.0,6472.0,HFL,,1.0,6582.0,24430.0
DZ1378,1378.0,1367,上清金真玉光八景飛經,1.0,,,,,exact,,,KR5g0187,1.0,24704.0,7122.0,HFL,,1.0,7396.0,27016.0
DZ1379,1379.0,1368,上清玉帝七聖玄紀迴天九霄經,1.0,1.0,楊羲,3527.0,,exact,,,KR5g0188,1.0,31415.0,8988.0,HFL,,1.0,9094.0,33183.0
DZ1380,1380.0,1369,上清太上黃素四十四方經,1.0,,,,,exact,,,KR5g0189,1.0,22051.0,6380.0,HFL,,1.0,6477.0,23813.0
DZ1381,1381.0,1370,上清明堂玄丹真經,1.0,,,,,exact,,,KR5g0190,1.0,5036.0,1335.0,HFL,,1.0,1386.0,5180.0
DZ1382,1382.0,1371,上清九丹上化胎精中記經,1.0,1.0,楊羲,3527.0,,exact,,,KR5g0191,1.0,28375.0,8202.0,HFL,,1.0,8318.0,30607.0
DZ1383,1383.0,1372,上清太上元始耀光金虎鳳文章寶經,1.0,,,,,exact,,,KR5g0192,1.0,7510.0,1796.0,HFL,,1.0,1853.0,6722.0
DZ1384,1384.0,1373,上清太一帝君太丹隱書解胞十二結節圖訣,1.0,,,,,exact,,,KR5g0193,1.0,9370.0,2367.0,HFL,,1.0,2449.0,9142.0
DZ1385,1385.0,1374,上清洞真天寶大洞三景寶籙,2.0,,,,,exact,,,KR5g0194,3.0,58788.0,15935.0,HFL,,1.0,16197.0,59591.0
DZ1386,1386.0,1375,上清大洞三景玉清隱書訣籙,1.0,,,,,fuzzy,0.9166666666666666,上清大洞三景玉清隱書訣箓,KR5g0195,1.0,9039.0,2235.0,HFL,,1.0,2284.0,8168.0
DZ1387,1387.0,1376,上清元始高上玉皇九天譜錄,1.0,,,,,exact,,,KR5g0196,1.0,15044.0,1627.0,HFL,,1.0,320.0,1191.0
DZ1388,1388.0,1377,上清金真玉皇上元九天真靈三百六十五部元錄,1.0,1.0,金明七真,15656.0,撰,exact,,,KR5g0197,1.0,23675.0,6744.0,HFL,,1.0,6845.0,24097.0
DZ1389,1389.0,1378,上清高聖太上大道君洞真金元八景玉錄,1.0,,,,,exact,,,KR5g0198,1.0,19477.0,5704.0,HFL,,1.0,5795.0,21104.0
DZ1390,1390.0,1379,上清洞天三五金剛玄籙儀經,1.0,,,,,fuzzy,0.9565217391304348,上清洞天三五金剛玄籙儀,KR5g0199,1.0,28942.0,8235.0,HFL,,1.0,8308.0,28627.0
DZ1391,1391.0,1380,上清瓊宮靈飛六甲錄,1.0,1.0,楊羲,3527.0,,fuzzy,0.8888888888888888,上清瓊宮靈飛六甲箓,KR5g0200,1.0,11091.0,2594.0,HFL,,1.0,2696.0,10777.0
DZ1392,1392.0,1381,上清曲素訣辭籙,1.0,,,,,exact,,,KR5g0201,1.0,8887.0,1681.0,HFL,,1.0,1761.0,6748.0
DZ1393,1393.0,1382,上清元始變化寶真上經九靈太妙龜山玄籙,3.0,,,,,fuzzy,0.8888888888888888,上清元始變化寶真上經九靈大妙龜山玄箓,KR5g0202,1.0,140607.0,40165.0,HFL,,1.0,40528.0,145734.0
DZ1394,1394.0,1383,上清高上龜山玄籙,1.0,,,,,exact,,,KR5g0203,1.0,20799.0,5255.0,HFL,,1.0,5346.0,18791.0
DZ1395,1395.0,1384,上清大洞九微八道大經妙籙,1.0,,,,,exact,,,KR5g0204,1.0,2983.0,629.0,HFL,,1.0,694.0,2576.0
DZ1396,1396.0,1385,上清河圖寶籙,1.0,,,,,fuzzy,0.8333333333333334,上清河圖寶箓,KR5g0205,1.0,7032.0,1853.0,HFL,,1.0,2023.0,7685.0
DZ1397,1397.0,1386,四斗二十八宿天帝大籙,1.0,,,,,exact,,,KR5g0206,1.0,12590.0,3260.0,HFL,,1.0,3313.0,11520.0
DZ1398,1398.0,1387,大乘妙林經,3.0,,,,,exact,,,KR5g0207,4.0,66699.0,18976.0,HFL,,1.0,19109.0,70203.0
DZ1399,1399.0,1388,太上元寶金庭無為妙經,1.0,,,,,exact,,,KR5g0208,1.0,19394.0,5602.0,HFL,,1.0,5654.0,20730.0
DZ1400,1400.0,1389,上清黃庭養神經,1.0,,,,,exact,,,KR5g0209,1.0,8061.0,2189.0,HFL,,1.0,2243.0,8515.0
DZ1401,1401.0,1390,太上黃庭中景經,1.0,1.0,李千乘,15692.0,注,exact,,,KR5g0210,1.0,23358.0,6856.0,HFL,,1.0,6921.0,27966.0
DZ1402,1402.0,1391,上清黃庭五藏六府真人玉軸經,1.0,,,,,exact,,,KR5g0211,1.0,11713.0,3307.0,HFL,,1.0,3525.0,13345.0
DZ1403,1403.0,1392,上清僊府瓊林經,1.0,,,,,exact,,,KR5g0212,1.0,26116.0,7586.0,HFL,,1.0,7753.0,28400.0
DZ1404,1404.0,1393,上清太極真人神仙經,1.0,,,,,exact,,,KR5g0213,1.0,25961.0,7429.0,HFL,,1.0,7660.0,28169.0
DZ1405,1405.0,1394,長生胎元神用經,1.0,,,,,exact,,,KR5g0214,1.0,20438.0,5946.0,HFL,,1.0,6009.0,21573.0
DZ1406,1406.0,1395,太上靈寶芝草品,1.0,,,,,exact,,,KR5g0215,1.0,22266.0,4395.0,HFL,,1.0,4070.0,16594.0
DZ1407,1407.0,1396,洞玄靈寶二十四生圖經,1.0,1.0,葛巢甫,1421.0,,exact,,,KR5g0216,1.0,43254.0,11156.0,HFL,,1.0,11177.0,40426.0
DZ1408,1408.0,1397,玉清上宮科太真文,1.0,,,,,exact,,,KR5g0217,1.0,12654.0,2977.0,HFL,,1.0,3097.0,11800.0
DZ1409,1409.0,1398,太上九真明科,1.0,,,,,exact,,,KR5g0218,1.0,24405.0,7025.0,HFL,,1.0,7169.0,26475.0
DZ1410,1410.0,1399,洞玄靈寶千真科,1.0,,,,,exact,,,KR5g0219,1.0,32020.0,9219.0,HFL,,1.0,9403.0,35345.0
DZ1411,1411.0,1400,洞玄靈寶長夜之府九幽玉匱明真科,1.0,1.0,葛巢甫,1421.0,,exact,,,KR5g0220,1.0,42060.0,12287.0,HFL,,1.0,13940.0,52821.0
DZ1412,1412.0,1401,太上元始天尊說北帝伏魔神咒妙經,10.0,1.0,歐陽雯,15737.0,纂,exact,,,KR5g0221,11.0,106881.0,28528.0,HFL,,1.0,28650.0,105824.0
DZ1413,1413.0,1402,北帝伏魔經法建壇儀,1.0,1.0,盧中苓,15791.0,撰,exact,,,KR5g0222,1.0,19507.0,5505.0,HFL,,1.0,5553.0,20324.0
DZ1414,1414.0,1403,伏魔經壇謝恩醮儀,1.0,,,,,exact,,,KR5g0223,1.0,9154.0,2477.0,HFL,,1.0,2512.0,9214.0
DZ1415,1415.0,1404,北帝說豁落七元經,1.0,,,,,exact,,,KR5g0224,1.0,8598.0,2387.0,HFL,,1.0,2409.0,8844.0
DZ1416,1416.0,1405,七元真訣語驅疫祕經,1.0,,,,,fuzzy,0.8888888888888888,七元真訣語驅疫秘經,KR5g0225,1.0,4137.0,1087.0,HFL,,1.0,1128.0,4087.0
DZ1417,1417.0,1406,七元璇璣召魔品經,1.0,,,,,exact,,,KR5g0226,1.0,2983.0,779.0,HFL,,1.0,797.0,2889.0
DZ1418,1418.0,1407,元始說度豐都經,1.0,,,,,fuzzy,0.8571428571428571,元始說度酆都經,KR5g0227,1.0,4937.0,1326.0,HFL,,1.0,1364.0,4995.0
DZ1419,1419.0,1408,七元召魔伏六天神咒經,1.0,,,,,exact,,,KR5g0228,1.0,7266.0,1836.0,HFL,,1.0,1875.0,6905.0
DZ1420,1420.0,1409,七元真人說神真靈符經,1.0,,,,,exact,,,KR5g0229,1.0,4490.0,887.0,HFL,,1.0,902.0,3282.0
DZ1421,1421.0,1410,太上紫微中天七元真經,1.0,,,,,exact,,,KR5g0230,1.0,4056.0,956.0,HFL,,1.0,983.0,3690.0
DZ1422,1422.0,1411,枕中經,1.0,,,,,exact,,,KR5g0231,1.0,2710.0,692.0,HFL,,1.0,695.0,2622.0
DZ1423,1423.0,1412,太清元道真經,3.0,,,,,exact,,,KR5g0232,4.0,8194.0,1937.0,HFL,,1.0,2043.0,7526.0
DZ1424,1424.0,1413,太上老君太素經,1.0,,,,,exact,,,KR5g0233,1.0,2074.0,519.0,HFL,,1.0,579.0,2142.0
DZ1425,1425.0,1414,靈信經旨,1.0,,,,,exact,,,KR5g0234,1.0,7996.0,1959.0,HFL,,1.0,1995.0,7625.0
DZ1426,1426.0,1415,唐太古妙應孫真人福壽論,1.0,1.0,孫思邈,10904.0,撰,exact,,,KR5g0235,1.0,4563.0,1263.0,HFL,,1.0,1297.0,4682.0
DZ1427,1427.0,1416,太清道林攝生論,1.0,,,,,exact,,,KR5g0236,1.0,25964.0,7512.0,HFL,,1.0,7992.0,31414.0
DZ1428,1428.0,1417,侍帝晨東華上佐司命楊君傳記,1.0,,,,,exact,,,KR5g0237,1.0,15607.0,4366.0,HFL,,1.0,4533.0,16400.0
DZ1429,1429.0,1418,長春真人西遊記,2.0,2.0,李志常,15695.0,撰,fuzzy,0.8571428571428571,長春真人西游記,KR5g0238,3.0,71675.0,20797.0,HFL,,1.0,20941.0,75154.0
DZ1430,1430.0,1419,道藏闕經目錄,2.0,,,,,,,,KR5g0240,3.0,33861.0,7961.0,HFL,,,,
DZ1431,,,大明道藏經目錄，續道藏經目錄,,,,,,,,,KR5g0243+DZ1431,6.0,97294.0,23485.0,HFL,KR5g0243;KR5g0244,,,
DZ1432,1432.0,1422,太上中道妙法蓮華經,10.0,,,,,exact,,,KR5h0001,11.0,48800.0,12158.0,HFL,,1.0,12778.0,46695.0
DZ1433,1433.0,1423* ,太上元始天尊說寶月光皇后聖母天尊孔雀明王經,1.0,,,,,exact,,,KR5h0002,1.0,30007.0,8015.0,HFL,,1.0,14750.0,56254.0
DZ1434,1434.0,1423* ,聖母孔雀明王尊經啟白儀,1.0,,,,,exact,,,KR5h0003,1.0,19945.0,5146.0,HFL,,1.0,3357.0,12834.0
DZ1435,1435.0,1423* ,太上元始天尊說孔雀經白文,1.0,,,,,exact,,,KR5h0004,1.0,18548.0,4732.0,HFL,,1.0,70.0,286.0
DZ1436,1436.0,1424,上清元始變化寶真上經,1.0,,,,,exact,,,KR5h0005,1.0,55454.0,16228.0,HFL,,1.0,16474.0,59472.0
DZ1437,1437.0,1425,太上老君開天經,1.0,1.0,張泮,15621.0,撰,exact,,,KR5h0006,1.0,6932.0,1929.0,HFL,,1.0,2178.0,8509.0
DZ1438,1438.0,1426,太上老君虛無自然本起經,1.0,,,,,exact,,,KR5h0007,1.0,16288.0,4727.0,HFL,,1.0,5235.0,19693.0
DZ1439,1439.0,1427,洞玄靈寶玉京山步虛經,1.0,1.0,葛巢甫,1421.0,,exact,,,KR5h0008,1.0,10777.0,3020.0,HFL,,1.0,3154.0,11400.0
DZ1440,1440.0,1428,皇經集註,1.0,1.0,周玄貞,15575.0,纂,manual,,,KR5h0009,11.0,324649.0,87621.0,HFL,,1.0,86289.0,313988.0
DZ1441,1441.0,1429,元始天尊說東嶽化身濟生度死拔罪解冤保命玄範誥咒妙經,1.0,,,,,exact,,,KR5h0010,1.0,12006.0,3299.0,HFL,,1.0,3428.0,12117.0
DZ1442,1442.0,1430,太上三元賜福赦罪解厄消災延生保命妙經,1.0,,,,,fuzzy,0.9444444444444444,太上三元賜福敖罪解厄消災延生保命妙經,KR5h0011,1.0,10013.0,2677.0,HFL,,1.0,2804.0,10266.0
DZ1443,1443.0,1431,太上元陽上帝無始天尊說火車王靈官真經,1.0,,,,,exact,,,KR5h0012,1.0,11537.0,2954.0,HFL,,1.0,3026.0,11054.0
DZ1444,1444.0,1432,元始天尊說藥王救八十一難真經,1.0,,,,,exact,,,KR5h0013,1.0,7846.0,2015.0,HFL,,1.0,2074.0,7668.0
DZ1445,1445.0,1433,碧霞元君護國庇民普濟保生妙經,1.0,,,,,exact,,,KR5h0014,1.0,7683.0,2052.0,HFL,,1.0,2101.0,7686.0
DZ1446,1446.0,1434,太上大聖朗靈上將護國妙經,1.0,,,,,exact,,,KR5h0015,1.0,2407.0,582.0,HFL,,1.0,632.0,2209.0
DZ1447,1447.0,1435,太上老君說城隍感應消災集福妙經,1.0,,,,,exact,,,KR5h0016,1.0,4941.0,1282.0,HFL,,1.0,1349.0,4795.0
DZ1448,1448.0,1436,太上洞玄靈寶五顯觀華光本行妙經,1.0,,,,,exact,,,KR5h0017,1.0,9626.0,2672.0,HFL,,1.0,2747.0,10076.0
DZ1449,1449.0,1437,太上說通真高皇解冤經,1.0,,,,,exact,,,KR5h0018,1.0,1743.0,396.0,HFL,,1.0,489.0,1826.0
DZ1450,1450.0,1438,中天紫微星真寶懺,1.0,,,,,exact,,,KR5h0019,1.0,5922.0,1555.0,HFL,,1.0,1624.0,5831.0
DZ1451,1451.0,1439,紫皇鍊度玄科,1.0,,,,,exact,,,KR5h0020,1.0,26884.0,6906.0,HFL,,1.0,7075.0,25991.0
DZ1452,1452.0,1440,先天斗母奏告玄科,1.0,,,,,exact,,,KR5h0021,1.0,18254.0,4960.0,HFL,,1.0,5150.0,18421.0
DZ1453,1453.0,1441,朝真發願懺悔文,1.0,,,,,exact,,,KR5h0022,1.0,3207.0,829.0,HFL,,1.0,857.0,3119.0
DZ1454,1454.0,1442,靈寶施食法,1.0,,,,,exact,,,KR5h0023,1.0,4690.0,1225.0,HFL,,1.0,1272.0,4600.0
DZ1455,1455.0,1443,太微帝君二十四神回元經,1.0,,,,,exact,,,KR5h0024,1.0,6812.0,1935.0,HFL,,1.0,2022.0,7495.0
DZ1456,1456.0,1444,北斗九皇隱諱經,1.0,,,,,exact,,,KR5h0025,1.0,5058.0,1396.0,HFL,,1.0,1511.0,5667.0
DZ1457,1457.0,1445,高上玉宸憂樂章,1.0,1.0,楊羲,3527.0,,exact,,,KR5h0026,1.0,5747.0,1589.0,HFL,,1.0,1786.0,6757.0
DZ1458,1458.0,1446,太上洞真徊玄章,1.0,,,,,exact,,,KR5h0027,1.0,2823.0,716.0,HFL,,1.0,784.0,2936.0
DZ1459,1459.0,1447,上清金章十二篇,1.0,,,,,exact,,,KR5h0028,1.0,3616.0,967.0,HFL,,1.0,1134.0,4385.0
DZ1460,1460.0,1448,太上洞玄濟眾經,1.0,,,,,exact,,,KR5h0029,1.0,2802.0,719.0,HFL,,1.0,834.0,3121.0
DZ1461,1461.0,1449,大洞經吉祥神咒法,1.0,,,,,exact,,,KR5h0030,1.0,5488.0,1094.0,HFL,,1.0,1143.0,4185.0
DZ1462,1462.0,1450,皇明恩命世錄,9.0,,,,,exact,,,KR5h0031,10.0,74130.0,17949.0,HFL,,1.0,18195.0,67463.0
DZ1463,1463.0,1451,漢天師世家,4.0,1.0,張國祥,15609.0,編,exact,,,KR5h0032,5.0,92929.0,27009.0,HFL,,1.0,27175.0,97569.0
DZ1464,1464.0,1452,弘道錄,56.0,1.0,邵經邦,15875.0,撰,exact,,,KR5h0033,42.0,1179501.0,334364.0,HFL,,1.0,336994.0,1215993.0
DZ1465,1465.0,1453,消搖墟經,2.0,1.0,洪應明,15749.0,撰,exact,,,KR5h0034,3.0,74761.0,21559.0,HFL,,1.0,21684.0,78865.0
DZ1466,1466.0,1454,長生詮經,1.0,,,,,exact,,,KR5h0035,1.0,29650.0,8379.0,HFL,,1.0,8416.0,31529.0
DZ1467,1467.0,1455,無生訣經,1.0,,,,,exact,,,KR5h0036,1.0,32238.0,8983.0,HFL,,1.0,9021.0,33979.0
DZ1468,1468.0,1456,徐仙翰藻,14.0,,,,,exact,,,KR5h0037,15.0,254207.0,71450.0,HFL,,1.0,71494.0,260902.0
DZ1469,1469.0,1457,贊靈集,4.0,,,,,exact,,,KR5h0038,5.0,53107.0,14124.0,HFL,,1.0,14270.0,53539.0
DZ1470,1470.0,1458,徐仙真錄,5.0,2.0,黃恒,15940.0,纂,exact,,,KR5h0039,6.0,195137.0,48582.0,HFL,,1.0,48764.0,182393.0
DZ1471,1471.0,1459,儒門崇理折衷堪輿完孝錄,8.0,,,,,exact,,,KR5h0040,9.0,312630.0,84713.0,HFL,,1.0,65079.0,240327.0
DZ1472,1472.0,1460,岱史,18.0,1.0,查志隆,15723.0,撰,exact,,,KR5h0041,19.0,495712.0,134245.0,HFL,,1.0,133448.0,483964.0
DZ1473,1473.0,1461,易因上下經,6.0,1.0,李贄,15706.0,撰,manual,,,KR5h0042,1.0,270993.0,77458.0,HFL,,1.0,79162.0,304605.0
DZ1474,1474.0,1463,古易考原,3.0,,,,,exact,,,KR5h0043,4.0,61148.0,16232.0,HFL,,1.0,15770.0,56866.0
DZ1475,1475.0,1464,易林上下經,10.0,2.0,焦贛,333.0,撰,manual,,,KR5h0044,17.0,556832.0,121154.0,HFL,,1.0,113449.0,526696.0
DZ1476,1476.0,1466,搜神記,6.0,,,,,exact,,,KR5h0045,7.0,130243.0,35184.0,HFL,,1.0,35541.0,128078.0
DZ1477,1477.0,1467,太初元氣接要保生之論,1.0,,,,,exact,,,KR5h0046,1.0,5924.0,1640.0,HFL,,1.0,1682.0,6230.0
DZ1478,1478.0,1468,化書,6.0,1.0,覃峭,15851.0,撰,exact,,,KR5h0047,7.0,45316.0,12059.0,HFL,,1.0,12139.0,45098.0
DZ1479,1479.0,1469,水鏡錄,1.0,,,,,exact,,,KR5h0048,1.0,17723.0,5095.0,HFL,,1.0,5185.0,18974.0
DZ1480,1480.0,1470* ,許真君玉匣記,1.0,,,,,exact,,,KR5h0049+DZ1480,2.0,12520.0,3182.0,HFL,KR5h0049;KR5h0050,1.0,1883.0,7273.0
DZ1481,1481.0,1470* ,法師選擇記,1.0,,,,,exact,,,KR5h0051,1.0,40014.0,10197.0,HFL,,1.0,0.0,0.0
DZ1482,1482.0,1471,玄天上帝百字聖號,1.0,,,,,exact,,,KR5h0052,1.0,59725.0,15705.0,HFL,,1.0,15373.0,59530.0
DZ1483,1483.0,1472,天皇至道太清玉冊,8.0,1.0,朱權,15685.0,撰,exact,,,KR5h0053,1.0,246621.0,64174.0,HFL,,1.0,65447.0,248946.0
DZ1484,1484.0,1473,呂祖志,6.0,,,,,exact,,,KR5h0054,1.0,129814.0,37367.0,HFL,,1.0,37630.0,136132.0
DZ1485,1485.0,1474,紫微斗數,3.0,,,,,exact,,,KR5h0055,1.0,110796.0,26434.0,HFL,,1.0,26654.0,104495.0
DZ1486,1486.0,1475,老子翼,6.0,1.0,焦竤,15751.0,撰,exact,,,KR5h0056,7.0,221715.0,62053.0,HFL,,1.0,53777.0,193906.0
DZ1487,1487.0,1476,莊子翼,8.0,1.0,焦竤,15751.0,撰,exact,,,KR5h0057,9.0,462428.0,132374.0,HFL,,1.0,134699.0,488073.0
