review_id,suggested_action,action,match_status,match_tier,match_note,wiki_sourcePage,wiki_dynastySection,wiki_dyn_candidates,wiki_fief,fief_corrected,wiki_pn,pn_corrected,wiki_nt,wiki_person,wiki_personBare,wiki_startYear,wiki_endYear,wikidataId,wikiPersonUrl,norbert_person_id,norbert_nt_ind,norbert_can_name,norbert_dyn,norbert_fief,norbert_pn,norbert_nt,norbert_start_year,norbert_end_year,norbert_dyn_id,fill_notes,reviewer_notes
1,review,,wiki_only,,no Norbert match,江陽公,,,江陽,,,,公,王瑊,王瑊,,,Q45495174,https://zh.wikipedia.org/wiki/%E7%8E%8B%E7%91%8A,,,,,,,,,,,,
2,review,,wiki_only,,no Norbert match,江陽公,,,江陽,,,,公,王滋 (江陽公),王滋,,,Q12582969,https://zh.wikipedia.org/wiki/%E7%8E%8B%E6%BB%8B_(%E6%B1%9F%E9%99%BD%E5%85%AC),,,,,,,,,,,,
3,review,,wiki_only,,no Norbert match,樂浪侯,,,樂浪,,,,侯,王璥 (樂浪侯),王璥,,,Q16259836,https://zh.wikipedia.org/wiki/%E7%8E%8B%E7%92%A5_(%E6%A8%82%E6%B5%AA%E4%BE%AF),,,,,,,,,,,,
4,insert_nt,,person_only,E,"person in Norbert, no matching NT row",樂浪侯,,,樂浪,,,,侯,王忱 (高麗),王忱,,,,https://zh.wikipedia.org/wiki/%E7%8E%8B%E5%BF%B1_(%E9%AB%98%E9%BA%97),4267,,王忱,,,,,,,,,
5,review,,wiki_only,,no Norbert match,樂浪侯,,,樂浪,,,,侯,王瑛 (樂浪侯),王瑛,,,Q16904075,https://zh.wikipedia.org/wiki/%E7%8E%8B%E7%91%9B_(%E6%A8%82%E6%B5%AA%E4%BE%AF),,,,,,,,,,,,
6,review,,ambiguous,D,2 Norbert candidates,平原王 (消歧義),東漢,東漢|漢,平原懷,,,,王,劉勝,劉勝,,,Q7280,https://zh.wikipedia.org/wiki/%E6%B1%89%E5%92%8C%E5%B8%9D,7156,1189,劉勝,漢,平原,懷,王,,,46,,
7,link,,matched,D,full NT match,平原王 (消歧義),東漢,東漢|漢,平原哀,,,,王,劉得,劉得,,,Q6852702,https://zh.wikipedia.org/wiki/%E5%8A%89%E4%BC%89,14467,2004,劉得,漢,平原,,王,,,46,,
8,link,,matched,D,full NT match,平原王 (消歧義),東漢,東漢|漢,平原,,,,王,劉翼,劉翼,,,Q10897903,https://zh.wikipedia.org/wiki/%E5%88%98%E7%BF%BC,12923,1998,劉翼,漢,北海,恭,王,,,46,,
9,review,,wiki_only,,no Norbert match,平原王 (消歧義),東漢,東漢|漢,平原,,,,王,劉顧,劉顧,,,Q48927547,https://zh.wikipedia.org/wiki/%E5%88%98%E7%A1%95,,,,,,,,,,,,
10,link,,matched,D,full NT match,平原王 (消歧義),曹魏,三國魏|魏,平原,,,,王,曹叡,曹叡,,,Q378470,https://zh.wikipedia.org/wiki/%E6%9B%B9%E5%8F%A1,263,1520,曹叡,魏,魏,明,帝,,,48,,
11,link,,matched,B,full NT match,平原王 (消歧義),晉,晉,平原,,,,王,司馬榦,司馬榦,,,Q10916632,https://zh.wikipedia.org/wiki/%E5%8F%B8%E9%A6%AC%E6%A6%A6,8786,860,司馬榦,晉,平原,,王,,,51,,
12,insert_nt,,person_only,E,"person in Norbert, no matching NT row",平原王 (消歧義),後趙,後趙,平原,,,,王,石斌,石斌,,,Q16903845,https://zh.wikipedia.org/wiki/%E7%9F%B3%E6%96%8C,14875,,石斌,,,,,,,,,
13,review,,wiki_only,,no Norbert match,平原王 (消歧義),前秦,前秦,平原,,,,王,苻鏘,苻鏘,,,Q17030832,https://zh.wikipedia.org/wiki/%E8%8B%BB%E9%8F%98,,,,,,,,,,,,
14,link,,matched,D,full NT match,平原王 (消歧義),夏,夏,平原,,,,王,赫連定,赫連定,,,Q1149413,https://zh.wikipedia.org/wiki/%E8%B5%AB%E9%80%A3%E5%AE%9A,303,2174,赫連定,夏,夏,後,主,,,71,,
15,insert_nt,,person_only,E,"person in Norbert, no matching NT row",平原王 (消歧義),北魏,北魏|拓跋魏,,,,,,陸麗,陸麗,,,Q4996469,https://zh.wikipedia.org/wiki/%E9%99%B8%E9%BA%97,2257,,陸麗,,,,,,,,,
16,insert_nt,,person_only,E,"person in Norbert, no matching NT row",平原王 (消歧義),北魏,北魏|拓跋魏,,,,,,陸定國,陸定國,,,Q55708146,https://zh.wikipedia.org/wiki/%E9%99%B8%E5%AE%9A%E5%9C%8B,14728,,陸定國,,,,,,,,,
17,insert_nt,,person_only,E,"person in Norbert, no matching NT row",平原王 (消歧義),北魏,北魏|拓跋魏,,,,,,陸叡,陸叡,,,Q18236230,https://zh.wikipedia.org/wiki/%E9%99%86%E5%8F%A1_(%E5%8C%97%E9%AD%8F),1741,,陸叡,,,,,,,,,
18,review,,wiki_only,,no Norbert match,平原王 (消歧義),北魏,北魏|拓跋魏,,,,,,元祉,元祉,,,Q30943602,https://zh.wikipedia.org/wiki/%E5%85%83%E7%A5%89,,,,,,,,,,,,
19,review,,wiki_only,,no Norbert match,平原王 (消歧義),東魏,東魏,,,,,,元子均,元子均,,,,https://zh.wikipedia.org/wiki/%E5%85%83%E5%AD%90%E5%9D%87_(%E4%B8%9C%E9%AD%8F),,,,,,,,,,,,
20,link,,matched,D,full NT match,平原王 (消歧義),北齊,北齊,,,,,,高隆之,高隆之,,,Q10566862,https://zh.wikipedia.org/wiki/%E9%AB%98%E9%9A%86%E4%B9%8B,7219,1526,高隆之,魏,,,王,,,,,
21,link,,matched,D,full NT match,平原王 (消歧義),北齊,北齊,,,,,,段韶,段韶,,,Q20041361,https://zh.wikipedia.org/wiki/%E6%AE%B5%E9%9F%B6,2560,1746,段韶,齊,平原,,王,,,94,,
22,review,,wiki_only,,no Norbert match,平原王 (消歧義),北齊,北齊,,,,,,段懿,段懿,,,Q30942797,https://zh.wikipedia.org/wiki/%E6%AE%B5%E6%87%BF,,,,,,,,,,,,
23,review,,wiki_only,,no Norbert match,平原王 (消歧義),北齊,北齊,,,,,,段寶鼎,段寶鼎,,,Q30942797,https://zh.wikipedia.org/wiki/%E6%AE%B5%E6%87%BF,,,,,,,,,,,,
24,review,,wiki_only,,no Norbert match,平原王 (消歧義),高句麗,高句麗,,,,,,高陽成,高陽成,,,Q498904,https://zh.wikipedia.org/wiki/%E5%B9%B3%E5%8E%9F%E7%8E%8B,,,,,,,,,,,,
25,insert_nt,,person_only,E,"person in Norbert, no matching NT row",平原王 (消歧義),隋朝,隋,,,,,,楊裕,楊裕,,,,https://zh.wikipedia.org/wiki/%E6%9D%A8%E8%A3%95,13356,,楊裕,,,,,,,,,
26,review,,wiki_only,,no Norbert match,平原王 (消歧義),唐朝,唐,,,,,,李白駒,李白駒,,,,https://zh.wikipedia.org/wiki/%E6%9D%8E%E7%99%BD%E9%A9%B9,,,,,,,,,,,,
27,review,,wiki_only,,no Norbert match,平原王 (消歧義),唐朝,唐,,,,,,李伸,李伸,,,Q15886049,https://zh.wikipedia.org/wiki/%E6%9D%8E%E4%BC%B8,,,,,,,,,,,,
28,insert_nt,,person_only,E,"person in Norbert, no matching NT row",平原王 (消歧義),唐朝,唐,,,,,,柏良器,柏良器,,,Q10349252,https://zh.wikipedia.org/wiki/%E6%9F%8F%E8%89%AF%E5%99%A8,11346,,柏良器,,,,,,,,,
29,review,,wiki_only,,no Norbert match,平原王 (消歧義),唐朝,唐,,,,,,李寧,李寧,,,Q11073402,https://zh.wikipedia.org/wiki/%E6%9D%8E%E5%AE%81_(%E5%94%90%E6%9C%9D),,,,,,,,,,,,
30,review,,wiki_only,,no Norbert match,平原王 (消歧義),南吳,南吳,,,,,,楊澈,楊澈,,,Q10342291,https://zh.wikipedia.org/wiki/%E6%9D%A8%E6%BE%88_(%E5%8D%81%E5%9B%BD),,,,,,,,,,,,
31,review,,wiki_only,,no Norbert match,平原王 (消歧義),宋朝,宋|北宋,,,,,,趙孝奕,趙孝奕,,,,https://zh.wikipedia.org/wiki/%E8%B5%B5%E5%AD%9D%E5%A5%95,,,,,,,,,,,,
32,review,,wiki_only,,no Norbert match,平原王 (消歧義),宋朝,宋|北宋,,,,,,趙仲綜,趙仲綜,,,,https://zh.wikipedia.org/wiki/%E8%B5%B5%E4%BB%B2%E7%BB%BC,,,,,,,,,,,,
33,review,,wiki_only,,no Norbert match,平原王 (消歧義),宋朝,宋|北宋,,,,,,韓侂冑,韓侂冑,,,Q708637,https://zh.wikipedia.org/wiki/%E9%9F%93%E4%BE%82%E5%86%91,,,,,,,,,,,,
34,insert_nt,,person_only,E,"person in Norbert, no matching NT row",平原王 (消歧義),金朝,金朝,,,,,,李石,李石,,,Q24837145,https://zh.wikipedia.org/wiki/%E6%9D%8E%E7%9F%B3_(%E9%87%91%E6%9C%9D),11266,,李石,,,,,,,,,
35,review,,wiki_only,,no Norbert match,宋少帝 (消歧義),,,,,,,,南朝,南朝,,,Q49696,https://zh.wikipedia.org/wiki/%E5%8D%97%E5%8C%97%E6%9C%9D,,,,,,,,,,,,
36,review,,wiki_only,,no Norbert match,宋少帝 (消歧義),,,,,,,,宋朝,宋朝,,,Q7462,https://zh.wikipedia.org/wiki/%E5%AE%8B%E6%9C%9D,,,,,,,,,,,,
37,review,,wiki_only,,no Norbert match,文成帝,相關項目,相關項目,文成,,,,帝,同諡號廟號列表,同諡號廟號列表,,,,https://zh.wikipedia.org/wiki/%E5%90%8C%E8%AB%A1%E5%8F%B7%E5%BB%9F%E5%8F%B7%E5%88%97%E8%A1%A8,,,,,,,,,,,,
38,update_nt,,matched,B,Norbert row incomplete,下邳王,漢朝,東漢|西漢|漢,下邳,,惠,,王,劉衍,劉衍,72,126,Q10900389,https://zh.wikipedia.org/wiki/%E5%8A%89%E8%A1%8D,6949,1194,劉衍,漢,下邳,惠,王,,,46,,
39,review,,wiki_only,,no Norbert match,下邳王,漢朝,東漢|西漢|漢,下邳,,貞,,王,劉成,劉成,126,128,,https://zh.wikipedia.org/wiki/%E5%88%98%E6%88%90_(%E4%B8%8B%E9%82%B3%E7%8E%8B),,,,,,,,,,,,
40,review,,wiki_only,,no Norbert match,下邳王,漢朝,東漢|西漢|漢,下邳,,愍,,王,劉意,劉意,128,185,Q10900390,https://zh.wikipedia.org/wiki/%E5%8A%89%E8%A1%8D_(%E4%B8%8B%E9%82%B3%E7%8E%8B),,,,,,,,,,,,
41,insert_nt,,person_only,E,"person in Norbert, no matching NT row",下邳王,漢朝,東漢|西漢|漢,下邳,,哀,,王,劉宜,劉宜,185,186,,https://zh.wikipedia.org/wiki/%E5%88%98%E5%AE%9C,105,,劉宜,,,,,,,,,
42,update_nt,,matched,C,Norbert row incomplete,下邳王,晉朝,西晉|東晉|晉,下邳,,獻,,王,司馬晃,司馬晃,,,,https://zh.wikipedia.org/wiki/%E5%8F%B8%E9%A9%AC%E6%99%83_(%E4%B8%8B%E9%82%B3%E7%8E%8B),8779,864,司馬晃,晉,下邳,,王,,,51,,
43,insert_nt,,person_only,E,"person in Norbert, no matching NT row",東海王,漢朝,東漢|西漢|漢,東海,,,,王,劉陽,劉陽,41,43,Q7271,https://zh.wikipedia.org/wiki/%E6%B1%89%E6%98%8E%E5%B8%9D,819,,劉陽,,,,,,,,,
44,update_nt,,matched,B,Norbert row incomplete,東海王,漢朝,東漢|西漢|漢,東海,,恭,,王,劉彊,劉彊,43,58,Q347788,https://zh.wikipedia.org/wiki/%E5%8A%89%E5%BD%8A,7582,1182,劉彊,漢,東海,恭,王,,,46,,
45,update_nt,,matched,D,Norbert row incomplete,東海王,漢朝,東漢|西漢|漢,東海,,靖,,王,劉政,劉政,58,102,Q10897594,https://zh.wikipedia.org/wiki/%E5%88%98%E6%94%BF_(%E4%B8%9C%E6%B5%B7%E7%8E%8B),14362,1976,劉政,漢,河閒,,王,,,42,,
46,review,,wiki_only,,no Norbert match,東海王,漢朝,東漢|西漢|漢,東海,,頃,,王,劉肅,劉肅,102,125,Q21073566,https://zh.wikipedia.org/wiki/%E5%88%98%E8%82%83,,,,,,,,,,,,
47,insert_nt,,person_only,E,"person in Norbert, no matching NT row",東海王,漢朝,東漢|西漢|漢,東海,,孝,,王,劉臻,劉臻,125,156,Q10900326,https://zh.wikipedia.org/wiki/%E5%8A%89%E8%87%BB,766,,劉臻,,,,,,,,,
48,insert_nt,,person_only,E,"person in Norbert, no matching NT row",東海王,漢朝,東漢|西漢|漢,東海,,懿,,王,劉祗,劉祗,156,200,Q10900218,https://zh.wikipedia.org/wiki/%E5%8A%89%E7%A5%97_(%E6%9D%B1%E6%B5%B7%E7%8E%8B),8725,,劉祗,,,,,,,,,
49,review,,ambiguous,D,2 Norbert candidates,東海王,漢朝,東漢|西漢|漢,崇德,,,,侯,劉羨,劉羨,200,220,Q347788,https://zh.wikipedia.org/wiki/%E5%8A%89%E5%BD%8A,1795,1153,劉羨,漢,陳,敬,王,,,46,,
50,review,,wiki_only,,no Norbert match,東海王,漢朝,東漢|西漢|漢,東海,,,,王,劉敦,劉敦,212,220,Q10899860,https://zh.wikipedia.org/wiki/%E5%8A%89%E6%95%A6,,,,,,,,,,,,
51,update_nt,,matched,B,Norbert row incomplete,東海王,曹魏,三國魏|魏,東海,,定,,王,曹霖,曹霖,232,250,Q703118,https://zh.wikipedia.org/wiki/%E6%9B%B9%E9%9C%96,10465,1632,曹霖,魏,東海,定,王,,,48,,
52,review,,wiki_only,,no Norbert match,東海王,曹魏,三國魏|魏,東海,,,,王,曹啟,曹啟,250,,Q5251290,https://zh.wikipedia.org/wiki/%E6%9B%B9%E5%95%9F,,,,,,,,,,,,
53,review,,wiki_only,,no Norbert match,東海王,西晉,西晉|晉,東海沖,,,,王,司馬祗,司馬祗,,,Q10916652,https://zh.wikipedia.org/wiki/%E5%8F%B8%E9%A6%AC%E7%A5%97,,,,,,,,,,,,
54,update_nt,,matched,C,Norbert row incomplete,東海王,西晉,西晉|晉,東海,,文獻,,王,司馬越,司馬越,,,Q985736,https://zh.wikipedia.org/wiki/%E5%8F%B8%E9%A9%AC%E8%B6%8A,8827,844,司馬越,晉,東海,,王,,,51,,
55,link,,matched,D,full NT match,東海王,南北朝,南北朝|劉宋|南齊|南梁|陳|北魏|東魏|西魏|北齊|北周,東海,,,,王,元曄,元曄,,,Q3276215,https://zh.wikipedia.org/wiki/%E5%85%83%E6%99%94,3739,2375,元曄,魏,魏,長廣,王,,,89,,
56,review,,wiki_only,,no Norbert match,中興祖,,,,,,,,孔子,孔子,,,Q4604,https://zh.wikipedia.org/wiki/%E5%AD%94%E5%AD%90,,,,,,,,,,,,
57,insert_nt,,person_only,E,"person in Norbert, no matching NT row",中興祖,,,,,,,,孟子,孟子,,,Q188903,https://zh.wikipedia.org/wiki/%E5%AD%9F%E5%AD%90,6228,,孟子,,,,,,,,,
58,review,,wiki_only,,no Norbert match,中山王,周朝,周朝,中山,,,,王,中山文公,中山文公,,,Q5428987,https://zh.wikipedia.org/wiki/%E4%B8%AD%E5%B1%B1%E6%96%87%E5%85%AC,,,,,,,,,,,,
59,review,,wiki_only,,no Norbert match,中山王,周朝,周朝,中山,,,,王,中山武公,中山武公,,,Q5428997,https://zh.wikipedia.org/wiki/%E4%B8%AD%E5%B1%B1%E6%AD%A6%E5%85%AC,,,,,,,,,,,,
60,review,,wiki_only,,no Norbert match,中山王,周朝,周朝,中山,,,,王,中山桓公,中山桓公,,,Q6419342,https://zh.wikipedia.org/wiki/%E4%B8%AD%E5%B1%B1%E6%A1%93%E5%85%AC,,,,,,,,,,,,
61,review,,wiki_only,,no Norbert match,中山王,周朝,周朝,中山,,,,王,中山成公,中山成公,,,Q10875283,https://zh.wikipedia.org/wiki/%E4%B8%AD%E5%B1%B1%E6%88%90%E5%85%AC,,,,,,,,,,,,
62,review,,wiki_only,,no Norbert match,中山王,周朝,周朝,中山,,,,王,𰯼,𰯼,,,Q6148148,https://zh.wikipedia.org/wiki/%E4%B8%AD%E5%B1%B1%E7%8E%8B%F0%B0%AF%BC,,,,,,,,,,,,
63,review,,wiki_only,,no Norbert match,中山王,周朝,周朝,中山,,,,王,𧊒,𧊒,,,Q10875301,https://zh.wikipedia.org/wiki/%E4%B8%AD%E5%B1%B1%E7%8E%8B%F0%A7%8A%92,,,,,,,,,,,,
64,review,,wiki_only,,no Norbert match,中山王,周朝,周朝,中山,,,,王,尚,尚,,,Q10875304,https://zh.wikipedia.org/wiki/%E4%B8%AD%E5%B1%B1%E7%8E%8B%E5%B0%9A,,,,,,,,,,,,
65,link,,matched,B,full NT match,中山王,漢朝,東漢|西漢|漢,中山,,靖,,王,劉勝,劉勝,,,,https://zh.wikipedia.org/wiki/%E5%88%98%E8%83%9C_(%E8%A5%BF%E6%B1%89),8657,1216,劉勝,漢,中山,靖,王,,,43,,
66,insert_nt,,person_only,E,"person in Norbert, no matching NT row",中山王,漢朝,東漢|西漢|漢,中山,,哀,,王,劉昌,劉昌,,,,https://zh.wikipedia.org/wiki/%E5%88%98%E6%98%8C_(%E4%B8%AD%E5%B1%B1%E7%8E%8B),10734,,劉昌,,,,,,,,,
67,review,,wiki_only,,no Norbert match,中山王,漢朝,東漢|西漢|漢,中山,,糠,,王,劉昆侈,劉昆侈,,,Q15846458,https://zh.wikipedia.org/wiki/%E5%8A%89%E6%98%8C_(%E4%B8%AD%E5%B1%B1%E7%8E%8B),,,,,,,,,,,,
68,link,,matched,D,full NT match,中山王,漢朝,東漢|西漢|漢,中山,,頃,,王,劉輔,劉輔,,,Q15846458,https://zh.wikipedia.org/wiki/%E5%8A%89%E6%98%8C_(%E4%B8%AD%E5%B1%B1%E7%8E%8B),8065,1152,劉輔,漢,沛,獻,王,,,46,,
69,review,,wiki_only,,no Norbert match,中山王,漢朝,東漢|西漢|漢,中山,,憲,,王,劉福,劉福,,,Q15846458,https://zh.wikipedia.org/wiki/%E5%8A%89%E6%98%8C_(%E4%B8%AD%E5%B1%B1%E7%8E%8B),,,,,,,,,,,,
70,review,,wiki_only,,no Norbert match,中山王,漢朝,東漢|西漢|漢,中山,,懷,,王,劉脩,劉脩,,,Q18459526,https://zh.wikipedia.org/wiki/%E5%88%98%E8%84%A9_(%E4%B8%AD%E5%B1%B1%E7%8E%8B),,,,,,,,,,,,
71,link,,matched,B,full NT match,中山王,漢朝,東漢|西漢|漢,中山,,哀,,王,劉竟,劉竟,,,Q10900242,https://zh.wikipedia.org/wiki/%E5%8A%89%E7%AB%9F,9460,1209,劉竟,漢,中山,哀,王,,,43,,
72,link,,matched,B,full NT match,中山王,漢朝,東漢|西漢|漢,中山,,孝,,王,劉興,劉興,,,Q10897158,https://zh.wikipedia.org/wiki/%E5%88%98%E5%85%B4_(%E4%B8%AD%E5%B1%B1%E7%8E%8B),9464,1205,劉興,漢,中山,孝,王,,,43,,
73,review,,wiki_only,,no Norbert match,中山王,漢朝,東漢|西漢|漢,中山,,,,王,劉箕子,劉箕子,,,,https://zh.wikipedia.org/wiki/%E5%88%98%E7%AE%95%E5%AD%90,,,,,,,,,,,,
74,review,,wiki_only,,no Norbert match,中山王,漢朝,東漢|西漢|漢,中山,,,,王,劉成都,劉成都,,,Q30949123,https://zh.wikipedia.org/wiki/%E5%8A%89%E6%88%90%E9%83%BD,,,,,,,,,,,,
75,link,,matched,B,full NT match,中山王,漢朝,東漢|西漢|漢,中山,,簡,,王,劉焉,劉焉,,,,https://zh.wikipedia.org/wiki/%E5%88%98%E7%84%89_(%E4%B8%AD%E5%B1%B1%E7%8E%8B),8188,1181,劉焉,漢,中山,簡,王,,,46,,
76,insert_nt,,person_only,E,"person in Norbert, no matching NT row",中山王,漢朝,東漢|西漢|漢,中山,,夷,,王,劉憲,劉憲,,,Q10900122,https://zh.wikipedia.org/wiki/%E5%8A%89%E7%84%89_(%E4%B8%AD%E5%B1%B1%E7%8E%8B),1797,,劉憲,,,,,,,,,
77,review,,ambiguous,D,3 Norbert candidates,中山王,漢朝,東漢|西漢|漢,中山,,孝,,王,劉弘,劉弘,,,Q10900122,https://zh.wikipedia.org/wiki/%E5%8A%89%E7%84%89_(%E4%B8%AD%E5%B1%B1%E7%8E%8B),4841,1041,劉弘,漢,武陶,孝,侯,,,43,,
78,link,,matched,D,full NT match,中山王,漢朝,東漢|西漢|漢,中山,,穆,,王,劉暢,劉暢,,,Q10900122,https://zh.wikipedia.org/wiki/%E5%8A%89%E7%84%89_(%E4%B8%AD%E5%B1%B1%E7%8E%8B),9275,1151,劉暢,漢,梁,節,王,,,46,,
79,review,,wiki_only,,no Norbert match,中山王,漢朝,東漢|西漢|漢,中山,,節,,王,劉稚,劉稚,,,Q10900122,https://zh.wikipedia.org/wiki/%E5%8A%89%E7%84%89_(%E4%B8%AD%E5%B1%B1%E7%8E%8B),,,,,,,,,,,,
80,link,,matched,D,full NT match,中山王,十六國,十六國,中山,,,,王,石虎,石虎,,,Q1149441,https://zh.wikipedia.org/wiki/%E7%9F%B3%E8%99%8E_(%E5%BE%8C%E8%B6%99),4302,2396,石虎,趙,趙,武,皇帝,,,57,,
81,link,,matched,D,full NT match,中山王,十六國,十六國,中山,,,,王,慕容暐,慕容暐,,,Q1074804,https://zh.wikipedia.org/wiki/%E6%85%95%E5%AE%B9%E6%9A%90,4001,1262,慕容暐,燕,燕,幽,帝,,,59,,
82,review,,wiki_only,,no Norbert match,中山王,十六國,十六國,中山,,,,王,慕容衝,慕容衝,,,Q1074358,https://zh.wikipedia.org/wiki/%E6%85%95%E5%AE%B9%E5%86%B2,,,,,,,,,,,,
83,insert_nt,,person_only,E,"person in Norbert, no matching NT row",中山王,北朝,北朝,中山,,簡,,王,拓跋纂,拓跋纂,,,Q22100873,https://zh.wikipedia.org/wiki/%E6%8B%93%E8%B7%8B%E7%BA%82,14705,,拓跋纂,,,,,,,,,
84,link,,matched,D,full NT match,中山王,北朝,北朝,中山,,,,王,元善見,元善見,,,Q1149239,https://zh.wikipedia.org/wiki/%E9%AD%8F%E5%AD%9D%E9%9D%99%E5%B8%9D,7809,1521,元善見,魏,魏,孝靜,帝,,,92,,
85,review,,wiki_only,,no Norbert match,中山王,明朝,明,中山,,武寧,,王,徐達,徐達,,,Q1355886,https://zh.wikipedia.org/wiki/%E5%BE%90%E9%81%94,,,,,,,,,,,,
86,review,,wiki_only,,no Norbert match,中山王,參考書目,參考書目,中山,,,,王,漢書,漢書,,,Q846905,https://zh.wikipedia.org/wiki/%E6%B1%89%E4%B9%A6,,,,,,,,,,,,
87,review,,wiki_only,,no Norbert match,中山王,參考書目,參考書目,中山,,,,王,後漢書,後漢書,,,Q430428,https://zh.wikipedia.org/wiki/%E5%90%8E%E6%B1%89%E4%B9%A6,,,,,,,,,,,,
88,review,,wiki_only,,no Norbert match,臨江王,漢朝,東漢|西漢|漢,臨江,,,,王,共敖,共敖,,,Q5581673,https://zh.wikipedia.org/wiki/%E5%85%B1%E6%95%96,,,,,,,,,,,,
89,review,,wiki_only,,no Norbert match,臨江王,漢朝,東漢|西漢|漢,臨江,,,,王,共尉,共尉,,,Q5581705,https://zh.wikipedia.org/wiki/%E5%85%B1%E5%B0%89,,,,,,,,,,,,
90,link,,matched,B,full NT match,臨江王,漢朝,東漢|西漢|漢,臨江,,哀,,王,劉閼,劉閼,,,Q10900521,https://zh.wikipedia.org/wiki/%E5%8A%89%E9%96%BC%E4%BA%8E,9468,1202,劉閼,漢,臨江,哀,王,,,43,,
91,link,,matched,B,full NT match,臨江王,漢朝,東漢|西漢|漢,臨江,,閔,,王,劉榮,劉榮,,,Q3241423,https://zh.wikipedia.org/wiki/%E5%8A%89%E6%A6%AE_(%E8%87%A8%E6%B1%9F%E7%8E%8B),8941,1214,劉榮,漢,臨江,閔,王,,,43,,
92,insert_nt,,person_only,E,"person in Norbert, no matching NT row",樂安王,漢朝,東漢|西漢|漢,樂安,,夷,,王,劉寵,劉寵,93,122,Q10899678,https://zh.wikipedia.org/wiki/%E5%8A%89%E5%AF%B5_(%E6%A8%82%E5%AE%89%E7%8E%8B),8878,,劉寵,,,,,,,,,
93,review,,wiki_only,,no Norbert match,樂安王,漢朝,東漢|西漢|漢,勃海孝,,,,王,劉鴻,劉鴻,122,147,,https://zh.wikipedia.org/wiki/%E5%8A%89%E9%B4%BB,,,,,,,,,,,,
94,link,,matched,D,full NT match,樂安王,晉朝,西晉|東晉|晉,樂安平,,,,王,司馬鑒,司馬鑒,,,Q10916674,https://zh.wikipedia.org/wiki/%E5%8F%B8%E9%A6%AC%E9%91%92,8837,839,司馬鑒,晉,樂安,,王,,,51,,
95,insert_nt,,person_only,E,"person in Norbert, no matching NT row",樂安王,北魏,北魏|拓跋魏,樂安,,宣,,王,拓跋範,拓跋範,,,Q11077217,https://zh.wikipedia.org/wiki/%E6%8B%93%E8%B7%8B%E7%AF%84,15115,,拓跋範,,,,,,,,,
96,update_nt,,matched,B,Norbert row incomplete,樂成王,漢朝,東漢|西漢|漢,樂成,,靖,,王,劉黨,劉黨,72,97,Q10897146,https://zh.wikipedia.org/wiki/%E5%88%98%E5%85%9A,7154,1190,劉黨,漢,樂成,靖,王,,,46,,
97,update_nt,,matched,D,Norbert row incomplete,樂成王,漢朝,東漢|西漢|漢,樂成,,哀,,王,劉崇,劉崇,97,97,Q15888077,https://zh.wikipedia.org/wiki/%E5%8A%89%E5%B4%87,14499,2005,劉崇,漢,安眾,,侯,,,46,,
98,review,,wiki_only,,no Norbert match,樂成王,漢朝,東漢|西漢|漢,樂成,,釐,,王,劉巡,劉巡,97,112,Q10897146,https://zh.wikipedia.org/wiki/%E5%88%98%E5%85%9A,,,,,,,,,,,,
99,review,,wiki_only,,no Norbert match,樂成王,漢朝,東漢|西漢|漢,樂成,,隱,,王,劉賓,劉賓,112,120,Q85876429,https://zh.wikipedia.org/wiki/%E5%8A%89%E8%B3%93,,,,,,,,,,,,
100,update_nt,,matched,D,Norbert row incomplete,樂成王,漢朝,東漢|西漢|漢,樂成,,,,王,劉萇,劉萇,120,121,Q10897926,https://zh.wikipedia.org/wiki/%E5%88%98%E8%8B%8C,12924,1916,劉萇,漢,解犢亭,,侯,,,43,,
101,review,,wiki_only,,no Norbert match,九江王,,,項羽所封九江,,,,王,英布,英布,,,Q1069973,https://zh.wikipedia.org/wiki/%E8%8B%B1%E5%B8%83,,,,,,,,,,,,
102,insert_nt,,person_only,E,"person in Norbert, no matching NT row",九江王,,,前趙 九江,,,,王,劉坦,劉坦,,,Q10897248,https://zh.wikipedia.org/wiki/%E5%88%98%E5%9D%A6,6124,,劉坦,,,,,,,,,
103,link,,matched,B,full NT match,任城王,漢朝,東漢|西漢|漢,任城,,孝,,王,劉尚,劉尚,,,Q10899685,https://zh.wikipedia.org/wiki/%E5%8A%89%E5%B0%9A,8439,1179,劉尚,漢,任城,孝,王,,,46,,
104,link,,matched,C,full NT match,任城王,漢朝,東漢|西漢|漢,任城,,貞,,王,劉安,劉安,,,,https://zh.wikipedia.org/wiki/%E5%88%98%E5%AE%89_(%E4%BB%BB%E5%9F%8E%E7%8E%8B),4911,1197,劉安,漢,任城,真,王,,,46,,
105,update_nt,,matched,D,Norbert row incomplete,任城王,漢朝,東漢|西漢|漢,任城,,節,,王,劉崇,劉崇,,,,https://zh.wikipedia.org/wiki/%E5%88%98%E5%B4%87_(%E4%BB%BB%E5%9F%8E%E7%8E%8B),14499,2005,劉崇,漢,安眾,,侯,,,46,,
106,review,,wiki_only,,no Norbert match,任城王,漢朝,東漢|西漢|漢,任城,,,,王,劉博,劉博,,,Q109416218,https://zh.wikipedia.org/wiki/%E5%88%98%E5%8D%9A,,,,,,,,,,,,
107,review,,wiki_only,,no Norbert match,任城王,漢朝,東漢|西漢|漢,任城,,,,王,劉佗,劉佗,,,Q6852951,https://zh.wikipedia.org/wiki/%E5%8A%89%E9%96%8B_(%E6%BC%A2%E6%9C%9D),,,,,,,,,,,,
108,link,,matched,D,full NT match,任城王,魏晉,魏晉,任城,,威,,王,曹彰,曹彰,,,Q699893,https://zh.wikipedia.org/wiki/%E6%9B%B9%E5%BD%B0,596,1635,曹彰,魏,任城,威,王,,,48,,
109,review,,wiki_only,,no Norbert match,任城王,魏晉,魏晉,任城,,,,王,曹楷,曹楷,,,Q11091154,https://zh.wikipedia.org/wiki/%E6%9B%B9%E6%A5%B7,,,,,,,,,,,,
110,link,,matched,D,full NT match,任城王,魏晉,魏晉,任城,,景,,王,司馬陵,司馬陵,,,Q30950013,https://zh.wikipedia.org/wiki/%E5%8F%B8%E9%A6%AC%E9%99%B5,8838,838,司馬陵,晉,任城,景,王,,,51,,
111,review,,wiki_only,,no Norbert match,任城王,北魏和東魏,北魏和東魏,任城,,康,,王,拓跋雲,拓跋雲,,,,https://zh.wikipedia.org/wiki/%E6%8B%93%E8%B7%8B%E4%BA%91,,,,,,,,,,,,
112,insert_nt,,person_only,E,"person in Norbert, no matching NT row",任城王,北魏和東魏,北魏和東魏,任城,,文宣,,王,元澄,元澄,,,Q17990827,https://zh.wikipedia.org/wiki/%E5%85%83%E6%BE%84,3714,,元澄,,,,,,,,,
113,review,,wiki_only,,no Norbert match,任城王,北魏和東魏,北魏和東魏,任城,,文昭,,王,元彝,元彝,,,Q11387859,https://zh.wikipedia.org/wiki/%E5%85%83%E5%BD%9D,,,,,,,,,,,,
114,review,,wiki_only,,no Norbert match,任城王,北魏和東魏,北魏和東魏,任城,,,,王,元度世,元度世,,,,https://zh.wikipedia.org/wiki/%E5%85%83%E5%BA%A6%E4%B8%96,,,,,,,,,,,,
115,link,,matched,D,full NT match,任城王,北齊,北齊,任城,,,,王,高湝,高湝,,,Q11668627,https://zh.wikipedia.org/wiki/%E9%AB%98%E6%B9%9D,2691,1741,高湝,齊,任城,,王,,,94,,
116,review,,wiki_only,,no Norbert match,任城王,唐朝,唐,任城,,,,王,李道宗,李道宗,,,Q1567146,https://zh.wikipedia.org/wiki/%E6%9D%8E%E9%81%93%E5%AE%97,,,,,,,,,,,,
117,review,,wiki_only,,no Norbert match,保定伯,,,保定,,,,伯,梁銘,梁銘,,,Q6773072,https://zh.wikipedia.org/wiki/%E6%A2%81%E9%8A%98,,,,,,,,,,,,
118,review,,wiki_only,,no Norbert match,保定伯,,,保定,,,,伯,梁珤,梁珤,,,Q11114268,https://zh.wikipedia.org/wiki/%E6%A2%81%E7%8F%A4,,,,,,,,,,,,
119,review,,ambiguous,D,3 Norbert candidates,信都王,漢朝,東漢|西漢|漢,信都,,,,王,劉興,劉興,,,Q10897158,https://zh.wikipedia.org/wiki/%E5%88%98%E5%85%B4_(%E4%B8%AD%E5%B1%B1%E7%8E%8B),9464,1205,劉興,漢,中山,孝,王,,,43,,
120,insert_nt,,person_only,E,"person in Norbert, no matching NT row",信都王,漢朝,東漢|西漢|漢,信都,,,,王,劉景,劉景,8,5,Q10897651,https://zh.wikipedia.org/wiki/%E5%88%98%E6%99%AF_(%E4%BF%A1%E9%83%BD%E7%8E%8B),6109,,劉景,,,,,,,,,
121,review,,wiki_only,,no Norbert match,勃海王,漢朝,東漢|西漢|漢,勃海,,孝,,王,劉鴻,劉鴻,122,147,,https://zh.wikipedia.org/wiki/%E5%88%98%E9%B8%BF_(%E4%B8%9C%E6%B1%89),,,,,,,,,,,,
122,review,,wiki_only,,no Norbert match,勃海王,漢朝,東漢|西漢|漢,勃海,,,,王,劉悝,劉悝,147,173,Q16076409,https://zh.wikipedia.org/wiki/%E5%8A%89%E6%82%9D,,,,,,,,,,,,
123,link,,matched,D,full NT match,勃海王,晉朝,西晉|東晉|晉,勃海,,,,王,司馬輔,司馬輔,,,Q22813375,https://zh.wikipedia.org/wiki/%E5%8F%B8%E9%A9%AC%E8%BE%85,8829,842,司馬輔,晉,太原,,王,,,51,,
124,link,,matched,D,full NT match,勃海王,晉朝,西晉|東晉|晉,勃海,,殤,,王,司馬恢,司馬恢,,,Q10916615,https://zh.wikipedia.org/wiki/%E5%8F%B8%E9%A6%AC%E6%81%A2,8775,865,司馬恢,晉,渤海,殤,王,,,51,,
125,review,,wiki_only,,no Norbert match,北安王,元朝,元,北安,,,,王,那木罕,那木罕,,,Q7072285,https://zh.wikipedia.org/wiki/%E9%82%A3%E6%9C%A8%E7%BD%95,,,,,,,,,,,,
126,review,,wiki_only,,no Norbert match,北安王,元朝,元,北安,,,,王,傅禿歸,傅禿歸,,,,https://zh.wikipedia.org/wiki/%E5%82%85%E7%A7%83%E5%BD%92,,,,,,,,,,,,
127,review,,wiki_only,,no Norbert match,北安王,南明,南明,北安,,,,王,李定國,李定國,,,Q707821,https://zh.wikipedia.org/wiki/%E6%9D%8E%E5%AE%9A%E5%9B%BD,,,,,,,,,,,,
128,insert_nt,,person_only,E,"person in Norbert, no matching NT row",北平王,五代十國,五代十國,北平,,,,王,王處直,王處直,,,Q7550824,https://zh.wikipedia.org/wiki/%E7%8E%8B%E5%A4%84%E7%9B%B4,12534,,王處直,,,,,,,,,
129,review,,wiki_only,,no Norbert match,北平王,五代十國,五代十國,北平,,,,王,高萬興,高萬興,,,Q55698100,https://zh.wikipedia.org/wiki/%E9%AB%98%E4%B8%87%E5%85%B4,,,,,,,,,,,,
130,review,,wiki_only,,no Norbert match,北平王,五代十國,五代十國,北平,,,,王,劉知遠,劉知遠,,,Q708522,https://zh.wikipedia.org/wiki/%E5%8A%89%E7%9F%A5%E9%81%A0,,,,,,,,,,,,
131,review,,wiki_only,,no Norbert match,北平王,五代十國,五代十國,北平,,,,王,趙德鈞 (五代),趙德鈞,,,Q16240079,https://zh.wikipedia.org/wiki/%E8%B5%B5%E5%BE%B7%E9%92%A7_(%E4%BA%94%E4%BB%A3),,,,,,,,,,,,
132,review,,wiki_only,,no Norbert match,北平王,元朝,元,北平,,,,王,鎮國,鎮國,,,Q45559982,https://zh.wikipedia.org/wiki/%E9%95%87%E5%9B%BD,,,,,,,,,,,,
133,review,,wiki_only,,no Norbert match,北平王,元朝,元,北平,,,,王,聶古䚟,聶古䚟,,,Q45598827,https://zh.wikipedia.org/wiki/%E8%81%82%E5%8F%A4%E5%8F%B0,,,,,,,,,,,,
134,review,,wiki_only,,no Norbert match,北平王,元朝,元,北平,,,,王,孛要合,孛要合,,,Q45497050,https://zh.wikipedia.org/wiki/%E5%AD%9B%E8%A6%81%E5%90%88,,,,,,,,,,,,
135,review,,wiki_only,,no Norbert match,北平王,元朝,元,北平,,,,王,那木罕,那木罕,,,Q7072285,https://zh.wikipedia.org/wiki/%E9%82%A3%E6%9C%A8%E7%BD%95,,,,,,,,,,,,
136,review,,wiki_only,,no Norbert match,北平王,參考文獻,參考文獻,北平,,,,王,舊五代史,舊五代史,,,Q1333316,https://zh.wikipedia.org/wiki/%E6%97%A7%E4%BA%94%E4%BB%A3%E5%8F%B2,,,,,,,,,,,,
137,review,,wiki_only,,no Norbert match,北平王,參考文獻,參考文獻,北平,,,,王,元史,元史,,,Q1345223,https://zh.wikipedia.org/wiki/%E5%85%83%E5%8F%B2,,,,,,,,,,,,
138,review,,wiki_only,,no Norbert match,北平王,參考文獻,參考文獻,北平,,,,王,新元史,新元史,,,Q1053256,https://zh.wikipedia.org/wiki/%E6%96%B0%E5%85%83%E5%8F%B2,,,,,,,,,,,,
139,review,,wiki_only,,no Norbert match,北平王,參考文獻,參考文獻,北平,,,,王,蒙兀兒史記,蒙兀兒史記,,,Q24874249,https://zh.wikipedia.org/wiki/%E8%92%99%E5%85%80%E5%85%92%E5%8F%B2%E8%A8%98,,,,,,,,,,,,
140,update_nt,,matched,D,Norbert row incomplete,千乘王,漢朝（東漢）,漢朝（東漢）,千乘,,哀,,王,劉建,劉建,60,61,,https://zh.wikipedia.org/wiki/%E5%88%98%E5%BB%BA_(%E5%8D%83%E4%B9%98%E7%8E%8B),9454,1159,劉建,漢,燕,靈,王,,,43,,
141,update_nt,,matched,D,Norbert row incomplete,千乘王,漢朝（東漢）,漢朝（東漢）,千乘,,貞,,王,劉伉,劉伉,79,93,Q6852702,https://zh.wikipedia.org/wiki/%E5%8A%89%E4%BC%89,10204,1226,劉伉,漢,千乘,貞,王,,,42,,
142,insert_nt,,person_only,E,"person in Norbert, no matching NT row",千乘王,漢朝（東漢）,漢朝（東漢）,樂安夷,,,,王,劉寵,劉寵,93,122,Q10899678,https://zh.wikipedia.org/wiki/%E5%8A%89%E5%AF%B5_(%E6%A8%82%E5%AE%89%E7%8E%8B),8878,,劉寵,,,,,,,,,
143,insert_nt,,person_only,E,"person in Norbert, no matching NT row",南平王,南北朝,南北朝|劉宋|南齊|南梁|陳|北魏|東魏|西魏|北齊|北周,南平,,,,王,宋伏龍,宋伏龍,,,,https://zh.wikipedia.org/wiki/%E5%AE%8B%E4%BC%8F%E9%BE%99,15015,,宋伏龍,,,,,,,,,
144,review,,wiki_only,,no Norbert match,南平王,南北朝,南北朝|劉宋|南齊|南梁|陳|北魏|東魏|西魏|北齊|北周,南平,,,,王,蕭翼 (南朝),蕭翼,,,Q120698625,https://zh.wikipedia.org/wiki/%E8%95%AD%E7%BF%BC_(%E5%8D%97%E6%9C%9D),,,,,,,,,,,,
145,review,,wiki_only,,no Norbert match,南平王,五代,五代,南平,,,,王,劉隱,劉隱,,,Q708360,https://zh.wikipedia.org/wiki/%E5%88%98%E9%9A%90,,,,,,,,,,,,
146,review,,wiki_only,,no Norbert match,南平王,五代,五代,南平,,,,王,高季興,高季興,,,Q718201,https://zh.wikipedia.org/wiki/%E9%AB%98%E5%AD%A3%E8%88%88,,,,,,,,,,,,
147,review,,wiki_only,,no Norbert match,南平王,五代,五代,南平,,,,王,高從誨,高從誨,,,Q708099,https://zh.wikipedia.org/wiki/%E9%AB%98%E5%BE%9E%E8%AA%A8,,,,,,,,,,,,
148,review,,wiki_only,,no Norbert match,南平王,五代,五代,南平,,,,王,高保融,高保融,,,Q6148899,https://zh.wikipedia.org/wiki/%E9%AB%98%E4%BF%9D%E8%9E%8D,,,,,,,,,,,,
149,review,,wiki_only,,no Norbert match,南平王,宋朝,宋|北宋,南平,,,,王,黎桓,黎桓,,,Q1317979,https://zh.wikipedia.org/wiki/%E9%BB%8E%E6%A1%93,,,,,,,,,,,,
150,review,,wiki_only,,no Norbert match,南平王,宋朝,宋|北宋,南平,,,,王,李公蘊,李公蘊,,,Q716945,https://zh.wikipedia.org/wiki/%E6%9D%8E%E5%85%AC%E8%98%8A,,,,,,,,,,,,
151,review,,wiki_only,,no Norbert match,南平王,宋朝,宋|北宋,南平,,,,王,李佛瑪,李佛瑪,,,Q711472,https://zh.wikipedia.org/wiki/%E6%9D%8E%E5%A4%AA%E5%AE%97,,,,,,,,,,,,
152,review,,wiki_only,,no Norbert match,南平王,宋朝,宋|北宋,南平,,,,王,李日尊,李日尊,,,Q68398,https://zh.wikipedia.org/wiki/%E6%9D%8E%E8%81%96%E5%AE%97,,,,,,,,,,,,
153,review,,wiki_only,,no Norbert match,南平王,宋朝,宋|北宋,南平,,,,王,李乾德,李乾德,,,Q705577,https://zh.wikipedia.org/wiki/%E6%9D%8E%E4%BB%81%E5%AE%97,,,,,,,,,,,,
154,review,,wiki_only,,no Norbert match,南平王,宋朝,宋|北宋,南平,,,,王,李陽煥,李陽煥,,,Q716787,https://zh.wikipedia.org/wiki/%E6%9D%8E%E7%A5%9E%E5%AE%97,,,,,,,,,,,,
155,review,,wiki_only,,no Norbert match,南平王,宋朝,宋|北宋,李英宗李天祚：李陽煥二,,,,子,淳熙,淳熙,,,Q11153589,https://zh.wikipedia.org/wiki/%E6%B7%B3%E7%86%99,,,,,,,,,,,,
156,review,,wiki_only,,no Norbert match,南平王,西夏,西夏,南平,,,,王,西夏,西夏,,,Q7427,https://zh.wikipedia.org/wiki/%E8%A5%BF%E5%A4%8F,,,,,,,,,,,,
157,review,,wiki_only,,no Norbert match,南平王,元朝,元,南平,,,,王,禿魯,禿魯,,,Q30948496,https://zh.wikipedia.org/wiki/%E7%A7%83%E9%B2%81,,,,,,,,,,,,
158,review,,wiki_only,,no Norbert match,南平王,延伸閱讀,延伸閱讀,南平,,,,王,靜海軍節度使,靜海軍節度使,,,,https://zh.wikipedia.org/wiki/%E9%9D%9C%E6%B5%B7%E8%BB%8D,,,,,,,,,,,,
159,review,,wiki_only,,no Norbert match,南平王,延伸閱讀,延伸閱讀,南平,,,,王,交趾郡王,交趾郡王,,,Q49056247,https://zh.wikipedia.org/wiki/%E4%BA%A4%E8%B6%BE%E9%83%A1%E7%8E%8B,,,,,,,,,,,,
160,review,,wiki_only,,no Norbert match,南平王,延伸閱讀,延伸閱讀,南平,,,,王,,,,,,,,,,,,,,,,,,
161,review,,wiki_only,,no Norbert match,南平王,延伸閱讀,延伸閱讀,南平,,,,王,安南國王,安南國王,,,,https://zh.wikipedia.org/wiki/%E5%AE%89%E5%8D%97%E5%9C%8B%E7%8E%8B,,,,,,,,,,,,
162,review,,wiki_only,,no Norbert match,南平王,延伸閱讀,延伸閱讀,南平,,,,王,越南國王,越南國王,,,Q130054,https://zh.wikipedia.org/wiki/%E8%B6%8A%E5%8D%97%E5%90%9B%E4%B8%BB%E5%88%97%E8%A1%A8,,,,,,,,,,,,
163,review,,wiki_only,,no Norbert match,南越王,漢朝,東漢|西漢|漢,南越,,武,,帝,趙陀,趙陀,,,Q701895,https://zh.wikipedia.org/wiki/%E8%B5%B5%E4%BD%97,,,,,,,,,,,,
164,review,,wiki_only,,no Norbert match,南越王,漢朝,東漢|西漢|漢,南越,,文,,帝,趙眜,趙眜,,,Q888526,https://zh.wikipedia.org/wiki/%E8%B5%B5%E7%9C%9C,,,,,,,,,,,,
165,review,,wiki_only,,no Norbert match,南越王,漢朝,東漢|西漢|漢,南越,,明,,帝,趙嬰齊,趙嬰齊,,,Q839134,https://zh.wikipedia.org/wiki/%E8%B5%B5%E5%A9%B4%E9%BD%90_(%E5%8D%97%E8%B6%8A%E5%9B%BD),,,,,,,,,,,,
166,review,,wiki_only,,no Norbert match,南越王,漢朝,東漢|西漢|漢,南越,,哀,,王,趙興,趙興,,,Q839161,https://zh.wikipedia.org/wiki/%E8%B5%B5%E5%85%B4,,,,,,,,,,,,
167,review,,wiki_only,,no Norbert match,南越王,漢朝,東漢|西漢|漢,南越,,,,王,趙建德,趙建德,,,Q839130,https://zh.wikipedia.org/wiki/%E8%B5%B5%E5%BB%BA%E5%BE%B7,,,,,,,,,,,,
168,insert_nt,,person_only,E,"person in Norbert, no matching NT row",南越王,隋朝,隋,南越,,,,王,林士弘,林士弘,,,Q1290826,https://zh.wikipedia.org/wiki/%E6%9E%97%E5%A3%AB%E5%BC%98,11342,,林士弘,,,,,,,,,
169,review,,wiki_only,,no Norbert match,南越王,唐朝,唐,南越,,,,王,馮璘,馮璘,,,,https://zh.wikipedia.org/wiki/%E9%A6%AE%E7%92%98,,,,,,,,,,,,
170,review,,wiki_only,,no Norbert match,南越王,唐朝,唐,南越,,,,王,相支,相支,,,,https://zh.wikipedia.org/wiki/%E7%9B%B8%E6%94%AF,,,,,,,,,,,,
171,review,,wiki_only,,no Norbert match,南越王,越南丁朝,越南丁朝,南越,,,,王,丁璉,丁璉,,,Q6134593,https://zh.wikipedia.org/wiki/%E4%B8%81%E7%92%89,,,,,,,,,,,,
172,review,,wiki_only,,no Norbert match,南越王,宋朝,宋|北宋,南越,,,,王,南漢,南漢,,,Q1198071,https://zh.wikipedia.org/wiki/%E5%8D%97%E6%B1%89,,,,,,,,,,,,
173,review,,wiki_only,,no Norbert match,南越王,宋朝,宋|北宋,南越,,,,王,黎桓,黎桓,,,Q1317979,https://zh.wikipedia.org/wiki/%E9%BB%8E%E6%A1%93,,,,,,,,,,,,
174,review,,wiki_only,,no Norbert match,南越王,宋朝,宋|北宋,南越,,,,王,李公蘊,李公蘊,,,Q716945,https://zh.wikipedia.org/wiki/%E6%9D%8E%E5%85%AC%E8%98%8A,,,,,,,,,,,,
175,review,,wiki_only,,no Norbert match,南越王,宋朝,宋|北宋,南越,,,,王,李佛瑪,李佛瑪,,,Q711472,https://zh.wikipedia.org/wiki/%E6%9D%8E%E5%A4%AA%E5%AE%97,,,,,,,,,,,,
176,review,,wiki_only,,no Norbert match,南越王,宋朝,宋|北宋,南越,,,,王,李乾德,李乾德,,,Q705577,https://zh.wikipedia.org/wiki/%E6%9D%8E%E4%BB%81%E5%AE%97,,,,,,,,,,,,
177,review,,wiki_only,,no Norbert match,吳安王,,,吳安,,,,王,餘祭,餘祭,,,Q5962628,https://zh.wikipedia.org/wiki/%E9%A4%98%E7%A5%AD,,,,,,,,,,,,
178,insert_nt,,person_only,E,"person in Norbert, no matching NT row",吳安王,,,吳安,,,,王,伍子胥,伍子胥,,,Q1268609,https://zh.wikipedia.org/wiki/%E4%BC%8D%E5%AD%90%E8%83%A5,3582,,伍子胥,,,,,,,,,
179,review,,wiki_only,,no Norbert match,吳安王,,,吳安,,,,王,吳日慶,吳日慶,,,Q6134346,https://zh.wikipedia.org/wiki/%E5%90%B3%E6%97%A5%E6%85%B6,,,,,,,,,,,,
180,review,,wiki_only,,no Norbert match,周莊王 (消歧義),,,,,,,,周莊王,周莊王,,,Q1267966,https://zh.wikipedia.org/wiki/%E5%91%A8%E8%8E%8A%E7%8E%8B,,,,,,,,,,,,
181,review,,wiki_only,,no Norbert match,周莊王 (消歧義),,,周莊,,,,王,朱朝堈,朱朝堈,,,Q11094224,https://zh.wikipedia.org/wiki/%E6%9C%B1%E6%9C%9D%E5%A0%88,,,,,,,,,,,,
182,review,,wiki_only,,no Norbert match,周悼王 (消歧義),,,,,,,,周悼王,周悼王,,,Q1185205,https://zh.wikipedia.org/wiki/%E5%91%A8%E6%82%BC%E7%8E%8B,,,,,,,,,,,,
183,review,,wiki_only,,no Norbert match,周悼王 (消歧義),,,周悼獻,,,,王,趙玄祐,趙玄祐,,,Q16259835,https://zh.wikipedia.org/wiki/%E8%B5%B5%E7%8E%84%E7%A5%90,,,,,,,,,,,,
184,review,,wiki_only,,no Norbert match,周悼王 (消歧義),,,周悼,,,,王,朱安㶇,朱安㶇,,,Q11093844,https://zh.wikipedia.org/wiki/%E6%9C%B1%E5%AE%89%E3%B6%87,,,,,,,,,,,,
185,review,,wiki_only,,no Norbert match,周懿王 (消歧義),,,,,,,,周懿王,周懿王,,,Q1208109,https://zh.wikipedia.org/wiki/%E5%91%A8%E6%87%BF%E7%8E%8B,,,,,,,,,,,,
186,review,,wiki_only,,no Norbert match,周懿王 (消歧義),,,周懿,,,,王,朱子埅,朱子埅,,,Q11093808,https://zh.wikipedia.org/wiki/%E6%9C%B1%E5%AD%90%E5%9F%85,,,,,,,,,,,,
187,review,,wiki_only,,no Norbert match,周敬王 (消歧義),,,,,,,,周敬王,周敬王,,,Q878483,https://zh.wikipedia.org/wiki/%E5%91%A8%E6%95%AC%E7%8E%8B,,,,,,,,,,,,
188,review,,wiki_only,,no Norbert match,周敬王 (消歧義),,,周敬,,,,王,朱在鋌,朱在鋌,,,Q11093752,https://zh.wikipedia.org/wiki/%E6%9C%B1%E5%9C%A8%E9%8B%8C,,,,,,,,,,,,
189,review,,wiki_only,,no Norbert match,唐太祖,,,,,,,,李虎,李虎,,,Q5370334,https://zh.wikipedia.org/wiki/%E6%9D%8E%E8%99%8E,,,,,,,,,,,,
190,review,,wiki_only,,no Norbert match,唐太祖,,,,,,,,李克用,李克用,,,Q714164,https://zh.wikipedia.org/wiki/%E6%9D%8E%E5%85%8B%E7%94%A8,,,,,,,,,,,,
191,review,,wiki_only,,no Norbert match,唐太祖,,,,,,,,徐溫,徐溫,,,Q698576,https://zh.wikipedia.org/wiki/%E5%BE%90%E6%BA%AB,,,,,,,,,,,,
192,review,,wiki_only,,no Norbert match,唐懿祖,,,,,,,,李天錫,李天錫,,,Q11095892,https://zh.wikipedia.org/wiki/%E6%9D%8E%E5%A4%A9%E8%B3%9C,,,,,,,,,,,,
193,review,,wiki_only,,no Norbert match,唐懿祖,,,,,,,,朱邪執宜,朱邪執宜,,,Q10331388,https://zh.wikipedia.org/wiki/%E6%9C%B1%E9%82%AA%E5%9F%B7%E5%AE%9C,,,,,,,,,,,,
194,review,,wiki_only,,no Norbert match,土地神,,,,,,,,土地公,土地公,,,Q2670522,https://zh.wikipedia.org/wiki/%E5%9C%9F%E5%9C%B0%E5%85%AC,,,,,,,,,,,,
195,review,,wiki_only,,no Norbert match,土地神,,,,,,,,產土神,產土神,,,,https://zh.wikipedia.org/wiki/%E4%BA%A7%E5%9C%9F%E7%A5%9E,,,,,,,,,,,,
196,review,,wiki_only,,no Norbert match,土地神,,,,,,,,地主神 (日本),地主神,,,Q4160872,https://zh.wikipedia.org/wiki/%E5%9C%B0%E4%B8%BB%E7%A5%9E_(%E6%97%A5%E6%9C%AC),,,,,,,,,,,,
197,review,,wiki_only,,no Norbert match,土地神,,,,,,,,鎮守神,鎮守神,,,,https://zh.wikipedia.org/wiki/%E9%95%87%E5%AE%88%E7%A5%9E,,,,,,,,,,,,
198,review,,wiki_only,,no Norbert match,土地神,,,,,,,,城隍,城隍,,,Q702182,https://zh.wikipedia.org/wiki/%E5%9F%8E%E9%9A%8D,,,,,,,,,,,,
199,review,,wiki_only,,no Norbert match,土地神,,,,,,,,土地神屋,土地神屋,,,Q1442187,https://zh.wikipedia.org/wiki/%E5%9C%9F%E5%9C%B0%E7%A5%9E%E5%B1%8B,,,,,,,,,,,,
200,link,,matched,B,full NT match,城陽王,漢朝,東漢|西漢|漢,城陽,,恭,,王,劉祉,劉祉,,,Q11398348,https://zh.wikipedia.org/wiki/%E5%8A%89%E7%A5%89,8724,1174,劉祉,漢,城陽,恭,王,,,46,,
201,link,,matched,B,full NT match,城陽王,晉朝,西晉|東晉|晉,城陽,,懷,,王,司馬景,司馬景,,,Q10916631,https://zh.wikipedia.org/wiki/%E5%8F%B8%E9%A6%AC%E6%99%AF_(%E5%9F%8E%E9%99%BD%E7%8E%8B),8783,862,司馬景,晉,城陽,懷,王,,,51,,
202,insert_nt,,person_only,E,"person in Norbert, no matching NT row",城陽王,晉朝,西晉|東晉|晉,城陽,,殤,,王,司馬憲,司馬憲,,,Q10916619,https://zh.wikipedia.org/wiki/%E5%8F%B8%E9%A6%AC%E6%86%B2,1020,,司馬憲,,,,,,,,,
203,insert_nt,,person_only,E,"person in Norbert, no matching NT row",城陽王,北朝,北朝,城陽,,,,王,拓跋長壽,拓跋長壽,,,,https://zh.wikipedia.org/wiki/%E6%8B%93%E8%B7%8B%E9%95%BF%E5%AF%BF,14676,,拓跋長壽,,,,,,,,,
204,link,,matched,D,full NT match,城陽王,北朝,北朝,城陽,,,,王,高彥基,高彥基,,,Q10566766,https://zh.wikipedia.org/wiki/%E9%AB%98%E5%BD%A5%E5%9F%BA,7319,1722,高彥基,齊,城陽,,王,,,94,,
205,insert_nt,,person_only,E,"person in Norbert, no matching NT row",城陽王,北朝,北朝,城陽,,,,王,穆提婆,穆提婆,,,Q6137916,https://zh.wikipedia.org/wiki/%E7%A9%86%E6%8F%90%E5%A9%86,7369,,穆提婆,,,,,,,,,
206,review,,wiki_only,,no Norbert match,夏世祖,,,,,,,,北夏,北夏,,,,https://zh.wikipedia.org/wiki/%E5%A4%8F_(%E5%8D%81%E5%85%AD%E5%9C%8B),,,,,,,,,,,,
207,review,,wiki_only,,no Norbert match,夏世祖,,,,,,,,西夏,西夏,,,Q7427,https://zh.wikipedia.org/wiki/%E8%A5%BF%E5%A4%8F,,,,,,,,,,,,
208,review,,wiki_only,,no Norbert match,太原王,,,太原,,,,王,漢文帝,漢文帝,,,Q7221,https://zh.wikipedia.org/wiki/%E6%B1%89%E6%96%87%E5%B8%9D,,,,,,,,,,,,
209,review,,wiki_only,,no Norbert match,太原王,,,太原,,,,王,漢光武帝,漢光武帝,,,Q7268,https://zh.wikipedia.org/wiki/%E6%B1%89%E5%85%89%E6%AD%A6%E5%B8%9D,,,,,,,,,,,,
210,review,,wiki_only,,no Norbert match,太原王,,,太原,,,,王,晉朝,晉朝,,,Q7352,https://zh.wikipedia.org/wiki/%E6%99%8B%E6%9C%9D,,,,,,,,,,,,
211,link,,matched,D,full NT match,太原王,,,太原,,,,王,司馬顒,司馬顒,,,Q985744,https://zh.wikipedia.org/wiki/%E5%8F%B8%E9%A9%AC%E9%A2%99,3879,874,司馬顒,晉,河間,,王,,,52,,
212,link,,matched,D,full NT match,太原王,,,太原,,,,王,司馬輔,司馬輔,,,Q22813375,https://zh.wikipedia.org/wiki/%E5%8F%B8%E9%A9%AC%E8%BE%85,8829,842,司馬輔,晉,太原,,王,,,51,,
213,review,,wiki_only,,no Norbert match,太原王,,,太原,,,,王,司馬弘,司馬弘,,,Q110109357,https://zh.wikipedia.org/wiki/%E5%8F%B8%E9%A6%AC%E6%B3%93,,,,,,,,,,,,
214,review,,wiki_only,,no Norbert match,太原王,,,太原,,,,王,劉闡,劉闡,,,Q10900522,https://zh.wikipedia.org/wiki/%E5%8A%89%E9%97%A1,,,,,,,,,,,,
215,insert_nt,,person_only,E,"person in Norbert, no matching NT row",太原王,,,太原,,,,王,石斌,石斌,,,Q16903845,https://zh.wikipedia.org/wiki/%E7%9F%B3%E6%96%8C,14875,,石斌,,,,,,,,,
216,review,,wiki_only,,no Norbert match,太原王,,,太原,,,,王,冉胤,冉胤,,,Q15953378,https://zh.wikipedia.org/wiki/%E5%86%89%E8%83%A4,,,,,,,,,,,,
217,insert_nt,,person_only,E,"person in Norbert, no matching NT row",太原王,,,太原,,,,王,慕容恪,慕容恪,,,Q837580,https://zh.wikipedia.org/wiki/%E6%85%95%E5%AE%B9%E6%81%AA,8999,,慕容恪,,,,,,,,,
218,link,,matched,D,full NT match,太原王,,,太原,,,,王,陳叔匡,陳叔匡,,,Q10565061,https://zh.wikipedia.org/wiki/%E9%99%88%E5%8F%94%E5%8C%A1,5919,1353,陳叔匡,陳,太原,,王,,,88,,
219,review,,wiki_only,,no Norbert match,太原王,,,太原,,,,王,北魏,北魏,,,Q875305,https://zh.wikipedia.org/wiki/%E5%8C%97%E9%AD%8F,,,,,,,,,,,,
220,link,,matched,D,full NT match,太原王,,,太原,,,,王,高紹德,高紹德,,,,https://zh.wikipedia.org/wiki/%E9%AB%98%E7%BB%8D%E5%BE%B7,7351,1720,高紹德,齊,太原,,王,,,94,,
221,review,,wiki_only,,no Norbert match,太原王,,,太原,,,,王,東史年表,東史年表,,,Q10869757,https://zh.wikipedia.org/wiki/%E4%B8%9C%E5%8F%B2%E5%B9%B4%E8%A1%A8,,,,,,,,,,,,
222,insert_nt,,person_only,E,"person in Norbert, no matching NT row",太平王,北魏,北魏|拓跋魏,太平,,,,王,拓跋燾,拓跋燾,,,Q1194963,https://zh.wikipedia.org/wiki/%E9%AD%8F%E5%A4%AA%E6%AD%A6%E5%B8%9D,15114,,拓跋燾,,,,,,,,,
223,review,,wiki_only,,no Norbert match,太平王,元朝,元,太平,,,,王,燕帖木兒,燕帖木兒,,,Q7157453,https://zh.wikipedia.org/wiki/%E7%87%95%E5%B8%96%E6%9C%A8%E5%84%BF,,,,,,,,,,,,
224,review,,wiki_only,,no Norbert match,太平王,元朝,元,太平,,,,王,唐其勢,唐其勢,,,,https://zh.wikipedia.org/wiki/%E5%94%90%E5%85%B6%E5%8A%BF,,,,,,,,,,,,
225,review,,wiki_only,,no Norbert match,太平王,明朝,明,太平,,,,王,李原,李原,,,,https://zh.wikipedia.org/wiki/%E6%9D%8E%E5%8E%9F_(%E6%B0%91%E5%8F%98%E9%A6%96%E9%A2%86),,,,,,,,,,,,
226,review,,wiki_only,,no Norbert match,太平王,明朝,明,太平,,,,王,朱鼐鉉,朱鼐鉉,,,Q11094983,https://zh.wikipedia.org/wiki/%E6%9C%B1%E9%BC%90%E9%89%89,,,,,,,,,,,,
227,skip,,skip_section,,section:諡號,威勇侯,諡號,,寧晉威勇,,,,侯,劉聚,劉聚,,,Q10900310,https://zh.wikipedia.org/wiki/%E5%8A%89%E8%81%9A,,,,,,,,,,,,
228,skip,,skip_section,,section:封號,威勇侯,封號,,威勇,,,,侯,清朝,清朝,,,Q8733,https://zh.wikipedia.org/wiki/%E6%B8%85%E6%9C%9D,,,,,,,,,,,,
229,skip,,skip_section,,section:封號,威勇侯,封號,,一等威勇,,,,侯,謨爾賡額,謨爾賡額,,,,https://zh.wikipedia.org/wiki/%E8%AC%A8%E7%88%BE%E8%B3%A1%E9%A1%8D,,,,,,,,,,,,
230,skip,,skip_section,,section:封號,威勇侯,封號,,一等威勇剛恪,,,,侯,哈哴阿,哈哴阿,,,,https://zh.wikipedia.org/wiki/%E5%93%88%E5%93%B4%E9%98%BF,,,,,,,,,,,,
231,skip,,skip_section,,section:封號,威勇侯,封號,,一等威勇,,,,侯,那銘,那銘,,,,https://zh.wikipedia.org/wiki/%E9%82%A3%E9%8A%98,,,,,,,,,,,,
232,skip,,skip_section,,section:封號,威勇侯,封號,,一等威勇,,,,侯,榮全,榮全,,,Q11120476,https://zh.wikipedia.org/wiki/%E6%A6%AE%E5%85%A8,,,,,,,,,,,,
233,skip,,skip_section,,section:封號,威勇侯,封號,,一等威勇,,,,侯,富康,富康,,,,https://zh.wikipedia.org/wiki/%E5%AF%8C%E5%BA%B7,,,,,,,,,,,,
234,skip,,skip_section,,section:諡號,威武王,諡號,,南平威武,,,,王,高崇文,高崇文,,,Q1564638,https://zh.wikipedia.org/wiki/%E9%AB%98%E5%B4%87%E6%96%87_(%E5%8D%97%E5%B9%B3%E9%83%A1%E7%8E%8B),,,,,,,,,,,,
235,skip,,skip_section,,section:諡號,威武王,諡號,,威武,,,,王,高麗威武王,高麗威武王,,,Q704568,https://zh.wikipedia.org/wiki/%E9%AB%98%E9%BA%97%E4%B8%96%E7%A5%96,,,,,,,,,,,,
236,skip,,skip_section,,section:封號,威武王,封號,,威武,,,,王,北宋,北宋,,,Q319460,https://zh.wikipedia.org/wiki/%E5%8C%97%E5%AE%8B,,,,,,,,,,,,
237,skip,,skip_section,,section:封號,威武王,封號,,威武,,,,王,元朝,元朝,,,Q7313,https://zh.wikipedia.org/wiki/%E5%85%83%E6%9C%9D,,,,,,,,,,,,
238,skip,,skip_section,,section:封號,威武王,封號,,威武,,西寧,,王,出伯,出伯,,,Q11318363,https://zh.wikipedia.org/wiki/%E5%87%BA%E4%BC%AF,,,,,,,,,,,,
239,skip,,skip_section,,section:封號,威武王,封號,,威武,,西寧,,王,亦裡黑赤,亦裡黑赤,,,Q48769358,https://zh.wikipedia.org/wiki/%E4%BA%A6%E9%87%8C%E9%BB%91%E8%B5%A4,,,,,,,,,,,,
240,skip,,skip_section,,section:封號,威武王,封號,,威武,,西寧,,王,不顏嵬裡,不顏嵬裡,,,,https://zh.wikipedia.org/wiki/%E4%B8%8D%E9%A1%8F%E5%B5%AC%E8%A3%A1,,,,,,,,,,,,
241,skip,,skip_section,,section:封號,威武王,封號,,威武,,西寧,,王,兀納失裡,兀納失裡,,,Q10889516,https://zh.wikipedia.org/wiki/%E5%85%80%E7%B4%8D%E5%A4%B1%E9%87%8C,,,,,,,,,,,,
242,review,,wiki_only,,no Norbert match,威武王,尊號,尊號,鎮海威武,,,,王,蔡牽,蔡牽,,,Q837355,https://zh.wikipedia.org/wiki/%E8%94%A1%E7%89%B5,,,,,,,,,,,,
243,review,,wiki_only,,no Norbert match,威遠王,元朝,元,威遠,,,,王,巴都帖木兒,巴都帖木兒,,,,https://zh.wikipedia.org/wiki/%E5%B7%B4%E9%83%BD%E5%B8%96%E6%9C%A8%E5%84%BF,,,,,,,,,,,,
244,review,,wiki_only,,no Norbert match,威遠王,元朝,元,威遠,,,,王,阿只吉,阿只吉,,,Q24868285,https://zh.wikipedia.org/wiki/%E9%98%BF%E5%8F%AA%E5%90%89,,,,,,,,,,,,
245,review,,wiki_only,,no Norbert match,孝文帝,,,孝文,,,,帝,漢朝,漢朝,,,Q7209,https://zh.wikipedia.org/wiki/%E6%B1%89%E6%9C%9D,,,,,,,,,,,,
246,review,,wiki_only,,no Norbert match,孝文帝,,,孝文,,,,帝,北魏,北魏,,,Q875305,https://zh.wikipedia.org/wiki/%E5%8C%97%E9%AD%8F,,,,,,,,,,,,
247,review,,wiki_only,,no Norbert match,孝文帝,,,孝文,,,,帝,唐朝,唐朝,,,Q9683,https://zh.wikipedia.org/wiki/%E5%94%90%E6%9C%9D,,,,,,,,,,,,
248,review,,wiki_only,,no Norbert match,孝文帝,,,孝文,,,,帝,後周,後周,,,Q1154556,https://zh.wikipedia.org/wiki/%E5%90%8E%E5%91%A8,,,,,,,,,,,,
249,review,,wiki_only,,no Norbert match,孝文帝,,,孝文,,,,帝,遼朝,遼朝,,,Q4958,https://zh.wikipedia.org/wiki/%E8%BE%BD%E6%9C%9D,,,,,,,,,,,,
250,review,,wiki_only,,no Norbert match,孝文帝,,,孝文,,,,帝,明朝,明朝,,,Q9903,https://zh.wikipedia.org/wiki/%E6%98%8E%E6%9C%9D,,,,,,,,,,,,
251,review,,wiki_only,,no Norbert match,孝文帝,,,孝文,,,,帝,清朝,清朝,,,Q8733,https://zh.wikipedia.org/wiki/%E6%B8%85%E6%9C%9D,,,,,,,,,,,,
252,review,,wiki_only,,no Norbert match,孝文帝,,,孝文,,,,帝,廣南國,廣南國,,,Q2301908,https://zh.wikipedia.org/wiki/%E5%BB%A3%E5%8D%97%E5%9C%8B,,,,,,,,,,,,
253,review,,wiki_only,,no Norbert match,孝文王,,,孝文,,,,王,戰國時代,戰國時代,,,Q185063,https://zh.wikipedia.org/wiki/%E6%88%98%E5%9B%BD%E6%97%B6%E6%9C%9F,,,,,,,,,,,,
254,review,,wiki_only,,no Norbert match,孝文王,,,孝文,,,,王,越南,越南,,,Q881,https://zh.wikipedia.org/wiki/%E8%B6%8A%E5%8D%97,,,,,,,,,,,,
255,review,,wiki_only,,no Norbert match,孝靖王,,,孝靖,,,,王,遼朝,遼朝,,,Q4958,https://zh.wikipedia.org/wiki/%E8%BE%BD%E6%9C%9D,,,,,,,,,,,,
256,review,,wiki_only,,no Norbert match,孝靖王,,,宋朝博陵孝靖,,,,王,趙承選,趙承選,,,,https://zh.wikipedia.org/wiki/%E8%B5%B5%E6%89%BF%E9%80%89,,,,,,,,,,,,
257,review,,wiki_only,,no Norbert match,孝靖王,,,孝靖,,,,王,宋朝,宋朝,,,Q7462,https://zh.wikipedia.org/wiki/%E5%AE%8B%E6%9C%9D,,,,,,,,,,,,
258,review,,wiki_only,,no Norbert match,寧仁侯,,,寧仁,,,,侯,王稹,王稹,,,Q65054213,https://zh.wikipedia.org/wiki/%E7%8E%8B%E7%A8%B9,,,,,,,,,,,,
259,review,,wiki_only,,no Norbert match,寧仁侯,,,寧仁,,,,侯,兀愛,兀愛,,,Q109350306,https://zh.wikipedia.org/wiki/%E5%85%80%E6%84%9B,,,,,,,,,,,,
260,review,,wiki_only,,no Norbert match,寧海王,宋代,宋代,寧海郡,,,,王,,,,,,,,,,,,,,,,,,
261,review,,wiki_only,,no Norbert match,寧海王,元朝,元,寧海,,,,王,成吉思汗,成吉思汗,,,Q720,https://zh.wikipedia.org/wiki/%E6%88%90%E5%90%89%E6%80%9D%E6%B1%97,,,,,,,,,,,,
262,review,,wiki_only,,no Norbert match,寧海王,元朝,元,寧海,,,,王,亦思蠻,亦思蠻,,,,https://zh.wikipedia.org/wiki/%E4%BA%A6%E6%80%9D%E8%9B%AE,,,,,,,,,,,,
263,review,,wiki_only,,no Norbert match,寧海王,元朝,元,寧海,,,,王,八都兒,八都兒,,,,https://zh.wikipedia.org/wiki/%E5%85%AB%E9%83%BD%E5%84%BF,,,,,,,,,,,,
264,review,,wiki_only,,no Norbert match,寧海王,元朝,元,寧海,,,,王,阿海,阿海,,,Q22099950,https://zh.wikipedia.org/wiki/%E6%A1%82%E6%B0%91%E6%B5%B7,,,,,,,,,,,,
265,review,,wiki_only,,no Norbert match,寧遠王,元朝,元,寧遠,,,,王,闊闊出,闊闊出,,,Q7072496,https://zh.wikipedia.org/wiki/%E9%98%94%E9%98%94%E5%87%BA,,,,,,,,,,,,
266,review,,wiki_only,,no Norbert match,寧遠王,元朝,元,寧遠,,,,王,徹徹篤,徹徹篤,,,,https://zh.wikipedia.org/wiki/%E5%BD%BB%E5%BD%BB%E7%AC%83,,,,,,,,,,,,
267,review,,wiki_only,,no Norbert match,安定王,自稱,自稱,安定,,,,王,東漢,東漢,,,Q1147037,https://zh.wikipedia.org/wiki/%E4%B8%9C%E6%B1%89,,,,,,,,,,,,
268,review,,wiki_only,,no Norbert match,安定王,自稱,自稱,安定,,,,王,劉宋,劉宋,,,Q49697,https://zh.wikipedia.org/wiki/%E5%88%98%E5%AE%8B,,,,,,,,,,,,
269,skip,,skip_section,,section:封爵,安定王,封爵,,安定,,,,王,蜀漢,蜀漢,,,Q320925,https://zh.wikipedia.org/wiki/%E8%9C%80%E6%B1%89,,,,,,,,,,,,
270,skip,,skip_section,,section:封爵,安定王,封爵,,安定,,,,王,漢趙,漢趙,,,Q1574107,https://zh.wikipedia.org/wiki/%E6%B1%89%E8%B5%B5,,,,,,,,,,,,
271,skip,,skip_section,,section:封爵,安定王,封爵,,安定,,,,王,後燕,後燕,,,Q1534482,https://zh.wikipedia.org/wiki/%E5%BE%8C%E7%87%95,,,,,,,,,,,,
272,skip,,skip_section,,section:封爵,安定王,封爵,,安定,,,,王,元魏,元魏,,,Q875305,https://zh.wikipedia.org/wiki/%E5%8C%97%E9%AD%8F,,,,,,,,,,,,
273,skip,,skip_section,,section:封爵,安定王,封爵,,安定,,桓,,王,韓茂,韓茂,,,Q17239955,https://zh.wikipedia.org/wiki/%E9%9F%A9%E8%8C%82,,,,,,,,,,,,
274,skip,,skip_section,,section:封爵,安定王,封爵,,安定,,殤,,王,拓跋彌,拓跋彌,,,Q11077198,https://zh.wikipedia.org/wiki/%E6%8B%93%E8%B7%8B%E5%BD%8C,,,,,,,,,,,,
275,skip,,skip_section,,section:封爵,安定王,封爵,,安定,,靖,,王,拓跋休,拓跋休,,,Q11077183,https://zh.wikipedia.org/wiki/%E5%85%83%E4%BC%91,,,,,,,,,,,,
276,skip,,skip_section,,section:封爵,安定王,封爵,,安定,,恭,,王,元燮,元燮,,,Q11387963,https://zh.wikipedia.org/wiki/%E5%85%83%E7%87%AE,,,,,,,,,,,,
277,skip,,skip_section,,section:封爵,安定王,封爵,,安定,,,,王,元超,元超,,,Q21094110,https://zh.wikipedia.org/wiki/%E5%85%83%E8%B6%85_(%E5%AE%89%E5%AE%9A%E7%8E%8B),,,,,,,,,,,,
278,skip,,skip_section,,section:封爵,安定王,封爵,,安定,,,,王,元孝景,元孝景,,,,https://zh.wikipedia.org/wiki/%E5%85%83%E5%AD%9D%E6%99%AF,,,,,,,,,,,,
279,skip,,skip_section,,section:封爵,安定王,封爵,,安定,,,,王,元朗,元朗,,,Q3276194,https://zh.wikipedia.org/wiki/%E5%85%83%E6%9C%97_(%E5%AE%89%E5%AE%9A%E7%8E%8B),,,,,,,,,,,,
280,skip,,skip_section,,section:封爵,安定王,封爵,,安定,,,,王,元黃頭,元黃頭,,,,https://zh.wikipedia.org/wiki/%E5%85%83%E9%BB%83%E9%A0%AD,,,,,,,,,,,,
281,skip,,skip_section,,section:封爵,安定王,封爵,,安定,,,,王,爾朱智虎,爾朱智虎,,,,https://zh.wikipedia.org/wiki/%E7%88%BE%E6%9C%B1%E6%99%BA%E8%99%8E,,,,,,,,,,,,
282,skip,,skip_section,,section:封爵,安定王,封爵,,安定,,,,王,宇文泰,宇文泰,,,Q1071587,https://zh.wikipedia.org/wiki/%E5%AE%87%E6%96%87%E6%B3%B0,,,,,,,,,,,,
283,skip,,skip_section,,section:封爵,安定王,封爵,,安定,,,,王,北齊,北齊,,,Q1143524,https://zh.wikipedia.org/wiki/%E5%8C%97%E9%BD%90,,,,,,,,,,,,
284,skip,,skip_section,,section:封爵,安定王,封爵,,安定,,,,王,唐朝,唐朝,,,Q9683,https://zh.wikipedia.org/wiki/%E5%94%90%E6%9C%9D,,,,,,,,,,,,
285,skip,,skip_section,,section:封爵,安定王,封爵,,安定,,,,王,李純,李純,,,,https://zh.wikipedia.org/wiki/%E6%9D%8E%E7%B4%94_(%E5%AE%89%E5%AE%9A%E9%83%A1%E7%8E%8B),,,,,,,,,,,,
286,skip,,skip_section,,section:封爵,安定王,封爵,,安定,,,,王,武攸暨,武攸暨,,,Q6724029,https://zh.wikipedia.org/wiki/%E6%AD%A6%E6%94%B8%E6%9A%A8,,,,,,,,,,,,
287,skip,,skip_section,,section:封爵,安定王,封爵,,安定,,,,王,馮河清,馮河清,,,Q18119478,https://zh.wikipedia.org/wiki/%E9%A6%AE%E6%B2%B3%E6%B8%85,,,,,,,,,,,,
288,skip,,skip_section,,section:封爵,安定王,封爵,,安定,,,,王,韋清,韋清,,,,https://zh.wikipedia.org/wiki/%E9%9F%8B%E6%B8%85,,,,,,,,,,,,
289,skip,,skip_section,,section:封爵,安定王,封爵,,安定,,,,王,宋朝,宋朝,,,Q7462,https://zh.wikipedia.org/wiki/%E5%AE%8B%E6%9C%9D,,,,,,,,,,,,
290,skip,,skip_section,,section:封爵,安定王,封爵,,安定,,,,王,遼朝,遼朝,,,Q4958,https://zh.wikipedia.org/wiki/%E8%BE%BD%E6%9C%9D,,,,,,,,,,,,
291,skip,,skip_section,,section:封爵,安定王,封爵,,安定,,,,王,元朝,元朝,,,Q7313,https://zh.wikipedia.org/wiki/%E5%85%83%E6%9C%9D,,,,,,,,,,,,
292,skip,,skip_section,,section:封爵,安定王,封爵,,安定,,,,王,脫歡,脫歡,,,Q29410760,https://zh.wikipedia.org/wiki/%E6%8B%9C%E7%AD%94%E5%AF%92,,,,,,,,,,,,
293,skip,,skip_section,,section:封爵,安定王,封爵,,安定,,,,王,朵兒只班,朵兒只班,,,Q85880872,https://zh.wikipedia.org/wiki/%E6%9C%B5%E5%84%BF%E5%8F%AA%E7%8F%AD_(%E5%AE%89%E5%AE%9A%E7%8E%8B),,,,,,,,,,,,
294,skip,,skip_section,,section:封爵,安定王,封爵,,安定,,,,王,明朝,明朝,,,Q9903,https://zh.wikipedia.org/wiki/%E6%98%8E%E6%9C%9D,,,,,,,,,,,,
295,skip,,skip_section,,section:封爵,安定王,封爵,,安定,,,,王,卜煙帖木兒,卜煙帖木兒,,,,https://zh.wikipedia.org/wiki/%E5%8D%9C%E7%85%99%E5%B8%96%E6%9C%A8%E5%85%92,,,,,,,,,,,,
296,skip,,skip_section,,section:封爵,安定王,封爵,,安定,,,,王,亦攀丹,亦攀丹,,,Q137878986,https://zh.wikipedia.org/wiki/%E4%BA%A6%E6%94%80%E4%B8%B9,,,,,,,,,,,,
297,skip,,skip_section,,section:封爵,安定王,封爵,,安定,,,,王,桑爾加失夾,桑爾加失夾,,,,https://zh.wikipedia.org/wiki/%E6%A1%91%E7%88%BE%E5%8A%A0%E5%A4%B1%E5%A4%BE,,,,,,,,,,,,
298,skip,,skip_section,,section:封爵,安定王,封爵,,安定,,,,王,佔乾些兒,佔乾些兒,,,,https://zh.wikipedia.org/wiki/%E4%BD%94%E4%B9%BE%E4%BA%9B%E5%85%92,,,,,,,,,,,,
299,skip,,skip_section,,section:封爵,安定王,封爵,,安定,,,,王,千奔,千奔,,,,https://zh.wikipedia.org/wiki/%E5%8D%83%E5%A5%94,,,,,,,,,,,,
300,skip,,skip_section,,section:封爵,安定王,封爵,,安定,,,,王,阿兒察,阿兒察,,,,https://zh.wikipedia.org/wiki/%E9%98%BF%E5%85%92%E5%AF%9F,,,,,,,,,,,,
301,skip,,skip_section,,section:諡號,安定王,諡號,,魯陽安定,,,,王,朱睦杫,朱睦杫,,,,https://zh.wikipedia.org/wiki/Template:%E6%98%8E%E6%9C%9D%E8%AB%B8%E7%8E%8B%E5%88%97%E8%A1%A8/%E9%AD%AF%E9%99%BD%E5%9C%8B,,,,,,,,,,,,
302,insert_nt,,person_only,E,"person in Norbert, no matching NT row",安平君,,,,,,,,趙成 (安平君),趙成,,,Q16259931,https://zh.wikipedia.org/wiki/%E8%B5%B5%E6%88%90_(%E5%AE%89%E5%B9%B3%E5%90%9B),1966,,趙成,,,,,,,,,
303,insert_nt,,person_only,E,"person in Norbert, no matching NT row",安平君,,,,,,,,田單,田單,,,Q3274709,https://zh.wikipedia.org/wiki/%E7%94%B0%E5%96%AE,10376,,田單,,,,,,,,,
304,update_nt,,matched,D,Norbert row incomplete,安平王,漢朝,東漢|西漢|漢,安平,,,,王,劉得,劉得,122,152,,https://zh.wikipedia.org/wiki/%E5%88%98%E5%BE%97_(%E5%AE%89%E5%B9%B3%E7%8E%8B),14467,2004,劉得,漢,平原,,王,,,46,,
305,review,,wiki_only,,no Norbert match,安平王,漢朝,東漢|西漢|漢,安平,,,,王,劉續,劉續,152,186,Q81745434,https://zh.wikipedia.org/wiki/%E5%88%98%E7%BB%AD_(%E5%AE%89%E5%B9%B3%E7%8E%8B),,,,,,,,,,,,
306,insert_nt,,person_only,E,"person in Norbert, no matching NT row",安平王,曹魏,三國魏|魏,安平,,,,王,曹殷,曹殷,,,Q11091159,https://zh.wikipedia.org/wiki/%E6%9B%B9%E6%AE%B7,15224,,曹殷,,,,,,,,,
307,update_nt,,matched,D,Norbert row incomplete,安平王,[[蜀漢]]（季漢）,[[蜀漢]]（季漢）,安平,,悼,,王,劉理,劉理,,,Q10900173,https://zh.wikipedia.org/wiki/%E5%8A%89%E7%90%86,14400,1980,劉理,漢,甘陵,,王,,,46,,
308,insert_nt,,person_only,E,"person in Norbert, no matching NT row",安平王,[[蜀漢]]（季漢）,[[蜀漢]]（季漢）,安平,,哀,,王,劉胤,劉胤,,,Q6852913,https://zh.wikipedia.org/wiki/%E5%88%98%E8%83%A4_(%E4%B8%89%E5%9B%BD),1636,,劉胤,,,,,,,,,
309,update_nt,,matched,D,Norbert row incomplete,安平王,[[蜀漢]]（季漢）,[[蜀漢]]（季漢）,安平,,殤,,王,劉承,劉承,,,,https://zh.wikipedia.org/wiki/%E5%88%98%E6%89%BF_(%E8%9C%80%E6%B1%89),14439,1988,劉承,漢,齊,,王,,,46,,
310,review,,wiki_only,,no Norbert match,安平王,[[蜀漢]]（季漢）,[[蜀漢]]（季漢）,安平,,,,王,劉輯,劉輯,,,Q6852427,https://zh.wikipedia.org/wiki/%E5%8A%89%E8%BC%AF,,,,,,,,,,,,
311,insert_nt,,person_only,E,"person in Norbert, no matching NT row",安平王,晉朝,西晉|東晉|晉,安平,,獻,,王,司馬孚,司馬孚,,,Q1156935,https://zh.wikipedia.org/wiki/%E5%8F%B8%E9%A6%AC%E5%AD%9A,3640,,司馬孚,,,,,,,,,
312,review,,wiki_only,,no Norbert match,安西王,元朝,元,安西,,,,王,忙哥剌,忙哥剌,,,Q7072194,https://zh.wikipedia.org/wiki/%E5%BF%99%E5%93%A5%E5%89%8C,,,,,,,,,,,,
313,review,,wiki_only,,no Norbert match,安西王,元朝,元,安西,,,,王,阿難答,阿難答,,,Q11284234,https://zh.wikipedia.org/wiki/%E9%98%BF%E9%9A%BE%E7%AD%94,,,,,,,,,,,,
314,review,,wiki_only,,no Norbert match,安西王,元朝,元,安西,,,,王,月魯帖木兒,月魯帖木兒,,,Q24875857,https://zh.wikipedia.org/wiki/%E6%9C%88%E9%B2%81%E5%B8%96%E6%9C%A8%E5%84%BF_(%E5%AE%89%E8%A5%BF%E7%8E%8B),,,,,,,,,,,,
315,review,,wiki_only,,no Norbert match,安西王,孫可望政權,孫可望政權,安西,,,,王,李定國,李定國,,,Q707821,https://zh.wikipedia.org/wiki/%E6%9D%8E%E5%AE%9A%E5%9B%BD,,,,,,,,,,,,
316,review,,wiki_only,,no Norbert match,安遠王,元朝,元,安遠,,,,王,醜漢,醜漢,,,,https://zh.wikipedia.org/wiki/%E4%B8%91%E6%B1%89,,,,,,,,,,,,
317,review,,wiki_only,,no Norbert match,安遠王,元朝,元,安遠,,,,王,亦思丹,亦思丹,,,,https://zh.wikipedia.org/wiki/%E4%BA%A6%E6%80%9D%E4%B8%B9,,,,,,,,,,,,
318,review,,wiki_only,,no Norbert match,安陽君,,,,,,,,公子章,公子章,,,Q10892739,https://zh.wikipedia.org/wiki/%E5%85%AC%E5%AD%90%E7%AB%A0,,,,,,,,,,,,
319,review,,wiki_only,,no Norbert match,安陽君,,,,,,,,安陽君 (朝鮮王朝),安陽君,,,Q6783327,https://zh.wikipedia.org/wiki/%E5%AE%89%E9%99%BD%E5%90%9B_(1480%E5%B9%B4),,,,,,,,,,,,
320,review,,ambiguous,D,2 Norbert candidates,宋太宗 (消歧義),,,,,,,,劉彧,劉彧,,,Q718195,https://zh.wikipedia.org/wiki/%E5%AE%8B%E6%98%8E%E5%B8%9D,3838,696,劉彧,宋,宋,明,帝,,,83,,
321,insert_nt,,person_only,E,"person in Norbert, no matching NT row",宋太宗 (消歧義),,,,,,,,趙炅,趙炅,,,Q7473,https://zh.wikipedia.org/wiki/%E5%AE%8B%E5%A4%AA%E5%AE%97,14655,,趙炅,,,,,,,,,
322,review,,wiki_only,,no Norbert match,完原君,,,,,,,,李𢢝,李𢢝,,,Q12608395,https://zh.wikipedia.org/wiki/%E5%AE%8C%E5%8E%9F%E5%90%9B_(1480%E5%B9%B4),,,,,,,,,,,,
323,review,,wiki_only,,no Norbert match,完原君,,,,,,,,李烒,李烒,,,,https://zh.wikipedia.org/wiki/%E6%9D%8E%E7%83%92,,,,,,,,,,,,
324,insert_nt,,person_only,E,"person in Norbert, no matching NT row",定南王,,,定南,,,,王,韓建業,韓建業,,,Q120698950,https://zh.wikipedia.org/wiki/%E9%9F%A9%E5%BB%BA%E4%B8%9A,9423,,韓建業,,,,,,,,,
325,review,,wiki_only,,no Norbert match,定南王,,,定南,,,,王,孔有德,孔有德,,,Q5977979,https://zh.wikipedia.org/wiki/%E5%AD%94%E6%9C%89%E5%BE%B7,,,,,,,,,,,,
326,review,,wiki_only,,no Norbert match,定南王,,,定南,,,,王,胡有祿,胡有祿,,,Q11611777,https://zh.wikipedia.org/wiki/%E8%83%A1%E6%9C%89%E7%A6%84,,,,,,,,,,,,
327,skip,,skip_section,,section:諡號,宣德王 (消歧義),諡號,,,,,,,新羅,新羅,,,Q28456,https://zh.wikipedia.org/wiki/%E6%96%B0%E7%BD%97,,,,,,,,,,,,
328,skip,,skip_section,,section:諡號,宣德王 (消歧義),諡號,,,,,,,大義寧,大義寧,,,Q6831333,https://zh.wikipedia.org/wiki/%E5%A4%A7%E7%BE%A9%E5%AF%A7,,,,,,,,,,,,
329,skip,,skip_section,,section:封爵,宣德王 (消歧義),封爵,,,,,,,不答失裡,不答失裡,,,Q18110403,https://zh.wikipedia.org/wiki/%E4%B8%8D%E7%AD%94%E5%A4%B1%E9%87%8C,,,,,,,,,,,,
330,skip,,skip_section,,section:封爵,宣德王 (消歧義),封爵,,,,,,,定住,定住,,,Q78117590,https://zh.wikipedia.org/wiki/%E5%AE%9A%E4%BD%8F_(%E5%AE%A3%E5%BE%B7%E7%8E%8B),,,,,,,,,,,,
331,review,,wiki_only,,no Norbert match,宣讓王,元朝封號,元朝封號,宣讓,,,,王,帖木兒不花,帖木兒不花,,,,https://zh.wikipedia.org/wiki/%E5%B8%96%E6%9C%A8%E5%84%BF%E4%B8%8D%E8%8A%B1,,,,,,,,,,,,
332,skip,,skip_section,,section:諡號,宣讓王,諡號,,宣讓,,,,王,高麗穆宗,高麗穆宗,,,Q493723,https://zh.wikipedia.org/wiki/%E9%AB%98%E4%B8%BD%E7%A9%86%E5%AE%97,,,,,,,,,,,,
333,review,,wiki_only,,no Norbert match,宣靖王,元朝封爵,元朝封爵,宣靖,,,,王,買奴,買奴,,,Q45577750,https://zh.wikipedia.org/wiki/%E4%B9%B0%E5%A5%B4_(%E7%9B%8A%E7%8E%8B),,,,,,,,,,,,
334,skip,,skip_section,,section:諡號,宣靖王,諡號,,秦宣靖,,,,王,吳近,吳近,,,,https://zh.wikipedia.org/wiki/%E5%90%B3%E8%BF%91,,,,,,,,,,,,
335,skip,,skip_section,,section:諡號,宣靖王,諡號,,安塞宣靖,,,,王,朱秩炅,朱秩炅,,,Q45629555,https://zh.wikipedia.org/wiki/%E6%9C%B1%E7%A7%A9%E7%82%85,,,,,,,,,,,,
336,skip,,skip_section,,section:諡號,宣靖王,諡號,,胙城宣靖,,,,王,朱安瀏,朱安瀏,,,Q109347255,https://zh.wikipedia.org/wiki/%E6%9C%B1%E5%AE%89%E7%80%8F,,,,,,,,,,,,
337,skip,,skip_section,,section:諡號,宣靖王,諡號,,南樂宣靖,,,,王,朱祐檟,朱祐檟,,,,https://zh.wikipedia.org/wiki/%E6%9C%B1%E7%A5%90%E6%AA%9F,,,,,,,,,,,,
338,review,,wiki_only,,no Norbert match,寧靖王,,,寧靖,,,,王,朱奠培,朱奠培,,,Q11093804,https://zh.wikipedia.org/wiki/%E6%9C%B1%E5%A5%A0%E5%9F%B9,,,,,,,,,,,,
339,review,,wiki_only,,no Norbert match,寧靖王,,,寧靖,,,,王,朱術桂,朱術桂,,,Q8071150,https://zh.wikipedia.org/wiki/%E6%9C%B1%E8%A1%93%E6%A1%82,,,,,,,,,,,,
340,link,,matched,D,full NT match,山陽公,,,山陽,,,,公,劉荊,劉荊,,,Q1414982,https://zh.wikipedia.org/wiki/%E5%8A%89%E8%8D%8A,6146,1195,劉荊,漢,廣陵,思,王,,,46,,
341,review,,wiki_only,,no Norbert match,山陽公,,,山陽,,,,公,山陽公 (二王三恪),山陽公,,,Q107309434,https://zh.wikipedia.org/wiki/%E4%BA%8C%E7%8E%8B%E4%B8%89%E6%81%AA,,,,,,,,,,,,
342,review,,wiki_only,,no Norbert match,山陽公,,,山陽,,,,公,達奚斤,達奚斤,,,,https://zh.wikipedia.org/wiki/%E8%BE%BE%E5%A5%9A%E6%96%A4,,,,,,,,,,,,
343,review,,wiki_only,,no Norbert match,山陽公,,,山陽,,,,公,苟壽樂,苟壽樂,,,,https://zh.wikipedia.org/wiki/%E8%8B%9F%E5%AF%BF%E4%B9%90,,,,,,,,,,,,
344,insert_nt,,person_only,E,"person in Norbert, no matching NT row",山陽公,,,山陽,,,,公,呂羅漢,呂羅漢,,,Q18236324,https://zh.wikipedia.org/wiki/%E5%91%82%E7%BE%85%E6%BC%A2,9331,,呂羅漢,,,,,,,,,
345,review,,wiki_only,,no Norbert match,山陽公,,,山陽,,,,公,達奚涼州,達奚涼州,,,,https://zh.wikipedia.org/wiki/%E8%BE%BE%E5%A5%9A%E5%87%89%E5%B7%9E,,,,,,,,,,,,
346,review,,wiki_only,,no Norbert match,山陽公,,,山陽,,,,公,杜德俊,杜德俊,,,,https://zh.wikipedia.org/wiki/%E6%9D%9C%E5%BE%B7%E4%BF%8A,,,,,,,,,,,,
347,review,,wiki_only,,no Norbert match,山陽王,漢朝,東漢|西漢|漢,山陽,,哀,,王,劉定,劉定,,,Q10897328,https://zh.wikipedia.org/wiki/%E5%88%98%E5%AE%9A_(%E5%B1%B1%E9%98%B3%E7%8E%8B),,,,,,,,,,,,
348,review,,ambiguous,D,4 Norbert candidates,山陽王,漢朝,東漢|西漢|漢,山陽,,,,王,劉康,劉康,,,Q5370167,https://zh.wikipedia.org/wiki/%E5%8A%89%E5%BA%B7_(%E5%AE%9A%E9%99%B6%E7%8E%8B),8459,1177,劉康,漢,濟南,安,王,,,46,,
349,link,,matched,D,full NT match,山陽王,漢朝,東漢|西漢|漢,山陽,,,,王,劉荊,劉荊,,,Q1414982,https://zh.wikipedia.org/wiki/%E5%8A%89%E8%8D%8A,6146,1195,劉荊,漢,廣陵,思,王,,,46,,
350,link,,matched,D,full NT match,山陽王,漢朝,東漢|西漢|漢,山陽,,,,王,劉懿,劉懿,,,,https://zh.wikipedia.org/wiki/%E5%88%98%E6%87%BF_(%E6%B1%89%E7%8C%AE%E5%B8%9D%E5%AD%90),3728,1117,劉懿,漢,漢,少,帝,,,46,,
351,link,,matched,B,full NT match,常山王,漢朝,東漢|西漢|漢,常山,,憲,,王,劉舜,劉舜,,,Q61092836,https://zh.wikipedia.org/wiki/%E5%88%98%E8%88%9C,9465,1204,劉舜,漢,常山,憲,王,,,43,,
352,review,,ambiguous,D,2 Norbert candidates,常山王,漢朝,東漢|西漢|漢,常山,,,,王,劉勃,劉勃,,,Q17095005,https://zh.wikipedia.org/wiki/%E5%8A%89%E5%8B%83_(%E5%B8%B8%E5%B1%B1%E7%8E%8B),1146,1060,劉勃,漢,安陽,,侯,,,43,,
353,review,,wiki_only,,no Norbert match,常山王,漢朝,東漢|西漢|漢,常山,,,,王,成帝,成帝,,,Q7234,https://zh.wikipedia.org/wiki/%E6%B1%89%E6%88%90%E5%B8%9D,,,,,,,,,,,,
354,link,,matched,D,full NT match,常山王,漢朝,東漢|西漢|漢,常山,,,,王,劉昞,劉昞,,,Q10897631,https://zh.wikipedia.org/wiki/%E5%8A%89%E6%98%9E,8443,1178,劉昞,漢,淮陽,頃,王,,,46,,
355,review,,wiki_only,,no Norbert match,常山王,漢朝,東漢|西漢|漢,常山,,殤,,王,劉側,劉側,,,Q10897631,https://zh.wikipedia.org/wiki/%E5%8A%89%E6%98%9E,,,,,,,,,,,,
356,review,,wiki_only,,no Norbert match,常山王,漢朝,東漢|西漢|漢,常山,,,,王,,,,,,,,,,,,,,,,,,
357,skip,,duplicate,,duplicate,常山王,漢朝,東漢|西漢|漢,常山,,,,王,,,,,,,,,,,,,,,,,,
358,skip,,duplicate,,duplicate,常山王,漢朝,東漢|西漢|漢,常山,,,,王,,,,,,,,,,,,,,,,,,
359,skip,,duplicate,,duplicate,常山王,漢朝,東漢|西漢|漢,常山,,,,王,,,,,,,,,,,,,,,,,,
360,review,,wiki_only,,no Norbert match,常山王,參考,參考,常山,,,,王,後漢書,後漢書,,,Q430428,https://zh.wikipedia.org/wiki/%E5%90%8E%E6%B1%89%E4%B9%A6,,,,,,,,,,,,
361,review,,wiki_only,,no Norbert match,常山王,參考,參考,常山,,,,王,常山國,常山國,,,Q11060338,https://zh.wikipedia.org/wiki/%E5%B8%B8%E5%B1%B1%E9%83%A1,,,,,,,,,,,,
362,review,,wiki_only,,no Norbert match,平幹王,漢朝,東漢|西漢|漢,平幹,,頃,,王,劉偃,劉偃,,,Q10897129,https://zh.wikipedia.org/wiki/%E5%88%98%E5%81%83,,,,,,,,,,,,
363,review,,ambiguous,D,4 Norbert candidates,平幹王,漢朝,東漢|西漢|漢,平幹,,繆,,王,劉元,劉元,,,Q453763,https://zh.wikipedia.org/wiki/%E5%88%98%E5%85%83,4890,1027,劉元,漢,石山,節,侯,,,43,,
364,review,,wiki_only,,no Norbert match,廣平王,漢朝,東漢|西漢|漢,廣平,,,,王,劉廣漢,劉廣漢,4,9,Q15846458,https://zh.wikipedia.org/wiki/%E5%8A%89%E6%98%8C_(%E4%B8%AD%E5%B1%B1%E7%8E%8B),,,,,,,,,,,,
365,update_nt,,matched,B,Norbert row incomplete,廣平王,漢朝,東漢|西漢|漢,廣平,,,,王,劉羨,劉羨,60,82,,https://zh.wikipedia.org/wiki/%E5%88%98%E7%BE%A1_(%E9%99%88%E7%8E%8B),1795,1199,劉羨,漢,廣平,,王,,,46,,
366,link,,matched,D,full NT match,廣平王,唐朝,唐,廣平,,,,王,李豫,李豫,,,Q9753,https://zh.wikipedia.org/wiki/%E5%94%90%E4%BB%A3%E5%AE%97,4144,1894,李豫,唐,唐,,帝,,,97,,
367,link,,matched,D,full NT match,廣平王,唐朝,唐,廣平,,,,王,李純,李純,,,Q9761,https://zh.wikipedia.org/wiki/%E5%94%90%E5%AE%AA%E5%AE%97,4140,1897,李純,唐,唐,,帝,,,97,,
368,review,,wiki_only,,no Norbert match,廣平王,元朝,元,廣平,,,,王,博爾術,博爾術,,,Q1154376,https://zh.wikipedia.org/wiki/%E5%8D%9A%E7%88%BE%E6%9C%AE,,,,,,,,,,,,
369,review,,wiki_only,,no Norbert match,廣平王,元朝,元,廣平,,,,王,孛欒臺,孛欒臺,,,Q955294,https://zh.wikipedia.org/wiki/%E5%AD%9B%E6%A0%BE%E5%8F%B0,,,,,,,,,,,,
370,review,,wiki_only,,no Norbert match,廣平王,元朝,元,廣平,,,,王,玉昔帖木兒,玉昔帖木兒,,,Q16904252,https://zh.wikipedia.org/wiki/%E7%8E%89%E6%98%94%E5%B8%96%E6%9C%A8%E5%84%BF,,,,,,,,,,,,
371,review,,wiki_only,,no Norbert match,廣平王,元朝,元,廣平,,,,王,木剌忽,木剌忽,,,Q45592353,https://zh.wikipedia.org/wiki/%E6%9C%A8%E5%89%8C%E5%BF%BD,,,,,,,,,,,,
372,review,,wiki_only,,no Norbert match,廣平王,元朝,元,廣平,,,,王,禿土哈,禿土哈,,,Q45680850,https://zh.wikipedia.org/wiki/%E8%84%B1%E8%84%B1%E5%93%88,,,,,,,,,,,,
373,review,,wiki_only,,no Norbert match,廣平王,元朝,元,廣平,,,,王,合班,合班,,,,https://zh.wikipedia.org/wiki/%E5%90%88%E7%8F%AD,,,,,,,,,,,,
374,review,,wiki_only,,no Norbert match,廣平王,元朝,元,廣平,,,,王,阿魯圖,阿魯圖,,,,https://zh.wikipedia.org/wiki/%E9%98%BF%E9%B2%81%E5%9B%BE,,,,,,,,,,,,
375,review,,wiki_only,,no Norbert match,廣平王,元朝,元,廣平,,,,王,咬咬,咬咬,,,,https://zh.wikipedia.org/wiki/%E5%92%AC%E5%92%AC,,,,,,,,,,,,
376,link,,matched,D,full NT match,廣陽王,漢朝,東漢|西漢|漢,廣陽,,頃,,王,劉建,劉建,,,Q48928551,https://zh.wikipedia.org/wiki/%E5%88%98%E5%BB%BA_(%E5%B9%BF%E9%98%B3%E7%8E%8B),9454,1159,劉建,漢,燕,靈,王,,,43,,
377,link,,matched,D,full NT match,廣陽王,漢朝,東漢|西漢|漢,廣陽,,穆,,王,劉舜,劉舜,,,Q48928551,https://zh.wikipedia.org/wiki/%E5%88%98%E5%BB%BA_(%E5%B9%BF%E9%98%B3%E7%8E%8B),9465,1204,劉舜,漢,常山,憲,王,,,43,,
378,review,,wiki_only,,no Norbert match,廣陽王,漢朝,東漢|西漢|漢,廣陽,,思,,王,劉璜,劉璜,,,Q18605615,https://zh.wikipedia.org/wiki/%E5%88%98%E7%92%9C_(%E5%B9%BF%E9%98%B3%E7%8E%8B),,,,,,,,,,,,
379,link,,matched,D,full NT match,廣陽王,漢朝,東漢|西漢|漢,廣陽,,,,王,劉嘉,劉嘉,,,Q10897227,https://zh.wikipedia.org/wiki/%E5%88%98%E5%98%89_(%E5%B9%BF%E9%98%B3%E7%8E%8B),8691,987,劉嘉,漢,順陽,懷,侯,,,46,,
380,link,,matched,D,full NT match,廣陽王,北魏,北魏|拓跋魏,廣陽,,,,王,元嘉,元嘉,,,Q10889580,https://zh.wikipedia.org/wiki/%E5%85%83%E5%98%89,2167,1571,元嘉,魏,廣陽,,王,,,89,,
381,review,,wiki_only,,no Norbert match,廣陽王,北魏,北魏|拓跋魏,廣陽,,,,王,元深,元深,,,Q22814818,https://zh.wikipedia.org/wiki/%E5%85%83%E6%B8%8A,,,,,,,,,,,,
382,insert_nt,,person_only,E,"person in Norbert, no matching NT row",廣陽王,北魏,北魏|拓跋魏,廣陽,,,,王,元湛,元湛,,,Q23999669,https://zh.wikipedia.org/wiki/%E5%85%83%E6%B9%9B,15179,,元湛,,,,,,,,,
383,review,,wiki_only,,no Norbert match,德懷王,,,德懷,,,,王,朱厚燉,朱厚燉,,,Q11093687,https://zh.wikipedia.org/wiki/%E6%9C%B1%E5%8E%9A%E7%87%89,,,,,,,,,,,,
384,review,,wiki_only,,no Norbert match,德懷王,,,德懷,,,,王,朱由樺,朱由樺,,,,https://zh.wikipedia.org/wiki/%E6%9C%B1%E7%94%B1%E6%A1%A6,,,,,,,,,,,,
385,review,,wiki_only,,no Norbert match,忠孝王,,,忠孝,,,,王,北周,北周,,,Q551067,https://zh.wikipedia.org/wiki/%E5%8C%97%E5%91%A8,,,,,,,,,,,,
386,review,,wiki_only,,no Norbert match,忠孝王,,,忠孝,,,,王,唐朝,唐朝,,,Q9683,https://zh.wikipedia.org/wiki/%E5%94%90%E6%9C%9D,,,,,,,,,,,,
387,review,,wiki_only,,no Norbert match,忠孝王,,,忠孝,,,,王,伍建章,伍建章,,,,https://zh.wikipedia.org/wiki/%E4%BC%8D%E5%BB%BA%E7%AB%A0,,,,,,,,,,,,
388,review,,wiki_only,,no Norbert match,忠孝王,,,忠孝,,,,王,越南,越南,,,Q881,https://zh.wikipedia.org/wiki/%E8%B6%8A%E5%8D%97,,,,,,,,,,,,
389,review,,wiki_only,,no Norbert match,忠定王,,,忠定,,,,王,南宋,南宋,,,Q1147043,https://zh.wikipedia.org/wiki/%E5%8D%97%E5%AE%8B,,,,,,,,,,,,
390,review,,wiki_only,,no Norbert match,忠定王,,,南宋周忠定,,,,王,趙汝愚,趙汝愚,,,Q11636694,https://zh.wikipedia.org/wiki/%E8%B6%99%E6%B1%9D%E6%84%9A,,,,,,,,,,,,
391,insert_nt,,person_only,E,"person in Norbert, no matching NT row",忠定王,,,南宋魏郡忠定,,,,王,鄭清之,鄭清之,,,Q16260573,https://zh.wikipedia.org/wiki/%E9%83%91%E6%B8%85%E4%B9%8B,16930,,鄭清之,,,,,,,,,
392,review,,wiki_only,,no Norbert match,忠定王,,,忠定,,,,王,元朝,元朝,,,Q7313,https://zh.wikipedia.org/wiki/%E5%85%83%E6%9C%9D,,,,,,,,,,,,
393,link,,matched,D,full NT match,忠定王,,,忠定,,,,王,高麗忠定王,高麗忠定王,,,Q485495,https://zh.wikipedia.org/wiki/%E9%AB%98%E4%B8%BD%E5%BF%A0%E5%AE%9A%E7%8E%8B,16599,2367,高麗忠定王,高麗,高麗,忠定,王,,,141,,
394,skip,,skip_section,,section:諡號,忠武王,諡號,,忠武,,,,王,莎車,莎車,,,Q11619072,https://zh.wikipedia.org/wiki/%E8%8E%8E%E8%BD%A6%E5%9B%BD,,,,,,,,,,,,
395,skip,,skip_section,,section:諡號,忠武王,諡號,,武功忠武,,,,王,韓祖念,韓祖念,,,Q48927987,https://zh.wikipedia.org/wiki/%E9%9F%A9%E7%A5%96%E5%BF%B5,,,,,,,,,,,,
396,skip,,skip_section,,section:諡號,忠武王,諡號,,巴陵忠武,,,,王,王琳,王琳,,,Q712358,https://zh.wikipedia.org/wiki/%E7%8E%8B%E7%90%B3_(%E5%B7%B4%E9%99%B5%E9%83%A1%E7%8E%8B),,,,,,,,,,,,
397,skip,,skip_section,,section:諡號,忠武王,諡號,,高昌忠武,,,,王,劉豐生,劉豐生,,,,https://zh.wikipedia.org/wiki/%E5%88%98%E4%B8%B0%E7%94%9F,,,,,,,,,,,,
398,skip,,skip_section,,section:諡號,忠武王,諡號,,永昌忠武,,,,王,高昂,高昂,,,Q10744234,https://zh.wikipedia.org/wiki/%E9%AB%98%E6%98%82,,,,,,,,,,,,
399,skip,,skip_section,,section:諡號,忠武王,諡號,,蘭陵忠武,,,,王,高長恭,高長恭,,,Q710336,https://zh.wikipedia.org/wiki/%E9%AB%98%E9%95%B7%E6%81%AD,,,,,,,,,,,,
400,skip,,skip_section,,section:諡號,忠武王,諡號,,平原忠武,,,,王,段韶,段韶,,,Q20041361,https://zh.wikipedia.org/wiki/%E6%AE%B5%E9%9F%B6,,,,,,,,,,,,
401,skip,,skip_section,,section:諡號,忠武王,諡號,,廣陽忠武,,,,王,元淵,元淵,,,Q22814818,https://zh.wikipedia.org/wiki/%E5%85%83%E6%B8%8A,,,,,,,,,,,,
402,skip,,skip_section,,section:諡號,忠武王,諡號,,始興忠武,,,,王,蕭憺,蕭憺,,,,https://zh.wikipedia.org/wiki/%E8%95%AD%E6%86%BA,,,,,,,,,,,,
403,skip,,skip_section,,section:諡號,忠武王,諡號,,鹹陽忠武,,,,王,斛律金,斛律金,,,Q6130978,https://zh.wikipedia.org/wiki/%E6%96%9B%E5%BE%8B%E9%87%91,,,,,,,,,,,,
404,skip,,skip_section,,section:諡號,忠武王,諡號,,汾陽忠武,,,,王,郭子儀,郭子儀,,,Q1290765,https://zh.wikipedia.org/wiki/%E9%83%AD%E5%AD%90%E4%BB%AA,,,,,,,,,,,,
405,skip,,skip_section,,section:諡號,忠武王,諡號,,西平忠武,,,,王,李晟,李晟,,,Q3237572,https://zh.wikipedia.org/wiki/%E6%9D%8E%E6%99%9F_(%E5%94%90%E6%9C%9D),,,,,,,,,,,,
406,skip,,skip_section,,section:諡號,忠武王,諡號,,南康忠武,,,,王,韋皋,韋皋,,,Q1564730,https://zh.wikipedia.org/wiki/%E9%9F%A6%E7%9A%8B,,,,,,,,,,,,
407,skip,,skip_section,,section:諡號,忠武王,諡號,,忠武,,,,王,齊忠武王,齊忠武王,,,Q97464808,https://zh.wikipedia.org/wiki/%E9%BD%8A%E5%BF%A0%E6%AD%A6%E7%8E%8B,,,,,,,,,,,,
408,skip,,skip_section,,section:諡號,忠武王,諡號,,齊忠武,,,,王,徐溫,徐溫,,,Q698576,https://zh.wikipedia.org/wiki/%E5%BE%90%E6%BA%AB,,,,,,,,,,,,
409,skip,,skip_section,,section:諡號,忠武王,諡號,,齊忠武,,,,王,李彥宗,李彥宗,,,,https://zh.wikipedia.org/wiki/%E6%9D%8E%E5%BD%A5%E5%AE%97,,,,,,,,,,,,
410,skip,,skip_section,,section:諡號,忠武王,諡號,,彭忠武,,,,王,郭守文,郭守文,,,Q10558956,https://zh.wikipedia.org/wiki/%E9%83%AD%E5%AE%88%E6%96%87,,,,,,,,,,,,
411,skip,,skip_section,,section:諡號,忠武王,諡號,,鄂忠武,,,,王,嶽飛,嶽飛,,,Q334398,https://zh.wikipedia.org/wiki/%E5%B2%B3%E9%A3%9E,,,,,,,,,,,,
412,skip,,skip_section,,section:諡號,忠武王,諡號,,蘗忠武,,,,王,韓世忠,韓世忠,,,Q706861,https://zh.wikipedia.org/wiki/%E9%9F%A9%E4%B8%96%E5%BF%A0,,,,,,,,,,,,
413,skip,,skip_section,,section:諡號,忠武王,諡號,,高唐忠武,,,,王,阿剌兀思,阿剌兀思,,,Q27920893,https://zh.wikipedia.org/wiki/%E9%98%BF%E5%89%8C%E5%85%80%E6%80%9D%E5%89%94%E5%90%89%E5%BF%BD%E9%87%8C,,,,,,,,,,,,
414,skip,,skip_section,,section:諡號,忠武王,諡號,,昌忠武,,,,王,孛禿,孛禿,,,,https://zh.wikipedia.org/wiki/%E5%AD%9B%E7%A6%BF,,,,,,,,,,,,
415,skip,,skip_section,,section:諡號,忠武王,諡號,,鎮陽忠武,,,,王,史天澤,史天澤,,,Q5974349,https://zh.wikipedia.org/wiki/%E5%8F%B2%E5%A4%A9%E6%B3%BD,,,,,,,,,,,,
416,skip,,skip_section,,section:諡號,忠武王,諡號,,魯忠武,,,,王,木華黎,木華黎,,,,https://zh.wikipedia.org/wiki/%E6%9C%A8%E8%8F%AF%E9%BB%8E,,,,,,,,,,,,
417,skip,,skip_section,,section:諡號,忠武王,諡號,,榮忠武,,,,王,和裡吉,和裡吉,,,,https://zh.wikipedia.org/wiki/%E5%92%8C%E9%87%8C%E5%90%89,,,,,,,,,,,,
418,skip,,skip_section,,section:諡號,忠武王,諡號,,歸德忠武,,,,王,不憐吉歹,不憐吉歹,,,,https://zh.wikipedia.org/wiki/%E4%B8%8D%E6%86%90%E5%90%89%E6%AD%B9_(%E6%AD%B8%E5%BE%B7%E7%8E%8B),,,,,,,,,,,,
419,skip,,skip_section,,section:諡號,忠武王,諡號,,德忠武,,,,王,燕帖木兒,燕帖木兒,,,Q7157453,https://zh.wikipedia.org/wiki/%E7%87%95%E5%B8%96%E6%9C%A8%E5%84%BF,,,,,,,,,,,,
420,skip,,skip_section,,section:諡號,忠武王,諡號,,廣平忠武,,,,王,博爾朮,博爾朮,,,Q1154376,https://zh.wikipedia.org/wiki/%E5%8D%9A%E7%88%BE%E6%9C%AE,,,,,,,,,,,,
421,skip,,skip_section,,section:諡號,忠武王,諡號,,淮安忠武,,,,王,伯顏,伯顏,,,Q846112,https://zh.wikipedia.org/wiki/%E4%BC%AF%E9%A1%8F_(%E5%85%AB%E9%84%B0%E9%83%A8),,,,,,,,,,,,
422,skip,,skip_section,,section:諡號,忠武王,諡號,,濟寧忠武,,,,王,按陳,按陳,,,Q7067756,https://zh.wikipedia.org/wiki/%E6%8C%89%E9%99%B3,,,,,,,,,,,,
423,skip,,skip_section,,section:諡號,忠武王,諡號,,汝南忠武,,,,王,張柔,張柔,,,Q11067267,https://zh.wikipedia.org/wiki/%E5%BC%A0%E6%9F%94,,,,,,,,,,,,
424,skip,,skip_section,,section:諡號,忠武王,諡號,,開平忠武,,,,王,常遇春,常遇春,,,Q388248,https://zh.wikipedia.org/wiki/%E5%B8%B8%E9%81%87%E6%98%A5,,,,,,,,,,,,
425,skip,,skip_section,,section:諡號,忠武王,諡號,,河間忠武,,,,王,張玉,張玉,,,Q11068798,https://zh.wikipedia.org/wiki/%E5%BC%B5%E7%8E%89,,,,,,,,,,,,
426,skip,,skip_section,,section:諡號,忠武王,諡號,,榆林忠武,,,,王,金聲桓,金聲桓,,,Q15932262,https://zh.wikipedia.org/wiki/%E9%87%91%E8%81%B2%E6%A1%93,,,,,,,,,,,,
427,skip,,skip_section,,section:諡號,忠武王,諡號,,寧夏忠武,,,,王,李成棟,李成棟,,,Q11096601,https://zh.wikipedia.org/wiki/%E6%9D%8E%E6%88%90%E6%A3%9F_(%E6%98%8E%E6%9C%9D),,,,,,,,,,,,
428,skip,,skip_section,,section:諡號,忠武王,諡號,,和陽忠武,,,,王,黃得功,黃得功,,,Q11177517,https://zh.wikipedia.org/wiki/%E9%BB%84%E5%BE%97%E5%8A%9F,,,,,,,,,,,,
429,skip,,skip_section,,section:諡號,忠武王,諡號,,忠勇忠武,,,,王,張勳,張勳,,,Q699600,https://zh.wikipedia.org/wiki/%E5%BC%B5%E5%8B%B3,,,,,,,,,,,,
430,skip,,skip_section,,section:封號,忠武王,封號,,忠武,,,,王,越南,越南,,,Q881,https://zh.wikipedia.org/wiki/%E8%B6%8A%E5%8D%97,,,,,,,,,,,,
431,skip,,skip_section,,section:封號,忠武王,封號,,忠武,,,,王,後黎朝,後黎朝,,,Q10800789,https://zh.wikipedia.org/wiki/%E5%BE%8C%E9%BB%8E%E6%9C%9D,,,,,,,,,,,,
432,skip,,skip_section,,section:諡號,忠烈王,諡號,,重安忠烈,,,,王,程靈洗,程靈洗,,,Q5928085,https://zh.wikipedia.org/wiki/%E7%A8%8B%E9%9D%88%E6%B4%97,,,,,,,,,,,,
433,skip,,skip_section,,section:諡號,忠烈王,諡號,,瑯琊忠烈,,,,王,王武俊,王武俊,,,Q7967676,https://zh.wikipedia.org/wiki/%E7%8E%8B%E6%AD%A6%E4%BF%8A,,,,,,,,,,,,
434,skip,,skip_section,,section:諡號,忠烈王,諡號,,鄱陽忠烈,,,,王,蕭恢,蕭恢,,,Q11622072,https://zh.wikipedia.org/wiki/%E8%90%A7%E6%81%A2,,,,,,,,,,,,
435,skip,,skip_section,,section:諡號,忠烈王,諡號,,河間忠烈,,,,王,蕭巖,蕭巖,,,Q15953455,https://zh.wikipedia.org/wiki/%E8%95%AD%E5%B7%96_(%E5%8D%97%E5%8C%97%E6%9C%9D),,,,,,,,,,,,
436,skip,,skip_section,,section:諡號,忠烈王,諡號,,扶風忠烈,,,,王,可朱渾元,可朱渾元,,,,https://zh.wikipedia.org/wiki/%E5%8F%AF%E6%9C%B1%E6%B8%BE%E5%85%83,,,,,,,,,,,,
437,skip,,skip_section,,section:諡號,忠烈王,諡號,,扶陽忠烈,,,,王,桓彥範,桓彥範,,,Q5925355,https://zh.wikipedia.org/wiki/%E6%A1%93%E5%BD%A5%E7%AF%84,,,,,,,,,,,,
438,skip,,skip_section,,section:諡號,忠烈王,諡號,,遼忠烈,,,,王,完顏宗幹,完顏宗幹,,,Q2582969,https://zh.wikipedia.org/wiki/%E5%AE%8C%E9%A1%8F%E5%AE%97%E5%B9%B9,,,,,,,,,,,,
439,skip,,skip_section,,section:諡號,忠烈王,諡號,,東平忠烈,,,,王,徒單克寧,徒單克寧,,,,https://zh.wikipedia.org/wiki/%E5%BE%92%E5%96%AE%E5%85%8B%E5%AF%A7,,,,,,,,,,,,
440,skip,,skip_section,,section:諡號,忠烈王,諡號,,梁忠烈,,,,王,完顏宗弼,完顏宗弼,,,,https://zh.wikipedia.org/wiki/%E5%85%80%E8%A1%93,,,,,,,,,,,,
441,skip,,skip_section,,section:諡號,忠烈王,諡號,,涼忠烈,,,,王,黨兀班,黨兀班,,,,https://zh.wikipedia.org/wiki/%E9%BB%A8%E5%85%80%E7%8F%AD,,,,,,,,,,,,
442,skip,,skip_section,,section:諡號,忠烈王,諡號,,趙忠烈,,,,王,囊家臺,囊家臺,,,Q45596215,https://zh.wikipedia.org/wiki/%E5%9B%8A%E5%AE%B6%E5%8F%B0,,,,,,,,,,,,
443,skip,,skip_section,,section:諡號,忠烈王,諡號,,忠烈,,,,王,高麗忠烈王,高麗忠烈王,,,Q493993,https://zh.wikipedia.org/wiki/%E9%AB%98%E9%BA%97%E5%BF%A0%E7%83%88%E7%8E%8B,,,,,,,,,,,,
444,skip,,skip_section,,section:諡號,忠烈王,諡號,,定興忠烈,,,,王,張輔,張輔,,,Q6803223,https://zh.wikipedia.org/wiki/%E5%BC%B5%E8%BC%94_(%E8%8B%B1%E5%9C%8B%E5%85%AC),,,,,,,,,,,,
445,skip,,skip_section,,section:諡號,忠烈王,諡號,,寧夏忠烈,,,,王,李成棟,李成棟,,,Q11096601,https://zh.wikipedia.org/wiki/%E6%9D%8E%E6%88%90%E6%A3%9F_(%E6%98%8E%E6%9C%9D),,,,,,,,,,,,
446,skip,,skip_section,,section:諡號,忠烈王,諡號,,淝水忠烈,,,,王,黃得功,黃得功,,,Q11177517,https://zh.wikipedia.org/wiki/%E9%BB%84%E5%BE%97%E5%8A%9F,,,,,,,,,,,,
447,review,,wiki_only,,no Norbert match,忠烈王,爵號,爵號,忠烈,,,,王,越南,越南,,,Q881,https://zh.wikipedia.org/wiki/%E8%B6%8A%E5%8D%97,,,,,,,,,,,,
448,skip,,skip_section,,section:封號,忠襄王,封號,,忠襄,,獻武,,王,察罕帖木兒,察罕帖木兒,,,Q847848,https://zh.wikipedia.org/wiki/%E5%AF%9F%E7%BD%95%E5%B8%96%E6%9C%A8%E5%84%BF,,,,,,,,,,,,
449,skip,,skip_section,,section:諡號,忠襄王,諡號,,濟南忠襄,,,,王,張榮,張榮,,,,https://zh.wikipedia.org/wiki/%E5%BC%B5%E6%A6%AE_(%E6%BF%9F%E5%8D%97),,,,,,,,,,,,
450,skip,,skip_section,,section:諡號,忠襄王,諡號,,潁川忠襄,,,,王,察罕帖木兒,察罕帖木兒,,,Q847848,https://zh.wikipedia.org/wiki/%E5%AF%9F%E7%BD%95%E5%B8%96%E6%9C%A8%E5%84%BF,,,,,,,,,,,,
451,skip,,skip_section,,section:諡號,忠襄王,諡號,,宣寧忠襄,,,,王,速哥,速哥,,,Q45663578,https://zh.wikipedia.org/wiki/%E9%80%9F%E5%93%A5_(%E5%85%8B%E7%83%88),,,,,,,,,,,,
452,skip,,skip_section,,section:諡號,忠襄王,諡號,,趙忠襄,,,,王,術忽難,術忽難,,,,https://zh.wikipedia.org/wiki/%E8%A1%93%E5%BF%BD%E9%9B%A3,,,,,,,,,,,,
453,skip,,skip_section,,section:爵位,忠貞侯,爵位,,忠貞,,,,侯,秦良玉,秦良玉,,,Q1049034,https://zh.wikipedia.org/wiki/%E7%A7%A6%E8%89%AF%E7%8E%89,,,,,,,,,,,,
454,skip,,skip_section,,section:諡號,忠貞侯,諡號,,永昌忠貞,,,,侯,韋粲,韋粲,,,Q22774407,https://zh.wikipedia.org/wiki/%E9%9F%8B%E7%B2%B2,,,,,,,,,,,,
455,skip,,skip_section,,section:諡號,忠貞侯,諡號,,忠貞,,忠貞,,侯,秦良玉,秦良玉,,,Q1049034,https://zh.wikipedia.org/wiki/%E7%A7%A6%E8%89%AF%E7%8E%89,,,,,,,,,,,,
456,skip,,skip_section,,section:諡號,恭宣王,諡號,,明朝萬安恭宣,,,,王,朱珂堆,朱珂堆,,,,https://zh.wikipedia.org/wiki/Template:%E6%98%8E%E6%9C%9D%E8%AB%B8%E7%8E%8B%E5%88%97%E8%A1%A8/%E8%90%AC%E5%AE%89%E5%9C%8B,,,,,,,,,,,,
457,skip,,skip_section,,section:諡號,恭宣王,諡號,,恭宣,,,,王,朝鮮正祖,朝鮮正祖,,,Q26530,https://zh.wikipedia.org/wiki/%E6%9C%9D%E9%AE%AE%E6%AD%A3%E7%A5%96,,,,,,,,,,,,
458,skip,,skip_section,,section:封號,恭宣王,封號,,恭宣,,,,王,陳睿宗,陳睿宗,,,Q711858,https://zh.wikipedia.org/wiki/%E9%99%B3%E7%9D%BF%E5%AE%97,,,,,,,,,,,,
459,skip,,skip_section,,section:諡號,恭順王,諡號,,永安恭順,,,,王,朱英焌,朱英焌,,,,https://zh.wikipedia.org/wiki/%E6%9C%B1%E8%8B%B1%E7%84%8C,,,,,,,,,,,,
460,skip,,skip_section,,section:諡號,恭順王,諡號,,弘農恭順,,,,王,朱倪𩵑,朱倪𩵑,,,Q109378878,https://zh.wikipedia.org/wiki/%E6%9C%B1%E5%80%AA%F0%A9%B5%91,,,,,,,,,,,,
461,skip,,skip_section,,section:諡號,恭順王,諡號,,廣信恭順,,,,王,朱厚𰟙,朱厚𰟙,,,Q120699570,https://zh.wikipedia.org/wiki/%E6%9C%B1%E5%8E%9A%F0%B0%9F%99,,,,,,,,,,,,
462,skip,,skip_section,,section:諡號,恭順王,諡號,,崇善恭順,,,,王,朱安㴦,朱安㴦,,,Q109351411,https://zh.wikipedia.org/wiki/%E6%9C%B1%E5%AE%89%E3%B4%A6,,,,,,,,,,,,
463,skip,,skip_section,,section:諡號,恭順王,諡號,,邵陵恭順,,,,王,朱安潿,朱安潿,,,Q109412874,https://zh.wikipedia.org/wiki/%E6%9C%B1%E5%AE%89%E6%BD%BF,,,,,,,,,,,,
464,skip,,skip_section,,section:諡號,恭順王,諡號,,麗水恭順,,,,王,朱安汾,朱安汾,,,Q109412861,https://zh.wikipedia.org/wiki/%E6%9C%B1%E5%AE%89%E6%B1%BE,,,,,,,,,,,,
465,skip,,skip_section,,section:諡號,恭順王,諡號,,臨川恭順,,,,王,朱奠埨,朱奠埨,,,Q140077547,https://zh.wikipedia.org/wiki/%E6%9C%B1%E5%A5%A0%E5%9F%A8,,,,,,,,,,,,
466,skip,,skip_section,,section:諡號,恭順王,諡號,,潁川恭順,,,,王,朱睦棌,朱睦棌,,,Q109351378,https://zh.wikipedia.org/wiki/%E6%9C%B1%E7%9D%A6%E6%A3%8C,,,,,,,,,,,,
467,skip,,skip_section,,section:諡號,恭順王,諡號,,吉陽恭順,,,,王,朱聰注,朱聰注,,,Q123329791,https://zh.wikipedia.org/wiki/%E6%9C%B1%E8%81%B0%E6%B3%A8,,,,,,,,,,,,
468,skip,,skip_section,,section:諡號,恭順王,諡號,,嘉定恭順,,,,王,朱載㙐,朱載㙐,,,Q109343857,https://zh.wikipedia.org/wiki/%E6%9C%B1%E8%BC%89%E3%99%90,,,,,,,,,,,,
469,skip,,skip_section,,section:諡號,恭順王,諡號,,原武恭順,,,,王,朱安淇,朱安淇,,,Q109412850,https://zh.wikipedia.org/wiki/%E6%9C%B1%E5%AE%89%E6%B7%87,,,,,,,,,,,,
470,skip,,skip_section,,section:諡號,恭順王,諡號,,長垣恭順,,,,王,朱恩鉀,朱恩鉀,,,,https://zh.wikipedia.org/wiki/%E6%9C%B1%E6%81%A9%E9%89%80,,,,,,,,,,,,
471,skip,,skip_section,,section:諡號,恭順王,諡號,,華陽恭順,,,,王,朱賓泟,朱賓泟,,,,https://zh.wikipedia.org/wiki/%E6%9C%B1%E8%B3%93%E6%B3%9F,,,,,,,,,,,,
472,skip,,skip_section,,section:諡號,恭順王,諡號,,崑山恭順,,,,王,朱謨埦,朱謨埦,,,,https://zh.wikipedia.org/wiki/%E6%9C%B1%E8%AC%A8%E5%9F%A6,,,,,,,,,,,,
473,skip,,skip_section,,section:諡號,恭順王,諡號,,恭順,,,,王,朝鮮文宗,朝鮮文宗,,,Q483821,https://zh.wikipedia.org/wiki/%E6%9C%9D%E9%AE%AE%E6%96%87%E5%AE%97,,,,,,,,,,,,
474,skip,,skip_section,,section:封號,恭順王,封號,,恭順,,,,王,孔有德,孔有德,,,Q5977979,https://zh.wikipedia.org/wiki/%E5%AD%94%E6%9C%89%E5%BE%B7,,,,,,,,,,,,
475,link,,matched,D,full NT match,悼襄王,,,悼襄,,,,王,趙悼襄王,趙悼襄王,,,Q575298,https://zh.wikipedia.org/wiki/%E8%B6%99%E6%82%BC%E8%A5%84%E7%8E%8B,10182,1308,趙悼襄王,趙,趙,悼襄,王,,,30,,
476,review,,wiki_only,,no Norbert match,悼襄王,,,悼襄,,,,王,韓襄王,韓襄王,,,Q3178575,https://zh.wikipedia.org/wiki/%E9%9F%93%E8%A5%84%E7%8E%8B,,,,,,,,,,,,
477,review,,wiki_only,,no Norbert match,懷德王,,,懷德,,,,王,漢,漢,,,Q1147037,https://zh.wikipedia.org/wiki/%E4%B8%9C%E6%B1%89,,,,,,,,,,,,
478,review,,wiki_only,,no Norbert match,懷德王,,,懷德,,,,王,陳朝,陳朝,,,Q62454,https://zh.wikipedia.org/wiki/%E5%8D%97%E9%99%B3,,,,,,,,,,,,
479,review,,wiki_only,,no Norbert match,懷德王,,,懷德,,,,王,越南,越南,,,Q881,https://zh.wikipedia.org/wiki/%E8%B6%8A%E5%8D%97,,,,,,,,,,,,
480,review,,wiki_only,,no Norbert match,懿德王,元朝,元,懿德,,,,王,沙藍朵兒,沙藍朵兒,,,,https://zh.wikipedia.org/wiki/%E6%B2%99%E8%93%9D%E6%9C%B5%E5%84%BF,,,,,,,,,,,,
481,review,,wiki_only,,no Norbert match,懿德王,元朝,元,懿德,,,,王,孛羅帖木兒,孛羅帖木兒,,,,https://zh.wikipedia.org/wiki/%E5%AD%9B%E7%BD%97%E5%B8%96%E6%9C%A8%E5%84%BF,,,,,,,,,,,,
482,review,,wiki_only,,no Norbert match,成安君,,,,,,,,公孫操,公孫操,,,Q9415340,https://zh.wikipedia.org/wiki/%E5%85%AC%E5%AD%99%E6%93%8D,,,,,,,,,,,,
483,insert_nt,,person_only,E,"person in Norbert, no matching NT row",成安君,,,,,,,,陳餘,陳餘,,,Q712022,https://zh.wikipedia.org/wiki/%E9%99%B3%E9%A4%98,1836,,陳餘,,,,,,,,,
484,insert_nt,,person_only,E,"person in Norbert, no matching NT row",成都王,晉朝,西晉|東晉|晉,成都,,,,王,司馬勳,司馬勳,,,Q10916601,https://zh.wikipedia.org/wiki/%E5%8F%B8%E9%A6%AC%E5%8B%B3,8765,,司馬勳,,,,,,,,,
485,link,,matched,D,full NT match,成都王,十六國,十六國,成都,,,,王,李雄,李雄,,,Q11098278,https://zh.wikipedia.org/wiki/%E6%9D%8E%E9%9B%84,3009,1114,李雄,漢,漢,武,帝,,,56,,
486,insert_nt,,person_only,E,"person in Norbert, no matching NT row",成都王,十六國,十六國,成都,,,,王,譙縱,譙縱,,,Q1140347,https://zh.wikipedia.org/wiki/%E8%AD%99%E7%B8%B1,3086,,譙縱,,,,,,,,,
487,review,,ambiguous,D,2 Norbert candidates,成都王,十六國,十六國,成都,,,,王,楊玄,楊玄,,,,https://zh.wikipedia.org/wiki/%E6%9D%A8%E7%8E%84,3249,3,楊玄,仇池,仇池,孝昭,王,,,74,,
488,skip,,skip_section,,section:封號,文宣公,封號,,文宣,,,,公,唐朝,唐朝,,,Q9683,https://zh.wikipedia.org/wiki/%E5%94%90%E6%9C%9D,,,,,,,,,,,,
489,skip,,skip_section,,section:封號,文宣公,封號,,文宣,,,,公,孔璲之,孔璲之,,,Q19855599,https://zh.wikipedia.org/wiki/%E5%AD%94%E7%92%B2%E4%B9%8B,,,,,,,,,,,,
490,skip,,skip_section,,section:封號,文宣公,封號,,文宣,,,,公,孔萱,孔萱,,,Q22812643,https://zh.wikipedia.org/wiki/%E5%AD%94%E8%90%B1,,,,,,,,,,,,
491,skip,,skip_section,,section:封號,文宣公,封號,,文宣,,,,公,孔齊卿,孔齊卿,,,Q22812644,https://zh.wikipedia.org/wiki/%E5%AD%94%E9%BD%8A%E5%8D%BF,,,,,,,,,,,,
492,skip,,skip_section,,section:封號,文宣公,封號,,文宣,,,,公,孔惟晊,孔惟晊,,,Q22812645,https://zh.wikipedia.org/wiki/%E5%AD%94%E6%83%9F%E6%99%8A,,,,,,,,,,,,
493,skip,,skip_section,,section:封號,文宣公,封號,,文宣,,,,公,孔策,孔策,,,Q22812646,https://zh.wikipedia.org/wiki/%E5%AD%94%E7%AD%96,,,,,,,,,,,,
494,skip,,skip_section,,section:封號,文宣公,封號,,文宣,,,,公,孔振,孔振,,,Q22812647,https://zh.wikipedia.org/wiki/%E5%AD%94%E6%8C%AF,,,,,,,,,,,,
495,skip,,skip_section,,section:封號,文宣公,封號,,文宣,,,,公,孔昭儉,孔昭儉,,,Q22812648,https://zh.wikipedia.org/wiki/%E5%AD%94%E6%98%AD%E5%84%89,,,,,,,,,,,,
496,skip,,skip_section,,section:封號,文宣公,封號,,文宣,,,,公,五代十國,五代十國,,,Q242115,https://zh.wikipedia.org/wiki/%E4%BA%94%E4%BB%A3%E5%8D%81%E5%9B%BD,,,,,,,,,,,,
497,skip,,skip_section,,section:封號,文宣公,封號,,文宣,,,,公,孔邈,孔邈,,,Q10944475,https://zh.wikipedia.org/wiki/%E5%AD%94%E9%82%88_(%E4%BA%94%E4%BB%A3),,,,,,,,,,,,
498,skip,,skip_section,,section:封號,文宣公,封號,,文宣,,,,公,孔仁玉,孔仁玉,,,Q10944210,https://zh.wikipedia.org/wiki/%E5%AD%94%E4%BB%81%E7%8E%89,,,,,,,,,,,,
499,skip,,skip_section,,section:封號,文宣公,封號,,文宣,,,,公,北宋,北宋,,,Q319460,https://zh.wikipedia.org/wiki/%E5%8C%97%E5%AE%8B,,,,,,,,,,,,
500,skip,,skip_section,,section:封號,文宣公,封號,,文宣,,,,公,孔宜,孔宜,,,Q10944286,https://zh.wikipedia.org/wiki/%E5%AD%94%E5%AE%9C,,,,,,,,,,,,
501,skip,,skip_section,,section:封號,文宣公,封號,,文宣,,,,公,孔延世,孔延世,,,Q22812699,https://zh.wikipedia.org/wiki/%E5%AD%94%E5%BB%B6%E4%B8%96,,,,,,,,,,,,
502,skip,,skip_section,,section:封號,文宣公,封號,,文宣,,,,公,孔聖佑,孔聖佑,,,Q22812651,https://zh.wikipedia.org/wiki/%E5%AD%94%E5%9C%A3%E4%BD%91,,,,,,,,,,,,
503,skip,,skip_section,,section:封號,文宣公,封號,,文宣,,,,公,孔宗願,孔宗願,,,Q10944285,https://zh.wikipedia.org/wiki/%E5%AD%94%E5%AE%97%E9%A1%98,,,,,,,,,,,,
504,skip,,skip_section,,section:諡號,文宣公,諡號,,南康文宣,,,,公,劉穆之,劉穆之,,,Q10900239,https://zh.wikipedia.org/wiki/%E5%8A%89%E7%A9%86%E4%B9%8B,,,,,,,,,,,,
505,skip,,skip_section,,section:諡號,文宣公,諡號,,太上秦文宣,,,,公,胡國珍,胡國珍,,,,https://zh.wikipedia.org/wiki/%E8%83%A1%E5%9C%8B%E7%8F%8D_(%E5%8C%97%E6%9C%9D),,,,,,,,,,,,
506,skip,,skip_section,,section:諡號,文宣公,諡號,,平恩文宣,,,,公,崔光,崔光,,,Q24836622,https://zh.wikipedia.org/wiki/%E5%B4%94%E5%85%89_(%E5%8D%97%E5%8C%97%E6%9C%9D),,,,,,,,,,,,
507,skip,,skip_section,,section:諡號,文宣公,諡號,,濮陽文宣,,,,公,谷渾,谷渾,,,,https://zh.wikipedia.org/wiki/%E8%B0%B7%E6%B8%BE,,,,,,,,,,,,
508,review,,wiki_only,,no Norbert match,文成王,,,文成,,,,王,商朝,商朝,,,Q128938,https://zh.wikipedia.org/wiki/%E5%95%86%E6%9C%9D,,,,,,,,,,,,
509,review,,wiki_only,,no Norbert match,文成王,,,文成,,,,王,西晉,西晉,,,Q1145470,https://zh.wikipedia.org/wiki/%E8%A5%BF%E6%99%8B,,,,,,,,,,,,
510,review,,wiki_only,,no Norbert match,文成王,,,文成,,,,王,北魏,北魏,,,Q875305,https://zh.wikipedia.org/wiki/%E5%8C%97%E9%AD%8F,,,,,,,,,,,,
511,review,,wiki_only,,no Norbert match,文成王,,,文成,,,,王,北齊,北齊,,,Q1143524,https://zh.wikipedia.org/wiki/%E5%8C%97%E9%BD%90,,,,,,,,,,,,
512,review,,wiki_only,,no Norbert match,文成王,,,文成,,,,王,南唐,南唐,,,Q1326742,https://zh.wikipedia.org/wiki/%E5%8D%97%E5%94%90,,,,,,,,,,,,
513,review,,wiki_only,,no Norbert match,文濟王,元朝,元,文濟,,,,王,蠻子,蠻子,,,Q4280415,https://zh.wikipedia.org/wiki/%E8%9B%AE%E5%AD%90,,,,,,,,,,,,
514,review,,wiki_only,,no Norbert match,文濟王,元朝,元,文濟,,,,王,不花帖木兒,不花帖木兒,,,Q85874009,https://zh.wikipedia.org/wiki/%E4%B8%8D%E8%8A%B1%E5%B8%96%E6%9C%A8%E5%84%BF,,,,,,,,,,,,
515,review,,wiki_only,,no Norbert match,文簡王,,,文簡,,,,王,西魏,西魏,,,Q1143164,https://zh.wikipedia.org/wiki/%E8%A5%BF%E9%AD%8F,,,,,,,,,,,,
516,review,,wiki_only,,no Norbert match,文簡王,,,文簡,,,,王,北齊,北齊,,,Q1143524,https://zh.wikipedia.org/wiki/%E5%8C%97%E9%BD%90,,,,,,,,,,,,
517,review,,wiki_only,,no Norbert match,文簡王,,,文簡,,,,王,宋朝,宋朝,,,Q7462,https://zh.wikipedia.org/wiki/%E5%AE%8B%E6%9C%9D,,,,,,,,,,,,
518,insert_nt,,person_only,E,"person in Norbert, no matching NT row",昌國君,,,,,,,,樂毅,樂毅,,,Q912239,https://zh.wikipedia.org/wiki/%E4%B9%90%E6%AF%85,10373,,樂毅,,,,,,,,,
519,review,,wiki_only,,no Norbert match,昌國君,,,,,,,,樂間,樂間,,,Q10978979,https://zh.wikipedia.org/wiki/%E6%A8%82%E9%96%93,,,,,,,,,,,,
520,link,,matched,B,full NT match,昌邑王,漢朝,東漢|西漢|漢,昌邑,,哀,,王,劉髆,劉髆,,,Q6500351,https://zh.wikipedia.org/wiki/%E5%8A%89%E9%AB%86,9470,1200,劉髆,漢,昌邑,哀,王,,,43,,
521,review,,ambiguous,D,2 Norbert candidates,昌邑王,漢朝,東漢|西漢|漢,昌邑,,,,王,劉賀,劉賀,,,Q7228,https://zh.wikipedia.org/wiki/%E5%88%98%E8%B4%BA,3722,1055,劉賀,漢,海昏,,侯,,,43,,
522,review,,wiki_only,,no Norbert match,昌邑王,漢朝,東漢|西漢|漢,劉賀後成為西漢的皇,,,,帝,,,,,,,,,,,,,,,,,,
523,review,,wiki_only,,no Norbert match,明端帝,,,明端,,,,帝,朱由檢,朱由檢,,,Q10069,https://zh.wikipedia.org/wiki/%E5%B4%87%E7%A6%8E%E5%B8%9D,,,,,,,,,,,,
524,review,,wiki_only,,no Norbert match,明端帝,,,南明端,,,,帝,朱碩熿,朱碩熿,,,Q11094507,https://zh.wikipedia.org/wiki/%E6%9C%B1%E7%A2%A9%E7%86%BF,,,,,,,,,,,,
525,review,,wiki_only,,no Norbert match,明端帝,,,南明端,,,,帝,朱常瀛,朱常瀛,,,Q5973261,https://zh.wikipedia.org/wiki/%E6%9C%B1%E5%B8%B8%E7%80%9B,,,,,,,,,,,,
526,review,,wiki_only,,no Norbert match,昏德公,,,昏德,,,,公,趙佶,趙佶,,,Q7486,https://zh.wikipedia.org/wiki/%E5%AE%8B%E5%BE%BD%E5%AE%97,,,,,,,,,,,,
527,review,,wiki_only,,no Norbert match,昏德公,,,昏德,,,,公,楊日禮,楊日禮,,,Q716481,https://zh.wikipedia.org/wiki/%E6%A5%8A%E6%97%A5%E7%A6%AE,,,,,,,,,,,,
528,review,,wiki_only,,no Norbert match,昏德公,,,昏德,,,,公,黎維祊,黎維祊,,,Q1033966,https://zh.wikipedia.org/wiki/%E9%BB%8E%E7%B6%AD%E7%A5%8A,,,,,,,,,,,,
529,skip,,skip_section,,section:諡號,昭武王,諡號,,昭武,,,,王,高昌,高昌,,,Q1258359,https://zh.wikipedia.org/wiki/%E9%AB%98%E6%98%8C,,,,,,,,,,,,
530,skip,,skip_section,,section:諡號,昭武王,諡號,,閩太祖昭武,,,,王,王審知,王審知,,,Q708354,https://zh.wikipedia.org/wiki/%E7%8E%8B%E5%AF%A9%E7%9F%A5,,,,,,,,,,,,
531,skip,,skip_section,,section:封爵,昭武王,封爵,,昭武,,,,王,合伯,合伯,,,Q67936705,https://zh.wikipedia.org/wiki/%E5%90%88%E4%BC%AF,,,,,,,,,,,,
532,skip,,skip_section,,section:封爵,昭武王,封爵,,昭武,,,,王,火沙,火沙,,,,https://zh.wikipedia.org/wiki/%E7%81%AB%E6%B2%99,,,,,,,,,,,,
533,link,,matched,D,full NT match,昭襄王,,,昭襄,,,,王,燕昭王,燕昭王,,,Q1581229,https://zh.wikipedia.org/wiki/%E7%87%95%E6%98%AD%E7%8E%8B,10010,1272,燕昭王,燕,燕,昭,王,,,20,,
534,review,,ambiguous,D,2 Norbert candidates,昭襄王,,,昭襄,,,,王,秦昭襄王,秦昭襄王,,,Q553240,https://zh.wikipedia.org/wiki/%E7%A7%A6%E6%98%AD%E8%A5%84%E7%8E%8B,9823,1285,秦昭襄王,秦,秦,昭襄,王,,,15,,
535,review,,wiki_only,,no Norbert match,晉昭公 (消歧義),,,,,,,,周朝,周朝,,,Q35216,https://zh.wikipedia.org/wiki/%E5%91%A8%E6%9C%9D,,,,,,,,,,,,
536,review,,wiki_only,,no Norbert match,晉昭公 (消歧義),,,,,,,,唐朝,唐朝,,,Q9683,https://zh.wikipedia.org/wiki/%E5%94%90%E6%9C%9D,,,,,,,,,,,,
537,skip,,skip_section,,section:諡號,景成侯,諡號,,成都景成,,,,侯,王商,王商,,,Q11572939,https://zh.wikipedia.org/wiki/%E7%8E%8B%E5%95%86,,,,,,,,,,,,
538,skip,,skip_section,,section:諡號,景成侯,諡號,,晉康景成,,,,侯,崔忠獻,崔忠獻,,,Q712012,https://zh.wikipedia.org/wiki/%E5%B4%94%E5%BF%A0%E7%8D%BB,,,,,,,,,,,,
539,review,,ambiguous,D,3 Norbert candidates,會稽王,東吳,東吳,會稽,,,,王,孫亮,孫亮,,,Q470034,https://zh.wikipedia.org/wiki/%E5%AD%AB%E4%BA%AE,3730,23,孫亮,吳,會稽,,王,,,50,,
540,review,,wiki_only,,no Norbert match,會稽王,劉漢,劉漢,會稽,,,,王,劉衷,劉衷,,,Q16903387,https://zh.wikipedia.org/wiki/%E5%8A%89%E8%A1%B7,,,,,,,,,,,,
541,link,,matched,D,full NT match,會稽王,東晉,東晉|晉,會稽,,,,王,司馬昱,司馬昱,,,Q7400,https://zh.wikipedia.org/wiki/%E6%99%89%E7%B0%A1%E6%96%87%E5%B8%9D,3871,807,司馬昱,晉,晉,簡文,帝,,,53,,
542,link,,matched,D,full NT match,會稽王,東晉,東晉|晉,會稽,,,,王,司馬曜,司馬曜,,,,https://zh.wikipedia.org/wiki/%E5%8F%B8%E9%A6%AC%E6%9B%9C,3872,806,司馬曜,晉,晉,孝武,帝,,,53,,
543,link,,matched,B,full NT match,會稽王,東晉,東晉|晉,會稽,,文孝,,王,司馬道子,司馬道子,,,Q3276208,https://zh.wikipedia.org/wiki/%E5%8F%B8%E9%A6%AC%E9%81%93%E5%AD%90,3878,873,司馬道子,晉,會稽,文孝,王,,,53,,
544,review,,wiki_only,,no Norbert match,會稽王,東晉,東晉|晉,會稽,,悼,,王,司馬脩之,司馬脩之,,,Q110107666,https://zh.wikipedia.org/wiki/%E5%8F%B8%E9%A6%AC%E8%84%A9%E4%B9%8B,,,,,,,,,,,,
545,link,,matched,D,full NT match,會稽王,南陳,南陳,會稽,,,,王,陳莊,陳莊,,,Q15942965,https://zh.wikipedia.org/wiki/%E9%99%88%E5%BA%84,5776,1368,陳莊,陳,會稽,,王,,,88,,
546,review,,wiki_only,,no Norbert match,會稽王,唐朝,唐,會稽,,郡,,王,李道恩,李道恩,,,Q17164415,https://zh.wikipedia.org/wiki/%E6%9D%8E%E5%AD%A3%E8%8B%B1,,,,,,,,,,,,
547,insert_nt,,person_only,E,"person in Norbert, no matching NT row",會稽王,唐朝,唐,會稽,,郡,,王,康日知,康日知,,,Q45445029,https://zh.wikipedia.org/wiki/%E5%BA%B7%E6%97%A5%E7%9F%A5,11010,,康日知,,,,,,,,,
548,review,,wiki_only,,no Norbert match,會稽王,武周,武周,會稽,,郡,,王,武攸望,武攸望,,,Q45681503,https://zh.wikipedia.org/wiki/%E6%AD%A6%E6%94%B8%E6%9C%9B,,,,,,,,,,,,
549,review,,wiki_only,,no Norbert match,會稽王,宋朝,宋|北宋,會稽,,郡,,王,趙世清,趙世清,,,Q45391791,https://zh.wikipedia.org/wiki/%E8%B6%99%E4%B8%96%E6%B8%85,,,,,,,,,,,,
550,review,,wiki_only,,no Norbert match,會稽王,宋朝,宋|北宋,會稽,,,,王,,,,,,,,,,,,,,,,,,
551,review,,wiki_only,,no Norbert match,會稽王,宋朝,宋|北宋,會稽,,文惠,,王,史浩,史浩,,,Q10916151,https://zh.wikipedia.org/wiki/%E5%8F%B2%E6%B5%A9,,,,,,,,,,,,
552,review,,wiki_only,,no Norbert match,會稽王,宋朝,宋|北宋,會稽,,郡,,王,楊次山,楊次山,,,Q10360699,https://zh.wikipedia.org/wiki/%E6%A5%8A%E6%AC%A1%E5%B1%B1,,,,,,,,,,,,
553,review,,wiki_only,,no Norbert match,會稽王,宋朝,宋|北宋,會稽,,郡,,王,史彌遠,史彌遠,,,Q846255,https://zh.wikipedia.org/wiki/%E5%8F%B2%E5%BD%8C%E9%81%A0,,,,,,,,,,,,
554,review,,wiki_only,,no Norbert match,會稽王,宋朝,宋|北宋,會稽,,和惠,,王,趙希邐,趙希邐,,,,https://zh.wikipedia.org/wiki/%E8%B6%99%E5%B8%8C%E9%82%90,,,,,,,,,,,,
555,review,,wiki_only,,no Norbert match,杞簡公 (消歧義),,,,,,,,東周,東周,,,Q307066,https://zh.wikipedia.org/wiki/%E4%B8%9C%E5%91%A8,,,,,,,,,,,,
556,review,,wiki_only,,no Norbert match,杞簡公 (消歧義),,,,,,,,北周,北周,,,Q551067,https://zh.wikipedia.org/wiki/%E5%8C%97%E5%91%A8,,,,,,,,,,,,
557,skip,,skip_section,,section:諡號,東城王 (消歧義),諡號,,,,,,,百濟,百濟,,,Q28428,https://zh.wikipedia.org/wiki/%E7%99%BE%E6%B5%8E,,,,,,,,,,,,
558,skip,,skip_section,,section:封號,東城王 (消歧義),封號,,,,,,,越南,越南,,,Q881,https://zh.wikipedia.org/wiki/%E8%B6%8A%E5%8D%97,,,,,,,,,,,,
559,link,,matched,D,full NT match,梁太祖,,,,,,,,蕭順之,蕭順之,,,Q15914389,https://zh.wikipedia.org/wiki/%E8%95%AD%E9%A0%86%E4%B9%8B,12922,1915,蕭順之,梁,梁,文,帝,,,85,,
560,review,,wiki_only,,no Norbert match,梁太祖,,,,,,,,朱溫,朱溫,,,Q1275305,https://zh.wikipedia.org/wiki/%E6%9C%B1%E6%B8%A9,,,,,,,,,,,,
561,review,,wiki_only,,no Norbert match,楚定王,,,楚定,,,,王,李景遷,李景遷,,,,https://zh.wikipedia.org/wiki/%E6%9D%8E%E6%99%AF%E9%81%B7,,,,,,,,,,,,
562,review,,wiki_only,,no Norbert match,楚定王,,,楚定,,,,王,朱華奎,朱華奎,,,Q11094708,https://zh.wikipedia.org/wiki/%E6%9C%B1%E8%8F%AF%E5%A5%8E,,,,,,,,,,,,
563,review,,wiki_only,,no Norbert match,楚文王 (消歧義),,,,,,,,楚文王,楚文王,,,Q796034,https://zh.wikipedia.org/wiki/%E6%A5%9A%E6%96%87%E7%8E%8B,,,,,,,,,,,,
564,link,,matched,D,full NT match,楚文王 (消歧義),,,楚文,,,,王,劉禮,劉禮,,,Q10900225,https://zh.wikipedia.org/wiki/%E5%8A%89%E7%A6%AE,4871,1031,劉禮,漢,平城,,侯,,,43,,
565,review,,wiki_only,,no Norbert match,楚莊王 (消歧義),,,,,,,,楚莊王,楚莊王,,,Q198154,https://zh.wikipedia.org/wiki/%E6%A5%9A%E5%BA%84%E7%8E%8B,,,,,,,,,,,,
566,review,,wiki_only,,no Norbert match,楚莊王 (消歧義),,,,,,,,楚頃襄王,楚頃襄王,,,Q795870,https://zh.wikipedia.org/wiki/%E6%A5%9A%E9%A0%83%E8%A5%84%E7%8E%8B,,,,,,,,,,,,
567,review,,wiki_only,,no Norbert match,楚莊王 (消歧義),,,楚莊,,,,王,朱孟烷,朱孟烷,,,Q11093829,https://zh.wikipedia.org/wiki/%E6%9C%B1%E5%AD%9F%E7%83%B7,,,,,,,,,,,,
568,review,,wiki_only,,no Norbert match,楚貞王,,,楚貞,,,,王,朱華奎,朱華奎,,,Q11094708,https://zh.wikipedia.org/wiki/%E6%9C%B1%E8%8F%AF%E5%A5%8E,,,,,,,,,,,,
569,review,,wiki_only,,no Norbert match,楚貞王,,,楚貞,,,,王,朱華壁,朱華壁,,,Q11094707,https://zh.wikipedia.org/wiki/%E6%9C%B1%E8%8F%AF%E5%A3%81,,,,,,,,,,,,
570,skip,,skip_section,,section:封號,榮安王,封號,,榮安,,莊獻,,王,奇子敖,奇子敖,,,Q28699529,https://zh.wikipedia.org/wiki/%E5%A5%87%E5%AD%90%E6%95%96,,,,,,,,,,,,
571,skip,,skip_section,,section:諡號,榮安王,諡號,,建德榮安,,,,王,朱譽梴,朱譽梴,,,,https://zh.wikipedia.org/wiki/%E6%9C%B1%E8%AD%BD%E6%A2%B4,,,,,,,,,,,,
572,skip,,skip_section,,section:諡號,榮安王,諡號,,鄒平榮安,,,,王,朱健檔,朱健檔,,,Q109350456,https://zh.wikipedia.org/wiki/%E6%9C%B1%E5%81%A5%E6%AA%94,,,,,,,,,,,,
573,skip,,skip_section,,section:諡號,榮安王,諡號,,義陽榮安,,,,王,朱同鍱,朱同鍱,,,Q109343661,https://zh.wikipedia.org/wiki/%E6%9C%B1%E5%90%8C%E9%8D%B1,,,,,,,,,,,,
574,skip,,skip_section,,section:諡號,榮安王,諡號,,瑞昌榮安,,,,王,朱覲鐊,朱覲鐊,,,Q109343951,https://zh.wikipedia.org/wiki/%E6%9C%B1%E8%A6%B2%E9%90%8A,,,,,,,,,,,,
575,skip,,skip_section,,section:諡號,榮安王,諡號,,華亭榮安,,,,王,朱勤熂,朱勤熂,,,,https://zh.wikipedia.org/wiki/%E6%9C%B1%E5%8B%A4%E7%86%82,,,,,,,,,,,,
576,skip,,skip_section,,section:諡號,榮安王,諡號,,永年榮安,,,,王,朱幼塨,朱幼塨,,,Q123329747,https://zh.wikipedia.org/wiki/%E6%9C%B1%E5%B9%BC%E5%A1%A8,,,,,,,,,,,,
577,skip,,skip_section,,section:諡號,榮安王,諡號,,河東榮安,,,,王,朱奇淮,朱奇淮,,,Q136804129,https://zh.wikipedia.org/wiki/%E6%9C%B1%E5%A5%87%E6%B7%AE,,,,,,,,,,,,
578,skip,,skip_section,,section:諡號,榮安王,諡號,,魯山榮安,,,,王,朱睦欏,朱睦欏,,,,https://zh.wikipedia.org/wiki/Template:%E6%98%8E%E6%9C%9D%E8%AB%B8%E7%8E%8B%E5%88%97%E8%A1%A8/%E9%AD%AF%E5%B1%B1%E5%9C%8B,,,,,,,,,,,,
579,skip,,skip_section,,section:諡號,榮安王,諡號,,潞城榮安,,,,王,朱成鑘,朱成鑘,,,,https://zh.wikipedia.org/wiki/%E6%9C%B1%E6%88%90%E9%91%98,,,,,,,,,,,,
580,review,,wiki_only,,no Norbert match,武寧王,元朝,元,武寧,,,,王,徹徹禿,徹徹禿,,,Q11070137,https://zh.wikipedia.org/wiki/%E5%BD%BB%E5%BD%BB%E7%A7%83,,,,,,,,,,,,
581,review,,wiki_only,,no Norbert match,武寧王,元朝,元,武寧,,,,王,徹裡，燕只吉臺氏,徹裡，燕只吉臺氏,,,Q45519247,https://zh.wikipedia.org/wiki/%E5%BD%BB%E9%87%8C_(%E7%87%95%E5%8F%AA%E5%90%89%E9%83%A8),,,,,,,,,,,,
582,review,,wiki_only,,no Norbert match,武寧王,百濟,百濟,武寧,,,,王,武寧王 (百濟),武寧王,,,Q497878,https://zh.wikipedia.org/wiki/%E6%AD%A6%E5%AF%A7%E7%8E%8B_(%E7%99%BE%E6%BF%9F),,,,,,,,,,,,
583,review,,wiki_only,,no Norbert match,武寧王,琉球,琉球,武寧,,,,王,武寧 (琉球國王),武寧,,,,https://zh.wikipedia.org/wiki/%E6%AD%A6%E5%AE%81_(%E7%90%89%E7%90%83%E5%9B%BD%E7%8E%8B),,,,,,,,,,,,
584,insert_nt,,person_only,E,"person in Norbert, no matching NT row",武安王,,,武安,,,,王,延岑,延岑,,,Q11065010,https://zh.wikipedia.org/wiki/%E5%BB%B6%E5%B2%91,14745,,延岑,,,,,,,,,
585,insert_nt,,person_only,E,"person in Norbert, no matching NT row",武安王,,,武安,,,,王,關羽,關羽,,,Q222797,https://zh.wikipedia.org/wiki/%E5%85%B3%E7%BE%BD,1507,,關羽,,,,,,,,,
586,review,,wiki_only,,no Norbert match,武安王,,,武安,,,,王,雙忠,雙忠,,,Q15907353,https://zh.wikipedia.org/wiki/%E9%9B%99%E5%BF%A0,,,,,,,,,,,,
587,insert_nt,,person_only,E,"person in Norbert, no matching NT row",武安王,,,武安,,,,王,張巡,張巡,,,Q708295,https://zh.wikipedia.org/wiki/%E5%BC%A0%E5%B7%A1,11039,,張巡,,,,,,,,,
588,insert_nt,,person_only,E,"person in Norbert, no matching NT row",武安王,,,武安,,,,王,白起,白起,,,Q701746,https://zh.wikipedia.org/wiki/%E7%99%BD%E8%B5%B7,10358,,白起,,,,,,,,,
589,insert_nt,,person_only,E,"person in Norbert, no matching NT row",武安王,,,武安,,,,王,李牧,李牧,,,Q714415,https://zh.wikipedia.org/wiki/%E6%9D%8E%E7%89%A7,10375,,李牧,,,,,,,,,
590,review,,wiki_only,,no Norbert match,武平王,元朝,元,武平,,,,王,禿滿帖木兒,禿滿帖木兒,,,Q24868282,https://zh.wikipedia.org/wiki/%E7%A7%83%E6%BB%A1%E5%B8%96%E6%9C%A8%E5%84%BF,,,,,,,,,,,,
591,review,,wiki_only,,no Norbert match,武平王,元朝,元,武平,,,,王,帖古思不花,帖古思不花,,,Q85879414,https://zh.wikipedia.org/wiki/%E5%B8%96%E5%8F%A4%E6%80%9D%E4%B8%8D%E8%8A%B1,,,,,,,,,,,,
592,review,,wiki_only,,no Norbert match,武平王,元朝,元,武平,,,,王,不花帖木兒,不花帖木兒,,,Q85874009,https://zh.wikipedia.org/wiki/%E4%B8%8D%E8%8A%B1%E5%B8%96%E6%9C%A8%E5%84%BF,,,,,,,,,,,,
593,skip,,skip_section,,section:諡號,武康王,諡號,,武康,,,,王,百濟武康王,百濟武康王,,,Q498007,https://zh.wikipedia.org/wiki/%E7%99%BE%E6%BF%9F%E6%AD%A6%E7%8E%8B,,,,,,,,,,,,
594,skip,,skip_section,,section:諡號,武康王,諡號,,安樂武康,,,,王,元詮,元詮,,,Q11077233,https://zh.wikipedia.org/wiki/%E5%85%83%E8%A9%AE,,,,,,,,,,,,
595,skip,,skip_section,,section:封號,武康王,封號,,武康,,郡,,王,李元諒,李元諒,,,,https://zh.wikipedia.org/wiki/%E6%9D%8E%E5%85%83%E8%AB%92,,,,,,,,,,,,
596,review,,wiki_only,,no Norbert match,武康王,其他,其他,武康,,,,王,武康王廟,武康王廟,,,,https://zh.wikipedia.org/wiki/%E6%AD%A6%E5%BA%B7%E7%8E%8B%E5%BB%9F,,,,,,,,,,,,
597,review,,wiki_only,,no Norbert match,武惠王,,,武惠,,,,王,北宋,北宋,,,Q319460,https://zh.wikipedia.org/wiki/%E5%8C%97%E5%AE%8B,,,,,,,,,,,,
598,review,,wiki_only,,no Norbert match,武惠王,,,北宋周武惠,,,,王,曹彬,曹彬,,,Q5034290,https://zh.wikipedia.org/wiki/%E6%9B%B9%E5%BD%AC,,,,,,,,,,,,
599,review,,wiki_only,,no Norbert match,武惠王,,,武惠,,,,王,越南,越南,,,Q881,https://zh.wikipedia.org/wiki/%E8%B6%8A%E5%8D%97,,,,,,,,,,,,
600,link,,matched,D,full NT match,武成王,,,武成,,,,王,燕武成王,燕武成王,,,Q2031216,https://zh.wikipedia.org/wiki/%E7%87%95%E6%AD%A6%E6%88%90%E7%8E%8B,10012,1274,燕武成王,燕,燕,武成,王,,,20,,
601,link,,matched,D,full NT match,武成王,,,武成,,,,王,姜尚,姜尚,,,Q701488,https://zh.wikipedia.org/wiki/%E5%A7%9C%E5%A4%AA%E5%85%AC,9709,153,姜尚,周,齊,太,公,,,5,,
602,insert_nt,,person_only,E,"person in Norbert, no matching NT row",武成王,,,武成,,,,王,關羽,關羽,,,Q222797,https://zh.wikipedia.org/wiki/%E5%85%B3%E7%BE%BD,1507,,關羽,,,,,,,,,
603,review,,wiki_only,,no Norbert match,武成王,,,《封神演義》的武成,,,,王,黃飛虎,黃飛虎,,,Q30951030,https://zh.wikipedia.org/wiki/%E5%B0%81%E7%A5%9E%E6%BC%94%E7%BE%A9%E8%A7%92%E8%89%B2%E5%88%97%E8%A1%A8,,,,,,,,,,,,
604,review,,wiki_only,,no Norbert match,武成王,,,武成,,,,王,東史年表,東史年表,,,Q10869757,https://zh.wikipedia.org/wiki/%E4%B8%9C%E5%8F%B2%E5%B9%B4%E8%A1%A8,,,,,,,,,,,,
605,review,,wiki_only,,no Norbert match,武成王,,,武成,,,,王,越南,越南,,,Q881,https://zh.wikipedia.org/wiki/%E8%B6%8A%E5%8D%97,,,,,,,,,,,,
606,skip,,skip_section,,section:封號,武靖王,封號,,武靖,,,,王,鎮西武靖王,鎮西武靖王,,,,https://zh.wikipedia.org/wiki/%E9%8E%AE%E8%A5%BF%E6%AD%A6%E9%9D%96%E7%8E%8B,,,,,,,,,,,,
607,skip,,skip_section,,section:諡號,武靖王,諡號,,東平武靖,,,,王,霸都魯,霸都魯,,,Q86744838,https://zh.wikipedia.org/wiki/%E9%9C%B8%E9%83%BD%E9%AD%AF,,,,,,,,,,,,
608,skip,,skip_section,,section:諡號,武靖王,諡號,,岐陽武靖,,,,王,李文忠,李文忠,,,Q7313643,https://zh.wikipedia.org/wiki/%E6%9D%8E%E6%96%87%E5%BF%A0_(%E6%98%8E%E6%9C%9D),,,,,,,,,,,,
609,skip,,skip_section,,section:諡號,武靖王,諡號,,麗江武靖,,,,王,傅友德,傅友德,,,Q3488636,https://zh.wikipedia.org/wiki/%E5%82%85%E5%8F%8B%E5%BE%B7,,,,,,,,,,,,
610,review,,wiki_only,,no Norbert match,永寧王,元朝,元,永寧,,,,王,,,,,,,,,,,,,,,,,,
611,skip,,duplicate,,duplicate,永寧王,元朝,元,永寧,,,,王,,,,,,,,,,,,,,,,,,
612,insert_nt,,person_only,E,"person in Norbert, no matching NT row",永昌王,北魏,北魏|拓跋魏,永昌,,,,王,拓跋健,拓跋健,,,Q11077186,https://zh.wikipedia.org/wiki/%E6%8B%93%E8%B7%8B%E5%81%A5,15108,,拓跋健,,,,,,,,,
613,review,,wiki_only,,no Norbert match,永昌王,元朝,元,永昌,,,,王,只必帖木兒,只必帖木兒,,,Q55809521,https://zh.wikipedia.org/wiki/%E5%8F%AA%E5%BF%85%E5%B8%96%E6%9C%A8%E5%84%BF,,,,,,,,,,,,
614,link,,matched,D,full NT match,漢世祖,,,,,,,,劉秀,劉秀,,,Q7268,https://zh.wikipedia.org/wiki/%E6%B1%89%E5%85%89%E6%AD%A6%E5%B8%9D,3643,1127,劉秀,漢,漢,光武,帝,,,46,,
615,review,,wiki_only,,no Norbert match,漢世祖,,,,,,,,劉旻,劉旻,,,Q712595,https://zh.wikipedia.org/wiki/%E5%8A%89%E6%97%BB,,,,,,,,,,,,
616,review,,wiki_only,,no Norbert match,汝寧王,[[元朝]],[[元朝]],汝寧,,,,王,察八兒,察八兒,,,Q3032896,https://zh.wikipedia.org/wiki/%E5%AF%9F%E5%85%AB%E5%84%BF,,,,,,,,,,,,
617,review,,wiki_only,,no Norbert match,汝寧王,[[元朝]],[[元朝]],汝寧,,,,王,完者帖木兒,完者帖木兒,,,,https://zh.wikipedia.org/wiki/%E5%AE%8C%E8%80%85%E5%B8%96%E6%9C%A8%E5%84%BF_(%E7%AA%9D%E9%98%94%E5%8F%B0),,,,,,,,,,,,
618,review,,wiki_only,,no Norbert match,汝寧王,[[元朝]],[[元朝]],汝寧,,,,王,忽剌臺,忽剌臺,,,,https://zh.wikipedia.org/wiki/%E5%BF%BD%E5%89%8C%E5%8F%B0,,,,,,,,,,,,
619,review,,wiki_only,,no Norbert match,沖昭王,,,沖昭,,,,王,北宋,北宋,,,Q319460,https://zh.wikipedia.org/wiki/%E5%8C%97%E5%AE%8B,,,,,,,,,,,,
620,review,,wiki_only,,no Norbert match,沖昭王,,,沖昭,,,,王,南宋,南宋,,,Q1147043,https://zh.wikipedia.org/wiki/%E5%8D%97%E5%AE%8B,,,,,,,,,,,,
621,review,,wiki_only,,no Norbert match,沛簡公,,,沛簡,,,,公,北魏,北魏,,,Q875305,https://zh.wikipedia.org/wiki/%E5%8C%97%E9%AD%8F,,,,,,,,,,,,
622,review,,wiki_only,,no Norbert match,沛簡公,,,沛簡,,,,公,唐朝,唐朝,,,Q9683,https://zh.wikipedia.org/wiki/%E5%94%90%E6%9C%9D,,,,,,,,,,,,
623,review,,wiki_only,,no Norbert match,河南王,,,項羽所封河南,,,,王,申陽,申陽,,,Q5371298,https://zh.wikipedia.org/wiki/%E7%94%B3%E9%98%B3,,,,,,,,,,,,
624,review,,wiki_only,,no Norbert match,河南王,,,匈奴的白羊河南,,,,王,,,,,,,,,,,,,,,,,,
625,review,,wiki_only,,no Norbert match,河南王,,,後燕 河南,,,,王,翟斌,翟斌,,,Q11319156,https://zh.wikipedia.org/wiki/%E7%BF%9F%E6%96%8C,,,,,,,,,,,,
626,review,,wiki_only,,no Norbert match,河南王,,,河南,,,,王,乞伏-{乾}-歸,乞伏-{乾}-歸,,,Q1071576,https://zh.wikipedia.org/wiki/%E4%B9%9E%E4%BC%8F%E4%B9%BE%E6%AD%B8,,,,,,,,,,,,
627,review,,wiki_only,,no Norbert match,河南王,,,河南,,,,王,吐谷渾,吐谷渾,,,Q1196201,https://zh.wikipedia.org/wiki/%E5%90%90%E8%B0%B7%E6%B5%91,,,,,,,,,,,,
628,insert_nt,,person_only,E,"person in Norbert, no matching NT row",河南王,,,北魏 河南,,,,王,拓跋曜,拓跋曜,,,Q11077203,https://zh.wikipedia.org/wiki/%E6%8B%93%E8%B7%8B%E6%9B%9C,14918,,拓跋曜,,,,,,,,,
629,review,,wiki_only,,no Norbert match,河南王,,,北魏 河南,,,,王,元幹,元幹,,,Q10889672,https://zh.wikipedia.org/wiki/%E5%85%83%E5%B9%B9,,,,,,,,,,,,
630,insert_nt,,person_only,E,"person in Norbert, no matching NT row",河南王,,,梁朝 河南,,,,王,侯景,侯景,,,Q890338,https://zh.wikipedia.org/wiki/%E4%BE%AF%E6%99%AF,7233,,侯景,,,,,,,,,
631,link,,matched,D,full NT match,河南王,,,北齊 河南,,,,王,高孝瑜,高孝瑜,,,Q11669126,https://zh.wikipedia.org/wiki/%E9%AB%98%E5%AD%9D%E7%91%9C,3266,1738,高孝瑜,齊,河南,康舒,王,,,94,,
632,review,,wiki_only,,no Norbert match,河南王,,,北齊 河南,,,,王,高弘節,高弘節,,,Q11669126,https://zh.wikipedia.org/wiki/%E9%AB%98%E5%AD%9D%E7%91%9C,,,,,,,,,,,,
633,review,,ambiguous,D,3 Norbert candidates,河南王,,,隋朝 河南,,,,王,楊昭,楊昭,,,Q1062868,https://zh.wikipedia.org/wiki/%E6%A5%8A%E6%98%AD,5972,1397,楊昭,隋,隋,元德,太子,,,96,,
634,insert_nt,,person_only,E,"person in Norbert, no matching NT row",河南王,,,唐朝 河南,,,,王,李贄,李贄,,,Q698177,https://zh.wikipedia.org/wiki/%E6%9D%8E%E8%B4%BD,15706,,李贄,,,,,,,,,
635,review,,wiki_only,,no Norbert match,河南王,,,元朝 河南,,,,王,王保保,王保保,,,Q489922,https://zh.wikipedia.org/wiki/%E6%93%B4%E5%BB%93%E5%B8%96%E6%9C%A8%E5%85%92,,,,,,,,,,,,
636,review,,wiki_only,,no Norbert match,河間王,漢朝,東漢|西漢|漢,河間,,文,,王,劉闢疆,劉闢疆,,,Q10897986,https://zh.wikipedia.org/wiki/%E5%88%98%E8%BE%9F%E5%BC%BA_(%E6%B2%B3%E9%97%B4%E7%8E%8B),,,,,,,,,,,,
637,review,,wiki_only,,no Norbert match,河間王,漢朝,東漢|西漢|漢,河間,,哀,,王,劉福,劉福,,,,https://zh.wikipedia.org/wiki/%E5%88%98%E7%A6%8F_(%E6%B2%B3%E9%97%B4%E7%8E%8B),,,,,,,,,,,,
638,link,,matched,B,full NT match,河間王,漢朝,東漢|西漢|漢,河間,,獻,,王,劉德,劉德,,,,https://zh.wikipedia.org/wiki/%E5%88%98%E5%BE%B7_(%E6%B2%B3%E9%97%B4%E7%8E%8B),4859,1220,劉德,漢,河間,獻,王,,,43,,
639,review,,wiki_only,,no Norbert match,河間王,漢朝,東漢|西漢|漢,河間,,共,,王,劉不周,劉不周,,,Q17487446,https://zh.wikipedia.org/wiki/%E5%8A%89%E4%B8%8D%E5%91%A8,,,,,,,,,,,,
640,link,,matched,D,full NT match,河間王,漢朝,東漢|西漢|漢,河間,,剛,,王,劉基,劉基,,,Q17487446,https://zh.wikipedia.org/wiki/%E5%8A%89%E4%B8%8D%E5%91%A8,14006,1992,劉基,漢,北海,哀,王,,,46,,
641,insert_nt,,person_only,E,"person in Norbert, no matching NT row",河間王,漢朝,東漢|西漢|漢,河間,,頃,,王,劉緩,劉緩,,,Q125473850,https://zh.wikipedia.org/wiki/%E5%88%98%E7%BC%93,7639,,劉緩,,,,,,,,,
642,link,,matched,D,full NT match,河間王,漢朝,東漢|西漢|漢,河間,,孝,,王,劉慶,劉慶,,,Q17487430,https://zh.wikipedia.org/wiki/%E5%88%98%E5%BA%86_(%E6%B2%B3%E9%97%B4%E7%8E%8B),1809,1198,劉慶,漢,清河,孝,王,,,46,,
643,review,,ambiguous,D,4 Norbert candidates,河間王,漢朝,東漢|西漢|漢,河間,,,,王,劉元,劉元,,,Q17487455,https://zh.wikipedia.org/wiki/%E5%88%98%E5%85%83_(%E6%B2%B3%E9%97%B4%E7%8E%8B),4890,1027,劉元,漢,石山,節,侯,,,43,,
644,link,,matched,D,full NT match,河間王,漢朝,東漢|西漢|漢,河間,,惠,,王,劉良,劉良,,,Q17487440,https://zh.wikipedia.org/wiki/%E5%88%98%E8%89%AF_(%E6%B2%B3%E9%97%B4%E7%8E%8B),3393,1167,劉良,漢,趙,孝,王,,,43,,
645,link,,matched,D,full NT match,河間王,漢朝,東漢|西漢|漢,河間,,,,王,劉尚,劉尚,,,Q17487440,https://zh.wikipedia.org/wiki/%E5%88%98%E8%89%AF_(%E6%B2%B3%E9%97%B4%E7%8E%8B),8439,1179,劉尚,漢,任城,孝,王,,,46,,
646,link,,matched,D,full NT match,河間王,漢朝,東漢|西漢|漢,河間,,孝,,王,劉開,劉開,,,Q6852951,https://zh.wikipedia.org/wiki/%E5%8A%89%E9%96%8B_(%E6%BC%A2%E6%9C%9D),7167,1184,劉開,漢,河閒,孝,王,,,46,,
647,update_nt,,matched,D,Norbert row incomplete,河間王,漢朝,東漢|西漢|漢,河間,,惠,,王,劉政,劉政,,,,https://zh.wikipedia.org/wiki/%E5%88%98%E6%94%BF_(%E6%B2%B3%E9%97%B4%E7%8E%8B),14362,1976,劉政,漢,河閒,,王,,,42,,
648,link,,matched,D,full NT match,河間王,漢朝,東漢|西漢|漢,河間,,貞,,王,劉建,劉建,,,,https://zh.wikipedia.org/wiki/%E5%8A%89%E5%BB%BA_(%E6%B2%B3%E9%97%B4%E7%8E%8B),9454,1159,劉建,漢,燕,靈,王,,,43,,
649,review,,wiki_only,,no Norbert match,河間王,漢朝,東漢|西漢|漢,河間,,安,,王,劉利,劉利,,,,https://zh.wikipedia.org/wiki/%E5%8A%89%E5%88%A9_(%E6%B2%B3%E9%97%B4%E7%8E%8B),,,,,,,,,,,,
650,review,,wiki_only,,no Norbert match,河間王,漢朝,東漢|西漢|漢,河間,,,,王,劉陔,劉陔,,,,https://zh.wikipedia.org/wiki/%E5%88%98%E9%99%94,,,,,,,,,,,,
651,link,,matched,D,full NT match,河間王,晉朝十六國,晉朝十六國,河間,,,,王,司馬顒,司馬顒,,,Q985744,https://zh.wikipedia.org/wiki/%E5%8F%B8%E9%A9%AC%E9%A2%99,3879,874,司馬顒,晉,河間,,王,,,52,,
652,link,,matched,D,full NT match,河間王,晉朝十六國,晉朝十六國,河間,,,,王,慕容熙,慕容熙,,,Q1071544,https://zh.wikipedia.org/wiki/%E6%85%95%E5%AE%B9%E7%86%99,288,1269,慕容熙,燕,燕,昭文,帝,,,63,,
653,review,,wiki_only,,no Norbert match,河間王,北朝,北朝,河間,,,,王,拓跋修,拓跋修,,,Q11077225,https://zh.wikipedia.org/wiki/%E6%8B%93%E8%B7%8B%E8%84%A9,,,,,,,,,,,,
654,link,,matched,D,full NT match,河間王,北朝,北朝,河間,,,,王,高孝琬,高孝琬,,,Q11669125,https://zh.wikipedia.org/wiki/%E9%AB%98%E5%AD%9D%E7%90%AC,3268,1736,高孝琬,齊,河間,,王,,,94,,
655,review,,wiki_only,,no Norbert match,河間王,元朝,元,河間,,,,王,忽察,忽察,,,Q7069397,https://zh.wikipedia.org/wiki/%E5%BF%BD%E5%AF%9F,,,,,,,,,,,,
656,review,,wiki_only,,no Norbert match,河間王,元朝,元,河間,,,,王,兀古帶,兀古帶,,,,https://zh.wikipedia.org/wiki/%E5%85%80%E5%8F%A4%E5%B8%A6,,,,,,,,,,,,
657,review,,wiki_only,,no Norbert match,河間王,元朝,元,河間,,,,王,也不幹,也不幹,,,Q28693485,https://zh.wikipedia.org/wiki/%E4%B9%9F%E4%B8%8D%E5%B9%B2,,,,,,,,,,,,
658,review,,wiki_only,,no Norbert match,河間王,明朝,明,河間,,,,王,張玉,張玉,,,Q11068798,https://zh.wikipedia.org/wiki/%E5%BC%B5%E7%8E%89,,,,,,,,,,,,
659,review,,wiki_only,,no Norbert match,泗水王,西漢,西漢,泗水,,思,,王,劉商,劉商,,,,https://zh.wikipedia.org/wiki/%E5%88%98%E5%95%86_(%E6%B3%97%E6%B0%B4%E7%8E%8B),,,,,,,,,,,,
660,review,,wiki_only,,no Norbert match,泗水王,西漢,西漢,泗水,,哀,,王,劉安世,劉安世,,,Q17128445,https://zh.wikipedia.org/wiki/%E5%8A%89%E5%95%86_(%E6%B3%97%E6%B0%B4%E7%8E%8B),,,,,,,,,,,,
661,review,,ambiguous,D,2 Norbert candidates,泗水王,西漢,西漢,泗水,,戴,,王,劉賀,劉賀,,,Q118590049,https://zh.wikipedia.org/wiki/%E5%88%98%E8%B4%BA_(%E6%B3%97%E6%B0%B4%E7%8E%8B),3722,1055,劉賀,漢,海昏,,侯,,,43,,
662,review,,wiki_only,,no Norbert match,泗水王,西漢,西漢,泗水,,勤,,王,劉綜,劉綜,,,Q110104969,https://zh.wikipedia.org/wiki/%E5%88%98%E7%BB%BC,,,,,,,,,,,,
663,link,,matched,D,full NT match,泗水王,西漢,西漢,泗水,,戾,,王,劉駿,劉駿,,,Q118590049,https://zh.wikipedia.org/wiki/%E5%88%98%E8%B4%BA_(%E6%B3%97%E6%B0%B4%E7%8E%8B),3860,695,劉駿,宋,宋,孝武,帝,,,83,,
664,review,,wiki_only,,no Norbert match,泗水王,西漢,西漢,泗水,,,,王,劉靖,劉靖,10,9,Q118590049,https://zh.wikipedia.org/wiki/%E5%88%98%E8%B4%BA_(%E6%B3%97%E6%B0%B4%E7%8E%8B),,,,,,,,,,,,
665,update_nt,,matched,B,Norbert row incomplete,泗水王,東漢,東漢|漢,泗水,,,,王,劉歙,劉歙,26,34,Q10900007,https://zh.wikipedia.org/wiki/%E5%8A%89%E6%AD%99,8713,1175,劉歙,漢,泗水,,王,,,46,,
666,review,,wiki_only,,no Norbert match,泰寧王,遼朝,遼朝,泰寧,,,,王,耶律察割,耶律察割,,,Q16904267,https://zh.wikipedia.org/wiki/%E8%80%B6%E5%BE%8B%E5%AF%9F%E5%89%B2,,,,,,,,,,,,
667,review,,wiki_only,,no Norbert match,泰寧王,元朝,元,泰寧,,,,王,買奴,買奴,,,Q45577686,https://zh.wikipedia.org/wiki/%E4%B9%B0%E5%A5%B4_(%E6%B3%B0%E5%AE%81%E7%8E%8B),,,,,,,,,,,,
668,review,,wiki_only,,no Norbert match,泰寧王,元朝,元,泰寧,,,,王,亦憐真多兒加,亦憐真多兒加,,,,https://zh.wikipedia.org/wiki/%E4%BA%A6%E6%80%9C%E7%9C%9F%E5%A4%9A%E5%84%BF%E5%8A%A0,,,,,,,,,,,,
669,review,,wiki_only,,no Norbert match,濟北王,秦末,秦末,濟北,,,,王,田安,田安,,,Q6749022,https://zh.wikipedia.org/wiki/%E7%94%B0%E5%AE%89,,,,,,,,,,,,
670,link,,matched,D,full NT match,濟北王,漢朝,東漢|西漢|漢,濟北,,,,王,劉興居,劉興居,,,Q712656,https://zh.wikipedia.org/wiki/%E5%88%98%E5%85%B4%E5%B1%85,1299,760,劉興居,晉,東牟,,侯,,,52,,
671,link,,matched,D,full NT match,濟北王,漢朝,東漢|西漢|漢,濟北,,,,王,劉志,劉志,,,Q10897528,https://zh.wikipedia.org/wiki/%E5%88%98%E5%BF%97_(%E8%8F%91%E5%B7%9D%E7%8E%8B),3654,1120,劉志,漢,漢,孝桓,帝,,,46,,
672,link,,matched,B,full NT match,濟北王,漢朝,東漢|西漢|漢,濟北,,貞,,王,劉勃,劉勃,,,Q10897175,https://zh.wikipedia.org/wiki/%E5%88%98%E5%8B%83_(%E6%B5%8E%E5%8C%97%E7%8E%8B),8364,1217,劉勃,漢,濟北,貞,王,,,43,,
673,insert_nt,,person_only,E,"person in Norbert, no matching NT row",濟北王,漢朝,東漢|西漢|漢,濟北,,成,,王,劉胡,劉胡,,,Q17564670,https://zh.wikipedia.org/wiki/%E5%88%98%E8%83%A1_(%E6%B5%8E%E5%8C%97%E7%8E%8B),7795,,劉胡,,,,,,,,,
674,review,,ambiguous,D,7 Norbert candidates,濟北王,漢朝,東漢|西漢|漢,濟北,,,,王,劉寬,劉寬,,,Q17564665,https://zh.wikipedia.org/wiki/%E5%88%98%E5%AE%BD_(%E6%B5%8E%E5%8C%97%E7%8E%8B),4878,1029,劉寬,漢,漳北,,侯,,,43,,
675,link,,matched,B,full NT match,濟北王,漢朝,東漢|西漢|漢,濟北,,惠,,王,劉壽,劉壽,,,Q10897404,https://zh.wikipedia.org/wiki/%E5%88%98%E5%AF%BF_(%E6%B5%8E%E5%8C%97%E7%8E%8B),7157,1188,劉壽,漢,濟北,惠,王,,,46,,
676,review,,wiki_only,,no Norbert match,濟北王,漢朝,東漢|西漢|漢,濟北,,節,,王,劉登,劉登,,,,https://zh.wikipedia.org/wiki/%E5%88%98%E7%99%BB_(%E6%B5%8E%E5%8C%97%E7%8E%8B),,,,,,,,,,,,
677,review,,wiki_only,,no Norbert match,濟北王,漢朝,東漢|西漢|漢,濟北,,哀,,王,劉多,劉多,,,Q97348960,https://zh.wikipedia.org/wiki/%E5%88%98%E5%A4%9A,,,,,,,,,,,,
678,review,,wiki_only,,no Norbert match,濟北王,漢朝,東漢|西漢|漢,濟北,,釐,,王,劉安國,劉安國,,,,https://zh.wikipedia.org/wiki/%E5%88%98%E5%AE%89%E5%9B%BD_(%E6%B5%8E%E5%8C%97%E7%8E%8B),,,,,,,,,,,,
679,review,,wiki_only,,no Norbert match,濟北王,漢朝,東漢|西漢|漢,濟北,,孝,,王,劉次,劉次,,,,https://zh.wikipedia.org/wiki/%E5%88%98%E6%AC%A1_(%E6%B5%8E%E5%8C%97%E7%8E%8B),,,,,,,,,,,,
680,review,,wiki_only,,no Norbert match,濟北王,漢朝,東漢|西漢|漢,濟北,,,,王,劉鸞,劉鸞,,,,https://zh.wikipedia.org/wiki/%E5%88%98%E9%B8%BE_(%E6%B5%8E%E5%8C%97%E7%8E%8B),,,,,,,,,,,,
681,link,,matched,D,full NT match,濟北王,漢朝,東漢|西漢|漢,濟北,,,,王,劉政,劉政,,,,https://zh.wikipedia.org/wiki/%E5%88%98%E6%94%BF_(%E6%B5%8E%E5%8C%97%E7%8E%8B),14362,1976,劉政,漢,河閒,,王,,,42,,
682,review,,wiki_only,,no Norbert match,濟北王,漢朝,東漢|西漢|漢,濟北,,,,王,劉邈,劉邈,,,,https://zh.wikipedia.org/wiki/%E5%8A%89%E9%82%88_(%E6%BF%9F%E5%8C%97%E7%8E%8B),,,,,,,,,,,,
683,insert_nt,,person_only,E,"person in Norbert, no matching NT row",濟北王,三國,三國魏|三國蜀|三國吳|三國,濟北,,,,王,曹志,曹志,,,Q128647,https://zh.wikipedia.org/wiki/%E6%9B%B9%E5%BF%97_(%E4%B8%89%E5%9B%BD),6363,,曹志,,,,,,,,,
684,review,,wiki_only,,no Norbert match,濟寧王,元朝,元,濟寧,,,,王,蠻子臺,蠻子臺,,,Q109344189,https://zh.wikipedia.org/wiki/%E8%9B%AE%E5%AD%90%E5%8F%B0,,,,,,,,,,,,
685,review,,wiki_only,,no Norbert match,濟寧王,元朝,元,濟寧,,,,王,按陳,按陳,,,,https://zh.wikipedia.org/wiki/%E6%8C%89%E9%99%88,,,,,,,,,,,,
686,review,,wiki_only,,no Norbert match,濟川王,漢朝,東漢|西漢|漢,濟川,,,,王,劉太,劉太,,,Q10899571,https://zh.wikipedia.org/wiki/%E5%8A%89%E5%A4%AA,,,,,,,,,,,,
687,review,,wiki_only,,no Norbert match,濟川王,漢朝,東漢|西漢|漢,濟川,,,,王,劉明,劉明,,,Q10899910,https://zh.wikipedia.org/wiki/%E5%8A%89%E6%98%8E,,,,,,,,,,,,
688,review,,wiki_only,,no Norbert match,濟陽王,元朝,元,濟陽,,,,王,木南子,木南子,,,,https://zh.wikipedia.org/wiki/%E6%9C%A8%E5%8D%97%E5%AD%90,,,,,,,,,,,,
689,review,,wiki_only,,no Norbert match,濟陽王,元朝,元,濟陽,,,,王,潑皮,潑皮,,,Q7129649,https://zh.wikipedia.org/wiki/%E6%BD%98%E6%B1%89%E5%B9%B4,,,,,,,,,,,,
690,review,,wiki_only,,no Norbert match,濟陰王,西漢,西漢,濟陰,,哀,,王,劉不識,劉不識,,,Q10897039,https://zh.wikipedia.org/wiki/%E5%88%98%E4%B8%8D%E8%AF%86,,,,,,,,,,,,
691,review,,ambiguous,D,2 Norbert candidates,濟陰王,西漢,西漢,濟陰,,悼,,王,劉長,劉長,72,84,,https://zh.wikipedia.org/wiki/%E5%88%98%E9%95%BF_(%E6%B5%8E%E9%98%B4%E7%8E%8B),6950,1193,劉長,漢,濟陰,悼,王,,,46,,
692,link,,matched,D,full NT match,濟陰王,東漢,東漢|漢,濟陰,,,,王,劉保,劉保,,,Q7289,https://zh.wikipedia.org/wiki/%E6%B1%89%E9%A1%BA%E5%B8%9D,3647,1123,劉保,漢,漢,孝順,帝,,,46,,
693,insert_nt,,person_only,E,"person in Norbert, no matching NT row",濟陰王,東漢,東漢|漢,濟陰,,,,王,劉熙 (漢獻帝子),劉熙,,,Q10900134,https://zh.wikipedia.org/wiki/%E5%8A%89%E7%86%99_(%E6%BC%A2%E7%8D%BB%E5%B8%9D%E5%AD%90),789,,劉熙,,,,,,,,,
694,link,,matched,D,full NT match,濟陰王,晉朝,西晉|東晉|晉,濟陰,,,,王,司馬衍,司馬衍,,,Q7394,https://zh.wikipedia.org/wiki/%E6%99%89%E6%88%90%E5%B8%9D,3876,801,司馬衍,晉,晉,成,帝,,,53,,
695,review,,wiki_only,,no Norbert match,濟陰王,北魏,北魏|拓跋魏,濟陰,,,,王,拓跋小新成,拓跋小新成,,,Q11077195,https://zh.wikipedia.org/wiki/%E6%8B%93%E8%B7%8B%E5%B0%8F%E6%96%B0%E6%88%90,,,,,,,,,,,,
696,insert_nt,,person_only,E,"person in Norbert, no matching NT row",濟陰王,北魏,北魏|拓跋魏,濟陰,,,,王,元鬱,元鬱,,,Q17990812,https://zh.wikipedia.org/wiki/%E5%85%83%E9%AC%B1,14851,,元鬱,,,,,,,,,
697,insert_nt,,person_only,E,"person in Norbert, no matching NT row",濟陰王,北魏,北魏|拓跋魏,濟陰,,,,王,元誕,元誕,,,Q11388059,https://zh.wikipedia.org/wiki/%E5%85%83%E8%AF%9E_(%E6%B5%8E%E9%98%B4%E7%8E%8B),2159,,元誕,,,,,,,,,
698,review,,wiki_only,,no Norbert match,濟陰王,北魏,北魏|拓跋魏,濟陰,,,,王,元撫,元撫,,,Q11388059,https://zh.wikipedia.org/wiki/%E5%85%83%E8%AF%9E_(%E6%B5%8E%E9%98%B4%E7%8E%8B),,,,,,,,,,,,
699,link,,matched,D,full NT match,濟陰王,北魏,北魏|拓跋魏,濟陰,,,,王,元暉業,元暉業,,,,https://zh.wikipedia.org/wiki/%E5%85%83%E6%99%96%E4%B8%9A,1148,1581,元暉業,魏,濟陰,,王,,,89,,
700,link,,matched,D,full NT match,濟陰王,東魏,東魏,濟陰,,,,王,元暉業,元暉業,,,,https://zh.wikipedia.org/wiki/%E5%85%83%E6%99%96%E4%B8%9A,1148,1581,元暉業,魏,濟陰,,王,,,89,,
701,link,,matched,D,full NT match,濟陰王,五代,五代,濟陰,,,,王,李柷,李柷,,,Q9892,https://zh.wikipedia.org/wiki/%E5%94%90%E5%93%80%E5%B8%9D,4131,1905,李柷,唐,唐,,帝,,,97,,
702,review,,wiki_only,,no Norbert match,海陵王,,,海陵,,,,王,南齊,南齊,,,Q62456,https://zh.wikipedia.org/wiki/%E5%8D%97%E9%BD%90,,,,,,,,,,,,
703,review,,wiki_only,,no Norbert match,海陵王,,,海陵,,,,王,金,金,,,Q5066,https://zh.wikipedia.org/wiki/%E9%87%91%E6%9C%9D,,,,,,,,,,,,
704,review,,wiki_only,,no Norbert match,淄川王,東漢,東漢|漢,淄川,,,,王,劉終,劉終,,,Q136691167,https://zh.wikipedia.org/wiki/%E5%88%98%E7%BB%88,,,,,,,,,,,,
705,review,,wiki_only,,no Norbert match,淄川王,元朝,元,淄川,,,,王,搠只哈撒兒,搠只哈撒兒,,,Q617010,https://zh.wikipedia.org/wiki/%E6%8B%99%E8%B5%A4%E5%90%88%E6%92%92%E5%84%BF,,,,,,,,,,,,
706,review,,wiki_only,,no Norbert match,淄川王,元朝,元,淄川,,,,王,也苦,也苦,,,Q10879719,https://zh.wikipedia.org/wiki/%E4%B9%9F%E5%8F%A4,,,,,,,,,,,,
707,review,,wiki_only,,no Norbert match,淮南王,漢朝,東漢|西漢|漢,淮南,,,,王,英布,英布,,,Q1069973,https://zh.wikipedia.org/wiki/%E8%8B%B1%E5%B8%83,,,,,,,,,,,,
708,update_nt,,matched,C,Norbert row incomplete,淮南王,漢朝,東漢|西漢|漢,淮南,,厲,,王,劉長,劉長,,,Q6140611,https://zh.wikipedia.org/wiki/%E5%88%98%E9%95%BF_(%E6%B7%AE%E5%8D%97%E7%8E%8B),1906,1223,劉長,漢,淮南,,王,,,43,,
709,link,,matched,D,full NT match,淮南王,漢朝,東漢|西漢|漢,淮南,,,,王,劉喜,劉喜,,,Q10897224,https://zh.wikipedia.org/wiki/%E5%88%98%E5%96%9C_(%E5%9F%8E%E9%98%B3%E7%8E%8B),14438,1987,劉喜,漢,齊,頃,王,,,46,,
710,link,,matched,B,full NT match,淮南王,漢朝,東漢|西漢|漢,淮南,,,,王,劉安,劉安,,,Q704525,https://zh.wikipedia.org/wiki/%E5%88%98%E5%AE%89,1026,1225,劉安,漢,淮南,,王,,,43,,
711,review,,wiki_only,,no Norbert match,淮南王,漢朝,東漢|西漢|漢,淮南,,,,王,,,,,,,,,,,,,,,,,,
712,insert_nt,,person_only,E,"person in Norbert, no matching NT row",淮南王,漢朝,東漢|西漢|漢,淮南,,,,王,李憲,李憲,,,Q11096099,https://zh.wikipedia.org/wiki/%E6%9D%8E%E5%AE%AA_(%E6%96%B0%E6%9C%9D),101,,李憲,,,,,,,,,
713,link,,matched,B,full NT match,淮南王,晉朝,西晉|東晉|晉,淮南,,忠壯,,王,司馬允,司馬允,,,Q10916600,https://zh.wikipedia.org/wiki/%E5%8F%B8%E9%A6%AC%E5%85%81,8762,870,司馬允,晉,淮南,忠壯,王,,,51,,
714,link,,matched,D,full NT match,淮南王,南北朝,南北朝|劉宋|南齊|南梁|陳|北魏|東魏|西魏|北齊|北周,淮南,,,,王,劉子孟,劉子孟,,,Q7481275,https://zh.wikipedia.org/wiki/%E5%8A%89%E5%AD%90%E5%AD%9F,6327,737,劉子孟,宋,淮南,,王,,,83,,
715,link,,matched,B,full NT match,淮南王,南北朝,南北朝|劉宋|南齊|南梁|陳|北魏|東魏|西魏|北齊|北周,淮南,,,,王,陳叔彪,陳叔彪,,,Q10565470,https://zh.wikipedia.org/wiki/%E9%99%B3%E5%8F%94%E5%BD%AA,7250,1343,陳叔彪,陳,淮南,,王,,,88,,
716,review,,wiki_only,,no Norbert match,淮南王,南北朝,南北朝|劉宋|南齊|南梁|陳|北魏|東魏|西魏|北齊|北周,淮南,,,,王,拓跋他,拓跋他,,,Q11057337,https://zh.wikipedia.org/wiki/%E6%8B%93%E8%B7%8B%E4%BB%96,,,,,,,,,,,,
717,link,,matched,D,full NT match,淮南王,南北朝,南北朝|劉宋|南齊|南梁|陳|北魏|東魏|西魏|北齊|北周,淮南,,,,王,高仁光,高仁光,,,Q10566676,https://zh.wikipedia.org/wiki/%E9%AB%98%E4%BB%81%E5%85%89,8104,1706,高仁光,齊,淮南,,王,,,94,,
718,review,,ambiguous,D,2 Norbert candidates,淮陽王,漢朝,東漢|西漢|漢,淮陽,,,,王,劉友,劉友,,,Q6653882,https://zh.wikipedia.org/wiki/%E5%8A%89%E5%8F%8B_(%E8%B6%99%E7%8E%8B),7979,726,劉友,宋,邵陵,殤,王,,,83,,
719,review,,wiki_only,,no Norbert match,淮陽王,漢朝,東漢|西漢|漢,淮陽,,懷,,王,劉強,劉強,,,Q10899739,https://zh.wikipedia.org/wiki/%E5%8A%89%E5%BC%B7_(%E6%B7%AE%E9%99%BD%E7%8E%8B),,,,,,,,,,,,
720,link,,matched,D,full NT match,淮陽王,漢朝,東漢|西漢|漢,淮陽,,,,王,劉武,劉武,,,Q10900016,https://zh.wikipedia.org/wiki/%E5%8A%89%E6%AD%A6_(%E6%B7%AE%E9%99%BD%E7%8E%8B),9458,1156,劉武,漢,梁,孝,王,,,43,,
721,skip,,duplicate,,duplicate,淮陽王,漢朝,東漢|西漢|漢,淮陽,,,,王,劉武,劉武,,,Q7583815,https://zh.wikipedia.org/wiki/%E5%8A%89%E6%AD%A6_(%E6%A2%81%E7%8E%8B),,,,,,,,,,,,
722,link,,matched,D,full NT match,淮陽王,漢朝,東漢|西漢|漢,淮陽,,,,王,劉餘,劉餘,,,Q5975475,https://zh.wikipedia.org/wiki/%E5%8A%89%E9%A4%98,6097,1166,劉餘,漢,魯,恭,王,,,43,,
723,link,,matched,B,full NT match,淮陽王,漢朝,東漢|西漢|漢,淮陽,,憲,,王,劉欽,劉欽,,,Q10898024,https://zh.wikipedia.org/wiki/%E5%88%98%E9%92%A6_(%E6%B7%AE%E9%98%B3%E7%8E%8B),1855,1224,劉欽,漢,淮陽,憲,王,,,43,,
724,link,,matched,D,full NT match,淮陽王,漢朝,東漢|西漢|漢,淮陽,,文,,王,劉玄,劉玄,,,Q18605612,https://zh.wikipedia.org/wiki/%E5%8A%89%E7%8E%84_(%E6%B7%AE%E9%99%BD%E7%8E%8B),262,1110,劉玄,漢,,更始,帝,,,46,,
725,link,,matched,D,full NT match,淮陽王,漢朝,東漢|西漢|漢,淮陽,,,,王,劉縯,劉縯,,,Q18605609,https://zh.wikipedia.org/wiki/%E5%8A%89%E7%B8%AF_(%E6%B7%AE%E9%99%BD%E7%8E%8B),10189,1171,劉縯,漢,齊,武,王,,,42,,
726,link,,matched,B,full NT match,淮陽王,漢朝,東漢|西漢|漢,淮陽,,頃,,王,劉昞,劉昞,,,Q10897631,https://zh.wikipedia.org/wiki/%E5%8A%89%E6%98%9E,8443,1178,劉昞,漢,淮陽,頃,王,,,46,,
727,link,,matched,B,full NT match,清河王,漢朝,東漢|西漢|漢,清河,,哀,,王,劉乘,劉乘,,,,https://zh.wikipedia.org/wiki/%E5%88%98%E4%B9%98,9447,1213,劉乘,漢,清河,哀,王,,,43,,
728,insert_nt,,person_only,E,"person in Norbert, no matching NT row",清河王,漢朝,東漢|西漢|漢,清河,,剛,,王,劉義,劉義,,,Q10897050,https://zh.wikipedia.org/wiki/%E5%88%98%E4%B9%89_(%E4%BB%A3%E7%8E%8B),13269,,劉義,,,,,,,,,
729,insert_nt,,person_only,E,"person in Norbert, no matching NT row",清河王,漢朝,東漢|西漢|漢,清河,,頃,,王,劉陽,劉陽,,,Q10897050,https://zh.wikipedia.org/wiki/%E5%88%98%E4%B9%89_(%E4%BB%A3%E7%8E%8B),819,,劉陽,,,,,,,,,
730,review,,wiki_only,,no Norbert match,清河王,漢朝,東漢|西漢|漢,清河,,,,王,劉年,劉年,,,,https://zh.wikipedia.org/wiki/%E5%88%98%E5%B9%B4,,,,,,,,,,,,
731,link,,matched,B,full NT match,清河王,漢朝,東漢|西漢|漢,清河,,孝,,王,劉慶,劉慶,,,Q711657,https://zh.wikipedia.org/wiki/%E5%88%98%E5%BA%86_(%E4%B8%9C%E6%B1%89),1809,1198,劉慶,漢,清河,孝,王,,,46,,
732,review,,wiki_only,,no Norbert match,清河王,漢朝,東漢|西漢|漢,清河,,愍,,王,劉虎威,劉虎威,,,Q711657,https://zh.wikipedia.org/wiki/%E5%88%98%E5%BA%86_(%E4%B8%9C%E6%B1%89),,,,,,,,,,,,
733,review,,wiki_only,,no Norbert match,清河王,漢朝,東漢|西漢|漢,清河,,恭,,王,劉延平,劉延平,,,,https://zh.wikipedia.org/wiki/%E5%88%98%E5%BB%B6%E5%B9%B3,,,,,,,,,,,,
734,review,,wiki_only,,no Norbert match,清河王,漢朝,東漢|西漢|漢,清河,,,,王,劉蒜,劉蒜,,,Q61099267,https://zh.wikipedia.org/wiki/%E5%88%98%E8%92%9C,,,,,,,,,,,,
735,review,,wiki_only,,no Norbert match,渤海王,,,渤海,,,,王,勃海王,勃海王,,,Q10901132,https://zh.wikipedia.org/wiki/%E5%8B%83%E6%B5%B7%E7%8E%8B,,,,,,,,,,,,
736,review,,wiki_only,,no Norbert match,渤海王,,,渤海,,,,王,渤海國君主,渤海國君主,,,Q28322,https://zh.wikipedia.org/wiki/%E6%B8%A4%E6%B5%B7%E5%9B%BD,,,,,,,,,,,,
737,review,,wiki_only,,no Norbert match,渤海王,,,渤海,,,,王,,,,,,,,,,,,,,,,,,
738,review,,wiki_only,,no Norbert match,渤海王,,,渤海,,,,王,高季興,高季興,,,Q718201,https://zh.wikipedia.org/wiki/%E9%AB%98%E5%AD%A3%E8%88%88,,,,,,,,,,,,
739,review,,wiki_only,,no Norbert match,湘寧王,元朝,元,湘寧,,,,王,迭裡哥兒不花,迭裡哥兒不花,,,,https://zh.wikipedia.org/wiki/%E8%BF%AD%E9%87%8C%E5%93%A5%E5%84%BF%E4%B8%8D%E8%8A%B1,,,,,,,,,,,,
740,review,,wiki_only,,no Norbert match,湘寧王,元朝,元,湘寧,,,,王,八剌失裡,八剌失裡,,,Q45488507,https://zh.wikipedia.org/wiki/%E5%85%AB%E5%89%8C%E5%A4%B1%E9%87%8C,,,,,,,,,,,,
741,review,,wiki_only,,no Norbert match,滕文公 (消歧義),,,,,,,,錯叔繡,錯叔繡,,,Q11565038,https://zh.wikipedia.org/wiki/%E9%8C%AF%E5%8F%94%E7%B9%A1,,,,,,,,,,,,
742,review,,ambiguous,D,2 Norbert candidates,滕文公 (消歧義),,,,,,,,滕文公,滕文公,,,Q16903905,https://zh.wikipedia.org/wiki/%E6%BB%95%E6%96%87%E5%85%AC_(%E6%98%A5%E7%A7%8B),10157,403,滕文公,周,滕,文,公,,,5,,
743,skip,,duplicate,,duplicate,滕文公 (消歧義),,,,,,,,滕文公,滕文公,,,Q11499776,https://zh.wikipedia.org/wiki/%E6%BB%95%E6%96%87%E5%85%AC,,,,,,,,,,,,
744,review,,wiki_only,,no Norbert match,漢中宗,,,,,,,,漢宣帝,漢宣帝,,,Q7230,https://zh.wikipedia.org/wiki/%E6%B1%89%E5%AE%A3%E5%B8%9D,,,,,,,,,,,,
745,link,,matched,D,full NT match,漢中宗,,,,,,,,李壽,李壽,,,Q712558,https://zh.wikipedia.org/wiki/%E6%9D%8E%E5%AF%BF,3040,1113,李壽,漢,漢,昭文,帝,,,56,,
746,review,,wiki_only,,no Norbert match,漢中宗,,,,,,,,南漢,南漢,,,Q1198071,https://zh.wikipedia.org/wiki/%E5%8D%97%E6%B1%89,,,,,,,,,,,,
747,review,,wiki_only,,no Norbert match,漢元帝 (消歧義),,,,,,,,漢元帝,漢元帝,,,Q7232,https://zh.wikipedia.org/wiki/%E6%B1%89%E5%85%83%E5%B8%9D,,,,,,,,,,,,
748,link,,matched,D,full NT match,漢元帝 (消歧義),,,,,,,,劉淑,劉淑,,,Q10900070,https://zh.wikipedia.org/wiki/%E5%8A%89%E6%B7%91_(%E8%A7%A3%E7%80%86%E4%BA%AD%E4%BE%AF),7159,1187,劉淑,漢,城陽,懷,王,,,46,,
749,review,,wiki_only,,no Norbert match,漢元帝 (消歧義),,,漢元,,,,帝,侯標,侯標,,,Q890338,https://zh.wikipedia.org/wiki/%E4%BE%AF%E6%99%AF,,,,,,,,,,,,
750,review,,wiki_only,,no Norbert match,漢太祖,,,,,,,,西漢,西漢,,,Q1072949,https://zh.wikipedia.org/wiki/%E8%A5%BF%E6%B1%89,,,,,,,,,,,,
751,review,,wiki_only,,no Norbert match,漢太祖,,,,,,,,南漢,南漢,,,Q1198071,https://zh.wikipedia.org/wiki/%E5%8D%97%E6%B1%89,,,,,,,,,,,,
752,link,,matched,D,full NT match,漢烈宗,,,,,,,,劉聰,劉聰,,,Q714176,https://zh.wikipedia.org/wiki/%E5%88%98%E8%81%AA,266,1130,劉聰,漢,漢,昭武,帝,,,55,,
753,review,,wiki_only,,no Norbert match,漢烈宗,,,,,,,,劉隱,劉隱,,,Q708360,https://zh.wikipedia.org/wiki/%E5%88%98%E9%9A%90,,,,,,,,,,,,
754,review,,wiki_only,,no Norbert match,漢隱帝 (消歧義),,,,,,,,漢,漢,,,Q1574107,https://zh.wikipedia.org/wiki/%E6%B1%89%E8%B5%B5,,,,,,,,,,,,
755,review,,wiki_only,,no Norbert match,漢隱帝 (消歧義),,,,,,,,後漢,後漢,,,Q1069829,https://zh.wikipedia.org/wiki/%E5%BE%8C%E6%BC%A2,,,,,,,,,,,,
756,insert_nt,,person_only,E,"person in Norbert, no matching NT row",漢高祖 (消歧義),,,,,,,,劉季,劉季,,,Q7210,https://zh.wikipedia.org/wiki/%E5%88%98%E9%82%A6,4951,,劉季,,,,,,,,,
757,link,,matched,D,full NT match,漢高祖 (消歧義),,,,,,,,劉淵,劉淵,,,Q714159,https://zh.wikipedia.org/wiki/%E5%8A%89%E6%B7%B5,264,1131,劉淵,漢,漢,光文,帝,,,55,,
758,review,,wiki_only,,no Norbert match,漢高祖 (消歧義),,,,,,,,劉龑,劉龑,,,Q717972,https://zh.wikipedia.org/wiki/%E5%8A%89%E9%BE%91,,,,,,,,,,,,
759,review,,wiki_only,,no Norbert match,漢高祖 (消歧義),,,,,,,,劉知遠,劉知遠,,,Q708522,https://zh.wikipedia.org/wiki/%E5%8A%89%E7%9F%A5%E9%81%A0,,,,,,,,,,,,
760,review,,wiki_only,,no Norbert match,燕太祖,,,,,,,,前燕,前燕,,,Q1472004,https://zh.wikipedia.org/wiki/%E5%89%8D%E7%87%95,,,,,,,,,,,,
761,review,,wiki_only,,no Norbert match,燕太祖,,,,,,,,北燕,北燕,,,Q2006864,https://zh.wikipedia.org/wiki/%E5%8C%97%E7%87%95,,,,,,,,,,,,
762,update_nt,,matched,C,Norbert row incomplete,甘陵王,漢朝,東漢|西漢|漢,甘陵,,威,,王,劉理,劉理,148,173,,https://zh.wikipedia.org/wiki/%E5%88%98%E7%90%86_(%E7%94%98%E9%99%B5%E7%8E%8B),14400,1980,劉理,漢,甘陵,,王,,,46,,
763,review,,wiki_only,,no Norbert match,甘陵王,漢朝,東漢|西漢|漢,甘陵,,貞,,王,劉定,劉定,173,177,,https://zh.wikipedia.org/wiki/%E5%88%98%E5%AE%9A_(%E7%94%98%E9%99%B5%E7%8E%8B),,,,,,,,,,,,
764,insert_nt,,person_only,E,"person in Norbert, no matching NT row",甘陵王,漢朝,東漢|西漢|漢,甘陵,,獻,,王,劉忠,劉忠,177,190,Q6852951,https://zh.wikipedia.org/wiki/%E5%8A%89%E9%96%8B_(%E6%BC%A2%E6%9C%9D),2001,,劉忠,,,,,,,,,
765,insert_nt,,person_only,E,"person in Norbert, no matching NT row",甘陵王,蜀漢,蜀漢,甘陵,,,,王,劉永,劉永,,,,https://zh.wikipedia.org/wiki/%E5%88%98%E6%B0%B8_(%E4%B8%89%E5%9B%BD),8424,,劉永,,,,,,,,,
766,update_nt,,matched,D,Norbert row incomplete,真定王,漢朝,東漢|西漢|漢,真定,,頃,,王,劉平,劉平,,,Q48928539,https://zh.wikipedia.org/wiki/%E5%8A%89%E5%B9%B3_(%E7%9C%9F%E5%AE%9A%E7%8E%8B),14503,2008,劉平,漢,原鄉,,侯,,,43,,
767,review,,wiki_only,,no Norbert match,真定王,漢朝,東漢|西漢|漢,真定,,烈,,王,劉偃,劉偃,,,Q17128462,https://zh.wikipedia.org/wiki/%E5%8A%89%E5%81%83_(%E7%9C%9F%E5%AE%9A%E7%8E%8B),,,,,,,,,,,,
768,review,,wiki_only,,no Norbert match,真定王,漢朝,東漢|西漢|漢,真定,,孝,,王,劉由,劉由,,,Q17128482,https://zh.wikipedia.org/wiki/%E5%88%98%E7%94%B1,,,,,,,,,,,,
769,review,,wiki_only,,no Norbert match,真定王,漢朝,東漢|西漢|漢,真定,,安,,王,劉雍,劉雍,,,Q17128473,https://zh.wikipedia.org/wiki/%E5%88%98%E9%9B%8D_(%E7%9C%9F%E5%AE%9A%E7%8E%8B),,,,,,,,,,,,
770,review,,ambiguous,D,2 Norbert candidates,真定王,漢朝,東漢|西漢|漢,真定,,共,,王,劉普,劉普,,,Q17128441,https://zh.wikipedia.org/wiki/%E5%8A%89%E6%99%AE_(%E7%9C%9F%E5%AE%9A%E7%8E%8B),14443,1996,劉普,漢,北海,頃,王,,,46,,
771,review,,wiki_only,,no Norbert match,真定王,漢朝,東漢|西漢|漢,真定,,,,王,劉楊,劉楊,7,8,Q11398334,https://zh.wikipedia.org/wiki/%E5%8A%89%E6%A5%8A,,,,,,,,,,,,
772,update_nt,,matched,D,Norbert row incomplete,真定王,漢朝,東漢|西漢|漢,真定,,,,王,劉得,劉得,26,37,Q11398334,https://zh.wikipedia.org/wiki/%E5%8A%89%E6%A5%8A,14467,2004,劉得,漢,平原,,王,,,46,,
773,review,,wiki_only,,no Norbert match,神武帝,相關項目,相關項目,神武,,,,帝,同諡號廟號列表,同諡號廟號列表,,,Q2680847,https://zh.wikipedia.org/wiki/%E5%90%8C%E8%B0%A5%E5%8F%B7%E5%BA%99%E5%8F%B7%E5%88%97%E8%A1%A8,,,,,,,,,,,,
774,review,,wiki_only,,no Norbert match,秦愍王,,,秦愍,,,,王,拓跋觚,拓跋觚,,,Q11077232,https://zh.wikipedia.org/wiki/%E6%8B%93%E8%B7%8B%E8%A7%9A,,,,,,,,,,,,
775,review,,wiki_only,,no Norbert match,秦愍王,,,秦愍,,,,王,朱樉,朱樉,,,Q3499526,https://zh.wikipedia.org/wiki/%E6%9C%B1%E6%A8%89,,,,,,,,,,,,
776,review,,ambiguous,D,2 Norbert candidates,秦昭王,,,秦昭,,,,王,秦昭襄王,秦昭襄王,,,Q553240,https://zh.wikipedia.org/wiki/%E7%A7%A6%E6%98%AD%E8%A5%84%E7%8E%8B,9823,1285,秦昭襄王,秦,秦,昭襄,王,,,15,,
777,review,,wiki_only,,no Norbert match,秦昭王,,,秦昭,,,,王,朱秉欆,朱秉欆,,,Q11094558,https://zh.wikipedia.org/wiki/%E6%9C%B1%E7%A7%89%E6%AC%86,,,,,,,,,,,,
778,link,,matched,D,full NT match,秦莊王,,,秦莊,,,,王,秦莊襄王,秦莊襄王,,,Q1327607,https://zh.wikipedia.org/wiki/%E7%A7%A6%E8%8E%8A%E8%A5%84%E7%8E%8B,9825,1287,秦莊襄王,秦,秦,莊襄,王,,,15,,
779,review,,wiki_only,,no Norbert match,秦莊王,,,秦莊,,,,王,朱誠澯,朱誠澯,,,Q11094775,https://zh.wikipedia.org/wiki/%E6%9C%B1%E8%AA%A0%E6%BE%AF,,,,,,,,,,,,
780,review,,wiki_only,,no Norbert match,秦高祖,,,,,,,,前秦,前秦,,,Q1471995,https://zh.wikipedia.org/wiki/%E5%89%8D%E7%A7%A6,,,,,,,,,,,,
781,review,,wiki_only,,no Norbert match,秦高祖,,,,,,,,後秦,後秦,,,Q1730130,https://zh.wikipedia.org/wiki/%E5%90%8E%E7%A7%A6,,,,,,,,,,,,
782,review,,wiki_only,,no Norbert match,秦高祖,,,,,,,,西秦,西秦,,,Q1668970,https://zh.wikipedia.org/wiki/%E8%A5%BF%E7%A7%A6,,,,,,,,,,,,
783,review,,wiki_only,,no Norbert match,義昌君,,,,,,,,李玒,李玒,,,Q12610805,https://zh.wikipedia.org/wiki/%E7%BE%A9%E6%98%8C%E5%90%9B_(1428%E5%B9%B4),,,,,,,,,,,,
784,review,,wiki_only,,no Norbert match,義昌君,,,,,,,,李珖,李珖,,,Q97350691,https://zh.wikipedia.org/wiki/%E6%9D%8E%E7%8F%96,,,,,,,,,,,,
785,review,,wiki_only,,no Norbert match,膠東王,秦末,秦末,膠東,,,,王,田市,田市,,,Q564541,https://zh.wikipedia.org/wiki/%E7%94%B0%E5%B7%BF,,,,,,,,,,,,
786,review,,wiki_only,,no Norbert match,膠東王,漢朝,東漢|西漢|漢,膠東,,,,王,劉雄渠,劉雄渠,,,Q10898057,https://zh.wikipedia.org/wiki/%E5%88%98%E9%9B%84%E6%B8%A0,,,,,,,,,,,,
787,link,,matched,D,full NT match,膠東王,漢朝,東漢|西漢|漢,膠東,,,,王,劉徹,劉徹,,,Q7225,https://zh.wikipedia.org/wiki/%E6%B1%89%E6%AD%A6%E5%B8%9D,3839,1133,劉徹,漢,漢,孝武,帝,,,43,,
788,link,,matched,B,full NT match,膠東王,漢朝,東漢|西漢|漢,膠東,,康,,王,劉寄,劉寄,,,,https://zh.wikipedia.org/wiki/%E5%88%98%E5%AF%84,9452,1211,劉寄,漢,膠東,康,王,,,43,,
789,review,,wiki_only,,no Norbert match,膠東王,漢朝,東漢|西漢|漢,膠東,,哀,,王,劉賢,劉賢,,,Q17503942,https://zh.wikipedia.org/wiki/%E5%88%98%E8%B4%A4_(%E8%83%B6%E4%B8%9C%E7%8E%8B),,,,,,,,,,,,
790,review,,wiki_only,,no Norbert match,膠東王,漢朝,東漢|西漢|漢,膠東,,戴,,王,劉通平,劉通平,,,Q17503942,https://zh.wikipedia.org/wiki/%E5%88%98%E8%B4%A4_(%E8%83%B6%E4%B8%9C%E7%8E%8B),,,,,,,,,,,,
791,review,,wiki_only,,no Norbert match,膠東王,漢朝,東漢|西漢|漢,膠東,,頃,,王,劉音,劉音,,,Q17503928,https://zh.wikipedia.org/wiki/%E5%88%98%E9%9F%B3_(%E8%83%B6%E4%B8%9C%E7%8E%8B),,,,,,,,,,,,
792,review,,wiki_only,,no Norbert match,膠東王,漢朝,東漢|西漢|漢,膠東,,恭,,王,劉授,劉授,,,Q17503916,https://zh.wikipedia.org/wiki/%E5%88%98%E6%8E%88_(%E8%83%B6%E4%B8%9C%E7%8E%8B),,,,,,,,,,,,
793,insert_nt,,person_only,E,"person in Norbert, no matching NT row",膠東王,漢朝,東漢|西漢|漢,膠東,,,,王,劉殷,劉殷,,,Q17503926,https://zh.wikipedia.org/wiki/%E5%88%98%E6%AE%B7_(%E8%83%B6%E4%B8%9C%E7%8E%8B),8714,,劉殷,,,,,,,,,
794,review,,wiki_only,,no Norbert match,膠西王,漢朝,東漢|西漢|漢,膠西,,,,王,劉卬,劉卬,,,Q10899487,https://zh.wikipedia.org/wiki/%E5%8A%89%E5%8D%AC,,,,,,,,,,,,
795,link,,matched,C,full NT match,膠西王,漢朝,東漢|西漢|漢,膠西,,,,王,劉端 (西漢),劉端,,,,https://zh.wikipedia.org/wiki/%E5%88%98%E7%AB%AF_(%E8%A5%BF%E6%B1%89),9461,1208,劉端,漢,膠西,于,王,,,43,,
796,link,,matched,D,full NT match,興安君,,,,,,,,朝鮮太祖,朝鮮太祖,,,Q378483,https://zh.wikipedia.org/wiki/%E6%9C%9D%E9%B2%9C%E5%A4%AA%E7%A5%96,16608,2301,朝鮮太祖,朝鮮,朝鮮,,,,,142,,
797,review,,wiki_only,,no Norbert match,興安君,,,,,,,,李瑅,李瑅,,,Q6780848,https://zh.wikipedia.org/wiki/%E8%88%88%E5%AE%89%E5%90%9B_(1598%E5%B9%B4),,,,,,,,,,,,
798,review,,wiki_only,,no Norbert match,興平王,,,興平,,,,王,元聖王,元聖王,,,,https://zh.wikipedia.org/wiki/%E5%85%83%E5%9C%A3%E7%8E%8B,,,,,,,,,,,,
799,review,,wiki_only,,no Norbert match,興平王,,,興平,,,,王,東史年表,東史年表,,,Q10869757,https://zh.wikipedia.org/wiki/%E4%B8%9C%E5%8F%B2%E5%B9%B4%E8%A1%A8,,,,,,,,,,,,
800,insert_nt,,person_only,E,"person in Norbert, no matching NT row",榮國公,,,榮國,,,,公,來護兒,來護兒,,,Q11099946,https://zh.wikipedia.org/wiki/%E6%9D%A5%E6%8A%A4%E5%84%BF,4376,,來護兒,,,,,,,,,
801,review,,wiki_only,,no Norbert match,榮國公,,,榮國,,,,公,高滿政,高滿政,,,,https://zh.wikipedia.org/wiki/%E9%AB%98%E6%BB%A1%E6%94%BF,,,,,,,,,,,,
802,review,,wiki_only,,no Norbert match,榮國公,,,榮國,,,,公,劉從德,劉從德,,,Q28416424,https://zh.wikipedia.org/wiki/%E5%8A%89%E5%BE%9E%E5%BE%B7,,,,,,,,,,,,
803,review,,wiki_only,,no Norbert match,榮國公,,,榮國,,,,公,錢忱,錢忱,,,Q10564129,https://zh.wikipedia.org/wiki/%E9%8C%A2%E5%BF%B1,,,,,,,,,,,,
804,review,,wiki_only,,no Norbert match,榮國公,,,榮國,,,,公,趙從信,趙從信,,,,https://zh.wikipedia.org/wiki/%E8%B5%B5%E4%BB%8E%E4%BF%A1,,,,,,,,,,,,
805,review,,wiki_only,,no Norbert match,榮國公,,,榮國,,,,公,趙仲汾,趙仲汾,,,,https://zh.wikipedia.org/wiki/%E8%B5%B5%E4%BB%B2%E6%B1%BE,,,,,,,,,,,,
806,review,,wiki_only,,no Norbert match,榮國公,,,榮國,,,,公,何執中,何執中,,,Q16903313,https://zh.wikipedia.org/wiki/%E4%BD%95%E6%89%A7%E4%B8%AD,,,,,,,,,,,,
807,review,,wiki_only,,no Norbert match,榮國公,,,榮國,,,,公,趙挺,趙挺,,,,https://zh.wikipedia.org/wiki/%E8%B5%B5%E6%8C%BA,,,,,,,,,,,,
808,review,,wiki_only,,no Norbert match,榮國公,,,榮國,,,,公,鄭藻,鄭藻,,,,https://zh.wikipedia.org/wiki/%E9%83%91%E8%97%BB,,,,,,,,,,,,
809,review,,wiki_only,,no Norbert match,榮國公,,,榮國,,,,公,劉光世,劉光世,,,Q10899435,https://zh.wikipedia.org/wiki/%E5%8A%89%E5%85%89%E4%B8%96,,,,,,,,,,,,
810,review,,wiki_only,,no Norbert match,榮國公,,,榮國,,,,公,張玉,張玉,,,Q11068798,https://zh.wikipedia.org/wiki/%E5%BC%B5%E7%8E%89,,,,,,,,,,,,
811,review,,wiki_only,,no Norbert match,榮國公,,,榮國,,,,公,姚廣孝,姚廣孝,,,Q10943311,https://zh.wikipedia.org/wiki/%E5%A7%9A%E5%BB%A3%E5%AD%9D,,,,,,,,,,,,
812,review,,wiki_only,,no Norbert match,榮國公,,,榮國,,,,公,賈源,賈源,,,Q17039726,https://zh.wikipedia.org/wiki/%E8%B4%BE%E6%BA%90,,,,,,,,,,,,
813,skip,,skip_section,,section:諡號,莊定王,諡號,,永興莊定,,,,王,朱秉櫸,朱秉櫸,,,,https://zh.wikipedia.org/wiki/%E6%9C%B1%E7%A7%89%E6%A6%89,,,,,,,,,,,,
814,skip,,skip_section,,section:諡號,莊定王,諡號,,鄒平莊定,,,,王,朱當潩,朱當潩,,,Q109349704,https://zh.wikipedia.org/wiki/%E6%9C%B1%E7%95%B6%E6%BD%A9,,,,,,,,,,,,
815,skip,,skip_section,,section:諡號,莊定王,諡號,,河陰莊定,,,,王,朱安㳋,朱安㳋,,,Q109412854,https://zh.wikipedia.org/wiki/%E6%9C%B1%E5%AE%89%E3%B3%8B,,,,,,,,,,,,
816,skip,,skip_section,,section:諡號,莊定王,諡號,,永和莊定,,,,王,朱新墥,朱新墥,,,Q120702160,https://zh.wikipedia.org/wiki/%E6%9C%B1%E6%96%B0%E5%A2%A5,,,,,,,,,,,,
817,skip,,skip_section,,section:諡號,莊定王,諡號,,寧化莊定,,,,王,朱新壟,朱新壟,,,,https://zh.wikipedia.org/wiki/%E6%9C%B1%E6%96%B0%E5%9E%84,,,,,,,,,,,,
818,skip,,skip_section,,section:諡號,莊定王,諡號,,江夏莊定,,,,王,朱顯桔,朱顯桔,,,,https://zh.wikipedia.org/wiki/%E6%9C%B1%E9%A1%AF%E6%A1%94,,,,,,,,,,,,
819,skip,,skip_section,,section:封號,莊定王,封號,,莊定,,,,王,越南,越南,,,Q881,https://zh.wikipedia.org/wiki/%E8%B6%8A%E5%8D%97,,,,,,,,,,,,
820,skip,,skip_section,,section:封號,莊定王,封號,,莊定,,,,王,後黎朝,後黎朝,,,Q10800789,https://zh.wikipedia.org/wiki/%E5%BE%8C%E9%BB%8E%E6%9C%9D,,,,,,,,,,,,
821,review,,wiki_only,,no Norbert match,蜀莊王,,,蜀莊,,,,王,北魏,北魏,,,Q875305,https://zh.wikipedia.org/wiki/%E5%8C%97%E9%AD%8F,,,,,,,,,,,,
822,review,,wiki_only,,no Norbert match,蜀莊王,,,蜀莊,,,,王,明朝,明朝,,,Q9903,https://zh.wikipedia.org/wiki/%E6%98%8E%E6%9C%9D,,,,,,,,,,,,
823,review,,wiki_only,,no Norbert match,蜀高祖,,,,,,,,前蜀,前蜀,,,Q571453,https://zh.wikipedia.org/wiki/%E5%89%8D%E8%9C%80,,,,,,,,,,,,
824,review,,wiki_only,,no Norbert match,蜀高祖,,,,,,,,後蜀,後蜀,,,Q526507,https://zh.wikipedia.org/wiki/%E5%BE%8C%E8%9C%80,,,,,,,,,,,,
825,review,,ambiguous,D,2 Norbert candidates,衛莊公,,,衛莊,,,,公,衛莊公 (春秋前期),衛莊公,,,Q846792,https://zh.wikipedia.org/wiki/%E8%A1%9B%E8%8E%8A%E5%85%AC_(%E6%98%A5%E7%A7%8B%E5%89%8D%E6%9C%9F),9913,267,衛莊公,周,衛,莊,公,,,5,,
826,skip,,duplicate,,duplicate,衛莊公,,,衛莊,,,,公,衛莊公 (春秋後期),衛莊公,,,Q619037,https://zh.wikipedia.org/wiki/%E8%A1%9B%E8%8E%8A%E5%85%AC_(%E6%98%A5%E7%A7%8B%E5%BE%8C%E6%9C%9F),,,,,,,,,,,,
827,insert_nt,,person_only,E,"person in Norbert, no matching NT row",衡山王,秦末,秦末,衡山,,,,王,吳芮,吳芮,,,Q3497209,https://zh.wikipedia.org/wiki/%E5%90%B4%E8%8A%AE,9477,,吳芮,,,,,,,,,
828,link,,matched,B,full NT match,衡山王,漢朝,東漢|西漢|漢,衡山,,,,王,劉賜,劉賜,,,Q10897972,https://zh.wikipedia.org/wiki/%E5%88%98%E8%B5%90_(%E8%A1%A1%E5%B1%B1%E7%8E%8B),3392,1222,劉賜,漢,衡山,,王,,,43,,
829,review,,wiki_only,,no Norbert match,衣通姬,,,,,,,,衣通郎姬,衣通郎姬,,,Q11626419,https://zh.wikipedia.org/wiki/%E8%A1%A3%E9%80%9A%E9%83%8E%E5%A7%AC,,,,,,,,,,,,
830,review,,wiki_only,,no Norbert match,衣通姬,,,,,,,,輕大娘皇女,輕大娘皇女,,,Q11637582,https://zh.wikipedia.org/wiki/%E8%BC%95%E5%A4%A7%E5%A8%98%E7%9A%87%E5%A5%B3,,,,,,,,,,,,
831,review,,wiki_only,,no Norbert match,襄寧王,元朝,元,襄寧,,,,王,阿魯灰,阿魯灰,,,Q45476548,https://zh.wikipedia.org/wiki/%E9%98%BF%E9%B2%81%E5%A8%81,,,,,,,,,,,,
832,review,,wiki_only,,no Norbert match,襄寧王,元朝,元,襄寧,,,,王,也速不幹,也速不幹,,,,https://zh.wikipedia.org/wiki/%E4%B9%9F%E9%80%9F%E4%B8%8D%E5%B9%B2,,,,,,,,,,,,
833,review,,wiki_only,,no Norbert match,西寧王,元朝,元,西寧,,,,王,忽答裡迷失,忽答裡迷失,,,,https://zh.wikipedia.org/wiki/%E5%BF%BD%E7%AD%94%E9%87%8C%E8%BF%B7%E5%A4%B1,,,,,,,,,,,,
834,review,,wiki_only,,no Norbert match,西寧王,元朝,元,西寧,,,,王,速來蠻,速來蠻,,,,https://zh.wikipedia.org/wiki/%E9%80%9F%E6%9D%A5%E8%9B%AE_(%E8%A5%BF%E5%AE%81%E7%8E%8B),,,,,,,,,,,,
835,review,,wiki_only,,no Norbert match,西寧王,元朝,元,西寧,,,,王,牙罕,牙罕,,,,https://zh.wikipedia.org/wiki/%E7%89%99%E7%BD%95,,,,,,,,,,,,
836,review,,wiki_only,,no Norbert match,西寧王,元朝,元,西寧,,,,王,忻都,忻都,,,Q17066850,https://zh.wikipedia.org/wiki/%E8%A5%BF%E5%AE%81%E7%8E%8B%E5%BF%BB%E9%83%BD%E5%85%AC%E7%A5%9E%E9%81%93%E7%A2%91,,,,,,,,,,,,
837,review,,wiki_only,,no Norbert match,西寧王,南明,南明,西寧,,,,王,李定國,李定國,,,Q707821,https://zh.wikipedia.org/wiki/%E6%9D%8E%E5%AE%9A%E5%9B%BD,,,,,,,,,,,,
838,review,,wiki_only,,no Norbert match,西寧王,參考文獻,參考文獻,西寧,,,,王,元史,元史,,,Q1345223,https://zh.wikipedia.org/wiki/%E5%85%83%E5%8F%B2,,,,,,,,,,,,
839,review,,wiki_only,,no Norbert match,西寧王,參考文獻,參考文獻,西寧,,,,王,新元史,新元史,,,Q1053256,https://zh.wikipedia.org/wiki/%E6%96%B0%E5%85%83%E5%8F%B2,,,,,,,,,,,,
840,review,,wiki_only,,no Norbert match,西寧王,參考文獻,參考文獻,西寧,,,,王,蒙兀兒史記,蒙兀兒史記,,,Q24874249,https://zh.wikipedia.org/wiki/%E8%92%99%E5%85%80%E5%85%92%E5%8F%B2%E8%A8%98,,,,,,,,,,,,
841,review,,wiki_only,,no Norbert match,西寧王,參考文獻,參考文獻,西寧,,,,王,錢海嶽,錢海嶽,,,Q15954371,https://zh.wikipedia.org/wiki/%E9%92%B1%E6%B5%B7%E5%B2%B3,,,,,,,,,,,,
842,review,,wiki_only,,no Norbert match,西安王,元朝,元,西安,,,,王,阿剌忒納失裡,阿剌忒納失裡,,,,https://zh.wikipedia.org/wiki/%E9%98%BF%E5%89%8C%E5%BF%92%E7%BA%B3%E5%A4%B1%E9%87%8C,,,,,,,,,,,,
843,review,,wiki_only,,no Norbert match,西安王,元朝,元,西安,,,,王,答兒麻,答兒麻,,,Q45525457,https://zh.wikipedia.org/wiki/%E7%AD%94%E5%84%BF%E9%BA%BB,,,,,,,,,,,,
844,review,,ambiguous,D,2 Norbert candidates,西平王,漢朝,東漢|西漢|漢,西平,,,,王,劉羨,劉羨,82,88,,https://zh.wikipedia.org/wiki/%E5%88%98%E7%BE%A1_(%E9%99%88%E7%8E%8B),1795,1153,劉羨,漢,陳,敬,王,,,46,,
845,link,,matched,D,full NT match,西平王,十六國,十六國,西平,,,,王,禿髮烏孤,禿髮烏孤,,,Q1069790,https://zh.wikipedia.org/wiki/%E7%A6%BF%E9%AB%AE%E7%83%8F%E5%AD%A4,278,2167,禿髮烏孤,南涼,武,威武,王,,,67,,
846,review,,wiki_only,,no Norbert match,西平王,五代十國,五代十國,西平,,,,王,朱友謙,朱友謙,,,Q1255540,https://zh.wikipedia.org/wiki/%E6%9C%B1%E5%8F%8B%E8%AC%99,,,,,,,,,,,,
847,review,,wiki_only,,no Norbert match,西平王,五代十國,五代十國,西平,,,,王,曹元忠 (西平王),曹元忠,,,Q10322934,https://zh.wikipedia.org/wiki/%E6%9B%B9%E5%85%83%E5%BF%A0_(%E8%A5%BF%E5%B9%B3%E7%8E%8B),,,,,,,,,,,,
848,review,,wiki_only,,no Norbert match,西平王,遼朝,遼朝,西平,,,,王,李繼遷,李繼遷,,,Q717904,https://zh.wikipedia.org/wiki/%E6%9D%8E%E7%BB%A7%E8%BF%81,,,,,,,,,,,,
849,review,,wiki_only,,no Norbert match,西平王,遼朝,遼朝,西平,,,,王,李德明,李德明,,,Q541665,https://zh.wikipedia.org/wiki/%E6%9D%8E%E5%BE%B7%E6%98%8E,,,,,,,,,,,,
850,review,,wiki_only,,no Norbert match,西平王,北宋,北宋,西平,,,,王,林居裔,林居裔,,,Q117747947,https://zh.wikipedia.org/wiki/%E6%9E%97%E5%B1%85%E8%A3%94,,,,,,,,,,,,
851,review,,wiki_only,,no Norbert match,西平王,北宋,北宋,西平,,,,王,李德明,李德明,,,Q541665,https://zh.wikipedia.org/wiki/%E6%9D%8E%E5%BE%B7%E6%98%8E,,,,,,,,,,,,
852,review,,wiki_only,,no Norbert match,西平王,元朝,元,西平,,,,王,奧魯赤,奧魯赤,,,Q7072451,https://zh.wikipedia.org/wiki/%E5%A5%A5%E9%B2%81%E8%B5%A4,,,,,,,,,,,,
853,review,,wiki_only,,no Norbert match,西平王,元朝,元,西平,,,,王,八剌馬,八剌馬,,,,https://zh.wikipedia.org/wiki/%E5%85%AB%E5%89%8C%E9%A9%AC,,,,,,,,,,,,
854,review,,wiki_only,,no Norbert match,西平王,元朝,元,西平,,,,王,鞏卜班,鞏卜班,,,,https://zh.wikipedia.org/wiki/%E9%9E%8F%E5%8D%9C%E7%8F%AD,,,,,,,,,,,,
855,review,,wiki_only,,no Norbert match,趙太祖,,,,,,,,前趙,前趙,,,Q1574107,https://zh.wikipedia.org/wiki/%E6%B1%89%E8%B5%B5,,,,,,,,,,,,
856,review,,wiki_only,,no Norbert match,趙太祖,,,,,,,,後趙,後趙,,,Q2314907,https://zh.wikipedia.org/wiki/%E5%90%8E%E8%B5%B5,,,,,,,,,,,,
857,review,,wiki_only,,no Norbert match,遼東王,,,項羽所封遼東,,,,王,韓廣,韓廣,,,Q1932919,https://zh.wikipedia.org/wiki/%E9%9F%93%E5%BB%A3,,,,,,,,,,,,
858,insert_nt,,person_only,E,"person in Norbert, no matching NT row",遼東王,,,晉朝 遼東,,,,王,司馬蕤,司馬蕤,,,Q9598282,https://zh.wikipedia.org/wiki/%E5%8F%B8%E9%A6%AC%E8%95%A4,8815,,司馬蕤,,,,,,,,,
859,link,,matched,D,full NT match,遼東王,,,晉朝 遼東,,,,王,司馬定國,司馬定國,,,,https://zh.wikipedia.org/wiki/%E5%8F%B8%E9%A9%AC%E5%AE%9A%E5%9B%BD,8768,868,司馬定國,晉,遼東,,王,,,51,,
860,review,,wiki_only,,no Norbert match,遼東王,,,遼東,,,,王,高句麗,高句麗,,,Q28370,https://zh.wikipedia.org/wiki/%E9%AB%98%E5%8F%A5%E4%B8%BD,,,,,,,,,,,,
861,insert_nt,,person_only,E,"person in Norbert, no matching NT row",逍遙公,,,逍遙,,,,公,韋敻,韋敻,,,Q15938817,https://zh.wikipedia.org/wiki/%E9%9F%A6%E6%95%BB,7507,,韋敻,,,,,,,,,
862,insert_nt,,person_only,E,"person in Norbert, no matching NT row",逍遙公,,,逍遙,,,,公,韋嗣立,韋嗣立,,,Q7979769,https://zh.wikipedia.org/wiki/%E9%9F%A6%E5%97%A3%E7%AB%8B,4504,,韋嗣立,,,,,,,,,
863,review,,wiki_only,,no Norbert match,逍遙公,,,逍遙,,,,公,李椿年,李椿年,,,Q11097044,https://zh.wikipedia.org/wiki/%E6%9D%8E%E6%A4%BF%E5%B9%B4,,,,,,,,,,,,
864,review,,wiki_only,,no Norbert match,鎮海王,,,鎮海,,,,王,陳文龍,陳文龍,,,Q15918149,https://zh.wikipedia.org/wiki/%E9%99%B3%E6%96%87%E9%BE%8D,,,,,,,,,,,,
865,review,,wiki_only,,no Norbert match,鎮海王,,,鎮海,,,,王,朱濆,朱濆,,,Q109344869,https://zh.wikipedia.org/wiki/%E6%9C%B1%E6%BF%86,,,,,,,,,,,,
866,review,,wiki_only,,no Norbert match,鎮海王,,,鎮海,,,,王,蔡牽,蔡牽,,,Q837355,https://zh.wikipedia.org/wiki/%E8%94%A1%E7%89%B5,,,,,,,,,,,,
867,review,,wiki_only,,no Norbert match,鎮寧王,元朝,元,鎮寧,,,,王,孛羅,孛羅,,,Q30947858,https://zh.wikipedia.org/wiki/%E5%AD%9B%E7%BD%97_(%E5%86%80%E7%8E%8B),,,,,,,,,,,,
868,review,,wiki_only,,no Norbert match,鎮寧王,元朝,元,鎮寧,,,,王,那懷,那懷,,,,https://zh.wikipedia.org/wiki/%E9%82%A3%E6%80%80,,,,,,,,,,,,
869,review,,wiki_only,,no Norbert match,長公主,,,,,,,,長公主 (東亞),長公主,,,Q17161004,https://zh.wikipedia.org/wiki/%E5%85%AC%E4%B8%BB_(%E6%9D%B1%E4%BA%9E),,,,,,,,,,,,
870,skip,,duplicate,,duplicate,長公主,,,,,,,,長公主 (英國),長公主,,,Q1052964,https://zh.wikipedia.org/wiki/%E9%95%BF%E5%85%AC%E4%B8%BB_(%E8%8B%B1%E5%9B%BD),,,,,,,,,,,,
871,skip,,duplicate,,duplicate,長公主,,,,,,,,長公主 (法國),長公主,,,Q1883174,https://zh.wikipedia.org/wiki/%E9%95%BF%E5%85%AC%E4%B8%BB_(%E6%B3%95%E5%9B%BD),,,,,,,,,,,,
872,review,,wiki_only,,no Norbert match,長安君,,,,,,,,長安君 (趙國),長安君,,,Q17030243,https://zh.wikipedia.org/wiki/%E9%95%B7%E5%AE%89%E5%90%9B_(%E8%B6%99%E5%9C%8B),,,,,,,,,,,,
873,review,,wiki_only,,no Norbert match,長安君,,,,,,,,成蟜,成蟜,,,Q5091363,https://zh.wikipedia.org/wiki/%E6%88%90%E8%9F%9C,,,,,,,,,,,,
874,review,,wiki_only,,no Norbert match,長安君,,,,,,,,可足渾王妃 (後燕成武帝),可足渾王妃,,,Q10913812,https://zh.wikipedia.org/wiki/%E5%8F%AF%E8%B6%B3%E6%B5%91%E7%8E%8B%E5%A6%83_(%E5%90%8E%E7%87%95%E6%88%90%E6%AD%A6%E5%B8%9D),,,,,,,,,,,,
875,insert_nt,,person_only,E,"person in Norbert, no matching NT row",長樂王,,,前趙 長樂,,,,王,劉襲,劉襲,,,Q16260894,https://zh.wikipedia.org/wiki/%E5%88%98%E8%A2%AD_(%E5%89%8D%E8%B5%B5),8740,,劉襲,,,,,,,,,
876,review,,wiki_only,,no Norbert match,長樂王,,,前秦 長樂,,,,王,苻覿,苻覿,,,,https://zh.wikipedia.org/wiki/%E8%8B%BB%E8%A7%8C,,,,,,,,,,,,
877,review,,wiki_only,,no Norbert match,長樂王,,,前秦 長樂,,,,王,苻壽,苻壽,,,,https://zh.wikipedia.org/wiki/%E8%8B%BB%E5%AF%BF,,,,,,,,,,,,
878,link,,matched,D,full NT match,長樂王,,,後燕 長樂,,,,王,慕容盛,慕容盛,,,Q1078573,https://zh.wikipedia.org/wiki/%E6%85%95%E5%AE%B9%E7%9B%9B,3673,1267,慕容盛,燕,燕,昭武,帝,,,63,,
879,insert_nt,,person_only,E,"person in Norbert, no matching NT row",長樂王,,,北魏 長樂,,,,王,拓跋處文,拓跋處文,,,,https://zh.wikipedia.org/wiki/%E6%8B%93%E8%B7%8B%E5%A4%84%E6%96%87,14922,,拓跋處文,,,,,,,,,
880,insert_nt,,person_only,E,"person in Norbert, no matching NT row",長樂王,,,北魏 長樂,,,,王,穆亮,穆亮,,,Q15911544,https://zh.wikipedia.org/wiki/%E7%A9%86%E4%BA%AE,2286,,穆亮,,,,,,,,,
881,link,,matched,D,full NT match,長樂王,,,北魏 長樂,,,,王,元子攸,元子攸,,,Q1074789,https://zh.wikipedia.org/wiki/%E9%AD%8F%E5%AD%9D%E5%BA%84%E5%B8%9D,3740,1513,元子攸,魏,魏,孝莊,帝,,,89,,
882,insert_nt,,person_only,E,"person in Norbert, no matching NT row",長樂王,,,東魏 長樂,,,,王,尉景,尉景,,,Q10259880,https://zh.wikipedia.org/wiki/%E5%B0%89%E6%99%AF,2548,,尉景,,,,,,,,,
883,link,,matched,D,full NT match,長樂王,,,北齊 長樂,,,,王,高紹廉,高紹廉,,,Q11672720,https://zh.wikipedia.org/wiki/%E9%AB%98%E7%BB%8D%E5%BB%89,7349,1721,高紹廉,齊,隴西,,王,,,94,,
884,insert_nt,,person_only,E,"person in Norbert, no matching NT row",長樂王,,,隋末 長樂,,,,王,竇建德,竇建德,,,Q1133757,https://zh.wikipedia.org/wiki/%E7%AA%A6%E5%BB%BA%E5%BE%B7,11717,,竇建德,,,,,,,,,
885,review,,wiki_only,,no Norbert match,長樂王,,,唐朝 長樂,,,,王,李幼良,李幼良,,,Q11096295,https://zh.wikipedia.org/wiki/%E6%9D%8E%E5%B9%BC%E8%89%AF,,,,,,,,,,,,
886,review,,wiki_only,,no Norbert match,長樂王,,,唐朝 長樂,,,,王,李道興,李道興,,,Q24837687,https://zh.wikipedia.org/wiki/%E6%9D%8E%E6%99%AF_(%E6%BB%91%E5%9B%BD%E5%85%AC),,,,,,,,,,,,
887,review,,wiki_only,,no Norbert match,長樂王,,,明朝 長樂,,,,王,朱顯榕,朱顯榕,,,,https://zh.wikipedia.org/wiki/%E6%9C%B1%E6%98%BE%E6%A6%95,,,,,,,,,,,,
888,review,,ambiguous,D,3 Norbert candidates,長沙王,漢朝,東漢|西漢|漢,長沙,,,,王,劉興,劉興,,,Q17487429,https://zh.wikipedia.org/wiki/%E5%8A%89%E5%BB%BA%E5%BE%B7,9464,1205,劉興,漢,中山,孝,王,,,43,,
889,insert_nt,,person_only,E,"person in Norbert, no matching NT row",長沙王,東吳,東吳,長沙桓,,,,王,孫策,孫策,,,Q380598,https://zh.wikipedia.org/wiki/%E5%AD%99%E7%AD%96,13987,,孫策,,,,,,,,,
890,update_nt,,matched,C,Norbert row incomplete,長沙王,晉朝,西晉|東晉|晉,長沙,,厲,,王,司馬乂,司馬乂,,,Q3276223,https://zh.wikipedia.org/wiki/%E5%8F%B8%E9%A6%AC%E4%B9%82,8758,871,司馬乂,晉,長沙,,王,,,51,,
891,review,,wiki_only,,no Norbert match,長沙王,晉朝,西晉|東晉|晉,長沙,,,,王,司馬碩,司馬碩,,,Q110107913,https://zh.wikipedia.org/wiki/%E5%8F%B8%E9%A6%AC%E7%A2%A9,,,,,,,,,,,,
892,update_nt,,matched,D,Norbert row incomplete,長沙王,南朝,南朝,長沙,,景,,王,劉道憐,劉道憐,420,422,,https://zh.wikipedia.org/wiki/%E5%88%98%E9%81%93%E6%80%9C,7973,727,劉道憐,宋,長沙,景,王,,,83,,
893,insert_nt,,person_only,E,"person in Norbert, no matching NT row",長沙王,南朝,南朝,長沙,,成,,王,劉義欣,劉義欣,,,Q1393614,https://zh.wikipedia.org/wiki/%E5%88%98%E4%B9%89%E6%AC%A3,8731,,劉義欣,,,,,,,,,
894,update_nt,,matched,D,Norbert row incomplete,長沙王,南朝,南朝,長沙,,悼,,王,劉瑾,劉瑾,,,Q10900191,https://zh.wikipedia.org/wiki/%E5%88%98%E7%91%BE_(%E5%88%98%E5%AE%8B),3844,754,劉瑾,宋,長沙,,王,,,83,,
895,review,,wiki_only,,no Norbert match,長沙王,南朝,南朝,長沙,,,,王,劉纂,劉纂,,,Q10900293,https://zh.wikipedia.org/wiki/%E5%8A%89%E7%BA%82_(%E5%8D%97%E6%9C%9D),,,,,,,,,,,,
896,update_nt,,matched,D,Norbert row incomplete,長沙王,南朝,南朝,長沙,,威,,王,蕭晃,蕭晃,481,490,,https://zh.wikipedia.org/wiki/%E8%90%A7%E6%99%83,8498,1748,蕭晃,齊,長沙,威,王,,,84,,
897,link,,matched,D,full NT match,長沙王,南朝,南朝,長沙,,宣武,,王,蕭懿,蕭懿,,,Q10827258,https://zh.wikipedia.org/wiki/%E8%95%AD%E6%87%BF,5881,932,蕭懿,梁,長沙,宣武,王,,,85,,
898,review,,wiki_only,,no Norbert match,長沙王,南朝,南朝,長沙,,嗣,,王,蕭淵業,蕭淵業,502,526,Q130445,https://zh.wikipedia.org/wiki/%E8%95%AD%E6%B7%B5%E6%A5%AD,,,,,,,,,,,,
899,review,,wiki_only,,no Norbert match,長沙王,南朝,南朝,長沙,,,,王,,,,,,,,,,,,,,,,,,
900,link,,matched,D,full NT match,長沙王,南朝,南朝,長沙,,,,王,陳叔堅,陳叔堅,,,Q15931964,https://zh.wikipedia.org/wiki/%E9%99%88%E5%8F%94%E5%9D%9A,7275,1337,陳叔堅,陳,長沙,,王,,,88,,
901,review,,wiki_only,,no Norbert match,長沙王,明朝,明,長沙,,恭簡,,王,朱翊鋋,朱翊鋋,,,Q123329689,https://zh.wikipedia.org/wiki/%E6%9C%B1%E7%BF%8A%E9%8B%8B,,,,,,,,,,,,
902,review,,wiki_only,,no Norbert match,長沙王,明朝,明,長沙,,昭靖,,王,朱常淠,朱常淠,,,Q123329768,https://zh.wikipedia.org/wiki/%E6%9C%B1%E5%B8%B8%E6%B7%A0,,,,,,,,,,,,
903,review,,wiki_only,,no Norbert match,長沙王,明朝,明,長沙,,,,王,朱由楫,朱由楫,,,,https://zh.wikipedia.org/wiki/%E6%9C%B1%E7%94%B1%E6%A5%AB_(%E9%95%BF%E6%B2%99%E7%8E%8B),,,,,,,,,,,,
904,review,,wiki_only,,no Norbert match,長沙王,明朝,明,長沙,,,,王,朱由櫛,朱由櫛,,,,https://zh.wikipedia.org/wiki/%E6%9C%B1%E7%94%B1%E6%A0%89,,,,,,,,,,,,
905,update_nt,,matched,B,Norbert row incomplete,阜陵王,漢朝,東漢|西漢|漢,阜陵,,質,,王,劉延,劉延,41,92,Q10897488,https://zh.wikipedia.org/wiki/%E5%88%98%E5%BB%B6_(%E9%98%9C%E9%99%B5%E7%8E%8B),8586,1176,劉延,漢,阜陵,質,王,,,46,,
906,review,,wiki_only,,no Norbert match,阜陵王,漢朝,東漢|西漢|漢,阜陵,,殤,,王,劉衝,劉衝,92,94,,https://zh.wikipedia.org/wiki/%E5%88%98%E5%86%B2_(%E9%98%9C%E9%99%B5%E7%8E%8B),,,,,,,,,,,,
907,review,,wiki_only,,no Norbert match,阜陵王,漢朝,東漢|西漢|漢,阜陵,,頃,,王,劉魴,劉魴,94,124,Q10897488,https://zh.wikipedia.org/wiki/%E5%88%98%E5%BB%B6_(%E9%98%9C%E9%99%B5%E7%8E%8B),,,,,,,,,,,,
908,update_nt,,matched,D,Norbert row incomplete,阜陵王,漢朝,東漢|西漢|漢,阜陵,,懷,,王,劉恢,劉恢,124,134,,https://zh.wikipedia.org/wiki/%E5%88%98%E6%81%A2_(%E9%98%9C%E9%99%B5%E7%8E%8B),8930,1164,劉恢,漢,趙,共,王,,,43,,
909,review,,wiki_only,,no Norbert match,阜陵王,漢朝,東漢|西漢|漢,阜陵,,節,,王,劉代,劉代,134,148,Q10897488,https://zh.wikipedia.org/wiki/%E5%88%98%E5%BB%B6_(%E9%98%9C%E9%99%B5%E7%8E%8B),,,,,,,,,,,,
910,review,,wiki_only,,no Norbert match,阜陵王,漢朝,東漢|西漢|漢,阜陵,,恭,,王,劉便親,劉便親,148,161,,https://zh.wikipedia.org/wiki/%E5%88%98%E4%BE%BF%E4%BA%B2,,,,,,,,,,,,
911,review,,wiki_only,,no Norbert match,阜陵王,漢朝,東漢|西漢|漢,阜陵,,孝,,王,劉統,劉統,161,169,,https://zh.wikipedia.org/wiki/%E5%88%98%E7%B5%B1,,,,,,,,,,,,
912,review,,wiki_only,,no Norbert match,阜陵王,漢朝,東漢|西漢|漢,阜陵,,,,王,劉赫,劉赫,169,206,Q10897488,https://zh.wikipedia.org/wiki/%E5%88%98%E5%BB%B6_(%E9%98%9C%E9%99%B5%E7%8E%8B),,,,,,,,,,,,
913,review,,wiki_only,,no Norbert match,陽翟王,元朝,元,陽翟,,,,王,禿滿,禿滿,,,,https://zh.wikipedia.org/wiki/%E7%A7%83%E6%BB%A1,,,,,,,,,,,,
914,review,,wiki_only,,no Norbert match,陽翟王,元朝,元,陽翟,,,,王,曲春,曲春,,,,https://zh.wikipedia.org/wiki/%E6%9B%B2%E6%98%A5,,,,,,,,,,,,
915,review,,wiki_only,,no Norbert match,陽翟王,元朝,元,陽翟,,,,王,太平,太平,,,,https://zh.wikipedia.org/wiki/%E5%A4%AA%E5%B9%B3_(%E9%99%BD%E7%BF%9F%E7%8E%8B),,,,,,,,,,,,
916,review,,wiki_only,,no Norbert match,陽翟王,元朝,元,陽翟,,,,王,帖木兒赤,帖木兒赤,,,,https://zh.wikipedia.org/wiki/%E5%B8%96%E6%9C%A8%E5%84%BF%E8%B5%A4,,,,,,,,,,,,
917,review,,wiki_only,,no Norbert match,陽翟王,元朝,元,陽翟,,,,王,阿魯輝帖木兒,阿魯輝帖木兒,,,Q16078495,https://zh.wikipedia.org/wiki/%E9%98%BF%E9%B2%81%E8%BE%89%E5%B8%96%E6%9C%A8%E5%84%BF,,,,,,,,,,,,
918,review,,wiki_only,,no Norbert match,陽翟王,元朝,元,陽翟,,,,王,忽都魯帖木兒,忽都魯帖木兒,,,Q7072571,https://zh.wikipedia.org/wiki/%E5%BF%BD%E9%83%BD%E9%B2%81%E5%B8%96%E6%9C%A8%E5%84%BF,,,,,,,,,,,,
919,review,,wiki_only,,no Norbert match,陽翟王,元朝,元,陽翟,,,,王,揬馬哈兒,揬馬哈兒,,,,https://zh.wikipedia.org/wiki/%E6%8F%AC%E9%A9%AC%E5%93%88%E5%84%BF,,,,,,,,,,,,
920,link,,matched,D,full NT match,陳廢帝 (消歧義),,,,,,,,陳伯宗,陳伯宗,,,Q718222,https://zh.wikipedia.org/wiki/%E9%99%B3%E5%BB%A2%E5%B8%9D,4479,1326,陳伯宗,陳,陳,廢,帝,,,88,,
921,review,,wiki_only,,no Norbert match,陳廢帝 (消歧義),,,,,,,,陳廢帝 (越南),陳廢帝,,,,https://zh.wikipedia.org/wiki/%E9%99%88%E5%BA%9F%E5%B8%9D_(%E8%B6%8A%E5%8D%97),,,,,,,,,,,,
922,review,,wiki_only,,no Norbert match,陳思王,,,陳思,,,,王,東漢,東漢,,,Q1147037,https://zh.wikipedia.org/wiki/%E4%B8%9C%E6%B1%89,,,,,,,,,,,,
923,review,,wiki_only,,no Norbert match,陳思王,,,陳思,,,,王,曹魏,曹魏,,,Q320930,https://zh.wikipedia.org/wiki/%E6%9B%B9%E9%AD%8F,,,,,,,,,,,,
924,insert_nt,,person_only,E,"person in Norbert, no matching NT row",陳愍王,,,陳愍,,,,王,劉寵,劉寵,,,Q10899679,https://zh.wikipedia.org/wiki/%E5%8A%89%E5%AF%B5_(%E9%99%B3%E7%8E%8B),8878,,劉寵,,,,,,,,,
925,review,,wiki_only,,no Norbert match,陳愍王,,,陳愍,,,,王,朱聿𨧨,朱聿𨧨,,,Q17025683,https://zh.wikipedia.org/wiki/%E6%9C%B1%E8%81%BF%F0%A8%A7%A8,,,,,,,,,,,,
926,review,,wiki_only,,no Norbert match,靖南王,,,靖南,,,,王,耿仲明,耿仲明,,,Q75395,https://zh.wikipedia.org/wiki/%E8%80%BF%E4%BB%B2%E6%98%8E,,,,,,,,,,,,
927,review,,wiki_only,,no Norbert match,靖南王,,,靖南,,,,王,耿繼茂,耿繼茂,,,Q10485138,https://zh.wikipedia.org/wiki/%E8%80%BF%E7%B9%BC%E8%8C%82,,,,,,,,,,,,
928,review,,wiki_only,,no Norbert match,靖南王,,,靖南,,,,王,耿精忠,耿精忠,,,Q5533128,https://zh.wikipedia.org/wiki/%E8%80%BF%E7%B2%BE%E5%BF%A0,,,,,,,,,,,,
929,skip,,skip_section,,section:封號,靖安王,封號,,靖安,,,,王,元朝,元朝,,,Q7313,https://zh.wikipedia.org/wiki/%E5%85%83%E6%9C%9D,,,,,,,,,,,,
930,skip,,skip_section,,section:封號,靖安王,封號,,靖安,,,,王,闊不花,闊不花,,,,https://zh.wikipedia.org/wiki/%E9%98%94%E4%B8%8D%E8%8A%B1,,,,,,,,,,,,
931,skip,,skip_section,,section:封號,靖安王,封號,,靖安,,,,王,蠻蠻,蠻蠻,,,,https://zh.wikipedia.org/wiki/%E8%9B%AE%E8%9B%AE_(%E9%9D%96%E5%AE%89%E7%8E%8B),,,,,,,,,,,,
932,skip,,skip_section,,section:諡號,靖安王,諡號,,臨潼靖安,,,,王,朱誠潤,朱誠潤,,,Q11094773,https://zh.wikipedia.org/wiki/%E6%9C%B1%E8%AA%A0%E6%BD%A4,,,,,,,,,,,,
933,skip,,skip_section,,section:諡號,靖安王,諡號,,萬安靖安,,,,王,朱採𨮫,朱採𨮫,,,,https://zh.wikipedia.org/wiki/%E6%9C%B1%E6%8E%A1%F0%A8%AE%AB,,,,,,,,,,,,
934,skip,,skip_section,,section:諡號,靖安王,諡號,,棗強靖安,,,,王,朱成釨,朱成釨,,,Q123329678,https://zh.wikipedia.org/wiki/%E6%9C%B1%E6%88%90%E9%87%A8,,,,,,,,,,,,
935,skip,,skip_section,,section:諡號,靖安王,諡號,,太和靖安,,,,王,朱厚炬,朱厚炬,,,,https://zh.wikipedia.org/wiki/%E6%9C%B1%E5%8E%9A%E7%82%AC,,,,,,,,,,,,
936,skip,,skip_section,,section:諡號,靖安王,諡號,,汾西靖安,,,,王,朱安漕,朱安漕,,,Q109351416,https://zh.wikipedia.org/wiki/%E6%9C%B1%E5%AE%89%E6%BC%95,,,,,,,,,,,,
937,review,,wiki_only,,no Norbert match,靖恭王,元朝,元,靖恭,,,,王,脫鄰忽都魯,脫鄰忽都魯,,,,https://zh.wikipedia.org/wiki/%E8%84%B1%E9%82%BB%E5%BF%BD%E9%83%BD%E9%B2%81,,,,,,,,,,,,
938,skip,,skip_section,,section:諡號,靖恭王,諡號,,西河靖恭,,,,王,朱美埻,朱美埻,,,Q109418107,https://zh.wikipedia.org/wiki/%E6%9C%B1%E7%BE%8E%E5%9F%BB,,,,,,,,,,,,
939,skip,,skip_section,,section:諡號,靖恭王,諡號,,通山靖恭,,,,王,朱孟爚,朱孟爚,,,Q109343573,https://zh.wikipedia.org/wiki/%E6%9C%B1%E5%AD%9F%E7%88%9A,,,,,,,,,,,,
940,skip,,skip_section,,section:諡號,靖恭王,諡號,,安丘靖恭,,,,王,朱泰坾,朱泰坾,,,Q22829238,https://zh.wikipedia.org/wiki/%E6%9C%B1%E6%B3%B0%E5%9D%BE,,,,,,,,,,,,
941,review,,wiki_only,,no Norbert match,順寧王,明朝,明,順寧,,,,王,馬哈木,馬哈木,,,Q11340812,https://zh.wikipedia.org/wiki/%E9%A9%AC%E5%93%88%E6%9C%A8,,,,,,,,,,,,
942,review,,wiki_only,,no Norbert match,順寧王,明朝,明,順寧,,,,王,脫懽,脫懽,,,Q3530369,https://zh.wikipedia.org/wiki/%E8%84%B1%E6%87%BD,,,,,,,,,,,,
943,review,,wiki_only,,no Norbert match,高唐王,元朝,元,高唐,,,,王,闊裡吉思,闊裡吉思,,,,https://zh.wikipedia.org/wiki/%E9%97%8A%E9%87%8C%E5%90%89%E6%80%9D_(%E6%B1%AA%E5%8F%A4%E9%83%A8),,,,,,,,,,,,
944,review,,wiki_only,,no Norbert match,高唐王,元朝,元,高唐,,,,王,阿剌兀思剔吉忽裡,阿剌兀思剔吉忽裡,,,Q27920893,https://zh.wikipedia.org/wiki/%E9%98%BF%E5%89%8C%E5%85%80%E6%80%9D%E5%89%94%E5%90%89%E5%BF%BD%E9%87%8C,,,,,,,,,,,,
945,review,,wiki_only,,no Norbert match,高唐王,元朝,元,高唐,,,,王,孛要合,孛要合,,,Q45497050,https://zh.wikipedia.org/wiki/%E5%AD%9B%E8%A6%81%E5%90%88,,,,,,,,,,,,
946,review,,wiki_only,,no Norbert match,高唐王,元朝,元,高唐,,,,王,愛不花,愛不花,,,Q45534694,https://zh.wikipedia.org/wiki/%E7%88%B1%E4%B8%8D%E8%8A%B1,,,,,,,,,,,,
947,review,,wiki_only,,no Norbert match,高唐王,元朝,元,高唐,,,,王,術忽難,術忽難,,,Q45562416,https://zh.wikipedia.org/wiki/%E6%9C%AF%E5%BF%BD%E9%9A%BE,,,,,,,,,,,,
948,review,,wiki_only,,no Norbert match,高唐王,明朝,明,高唐,,,,王,朱厚煐,朱厚煐,,,Q109415020,https://zh.wikipedia.org/wiki/%E6%9C%B1%E5%8E%9A%E7%85%90,,,,,,,,,,,,
949,review,,wiki_only,,no Norbert match,高唐王,明朝,明,高唐,,,,王,朱載墀,朱載墀,,,,https://zh.wikipedia.org/wiki/%E6%9C%B1%E8%BD%BD%E5%A2%80,,,,,,,,,,,,
950,review,,wiki_only,,no Norbert match,高唐王,明朝,明,高唐,,,,王,朱厚𤐨,朱厚𤐨,,,Q109347460,https://zh.wikipedia.org/wiki/%E6%9C%B1%E5%8E%9A%F0%A4%90%A8,,,,,,,,,,,,
951,review,,wiki_only,,no Norbert match,高唐王,明朝,明,高唐,,,,王,朱翊鑲,朱翊鑲,,,,https://zh.wikipedia.org/wiki/%E6%9C%B1%E7%BF%8A%E9%95%B6,,,,,,,,,,,,
952,review,,wiki_only,,no Norbert match,高唐王,明朝,明,高唐,,,,王,朱常澤,朱常澤,,,,https://zh.wikipedia.org/wiki/%E6%9C%B1%E5%B8%B8%E6%B3%BD,,,,,,,,,,,,
953,review,,ambiguous,D,3 Norbert candidates,高密王,漢朝,東漢|西漢|漢,高密,,哀,,王,劉弘,劉弘,,,,https://zh.wikipedia.org/wiki/%E5%88%98%E5%BC%98_(%E9%AB%98%E5%AF%86%E7%8E%8B),4841,1041,劉弘,漢,武陶,孝,侯,,,43,,
954,review,,ambiguous,D,11 Norbert candidates,高密王,漢朝,東漢|西漢|漢,高密,,頃,,王,劉章,劉章,,,Q18605614,https://zh.wikipedia.org/wiki/%E5%8A%89%E5%BC%98_(%E9%AB%98%E5%AF%86%E7%8E%8B),4856,1035,劉章,漢,抑裴,,侯,,,43,,
955,review,,ambiguous,D,7 Norbert candidates,高密王,漢朝,東漢|西漢|漢,高密,,懷,,王,劉寬,劉寬,,,Q18605614,https://zh.wikipedia.org/wiki/%E5%8A%89%E5%BC%98_(%E9%AB%98%E5%AF%86%E7%8E%8B),4878,1029,劉寬,漢,漳北,,侯,,,43,,
956,review,,wiki_only,,no Norbert match,高密王,漢朝,東漢|西漢|漢,高密,,,,王,劉慎,劉慎,20,9,Q18605614,https://zh.wikipedia.org/wiki/%E5%8A%89%E5%BC%98_(%E9%AB%98%E5%AF%86%E7%8E%8B),,,,,,,,,,,,
957,link,,matched,B,full NT match,高密王,晉朝,西晉|東晉|晉,高密,,文獻,,王,司馬泰,司馬泰,,,Q10916637,https://zh.wikipedia.org/wiki/%E5%8F%B8%E9%A6%AC%E6%B3%B0,8791,857,司馬泰,晉,高密,文獻,王,,,51,,
958,link,,matched,D,full NT match,高密王,晉朝,西晉|東晉|晉,高密,,孝,,王,司馬略,司馬略,,,Q51915082,https://zh.wikipedia.org/wiki/%E5%8F%B8%E9%A9%AC%E7%95%A5,8802,817,司馬略,晉,,孝,王,,,51,,
959,review,,wiki_only,,no Norbert match,高密王,晉朝,西晉|東晉|晉,高密,,,,王,司馬據,司馬據,,,Q110109564,https://zh.wikipedia.org/wiki/%E5%8F%B8%E9%A6%AC%E6%93%9A,,,,,,,,,,,,
960,insert_nt,,person_only,E,"person in Norbert, no matching NT row",高密王,晉朝,西晉|東晉|晉,高密,,,,王,司馬紘,司馬紘,,,Q16904712,https://zh.wikipedia.org/wiki/%E5%8F%B8%E9%A9%AC%E7%BA%AE,8809,,司馬紘,,,,,,,,,
961,insert_nt,,person_only,E,"person in Norbert, no matching NT row",高密王,晉朝,西晉|東晉|晉,高密,,恭,,王,司馬俊,司馬俊,,,Q22813343,https://zh.wikipedia.org/wiki/%E5%8F%B8%E9%A9%AC%E4%BF%8A,8760,,司馬俊,,,,,,,,,
962,link,,matched,B,full NT match,高密王,晉朝,西晉|東晉|晉,高密,,敬,,王,司馬純之,司馬純之,,,Q110109566,https://zh.wikipedia.org/wiki/%E5%8F%B8%E9%A6%AC%E7%B4%94%E4%B9%8B,1162,872,司馬純之,晉,高密,敬,王,,,51,,
963,insert_nt,,person_only,E,"person in Norbert, no matching NT row",高密王,晉朝,西晉|東晉|晉,高密,,,,王,司馬恢之,司馬恢之,,,,https://zh.wikipedia.org/wiki/%E5%8F%B8%E9%A6%AC%E6%81%A2%E4%B9%8B_(%E9%AB%98%E5%AF%86%E7%8E%8B),8776,,司馬恢之,,,,,,,,,
964,review,,wiki_only,,no Norbert match,高昌王,南北朝到唐朝,南北朝到唐朝,高昌,,,,王,闞氏高昌,闞氏高昌,,,,https://zh.wikipedia.org/wiki/%E9%98%9A%E6%B0%8F%E9%AB%98%E6%98%8C,,,,,,,,,,,,
965,review,,wiki_only,,no Norbert match,高昌王,南北朝到唐朝,南北朝到唐朝,高昌,,,,王,張孟明,張孟明,,,Q11066777,https://zh.wikipedia.org/wiki/%E5%BC%A0%E5%AD%9F%E6%98%8E,,,,,,,,,,,,
966,review,,wiki_only,,no Norbert match,高昌王,南北朝到唐朝,南北朝到唐朝,高昌,,,,王,馬儒,馬儒,,,Q11667815,https://zh.wikipedia.org/wiki/%E9%A6%AC%E5%84%92,,,,,,,,,,,,
967,review,,wiki_only,,no Norbert match,高昌王,南北朝到唐朝,南北朝到唐朝,高昌,,,,王,麴氏高昌,麴氏高昌,,,,https://zh.wikipedia.org/wiki/%E9%BA%B9%E6%B0%8F%E9%AB%98%E6%98%8C,,,,,,,,,,,,
968,review,,wiki_only,,no Norbert match,高昌王,元朝,元,高昌,,,,王,巴而術阿而忒的斤,巴而術阿而忒的斤,,,Q4873576,https://zh.wikipedia.org/wiki/%E5%B7%B4%E8%80%8C%E6%9C%AE%C2%B7%E9%98%BF%E8%80%8C%E5%BF%92%C2%B7%E7%9A%84%E6%96%A4,,,,,,,,,,,,
969,review,,wiki_only,,no Norbert match,高昌王,元朝,元,高昌,,,,王,火赤哈兒的斤,火赤哈兒的斤,,,Q16903316,https://zh.wikipedia.org/wiki/%E7%81%AB%E8%B5%A4%E5%93%88%E5%84%BF%C2%B7%E7%9A%84%E6%96%A4,,,,,,,,,,,,
970,review,,wiki_only,,no Norbert match,高昌王,元朝,元,高昌,,,,王,雪雪的斤,雪雪的斤,,,Q18119420,https://zh.wikipedia.org/wiki/%E9%9B%AA%E9%9B%AA%C2%B7%E7%9A%84%E6%96%A4,,,,,,,,,,,,
971,review,,wiki_only,,no Norbert match,高昌王,元朝,元,高昌,,,,王,紐林的斤,紐林的斤,,,Q16903764,https://zh.wikipedia.org/wiki/%E7%B4%90%E6%9E%97%C2%B7%E7%9A%84%E6%96%A4,,,,,,,,,,,,
972,review,,wiki_only,,no Norbert match,高昌王,元朝,元,高昌,,,,王,帖睦兒普化,帖睦兒普化,,,Q11060056,https://zh.wikipedia.org/wiki/%E5%B8%96%E7%9D%A6%E7%88%BE%E6%99%AE%E5%8C%96,,,,,,,,,,,,
973,review,,wiki_only,,no Norbert match,高昌王,元朝,元,高昌,,,,王,籛吉,籛吉,,,Q16903806,https://zh.wikipedia.org/wiki/%E7%B1%9B%E5%90%89,,,,,,,,,,,,
974,review,,wiki_only,,no Norbert match,高昌王,元朝,元,高昌,,,,王,太平奴,太平奴,,,Q10941319,https://zh.wikipedia.org/wiki/%E5%A4%AA%E5%B9%B3%E5%A5%B4,,,,,,,,,,,,
975,review,,wiki_only,,no Norbert match,高昌王,元朝,元,高昌,,,,王,不答失裡,不答失裡,,,Q18110403,https://zh.wikipedia.org/wiki/%E4%B8%8D%E7%AD%94%E5%A4%B1%E9%87%8C,,,,,,,,,,,,
976,review,,wiki_only,,no Norbert match,高昌王,元朝,元,高昌,,,,王,月魯帖木兒,月魯帖木兒,,,Q17987121,https://zh.wikipedia.org/wiki/%E6%9C%88%E9%B2%81%E5%B8%96%E6%9C%A8%E5%84%BF,,,,,,,,,,,,
977,review,,wiki_only,,no Norbert match,高昌王,元朝,元,高昌,,,,王,桑哥,桑哥,,,Q2270961,https://zh.wikipedia.org/wiki/%E6%A1%91%E5%93%A5,,,,,,,,,,,,
978,review,,wiki_only,,no Norbert match,高昌王,元朝,元,高昌,,,,王,月魯哥,月魯哥,,,Q18112139,https://zh.wikipedia.org/wiki/%E6%9C%88%E9%B2%81%E5%93%A5,,,,,,,,,,,,
979,link,,matched,D,full NT match,魏世祖,,,,,,,,曹丕,曹丕,,,Q313333,https://zh.wikipedia.org/wiki/%E6%9B%B9%E4%B8%95,4113,1518,曹丕,魏,魏,文,帝,,,48,,
980,review,,wiki_only,,no Norbert match,魏世祖,,,,,,,,魏世祖,魏世祖,,,Q1194963,https://zh.wikipedia.org/wiki/%E9%AD%8F%E5%A4%AA%E6%AD%A6%E5%B8%9D,,,,,,,,,,,,
981,link,,matched,D,full NT match,魏元帝,,,魏元,,,,帝,曹奐,曹奐,,,Q470091,https://zh.wikipedia.org/wiki/%E6%9B%B9%E5%A5%82,3659,1519,曹奐,魏,魏,元,帝,,,48,,
982,review,,wiki_only,,no Norbert match,魏元帝,,,魏元,,,,帝,冉隆,冉隆,,,Q10894871,https://zh.wikipedia.org/wiki/%E5%86%89%E9%9A%86,,,,,,,,,,,,
983,review,,wiki_only,,no Norbert match,魏元帝,,,魏元,,,,帝,拓跋俟,拓跋俟,,,Q11077185,https://zh.wikipedia.org/wiki/%E6%8B%93%E8%B7%8B%E4%BF%9F,,,,,,,,,,,,
984,link,,matched,D,full NT match,魏烈祖,,,,,,,,曹叡,曹叡,,,Q378470,https://zh.wikipedia.org/wiki/%E6%9B%B9%E5%8F%A1,263,1520,曹叡,魏,魏,明,帝,,,48,,
985,review,,wiki_only,,no Norbert match,魏烈祖,,,,,,,,冉瞻,冉瞻,,,Q10894869,https://zh.wikipedia.org/wiki/%E5%86%89%E7%9E%BB,,,,,,,,,,,,
986,review,,wiki_only,,no Norbert match,魏烈祖,,,,,,,,魏道武帝,魏道武帝,,,Q1149178,https://zh.wikipedia.org/wiki/%E9%AD%8F%E9%81%93%E6%AD%A6%E5%B8%9D,,,,,,,,,,,,
987,insert_nt,,person_only,E,"person in Norbert, no matching NT row",魏高帝,,,魏高,,,,帝,曹騰,曹騰,,,Q706927,https://zh.wikipedia.org/wiki/%E6%9B%B9%E9%A8%B0,648,,曹騰,,,,,,,,,
988,review,,wiki_only,,no Norbert match,魏高帝,,,魏高,,,,帝,冉瞻,冉瞻,,,Q10894869,https://zh.wikipedia.org/wiki/%E5%86%89%E7%9E%BB,,,,,,,,,,,,
989,review,,wiki_only,,no Norbert match,魯孝王,,,魯孝,,,,王,劉慶忌,劉慶忌,,,,https://zh.wikipedia.org/wiki/%E5%8A%89%E6%85%B6%E5%BF%8C,,,,,,,,,,,,
990,review,,wiki_only,,no Norbert match,魯孝王,,,魯孝,,,,王,朱以派,朱以派,,,Q11093562,https://zh.wikipedia.org/wiki/%E6%9C%B1%E4%BB%A5%E6%B4%BE,,,,,,,,,,,,
991,review,,wiki_only,,no Norbert match,魯安王,,,魯安,,,,王,劉光 (魯王),劉光,,,Q17487434,https://zh.wikipedia.org/wiki/%E5%8A%89%E5%85%89_(%E9%AD%AF%E7%8E%8B),,,,,,,,,,,,
992,review,,wiki_only,,no Norbert match,魯安王,,,魯安,,,,王,朱以派,朱以派,,,Q11093562,https://zh.wikipedia.org/wiki/%E6%9C%B1%E4%BB%A5%E6%B4%BE,,,,,,,,,,,,
993,link,,matched,D,full NT match,魯恭王,,,魯恭,,,,王,劉餘,劉餘,,,Q5975475,https://zh.wikipedia.org/wiki/%E5%8A%89%E9%A4%98,6097,1166,劉餘,漢,魯,恭,王,,,43,,
994,review,,wiki_only,,no Norbert match,魯恭王,,,魯恭,,,,王,朱頤坦,朱頤坦,,,Q11094941,https://zh.wikipedia.org/wiki/%E6%9C%B1%E9%A0%A4%E5%9D%A6,,,,,,,,,,,,
995,review,,wiki_only,,no Norbert match,魯悼王,,,魯悼,,,,王,朱允熞,朱允熞,,,Q11093599,https://zh.wikipedia.org/wiki/%E6%9C%B1%E5%85%81%E7%86%9E,,,,,,,,,,,,
996,review,,wiki_only,,no Norbert match,魯悼王,,,魯悼,,,,王,朱健杙,朱健杙,,,Q11093594,https://zh.wikipedia.org/wiki/%E6%9C%B1%E5%81%A5%E6%9D%99,,,,,,,,,,,,
997,review,,wiki_only,,no Norbert match,魯文公 (消歧義),,,,,,,,魯文公,魯文公,,,Q626363,https://zh.wikipedia.org/wiki/%E9%AD%AF%E6%96%87%E5%85%AC,,,,,,,,,,,,
998,skip,,duplicate,,duplicate,魯文公 (消歧義),,,,,,,,魯文公,魯文公,,,Q890096,https://zh.wikipedia.org/wiki/%E9%AD%AF%E7%B7%A1%E5%85%AC,,,,,,,,,,,,
999,review,,wiki_only,,no Norbert match,黎中宗 (消歧義),,,,,,,,黎龍鉞,黎龍鉞,,,Q1317986,https://zh.wikipedia.org/wiki/%E9%BB%8E%E9%BE%8D%E9%89%9E,,,,,,,,,,,,
1000,review,,wiki_only,,no Norbert match,黎中宗 (消歧義),,,,,,,,黎中宗,黎中宗,,,Q1033822,https://zh.wikipedia.org/wiki/%E9%BB%8E%E4%B8%AD%E5%AE%97,,,,,,,,,,,,
1001,link,,matched,D,full NT match,齊太祖,,,,,,,,蕭道成,蕭道成,,,Q1194981,https://zh.wikipedia.org/wiki/%E8%95%AD%E9%81%93%E6%88%90,7605,1684,蕭道成,齊,齊,高,帝,,,84,,
1002,review,,ambiguous,D,3 Norbert candidates,齊太祖,,,,,,,,高歡,高歡,,,Q718249,https://zh.wikipedia.org/wiki/%E9%AB%98%E6%AC%A2,4518,1867,高歡,魏,齊,獻武,王,,,92,,
1003,review,,wiki_only,,no Norbert match,齊煬王,,,齊煬,,,,王,東漢,東漢,,,Q1147037,https://zh.wikipedia.org/wiki/%E4%B8%9C%E6%B1%89,,,,,,,,,,,,
1004,review,,wiki_only,,no Norbert match,齊煬王,,,齊煬,,,,王,北周,北周,,,Q551067,https://zh.wikipedia.org/wiki/%E5%8C%97%E5%91%A8,,,,,,,,,,,,
1005,review,,wiki_only,,no Norbert match,齊莊公,,,齊莊,,,,公,齊莊公 (購),齊莊公,,,Q855660,https://zh.wikipedia.org/wiki/%E9%BD%8A%E8%8E%8A%E5%85%AC_(%E6%98%A5%E7%A7%8B%E5%89%8D%E6%9C%9F),,,,,,,,,,,,
1006,skip,,duplicate,,duplicate,齊莊公,,,齊莊,,,,公,齊莊公 (光),齊莊公,,,Q709690,https://zh.wikipedia.org/wiki/%E9%BD%8A%E8%8E%8A%E5%85%AC_(%E6%98%A5%E7%A7%8B%E5%BE%8C%E6%9C%9F),,,,,,,,,,,,
