KR_ID,CUSTOM_ID,title,KR_ID_source,CBETA_ID,DZID
KR6a0001,T01n0001,T01n0001 長阿含經,catalog,T01n0001,
KR6a0002,T01n0002,T01n0002 七佛經,catalog,T01n0002,
KR6a0003,T01n0003,T01n0003 毘婆尸佛經,catalog,T01n0003,
KR6a0004,T01n0004,T01n0004 七佛父母姓字經,catalog,T01n0004,
KR6a0005,T01n0005,T01n0005 佛般泥A經,catalog,T01n0005,
KR6a0006,T01n0006,T01n0006 般泥A經,catalog,T01n0006,
KR6a0007,T01n0007,T01n0007 大般涅槃經,catalog,T01n0007,
KR6a0008,T01n0008,T01n0008 大堅固婆羅門縁起經,catalog,T01n0008,
KR6a0009,T01n0009,T01n0009 人仙經,catalog,T01n0009,
KR6a0010,T01n0010,T01n0010 白衣金幢二婆羅門縁起經,catalog,T01n0010,
KR6a0011,T01n0011,T01n0011 尼拘陀梵志經,catalog,T01n0011,
KR6a0012,T01n0012,T01n0012 大集法門經,catalog,T01n0012,
KR6a0013,T01n0013,T01n0013 長阿含十報法經,catalog,T01n0013,
KR6a0014,T01n0014,T01n0014 人本欲生經,catalog,T01n0014,
KR6a0015,T01n0015,T01n0015 帝釋所問經,catalog,T01n0015,
KR6a0016,T01n0016,T01n0016 尸迦羅越六方禮經,catalog,T01n0016,
KR6a0017,T01n0017,T01n0017 善生子經,catalog,T01n0017,
KR6a0018,T01n0018,T01n0018 信佛功徳經,catalog,T01n0018,
KR6a0019,T01n0019,T01n0019 大三摩惹經,catalog,T01n0019,
KR6a0020,T01n0020,T01n0020 佛開解梵志阿L經,catalog,T01n0020,
KR6a0021,T01n0021,T01n0021 梵網六十二見經,catalog,T01n0021,
KR6a0022,T01n0022,T01n0022 寂志果經,catalog,T01n0022,
KR6a0023,T01n0023,T01n0023 大樓炭經,catalog,T01n0023,
KR6a0024,T01n0024,T01n0024 起世經,catalog,T01n0024,
KR6a0025,T01n0025,T01n0025 起世因本經,catalog,T01n0025,
KR6a0026,T01n0026,T01n0026 中阿含經,catalog,T01n0026,
KR6a0027,T01n0027,T01n0027 七智經,catalog,T01n0027,
KR6a0028,T01n0028,T01n0028 園生樹經,catalog,T01n0028,
KR6a0029,T01n0029,T01n0029 鹹水喩經,catalog,T01n0029,
KR6a0030,T01n0030,T01n0030 薩鉢多酥哩踰捺野經,catalog,T01n0030,
KR6a0031,T01n0031,T01n0031 一切流攝守因經,catalog,T01n0031,
KR6a0032,T01n0032,T01n0032 四諦經,catalog,T01n0032,
KR6a0033,T01n0033,T01n0033 恒水經,catalog,T01n0033,
KR6a0034,T01n0034,T01n0034 法海經,catalog,T01n0034,
KR6a0035,T01n0035,T01n0035 海八徳經,catalog,T01n0035,
KR6a0036,T01n0036,T01n0036 本相倚致經,catalog,T01n0036,
KR6a0037,T01n0037,T01n0037 縁本致經,catalog,T01n0037,
KR6a0038,T01n0038,T01n0038 輪王七寶經,catalog,T01n0038,
KR6a0039,T01n0039,T01n0039 頂生王故事經,catalog,T01n0039,
KR6a0040,T01n0040,T01n0040 文拏竭王經,catalog,T01n0040,
KR6a0041,T01n0041,T01n0041 頻婆娑羅王經,catalog,T01n0041,
KR6a0042,T01n0042,T01n0042 鐵城泥犁經,catalog,T01n0042,
KR6a0043,T01n0043,T01n0043 閻羅王五天使者經,catalog,T01n0043,
KR6a0044,T01n0044,T01n0044 古來世時經,catalog,T01n0044,
KR6a0045,T01n0045,T01n0045 大正句王經,catalog,T01n0045,
KR6a0046,T01n0046,T01n0046 阿那律八念經,catalog,T01n0046,
KR6a0047,T01n0047,T01n0047 離睡經,catalog,T01n0047,
KR6a0048,T01n0048,T01n0048 是法非法經,catalog,T01n0048,
KR6a0049,T01n0049,T01n0049 求欲經,catalog,T01n0049,
KR6a0050,T01n0050,T01n0050 受歳經,catalog,T01n0050,
KR6a0051,T01n0051,T01n0051 梵志計水淨經,catalog,T01n0051,
KR6a0052,T01n0052,T01n0052 大生義經,catalog,T01n0052,
KR6a0053,T01n0053,T01n0053 苦陰經,catalog,T01n0053,
KR6a0054,T01n0054,T01n0054 釋摩男本四子經,catalog,T01n0054,
KR6a0055,T01n0055,T01n0055 苦陰因事經,catalog,T01n0055,
KR6a0056,T01n0056,T01n0056 樂想經,catalog,T01n0056,
KR6a0057,T01n0057,T01n0057 漏分布經,catalog,T01n0057,
KR6a0058,T01n0058,T01n0058 阿耨風經,catalog,T01n0058,
KR6a0059,T01n0059,T01n0059 諸法本經,catalog,T01n0059,
KR6a0060,T01n0060,T01n0060 瞿曇彌記果經,catalog,T01n0060,
KR6a0061,T01n0061,T01n0061 受新歳經,catalog,T01n0061,
KR6a0062,T01n0062,T01n0062 新歳經,catalog,T01n0062,
KR6a0063,T01n0063,T01n0063 解夏經,catalog,T01n0063,
KR6a0064,T01n0064,T01n0064 瞻婆比丘經,catalog,T01n0064,
KR6a0065,T01n0065,T01n0065 伏婬經,catalog,T01n0065,
KR6a0066,T01n0066,T01n0066 魔B亂經,catalog,T01n0066,
KR6a0067,T01n0067,T01n0067 弊魔試目連經,catalog,T01n0067,
KR6a0068,T01n0068,T01n0068 頼C和羅經,catalog,T01n0068,
KR6a0069,T01n0069,T01n0069 護國經,catalog,T01n0069,
KR6a0070,T01n0070,T01n0070 數經,catalog,T01n0070,
KR6a0071,T01n0071,T01n0071 梵志D波羅延問種尊經,catalog,T01n0071,
KR6a0072,T01n0072,T01n0072 三歸五戎慈心厭離功徳經,catalog,T01n0072,
KR6a0073,T01n0073,T01n0073 須達經,catalog,T01n0073,
KR6a0074,T01n0074,T01n0074 長者施報經,catalog,T01n0074,
KR6a0075,T01n0075,T01n0075 佛爲黄竹園老婆羅門説學經,catalog,T01n0075,
KR6a0076,T01n0076,T01n0076 梵摩渝經,catalog,T01n0076,
KR6a0077,T01n0077,T01n0077 尊上經,catalog,T01n0077,
KR6a0078,T01n0078,T01n0078 兜調經,catalog,T01n0078,
KR6a0079,T01n0079,T01n0079 鸚鵡經,catalog,T01n0079,
KR6a0080,T01n0080,T01n0080 佛爲首伽長者説業報差別經,catalog,T01n0080,
KR6a0081,T01n0081,T01n0081 分別善惡報應經,catalog,T01n0081,
KR6a0082,T01n0082,T01n0082 意經,catalog,T01n0082,
KR6a0083,T01n0083,T01n0083 應法經,catalog,T01n0083,
KR6a0084,T01n0084,T01n0084 分別布施經,catalog,T01n0084,
KR6a0085,T01n0085,T01n0085 息諍因縁經,catalog,T01n0085,
KR6a0086,T01n0086,T01n0086 泥犁經,catalog,T01n0086,
KR6a0087,T01n0087,T01n0087 齋經,catalog,T01n0087,
KR6a0088,T01n0088,T01n0088 優婆夷墮舍迦經,catalog,T01n0088,
KR6a0089,T01n0089,T01n0089 八關齋經,catalog,T01n0089,
KR6a0090,T01n0090,T01n0090 E摩肅經,catalog,T01n0090,
KR6a0091,T01n0091,T01n0091 婆羅門子命終愛念不離經,catalog,T01n0091,
KR6a0092,T01n0092,T01n0092 十支居士八城人經,catalog,T01n0092,
KR6a0093,T01n0093,T01n0093 邪見經,catalog,T01n0093,
KR6a0094,T01n0094,T01n0094 箭喩經,catalog,T01n0094,
KR6a0095,T01n0095,T01n0095 蟻喩經,catalog,T01n0095,
KR6a0096,T01n0096,T01n0096 治意經,catalog,T01n0096,
KR6a0097,T01n0097,T01n0097 廣義法門經,catalog,T01n0097,
KR6a0098,T01n0098,T01n0098 普法義經,catalog,T01n0098,
KR6a0099,T02n0099,T02n0099 雜阿含經,catalog,T02n0099,
KR6a0100,T02n0100,T02n0100 別譯雜阿含經,catalog,T02n0100,
KR6a0101,T02n0101,T02n0101 雜阿含經,catalog,T02n0101,
KR6a0102,T02n0102,T02n0102 五蘊皆空經,catalog,T02n0102,
KR6a0103,T02n0103,T02n0103 聖法印經,catalog,T02n0103,
KR6a0104,T02n0104,T02n0104 法印經,catalog,T02n0104,
KR6a0105,T02n0105,T02n0105 五陰譬喩經,catalog,T02n0105,
KR6a0106,T02n0106,T02n0106 水沫所漂經,catalog,T02n0106,
KR6a0107,T02n0107,T02n0107 不自守意經,catalog,T02n0107,
KR6a0108,T02n0108,T02n0108 滿願子經,catalog,T02n0108,
KR6a0109,T02n0109,T02n0109 轉法輪經,catalog,T02n0109,
KR6a0110,T02n0110,T02n0110 三轉法輪經,catalog,T02n0110,
KR6a0111,T02n0111,T02n0111 相應相可經,catalog,T02n0111,
KR6a0112,T02n0112,T02n0112 八正道經,catalog,T02n0112,
KR6a0113,T02n0113,T02n0113 難提釋經,catalog,T02n0113,
KR6a0114,T02n0114,T02n0114 馬有三相經,catalog,T02n0114,
KR6a0115,T02n0115,T02n0115 馬有八態譬人經,catalog,T02n0115,
KR6a0116,T02n0116,T02n0116 戒徳香經,catalog,T02n0116,
KR6a0117,T02n0117,T02n0117 戒香經,catalog,T02n0117,
KR6a0118,T02n0118,T02n0118 鴦崛摩經,catalog,T02n0118,
KR6a0119,T02n0119,T02n0119 鴦崛髻經,catalog,T02n0119,
KR6a0120,T02n0120,T02n0120 央掘魔羅經,catalog,T02n0120,
KR6a0121,T02n0121,T02n0121 月喩經,catalog,T02n0121,
KR6a0122,T02n0122,T02n0122 波斯匿王太后崩麈土F身經,catalog,T02n0122,
KR6a0123,T02n0123,T02n0123 放牛經,catalog,T02n0123,
KR6a0124,T02n0124,T02n0124 縁起經,catalog,T02n0124,
KR6a0126,T02n0125,T02n0125 増一阿含經,catalog,T02n0125,
KR6a0127,T02n0126,T02n0126 阿羅漢具徳經,catalog,T02n0126,
KR6a0128,T02n0127,T02n0127 四人出現世間經,catalog,T02n0127,
KR6a0129,T02n0128,T02n0128 須摩提女經,kanripo_CBETA_ID,T02n0128,
KR6a0131,T02n0129,T02n0129 三摩竭經,catalog,T02n0129,
KR6a0132,T02n0130,T02n0130 給狐長者女得度因縁經,catalog,T02n0130,
KR6a0133,T02n0131,T02n0131 婆羅門避死經,catalog,T02n0131,
KR6a0134,T02n0132,T02n0132 食施獲五福報經,kanripo_CBETA_ID,T02n0132,
KR6a0136,T02n0133,T02n0133 頻毘娑羅王詣佛供養經,catalog,T02n0133,
KR6a0137,T02n0134,T02n0134 長者子六過出家經,catalog,T02n0134,
KR6a0138,T02n0135,T02n0135 力士移山經,catalog,T02n0135,
KR6a0139,T02n0136,T02n0136 四未曾有法經,catalog,T02n0136,
KR6a0140,T02n0137,T02n0137 舍利弗摩訶目連遊四衢經,catalog,T02n0137,
KR6a0141,T02n0138,T02n0138 十一想思念如來經,catalog,T02n0138,
KR6a0142,T02n0139,T02n0139 四泥梨經,catalog,T02n0139,
KR6a0143,T02n0140,T02n0140 阿那G邸化七子經,catalog,T02n0140,
KR6a0144,T02n0141,T02n0141 阿H達經,catalog,T02n0141,
KR6a0145,T02n0142,T02n0142 玉耶女經,kanripo_CBETA_ID,T02n0142,
KR6a0147,T02n0143,T02n0143 玉耶經,catalog,T02n0143,
KR6a0148,T02n0144,T02n0144 大愛道般泥A經,catalog,T02n0144,
KR6a0149,T02n0145,T02n0145 佛母般泥A經,catalog,T02n0145,
KR6a0150,T02n0146,T02n0146 舍衞國王夢見十事經,catalog,T02n0146,
KR6a0151,T02n0147,T02n0147 舍衞國王十夢經,catalog,T02n0147,
KR6a0152,T02n0148,T02n0148 國王不黎先泥十夢經,catalog,T02n0148,
KR6a0153,T02n0149,T02n0149 阿難同學經,catalog,T02n0149,
KR6a0154,T02n0150,T02n0150A 七處三觀經,catalog,T02n0150,
KR6a0155,T02n0150,T02n0150B 九横經,catalog,T02n0150,
KR6a0156,T02n0151,T02n0151 阿含正行經,catalog,T02n0151,
KR6b0001,T03n0152,T03n0152 六度集經,catalog,T03n0152,
KR6b0002,T03n0153,T03n0153 菩薩本縁經,catalog,T03n0153,
KR6b0003,T03n0154,T03n0154 生經,catalog,T03n0154,
KR6b0004,T03n0155,T03n0155 菩薩本行經,catalog,T03n0155,
KR6b0005,T03n0156,T03n0156 大方便佛報恩經,catalog,T03n0156,
KR6b0006,T03n0157,T03n0157 悲華經,catalog,T03n0157,
KR6b0007,T03n0158,T03n0158 大乘悲分陀利經,catalog,T03n0158,
KR6b0008,T03n0159,T03n0159 大乘本生心地觀經,catalog,T03n0159,
KR6b0012,T03n0160,T03n0160 菩薩本生鬘論,catalog,T03n0160,
KR6b0013,T03n0161,T03n0161 長壽王經,catalog,T03n0161,
KR6b0014,T03n0162,T03n0162 金色王經,catalog,T03n0162,
KR6b0015,T03n0163,T03n0163 妙色王因縁經,catalog,T03n0163,
KR6b0016,T03n0164,T03n0164 師子素駄婆王斷肉經,catalog,T03n0164,
KR6b0017,T03n0165,T03n0165 頂生王因縁經,catalog,T03n0165,
KR6b0018,T03n0166,T03n0166 月光菩薩經,catalog,T03n0166,
KR6b0019,T03n0167,T03n0167 太子慕魄經,catalog,T03n0167,
KR6b0020,T03n0168,T03n0168 太子墓魄經,catalog,T03n0168,
KR6b0021,T03n0169,T03n0169 月明菩薩經,catalog,T03n0169,
KR6b0022,T03n0170,T03n0170 徳光太子經,catalog,T03n0170,
KR6b0023,T03n0171,T03n0171 太子須大拏經,catalog,T03n0171,
KR6b0024,T03n0172,T03n0172 菩薩投身飴餓虎起塔因縁經,catalog,T03n0172,
KR6b0025,T03n0173,T03n0173 福力太子因縁經,catalog,T03n0173,
KR6b0026,T03n0174,T03n0174 菩薩I子經,catalog,T03n0174,
KR6b0027,T03n0175,T03n0175 I子經,kanripo_CBETA_ID,T03n0175,
KR6b0030,T03n0176,T03n0176 師子月佛本生經,catalog,T03n0176,
KR6b0031,T03n0177,T03n0177 大意經,catalog,T03n0177,
KR6b0032,T03n0178,T03n0178 前世三轉經,catalog,T03n0178,
KR6b0033,T03n0179,T03n0179 銀色女經,catalog,T03n0179,
KR6b0034,T03n0180,T03n0180 過去世佛分衞經,catalog,T03n0180,
KR6b0035,T03n0181,T03n0181 九色鹿經,kanripo_CBETA_ID,T03n0181,
KR6b0037,T03n0182,T03n0182 鹿母經,kanripo_CBETA_ID,T03n0182,
KR6b0039,T03n0183,T03n0183 一切智光明仙人慈心因縁不食肉經,catalog,T03n0183,
KR6b0040,T03n0184,T03n0184 修行本起經,catalog,T03n0184,
KR6b0041,T03n0185,T03n0185 太子瑞應本起經,catalog,T03n0185,
KR6b0042,T03n0186,T03n0186 普曜經,catalog,T03n0186,
KR6b0043,T03n0187,T03n0187 方廣大莊嚴經,catalog,T03n0187,
KR6b0044,T03n0188,T03n0188 異出菩薩本起經,catalog,T03n0188,
KR6b0045,T03n0189,T03n0189 過去現在因果經,catalog,T03n0189,
KR6b0047,T03n0190,T03n0190 佛本行集經,catalog,T03n0190,
KR6b0048,T03n0191,T03n0191 衆許摩訶帝經,catalog,T03n0191,
KR6b0049,T04n0192,T04n0192 佛所行讚,catalog,T04n0192,
KR6b0050,T04n0193,T04n0193 佛本行經,catalog,T04n0193,
KR6b0051,T04n0194,T04n0194 僧伽羅刹所集經,catalog,T04n0194,
KR6b0052,T04n0195,T04n0195 十二遊經,catalog,T04n0195,
KR6b0053,T04n0196,T04n0196 中本起經,catalog,T04n0196,
KR6b0054,T04n0197,T04n0197 興起行經,catalog,T04n0197,
KR6b0055,T04n0198,T04n0198 義足經,catalog,T04n0198,
KR6b0056,T04n0199,T04n0199 佛五百弟子自説本起經,catalog,T04n0199,
KR6b0057,T04n0200,T04n0200 撰集百縁經,catalog,T04n0200,
KR6b0058,T04n0201,T04n0201 大莊嚴論經,catalog,T04n0201,
KR6b0059,T04n0202,T04n0202 賢愚經,catalog,T04n0202,
KR6b0060,T04n0203,T04n0203 雜寶藏經,catalog,T04n0203,
KR6b0061,T04n0204,T04n0204 雜譬喩經,catalog,T04n0204,
KR6b0062,T04n0205,T04n0205 雜譬喩經,catalog,T04n0205,
KR6b0063,T04n0206,T04n0206 舊雜譬喩經,catalog,T04n0206,
KR6b0064,T04n0207,T04n0207 雜譬喩經,catalog,T04n0207,
KR6b0065,T04n0208,T04n0208 衆經撰雜譬喩,catalog,T04n0208,
KR6b0066,T04n0209,T04n0209 百喩經,catalog,T04n0209,
KR6b0067,T04n0210,T04n0210 法句經,catalog,T04n0210,
KR6b0068,T04n0211,T04n0211 法句譬喩經,catalog,T04n0211,
KR6b0069,T04n0212,T04n0212 出曜經,catalog,T04n0212,
KR6b0070,T04n0213,T04n0213 法集要頌經,catalog,T04n0213,
KR6b0071,T04n0214,T04n0214 J狗經,catalog,T04n0214,
KR6b0072,T04n0215,T04n0215 羣牛譬經,catalog,T04n0215,
KR6b0073,T04n0216,T04n0216 大魚事經,catalog,T04n0216,
KR6b0074,T04n0217,T04n0217 譬喩經,catalog,T04n0217,
KR6b0075,T04n0218,T04n0218 灌頂王喩經,catalog,T04n0218,
KR6b0076,T04n0219,T04n0219 醫喩經,catalog,T04n0219,
KR6c0001,T05n0220,T05n0220 大般若波羅蜜多經,catalog,T05n0220,
KR6c0002,T08n0221,T08n0221 放光般若經,catalog,T08n0221,
KR6c0003,T08n0222,T08n0222 光讚經,catalog,T08n0222,
KR6c0004,T08n0223,T08n0223 摩訶般若波羅蜜經,catalog,T08n0223,
KR6c0010,T08n0224,T08n0224 道行般若經,catalog,T08n0224,
KR6c0011,T08n0225,T08n0225 大明度經,catalog,T08n0225,
KR6c0012,T08n0226,T08n0226 摩訶般若鈔經,catalog,T08n0226,
KR6c0013,T08n0227,T08n0227 小品般若波羅蜜經,catalog,T08n0227,
KR6c0014,T08n0228,T08n0228 佛母出生三法藏般若波羅蜜多經,catalog,T08n0228,
KR6c0015,T08n0229,T08n0229 佛母寶徳藏般若波羅蜜經,catalog,T08n0229,
KR6c0219,T08n0230,T08n0230 聖八千頌般若波羅蜜多一百八名眞實圓義陀羅尼經,catalog,T08n0230,
KR6c0019,T08n0231,T08n0231 勝天王般若波羅蜜經,catalog,T08n0231,
KR6c0020,T08n0232,T08n0232 文殊師利所説摩訶般若波羅蜜經,catalog,T08n0232,
KR6c0021,T08n0233,T08n0233 文殊師利所説般若波羅蜜經,catalog,T08n0233,
KR6c0022,T08n0234,T08n0234 濡首菩薩無上清淨分衞經,catalog,T08n0234,
KR6c0023,T08n0235,T08n0235 金剛般若波羅蜜經,catalog,T08n0235,
KR6c0024,T08n0236,T08n0236 金剛般若波羅蜜經,kanripo_CBETA_ID,T08n0236,
KR6c0026,T08n0237,T08n0237 金剛般若波羅蜜經,catalog,T08n0237,
KR6c0027,T08n0238,T08n0238 金剛能斷般若波羅蜜經,catalog,T08n0238,
KR6c0028,T08n0239,T08n0239 能斷金剛般若波羅蜜多經,catalog,T08n0239,
KR6c0117,T08n0240,T08n0240 實相般若波羅蜜經,catalog,T08n0240,
KR6c0118,T08n0241,T08n0241 金剛頂瑜伽理趣般若經,catalog,T08n0241,
KR6c0119,T08n0242,T08n0242 遍照般若波羅蜜經,catalog,T08n0242,
KR6c0120,T08n0243,T08n0243 大樂金剛不空眞實三麼耶經,catalog,T08n0243,
KR6c0125,T08n0244,T08n0244 最上根本大樂金剛不空三昧大教王經,catalog,T08n0244,
KR6c0202,T08n0245,T08n0245 仁王般若波羅蜜經,catalog,T08n0245,
KR6c0203,T08n0246,T08n0246 仁王護國般若波羅蜜多經,catalog,T08n0246,
KR6c0220,T08n0247,T08n0247 了義般若波羅蜜多經,catalog,T08n0247,
KR6c0221,T08n0248,T08n0248 五十頌聖般若波羅蜜經,catalog,T08n0248,
KR6c0222,T08n0249,T08n0249 帝釋般若波羅蜜多心經,catalog,T08n0249,
KR6c0127,T08n0250,T08n0250 摩訶般若波羅蜜大明呪經,catalog,T08n0250,
KR6c0128,T08n0251,T08n0251 般若波羅蜜多心經,catalog,T08n0251,
KR6c0129,T08n0252,T08n0252 普遍智藏般若波羅蜜多心經,catalog,T08n0252,
KR6c0130,T08n0253,T08n0253 般若波羅蜜多心經,catalog,T08n0253,
KR6c0131,T08n0254,T08n0254 般若波羅蜜多心經,catalog,T08n0254,
KR6c0132,T08n0255,T08n0255 般若波羅蜜多心經,catalog,T08n0255,
KR6c0133,T08n0256,T08n0256 唐梵翻對字音般若波羅蜜多心經,catalog,T08n0256,
KR6c0136,T08n0257,T08n0257 聖佛母般若波羅蜜多經,catalog,T08n0257,
KR6c0223,T08n0258,T08n0258 佛母小字般若波羅蜜多經,catalog,T08n0258,
KR6c0224,T08n0259,T08n0259 觀想佛母般若波羅蜜多菩薩經,catalog,T08n0259,
KR6c0225,T08n0260,T08n0260 開覺自性般若波羅蜜多經,catalog,T08n0260,
KR6c0226,T08n0261,T08n0261 大乘理趣六波羅蜜多經,catalog,T08n0261,
KR6d0001,T09n0262,T09n0262 妙法蓮華經,catalog,T09n0262,
KR6d0002,T09n0263,T09n0263 正法華經,catalog,T09n0263,
KR6d0003,T09n0264,T09n0264 添品妙法蓮華經,catalog,T09n0264,
KR6d0004,T09n0265,T09n0265 薩曇芬陀利經,catalog,T09n0265,
KR6d0105,T09n0266,T09n0266 阿惟越致遮經,catalog,T09n0266,
KR6d0106,T09n0267,T09n0267 不退轉法輪經,catalog,T09n0267,
KR6d0107,T09n0268,T09n0268 廣愽嚴淨不退轉輪經,catalog,T09n0268,
KR6d0108,T09n0269,T09n0269 法華三昧經,catalog,T09n0269,
KR6d0109,T09n0270,T09n0270 大法皷經,catalog,T09n0270,
KR6d0110,T09n0271,T09n0271 菩薩行方便境界神通變化經,catalog,T09n0271,
KR6d0111,T09n0272,T09n0272 大薩遮尼乾子所説經,catalog,T09n0272,
KR6d0112,T09n0273,T09n0273 金剛三昧經,catalog,T09n0273,
KR6d0116,T09n0274,T09n0274 濟諸方等學經,catalog,T09n0274,
KR6d0117,T09n0275,T09n0275 大乘方廣總持經,catalog,T09n0275,
KR6d0118,T09n0276,T09n0276 無量義經,catalog,T09n0276,
KR6d0120,T09n0277,T09n0277 觀普賢菩薩行法經,catalog,T09n0277,
KR6e0001,T09n0278,T09n0278 大方廣佛華嚴經,catalog,T09n0278,
KR6e0010,T10n0279,T10n0279 大方廣佛華嚴經,catalog,T10n0279,
KR6e0028,T10n0280,T10n0280 兜沙經,catalog,T10n0280,
KR6e0029,T10n0281,T10n0281 菩薩本業經,catalog,T10n0281,
KR6e0030,T10n0282,T10n0282 諸菩薩求佛本業經,catalog,T10n0282,
KR6e0031,T10n0283,T10n0283 菩薩十住行道品,catalog,T10n0283,
KR6e0032,T10n0284,T10n0284 菩薩十住經,catalog,T10n0284,
KR6e0033,T10n0285,T10n0285 漸備一切智徳經,catalog,T10n0285,
KR6e0034,T10n0286,T10n0286 十住經,catalog,T10n0286,
KR6e0035,T10n0287,T10n0287 十地經,catalog,T10n0287,
KR6e0036,T10n0288,T10n0288 等目菩薩所問三昧經,catalog,T10n0288,
KR6e0037,T10n0289,T10n0289 顯無邊佛土功徳經,catalog,T10n0289,
KR6e0038,T10n0290,T10n0290 較量一切佛刹功徳經,catalog,T10n0290,
KR6e0039,T10n0291,T10n0291 如來興顯經,catalog,T10n0291,
KR6e0040,T10n0292,T10n0292 度世品經,catalog,T10n0292,
KR6e0041,T10n0293,T10n0293 大方廣佛華嚴經,catalog,T10n0293,
KR6e0043,T10n0294,T10n0294 羅摩伽經,catalog,T10n0294,
KR6e0044,T10n0295,T10n0295 大方廣佛華嚴經入法界品,catalog,T10n0295,
KR6e0045,T10n0296,T10n0296 文殊師利發願經,catalog,T10n0296,
KR6e0046,T10n0297,T10n0297 普賢菩薩行願讚,catalog,T10n0297,
KR6e0047,T10n0298,T10n0298 大方廣普賢所説經,catalog,T10n0298,
KR6e0048,T10n0299,T10n0299 大方廣總持寶光明經,catalog,T10n0299,
KR6e0049,T10n0300,T10n0300 大方廣佛華嚴經不思議佛境界分,catalog,T10n0300,
KR6e0050,T10n0301,T10n0301 大方廣如來不思議境界經,catalog,T10n0301,
KR6e0051,T10n0302,T10n0302 度諸佛境界智光嚴經,catalog,T10n0302,
KR6e0052,T10n0303,T10n0303 佛華嚴入如來徳智不思議境界經,catalog,T10n0303,
KR6e0053,T10n0304,T10n0304 大方廣入如來智徳不思議經,catalog,T10n0304,
KR6e0054,T10n0305,T10n0305 信力入印法門經,catalog,T10n0305,
KR6e0055,T10n0306,T10n0306 大方廣佛華嚴經修慈分,catalog,T10n0306,
KR6e0056,T10n0307,T10n0307 莊嚴菩提心經,catalog,T10n0307,
KR6e0057,T10n0308,T10n0308 大方廣菩薩十地經,catalog,T10n0308,
KR6e0058,T10n0309,T10n0309 最勝問菩薩十住除垢斷結經,catalog,T10n0309,
KR6f0001,T11n0310,T11n0310 大寶積經,catalog,T11n0310,
KR6f0002,T11n0311,T11n0311 大方廣三戒經,catalog,T11n0311,
KR6f0003,T11n0312,T11n0312 如來不思議祕密大乘經,catalog,T11n0312,
KR6f0004,T11n0313,T11n0313 阿N佛國經,catalog,T11n0313,
KR6f0005,T11n0314,T11n0314 大乘十法經,catalog,T11n0314,
KR6f0006,T11n0315,T11n0315 普門品經,kanripo_CBETA_ID,T11n0315,
KR6f0008,T11n0316,T11n0316 大乘菩薩藏正法經,catalog,T11n0316,
KR6f0009,T11n0317,T11n0317 胞胎經,catalog,T11n0317,
KR6f0010,T11n0318,T11n0318 文殊師利佛土嚴淨經,catalog,T11n0318,
KR6f0011,T11n0319,T11n0319 大聖文殊師利菩薩佛刹功徳莊嚴經,catalog,T11n0319,
KR6f0012,T11n0320,T11n0320 父子合集經,catalog,T11n0320,
KR6f0013,T12n0321,T12n0321 護國尊者所問大乘經,catalog,T12n0321,
KR6f0014,T12n0322,T12n0322 法鏡經,catalog,T12n0322,
KR6f0015,T12n0323,T12n0323 郁迦羅越問菩薩行經,catalog,T12n0323,
KR6f0016,T12n0324,T12n0324 幻士仁賢經,catalog,T12n0324,
KR6f0017,T12n0325,T12n0325 決定毘尼經,catalog,T12n0325,
KR6f0018,T12n0326,T12n0326 三十五佛名禮懴文,catalog,T12n0326,
KR6f0019,T12n0327,T12n0327 發覺淨身心經,catalog,T12n0327,
KR6f0020,T12n0328,T12n0328 須頼經,catalog,T12n0328,
KR6f0021,T12n0329,T12n0329 須頼經,catalog,T12n0329,
KR6f0022,T12n0330,T12n0330 菩薩修行經,catalog,T12n0330,
KR6f0023,T12n0331,T12n0331 無畏授所問大乘經,catalog,T12n0331,
KR6f0024,T12n0332,T12n0332 優填王經,catalog,T12n0332,
KR6f0025,T12n0333,T12n0333 大乘日子王所問經,catalog,T12n0333,
KR6f0026,T12n0334,T12n0334 須摩提菩薩經,catalog,T12n0334,
KR6f0027,T12n0335,T12n0335 須摩提菩薩經,catalog,T12n0335,
KR6f0028,T12n0336,T12n0336 須摩提經,catalog,T12n0336,
KR6f0029,T12n0337,T12n0337 阿闍貰王女阿術逹菩薩經,catalog,T12n0337,
KR6f0030,T12n0338,T12n0338 離垢施女經,catalog,T12n0338,
KR6f0031,T12n0339,T12n0339 得無垢女經,catalog,T12n0339,
KR6f0032,T12n0340,T12n0340 文殊師利所説不思議佛境界經,catalog,T12n0340,
KR6f0033,T12n0341,T12n0341 聖善住意天子所問經,catalog,T12n0341,
KR6f0034,T12n0342,T12n0342 如幻三昧經,catalog,T12n0342,
KR6f0035,T12n0343,T12n0343 太子刷護經,catalog,T12n0343,
KR6f0036,T12n0344,T12n0344 太子和休經,catalog,T12n0344,
KR6f0037,T12n0345,T12n0345 慧上菩薩問大善權經,catalog,T12n0345,
KR6f0038,T12n0346,T12n0346 大方廣善巧方便經,catalog,T12n0346,
KR6f0039,T12n0347,T12n0347 大乘顯識經,catalog,T12n0347,
KR6f0040,T12n0348,T12n0348 大乘方等要慧經,catalog,T12n0348,
KR6f0041,T12n0349,T12n0349 彌勒菩薩所問本願經,catalog,T12n0349,
KR6f0042,T12n0350,T12n0350 遺日摩尼寶經,catalog,T12n0350,
KR6f0043,T12n0351,T12n0351 摩訶衍寶嚴經,catalog,T12n0351,
KR6f0044,T12n0352,T12n0352 大迦葉問大寶積正法經,catalog,T12n0352,
KR6f0045,T12n0353,T12n0353 勝鬘師子吼一乘大方便方廣經,catalog,T12n0353,
KR6f0046,T12n0354,T12n0354 毘耶娑問經,catalog,T12n0354,
KR6f0047,T12n0355,T12n0355 入法界體性經,catalog,T12n0355,
KR6f0048,T12n0356,T12n0356 寶積三昧文殊師利菩薩問法身經,catalog,T12n0356,
KR6f0049,T12n0357,T12n0357 如來莊智慧光明入一切佛境界經,catalog,T12n0357,
KR6f0050,T12n0358,T12n0358 度一切諸佛境界智嚴經,catalog,T12n0358,
KR6f0051,T12n0359,T12n0359 大乘入諸佛境界智光明莊嚴經,catalog,T12n0359,
KR6f0060,T12n0360,T12n0360 無量壽經,catalog,T12n0360,
KR6f0061,T12n0361,T12n0361 無量清淨平等覺經,catalog,T12n0361,
KR6f0062,T12n0362,T12n0362 阿彌陀三耶三佛薩樓佛檀過度人道經,catalog,T12n0362,
KR6f0063,T12n0363,T12n0363 大乘無量壽莊嚴經,catalog,T12n0363,
KR6f0064,T12n0364,T12n0364 大阿彌陀經,catalog,T12n0364,
KR6f0071,T12n0365,T12n0365 觀無量壽佛經,catalog,T12n0365,
KR6f0082,T12n0366,T12n0366 阿彌陀經,catalog,T12n0366,
KR6f0085,T12n0367,T12n0367 稱讚淨土佛攝受經,catalog,T12n0367,
KR6f0094,T12n0368,T12n0368 抜一切業障根本得生淨土神呪,catalog,T12n0368,
KR6f0095,T12n0369,T12n0369 阿彌陀佛説呪,catalog,T12n0369,
KR6f0096,T12n0370,T12n0370 阿彌陀皷音聲王陀羅尼經,catalog,T12n0370,
KR6f0097,T12n0371,T12n0371 觀世音菩薩授記經,catalog,T12n0371,
KR6f0098,T12n0372,T12n0372 如幻三摩地無量印法門經,catalog,T12n0372,
KR6f0099,T12n0373,T12n0373 後出阿彌陀佛偈,catalog,T12n0373,
KR6g0001,T12n0374,T12n0374 大般涅槃經,catalog,T12n0374,
KR6g0003,T12n0375,T12n0375 大般涅槃經,catalog,T12n0375,
KR6g0022,T12n0376,T12n0376 大般泥A經,catalog,T12n0376,
KR6g0023,T12n0377,T12n0377 大般涅槃經後分,catalog,T12n0377,
KR6g0024,T12n0378,T12n0378 方等般泥A經,catalog,T12n0378,
KR6g0025,T12n0379,T12n0379 四童子三昧經,catalog,T12n0379,
KR6g0026,T12n0380,T12n0380 大悲經,catalog,T12n0380,
KR6g0027,T12n0381,T12n0381 等集衆徳三昧經,catalog,T12n0381,
KR6g0028,T12n0382,T12n0382 集一切福徳三昧經,catalog,T12n0382,
KR6g0029,T12n0383,T12n0383 摩訶摩耶經,catalog,T12n0383,
KR6g0030,T12n0384,T12n0384 菩薩従兜術天降神母胎説廣普經,catalog,T12n0384,
KR6g0031,T12n0385,T12n0385 中陰經,catalog,T12n0385,
KR6g0032,T12n0386,T12n0386 蓮華面經,catalog,T12n0386,
KR6g0033,T12n0387,T12n0387 大方等無想經,catalog,T12n0387,
KR6g0034,T12n0388,T12n0388 大雲無想經,catalog,T12n0388,
KR6g0043,T12n0389,T12n0389 佛埀般涅槃略説教誡經,catalog,T12n0389,
KR6g0035,T12n0390,T12n0390 佛臨涅槃記法住經,catalog,T12n0390,
KR6g0036,T12n0391,T12n0391 般泥A後灌臘經,catalog,T12n0391,
KR6g0037,T12n0392,T12n0392 佛滅度後棺斂葬送經,catalog,T12n0392,
KR6g0038,T12n0393,T12n0393 迦葉赴佛般涅槃經,catalog,T12n0393,
KR6g0039,T12n0394,T12n0394 佛入涅槃密迹金剛力士哀戀經,catalog,T12n0394,
KR6g0040,T12n0395,T12n0395 當來變經,catalog,T12n0395,
KR6g0041,T12n0396,T12n0396 法滅盡經,catalog,T12n0396,
KR6h0002,T13n0398,T13n0398 大哀經,catalog,T13n0398,
KR6h0003,T13n0399,T13n0399 寶女所問經,catalog,T13n0399,
KR6h0004,T13n0400,T13n0400 海意菩薩所問淨印法門經,catalog,T13n0400,
KR6h0005,T13n0401,T13n0401 無言童子經,catalog,T13n0401,
KR6h0006,T13n0402,T13n0402 寶星陀羅尼經,catalog,T13n0402,
KR6h0007,T13n0403,T13n0403 阿差末菩薩經,catalog,T13n0403,
KR6h0008,T13n0404,T13n0404 大集大虚空藏菩薩所問經,catalog,T13n0404,
KR6h0009,T13n0405,T13n0405 虚空藏菩薩經,catalog,T13n0405,
KR6h0010,T13n0406,T13n0406 虚空藏菩薩神呪經,catalog,T13n0406,
KR6h0011,T13n0407,T13n0407 虚空藏菩薩神呪經,catalog,T13n0407,
KR6h0012,T13n0408,T13n0408 虚空孕菩薩經,catalog,T13n0408,
KR6h0013,T13n0409,T13n0409 觀虚空藏菩薩經,catalog,T13n0409,
KR6h0014,T13n0410,T13n0410 大方廣十輪經,catalog,T13n0410,
KR6h0015,T13n0411,T13n0411 大乘大集地藏十輪經,catalog,T13n0411,
KR6h0016,T13n0412,T13n0412 地藏菩薩本願經,catalog,T13n0412,
KR6h0022,T13n0413,T13n0413 百千頌大集經地藏菩薩請問法身讚,catalog,T13n0413,
KR6h0023,T13n0414,T13n0414 菩薩念佛三昧經,catalog,T13n0414,
KR6h0024,T13n0415,T13n0415 大方等大集經菩薩念佛三昧分,catalog,T13n0415,
KR6h0025,T13n0416,T13n0416 大方等大集經賢護分,catalog,T13n0416,
KR6h0026,T13n0417,T13n0417 般舟三昧經,catalog,T13n0417,
KR6h0027,T13n0418,T13n0418 般舟三昧經,catalog,T13n0418,
KR6h0028,T13n0419,T13n0419 抜陂菩薩經,catalog,T13n0419,
KR6h0029,T13n0420,T13n0420 自在王菩薩經,catalog,T13n0420,
KR6h0030,T13n0421,T13n0421 奮迅王問經,catalog,T13n0421,
KR6h0031,T13n0422,T13n0422 大集譬喩王經,catalog,T13n0422,
KR6h0032,T13n0423,T13n0423 僧伽咤經,catalog,T13n0423,
KR6h0034,T13n0424,T13n0424 大集會正法經,catalog,T13n0424,
KR6i0001,T14n0425,T14n0425 賢刧經,catalog,T14n0425,
KR6i0002,T14n0426,T14n0426 千佛因縁經,catalog,T14n0426,
KR6i0003,T14n0427,T14n0427 八吉祥神呪經,catalog,T14n0427,
KR6i0004,T14n0428,T14n0428 八陽神呪經,catalog,T14n0428,
KR6i0005,T14n0429,T14n0429 八部佛名經,catalog,T14n0429,
KR6i0006,T14n0430,T14n0430 八吉祥經,catalog,T14n0430,
KR6i0007,T14n0431,T14n0431 八佛名號經,catalog,T14n0431,
KR6i0008,T14n0432,T14n0432 十吉祥經,catalog,T14n0432,
KR6i0009,T14n0433,T14n0433 寶網經,catalog,T14n0433,
KR6i0010,T14n0434,T14n0434 稱揚諸佛功徳經,catalog,T14n0434,
KR6i0011,T14n0435,T14n0435 滅十方冥經,catalog,T14n0435,
KR6i0012,T14n0436,T14n0436 受持七佛名號所生功徳經,catalog,T14n0436,
KR6i0013,T14n0437,T14n0437 大乘寶月童子問法經,catalog,T14n0437,
KR6i0014,T14n0438,T14n0438 大乘大方廣佛冠經,catalog,T14n0438,
KR6i0015,T14n0439,T14n0439 諸佛經,catalog,T14n0439,
KR6i0016,T14n0440,T14n0440 佛名經,catalog,T14n0440,
KR6i0017,T14n0441,T14n0441 佛名經,catalog,T14n0441,
KR6i0018,T14n0442,T14n0442 十方千五百佛名經,catalog,T14n0442,
KR6i0019,T14n0443,T14n0443 五千五百佛名神呪除障滅罪經,catalog,T14n0443,
KR6i0020,T14n0444,T14n0444 百佛經,catalog,T14n0444,
KR6i0021,T14n0445,T14n0445 不思議功徳諸佛所護念經,catalog,T14n0445,
KR6i0022,T14n0446,T14n0446 過去莊嚴刧千佛名經,kanripo_CBETA_ID,T14n0446,
KR6i0024,T14n0447,T14n0447 現在賢刧千佛名經,kanripo_CBETA_ID,T14n0447,
KR6i0026,T14n0448,T14n0448 未來星宿刧千佛名經,kanripo_CBETA_ID,T14n0448,
KR6i0047,T14n0449,T14n0449 藥師如來本願經,catalog,T14n0449,
KR6i0048,T14n0450,T14n0450 藥師琉璃光如來本願功徳經,catalog,T14n0450,
KR6i0049,T14n0451,T14n0451 藥師琉璃光七佛本願功徳經,catalog,T14n0451,
KR6i0031,T14n0452,T14n0452 觀彌勒菩薩上生兜率天經,catalog,T14n0452,
KR6i0032,T14n0453,T14n0453 彌勒下生經,catalog,T14n0453,
KR6i0033,T14n0454,T14n0454 彌勒下生成佛經,catalog,T14n0454,
KR6i0034,T14n0455,T14n0455 彌勒下生成佛經,catalog,T14n0455,
KR6i0035,T14n0456,T14n0456 彌勒大成佛經,catalog,T14n0456,
KR6i0036,T14n0457,T14n0457 彌勒來時經,catalog,T14n0457,
KR6i0059,T14n0458,T14n0458 文殊師問菩薩署經,catalog,T14n0458,
KR6i0060,T14n0459,T14n0459 文殊悔過經,catalog,T14n0459,
KR6i0061,T14n0460,T14n0460 文殊師利淨律經,catalog,T14n0460,
KR6i0062,T14n0461,T14n0461 文殊師利現寶藏經,catalog,T14n0461,
KR6i0063,T14n0462,T14n0462 大方廣寶篋經,catalog,T14n0462,
KR6i0064,T14n0463,T14n0463 文殊師利般涅槃經,catalog,T14n0463,
KR6i0065,T14n0464,T14n0464 文殊師利問菩提經,catalog,T14n0464,
KR6i0066,T14n0465,T14n0465 伽耶山頂經,catalog,T14n0465,
KR6i0067,T14n0466,T14n0466 象頭精舍經,catalog,T14n0466,
KR6i0068,T14n0467,T14n0467 大乘伽耶山頂經,catalog,T14n0467,
KR6i0069,T14n0468,T14n0468 文殊師利問經,catalog,T14n0468,
KR6i0070,T14n0469,T14n0469 文殊問經字母品第十四,catalog,T14n0469,
KR6i0071,T14n0470,T14n0470 文殊師利巡行經,catalog,T14n0470,
KR6i0072,T14n0471,T14n0471 文殊師利行經,catalog,T14n0471,
KR6i0073,T14n0472,T14n0472 大乘善見變化文殊師利問法經,catalog,T14n0472,
KR6i0074,T14n0473,T14n0473 妙吉祥菩薩所問大乘法螺經,catalog,T14n0473,
KR6i0075,T14n0474,T14n0474 維摩詰經,catalog,T14n0474,
KR6i0076,T14n0475,T14n0475 維摩詰所説經,catalog,T14n0475,
KR6i0077,T14n0476,T14n0476 説無垢稱經,catalog,T14n0476,
KR6i0106,T14n0477,T14n0477 大方等頂王經,catalog,T14n0477,
KR6i0107,T14n0478,T14n0478 大乘頂王經,catalog,T14n0478,
KR6i0108,T14n0479,T14n0479 善思童子經,catalog,T14n0479,
KR6i0109,T14n0480,T14n0480 月上女經,catalog,T14n0480,
KR6i0110,T14n0481,T14n0481 持人菩薩經,catalog,T14n0481,
KR6i0111,T14n0482,T14n0482 持世經,catalog,T14n0482,
KR6i0112,T14n0483,T14n0483 三曼陀跋陀羅菩薩經,catalog,T14n0483,
KR6i0113,T14n0484,T14n0484 不思議光菩薩所説經,catalog,T14n0484,
KR6i0114,T14n0485,T14n0485 無所有菩薩經,catalog,T14n0485,
KR6i0115,T14n0486,T14n0486 師子莊嚴王菩薩請問經,catalog,T14n0486,
KR6i0116,T14n0487,T14n0487 離垢慧菩薩所問禮佛法經,catalog,T14n0487,
KR6i0117,T14n0488,T14n0488 寶授菩薩菩提行經,catalog,T14n0488,
KR6i0118,T14n0489,T14n0489 除蓋障菩薩所問經,catalog,T14n0489,
KR6i0119,T14n0490,T14n0490 八大菩薩經,catalog,T14n0490,
KR6i0120,T14n0491,T14n0491 六菩薩亦當誦持經,catalog,T14n0491,
KR6i0121,T14n0492,T14n0492 阿難問事佛吉凶經,kanripo_CBETA_ID,T14n0492,
KR6i0123,T14n0493,T14n0493 阿難四事經,catalog,T14n0493,
KR6i0124,T14n0494,T14n0494 阿難七夢經,catalog,T14n0494,
KR6i0125,T14n0495,T14n0495 阿難分別經,catalog,T14n0495,
KR6i0126,T14n0496,T14n0496 大迦葉本經,catalog,T14n0496,
KR6i0127,T14n0497,T14n0497 摩訶迦葉度貧母經,catalog,T14n0497,
KR6i0128,T14n0498,T14n0498 初分説經,catalog,T14n0498,
KR6i0129,T14n0499,T14n0499 佛爲阿支羅迦葉自化作苦經,catalog,T14n0499,
KR6i0130,T14n0500,T14n0500 羅云忍辱經,catalog,T14n0500,
KR6i0131,T14n0501,T14n0501 沙曷比丘功徳經,catalog,T14n0501,
KR6i0132,T14n0502,T14n0502 佛爲年少比丘説正事經,catalog,T14n0502,
KR6i0133,T14n0503,T14n0503 比丘避女惡名欲自殺經,catalog,T14n0503,
KR6i0134,T14n0504,T14n0504 比丘聽施經,catalog,T14n0504,
KR6i0135,T14n0505,T14n0505 隨勇尊者經,catalog,T14n0505,
KR6i0136,T14n0506,T14n0506 P陀國王經,catalog,T14n0506,
KR6i0137,T14n0507,T14n0507 未生寃經,catalog,T14n0507,
KR6i0138,T14n0508,T14n0508 阿闍世王問五逆經,catalog,T14n0508,
KR6i0139,T14n0509,T14n0509 阿闍世王授決經,catalog,T14n0509,
KR6i0140,T14n0510,T14n0510 採花違王上佛授決號妙花經,catalog,T14n0510,
KR6i0141,T14n0511,T14n0511 Q沙王五願經,catalog,T14n0511,
KR6i0142,T14n0512,T14n0512 淨飯王般涅槃經,catalog,T14n0512,
KR6i0143,T14n0513,T14n0513 琉璃王經,catalog,T14n0513,
KR6i0144,T14n0514,T14n0514 諫王經,catalog,T14n0514,
KR6i0145,T14n0515,T14n0515 如來示教勝軍王經,catalog,T14n0515,
KR6i0146,T14n0516,T14n0516 勝軍王所問經,catalog,T14n0516,
KR6i0147,T14n0517,T14n0517 末羅王經,catalog,T14n0517,
KR6i0148,T14n0518,T14n0518 旃陀越國王經,catalog,T14n0518,
KR6i0149,T14n0519,T14n0519 摩達國王經,catalog,T14n0519,
KR6i0150,T14n0520,T14n0520 薩羅國經,catalog,T14n0520,
KR6i0151,T14n0521,T14n0521 梵摩難國王經,catalog,T14n0521,
KR6i0152,T14n0522,T14n0522 普達王經,catalog,T14n0522,
KR6i0153,T14n0523,T14n0523 五王經,catalog,T14n0523,
KR6i0154,T14n0524,T14n0524 佛爲優填王説王法政論經,catalog,T14n0524,
KR6i0155,T14n0525,T14n0525 長者子懊惱三處經,catalog,T14n0525,
KR6i0156,T14n0526,T14n0526 長者子制經,catalog,T14n0526,
KR6i0157,T14n0527,T14n0527 逝童子經,catalog,T14n0527,
KR6i0158,T14n0528,T14n0528 菩薩逝經,catalog,T14n0528,
KR6i0159,T14n0529,T14n0529 阿鳩留經,catalog,T14n0529,
KR6i0160,T14n0530,T14n0530 須摩提長者經,catalog,T14n0530,
KR6i0161,T14n0531,T14n0531 長者音悦經,catalog,T14n0531,
KR6i0162,T14n0532,T14n0532 私呵昧經,catalog,T14n0532,
KR6i0163,T14n0533,T14n0533 菩薩生地經,catalog,T14n0533,
KR6i0164,T14n0534,T14n0534 月光童子經,catalog,T14n0534,
KR6i0165,T14n0535,T14n0535 申日經,catalog,T14n0535,
KR6i0166,T14n0536,T14n0536 申日兒本經,catalog,T14n0536,
KR6i0167,T14n0537,T14n0537 越難經,catalog,T14n0537,
KR6i0168,T14n0538,T14n0538 呵Ï阿那R經,catalog,T14n0538,
KR6i0169,T14n0539,T14n0539 盧至長者因縁經,catalog,T14n0539,
KR6i0170,T14n0540,T14n0540 樹提伽經,kanripo_CBETA_ID,T14n0540,
KR6i0172,T14n0541,T14n0541 佛大僧大經,catalog,T14n0541,
KR6i0173,T14n0542,T14n0542 耶祇經,catalog,T14n0542,
KR6i0174,T14n0543,T14n0543 巨力長者所問大乘經,catalog,T14n0543,
KR6i0175,T14n0544,T14n0544 辯意長者子經,catalog,T14n0544,
KR6i0176,T14n0545,T14n0545 徳護長者經,catalog,T14n0545,
KR6i0177,T14n0546,T14n0546 金耀童子經,catalog,T14n0546,
KR6i0178,T14n0547,T14n0547 大花嚴長者問佛那羅延力經,catalog,T14n0547,
KR6i0179,T14n0548,T14n0548 金光王童子經,catalog,T14n0548,
KR6i0180,T14n0549,T14n0549 光明童子因縁經,catalog,T14n0549,
KR6i0181,T14n0550,T14n0550 金色童子因縁經,catalog,T14n0550,
KR6i0182,T14n0551,T14n0551 摩S女經,catalog,T14n0551,
KR6i0183,T14n0552,T14n0552 摩登女解形中六事經,catalog,T14n0552,
KR6i0184,T14n0553,T14n0553 T女祇域因縁經,catalog,T14n0553,
KR6i0185,T14n0554,T14n0554 柰女耆婆經,catalog,T14n0554,
KR6i0186,T14n0555,T14n0555 五母子經,kanripo_CBETA_ID,T14n0555,
KR6i0188,T14n0556,T14n0556 七女經,catalog,T14n0556,
KR6i0189,T14n0557,T14n0557 龍施女經,catalog,T14n0557,
KR6i0190,T14n0558,T14n0558 龍施菩薩本起經,catalog,T14n0558,
KR6i0191,T14n0559,T14n0559 老女人經,catalog,T14n0559,
KR6i0192,T14n0560,T14n0560 老母女六英經,catalog,T14n0560,
KR6i0193,T14n0561,T14n0561 老母經,catalog,T14n0561,
KR6i0194,T14n0562,T14n0562 無垢賢女經,catalog,T14n0562,
KR6i0195,T14n0563,T14n0563 腹中女聽經,catalog,T14n0563,
KR6i0196,T14n0564,T14n0564 轉女身經,catalog,T14n0564,
KR6i0197,T14n0565,T14n0565 順權方便經,catalog,T14n0565,
KR6i0198,T14n0566,T14n0566 樂瓔珞莊嚴方便品經,catalog,T14n0566,
KR6i0199,T14n0567,T14n0567 梵志女首意經,catalog,T14n0567,
KR6i0200,T14n0568,T14n0568 有徳女所問大乘經,catalog,T14n0568,
KR6i0201,T14n0569,T14n0569 心明經,catalog,T14n0569,
KR6i0202,T14n0570,T14n0570 賢首經,catalog,T14n0570,
KR6i0203,T14n0571,T14n0571 婦人遇辜經,catalog,T14n0571,
KR6i0204,T14n0572,T14n0572 長者法志妻經,catalog,T14n0572,
KR6i0205,T14n0573,T14n0573 差摩婆帝授記經,catalog,T14n0573,
KR6i0206,T14n0574,T14n0574 堅固女經,catalog,T14n0574,
KR6i0207,T14n0575,T14n0575 大方等修多羅王經,catalog,T14n0575,
KR6i0208,T14n0576,T14n0576 轉有經,catalog,T14n0576,
KR6i0209,T14n0577,T14n0577 大乘流轉諸有經,catalog,T14n0577,
KR6i0210,T14n0578,T14n0578 無垢優婆夷問經,catalog,T14n0578,
KR6i0211,T14n0579,T14n0579 優婆夷淨行法門經,catalog,T14n0579,
KR6i0212,T14n0580,T14n0580 長者女菴提遮師子吼了義經,catalog,T14n0580,
KR6i0213,T14n0581,T14n0581 八師經,catalog,T14n0581,
KR6i0214,T14n0582,T14n0582 孫多耶致經,catalog,T14n0582,
KR6i0215,T14n0583,T14n0583 黒氏梵志經,catalog,T14n0583,
KR6i0216,T14n0584,T14n0584 長爪梵志請問經,catalog,T14n0584,
KR6i0217,T15n0585,T15n0585 持心梵天所問經,catalog,T15n0585,
KR6i0218,T15n0586,T15n0586 思益梵天所問經,catalog,T15n0586,
KR6i0220,T15n0587,T15n0587 勝思惟梵天所問經,catalog,T15n0587,
KR6i0221,T15n0588,T15n0588 須眞天子經,catalog,T15n0588,
KR6i0222,T15n0589,T15n0589 魔逆經,catalog,T15n0589,
KR6i0223,T15n0590,T15n0590 四天王經,catalog,T15n0590,
KR6i0224,T15n0591,T15n0591 商主天子所問經,catalog,T15n0591,
KR6i0225,T15n0592,T15n0592 天請問經,catalog,T15n0592,
KR6i0227,T15n0593,T15n0593 佛爲勝光天子説王法經,catalog,T15n0593,
KR6i0228,T15n0594,T15n0594 大自在天子因地經,catalog,T15n0594,
KR6i0229,T15n0595,T15n0595 嗟韈曩法天子受三歸依獲免惡道經,catalog,T15n0595,
KR6i0230,T15n0596,T15n0596 天王太子辟羅經,catalog,T15n0596,
KR6i0231,T15n0597,T15n0597 龍王兄弟經,catalog,T15n0597,
KR6i0232,T15n0598,T15n0598 海龍王經,catalog,T15n0598,
KR6i0233,T15n0599,T15n0599 佛爲海龍王説法印經,catalog,T15n0599,
KR6i0234,T15n0600,T15n0600 十善業道經,catalog,T15n0600,
KR6i0235,T15n0601,T15n0601 佛爲娑伽羅龍王所説大乘經,catalog,T15n0601,
KR6i0239,T15n0602,T15n0602 大安般守意經,catalog,T15n0602,
KR6i0240,T15n0603,T15n0603 陰持入經,catalog,T15n0603,
KR6i0241,T15n0604,T15n0604 禪行三十七品經,catalog,T15n0604,
KR6i0242,T15n0605,T15n0605 禪行法想經,catalog,T15n0605,
KR6i0243,T15n0606,T15n0606 修行道地經,catalog,T15n0606,
KR6i0244,T15n0607,T15n0607 道地經,catalog,T15n0607,
KR6i0245,T15n0608,T15n0608 小道地經,catalog,T15n0608,
KR6i0246,T15n0609,T15n0609 禪要經,catalog,T15n0609,
KR6i0247,T15n0610,T15n0610 内身觀章句經,catalog,T15n0610,
KR6i0248,T15n0611,T15n0611 法觀經,catalog,T15n0611,
KR6i0249,T15n0612,T15n0612 身觀經,catalog,T15n0612,
KR6i0250,T15n0613,T15n0613 禪祕要[法]經,catalog,T15n0613,
KR6i0251,T15n0614,T15n0614 坐禪三昧經,catalog,T15n0614,
KR6i0252,T15n0615,T15n0615 菩薩訶色欲法經,catalog,T15n0615,
KR6i0253,T15n0616,T15n0616 禪法要解,catalog,T15n0616,
KR6i0254,T15n0617,T15n0617 思惟略要法,catalog,T15n0617,
KR6i0255,T15n0618,T15n0618 達摩多羅禪經,catalog,T15n0618,
KR6i0256,T15n0619,T15n0619 五門禪經要用法,catalog,T15n0619,
KR6i0257,T15n0620,T15n0620 治禪病祕要法,catalog,T15n0620,
KR6i0258,T15n0621,T15n0621 佛印三昧經,catalog,T15n0621,
KR6i0259,T15n0622,T15n0622 自誓三昧經,catalog,T15n0622,
KR6i0260,T15n0623,T15n0623 如來獨證自誓三昧經,catalog,T15n0623,
KR6i0261,T15n0624,T15n0624 W眞陀羅所問如來三昧經,catalog,T15n0624,
KR6i0262,T15n0625,T15n0625 大樹緊那羅王所問經,catalog,T15n0625,
KR6i0263,T15n0626,T15n0626 阿闍世王經,catalog,T15n0626,
KR6i0264,T15n0627,T15n0627 文殊支利普超三昧經,catalog,T15n0627,
KR6i0265,T15n0628,T15n0628 未曾有正法經,catalog,T15n0628,
KR6i0266,T15n0629,T15n0629 放鉢經,catalog,T15n0629,
KR6i0267,T15n0630,T15n0630 成具光明定意經,catalog,T15n0630,
KR6i0268,T15n0631,T15n0631 法律三昧經,catalog,T15n0631,
KR6i0269,T15n0632,T15n0632 慧印三昧經,catalog,T15n0632,
KR6i0270,T15n0633,T15n0633 如來智印經,catalog,T15n0633,
KR6i0271,T15n0634,T15n0634 大乘智印經,catalog,T15n0634,
KR6i0272,T15n0635,T15n0635 弘道廣顯三昧經,catalog,T15n0635,
KR6i0273,T15n0636,T15n0636 無極寶三昧經,catalog,T15n0636,
KR6i0274,T15n0637,T15n0637 寶如來三昧經,catalog,T15n0637,
KR6i0275,T15n0638,T15n0638 超日明三昧經,catalog,T15n0638,
KR6i0276,T15n0639,T15n0639 月燈三昧經,catalog,T15n0639,
KR6i0277,T15n0640,T15n0640 月燈三昧經,catalog,T15n0640,
KR6i0278,T15n0641,T15n0641 月燈三昧經,catalog,T15n0641,
KR6i0279,T15n0642,T15n0642 首楞嚴三昧經,catalog,T15n0642,
KR6i0280,T15n0643,T15n0643 觀佛三昧海經,catalog,T15n0643,
KR6i0281,T15n0644,T15n0644 金剛三昧本性清淨不壞不滅經,catalog,T15n0644,
KR6i0282,T15n0645,T15n0645 不必定入定入印經,catalog,T15n0645,
KR6i0283,T15n0646,T15n0646 入定不定印經,catalog,T15n0646,
KR6i0284,T15n0647,T15n0647 力莊嚴三昧經,catalog,T15n0647,
KR6i0285,T15n0648,T15n0648 寂照神變三摩地經,catalog,T15n0648,
KR6i0287,T15n0649,T15n0649 觀察諸法行經,catalog,T15n0649,
KR6i0288,T15n0650,T15n0650 諸法無行經,catalog,T15n0650,
KR6i0289,T15n0651,T15n0651 諸法本無經,catalog,T15n0651,
KR6i0290,T15n0652,T15n0652 大乘隨轉宣説諸法經,catalog,T15n0652,
KR6i0291,T15n0653,T15n0653 佛藏經,catalog,T15n0653,
KR6i0292,T15n0654,T15n0654 入無分別法門經,catalog,T15n0654,
KR6i0293,T15n0655,T15n0655 勝義空經,catalog,T15n0655,
KR6i0294,T16n0656,T16n0656 菩薩瓔珞經,catalog,T16n0656,
KR6i0295,T16n0657,T16n0657 華手經,catalog,T16n0657,
KR6i0296,T16n0658,T16n0658 寶雲經,catalog,T16n0658,
KR6i0297,T16n0659,T16n0659 大乘寶雲經,catalog,T16n0659,
KR6i0298,T16n0660,T16n0660 寶雨經,catalog,T16n0660,
KR6i0299,T16n0661,T16n0661 大乘百福相經,catalog,T16n0661,
KR6i0300,T16n0662,T16n0662 大乘百福莊嚴相經,catalog,T16n0662,
KR6i0301,T16n0663,T16n0663 金光明經,catalog,T16n0663,
KR6i0302,T16n0664,T16n0664 合部金光明經,catalog,T16n0664,
KR6i0303,T16n0665,T16n0665 金光明最勝王經,catalog,T16n0665,
KR6i0323,T16n0666,T16n0666 大方等如來藏經,catalog,T16n0666,
KR6i0324,T16n0667,T16n0667 大方廣如來藏經,catalog,T16n0667,
KR6i0325,T16n0668,T16n0668 不増不減經,catalog,T16n0668,
KR6i0326,T16n0669,T16n0669 無上依經,catalog,T16n0669,
KR6i0327,T16n0670,T16n0670 楞伽阿跋多羅寶經,catalog,T16n0670,
KR6i0328,T16n0671,T16n0671 入楞伽經,catalog,T16n0671,
KR6i0329,T16n0672,T16n0672 大乘入楞伽經,catalog,T16n0672,
KR6i0330,T16n0673,T16n0673 大乘同性經,catalog,T16n0673,
KR6i0331,T16n0674,T16n0674 證契大乘經,catalog,T16n0674,
KR6i0352,T16n0675,T16n0675 深密解脱經,catalog,T16n0675,
KR6i0353,T16n0676,T16n0676 解深密經,catalog,T16n0676,
KR6i0355,T16n0677,T16n0677 解節經,catalog,T16n0677,
KR6i0356,T16n0678,T16n0678 相續解脱地波羅蜜了義經,catalog,T16n0678,
KR6i0357,T16n0679,T16n0679 相續解脱如來所作隨順處了義經,catalog,T16n0679,
KR6i0358,T16n0680,T16n0680 佛地經,catalog,T16n0680,
KR6i0359,T16n0681,T16n0681 大乘密嚴經,catalog,T16n0681,
KR6i0360,T16n0682,T16n0682 大乘密嚴經,catalog,T16n0682,
KR6i0362,T16n0683,T16n0683 諸徳福田經,catalog,T16n0683,
KR6i0363,T16n0684,T16n0684 父母恩難報經,catalog,T16n0684,
KR6i0364,T16n0685,T16n0685 盂蘭盆經,catalog,T16n0685,
KR6i0376,T16n0686,T16n0686 報恩奉盆經,catalog,T16n0686,
KR6i0377,T16n0687,T16n0687 孝子經,catalog,T16n0687,
KR6i0378,T16n0688,T16n0688 未曾有經,catalog,T16n0688,
KR6i0379,T16n0689,T16n0689 甚希有經,catalog,T16n0689,
KR6i0380,T16n0690,T16n0690 希有校量功徳經,catalog,T16n0690,
KR6i0381,T16n0691,T16n0691 最無比經,catalog,T16n0691,
KR6i0382,T16n0692,T16n0692 作佛形像經,catalog,T16n0692,
KR6i0383,T16n0693,T16n0693 造立形像福報經,catalog,T16n0693,
KR6i0384,T16n0694,T16n0694 大乘造像功徳經,catalog,T16n0694,
KR6i0385,T16n0695,T16n0695 灌洗佛形像經,catalog,T16n0695,
KR6i0386,T16n0696,T16n0696 摩訶刹頭經,catalog,T16n0696,
KR6i0387,T16n0697,T16n0697 浴像功徳經,catalog,T16n0697,
KR6i0388,T16n0698,T16n0698 浴佛功徳經,catalog,T16n0698,
KR6i0389,T16n0699,T16n0699 造塔功徳經,catalog,T16n0699,
KR6i0390,T16n0700,T16n0700 右繞佛塔功徳經,catalog,T16n0700,
KR6i0391,T16n0701,T16n0701 温室洗浴衆僧經,catalog,T16n0701,
KR6i0394,T16n0702,T16n0702 施燈功徳經,catalog,T16n0702,
KR6i0395,T16n0703,T16n0703 燈指因縁經,catalog,T16n0703,
KR6i0396,T16n0704,T16n0704 樓閣正法甘露鼓經,catalog,T16n0704,
KR6i0397,T16n0705,T16n0705 布施經,catalog,T16n0705,
KR6i0398,T16n0706,T16n0706 五大施經,catalog,T16n0706,
KR6i0399,T16n0707,T16n0707 出家功徳經,catalog,T16n0707,
KR6i0400,T16n0708,T16n0708 了本生死經,catalog,T16n0708,
KR6i0401,T16n0709,T16n0709 稻芋經,catalog,T16n0709,
KR6i0402,T16n0710,T16n0710 慈氏菩薩所説大乘縁生稻幹喩經,catalog,T16n0710,
KR6i0403,T16n0711,T16n0711 大乘舍黎娑擔摩經,catalog,T16n0711,
KR6i0404,T16n0712,T16n0712 大乘稻芋經,catalog,T16n0712,
KR6i0407,T16n0713,T16n0713 貝多樹下思惟十二因縁經,catalog,T16n0713,
KR6i0408,T16n0714,T16n0714 縁起聖道經,catalog,T16n0714,
KR6i0409,T16n0715,T16n0715 舊城喩經,catalog,T16n0715,
KR6i0410,T16n0716,T16n0716 縁生初勝分法本經,catalog,T16n0716,
KR6i0411,T16n0717,T16n0717 分別縁起初勝法門經,catalog,T16n0717,
KR6i0412,T16n0718,T16n0718 分別縁生經,catalog,T16n0718,
KR6i0413,T16n0719,T16n0719 十二縁生祥瑞經,catalog,T16n0719,
KR6i0414,T16n0720,T16n0720 無明羅刹集,catalog,T16n0720,
KR6i0415,T17n0721,T17n0721 正法念處經,catalog,T17n0721,
KR6i0416,T17n0722,T17n0722 妙法聖念處經,catalog,T17n0722,
KR6i0417,T17n0723,T17n0723 分別業報略經,catalog,T17n0723,
KR6i0418,T17n0724,T17n0724 罪業應報教化地獄經,catalog,T17n0724,
KR6i0419,T17n0725,T17n0725 六道伽陀經,catalog,T17n0725,
KR6i0420,T17n0726,T17n0726 六趣輪廻經,catalog,T17n0726,
KR6i0421,T17n0727,T17n0727 十不善業道經,catalog,T17n0727,
KR6i0422,T17n0728,T17n0728 諸法集要經,catalog,T17n0728,
KR6i0423,T17n0729,T17n0729 分別善惡所起經,catalog,T17n0729,
KR6i0424,T17n0730,T17n0730 處處經,catalog,T17n0730,
KR6i0425,T17n0731,T17n0731 十八泥犁經,catalog,T17n0731,
KR6i0426,T17n0732,T17n0732 罵意經,catalog,T17n0732,
KR6i0427,T17n0733,T17n0733 堅意經,catalog,T17n0733,
KR6i0428,T17n0734,T17n0734 鬼問目連經,catalog,T17n0734,
KR6i0429,T17n0735,T17n0735 四願經,catalog,T17n0735,
KR6i0430,T17n0736,T17n0736 四自侵經,catalog,T17n0736,
KR6i0431,T17n0737,T17n0737 所欲致患經,catalog,T17n0737,
KR6i0432,T17n0738,T17n0738 分別經,catalog,T17n0738,
KR6i0433,T17n0739,T17n0739 慢法經,catalog,T17n0739,
KR6i0434,T17n0740,T17n0740 D多和多耆經,catalog,T17n0740,
KR6i0435,T17n0741,T17n0741 五苦章句經,catalog,T17n0741,
KR6i0436,T17n0742,T17n0742 自愛經,catalog,T17n0742,
KR6i0437,T17n0743,T17n0743 忠心經,catalog,T17n0743,
KR6i0438,T17n0744,T17n0744 除恐災患經,catalog,T17n0744,
KR6i0439,T17n0745,T17n0745 雜藏經,catalog,T17n0745,
KR6i0440,T17n0746,T17n0746 餓鬼報應經,catalog,T17n0746,
KR6i0441,T17n0747,T17n0747 罪福報應經,kanripo_CBETA_ID,T17n0747,
KR6i0443,T17n0748,T17n0748 護淨經,catalog,T17n0748,
KR6i0444,T17n0749,T17n0749 因縁僧護經,catalog,T17n0749,
KR6i0445,T17n0750,T17n0750 沙彌羅經,catalog,T17n0750,
KR6i0446,T17n0751,T17n0751 五無反復經,kanripo_CBETA_ID,T17n0751,
KR6i0448,T17n0752,T17n0752 五無返復經,catalog,T17n0752,
KR6i0449,T17n0753,T17n0753 十二品生死經,catalog,T17n0753,
KR6i0450,T17n0754,T17n0754 未曾有因縁經,catalog,T17n0754,
KR6i0451,T17n0755,T17n0755 淨意優婆塞所問經,catalog,T17n0755,
KR6i0452,T17n0756,T17n0756 八無暇有暇經,catalog,T17n0756,
KR6i0453,T17n0757,T17n0757 身毛喜豎經,catalog,T17n0757,
KR6i0454,T17n0758,T17n0758 諸行有爲經,catalog,T17n0758,
KR6i0455,T17n0759,T17n0759 較量壽命經,catalog,T17n0759,
KR6i0457,T17n0760,T17n0760 惟日雜難經,catalog,T17n0760,
KR6i0458,T17n0761,T17n0761 法集經,catalog,T17n0761,
KR6i0459,T17n0762,T17n0762 決定義經,catalog,T17n0762,
KR6i0460,T17n0763,T17n0763 法乘義決定經,catalog,T17n0763,
KR6i0461,T17n0764,T17n0764 法集名數經,catalog,T17n0764,
KR6i0462,T17n0765,T17n0765 本事經,catalog,T17n0765,
KR6i0463,T17n0766,T17n0766 法身經,catalog,T17n0766,
KR6i0464,T17n0767,T17n0767 三品弟子經,catalog,T17n0767,
KR6i0465,T17n0768,T17n0768 三慧經,catalog,T17n0768,
KR6i0466,T17n0769,T17n0769 四輩經,catalog,T17n0769,
KR6i0467,T17n0770,T17n0770 四不可得經,catalog,T17n0770,
KR6i0468,T17n0771,T17n0771 四品學法經,catalog,T17n0771,
KR6i0469,T17n0772,T17n0772 大乘四法經,catalog,T17n0772,
KR6i0470,T17n0773,T17n0773 菩薩修行四法經,catalog,T17n0773,
KR6i0471,T17n0774,T17n0774 大乘四法經,catalog,T17n0774,
KR6i0472,T17n0775,T17n0775 四無所畏經,catalog,T17n0775,
KR6i0473,T17n0776,T17n0776 四品法門經,catalog,T17n0776,
KR6i0474,T17n0777,T17n0777 賢者五福徳經,catalog,T17n0777,
KR6i0475,T17n0778,T17n0778 菩薩内習六波羅蜜經,catalog,T17n0778,
KR6i0476,T17n0779,T17n0779 八大人覺經,catalog,T17n0779,
KR6i0479,T17n0780,T17n0780 十力經,catalog,T17n0780,
KR6i0480,T17n0781,T17n0781 佛十力經,catalog,T17n0781,
KR6i0481,T17n0782,T17n0782 十號經,catalog,T17n0782,
KR6i0482,T17n0783,T17n0783 十二頭陀經,catalog,T17n0783,
KR6i0483,T17n0784,T17n0784 四十二章經,catalog,T17n0784,
KR6i0489,T17n0785,T17n0785 得道梯橙錫杖經,catalog,T17n0785,
KR6i0490,T17n0786,T17n0786 木X子經,catalog,T17n0786,
KR6i0491,T17n0787,T17n0787 曼殊室利呪藏中校量數珠功徳經,catalog,T17n0787,
KR6i0492,T17n0788,T17n0788 校量數珠功徳經,catalog,T17n0788,
KR6i0493,T17n0789,T17n0789 金剛頂瑜伽念珠經,catalog,T17n0789,
KR6i0494,T17n0790,T17n0790 孛經抄,catalog,T17n0790,
KR6i0495,T17n0791,T17n0791 出家縁經,catalog,T17n0791,
KR6i0496,T17n0792,T17n0792 法受塵經,catalog,T17n0792,
KR6i0497,T17n0793,T17n0793 佛醫經,catalog,T17n0793,
KR6i0498,T17n0794,T17n0794 時非時經,kanripo_CBETA_ID,T17n0794,
KR6i0500,T17n0795,T17n0795 佛治身經,catalog,T17n0795,
KR6i0501,T17n0796,T17n0796 見正經,catalog,T17n0796,
KR6i0502,T17n0797,T17n0797 貧窮老公經,kanripo_CBETA_ID,T17n0797,
KR6i0504,T17n0798,T17n0798 進學經,catalog,T17n0798,
KR6i0505,T17n0799,T17n0799 略教誡經,catalog,T17n0799,
KR6i0506,T17n0800,T17n0800 無上處經,catalog,T17n0800,
KR6i0507,T17n0801,T17n0801 無常經,catalog,T17n0801,
KR6i0508,T17n0802,T17n0802 信解智力經,catalog,T17n0802,
KR6i0509,T17n0803,T17n0803 清淨心經,catalog,T17n0803,
KR6i0510,T17n0804,T17n0804 解憂經,catalog,T17n0804,
KR6i0511,T17n0805,T17n0805 栴檀樹經,catalog,T17n0805,
KR6i0512,T17n0806,T17n0806 枯樹經,catalog,T17n0806,
KR6i0513,T17n0807,T17n0807 内藏百寶經,catalog,T17n0807,
KR6i0514,T17n0808,T17n0808 犢子經,catalog,T17n0808,
KR6i0515,T17n0809,T17n0809 乳光佛經,catalog,T17n0809,
KR6i0516,T17n0810,T17n0810 諸佛要集經,catalog,T17n0810,
KR6i0517,T17n0811,T17n0811 決定總持經,catalog,T17n0811,
KR6i0518,T17n0812,T17n0812 菩薩行五十縁身經,catalog,T17n0812,
KR6i0519,T17n0813,T17n0813 無希望經,catalog,T17n0813,
KR6i0520,T17n0814,T17n0814 象腋經,catalog,T17n0814,
KR6i0521,T17n0815,T17n0815 佛昇Y利天爲母説法經,catalog,T17n0815,
KR6i0522,T17n0816,T17n0816 道神足無極變化經,catalog,T17n0816,
KR6i0523,T17n0817,T17n0817 大淨法門經,catalog,T17n0817,
KR6i0524,T17n0818,T17n0818 大莊嚴法門經,catalog,T17n0818,
KR6i0525,T17n0819,T17n0819 法常住經,catalog,T17n0819,
KR6i0526,T17n0820,T17n0820 演道俗業經,catalog,T17n0820,
KR6i0527,T17n0821,T17n0821 大方廣如來祕密藏經,catalog,T17n0821,
KR6i0528,T17n0822,T17n0822 諸法勇王經,catalog,T17n0822,
KR6i0529,T17n0823,T17n0823 一切法高王經,catalog,T17n0823,
KR6i0530,T17n0824,T17n0824 諸法最上王經,catalog,T17n0824,
KR6i0531,T17n0825,T17n0825 甚深大廻向經,catalog,T17n0825,
KR6i0532,T17n0826,T17n0826 弟子死復生經,catalog,T17n0826,
KR6i0533,T17n0827,T17n0827 懈怠耕者經,catalog,T17n0827,
KR6i0534,T17n0828,T17n0828 無字寶篋經,catalog,T17n0828,
KR6i0535,T17n0829,T17n0829 大乘離文字普光明藏經,catalog,T17n0829,
KR6i0536,T17n0830,T17n0830 大乘遍照光明藏無字法門經,catalog,T17n0830,
KR6i0537,T17n0831,T17n0831 謗佛經,catalog,T17n0831,
KR6i0538,T17n0832,T17n0832 佛語經,catalog,T17n0832,
KR6i0539,T17n0833,T17n0833 第一義法勝經,catalog,T17n0833,
KR6i0540,T17n0834,T17n0834 大威燈光仙人問疑經,catalog,T17n0834,
KR6i0541,T17n0835,T17n0835 如來師子吼經,catalog,T17n0835,
KR6i0542,T17n0836,T17n0836 大方廣師子吼經,catalog,T17n0836,
KR6i0543,T17n0837,T17n0837 出生菩提心經,catalog,T17n0837,
KR6i0544,T17n0838,T17n0838 發菩提心破諸魔經,catalog,T17n0838,
KR6i0545,T17n0839,T17n0839 占察善惡業報經,catalog,T17n0839,
KR6i0546,T17n0840,T17n0840 稱讃大乘功徳經,catalog,T17n0840,
KR6i0547,T17n0841,T17n0841 説妙法決定業障經,catalog,T17n0841,
KR6i0551,T17n0842,T17n0842 大方廣圓覺修多羅了義經,catalog,T17n0842,
KR6i0575,T17n0843,T17n0843 大乘不思議神通境界經,catalog,T17n0843,
KR6i0576,T17n0844,T17n0844 大方廣未曾有經善巧方便品,catalog,T17n0844,
KR6i0577,T17n0845,T17n0845 尊那經,catalog,T17n0845,
KR6i0578,T17n0846,T17n0846 外道問聖大乘法無我義經,catalog,T17n0846,
KR6i0579,T17n0847,T17n0847 大乘修行菩薩行門諸經要集,catalog,T17n0847,
KR6j0001,T18n0848,T18n0848 大毘盧遮那成佛神變加持經,catalog,T18n0848,
KR6j0005,T18n0849,T18n0849 大毘盧遮那佛説要略念誦經,catalog,T18n0849,
KR6j0006,T18n0850,T18n0850 攝大毘盧遮那成佛神變加持經入蓮華胎藏海會悲生曼荼Z廣大念誦儀軌供養方便會,catalog,T18n0850,
KR6j0007,T18n0851,T18n0851 大毘盧遮那經廣大儀軌,catalog,T18n0851,
KR6j0008,T18n0852,T18n0852 大毘盧遮那成佛神變加持經蓮華胎藏悲生曼荼羅廣大成就儀軌 [var. 供養方便會],kanripo_CBETA_ID,T18n0852,
KR6j0010,T18n0853,T18n0853 大毘盧遮那成佛神變加持經蓮華胎藏菩提幢標幟普通眞言藏廣大成就瑜伽,catalog,T18n0853,
KR6j0012,T18n0854,T18n0854 胎藏梵字眞言,catalog,T18n0854,
KR6j0013,T18n0855,T18n0855 青龍寺軌記,catalog,T18n0855,
KR6j0014,T18n0856,T18n0856 大毘盧遮那成佛神變加持經略示七支念誦隨行法,catalog,T18n0856,
KR6j0015,T18n0857,T18n0857 大日經略攝念誦隨行法,catalog,T18n0857,
KR6j0016,T18n0858,T18n0858 大毘盧遮那略要速疾門五支念誦法,catalog,T18n0858,
KR6j0017,T18n0859,T18n0859 供養儀式,catalog,T18n0859,
KR6j0018,T18n0860,T18n0860 大日經持誦次第儀軌,catalog,T18n0860,
KR6j0019,T18n0861,T18n0861 毘盧遮那五字眞言修習儀軌,catalog,T18n0861,
KR6j0020,T18n0862,T18n0862 阿闍梨大曼荼Z灌頂儀軌,catalog,T18n0862,
KR6j0021,T18n0863,T18n0863 大毘盧遮那經阿闍梨眞實智品中阿闍梨住阿字觀門,catalog,T18n0863,
KR6j0022,T18n0864,T18n0864A 大日如來劍印,catalog,T18n0864,
KR6j0023,T18n0864,T18n0864B 胎藏金剛教法名號,catalog,T18n0864,
KR6j0024,T18n0865,T18n0865 金剛頂一切如來眞實攝大乘現證大教王經,catalog,T18n0865,
KR6j0030,T18n0866,T18n0866 金剛頂瑜伽中略出念誦經,catalog,T18n0866,
KR6j0031,T18n0867,T18n0867 金剛峰樓閣一切瑜伽瑜祇經,catalog,T18n0867,
KR6j0034,T18n0868,T18n0868 諸佛境界攝眞實經,catalog,T18n0868,
KR6j0035,T18n0869,T18n0869 金剛頂經瑜伽十八會指歸,catalog,T18n0869,
KR6j0036,T18n0870,T18n0870 略述金剛頂瑜伽分別聖位修證法門,catalog,T18n0870,
KR6j0037,T18n0871,T18n0871 金剛頂瑜伽略述三十七尊心要,catalog,T18n0871,
KR6j0038,T18n0872,T18n0872 金剛頂瑜伽三十七尊出生義,catalog,T18n0872,
KR6j0039,T18n0873,T18n0873 金剛頂蓮華部心念誦儀軌,catalog,T18n0873,
KR6j0041,T18n0874,T18n0874 金剛頂一切如來眞實攝大乘現證大教王經,catalog,T18n0874,
KR6j0042,T18n0875,T18n0875 蓮華部心念誦儀軌,catalog,T18n0875,
KR6j0043,T18n0876,T18n0876 金剛頂瑜伽修習a盧遮那三摩地法,catalog,T18n0876,
KR6j0044,T18n0877,T18n0877 金剛頂經毘盧遮那一百八尊法身契印,catalog,T18n0877,
KR6j0045,T18n0878,T18n0878 金剛頂經金剛界大道場毘盧遮那如來自受用身内證智眷屬法身異名佛最上乘祕密三摩地禮讃文,catalog,T18n0878,
KR6j0046,T18n0879,T18n0879 金剛頂瑜伽三十七尊禮,catalog,T18n0879,
KR6j0047,T18n0880,T18n0880 瑜伽金剛頂經釋字母品,catalog,T18n0880,
KR6j0048,T18n0881,T18n0881 賢刧十六尊,catalog,T18n0881,
KR6j0049,T18n0882,T18n0882 一切如來眞實攝大乘現證三昧大教王經,catalog,T18n0882,
KR6j0051,T18n0883,T18n0883 祕密三昧大教王經,catalog,T18n0883,
KR6j0052,T18n0884,T18n0884 祕密相經,catalog,T18n0884,
KR6j0053,T18n0885,T18n0885 一切如來金剛三業最上祕密大教王經,catalog,T18n0885,
KR6j0054,T18n0886,T18n0886 金剛場莊嚴般若波羅蜜多教中一分,catalog,T18n0886,
KR6j0055,T18n0887,T18n0887 無二平等最上瑜伽大教王經,catalog,T18n0887,
KR6j0056,T18n0888,T18n0888 一切祕密最上名義大教王儀軌,catalog,T18n0888,
KR6j0057,T18n0889,T18n0889 一切如來大祕密王未曾有最上微妙大曼拏羅經,catalog,T18n0889,
KR6j0058,T18n0890,T18n0890 瑜伽大教王經,catalog,T18n0890,
KR6j0059,T18n0891,T18n0891 幻化網大瑜伽教十忿怒明王大明觀想儀軌經,catalog,T18n0891,
KR6j0060,T18n0892,T18n0892 大悲空智金剛大教王儀軌經,catalog,T18n0892,
KR6j0061,T18n0893,T18n0893 蘇悉地羯羅經,kanripo_CBETA_ID,T18n0893,
KR6j0063,T18n0894,T18n0894 蘇悉地羯羅供養法,kanripo_CBETA_ID,T18n0894,
KR6j0065,T18n0895,T18n0895 蘇婆呼童子請問經,kanripo_CBETA_ID,T18n0895,
KR6j0067,T18n0896,T18n0896 妙臂菩薩所問經,catalog,T18n0896,
KR6j0068,T18n0897,T18n0897 bc耶經,catalog,T18n0897,
KR6j0069,T18n0898,T18n0898 毘奈耶經,catalog,T18n0898,
KR6j0070,T18n0899,T18n0899 清淨法身毘盧遮那心地法門成就一切陀羅尼三種悉地,catalog,T18n0899,
KR6j0071,T18n0900,T18n0900 十八契印,catalog,T18n0900,
KR6j0072,T18n0901,T18n0901 陀羅尼集經,catalog,T18n0901,
KR6j0073,T18n0902,T18n0902 總釋陀羅尼義讃,catalog,T18n0902,
KR6j0074,T18n0903,T18n0903 都部陀羅尼目,catalog,T18n0903,
KR6j0075,T18n0904,T18n0904 念誦結護法普通諸部,catalog,T18n0904,
KR6j0076,T18n0905,T18n0905 三種悉地破地獄轉業障出三界祕密陀羅尼法,catalog,T18n0905,
KR6j0077,T18n0906,T18n0906 佛頂尊勝心破地獄轉業障出三界祕密三身佛果三種悉地眞言儀軌,catalog,T18n0906,
KR6j0078,T18n0907,T18n0907 佛頂尊勝心破地獄轉業障出三界祕密陀羅尼,catalog,T18n0907,
KR6j0079,T18n0908,T18n0908 金剛頂瑜伽護摩儀軌,catalog,T18n0908,
KR6j0080,T18n0909,T18n0909 金剛頂瑜伽護摩儀軌,catalog,T18n0909,
KR6j0081,T18n0910,T18n0910 梵天擇地法,catalog,T18n0910,
KR6j0082,T18n0911,T18n0911 建立曼荼羅及揀擇地法,catalog,T18n0911,
KR6j0083,T18n0912,T18n0912 建立曼荼羅護摩儀軌,catalog,T18n0912,
KR6j0084,T18n0913,T18n0913 火d供養儀軌,catalog,T18n0913,
KR6j0085,T18n0914,T18n0914 火吽軌別録,catalog,T18n0914,
KR6j0086,T18n0915,T18n0915 受菩提心戒儀,catalog,T18n0915,
KR6j0087,T18n0916,T18n0916 受五戒八戒文,catalog,T18n0916,
KR6j0088,T18n0917,T18n0917 無畏三藏禪要,catalog,T18n0917,
KR6j0089,T19n0918,T19n0918 諸佛心陀羅尼經,catalog,T19n0918,
KR6j0090,T19n0919,T19n0919 諸佛心印陀羅尼經,catalog,T19n0919,
KR6j0091,T19n0920,T19n0920 佛心經,catalog,T19n0920,
KR6j0092,T19n0921,T19n0921 阿N如來念誦供養法,catalog,T19n0921,
KR6i0050,T19n0922,T19n0922 藥師琉璃光如來消災除難念誦儀軌,catalog,T19n0922,
KR6j0093,T19n0923,T19n0923 藥師如來觀行儀軌法,catalog,T19n0923,
KR6j0094,T19n0924,T19n0924A 藥師如來念誦儀軌,catalog,T19n0924,
KR6j0095,T19n0924,T19n0924B 藥師如來念誦儀軌,catalog,T19n0924,
KR6j0096,T19n0924,T19n0924C 藥師儀軌一具,catalog,T19n0924,
KR6j0097,T19n0925,T19n0925 藥師琉璃光王七佛本願功徳經念誦儀軌,catalog,T19n0925,
KR6j0098,T19n0926,T19n0926 藥師琉璃光王七佛本願功徳經念誦儀軌供養法,catalog,T19n0926,
KR6j0099,T19n0927,T19n0927 藥師七佛供養儀軌如意王經,catalog,T19n0927,
KR6j0100,T19n0928,T19n0928 修藥師儀軌布壇法,catalog,T19n0928,
KR6j0101,T19n0929,T19n0929 淨瑠璃淨土標,catalog,T19n0929,
KR6j0102,T19n0930,T19n0930 無量壽如來觀行供養儀軌,catalog,T19n0930,
KR6j0103,T19n0931,T19n0931 金剛頂經觀自在王如來修行法,catalog,T19n0931,
KR6j0104,T19n0932,T19n0932 金剛頂經瑜伽觀自在王如來修行法,catalog,T19n0932,
KR6j0105,T19n0933,T19n0933 九品徃生阿彌陀三摩地集陀羅尼經,catalog,T19n0933,
KR6j0106,T19n0934,T19n0934 無量功徳陀羅尼經,catalog,T19n0934,
KR6j0107,T19n0935,T19n0935 極樂願文,catalog,T19n0935,
KR6j0108,T19n0936,T19n0936 大乘無量壽經,catalog,T19n0936,
KR6j0109,T19n0937,T19n0937 大乘聖無量壽決定光明王如來陀羅尼經,catalog,T19n0937,
KR6j0110,T19n0938,T19n0938 釋迦文尼佛金剛一乘修行儀軌法品,catalog,T19n0938,
KR6j0111,T19n0939,T19n0939 大乘觀想曼拏羅淨諸惡趣經,catalog,T19n0939,
KR6j0112,T19n0940,T19n0940 帝釋巖祕密成就儀軌,catalog,T19n0940,
KR6j0113,T19n0941,T19n0941 釋迦牟尼佛成道在菩提樹降魔讃,catalog,T19n0941,
KR6j0114,T19n0942,T19n0942 釋迦佛讃,catalog,T19n0942,
KR6j0115,T19n0943,T19n0943 無能勝幡王如來莊嚴陀羅尼經,catalog,T19n0943,
KR6j0116,T19n0944,T19n0944A 大佛頂如來放光悉怛多鉢怛e陀羅尼,catalog,T19n0944,
KR6j0117,T19n0944,T19n0944B 大佛頂大陀羅尼,catalog,T19n0944,
KR6j0118,T19n0945,T19n0945 大佛頂如來密因修證了義諸菩薩萬行首楞嚴經,catalog,T19n0945,
KR6j0120,T19n0946,T19n0946 大佛頂廣聚陀羅尼經,catalog,T19n0946,
KR6j0121,T19n0947,T19n0947 大佛頂如來放光悉怛多般怛羅大神力都攝一切呪王陀羅尼經大威徳最勝金輪三昧呪品,catalog,T19n0947,
KR6j0122,T19n0948,T19n0948 金輪王佛頂要略念誦法,catalog,T19n0948,
KR6j0123,T19n0949,T19n0949 奇特最勝金輪佛頂念誦儀軌法要,catalog,T19n0949,
KR6j0124,T19n0950,T19n0950 菩提場所説一字頂輪王經,catalog,T19n0950,
KR6j0126,T19n0951,T19n0951 一字佛頂輪王經,catalog,T19n0951,
KR6j0127,T19n0952,T19n0952 五佛頂三昧陀羅尼經,catalog,T19n0952,
KR6j0128,T19n0953,T19n0953 一字奇特佛頂經,catalog,T19n0953,
KR6j0130,T19n0954,T19n0954A 一字頂輪王念誦儀軌,catalog,T19n0954,
KR6j0131,T19n0954,T19n0954B 一字頂輪王念誦儀軌,catalog,T19n0954,
KR6j0132,T19n0955,T19n0955 一字頂輪王瑜伽觀行儀軌,catalog,T19n0955,
KR6j0133,T19n0956,T19n0956 大陀羅尼末法中一字心呪經,catalog,T19n0956,
KR6j0134,T19n0957,T19n0957 金剛頂一字頂輪王瑜伽一切時處念誦成佛儀軌,catalog,T19n0957,
KR6j0135,T19n0958,T19n0958 金剛頂經一字頂輪王儀軌音義,catalog,T19n0958,
KR6j0136,T19n0959,T19n0959 頂輪王大曼荼羅灌頂儀軌,catalog,T19n0959,
KR6j0137,T19n0960,T19n0960 一切如來説佛頂輪王一百八名讃,catalog,T19n0960,
KR6j0138,T19n0961,T19n0961 如意寶珠轉輪祕密現身成佛金輪呪王經,catalog,T19n0961,
KR6j0139,T19n0962,T19n0962 寶悉地成佛陀羅尼經,catalog,T19n0962,
KR6j0140,T19n0963,T19n0963 熾盛光大威徳消災吉祥陀羅尼經,catalog,T19n0963,
KR6j0141,T19n0964,T19n0964 大威徳金輪佛頂熾盛光如來消除一切災難陀羅尼經,catalog,T19n0964,
KR6j0142,T19n0965,T19n0965 大妙金剛大甘露軍拏利焔鬘熾盛佛頂經,catalog,T19n0965,
KR6j0143,T19n0966,T19n0966 大聖妙吉祥菩薩説除災教令法輪,catalog,T19n0966,
KR6j0144,T19n0967,T19n0967 佛頂尊勝陀羅尼經,catalog,T19n0967,
KR6j0145,T19n0968,T19n0968 佛頂尊勝陀羅尼經,catalog,T19n0968,
KR6j0146,T19n0969,T19n0969 佛頂最勝陀羅尼經,catalog,T19n0969,
KR6j0147,T19n0970,T19n0970 最勝佛頂陀羅尼淨除業障呪經,catalog,T19n0970,
KR6j0148,T19n0971,T19n0971 佛頂尊勝陀羅尼經,catalog,T19n0971,
KR6j0149,T19n0972,T19n0972 佛頂尊勝陀羅尼念誦儀軌法,catalog,T19n0972,
KR6j0150,T19n0973,T19n0973 尊勝佛頂脩瑜伽法軌儀,catalog,T19n0973,
KR6j0151,T19n0974,T19n0974A 最勝佛頂陀羅尼經,catalog,T19n0974,
KR6j0152,T19n0974,T19n0974B 佛頂尊勝陀羅尼,catalog,T19n0974,
KR6j0154,T19n0974,T19n0974C 加句靈驗佛頂尊勝陀羅尼記,catalog,T19n0974,
KR6j0155,T19n0974,T19n0974D 佛頂尊勝陀羅尼注義,catalog,T19n0974,
KR6j0156,T19n0974,T19n0974E 佛頂尊勝陀羅尼眞言,catalog,T19n0974,
KR6j0157,T19n0974,T19n0974F 佛頂尊勝陀羅尼別法,catalog,T19n0974,
KR6j0158,T19n0975,T19n0975 白傘蓋大佛頂王最勝無比大威徳金剛無礙大道場陀羅尼念誦法要,catalog,T19n0975,
KR6j0159,T19n0976,T19n0976 佛頂大白傘蓋陀羅尼經,catalog,T19n0976,
KR6j0160,T19n0977,T19n0977 大白傘蓋總持陀羅尼經,catalog,T19n0977,
KR6j0163,T19n0978,T19n0978 一切如來烏瑟膩沙最勝總持經,catalog,T19n0978,
KR6j0164,T19n0979,T19n0979 于瑟h沙a左野陀羅尼,catalog,T19n0979,
KR6j0165,T19n0980,T19n0980 大勝金剛佛頂念誦儀軌,catalog,T19n0980,
KR6j0166,T19n0981,T19n0981 大毘盧遮那佛眼修行儀軌,catalog,T19n0981,
KR6j0167,T19n0982,T19n0982 佛母大孔雀明王經,catalog,T19n0982,
KR6j0169,T19n0983,T19n0983A 大孔雀明王畫像壇場儀軌,catalog,T19n0983,
KR6j0170,T19n0983,T19n0983B 孔雀經眞言等梵本,catalog,T19n0983,
KR6j0171,T19n0984,T19n0984 孔雀王呪經,catalog,T19n0984,
KR6j0172,T19n0985,T19n0985 大孔雀呪王經,catalog,T19n0985,
KR6j0173,T19n0986,T19n0986 大金色孔雀王呪,catalog,T19n0986,
KR6j0174,T19n0987,T19n0987 大金色孔雀王呪經,catalog,T19n0987,
KR6j0175,T19n0988,T19n0988 孔雀王呪經,catalog,T19n0988,
KR6j0176,T19n0989,T19n0989 大雲輪請雨經,catalog,T19n0989,
KR6j0177,T19n0990,T19n0990 大雲經祈雨壇法,catalog,T19n0990,
KR6j0178,T19n0991,T19n0991 大雲輪請雨經,catalog,T19n0991,
KR6j0179,T19n0992,T19n0992 大方等大雲經請雨品第六十四,catalog,T19n0992,
KR6j0180,T19n0993,T19n0993 大雲經請雨品第六十四,catalog,T19n0993,
KR6j0181,T19n0994,T19n0994 仁王護國般若波羅蜜多經陀羅尼念誦儀軌,catalog,T19n0994,
KR6j0184,T19n0995,T19n0995 仁王般若念誦法,catalog,T19n0995,
KR6j0185,T19n0996,T19n0996 仁王般若陀羅尼釋,catalog,T19n0996,
KR6j0186,T19n0997,T19n0997 守護國界主陀羅尼經,catalog,T19n0997,
KR6j0187,T19n0998,T19n0998 廻向輪經,catalog,T19n0998,
KR6j0188,T19n0999,T19n0999 守護大千國土經,catalog,T19n0999,
KR6j0189,T19n1000,T19n1000 成就妙法蓮華經王瑜伽觀智儀軌,catalog,T19n1000,
KR6j0190,T19n1001,T19n1001 法華曼荼羅威儀形色法經,catalog,T19n1001,
KR6j0191,T19n1002,T19n1002 不空羂索毘盧遮那佛大灌頂光眞言,catalog,T19n1002,
KR6j0193,T19n1003,T19n1003 大樂金剛不空眞實三昧耶經般若波羅蜜多理趣釋,catalog,T19n1003,
KR6j0196,T19n1004,T19n1004 般若波羅蜜多理趣經大樂不空三昧眞實金剛薩i菩薩等一十七聖大曼荼羅義述,catalog,T19n1004,
KR6j0197,T19n1005,T19n1005A 大寶廣博樓閣善住祕密陀羅尼經,catalog,T19n1005,
KR6j0198,T19n1005,T19n1005B 寶樓閣經梵字眞言,catalog,T19n1005,
KR6j0199,T19n1006,T19n1006 廣大寶樓閣善住祕密陀羅尼經,catalog,T19n1006,
KR6j0200,T19n1007,T19n1007 牟梨曼陀羅呪經,catalog,T19n1007,
KR6j0201,T19n1008,T19n1008 菩提場莊嚴陀羅尼經,catalog,T19n1008,
KR6j0202,T19n1009,T19n1009 出生無邊門陀羅尼經,catalog,T19n1009,
KR6j0203,T19n1010,T19n1010 出生無邊門陀羅尼儀軌,catalog,T19n1010,
KR6j0204,T19n1011,T19n1011 無量門微密持經,catalog,T19n1011,
KR6j0205,T19n1012,T19n1012 出生無量門持經,catalog,T19n1012,
KR6j0206,T19n1013,T19n1013 阿難陀目j尼呵離陀經,catalog,T19n1013,
KR6j0207,T19n1014,T19n1014 無量門破魔陀羅尼經,catalog,T19n1014,
KR6j0208,T19n1015,T19n1015 阿難陀目j呵離陀鄰尼經,catalog,T19n1015,
KR6j0209,T19n1016,T19n1016 舍利弗陀羅尼經,catalog,T19n1016,
KR6j0210,T19n1017,T19n1017 一向出生菩薩經,catalog,T19n1017,
KR6j0211,T19n1018,T19n1018 出生無邊門陀羅尼經,catalog,T19n1018,
KR6j0212,T19n1019,T19n1019 大方廣佛華嚴經入法界品四十二字觀門,catalog,T19n1019,
KR6j0213,T19n1020,T19n1020 大方廣佛華嚴經入法界品頓證毘盧遮那法身字輪瑜伽儀軌,catalog,T19n1020,
KR6j0214,T19n1021,T19n1021 華嚴經心陀羅尼,catalog,T19n1021,
KR6j0215,T19n1022,T19n1022A 一切如來心祕密全身舍利寶篋印陀羅尼經,catalog,T19n1022,
KR6j0216,T19n1022,T19n1022B 一切如來心祕密全身舍利寶篋印陀羅尼經,catalog,T19n1022,
KR6j0217,T19n1023,T19n1023 一切如來正法祕密篋印心陀羅尼經,catalog,T19n1023,
KR6j0218,T19n1024,T19n1024 無垢淨光大陀羅尼經,catalog,T19n1024,
KR6j0219,T19n1025,T19n1025 佛頂放無垢光明入普門觀察一切如來心陀羅尼經,catalog,T19n1025,
KR6j0220,T19n1026,T19n1026 造塔延命功徳經,catalog,T19n1026,
KR6j0221,T19n1027,T19n1027A 金剛光焔止風雨陀羅尼經,kanripo_CBETA_ID,T19n1027,
KR6j0223,T19n1028,T19n1028A 護諸童子陀羅尼經,catalog,T19n1028,
KR6j0224,T19n1028,T19n1028B 童子經念誦法,catalog,T19n1028,
KR6j0225,T19n1029,T19n1029 安宅陀羅尼呪經,catalog,T19n1029,
KR6j0228,T20n1030,T20n1030 觀自在大悲成就瑜伽蓮華部念誦法門,catalog,T20n1030,
KR6j0229,T20n1031,T20n1031 聖觀自在菩薩心眞言瑜伽觀行儀軌,catalog,T20n1031,
KR6j0230,T20n1032,T20n1032 瑜伽蓮華部念誦法,catalog,T20n1032,
KR6j0231,T20n1033,T20n1033 金剛恐怖集會方廣軌儀觀自在菩薩三世最勝心明王經,catalog,T20n1033,
KR6j0232,T20n1034,T20n1034 呪五首,catalog,T20n1034,
KR6j0233,T20n1035,T20n1035 千轉陀羅尼觀世音菩薩呪,catalog,T20n1035,
KR6j0234,T20n1036,T20n1036 千轉大明陀羅尼經,catalog,T20n1036,
KR6j0235,T20n1037,T20n1037 觀自在菩薩説普賢陀羅尼經,catalog,T20n1037,
KR6j0236,T20n1038,T20n1038 清淨觀世音普賢陀羅尼經,catalog,T20n1038,
KR6j0237,T20n1039,T20n1039 阿k多羅陀羅尼阿l力經,catalog,T20n1039,
KR6j0238,T20n1040,T20n1040 金剛頂降三世大儀軌法王教中觀自在菩薩心眞言一切如來蓮華大曼荼羅品,catalog,T20n1040,
KR6j0239,T20n1041,T20n1041 觀自在菩薩心眞言一印念誦法,catalog,T20n1041,
KR6j0240,T20n1042,T20n1042 觀自在菩薩大悲智印周遍法界利益衆生薫眞如法,catalog,T20n1042,
KR6j0241,T20n1043,T20n1043 請觀世音菩薩消伏毒害陀羅尼呪經,catalog,T20n1043,
KR6j0242,T20n1044,T20n1044 六字呪王經,catalog,T20n1044,
KR6j0243,T20n1045,T20n1045A 六字神呪王經,kanripo_CBETA_ID,T20n1045,
KR6j0245,T20n1046,T20n1046 六字大陀羅尼呪經,catalog,T20n1046,
KR6j0246,T20n1047,T20n1047 聖六字大明王陀羅尼經,catalog,T20n1047,
KR6j0247,T20n1048,T20n1048 大護明大陀羅尼經,catalog,T20n1048,
KR6j0248,T20n1049,T20n1049 聖六字増壽大明陀羅尼經,catalog,T20n1049,
KR6j0249,T20n1050,T20n1050 大乘莊嚴寶王經,catalog,T20n1050,
KR6j0250,T20n1051,T20n1051 一切佛攝相應大教王經聖觀自在菩薩念誦儀軌,catalog,T20n1051,
KR6j0251,T20n1052,T20n1052 讃觀世音菩薩頌,catalog,T20n1052,
KR6j0252,T20n1053,T20n1053 聖觀自在菩薩功徳讃,catalog,T20n1053,
KR6j0253,T20n1054,T20n1054 聖觀自在菩薩一百八名經,catalog,T20n1054,
KR6j0254,T20n1055,T20n1055 聖觀自在菩薩梵讃,catalog,T20n1055,
KR6j0255,T20n1056,T20n1056 金剛頂瑜伽千手千眼觀自在菩薩修行儀軌經,catalog,T20n1056,
KR6j0256,T20n1057,T20n1057A 千眼千臂觀世音菩薩陀羅尼神呪經,kanripo_CBETA_ID,T20n1057,
KR6j0258,T20n1058,T20n1058 千手千眼觀世音菩薩姥陀羅尼身經,catalog,T20n1058,
KR6j0259,T20n1059,T20n1059 千手千眼觀世音菩薩治病合藥經,catalog,T20n1059,
KR6j0260,T20n1060,T20n1060 千手千眼觀世音菩薩廣大圓滿無礙大悲心陀羅尼經,catalog,T20n1060,
KR6j0262,T20n1061,T20n1061 千手千眼觀自在菩薩廣大圓滿無礙大悲心陀羅尼呪本,catalog,T20n1061,
KR6j0265,T20n1062,T20n1062A 千手千眼觀世音菩薩大身呪本,catalog,T20n1062,
KR6j0266,T20n1062,T20n1062B 世尊聖者千眼千首千足千舌千臂觀自在菩提薩i怛m廣大圓滿無礙大悲心陀羅尼,catalog,T20n1062,
KR6j0267,T20n1063,T20n1063 番大悲神呪,catalog,T20n1063,
KR6j0269,T20n1064,T20n1064 千手千眼觀世音菩薩大悲心陀羅尼,catalog,T20n1064,
KR6j0271,T20n1065,T20n1065 千光眼觀自在菩薩祕密法經,catalog,T20n1065,
KR6j0272,T20n1066,T20n1066 大悲心陀羅尼修行念誦略儀,catalog,T20n1066,
KR6j0273,T20n1067,T20n1067 攝無礙大悲心大陀羅尼經計一法中出無量義南方滿願補陀落海會五部諸尊等弘誓力方位及威儀形色執持三摩耶n幟曼荼羅儀軌,catalog,T20n1067,
KR6j0274,T20n1068,T20n1068 千手觀音造次第法儀軌,catalog,T20n1068,
KR6j0275,T20n1069,T20n1069 十一面觀自在菩薩心密言念誦儀軌經,catalog,T20n1069,
KR6j0276,T20n1070,T20n1070 十一面觀世音神呪經,catalog,T20n1070,
KR6j0277,T20n1071,T20n1071 十一面神呪心經,catalog,T20n1071,
KR6j0278,T20n1072,T20n1072A 聖賀野o哩縛大威怒王立成大神驗供養念誦儀軌法品,catalog,T20n1072,
KR6j0279,T20n1072,T20n1072B 馬頭觀音心陀羅尼,catalog,T20n1072,
KR6j0280,T20n1073,T20n1073 何耶掲k婆像法,catalog,T20n1073,
KR6j0281,T20n1074,T20n1074 何耶掲k婆觀世音菩薩受法壇,catalog,T20n1074,
KR6j0282,T20n1075,T20n1075 七倶胝佛母准提大明陀羅尼經,catalog,T20n1075,
KR6j0283,T20n1076,T20n1076 七倶胝佛母所説准提陀羅尼經,catalog,T20n1076,
KR6j0284,T20n1077,T20n1077 七倶胝佛母心大准提陀羅尼經,catalog,T20n1077,
KR6j0285,T20n1078,T20n1078 七佛倶胝佛母心大准提陀羅尼法,catalog,T20n1078,
KR6j0286,T20n1079,T20n1079 七倶胝獨部法,catalog,T20n1079,
KR6j0287,T20n1080,T20n1080 如意輪陀羅尼經,catalog,T20n1080,
KR6j0288,T20n1081,T20n1081 觀自在菩薩如意心陀羅尼呪經,catalog,T20n1081,
KR6j0289,T20n1082,T20n1082 觀世音菩薩祕密藏如意輪陀羅尼神呪經,catalog,T20n1082,
KR6j0290,T20n1083,T20n1083 觀世音菩薩如意摩尼陀羅尼經,catalog,T20n1083,
KR6j0291,T20n1084,T20n1084 觀世音菩薩如意摩尼輪陀羅尼念誦經,catalog,T20n1084,
KR6j0292,T20n1085,T20n1085 觀自在菩薩如意輪念誦儀軌,catalog,T20n1085,
KR6j0293,T20n1086,T20n1086 觀自在菩薩如意輪瑜伽,catalog,T20n1086,
KR6j0294,T20n1087,T20n1087 觀自在如意輪菩薩瑜伽法要,catalog,T20n1087,
KR6j0296,T20n1088,T20n1088 如意輪菩薩觀門義注祕訣,catalog,T20n1088,
KR6j0297,T20n1089,T20n1089 都表如意摩尼轉輪聖王次第念誦祕密最要略法,catalog,T20n1089,
KR6j0298,T20n1090,T20n1090 如意輪蓮華心如來修行觀門儀,catalog,T20n1090,
KR6j0299,T20n1091,T20n1091 七星如意輪祕密要經,catalog,T20n1091,
KR6j0300,T20n1092,T20n1092 不空羂索神變眞言經,catalog,T20n1092,
KR6j0301,T20n1093,T20n1093 不空羂索呪經,catalog,T20n1093,
KR6j0302,T20n1094,T20n1094 不空羂索神呪心經,catalog,T20n1094,
KR6j0303,T20n1095,T20n1095 不空羂索呪心經,catalog,T20n1095,
KR6j0304,T20n1096,T20n1096 不空羂索陀羅尼經,catalog,T20n1096,
KR6j0305,T20n1097,T20n1097 不空羂索陀羅尼自在王呪經,catalog,T20n1097,
KR6j0306,T20n1098,T20n1098 不空羂索陀羅尼儀軌經,catalog,T20n1098,
KR6j0307,T20n1099,T20n1099 聖觀自在菩薩不空王祕密心陀羅尼經,catalog,T20n1099,
KR6j0308,T20n1100,T20n1100 葉衣觀自在菩薩經,catalog,T20n1100,
KR6j0309,T20n1101,T20n1101 大方廣曼殊室利經,catalog,T20n1101,
KR6j0310,T20n1102,T20n1102 金剛頂經多羅菩薩念誦法,catalog,T20n1102,
KR6j0311,T20n1103,T20n1103A 觀自在菩薩隨心呪經,kanripo_CBETA_ID,T20n1103,
KR6j0313,T20n1104,T20n1104 聖多羅菩薩經,catalog,T20n1104,
KR6j0314,T20n1105,T20n1105 聖多羅菩薩一百八名陀羅尼經,catalog,T20n1105,
KR6j0315,T20n1106,T20n1106 讃揚聖徳多羅菩薩一百八名經,catalog,T20n1106,
KR6j0316,T20n1107,T20n1107 聖多羅菩薩梵讃,catalog,T20n1107,
KR6j0317,T20n1108,T20n1108A 聖救度佛母二十一種禮讃經,catalog,T20n1108,
KR6j0318,T20n1108,T20n1108B 救度佛母二十一種禮讃經,catalog,T20n1108,
KR6j0319,T20n1109,T20n1109 白救度佛母讃,catalog,T20n1109,
KR6j0320,T20n1110,T20n1110 一髻尊陀羅尼經,catalog,T20n1110,
KR6j0321,T20n1111,T20n1111 青頸觀自在菩薩心陀羅尼經,catalog,T20n1111,
KR6j0322,T20n1112,T20n1112 金剛頂瑜伽青頸大悲王觀自在念誦儀軌,catalog,T20n1112,
KR6j0323,T20n1113,T20n1113A 觀自在菩薩廣大圓滿無礙大悲心大陀羅尼,catalog,T20n1113,
KR6j0324,T20n1113,T20n1113B 大慈大悲救苦觀世音自在王菩薩廣大圓滿無礙自在青頸大悲心陀羅尼,catalog,T20n1113,
KR6j0325,T20n1114,T20n1114 毘倶胝菩薩一百八名經,catalog,T20n1114,
KR6j0326,T20n1115,T20n1115 觀自在菩薩阿摩p法,catalog,T20n1115,
KR6j0327,T20n1116,T20n1116 廣大蓮華荘嚴曼荼羅一切罪陀羅尼經,catalog,T20n1116,
KR6j0328,T20n1117,T20n1117 觀自在菩薩母陀羅尼經,catalog,T20n1117,
KR6j0329,T20n1118,T20n1118 十八臂陀羅尼經,catalog,T20n1118,
KR6j0333,T20n1119,T20n1119 大樂金剛薩i修行成就儀軌,catalog,T20n1119,
KR6j0334,T20n1120,T20n1120A 金剛頂勝初瑜伽經中略出大樂金剛薩i念誦儀軌,catalog,T20n1120,
KR6j0335,T20n1120,T20n1120B 勝初瑜伽儀軌眞言,catalog,T20n1120,
KR6j0336,T20n1121,T20n1121 金剛頂普賢瑜伽大教王經大樂不空金剛薩i一切時方成就儀,catalog,T20n1121,
KR6j0337,T20n1122,T20n1122 金剛頂瑜伽他化自在天理趣會普賢修行念誦儀軌,catalog,T20n1122,
KR6j0338,T20n1123,T20n1123 金剛頂勝初瑜伽普賢菩薩念誦法,catalog,T20n1123,
KR6j0339,T20n1124,T20n1124 普賢金剛薩i略瑜伽念誦儀軌,catalog,T20n1124,
KR6j0340,T20n1125,T20n1125 金剛頂瑜伽金剛薩i五祕密修行念誦儀軌,catalog,T20n1125,
KR6j0341,T20n1126,T20n1126 普賢曼拏羅經,catalog,T20n1126,
KR6j0342,T20n1127,T20n1127 普賢菩薩陀羅尼經,catalog,T20n1127,
KR6j0343,T20n1128,T20n1128 最上大乘金剛大教寶王經,catalog,T20n1128,
KR6j0344,T20n1129,T20n1129 金剛手菩薩降伏一切部多大教王經,catalog,T20n1129,
KR6j0345,T20n1130,T20n1130 大乘金剛髻珠菩薩修行分,catalog,T20n1130,
KR6j0346,T20n1131,T20n1131 聖金剛手菩薩一百八名梵讃,catalog,T20n1131,
KR6j0347,T20n1132,T20n1132 金剛王菩薩祕密念誦儀軌,catalog,T20n1132,
KR6j0348,T20n1133,T20n1133 金剛壽命陀羅尼念誦法,catalog,T20n1133,
KR6j0349,T20n1134,T20n1134A 金剛壽命陀羅尼經法,catalog,T20n1134,
KR6j0350,T20n1134,T20n1134B 金剛壽命陀羅尼經,catalog,T20n1134,
KR6j0351,T20n1135,T20n1135 一切如來金剛壽命陀羅尼經,catalog,T20n1135,
KR6j0352,T20n1136,T20n1136 一切諸如來光明加持普賢菩薩延命金剛最勝陀羅尼經,catalog,T20n1136,
KR6j0353,T20n1137,T20n1137 善法方便陀羅尼經,catalog,T20n1137,
KR6j0354,T20n1138,T20n1138A 金剛祕密善門陀羅尼經,kanripo_CBETA_ID,T20n1138,
KR6j0356,T20n1139,T20n1139 護命法門神呪經,catalog,T20n1139,
KR6j0357,T20n1140,T20n1140 延壽妙門陀羅尼經,catalog,T20n1140,
KR6j0358,T20n1141,T20n1141 慈氏菩薩略修瑜伽念誦法,catalog,T20n1141,
KR6j0359,T20n1142,T20n1142 慈氏菩薩陀羅尼,catalog,T20n1142,
KR6j0360,T20n1143,T20n1143 慈氏菩薩誓願陀羅尼經,catalog,T20n1143,
KR6j0361,T20n1144,T20n1144 彌勒菩薩發願王偈,catalog,T20n1144,
KR6j0362,T20n1145,T20n1145 虚空藏菩薩能滿諸願最勝心陀羅尼求聞持法,catalog,T20n1145,
KR6j0363,T20n1146,T20n1146 大虚空藏菩薩念誦法,catalog,T20n1146,
KR6j0364,T20n1147,T20n1147 聖虚空藏菩薩陀羅尼經,catalog,T20n1147,
KR6j0365,T20n1148,T20n1148 虚空藏菩薩陀羅尼,catalog,T20n1148,
KR6j0366,T20n1149,T20n1149 五大虚空藏菩薩速疾大神驗祕密式經,catalog,T20n1149,
KR6j0368,T20n1150,T20n1150 轉法輪菩薩摧魔怨敵法,catalog,T20n1150,
KR6j0369,T20n1151,T20n1151 修習般若波羅蜜菩薩觀行念誦儀軌,catalog,T20n1151,
KR6j0370,T20n1152,T20n1152 佛母般若波羅蜜多大明觀想儀軌,catalog,T20n1152,
KR6j0371,T20n1153,T20n1153 普へん光明清淨熾盛如意寶印心無能勝大明王大隨求陀羅尼經,catalog,T20n1153,
KR6j0373,T20n1154,T20n1154 隨求即得大自在陀羅尼神呪經,catalog,T20n1154,
KR6j0374,T20n1155,T20n1155 金剛頂瑜伽最勝祕密成佛隨求即得神變加持成就陀羅尼儀軌,catalog,T20n1155,
KR6j0375,T20n1156,T20n1156A 大隨求即得大陀羅尼明王懺悔法,catalog,T20n1156,
KR6j0377,T20n1156,T20n1156B 宗叡僧正於唐國師所口受,catalog,T20n1156,
KR6j0378,T20n1157,T20n1157 香王菩薩陀羅尼呪經,catalog,T20n1157,
KR6j0379,T20n1158,T20n1158 地藏菩薩儀軌,catalog,T20n1158,
KR6j0380,T20n1159,T20n1159A rs大道心驅策法,catalog,T20n1159,
KR6j0381,T20n1159,T20n1159B 地藏菩薩陀羅尼經,catalog,T20n1159,
KR6j0382,T20n1160,T20n1160 日光菩薩月光菩薩陀羅尼,catalog,T20n1160,
KR6j0383,T20n1161,T20n1161 觀藥王藥上二菩薩經,catalog,T20n1161,
KR6j0384,T20n1162,T20n1162 持世陀羅尼經,catalog,T20n1162,
KR6j0385,T20n1163,T20n1163 雨寶陀羅尼經,catalog,T20n1163,
KR6j0386,T20n1164,T20n1164 大乘聖吉祥持世陀羅尼經,catalog,T20n1164,
KR6j0387,T20n1165,T20n1165 聖持世陀羅尼經,catalog,T20n1165,
KR6j0388,T20n1166,T20n1166 馬鳴菩薩大神力無比驗法念誦儀軌,catalog,T20n1166,
KR6j0390,T20n1167,T20n1167 八大菩薩曼荼羅經,catalog,T20n1167,
KR6j0391,T20n1168,T20n1168A 大乘八大曼拏羅經,catalog,T20n1168,
KR6j0392,T20n1168,T20n1168B 八曼荼羅經,catalog,T20n1168,
KR6j0393,T20n1169,T20n1169 持明藏瑜伽大教尊那菩薩大明成就儀軌經,catalog,T20n1169,
KR6j0394,T20n1170,T20n1170 金剛香菩薩大明成就儀軌經,catalog,T20n1170,
KR6j0395,T20n1171,T20n1171 金剛頂經瑜伽文殊師利菩薩法一品,catalog,T20n1171,
KR6j0396,T20n1172,T20n1172 金剛頂超勝三界經説文殊五字眞言勝相,catalog,T20n1172,
KR6j0397,T20n1173,T20n1173 金剛頂經曼殊室利菩薩五字心陀羅尼品,catalog,T20n1173,
KR6j0398,T20n1174,T20n1174 五字陀羅尼頌,catalog,T20n1174,
KR6j0399,T20n1175,T20n1175 金剛頂經瑜伽文殊師利菩薩供養儀軌,catalog,T20n1175,
KR6j0400,T20n1176,T20n1176 曼殊室利童子菩薩五字瑜伽法,catalog,T20n1176,
KR6j0401,T20n1177,T20n1177A 大乘瑜伽金剛性海曼殊室利千臂千鉢大教王經,catalog,T20n1177,
KR6j0402,T20n1177,T20n1177B 千鉢文殊一百八名讃,catalog,T20n1177,
KR6j0403,T20n1178,T20n1178 文殊菩薩獻佛陀羅尼名烏蘇叱,catalog,T20n1178,
KR6j0404,T20n1179,T20n1179 文殊師利菩薩六字呪効能法經,catalog,T20n1179,
KR6j0405,T20n1180,T20n1180 六字神呪經,catalog,T20n1180,
KR6j0406,T20n1181,T20n1181 大方廣菩薩藏經中文殊師利根本一字陀羅尼經,catalog,T20n1181,
KR6j0407,T20n1182,T20n1182 曼殊室利菩薩呪藏中一字呪王經,catalog,T20n1182,
KR6j0408,T20n1183,T20n1183 一髻文殊師利童子陀羅尼念誦儀軌,catalog,T20n1183,
KR6j0409,T20n1184,T20n1184 大聖妙吉祥菩薩祕密八字陀羅尼修行曼荼羅次第儀軌法,catalog,T20n1184,
KR6j0410,T20n1185,T20n1185A 文殊師利法寶藏陀羅尼經,catalog,T20n1185,
KR6j0411,T20n1185,T20n1185B 文殊師利寶藏陀羅尼經,catalog,T20n1185,
KR6j0412,T20n1186,T20n1186 妙吉祥菩薩陀羅尼,catalog,T20n1186,
KR6j0413,T20n1187,T20n1187 最勝妙吉祥根本智最上祕密一切名義三摩地分,catalog,T20n1187,
KR6j0414,T20n1188,T20n1188 文殊所説最勝名義經,catalog,T20n1188,
KR6j0415,T20n1189,T20n1189 文殊最勝眞實名義經,catalog,T20n1189,
KR6j0416,T20n1190,T20n1190 聖妙吉祥眞實名經,catalog,T20n1190,
KR6j0417,T20n1191,T20n1191 大方廣菩薩藏文殊師利根本儀軌經,catalog,T20n1191,
KR6j0418,T20n1192,T20n1192 妙吉祥平等祕密最上觀門大教王經,catalog,T20n1192,
KR6j0419,T20n1193,T20n1193 妙吉祥平等瑜伽祕密觀身成佛儀軌,catalog,T20n1193,
KR6j0420,T20n1194,T20n1194 妙吉祥平等觀門大教王經略出護摩儀,catalog,T20n1194,
KR6j0421,T20n1195,T20n1195 大聖文殊師利菩薩讃佛法身禮,catalog,T20n1195,
KR6j0422,T20n1196,T20n1196 曼殊室利菩薩吉祥伽陀,catalog,T20n1196,
KR6j0423,T20n1197,T20n1197 文殊師利一百八名梵讃,catalog,T20n1197,
KR6j0424,T20n1198,T20n1198 聖者文殊師利發菩提心願文,catalog,T20n1198,
KR6j0426,T21n1199,T21n1199 金剛手光明潅頂經最勝立印聖無動尊大威怒王念誦儀軌法品,catalog,T21n1199,
KR6j0427,T21n1200,T21n1200 底哩三昧耶不動尊威怒王使者念誦法,catalog,T21n1200,
KR6j0428,T21n1201,T21n1201 底哩三昧耶不動尊聖者念誦祕密法,catalog,T21n1201,
KR6j0429,T21n1202,T21n1202 不動使者陀羅尼祕密法,catalog,T21n1202,
KR6j0430,T21n1203,T21n1203 聖無動尊安鎮家國等法,catalog,T21n1203,
KR6j0431,T21n1204,T21n1204 聖無動尊一字出生八大童子祕要法品,catalog,T21n1204,
KR6j0432,T21n1205,T21n1205 勝軍不動明王四十八使者祕密成就儀軌,catalog,T21n1205,
KR6j0433,T21n1206,T21n1206 倶利伽羅大龍勝外道伏陀羅尼經,catalog,T21n1206,
KR6j0434,T21n1207,T21n1207 説矩里迦龍王像法,catalog,T21n1207,
KR6j0435,T21n1208,T21n1208 倶力迦羅龍王儀軌,catalog,T21n1208,
KR6j0436,T21n1209,T21n1209 金剛頂瑜伽降三世成就極深密門,catalog,T21n1209,
KR6j0437,T21n1210,T21n1210 降三世忿怒明王念誦儀軌,catalog,T21n1210,
KR6j0438,T21n1211,T21n1211 甘露軍荼利菩薩供養念誦成就儀軌,catalog,T21n1211,
KR6j0439,T21n1212,T21n1212 西方陀羅尼藏中金剛族阿蜜哩多軍C哩法,catalog,T21n1212,
KR6j0440,T21n1213,T21n1213 千臂軍荼利梵字眞言,catalog,T21n1213,
KR6j0441,T21n1214,T21n1214 聖閻曼徳迦威怒王立成大神獻念誦法,catalog,T21n1214,
KR6j0442,T21n1215,T21n1215 大乘方廣曼殊室利菩薩華嚴本教閻曼徳迦忿怒王眞言大威徳儀軌品,catalog,T21n1215,
KR6j0443,T21n1216,T21n1216 大方廣曼殊室利童眞菩薩華嚴本教讃閻曼徳迦忿怒王眞言阿毘遮l迦儀軌品,catalog,T21n1216,
KR6j0444,T21n1217,T21n1217 妙吉祥最勝根本大教經,catalog,T21n1217,
KR6j0445,T21n1218,T21n1218 文殊師利耶曼徳迦呪法,catalog,T21n1218,
KR6j0446,T21n1219,T21n1219 曼殊室利焔曼徳迦万愛祕術如意法,catalog,T21n1219,
KR6j0447,T21n1220,T21n1220 金剛藥叉瞋怒王息災大威神驗念誦儀軌,catalog,T21n1220,
KR6j0448,T21n1221,T21n1221 青色大金剛藥叉辟鬼魔法,catalog,T21n1221,
KR6j0449,T21n1222,T21n1222A 聖迦u忿怒金剛童子菩薩成就儀軌經,kanripo_CBETA_ID,T21n1222,
KR6j0451,T21n1223,T21n1223 無量壽佛化身大忿迅倶摩羅金剛念誦瑜伽儀軌法,catalog,T21n1223,
KR6j0452,T21n1224,T21n1224 金剛童子持念經,catalog,T21n1224,
KR6j0453,T21n1225,T21n1225 大威怒烏芻澁麼儀軌經,catalog,T21n1225,
KR6j0454,T21n1226,T21n1226 烏芻澁明王儀軌梵字,catalog,T21n1226,
KR6j0455,T21n1227,T21n1227 大威力烏樞瑟摩明王經,catalog,T21n1227,
KR6j0456,T21n1228,T21n1228 穢跡金剛説神通大滿陀羅尼法術靈要門,catalog,T21n1228,
KR6j0457,T21n1229,T21n1229 穢跡金剛禁百變法經,catalog,T21n1229,
KR6j0458,T21n1230,T21n1230 大輪金剛總持陀羅尼經,catalog,T21n1230,
KR6j0459,T21n1231,T21n1231 大輪金剛修行悉地成就及供養法,catalog,T21n1231,
KR6j0460,T21n1232,T21n1232 播般曩結使波(唐云歩擲)金剛念誦儀,catalog,T21n1232,
KR6j0461,T21n1233,T21n1233 無能勝大明王陀羅尼經,catalog,T21n1233,
KR6j0462,T21n1234,T21n1234 無能勝大明陀羅尼經,catalog,T21n1234,
KR6j0463,T21n1235,T21n1235 無能勝大明心陀羅尼法,catalog,T21n1235,
KR6j0464,T21n1236,T21n1236 聖無能勝金剛火陀羅尼經,catalog,T21n1236,
KR6j0465,T21n1237,T21n1237 阿C婆拘鬼神大將上佛陀羅尼神呪經,catalog,T21n1237,
KR6j0466,T21n1238,T21n1238 阿C婆拘鬼神大將上佛陀羅尼經,catalog,T21n1238,
KR6j0467,T21n1239,T21n1239 阿C薄倶元帥大將上佛陀羅尼修行儀軌,catalog,T21n1239,
KR6j0468,T21n1240,T21n1240 阿C薄拘付嘱呪,catalog,T21n1240,
KR6j0469,T21n1241,T21n1241 伽駄金剛眞言,catalog,T21n1241,
KR6j0470,T21n1242,T21n1242 妙吉祥瑜伽大教金剛倍em輪觀相成就儀軌經,catalog,T21n1242,
KR6j0471,T21n1243,T21n1243 出生一切如來法眼遍照大力明王經,catalog,T21n1243,
KR6j0472,T21n1244,T21n1244 毘沙門天王經,catalog,T21n1244,
KR6j0473,T21n1245,T21n1245 毘沙門天王經,catalog,T21n1245,
KR6j0474,T21n1246,T21n1246 摩訶吠室羅末那野提婆喝e闍陀羅尼儀軌,catalog,T21n1246,
KR6j0475,T21n1247,T21n1247 北方毘沙門天王隨軍護法儀軌,catalog,T21n1247,
KR6j0476,T21n1248,T21n1248 北方毘沙門天王隨軍護法眞言,catalog,T21n1248,
KR6j0477,T21n1249,T21n1249 毘沙門儀軌,catalog,T21n1249,
KR6j0478,T21n1250,T21n1250 北方毘沙門多聞寶藏天王神妙陀羅尼別行儀軌,catalog,T21n1250,
KR6j0479,T21n1251,T21n1251 吽迦陀野儀軌,catalog,T21n1251,
KR6j0480,T21n1252,T21n1252A 大吉祥天女十二名號經,kanripo_CBETA_ID,T21n1252,
KR6j0482,T21n1253,T21n1253 大吉祥天女十二契一百八名無垢大乘經,catalog,T21n1253,
KR6j0483,T21n1254,T21n1254 末利支提婆華鬘經,catalog,T21n1254,
KR6j0484,T21n1255,T21n1255A 摩利支天菩薩陀羅尼經,kanripo_CBETA_ID,T21n1255,
KR6j0486,T21n1256,T21n1256 摩利支天陀羅尼呪經,catalog,T21n1256,
KR6j0487,T21n1257,T21n1257 大摩里支菩薩經,catalog,T21n1257,
KR6j0488,T21n1258,T21n1258 摩利支菩薩略念誦法,catalog,T21n1258,
KR6j0489,T21n1259,T21n1259 摩利支天一印法,catalog,T21n1259,
KR6j0490,T21n1260,T21n1260 大藥叉女歡喜母并愛子成就法,catalog,T21n1260,
KR6j0491,T21n1261,T21n1261 訶利帝母眞言經,catalog,T21n1261,
KR6j0492,T21n1262,T21n1262 鬼子母經,catalog,T21n1262,
KR6j0493,T21n1263,T21n1263 氷掲羅天童子經,catalog,T21n1263,
KR6j0494,T21n1264,T21n1264A 觀自在菩薩化身v麌哩曳童女銷伏毒害陀羅尼經,kanripo_CBETA_ID,T21n1264,
KR6j0496,T21n1265,T21n1265 常瞿利毒女陀羅尼呪經,catalog,T21n1265,
KR6j0497,T21n1266,T21n1266 大聖天歡喜雙身a那夜迦法,catalog,T21n1266,
KR6j0498,T21n1267,T21n1267 使呪法經,catalog,T21n1267,
KR6j0499,T21n1268,T21n1268 大使呪法經,catalog,T21n1268,
KR6j0500,T21n1269,T21n1269 金色迦那鉢底陀羅尼經,catalog,T21n1269,
KR6j0501,T21n1270,T21n1270 大聖歡喜雙身大自在天毘那夜迦王歸依念誦供養法,catalog,T21n1270,
KR6j0502,T21n1271,T21n1271 摩訶毘盧遮那如來定惠均等入三昧耶身雙身大聖歡喜天菩薩修行祕密法儀軌,catalog,T21n1271,
KR6j0503,T21n1272,T21n1272 金剛薩i説頻那夜迦天成就儀軌經,catalog,T21n1272,
KR6j0504,T21n1273,T21n1273 毘那夜迦w那鉢底瑜伽悉地品祕要,catalog,T21n1273,
KR6j0505,T21n1274,T21n1274 大聖歡喜雙身毘那夜迦天形像品儀軌,catalog,T21n1274,
KR6j0506,T21n1275,T21n1275 聖歡喜天式法,catalog,T21n1275,
KR6j0507,T21n1276,T21n1276 文殊師利菩薩根本大教王經金翅鳥王品,catalog,T21n1276,
KR6j0508,T21n1277,T21n1277 速疾立驗魔x首羅天説阿尾奢法,catalog,T21n1277,
KR6j0509,T21n1278,T21n1278 迦樓羅及諸天密言經,catalog,T21n1278,
KR6j0510,T21n1279,T21n1279 摩醯首羅天法要,catalog,T21n1279,
KR6j0511,T21n1280,T21n1280 摩醯首羅大自在天王神通化生伎藝天女念誦法,catalog,T21n1280,
KR6j0512,T21n1281,T21n1281 那羅延天共阿修羅王鬪戰法,catalog,T21n1281,
KR6j0513,T21n1282,T21n1282 寶藏天女陀羅尼法,catalog,T21n1282,
KR6j0514,T21n1283,T21n1283 寶藏神大明曼拏羅儀軌經,catalog,T21n1283,
KR6j0515,T21n1284,T21n1284 聖寶藏神儀軌經,catalog,T21n1284,
KR6j0516,T21n1285,T21n1285 寶賢陀羅尼經,catalog,T21n1285,
KR6j0517,T21n1286,T21n1286 堅牢地天儀軌,catalog,T21n1286,
KR6j0518,T21n1287,T21n1287 大黒天神法,catalog,T21n1287,
KR6j0519,T21n1288,T21n1288 最上祕密那拏天經,catalog,T21n1288,
KR6j0520,T21n1289,T21n1289 金毘羅童子威徳經,catalog,T21n1289,
KR6j0521,T21n1290,T21n1290 焔羅王供行法次第,catalog,T21n1290,
KR6j0522,T21n1291,T21n1291 深沙大將儀軌,catalog,T21n1291,
KR6j0523,T21n1292,T21n1292 法華十羅刹法,catalog,T21n1292,
KR6j0524,T21n1293,T21n1293 般若守護十六善神王形禮,catalog,T21n1293,
KR6j0525,T21n1294,T21n1294 施八方天儀則,catalog,T21n1294,
KR6j0526,T21n1295,T21n1295 供養護世八天法,catalog,T21n1295,
KR6j0527,T21n1296,T21n1296 十天儀軌,catalog,T21n1296,
KR6j0528,T21n1297,T21n1297 供養十二大威徳天報恩品,catalog,T21n1297,
KR6j0529,T21n1298,T21n1298 十二天供儀軌,catalog,T21n1298,
KR6j0530,T21n1299,T21n1299 文殊師利菩薩及諸仙所説吉凶時日善惡宿曜經,catalog,T21n1299,
KR6j0531,T21n1300,T21n1300 摩登伽經,catalog,T21n1300,
KR6j0532,T21n1301,T21n1301 舍頭諫太子二十八宿經,catalog,T21n1301,
KR6j0533,T21n1302,T21n1302 諸星母陀羅尼經,catalog,T21n1302,
KR6j0534,T21n1303,T21n1303 聖曜母陀羅尼經,catalog,T21n1303,
KR6j0535,T21n1304,T21n1304 宿曜儀軌,catalog,T21n1304,
KR6j0536,T21n1305,T21n1305 北斗七星念誦儀軌,catalog,T21n1305,
KR6j0537,T21n1306,T21n1306 北斗七星護摩祕要儀軌,catalog,T21n1306,
KR6j0538,T21n1307,T21n1307 北斗七星延命經,catalog,T21n1307,
KR6j0539,T21n1308,T21n1308 七曜攘災決,catalog,T21n1308,
KR6j0540,T21n1309,T21n1309 七曜星辰別行法,catalog,T21n1309,
KR6j0541,T21n1310,T21n1310 北斗七星護摩法,catalog,T21n1310,
KR6j0542,T21n1311,T21n1311 梵天火羅九曜,catalog,T21n1311,
KR6j0543,T21n1312,T21n1312 難z計濕me天説支輪經,catalog,T21n1312,
KR6j0544,T21n1313,T21n1313 救抜焔口餓鬼陀羅尼經,catalog,T21n1313,
KR6j0545,T21n1314,T21n1314 救面然餓鬼陀羅尼神呪經,catalog,T21n1314,
KR6j0546,T21n1315,T21n1315 施諸餓鬼飮食及水法,catalog,T21n1315,
KR6j0547,T21n1316,T21n1316 甘露經陀羅尼呪,catalog,T21n1316,
KR6j0548,T21n1317,T21n1317 甘露陀羅尼呪,catalog,T21n1317,
KR6j0549,T21n1318,T21n1318 瑜伽集要救阿難陀羅尼焔口軌儀經,catalog,T21n1318,
KR6j0550,T21n1319,T21n1319 瑜伽集要焔口施食起教阿難陀縁由,catalog,T21n1319,
KR6j0551,T21n1320,T21n1320 瑜伽集要焔口施食儀,catalog,T21n1320,
KR6j0552,T21n1321,T21n1321 施餓鬼甘露味大陀羅尼經,catalog,T21n1321,
KR6j0553,T21n1322,T21n1322 新集浴像儀軌,catalog,T21n1322,
KR6j0554,T21n1323,T21n1323 除一切疾病陀羅尼經,catalog,T21n1323,
KR6j0555,T21n1324,T21n1324 能淨一切眼疾病陀羅尼經,catalog,T21n1324,
KR6j0556,T21n1325,T21n1325 療痔病經,catalog,T21n1325,
KR6j0557,T21n1326,T21n1326 呪時氣病經,catalog,T21n1326,
KR6j0558,T21n1327,T21n1327 呪齒經,catalog,T21n1327,
KR6j0559,T21n1328,T21n1328 呪目經,catalog,T21n1328,
KR6j0560,T21n1329,T21n1329 呪小兒經,catalog,T21n1329,
KR6j0561,T21n1330,T21n1330 em拏説救療小兒疾病經,catalog,T21n1330,
KR6i0051,T21n1331,T21n1331 灌頂經,catalog,T21n1331,
KR6j0562,T21n1332,T21n1332 七佛八菩薩所説大陀羅尼神呪經,catalog,T21n1332,
KR6j0563,T21n1333,T21n1333 虚空藏菩薩問七佛陀羅尼呪經,catalog,T21n1333,
KR6j0564,T21n1334,T21n1334 如來方便善巧呪經,catalog,T21n1334,
KR6j0565,T21n1335,T21n1335 大吉義神呪經,catalog,T21n1335,
KR6j0566,T21n1336,T21n1336 陀羅尼雜集,catalog,T21n1336,
KR6j0567,T21n1337,T21n1337 種種雜呪經,catalog,T21n1337,
KR6j0568,T21n1338,T21n1338 呪三首經,catalog,T21n1338,
KR6j0569,T21n1339,T21n1339 大方等陀羅尼經,catalog,T21n1339,
KR6j0570,T21n1340,T21n1340 大法炬陀羅尼經,catalog,T21n1340,
KR6j0571,T21n1341,T21n1341 大威徳陀羅尼經,catalog,T21n1341,
KR6j0572,T21n1342,T21n1342 無崖際總持法門經,catalog,T21n1342,
KR6j0573,T21n1343,T21n1343 尊勝菩薩所問一切諸法入無量門陀羅尼經,catalog,T21n1343,
KR6j0574,T21n1344,T21n1344 金剛上味陀羅尼經,catalog,T21n1344,
KR6j0575,T21n1345,T21n1345 金剛場陀羅尼經,catalog,T21n1345,
KR6j0576,T21n1346,T21n1346 諸佛集會陀羅尼經,catalog,T21n1346,
KR6j0577,T21n1347,T21n1347 息除中夭陀羅尼經,catalog,T21n1347,
KR6j0578,T21n1348,T21n1348 十二佛名神呪校量功徳除障滅罪經,catalog,T21n1348,
KR6j0579,T21n1349,T21n1349 稱讃如來功徳神呪經,catalog,T21n1349,
KR6j0580,T21n1350,T21n1350 一切如來名號陀羅尼經,catalog,T21n1350,
KR6j0581,T21n1351,T21n1351 持句神呪經,catalog,T21n1351,
KR6j0582,T21n1352,T21n1352 陀鄰尼鉢經,catalog,T21n1352,
KR6j0583,T21n1353,T21n1353 東方最勝燈王陀羅尼經,catalog,T21n1353,
KR6j0584,T21n1354,T21n1354 東方最勝燈王如來經,catalog,T21n1354,
KR6j0585,T21n1355,T21n1355 聖最上燈明如來陀羅尼經,catalog,T21n1355,
KR6j0586,T21n1356,T21n1356 華積陀羅尼神呪經,catalog,T21n1356,
KR6j0587,T21n1357,T21n1357 師子奮迅菩薩所問經,catalog,T21n1357,
KR6j0588,T21n1358,T21n1358 花聚陀羅尼呪經,catalog,T21n1358,
KR6j0589,T21n1359,T21n1359 花積樓閣陀羅尼經,catalog,T21n1359,
KR6j0590,T21n1360,T21n1360 六門陀羅尼經,catalog,T21n1360,
KR6j0591,T21n1361,T21n1361 六門陀羅尼經論,catalog,T21n1361,
KR6j0592,T21n1362,T21n1362 善夜經,catalog,T21n1362,
KR6j0593,T21n1363,T21n1363 勝幢臂印陀羅尼經,catalog,T21n1363,
KR6j0594,T21n1364,T21n1364 妙臂印幢陀羅尼經,catalog,T21n1364,
KR6j0595,T21n1365,T21n1365 八名普密陀羅尼經,catalog,T21n1365,
KR6j0596,T21n1366,T21n1366 祕密八名陀羅尼經,catalog,T21n1366,
KR6j0597,T21n1367,T21n1367 大普賢陀羅尼經,catalog,T21n1367,
KR6j0598,T21n1368,T21n1368 大七寶陀羅尼經,catalog,T21n1368,
KR6j0599,T21n1369,T21n1369A 百千印陀羅尼經,kanripo_CBETA_ID,T21n1369,
KR6j0601,T21n1370,T21n1370 持明藏八大總持王經,catalog,T21n1370,
KR6j0602,T21n1371,T21n1371 聖大總持王經,catalog,T21n1371,
KR6j0603,T21n1372,T21n1372 増慧陀羅尼經,catalog,T21n1372,
KR6j0604,T21n1373,T21n1373 施一切無畏陀羅尼經,catalog,T21n1373,
KR6j0605,T21n1374,T21n1374 一切功徳莊嚴王經,catalog,T21n1374,
KR6j0606,T21n1375,T21n1375 莊嚴王陀羅尼呪經,catalog,T21n1375,
KR6j0607,T21n1376,T21n1376 聖莊嚴陀羅尼經,catalog,T21n1376,
KR6j0608,T21n1377,T21n1377 寶帶陀羅尼經,catalog,T21n1377,
KR6j0609,T21n1378,T21n1378A 玄師L陀所説神呪經,kanripo_CBETA_ID,T21n1378,
KR6j0611,T21n1379,T21n1379 大愛陀羅尼經,catalog,T21n1379,
KR6j0612,T21n1380,T21n1380 善樂長者經,catalog,T21n1380,
KR6j0613,T21n1381,T21n1381 大吉祥陀羅尼經,catalog,T21n1381,
KR6j0614,T21n1382,T21n1382 宿命智陀羅尼,catalog,T21n1382,
KR6j0615,T21n1383,T21n1383 宿命智陀羅尼經,catalog,T21n1383,
KR6j0616,T21n1384,T21n1384 鉢蘭那ām哩大陀羅尼經,catalog,T21n1384,
KR6j0617,T21n1385,T21n1385 倶枳羅陀尼經,catalog,T21n1385,
KR6j0618,T21n1386,T21n1386 妙色陀羅尼經,catalog,T21n1386,
KR6j0619,T21n1387,T21n1387 栴檀香身陀羅尼經,catalog,T21n1387,
KR6j0620,T21n1388,T21n1388 無畏陀羅尼經,catalog,T21n1388,
KR6j0621,T21n1389,T21n1389 無量壽大智陀羅尼,catalog,T21n1389,
KR6j0622,T21n1390,T21n1390 洛叉陀羅尼經,catalog,T21n1390,
KR6j0623,T21n1391,T21n1391 檀特羅麻油述經,catalog,T21n1391,
KR6j0624,T21n1392,T21n1392 大寒林聖難拏陀羅尼經,catalog,T21n1392,
KR6j0625,T21n1393,T21n1393 摩尼羅亶經,catalog,T21n1393,
KR6j0626,T21n1394,T21n1394 安宅神呪經,catalog,T21n1394,
KR6j0627,T21n1395,T21n1395 抜濟苦難陀羅尼經,catalog,T21n1395,
KR6j0628,T21n1396,T21n1396 抜除罪障呪王經,catalog,T21n1396,
KR6j0629,T21n1397,T21n1397 智炬陀羅尼經,catalog,T21n1397,
KR6j0630,T21n1398,T21n1398 智光滅一切業障陀羅尼經,catalog,T21n1398,
KR6j0631,T21n1399,T21n1399 滅除五逆罪大陀羅尼經,catalog,T21n1399,
KR6j0632,T21n1400,T21n1400 消除一切災障寶髻陀羅尼經,catalog,T21n1400,
KR6j0633,T21n1401,T21n1401 大金剛香陀羅尼經,catalog,T21n1401,
KR6j0634,T21n1402,T21n1402 消除一切閃電障難隨求如意陀羅尼經,catalog,T21n1402,
KR6j0635,T21n1403,T21n1403 如意摩尼陀羅尼經,catalog,T21n1403,
KR6j0636,T21n1404,T21n1404 如意寶總持王經,catalog,T21n1404,
KR6j0637,T21n1405,T21n1405 息除賊難陀羅尼經,catalog,T21n1405,
KR6j0638,T21n1406,T21n1406 辟除賊害呪經,catalog,T21n1406,
KR6j0639,T21n1407,T21n1407 辟除諸惡陀羅尼經,catalog,T21n1407,
KR6j0640,T21n1408,T21n1408 最上意陀羅尼經,catalog,T21n1408,
KR6j0641,T21n1409,T21n1409 聖最勝陀羅尼經,catalog,T21n1409,
KR6j0642,T21n1410,T21n1410 勝幡瓔珞陀羅尼經,catalog,T21n1410,
KR6j0643,T21n1411,T21n1411 蓮華眼陀羅尼經,catalog,T21n1411,
KR6j0644,T21n1412,T21n1412 寶生陀羅尼經,catalog,T21n1412,
KR6j0645,T21n1413,T21n1413 尊勝大明王經,catalog,T21n1413,
KR6j0646,T21n1414,T21n1414 金身陀羅尼經,catalog,T21n1414,
KR6j0647,T21n1415,T21n1415 大金剛妙高山樓閣陀羅尼,catalog,T21n1415,
KR6j0648,T21n1416,T21n1416 金剛摧碎陀羅尼,catalog,T21n1416,
KR6j0649,T21n1417,T21n1417 壞相金剛陀羅尼經,catalog,T21n1417,
KR6j0657,T21n1418,T21n1418 一切如來安像三昧儀軌經,catalog,T21n1418,
KR6j0658,T21n1419,T21n1419 造像量度經解,catalog,T21n1419,
KR6j0660,T21n1420,T21n1420 龍樹五明論,catalog,T21n1420,
KR6k0001,T22n1421,T22n1421 彌沙塞部和醯五分律,catalog,T22n1421,
KR6k0002,T22n1422,T22n1422 彌沙塞五分戒本,kanripo_CBETA_ID,T22n1422,
KR6k0004,T22n1423,T22n1423 五分比丘尼戒本,catalog,T22n1423,
KR6k0005,T22n1424,T22n1424 彌沙塞羯磨本,catalog,T22n1424,
KR6k0006,T22n1425,T22n1425 摩訶僧祇律,catalog,T22n1425,
KR6k0007,T22n1426,T22n1426 摩訶僧祇律大比丘戒本,catalog,T22n1426,
KR6k0008,T22n1427,T22n1427 摩訶僧祇比丘尼戒本,catalog,T22n1427,
KR6k0009,T22n1428,T22n1428 四分律,catalog,T22n1428,
KR6k0010,T22n1429,T22n1429 四分律比丘戒本,catalog,T22n1429,
KR6k0011,T22n1430,T22n1430 四分僧戒本,catalog,T22n1430,
KR6k0012,T22n1431,T22n1431 四本比丘尼戒本,catalog,T22n1431,
KR6k0013,T22n1432,T22n1432 曇無徳律部雜羯磨,catalog,T22n1432,
KR6k0014,T22n1433,T22n1433 羯磨,catalog,T22n1433,
KR6k0015,T22n1434,T22n1434 四分比丘尼羯磨法,catalog,T22n1434,
KR6k0016,T23n1435,T23n1435 十誦律,catalog,T23n1435,
KR6k0017,T23n1436,T23n1436 十誦比丘波羅提木叉戒本,catalog,T23n1436,
KR6k0018,T23n1437,T23n1437 十誦比丘尼波羅提木叉戒本,catalog,T23n1437,
KR6k0019,T23n1438,T23n1438 大沙門百一羯磨法,catalog,T23n1438,
KR6k0020,T23n1439,T23n1439 十誦羯磨比丘要用,catalog,T23n1439,
KR6k0021,T23n1440,T23n1440 薩婆多毘尼毘婆沙,catalog,T23n1440,
KR6k0022,T23n1441,T23n1441 薩婆多部毘尼摩得勒伽,catalog,T23n1441,
KR6k0023,T23n1442,T23n1442 根本説一切有部毘奈耶,catalog,T23n1442,
KR6k0024,T23n1443,T23n1443 根本説一切有部∆蒭尼毘奈耶,catalog,T23n1443,
KR6k0025,T23n1444,T23n1444 根本説一切有部毘奈耶出家亊,catalog,T23n1444,
KR6k0026,T23n1445,T23n1445 根本説一切有部毘奈耶安居亊,catalog,T23n1445,
KR6k0027,T23n1446,T23n1446 根本説一切有部毘奈耶隨意亊,catalog,T23n1446,
KR6k0028,T23n1447,T23n1447 根本説一切有部毘奈耶皮革亊,catalog,T23n1447,
KR6k0029,T24n1448,T24n1448 根本説一切有部毘奈耶藥亊,catalog,T24n1448,
KR6k0030,T24n1449,T24n1449 根本説一切有部毘奈耶羯恥那衣亊,catalog,T24n1449,
KR6k0031,T24n1450,T24n1450 根本説一切有部毘奈耶破僧亊,catalog,T24n1450,
KR6k0032,T24n1451,T24n1451 根本説一切有部毘奈耶雜亊,catalog,T24n1451,
KR6k0033,T24n1452,T24n1452 根本説一切有部尼陀那目得迦,catalog,T24n1452,
KR6k0034,T24n1453,T24n1453 根本説一切有部百一羯磨,catalog,T24n1453,
KR6k0035,T24n1454,T24n1454 根本説一切有部戒經,catalog,T24n1454,
KR6k0036,T24n1455,T24n1455 根本説一切有部∆蒭尼戒經,catalog,T24n1455,
KR6k0037,T24n1456,T24n1456 根本説一切有部毘奈耶尼陀那目得迦攝頌,catalog,T24n1456,
KR6k0038,T24n1457,T24n1457 根本説一切有部略毘奈耶雜亊攝頌,catalog,T24n1457,
KR6k0039,T24n1458,T24n1458 根本薩婆多部律攝,catalog,T24n1458,
KR6k0040,T24n1459,T24n1459 根本説一切有部毘奈耶頌,catalog,T24n1459,
KR6k0041,T24n1460,T24n1460 解脱戒經,catalog,T24n1460,
KR6k0042,T24n1461,T24n1461 律二十二明了論,catalog,T24n1461,
KR6k0043,T24n1462,T24n1462 善見律毘婆沙,catalog,T24n1462,
KR6k0044,T24n1463,T24n1463 毘尼母經,catalog,T24n1463,
KR6k0045,T24n1464,T24n1464 鼻奈耶,catalog,T24n1464,
KR6k0053,T24n1465,T24n1465 舍利弗問經,catalog,T24n1465,
KR6k0054,T24n1466,T24n1466 優波離問佛經,catalog,T24n1466,
KR6k0055,T24n1467,T24n1467 犯戒罪報輕重經,kanripo_CBETA_ID,T24n1467,
KR6k0057,T24n1468,T24n1468 目連所問經,catalog,T24n1468,
KR6k0058,T24n1469,T24n1469 迦葉禁戒經,catalog,T24n1469,
KR6k0059,T24n1470,T24n1470 大比丘三千威儀,catalog,T24n1470,
KR6k0060,T24n1471,T24n1471 沙彌十戒法并威儀,catalog,T24n1471,
KR6k0061,T24n1472,T24n1472 沙彌威儀,catalog,T24n1472,
KR6k0062,T24n1473,T24n1473 沙彌十戒儀則經,catalog,T24n1473,
KR6k0063,T24n1474,T24n1474 沙彌尼戒經,catalog,T24n1474,
KR6k0064,T24n1475,T24n1475 沙彌尼離戒文,catalog,T24n1475,
KR6k0065,T24n1476,T24n1476 優婆塞五戒相經,catalog,T24n1476,
KR6k0066,T24n1477,T24n1477 戒消災經,catalog,T24n1477,
KR6k0067,T24n1478,T24n1478 大愛道比丘尼經,catalog,T24n1478,
KR6k0068,T24n1479,T24n1479 ∆蒭五法經,catalog,T24n1479,
KR6k0069,T24n1480,T24n1480 ∆蒭迦尸迦十法經,catalog,T24n1480,
KR6k0070,T24n1481,T24n1481 五恐怖世經,catalog,T24n1481,
KR6k0071,T24n1482,T24n1482 佛阿毘曇經[出家相品第一],catalog,T24n1482,
KR6k0072,T24n1483,T24n1483 目連問戒律中五百輕重亊,kanripo_CBETA_ID,T24n1483,
KR6k0076,T24n1484,T24n1484 梵網經,catalog,T24n1484,
KR6k0105,T24n1485,T24n1485 菩薩瓔珞本業經,catalog,T24n1485,
KR6k0108,T24n1486,T24n1486 受十善戒經,catalog,T24n1486,
KR6k0109,T24n1487,T24n1487 菩薩内戒經,catalog,T24n1487,
KR6k0110,T24n1488,T24n1488 優婆塞戒經,catalog,T24n1488,
KR6k0111,T24n1489,T24n1489 清淨毘尼方廣經,catalog,T24n1489,
KR6k0112,T24n1490,T24n1490 寂調音所問經,catalog,T24n1490,
KR6k0113,T24n1491,T24n1491 菩薩藏經,catalog,T24n1491,
KR6k0114,T24n1492,T24n1492 舍利弗悔過經,catalog,T24n1492,
KR6k0115,T24n1493,T24n1493 大乘三聚懴悔經,catalog,T24n1493,
KR6k0116,T24n1494,T24n1494 淨業障經,catalog,T24n1494,
KR6k0117,T24n1495,T24n1495 善恭敬經,catalog,T24n1495,
KR6k0118,T24n1496,T24n1496 正恭敬經,catalog,T24n1496,
KR6k0119,T24n1497,T24n1497 大乘戒經,catalog,T24n1497,
KR6k0120,T24n1498,T24n1498 八種長養功徳經,catalog,T24n1498,
KR6k0121,T24n1499,T24n1499 菩薩戒羯磨文,catalog,T24n1499,
KR6k0122,T24n1500,T24n1500 菩薩戒本,catalog,T24n1500,
KR6k0123,T24n1501,T24n1501 菩薩戒本,catalog,T24n1501,
KR6k0124,T24n1502,T24n1502 菩薩受齋經,catalog,T24n1502,
KR6k0125,T24n1503,T24n1503 優婆塞五戒威儀經,catalog,T24n1503,
KR6k0126,T24n1504,T24n1504 菩薩五法懺悔文,catalog,T24n1504,
KR6a0157,T25n1505,T25n1505 四阿R暮抄解,catalog,T25n1505,
KR6a0158,T25n1506,T25n1506 三法度論,catalog,T25n1506,
KR6a0159,T25n1507,T25n1507 分別功徳論,catalog,T25n1507,
KR6a0160,T25n1508,T25n1508 阿含口解十二因縁經,catalog,T25n1508,
KR6c0005,T25n1509,T25n1509 大智度論,catalog,T25n1509,
KR6c0030,T25n1510,T25n1510 金剛般若論,kanripo_CBETA_ID,T25n1510,
KR6c0032,T25n1511,T25n1511 金剛般若波羅蜜經論,catalog,T25n1511,
KR6c0033,T25n1512,T25n1512 金剛仙論,catalog,T25n1512,
KR6c0034,T25n1513,T25n1513 能斷金剛般若波羅蜜多經論釋,catalog,T25n1513,
KR6c0035,T25n1514,T25n1514 能斷金剛般若波羅蜜多經論頌,catalog,T25n1514,
KR6c0036,T25n1515,T25n1515 金剛般若波羅蜜經破取著不壞假名論,catalog,T25n1515,
KR6c0016,T25n1516,T25n1516 聖佛母般若波羅蜜多九頌精義論,catalog,T25n1516,
KR6c0017,T25n1517,T25n1517 佛母般若波羅蜜多圓集要義釋論,catalog,T25n1517,
KR6c0018,T25n1518,T25n1518 佛母般若波羅蜜多圓集要義論,catalog,T25n1518,
KR6d0126,T26n1519,T26n1519 妙法蓮華經憂波提舍,catalog,T26n1519,
KR6d0127,T26n1520,T26n1520 妙法蓮華經論優波提舍,catalog,T26n1520,
KR6e0059,T26n1521,T26n1521 十住毘婆沙論,catalog,T26n1521,
KR6e0060,T26n1522,T26n1522 十地經論,catalog,T26n1522,
KR6f0102,T26n1523,T26n1523 大寶積經論,catalog,T26n1523,
KR6f0100,T26n1524,T26n1524 無量壽經優波提舍願生偈,catalog,T26n1524,
KR6f0103,T26n1525,T26n1525 彌勒菩薩所問經論,catalog,T26n1525,
KR6h0035,T26n1526,T26n1526 寶髻經四法憂波提舍,catalog,T26n1526,
KR6g0051,T26n1527,T26n1527 涅槃論,catalog,T26n1527,
KR6g0052,T26n1528,T26n1528 涅槃經本有今無偈論,catalog,T26n1528,
KR6g0044,T26n1529,T26n1529 遺教經論,catalog,T26n1529,
KR6i0589,T26n1530,T26n1530 佛地經論,catalog,T26n1530,
KR6i0590,T26n1531,T26n1531 文殊師利菩薩問菩提經論,catalog,T26n1531,
KR6i0591,T26n1532,T26n1532 勝思惟梵天所問經論,catalog,T26n1532,
KR6i0592,T26n1533,T26n1533 轉法輪經憂波提舍,catalog,T26n1533,
KR6i0593,T26n1534,T26n1534 三具足經憂波提舍,catalog,T26n1534,
KR6i0594,T26n1535,T26n1535 大乘四法經釋,catalog,T26n1535,
KR6l0001,T26n1536,T26n1536 阿毘逹磨集異門足論,catalog,T26n1536,
KR6l0002,T26n1537,T26n1537 阿毘逹磨法蘊足論,catalog,T26n1537,
KR6l0003,T26n1538,T26n1538 施設論,catalog,T26n1538,
KR6l0004,T26n1539,T26n1539 阿毘逹磨識身足論,catalog,T26n1539,
KR6l0005,T26n1540,T26n1540 阿毘逹磨界身足論,catalog,T26n1540,
KR6l0006,T26n1541,T26n1541 衆事分阿毘曇論,catalog,T26n1541,
KR6l0007,T26n1542,T26n1542 阿毘逹磨品類足論,catalog,T26n1542,
KR6l0008,T26n1543,T26n1543 阿毘曇八P度論,catalog,T26n1543,
KR6l0009,T26n1544,T26n1544 阿毘逹磨發智論,catalog,T26n1544,
KR6l0010,T27n1545,T27n1545 阿毘逹磨大毘婆沙論,catalog,T27n1545,
KR6l0011,T28n1546,T28n1546 阿毘曇毘婆沙論,catalog,T28n1546,
KR6l0012,T28n1547,T28n1547 E婆沙論,catalog,T28n1547,
KR6l0013,T28n1548,T28n1548 舍利弗阿毘曇論,catalog,T28n1548,
KR6l0014,T28n1549,T28n1549 尊婆須蜜菩薩所集論,catalog,T28n1549,
KR6l0015,T28n1550,T28n1550 阿毘曇心論,catalog,T28n1550,
KR6l0016,T28n1551,T28n1551 阿毘曇心論經,catalog,T28n1551,
KR6l0017,T28n1552,T28n1552 雜阿毘曇心論,catalog,T28n1552,
KR6l0018,T28n1553,T28n1553 阿毘曇甘露味論,catalog,T28n1553,
KR6l0019,T28n1554,T28n1554 入阿毘逹磨論,catalog,T28n1554,
KR6l0020,T28n1555,T28n1555 五事毘婆沙論,catalog,T28n1555,
KR6l0021,T28n1556,T28n1556 薩婆多宗五事論,catalog,T28n1556,
KR6l0022,T28n1557,T28n1557 阿毘曇五法行經,catalog,T28n1557,
KR6l0023,T29n1558,T29n1558 阿毘逹磨倶舍論,catalog,T29n1558,
KR6l0028,T29n1559,T29n1559 阿毘逹磨倶舍釋論,catalog,T29n1559,
KR6l0029,T29n1560,T29n1560 阿毘逹磨倶舍論本頌,catalog,T29n1560,
KR6l0030,T29n1561,T29n1561 倶舍論實義疏,catalog,T29n1561,
KR6l0031,T29n1562,T29n1562 阿毘逹磨順正理論,catalog,T29n1562,
KR6l0032,T29n1563,T29n1563 阿毘逹磨藏顯宗論,catalog,T29n1563,
KR6m0001,T30n1564,T30n1564 中論,catalog,T30n1564,
KR6m0003,T30n1565,T30n1565 順中論,catalog,T30n1565,
KR6m0004,T30n1566,T30n1566 般若燈論釋,catalog,T30n1566,
KR6m0005,T30n1567,T30n1567 大乘中觀釋論,kanripo_CBETA_ID,T30n1567,
KR6m0008,T30n1568,T30n1568 十二門論,catalog,T30n1568,
KR6m0012,T30n1569,T30n1569 百論,catalog,T30n1569,
KR6m0014,T30n1570,T30n1570 廣百論本,catalog,T30n1570,
KR6m0015,T30n1571,T30n1571 大乘廣百論釋論,catalog,T30n1571,
KR6m0017,T30n1572,T30n1572 百字論,catalog,T30n1572,
KR6m0018,T30n1573,T30n1573 壹輸盧迦論,catalog,T30n1573,
KR6m0019,T30n1574,T30n1574 大乘破有論,catalog,T30n1574,
KR6m0020,T30n1575,T30n1575 六十頌如理論,catalog,T30n1575,
KR6m0021,T30n1576,T30n1576 大乘二十頌論,catalog,T30n1576,
KR6m0022,T30n1577,T30n1577 大丈夫論,catalog,T30n1577,
KR6m0023,T30n1578,T30n1578 大乘掌珍論,catalog,T30n1578,
KR6n0001,T30n1579,T30n1579 瑜伽師地論,catalog,T30n1579,
KR6n0002,T30n1580,T30n1580 瑜伽師地論釋,catalog,T30n1580,
KR6n0003,T30n1581,T30n1581 菩薩地持經,catalog,T30n1581,
KR6n0004,T30n1582,T30n1582 菩薩善戒經,catalog,T30n1582,
KR6n0005,T30n1583,T30n1583 菩薩善戒經,catalog,T30n1583,
KR6n0006,T30n1584,T30n1584 決定藏論,catalog,T30n1584,
KR6n0016,T31n1585,T31n1585 成唯識論,catalog,T31n1585,
KR6n0022,T31n1586,T31n1586 唯識三十論頌,catalog,T31n1586,
KR6n0024,T31n1587,T31n1587 轉識論,catalog,T31n1587,
KR6n0053,T31n1588,T31n1588 唯論論,catalog,T31n1588,
KR6n0054,T31n1589,T31n1589 大乘唯識論,catalog,T31n1589,
KR6n0055,T31n1590,T31n1590 唯識二十論,catalog,T31n1590,
KR6n0056,T31n1591,T31n1591 成唯識寶生論,catalog,T31n1591,
KR6n0058,T31n1592,T31n1592 攝大乘論,catalog,T31n1592,
KR6n0059,T31n1593,T31n1593 攝大乘論,catalog,T31n1593,
KR6n0060,T31n1594,T31n1594 攝大乘論本,catalog,T31n1594,
KR6n0061,T31n1595,T31n1595 攝大乘論釋,catalog,T31n1595,
KR6n0063,T31n1596,T31n1596 攝大乘論釋論,catalog,T31n1596,
KR6n0064,T31n1597,T31n1597 攝大乘論釋,catalog,T31n1597,
KR6n0065,T31n1598,T31n1598 攝大乘論釋,catalog,T31n1598,
KR6n0071,T31n1599,T31n1599 中邊分別論,catalog,T31n1599,
KR6n0072,T31n1600,T31n1600 辯中邊論,catalog,T31n1600,
KR6n0073,T31n1601,T31n1601 辯中邊論頌,catalog,T31n1601,
KR6n0077,T31n1602,T31n1602 顯揚聖教論,catalog,T31n1602,
KR6n0078,T31n1603,T31n1603 顯揚聖教論頌,catalog,T31n1603,
KR6n0080,T31n1604,T31n1604 大乘莊嚴經論,catalog,T31n1604,
KR6n0081,T31n1605,T31n1605 大乘阿毘逹磨集論,catalog,T31n1605,
KR6n0082,T31n1606,T31n1606 大乘阿毘逹磨雜集論,catalog,T31n1606,
KR6n0084,T31n1607,T31n1607 六門教授習定論,catalog,T31n1607,
KR6n0085,T31n1608,T31n1608 業成就論,catalog,T31n1608,
KR6n0086,T31n1609,T31n1609 大乘成業論,catalog,T31n1609,
KR6n0087,T31n1610,T31n1610 佛性論,catalog,T31n1610,
KR6n0088,T31n1611,T31n1611 究竟一乘寶性論,catalog,T31n1611,
KR6n0094,T31n1612,T31n1612 大乘五蘊論,catalog,T31n1612,
KR6n0095,T31n1613,T31n1613 大乘廣五蘊論,catalog,T31n1613,
KR6n0096,T31n1614,T31n1614 大乘百法明門論,catalog,T31n1614,
KR6n0110,T31n1615,T31n1615 王法正理論,catalog,T31n1615,
KR6n0074,T31n1616,T31n1616 十八空論,catalog,T31n1616,
KR6n0079,T31n1617,T31n1617 三無性論,catalog,T31n1617,
KR6n0025,T31n1618,T31n1618 顯識論,catalog,T31n1618,
KR6n0111,T31n1619,T31n1619 無相思塵論,catalog,T31n1619,
KR6n0118,T31n1620,T31n1620 解捲論,catalog,T31n1620,
KR6n0119,T31n1621,T31n1621 掌中論,catalog,T31n1621,
KR6n0120,T31n1622,T31n1622 取因假設論,catalog,T31n1622,
KR6n0121,T31n1623,T31n1623 觀總相論頌,catalog,T31n1623,
KR6n0112,T31n1624,T31n1624 觀所縁縁論,catalog,T31n1624,
KR6n0113,T31n1625,T31n1625 觀所縁論釋,catalog,T31n1625,
KR6n0089,T31n1626,T31n1626 大乘法界無差別論,catalog,T31n1626,
KR6n0090,T31n1627,T31n1627 大乘法界無差別論,catalog,T31n1627,
KR6o0001,T32n1628,T32n1628 因明正理門論本,catalog,T32n1628,
KR6o0002,T32n1629,T32n1629 因明正理門論,catalog,T32n1629,
KR6o0003,T32n1630,T32n1630 因明入正理論,catalog,T32n1630,
KR6o0004,T32n1631,T32n1631 廻諍論,catalog,T32n1631,
KR6o0005,T32n1632,T32n1632 方便心論,catalog,T32n1632,
KR6o0006,T32n1633,T32n1633 如實論[反質難品],catalog,T32n1633,
KR6o0038,T32n1634,T32n1634 入大乘論,catalog,T32n1634,
KR6o0039,T32n1635,T32n1635 大乘寶要義論,catalog,T32n1635,
KR6o0040,T32n1636,T32n1636 大乘集菩薩學論,catalog,T32n1636,
KR6o0041,T32n1637,T32n1637 集大乘相論,catalog,T32n1637,
KR6o0042,T32n1638,T32n1638 集諸法寶最上義論,catalog,T32n1638,
KR6o0043,T32n1639,T32n1639 提婆菩薩破楞伽經中外道小乘四宗論,catalog,T32n1639,
KR6o0044,T32n1640,T32n1640 提婆菩薩釋楞伽經中外道小乘涅槃論,catalog,T32n1640,
KR6o0045,T32n1641,T32n1641 隨相論,catalog,T32n1641,
KR6o0046,T32n1642,T32n1642 金剛針論,catalog,T32n1642,
KR6o0047,T32n1643,T32n1643 尼乾子問無我義經,catalog,T32n1643,
KR6o0048,T32n1644,T32n1644 立世阿毘曇論,catalog,T32n1644,
KR6o0049,T32n1645,T32n1645 彰所知論,catalog,T32n1645,
KR6o0050,T32n1646,T32n1646 成實論,catalog,T32n1646,
KR6o0051,T32n1647,T32n1647 四諦論,catalog,T32n1647,
KR6o0052,T32n1648,T32n1648 解脱道論,catalog,T32n1648,
KR6o0053,T32n1649,T32n1649 三彌底部論,catalog,T32n1649,
KR6o0054,T32n1650,T32n1650 辟支佛因縁論,catalog,T32n1650,
KR6o0055,T32n1651,T32n1651 十二因縁論,catalog,T32n1651,
KR6o0056,T32n1652,T32n1652 縁生論,catalog,T32n1652,
KR6o0057,T32n1653,T32n1653 大乘縁生論,catalog,T32n1653,
KR6o0058,T32n1654,T32n1654 因縁心論頌因縁心論釋,catalog,T32n1654,
KR6o0060,T32n1655,T32n1655 止觀門論頌,catalog,T32n1655,
KR6o0061,T32n1656,T32n1656 寶行王正論,catalog,T32n1656,
KR6o0062,T32n1657,T32n1657 手杖論,catalog,T32n1657,
KR6o0063,T32n1658,T32n1658 諸教決定名義論,catalog,T32n1658,
KR6o0064,T32n1659,T32n1659 發菩提心經論,catalog,T32n1659,
KR6o0065,T32n1660,T32n1660 菩提資糧論,catalog,T32n1660,
KR6o0066,T32n1661,T32n1661 菩提心離相論,catalog,T32n1661,
KR6o0067,T32n1662,T32n1662 菩提行經,catalog,T32n1662,
KR6o0068,T32n1663,T32n1663 菩提心觀釋,catalog,T32n1663,
KR6o0069,T32n1664,T32n1664 廣釋菩提心論,catalog,T32n1664,
KR6o0070,T32n1665,T32n1665 金剛頂瑜伽中發阿耨多羅三藐三菩提心論,catalog,T32n1665,
KR6o0078,T32n1666,T32n1666 大乘起信論,catalog,T32n1666,
KR6o0079,T32n1667,T32n1667 大乘起信論,catalog,T32n1667,
KR6o0084,T32n1668,T32n1668 釋摩訶衍論,catalog,T32n1668,
KR6o0098,T32n1669,T32n1669 大宗地玄文本論,catalog,T32n1669,
KR6o0124,T32n1670,T32n1670A 那先比丘經,catalog,T32n1670,
KR6o0125,T32n1670,T32n1670B 那先比丘經,catalog,T32n1670,
KR6o0126,T32n1671,T32n1671 福蓋正行所集經,catalog,T32n1671,
KR6o0127,T32n1672,T32n1672 龍樹菩薩爲禪陀迦王説法要偈,catalog,T32n1672,
KR6o0128,T32n1673,T32n1673 勸發諸王要偈,catalog,T32n1673,
KR6o0129,T32n1674,T32n1674 龍樹菩薩勸誡王頌,catalog,T32n1674,
KR6o0130,T32n1675,T32n1675 讃法界頌,catalog,T32n1675,
KR6o0131,T32n1676,T32n1676 廣大發願頌,catalog,T32n1676,
KR6o0132,T32n1677,T32n1677 三身梵讃,catalog,T32n1677,
KR6o0133,T32n1678,T32n1678 佛三身讃,catalog,T32n1678,
KR6o0134,T32n1679,T32n1679 佛一百八名讃,catalog,T32n1679,
KR6o0135,T32n1680,T32n1680 一百五十讃佛頌,catalog,T32n1680,
KR6o0136,T32n1681,T32n1681 佛吉祥徳賛,catalog,T32n1681,
KR6o0137,T32n1682,T32n1682 七佛讃唄伽他,catalog,T32n1682,
KR6o0138,T32n1683,T32n1683 P穉梵讃,catalog,T32n1683,
KR6o0139,T32n1684,T32n1684 八大靈塔梵讃,catalog,T32n1684,
KR6o0140,T32n1685,T32n1685 八大靈塔名號經,catalog,T32n1685,
KR6o0141,T32n1686,T32n1686 賢聖集伽陀一百頌,catalog,T32n1686,
KR6o0142,T32n1687,T32n1687 事師法五十頌,catalog,T32n1687,
KR6o0143,T32n1688,T32n1688 密跡力士大權神王經偈頌,catalog,T32n1688,
KR6o0144,T32n1689,T32n1689 請賓頭盧法,catalog,T32n1689,
KR6o0145,T32n1690,T32n1690 賓頭盧突羅闍爲優陀延王説法經,catalog,T32n1690,
KR6o0146,T32n1691,T32n1691 迦葉仙人説醫女人經,catalog,T32n1691,
KR6o0147,T32n1692,T32n1692 勝軍化世百瑜伽他經,catalog,T32n1692,
KR6a0161,T33n1693,T33n1693 人本欲生經註,catalog,T33n1693,
KR6a0162,T33n1694,T33n1694 陰持入經註,catalog,T33n1694,
KR6c0126,T33n1695,T33n1695 大般若波羅蜜多經般若理趣分述讃,catalog,T33n1695,
KR6c0007,T33n1696,T33n1696 大品經遊意,catalog,T33n1696,
KR6c0008,T33n1697,T33n1697 大慧度經宗要,catalog,T33n1697,
KR6c0037,T33n1698,T33n1698 金剛般若經疏,catalog,T33n1698,
KR6c0038,T33n1699,T33n1699 金剛般若疏,catalog,T33n1699,
KR6c0039,T33n1700,T33n1700 金剛般若經賛述,catalog,T33n1700,
KR6c0041,T33n1701,T33n1701 金剛般若經疏論纂要,catalog,T33n1701,
KR6c0042,T33n1702,T33n1702 金剛經纂要刊定記,catalog,T33n1702,
KR6c0043,T33n1703,T33n1703 金剛般若波羅蜜經註解,catalog,T33n1703,
KR6c0044,T33n1704,T33n1704 金剛般若波羅蜜經略疏,catalog,T33n1704,
KR6c0204,T33n1705,T33n1705 仁王護國般若經疏,catalog,T33n1705,
KR6c0205,T33n1706,T33n1706 仁王護國般若波羅蜜經疏神寶記,catalog,T33n1706,
KR6c0206,T33n1707,T33n1707 仁王般若經疏,catalog,T33n1707,
KR6c0207,T33n1708,T33n1708 仁王經疏,catalog,T33n1708,
KR6c0208,T33n1709,T33n1709 仁王護國般若波羅蜜多經疏,catalog,T33n1709,
KR6c0137,T33n1710,T33n1710 般若波羅蜜多心經幽賛,catalog,T33n1710,
KR6c0138,T33n1711,T33n1711 般若波羅蜜多心經賛,catalog,T33n1711,
KR6c0139,T33n1712,T33n1712 般若波羅蜜多心經略疏,catalog,T33n1712,
KR6c0140,T33n1713,T33n1713 般若心經略疏連珠記,catalog,T33n1713,
KR6c0141,T33n1714,T33n1714 般若波羅蜜多心經註解,catalog,T33n1714,
KR6d0005,T33n1715,T33n1715 法華經義記,catalog,T33n1715,
KR6d0006,T33n1716,T33n1716 妙法蓮華經玄義,catalog,T33n1716,
KR6d0007,T33n1717,T33n1717 法華玄義釋籤,catalog,T33n1717,
KR6d0014,T34n1718,T34n1718 妙法蓮華經文句,catalog,T34n1718,
KR6d0015,T34n1719,T34n1719 法華文句記,catalog,T34n1719,
KR6d0023,T34n1720,T34n1720 法華玄論,catalog,T34n1720,
KR6d0024,T34n1721,T34n1721 法華義疏,catalog,T34n1721,
KR6d0025,T34n1722,T34n1722 法華遊意,catalog,T34n1722,
KR6d0026,T34n1723,T34n1723 妙法蓮華經玄賛,catalog,T34n1723,
KR6d0027,T34n1724,T34n1724 法華玄賛義決,catalog,T34n1724,
KR6d0032,T34n1725,T34n1725 法華宗要,catalog,T34n1725,
KR6d0046,T34n1726,T34n1726 觀音玄義,catalog,T34n1726,
KR6d0047,T34n1727,T34n1727 觀音玄義記,catalog,T34n1727,
KR6d0048,T34n1728,T34n1728 觀音義疏,catalog,T34n1728,
KR6d0049,T34n1729,T34n1729 觀音義疏記,catalog,T34n1729,
KR6d0113,T34n1730,T34n1730 金剛三昧經論,catalog,T34n1730,
KR6e0002,T35n1731,T35n1731 華嚴遊意,catalog,T35n1731,
KR6e0003,T35n1732,T35n1732 大方廣佛華嚴經搜玄分齊通智方軌,catalog,T35n1732,
KR6e0004,T35n1733,T35n1733 華嚴經探玄記,catalog,T35n1733,
KR6e0005,T35n1734,T35n1734 華嚴經文義綱目,catalog,T35n1734,
KR6e0011,T35n1735,T35n1735 大方廣佛華嚴經疏,catalog,T35n1735,
KR6e0012,T36n1736,T36n1736 大方廣佛華嚴經隨疏演義鈔,catalog,T36n1736,
KR6e0015,T36n1737,T36n1737 大華嚴經略策,catalog,T36n1737,
KR6e0016,T36n1738,T36n1738 新譯華嚴經七處九會頌釋章,catalog,T36n1738,
KR6e0022,T36n1739,T36n1739 新華嚴經論,catalog,T36n1739,
KR6e0023,T36n1740,T36n1740 大方廣佛嚴經中卷卷大意略敍,catalog,T36n1740,
KR6e0024,T36n1741,T36n1741 略釋新華嚴經修行次第決疑論,catalog,T36n1741,
KR6e0025,T36n1742,T36n1742 大方廣佛華嚴經願行觀門骨目,catalog,T36n1742,
KR6e0026,T36n1743,T36n1743 皇帝降誕日於麟徳殿講大方廣佛華嚴經玄義一部,catalog,T36n1743,
KR6f0052,T37n1744,T37n1744 勝鬘寶窟,catalog,T37n1744,
KR6f0065,T37n1745,T37n1745 無量壽經義疏,catalog,T37n1745,
KR6f0066,T37n1746,T37n1746 無量壽經義疏,catalog,T37n1746,
KR6f0067,T37n1747,T37n1747 兩卷無量壽經宗要,catalog,T37n1747,
KR6f0068,T37n1748,T37n1748 無量壽經連義述文贊,catalog,T37n1748,
KR6f0072,T37n1749,T37n1749 觀無量壽經義疏,catalog,T37n1749,
KR6f0073,T37n1750,T37n1750 觀無量壽佛經疏,catalog,T37n1750,
KR6f0074,T37n1751,T37n1751 觀無量壽佛經疏妙宗鈔,catalog,T37n1751,
KR6f0075,T37n1752,T37n1752 觀無量壽經義疏,catalog,T37n1752,
KR6f0076,T37n1753,T37n1753 觀無量壽佛經疏,catalog,T37n1753,
KR6f0077,T37n1754,T37n1754 觀無量壽佛經義疏,catalog,T37n1754,
KR6f0086,T37n1755,T37n1755 阿彌陀經義記,catalog,T37n1755,
KR6f0087,T37n1756,T37n1756 阿彌陀經義述,catalog,T37n1756,
KR6f0088,T37n1757,T37n1757 阿彌陀經疏,catalog,T37n1757,
KR6f0089,T37n1758,T37n1758 阿彌陀經通賛疏,catalog,T37n1758,
KR6f0090,T37n1759,T37n1759 阿彌陀經疏,catalog,T37n1759,
KR6f0091,T37n1760,T37n1760 阿彌陀經疏,catalog,T37n1760,
KR6f0092,T37n1761,T37n1761 阿彌陀經義疏,catalog,T37n1761,
KR6f0093,T37n1762,T37n1762 阿彌陀經要解,catalog,T37n1762,
KR6g0004,T37n1763,T37n1763 大般涅槃經集解,catalog,T37n1763,
KR6g0002,T37n1764,T37n1764 大般涅槃經義記,catalog,T37n1764,
KR6g0005,T38n1765,T38n1765 大般涅槃經玄義,catalog,T38n1765,
KR6g0006,T38n1766,T38n1766 涅槃玄義發源機要,catalog,T38n1766,
KR6g0007,T38n1767,T38n1767 大般涅槃經疏,catalog,T38n1767,
KR6g0008,T38n1768,T38n1768 涅槃經遊意,catalog,T38n1768,
KR6g0009,T38n1769,T38n1769 涅槃宗要,catalog,T38n1769,
KR6i0053,T38n1770,T38n1770 本願藥師經古迹,catalog,T38n1770,
KR6i0037,T38n1771,T38n1771 彌勒經遊意,catalog,T38n1771,
KR6i0038,T38n1772,T38n1772 觀彌勒上生兜率天經賛,catalog,T38n1772,
KR6i0039,T38n1773,T38n1773 彌勒上生經宗要,catalog,T38n1773,
KR6i0040,T38n1774,T38n1774 三彌勒經疏,catalog,T38n1774,
KR6i0078,T38n1775,T38n1775 注維摩詰經,catalog,T38n1775,
KR6i0079,T38n1776,T38n1776 維摩義記,catalog,T38n1776,
KR6i0080,T38n1777,T38n1777 維摩經玄疏,catalog,T38n1777,
KR6i0081,T38n1778,T38n1778 維摩經略疏,catalog,T38n1778,
KR6i0082,T38n1779,T38n1779 維摩經略疏埀裕記,catalog,T38n1779,
KR6i0083,T38n1780,T38n1780 淨名玄論,catalog,T38n1780,
KR6i0084,T38n1781,T38n1781 維摩經義疏,catalog,T38n1781,
KR6i0085,T38n1782,T38n1782 説無垢稱經疏,catalog,T38n1782,
KR6i0304,T39n1783,T39n1783 金光明經玄義,catalog,T39n1783,
KR6i0305,T39n1784,T39n1784 金光明經玄義拾遺記,catalog,T39n1784,
KR6i0306,T39n1785,T39n1785 金光明經文句,catalog,T39n1785,
KR6i0307,T39n1786,T39n1786 金光明經文句記,catalog,T39n1786,
KR6i0308,T39n1787,T39n1787 金光明疏,catalog,T39n1787,
KR6i0309,T39n1788,T39n1788 金光明最勝王經疏,catalog,T39n1788,
KR6i0332,T39n1789,T39n1789 楞伽阿跋多羅寶經註解,catalog,T39n1789,
KR6i0333,T39n1790,T39n1790 入楞伽心玄義,catalog,T39n1790,
KR6i0334,T39n1791,T39n1791 注大乘入楞伽經,catalog,T39n1791,
KR6i0365,T39n1792,T39n1792 盂蘭盆經疏,catalog,T39n1792,
KR6i0392,T39n1793,T39n1793 温室經義記,catalog,T39n1793,
KR6i0484,T39n1794,T39n1794 註四十二章經,catalog,T39n1794,
KR6i0553,T39n1795,T39n1795 大方廣圓覺修多羅了義經略疏,catalog,T39n1795,
KR6j0662,T39n1796,T39n1796 大毘盧遮那成佛經疏,catalog,T39n1796,
KR6j0670,T39n1797,T39n1797 大毘盧遮那經供養次第法疏,catalog,T39n1797,
KR6j0672,T39n1798,T39n1798 金剛頂經大瑜伽祕密心地法門義訣,catalog,T39n1798,
KR6j0673,T39n1799,T39n1799 首楞嚴義疏注經,catalog,T39n1799,
KR6j0729,T39n1800,T39n1800 請觀音經疏,catalog,T39n1800,
KR6j0730,T39n1801,T39n1801 請觀音經疏闡義鈔,catalog,T39n1801,
KR6j0731,T39n1802,T39n1802 十一面神呪心經義疏,catalog,T39n1802,
KR6j0732,T39n1803,T39n1803 佛頂尊勝陀羅尼經教迹義記,catalog,T39n1803,
KR6k0128,T40n1804,T40n1804 四分律刪繁補闕行事鈔,catalog,T40n1804,
KR6k0129,T40n1805,T40n1805 四分律行事鈔資持記,catalog,T40n1805,
KR6k0131,T40n1806,T40n1806 四分律比丘含注戒本,catalog,T40n1806,
KR6k0132,T40n1807,T40n1807 四分比丘戒本疏,catalog,T40n1807,
KR6k0046,T40n1808,T40n1808 四分律刪補隨機羯磨,catalog,T40n1808,
KR6k0047,T40n1809,T40n1809 僧羯磨,catalog,T40n1809,
KR6k0048,T40n1810,T40n1810 尼羯磨,catalog,T40n1810,
KR6k0078,T40n1811,T40n1811 菩薩戒義疏,catalog,T40n1811,
KR6k0079,T40n1812,T40n1812 天台菩薩戒疏,catalog,T40n1812,
KR6k0080,T40n1813,T40n1813 梵網經菩薩戒本疏,catalog,T40n1813,
KR6k0082,T40n1814,T40n1814 菩薩戒本疏,catalog,T40n1814,
KR6k0083,T40n1815,T40n1815 梵網經古迹記,catalog,T40n1815,
KR6c0102,T40n1816,T40n1816 金剛般若論會釋,catalog,T40n1816,
KR6c0103,T40n1817,T40n1817 略明般若末後一頌讃述,catalog,T40n1817,
KR6d0128,T40n1818,T40n1818 法華論疏,catalog,T40n1818,
KR6f0101,T40n1819,T40n1819 無量壽經優婆提舍願生偈註,catalog,T40n1819,
KR6g0045,T40n1820,T40n1820 佛遺教經論疏節要,catalog,T40n1820,
KR6l0034,T41n1821,T41n1821 倶舍論記,catalog,T41n1821,
KR6l0035,T41n1822,T41n1822 倶舍論疏,catalog,T41n1822,
KR6l0036,T41n1823,T41n1823 倶舍論頌疏論本,catalog,T41n1823,
KR6m0006,T42n1824,T42n1824 中觀論疏,catalog,T42n1824,
KR6m0009,T42n1825,T42n1825 十二門論疏,catalog,T42n1825,
KR6m0010,T42n1826,T42n1826 十二門論宗致義記,catalog,T42n1826,
KR6m0013,T42n1827,T42n1827 百論疏,catalog,T42n1827,
KR6n0007,T42n1828,T42n1828 瑜伽論記,catalog,T42n1828,
KR6n0008,T43n1829,T43n1829 瑜伽論略纂,catalog,T43n1829,
KR6n0026,T43n1830,T43n1830 成唯識論述記,catalog,T43n1830,
KR6n0029,T43n1831,T43n1831 成唯識論掌中樞要,catalog,T43n1831,
KR6n0030,T43n1832,T43n1832 成唯識論了義燈,catalog,T43n1832,
KR6n0032,T43n1833,T43n1833 成唯識論演祕,catalog,T43n1833,
KR6n0057,T43n1834,T43n1834 唯識二十論述記,catalog,T43n1834,
KR6n0075,T44n1835,T44n1835 辯中邊論述記,catalog,T44n1835,
KR6n0097,T44n1836,T44n1836 大乘百法明門論解,catalog,T44n1836,
KR6n0098,T44n1837,T44n1837 大乘百法明門論疏,catalog,T44n1837,
KR6n0091,T44n1838,T44n1838 大乘法界無差別論疏,catalog,T44n1838,
KR6o0007,T44n1839,T44n1839 理門論述記,catalog,T44n1839,
KR6o0008,T44n1840,T44n1840 因明入正理論疏,catalog,T44n1840,
KR6o0018,T44n1841,T44n1841 因明義斷,catalog,T44n1841,
KR6o0019,T44n1842,T44n1842 因明入正理論義纂要,catalog,T44n1842,
KR6o0100,T44n1843,T44n1843 大乘起信論義疏,catalog,T44n1843,
KR6o0101,T44n1844,T44n1844 起信論疏,catalog,T44n1844,
KR6o0104,T44n1845,T44n1845 大乘起信論別記,catalog,T44n1845,
KR6o0105,T44n1846,T44n1846 大乘起信論義記,catalog,T44n1846,
KR6o0106,T44n1847,T44n1847 大乘起信論義記別記,catalog,T44n1847,
KR6o0107,T44n1848,T44n1848 起信論疏筆削記,catalog,T44n1848,
KR6o0108,T44n1849,T44n1849 大乘起信論内義略探記,catalog,T44n1849,
KR6o0109,T44n1850,T44n1850 大乘起信論裂網疏,catalog,T44n1850,
KR6n0122,T44n1851,T44n1851 大乘義章,catalog,T44n1851,
KR6m0026,T45n1852,T45n1852 三論玄義,catalog,T45n1852,
KR6m0031,T45n1853,T45n1853 大乘玄論,catalog,T45n1853,
KR6m0034,T45n1854,T45n1854 二諦義,catalog,T45n1854,
KR6m0035,T45n1855,T45n1855 三論遊意義,catalog,T45n1855,
KR6m0036,T45n1856,T45n1856 鳩摩羅什法師大義,catalog,T45n1856,
KR6m0037,T45n1857,T45n1857 寶藏論,catalog,T45n1857,
KR6m0038,T45n1858,T45n1858 肇論,catalog,T45n1858,
KR6m0039,T45n1859,T45n1859 肇論疏,catalog,T45n1859,
KR6m0040,T45n1860,T45n1860 肇論新疏,catalog,T45n1860,
KR6n0124,T45n1861,T45n1861 大乘法苑義林章,catalog,T45n1861,
KR6n0127,T45n1862,T45n1862 勸發菩提心集,catalog,T45n1862,
KR6n0128,T45n1863,T45n1863 能顯中邊慧日論,catalog,T45n1863,
KR6n0129,T45n1864,T45n1864 大乘入道次第,catalog,T45n1864,
KR6n0131,T45n1865,T45n1865 八識規矩補註,catalog,T45n1865,
KR6e0074,T45n1866,T45n1866 華嚴一乘教義分齊章,catalog,T45n1866,
KR6e0081,T45n1867,T45n1867 華嚴五教止觀,catalog,T45n1867,
KR6e0082,T45n1868,T45n1868 華嚴一乘十玄門,catalog,T45n1868,
KR6e0083,T45n1869,T45n1869 華嚴五十要問答,catalog,T45n1869,
KR6e0084,T45n1870,T45n1870 華嚴經内章門等雜孔目章,catalog,T45n1870,
KR6e0085,T45n1871,T45n1871 華嚴經旨歸,catalog,T45n1871,
KR6e0086,T45n1872,T45n1872 華嚴策林,catalog,T45n1872,
KR6e0087,T45n1873,T45n1873 華嚴經問答,catalog,T45n1873,
KR6e0088,T45n1874,T45n1874 華嚴經明法品内立三寶章,catalog,T45n1874,
KR6e0089,T45n1875,T45n1875 華嚴經義海百門,catalog,T45n1875,
KR6e0090,T45n1876,T45n1876 修華嚴奧旨妄盡還源觀,catalog,T45n1876,
KR6e0093,T45n1877,T45n1877 華嚴遊心法界記,catalog,T45n1877,
KR6e0094,T45n1878,T45n1878 華嚴發菩提心章,catalog,T45n1878,
KR6e0095,T45n1879,T45n1879 華嚴經關脈義記,kanripo_CBETA_ID,T45n1879,
KR6e0097,T45n1880,T45n1880 金師子章雲間類解,catalog,T45n1880,
KR6e0098,T45n1881,T45n1881 華嚴經金師子章註,catalog,T45n1881,
KR6e0099,T45n1882,T45n1882 三聖圓融觀門,catalog,T45n1882,
KR6e0100,T45n1883,T45n1883 華嚴法界玄鏡,catalog,T45n1883,
KR6e0101,T45n1884,T45n1884 註華嚴法界觀門,catalog,T45n1884,
KR6e0102,T45n1885,T45n1885 註華嚴經題法界觀門頌,catalog,T45n1885,
KR6e0105,T45n1886,T45n1886 原人論,catalog,T45n1886,
KR6e0109,T45n1887,T45n1887A 華嚴一乘法界圖,catalog,T45n1887,
KR6e0110,T45n1887,T45n1887B 法界圖記叢髓録,catalog,T45n1887,
KR6e0112,T45n1888,T45n1888 解迷顯智成悲十明論,catalog,T45n1888,
KR6e0113,T45n1889,T45n1889 海印三昧論,catalog,T45n1889,
KR6e0114,T45n1890,T45n1890 華嚴一乘成佛妙義,catalog,T45n1890,
KR6e0115,T45n1891,T45n1891 文殊指南圖讃,catalog,T45n1891,
KR6k0178,T45n1892,T45n1892 關中創立戒壇圖經,catalog,T45n1892,
KR6k0179,T45n1893,T45n1893 淨心戒觀法,catalog,T45n1893,
KR6k0180,T45n1894,T45n1894 釋門章服儀,catalog,T45n1894,
KR6k0181,T45n1895,T45n1895 量處輕重儀,catalog,T45n1895,
KR6k0182,T45n1896,T45n1896 釋門歸敬儀,catalog,T45n1896,
KR6k0183,T45n1897,T45n1897 教誡新學比丘行護律儀,catalog,T45n1897,
KR6k0184,T45n1898,T45n1898 律相感通傳,catalog,T45n1898,
KR6k0185,T45n1899,T45n1899 中天竺舍衞國祇A寺圖經,catalog,T45n1899,
KR6k0186,T45n1900,T45n1900 佛制比丘六物圖,catalog,T45n1900,
KR6k0188,T45n1901,T45n1901 護命放生軌儀法,catalog,T45n1901,
KR6k0189,T45n1902,T45n1902 受用三水要行法,catalog,T45n1902,
KR6k0190,T45n1903,T45n1903 説罪要行法,catalog,T45n1903,
KR6k0191,T45n1904,T45n1904 根本説一切有部出家授近圓羯磨儀範,catalog,T45n1904,
KR6k0192,T45n1905,T45n1905 根本説一切有部∆芻習學略法,catalog,T45n1905,
KR6k0193,T45n1906,T45n1906 菩薩戒本宗要,catalog,T45n1906,
KR6k0194,T45n1907,T45n1907 菩薩戒本持犯要記,catalog,T45n1907,
KR6k0197,T45n1908,T45n1908 大乘六情懺悔,catalog,T45n1908,
KR6k0198,T45n1909,T45n1909 慈悲道場懺法,catalog,T45n1909,
KR6k0199,T45n1910,T45n1910 慈悲水懺法,catalog,T45n1910,
KR6d0130,T46n1911,T46n1911 摩訶止觀,catalog,T46n1911,
KR6d0131,T46n1912,T46n1912 止觀輔行傳弘決,catalog,T46n1912,
KR6d0132,T46n1913,T46n1913 止觀義例,catalog,T46n1913,
KR6d0133,T46n1914,T46n1914 止觀大意,catalog,T46n1914,
KR6d0143,T46n1915,T46n1915 修習止觀坐禪法要,catalog,T46n1915,
KR6d0144,T46n1916,T46n1916 釋禪波羅蜜次第法門,catalog,T46n1916,
KR6d0145,T46n1917,T46n1917 六妙法門,catalog,T46n1917,
KR6d0146,T46n1918,T46n1918 四念處,catalog,T46n1918,
KR6d0147,T46n1919,T46n1919 天台智者大師禪門口訣,catalog,T46n1919,
KR6d0148,T46n1920,T46n1920 觀心論,catalog,T46n1920,
KR6d0149,T46n1921,T46n1921 觀心論疏,catalog,T46n1921,
KR6d0150,T46n1922,T46n1922 釋摩訶般若波羅蜜經覺意三昧,catalog,T46n1922,
KR6d0151,T46n1923,T46n1923 諸法無諍三昧法門,catalog,T46n1923,
KR6d0152,T46n1924,T46n1924 大乘止觀法門,catalog,T46n1924,
KR6d0155,T46n1925,T46n1925 法界次第初門,catalog,T46n1925,
KR6d0156,T46n1926,T46n1926 法華經安樂行義,catalog,T46n1926,
KR6d0157,T46n1927,T46n1927 十不二門,catalog,T46n1927,
KR6d0158,T46n1928,T46n1928 十不二門指要鈔,catalog,T46n1928,
KR6d0166,T46n1929,T46n1929 四教義,catalog,T46n1929,
KR6d0167,T46n1930,T46n1930 天台八教大意,catalog,T46n1930,
KR6d0168,T46n1931,T46n1931 天台四教儀,catalog,T46n1931,
KR6d0175,T46n1932,T46n1932 金剛˚,catalog,T46n1932,
KR6d0182,T46n1933,T46n1933 南嶽思大禪師立誓願文,catalog,T46n1933,
KR6d0183,T46n1934,T46n1934 國清百録,catalog,T46n1934,
KR6d0184,T46n1935,T46n1935 法智遺編觀心二百問,catalog,T46n1935,
KR6d0185,T46n1936,T46n1936 四明十義書,catalog,T46n1936,
KR6d0186,T46n1937,T46n1937 四明尊者教行録,catalog,T46n1937,
KR6d0187,T46n1938,T46n1938 天台傳佛心印記,catalog,T46n1938,
KR6d0188,T46n1939,T46n1939 教觀綱宗,catalog,T46n1939,
KR6d0190,T46n1940,T46n1940 方等三昧行法,catalog,T46n1940,
KR6d0191,T46n1941,T46n1941 法華三昧懺儀,catalog,T46n1941,
KR6d0192,T46n1942,T46n1942 法華三昧行事運想補助儀,catalog,T46n1942,
KR6d0193,T46n1943,T46n1943 略法華三昧補助儀,catalog,T46n1943,
KR6d0194,T46n1944,T46n1944 禮法華經儀式,catalog,T46n1944,
KR6d0195,T46n1945,T46n1945 金光明懺法補助儀,catalog,T46n1945,
KR6d0196,T46n1946,T46n1946 金光明最勝懺儀,catalog,T46n1946,
KR6d0197,T46n1947,T46n1947 釋迦如來涅槃禮讃文,catalog,T46n1947,
KR6d0198,T46n1948,T46n1948 天台智者大師齋忌禮讃文,catalog,T46n1948,
KR6d0199,T46n1949,T46n1949 請觀世音菩薩消伏毒害陀羅尼三昧儀,catalog,T46n1949,
KR6d0200,T46n1950,T46n1950 千手眼大悲心呪行法,catalog,T46n1950,
KR6d0201,T46n1951,T46n1951 熾盛光道場念誦儀,catalog,T46n1951,
KR6j0738,T46n1952,T46n1952 觀自在菩薩如意輪呪課法,catalog,T46n1952,
KR6j0739,T46n1953,T46n1953 菩提心義,catalog,T46n1953,
KR6j0740,T46n1954,T46n1954 明佛法根本碑,catalog,T46n1954,
KR6j0741,T46n1955,T46n1955 顯密圓通成佛心要集,catalog,T46n1955,
KR6j0742,T46n1956,T46n1956 密呪圓因往生集,catalog,T46n1956,
KR6p0036,T47n1957,T47n1957 略論安樂淨土義,catalog,T47n1957,
KR6p0037,T47n1958,T47n1958 安樂集,catalog,T47n1958,
KR6p0038,T47n1959,T47n1959 觀念阿彌陀佛相海三昧功徳法門,catalog,T47n1959,
KR6p0039,T47n1960,T47n1960 釋淨土群疑論,catalog,T47n1960,
KR6p0040,T47n1961,T47n1961 淨土十疑論,catalog,T47n1961,
KR6p0041,T47n1962,T47n1962 五方便念佛門,catalog,T47n1962,
KR6p0042,T47n1963,T47n1963 淨土論,catalog,T47n1963,
KR6p0043,T47n1964,T47n1964 西方要決釋疑通規,catalog,T47n1964,
KR6p0044,T47n1965,T47n1965 遊心安樂道,catalog,T47n1965,
KR6p0045,T47n1966,T47n1966 念佛鏡,catalog,T47n1966,
KR6p0046,T47n1967,T47n1967 念佛三昧寶王論,catalog,T47n1967,
KR6p0047,T47n1968,T47n1968 往生淨土決疑行願二門,catalog,T47n1968,
KR6p0048,T47n1969,T47n1969A 樂邦文類,catalog,T47n1969,
KR6p0049,T47n1969,T47n1969B 樂邦遺稿,catalog,T47n1969,
KR6p0050,T47n1970,T47n1970 龍舒増廣淨土文,catalog,T47n1970,
KR6p0052,T47n1971,T47n1971 淨土境觀要門,catalog,T47n1971,
KR6p0053,T47n1972,T47n1972 淨土或問,catalog,T47n1972,
KR6p0054,T47n1973,T47n1973 廬山蓮宗寶鑑,catalog,T47n1973,
KR6p0055,T47n1974,T47n1974 寶王三昧念佛直指,catalog,T47n1974,
KR6p0056,T47n1975,T47n1975 淨土生無生論,catalog,T47n1975,
KR6p0057,T47n1976,T47n1976 西方合論,catalog,T47n1976,
KR6p0058,T47n1977,T47n1977 淨土疑辨,catalog,T47n1977,
KR6p0073,T47n1978,T47n1978 讃阿彌陀佛偈,catalog,T47n1978,
KR6p0074,T47n1979,T47n1979 轉經行道願往生淨土法事讃,catalog,T47n1979,
KR6p0075,T47n1980,T47n1980 往生禮讃偈,catalog,T47n1980,
KR6p0076,T47n1981,T47n1981 依觀經等明般舟三昧行道往生讃,catalog,T47n1981,
KR6p0077,T47n1982,T47n1982 集諸經禮懺儀,catalog,T47n1982,
KR6p0078,T47n1983,T47n1983 淨土五會念佛略法事儀讃,catalog,T47n1983,
KR6p0079,T47n1984,T47n1984 往生淨土懺願儀,catalog,T47n1984,
KR6q0053,T47n1985,T47n1985 鎭州臨濟慧照禪師語録,catalog,T47n1985,
KR6q0066,T47n1986,T47n1986A ṃ州洞山悟本禪師語録,catalog,T47n1986,
KR6q0067,T47n1986,T47n1986B 瑞州洞山良价禪師語録,catalog,T47n1986,
KR6q0068,T47n1987,T47n1987A 撫州曹山元證禪師語録,catalog,T47n1987,
KR6q0069,T47n1987,T47n1987B 撫州曹山本寂禪師語録,catalog,T47n1987,
KR6q0073,T47n1988,T47n1988 雲門匡眞禪師廣録,catalog,T47n1988,
KR6q0075,T47n1989,T47n1989 潭州Ç山靈祐禪師語録,catalog,T47n1989,
KR6q0076,T47n1990,T47n1990 袁州仰山慧寂禪師語録,catalog,T47n1990,
KR6q0077,T47n1991,T47n1991 金陵清涼院文益禪師語録,catalog,T47n1991,
KR6q0054,T47n1992,T47n1992 汾陽無徳禪師語録,catalog,T47n1992,
KR6q0055,T47n1993,T47n1993 黄龍慧南禪師語録,catalog,T47n1993,
KR6q0056,T47n1994,T47n1994A 楊岐方會和尚後録,catalog,T47n1994,
KR6q0057,T47n1994,T47n1994B 楊岐方會和尚語録,catalog,T47n1994,
KR6q0058,T47n1995,T47n1995 法演禪師語録,catalog,T47n1995,
KR6q0074,T47n1996,T47n1996 明覺禪師語録,catalog,T47n1996,
KR6q0059,T47n1997,T47n1997 圓悟佛果禪師語録,catalog,T47n1997,
KR6q0060,T47n1998,T47n1998A 大慧普覺禪師語録,catalog,T47n1998,
KR6q0061,T47n1998,T47n1998B 大慧普覺禪師宗門武庫,catalog,T47n1998,
KR6q0064,T47n1999,T47n1999 密菴和尚語録,catalog,T47n1999,
KR6q0065,T47n2000,T47n2000 虚堂和尚語録,catalog,T47n2000,
KR6q0070,T48n2001,T48n2001 宏智禪師廣録,catalog,T48n2001,
KR6q0071,T48n2002,T48n2002A 如淨和尚語録,catalog,T48n2002,
KR6q0072,T48n2002,T48n2002B 天童山景徳寺如淨禪師續語録,catalog,T48n2002,
KR6q0078,T48n2003,T48n2003 佛果圜悟禪師碧巖録,catalog,T48n2003,
KR6q0079,T48n2004,T48n2004 萬松老人評唱天童覺和尚頌古從容庵録,catalog,T48n2004,
KR6q0080,T48n2005,T48n2005 無門關,catalog,T48n2005,
KR6q0081,T48n2006,T48n2006 人天眼目,catalog,T48n2006,
KR6q0082,T48n2007,T48n2007 南宗頓教最上大乘摩訶般若波羅蜜經六祖惠能大師於韶州大梵寺施法檀經,catalog,T48n2007,
KR6q0083,T48n2008,T48n2008 六祖大師法寶壇經,catalog,T48n2008,
KR6q0084,T48n2009,T48n2009 少室六門,catalog,T48n2009,
KR6q0085,T48n2010,T48n2010 信心銘,catalog,T48n2010,
KR6q0086,T48n2011,T48n2011 最上乘論,catalog,T48n2011,
KR6q0087,T48n2012,T48n2012A 黄檗山斷際禪師傳心法要,catalog,T48n2012,
KR6q0088,T48n2012,T48n2012B 黄檗斷際禪師宛陵録,catalog,T48n2012,
KR6q0089,T48n2013,T48n2013 禪宗永嘉集,catalog,T48n2013,
KR6q0090,T48n2014,T48n2014 永嘉證道歌,catalog,T48n2014,
KR6q0091,T48n2015,T48n2015 禪源諸詮集都序,catalog,T48n2015,
KR6q0092,T48n2016,T48n2016 宗鏡録,catalog,T48n2016,
KR6q0093,T48n2017,T48n2017 萬善同歸集,catalog,T48n2017,
KR6q0094,T48n2018,T48n2018 永明智覺禪師唯心訣,catalog,T48n2018,
KR6q0095,T48n2019,T48n2019A 眞心直説,catalog,T48n2019,
KR6q0096,T48n2019,T48n2019B 誡初心學人文,catalog,T48n2019,
KR6q0097,T48n2020,T48n2020 高麗國普照禪師修心訣,catalog,T48n2020,
KR6q0098,T48n2021,T48n2021 禪宗決疑集,catalog,T48n2021,
KR6q0099,T48n2022,T48n2022 禪林寶訓,catalog,T48n2022,
KR6q0100,T48n2023,T48n2023 緇門警訓,catalog,T48n2023,
KR6q0101,T48n2024,T48n2024 禪關策進,catalog,T48n2024,
KR6q0102,T48n2025,T48n2025 勅修百丈清規,catalog,T48n2025,
KR6r0001,T49n2026,T49n2026 撰集三藏及雜藏傳,catalog,T49n2026,
KR6r0002,T49n2027,T49n2027 迦葉結經,catalog,T49n2027,
KR6r0003,T49n2028,T49n2028 迦丁比丘説當來變經,catalog,T49n2028,
KR6r0004,T49n2029,T49n2029 佛使比丘迦旃延説法没盡掲百二十章,catalog,T49n2029,
KR6r0005,T49n2030,T49n2030 大阿羅漢難提蜜多羅所説法住記,catalog,T49n2030,
KR6r0007,T49n2031,T49n2031 異部宗輪論,catalog,T49n2031,
KR6r0009,T49n2032,T49n2032 十八部論,catalog,T49n2032,
KR6r0010,T49n2033,T49n2033 部執異論,catalog,T49n2033,
KR6r0011,T49n2034,T49n2034 歴代三寶紀,catalog,T49n2034,
KR6r0012,T49n2035,T49n2035 佛祖統紀,catalog,T49n2035,
KR6r0013,T49n2036,T49n2036 佛祖歴代通載,catalog,T49n2036,
KR6r0014,T49n2037,T49n2037 釋氏稽古略,catalog,T49n2037,
KR6r0015,T49n2038,T49n2038 釋鑑稽古略續集,catalog,T49n2038,
KR6r0016,T49n2039,T49n2039 三國遺事,catalog,T49n2039,
KR6r0025,T50n2040,T50n2040 釋迦譜,catalog,T50n2040,
KR6r0026,T50n2041,T50n2041 釋迦氏譜,catalog,T50n2041,
KR6r0031,T50n2042,T50n2042 阿育王傳,catalog,T50n2042,
KR6r0032,T50n2043,T50n2043 阿育王經,catalog,T50n2043,
KR6r0033,T50n2044,T50n2044 天尊説阿育王譬喩經,catalog,T50n2044,
KR6r0034,T50n2045,T50n2045 阿育王息壞目因縁經,catalog,T50n2045,
KR6r0035,T50n2046,T50n2046 馬鳴菩薩傳,catalog,T50n2046,
KR6r0036,T50n2047,T50n2047 龍樹菩薩傳,kanripo_CBETA_ID,T50n2047,
KR6r0038,T50n2048,T50n2048 提婆菩薩傳,catalog,T50n2048,
KR6r0039,T50n2049,T50n2049 婆藪槃豆法師傳,catalog,T50n2049,
KR6r0040,T50n2050,T50n2050 隋天台智者大師別傳,catalog,T50n2050,
KR6r0041,T50n2051,T50n2051 唐護法沙門法琳別傳,catalog,T50n2051,
KR6r0042,T50n2052,T50n2052 大唐故三藏玄奘法師行状,catalog,T50n2052,
KR6r0043,T50n2053,T50n2053 大唐大慈恩寺三藏法師傳,catalog,T50n2053,
KR6r0044,T50n2054,T50n2054 唐大薦福寺故寺主翻經大徳法藏和尚傳,catalog,T50n2054,
KR6r0045,T50n2055,T50n2055 玄宗朝翻經三藏善無畏贈鴻臚卿行状,catalog,T50n2055,
KR6r0046,T50n2056,T50n2056 大唐故大徳贈司空大辧正廣智不空三藏行状,catalog,T50n2056,
KR6r0047,T50n2057,T50n2057 大唐青龍寺三朝供奉大徳行状,catalog,T50n2057,
KR6r0051,T50n2058,T50n2058 付法藏因縁傳,catalog,T50n2058,
KR6r0052,T50n2059,T50n2059 高僧傳,catalog,T50n2059,
KR6r0053,T50n2060,T50n2060 續高僧傳,catalog,T50n2060,
KR6r0054,T50n2061,T50n2061 宋高僧傳,catalog,T50n2061,
KR6r0055,T50n2062,T50n2062 大明高僧傳,catalog,T50n2062,
KR6r0056,T50n2063,T50n2063 比丘尼傳,catalog,T50n2063,
KR6r0057,T50n2064,T50n2064 神僧傳,catalog,T50n2064,
KR6r0058,T50n2065,T50n2065 海東高僧傳,catalog,T50n2065,
KR6r0059,T51n2066,T51n2066 大唐西域求法高僧傳,catalog,T51n2066,
KR6r0066,T51n2067,T51n2067 弘賛法華傳,catalog,T51n2067,
KR6r0067,T51n2068,T51n2068 法華傳記,catalog,T51n2068,
KR6r0068,T51n2069,T51n2069 天台九祖傳,catalog,T51n2069,
KR6r0074,T51n2070,T51n2070 往生西方淨土瑞應傳,catalog,T51n2070,
KR6r0075,T51n2071,T51n2071 淨土往生傳,catalog,T51n2071,
KR6r0076,T51n2072,T51n2072 往生集,catalog,T51n2072,
KR6r0084,T51n2073,T51n2073 華嚴經傳記,catalog,T51n2073,
KR6r0085,T51n2074,T51n2074 大方廣佛華嚴經感應傳,catalog,T51n2074,
KR6q0001,T51n2075,T51n2075 歴代法寶記,catalog,T51n2075,
KR6q0003,T51n2076,T51n2076 景徳傳燈録,catalog,T51n2076,
KR6q0016,T51n2077,T51n2077 續傳燈録,catalog,T51n2077,
KR6r0100,T51n2078,T51n2078 傳法正宗記,catalog,T51n2078,
KR6r0101,T51n2079,T51n2079 傳法正宗定祖圖,catalog,T51n2079,
KR6r0102,T51n2080,T51n2080 傳法正宗論,catalog,T51n2080,
KR6r0115,T51n2081,T51n2081 兩部大法相承師資付法記,catalog,T51n2081,
KR6r0116,T51n2082,T51n2082 冥報記,catalog,T51n2082,
KR6r0117,T51n2083,T51n2083 釋門自鏡録,catalog,T51n2083,
KR6r0118,T51n2084,T51n2084 三寶感應要略録,catalog,T51n2084,
KR6r0119,T51n2085,T51n2085 高僧法顯傳,catalog,T51n2085,
KR6r0120,T51n2086,T51n2086 北魏僧惠生使西域記,catalog,T51n2086,
KR6r0121,T51n2087,T51n2087 大唐西域記,catalog,T51n2087,
KR6r0122,T51n2088,T51n2088 釋迦方志,catalog,T51n2088,
KR6r0123,T51n2089,T51n2089 遊方記抄,catalog,T51n2089,
KR6r0124,T51n2090,T51n2090 釋迦牟尼如來像法滅盡之記,catalog,T51n2090,
KR6r0125,T51n2091,T51n2091 燉煌録,catalog,T51n2091,
KR6r0127,T51n2092,T51n2092 洛陽伽藍記,catalog,T51n2092,
KR6r0128,T51n2093,T51n2093 寺塔記,catalog,T51n2093,
KR6r0129,T51n2094,T51n2094 梁京寺記,catalog,T51n2094,
KR6r0130,T51n2095,T51n2095 廬山記,catalog,T51n2095,
KR6r0131,T51n2096,T51n2096 天台山記,catalog,T51n2096,
KR6r0132,T51n2097,T51n2097 南嶽總勝集,catalog,T51n2097,
KR6r0133,T51n2098,T51n2098 古清凉傳,catalog,T51n2098,
KR6r0134,T51n2099,T51n2099 廣清凉傳,catalog,T51n2099,
KR6r0135,T51n2100,T51n2100 續清凉傳,catalog,T51n2100,
KR6r0136,T51n2101,T51n2101 補陀洛迦山傳,catalog,T51n2101,
KR6r0137,T52n2102,T52n2102 弘明集,catalog,T52n2102,
KR6r0138,T52n2103,T52n2103 廣弘明集,catalog,T52n2103,
KR6r0139,T52n2104,T52n2104 集古今佛道論衡,catalog,T52n2104,
KR6r0140,T52n2105,T52n2105 續集古今佛道論衡,catalog,T52n2105,
KR6r0152,T52n2106,T52n2106 集神州三寶感通録,catalog,T52n2106,
KR6r0153,T52n2107,T52n2107 道宣律師感通録,catalog,T52n2107,
KR6r0141,T52n2108,T52n2108 集沙門不應拜俗等事,catalog,T52n2108,
KR6r0142,T52n2109,T52n2109 破邪論,catalog,T52n2109,
KR6r0143,T52n2110,T52n2110 辯正論,catalog,T52n2110,
KR6r0144,T52n2111,T52n2111 十門辯惑論,catalog,T52n2111,
KR6r0145,T52n2112,T52n2112 甄正論,catalog,T52n2112,
KR6r0146,T52n2113,T52n2113 北山録,catalog,T52n2113,
KR6r0147,T52n2114,T52n2114 護法論,catalog,T52n2114,
KR6r0148,T52n2115,T52n2115 鐔津文集,catalog,T52n2115,
KR6r0149,T52n2116,T52n2116 辯僞録,catalog,T52n2116,
KR6r0150,T52n2117,T52n2117 三教平心論,catalog,T52n2117,
KR6r0151,T52n2118,T52n2118 折疑論,catalog,T52n2118,
KR6r0154,T52n2119,T52n2119 寺沙門玄奘上表記,catalog,T52n2119,
KR6r0155,T52n2120,T52n2120 代宗朝贈司空大辨正廣智三藏和上表制集,catalog,T52n2120,
KR6s0001,T53n2121,T53n2121 經律異相,catalog,T53n2121,
KR6s0002,T53n2122,T53n2122 法苑珠林,catalog,T53n2122,
KR6s0003,T54n2123,T54n2123 諸經要集,catalog,T54n2123,
KR6s0004,T54n2124,T54n2124 法門名義集,catalog,T54n2124,
KR6r0126,T54n2125,T54n2125 南海寄歸内法傳,catalog,T54n2125,
KR6r0060,T54n2126,T54n2126 大宋僧史略,catalog,T54n2126,
KR6s0005,T54n2127,T54n2127 釋氏要覽,catalog,T54n2127,
KR6s0013,T54n2128,T54n2128 一切經音義,catalog,T54n2128,
KR6s0014,T54n2129,T54n2129 續一切經音義,catalog,T54n2129,
KR6s0018,T54n2130,T54n2130 飜梵語,catalog,T54n2130,
KR6s0019,T54n2131,T54n2131 翻譯名義集,catalog,T54n2131,
KR6s0020,T54n2132,T54n2132 悉曇字記,catalog,T54n2132,
KR6s0021,T54n2133,T54n2133A 梵語千字文,catalog,T54n2133,
KR6s0022,T54n2133,T54n2133B 梵語千字文,catalog,T54n2133,
KR6s0023,T54n2134,T54n2134 唐梵文字,catalog,T54n2134,
KR6s0024,T54n2135,T54n2135 梵語雜名,catalog,T54n2135,
KR6s0025,T54n2136,T54n2136 唐梵兩語雙對集,catalog,T54n2136,
KR6s0072,T54n2137,T54n2137 金七十論,catalog,T54n2137,
KR6s0073,T54n2138,T54n2138 勝宗十句義論,catalog,T54n2138,
KR6s0074,T54n2139,T54n2139 老子化胡經,catalog,T54n2139,
KR6s0078,T54n2140,T54n2140 摩尼教下部讃,catalog,T54n2140,
KR6s0079,T54n2141,T54n2141A 摩尼光佛教法儀略,catalog,T54n2141,
KR6s0080,T54n2141,T54n2141B 波斯教殘經,catalog,T54n2141,
KR6s0081,T54n2142,T54n2142 序聽迷詩所經,catalog,T54n2142,
KR6s0082,T54n2143,T54n2143 景影三威蒙度讃,catalog,T54n2143,
KR6s0083,T54n2144,T54n2144 大秦景教流行中國碑頌,catalog,T54n2144,
KR6s0084,T55n2145,T55n2145 出三藏記集,catalog,T55n2145,
KR6s0085,T55n2146,T55n2146 衆經目録,catalog,T55n2146,
KR6s0086,T55n2147,T55n2147 衆經目録,catalog,T55n2147,
KR6s0087,T55n2148,T55n2148 衆經目録,catalog,T55n2148,
KR6s0088,T55n2149,T55n2149 大唐内典録,catalog,T55n2149,
KR6s0089,T55n2150,T55n2150 續大唐内典録,catalog,T55n2150,
KR6s0090,T55n2151,T55n2151 古今譯經圖紀,catalog,T55n2151,
KR6s0091,T55n2152,T55n2152 續古今譯經圖紀,catalog,T55n2152,
KR6s0092,T55n2153,T55n2153 大周刊定衆經目録,catalog,T55n2153,
KR6s0093,T55n2154,T55n2154 開元釋教録,catalog,T55n2154,
KR6s0094,T55n2155,T55n2155 開元釋教録略出,catalog,T55n2155,
KR6s0096,T55n2156,T55n2156 大唐貞元續開元釋教録,catalog,T55n2156,
KR6s0097,T55n2157,T55n2157 貞元新定釋教目録,catalog,T55n2157,
KR6s0098,T55n2158,T55n2158 續貞元釋教録,catalog,T55n2158,
KR6s0105,T55n2159,T55n2159 傳教大師將來台州録,catalog,T55n2159,
KR6s0106,T55n2160,T55n2160 傳教大師將來越州録,catalog,T55n2160,
KR6s0107,T55n2161,T55n2161 御請來目録,catalog,T55n2161,
KR6s0108,T55n2162,T55n2162 根本大和尚眞跡策子等目録,catalog,T55n2162,
KR6s0109,T55n2163,T55n2163 常曉和尚請來目録,catalog,T55n2163,
KR6s0110,T55n2164,T55n2164 靈巖寺和尚請來法門道具等目録,catalog,T55n2164,
KR6s0111,T55n2165,T55n2165 日本國承和五年入唐求法目録,catalog,T55n2165,
KR6s0112,T55n2166,T55n2166 慈覺大師在唐送進録,catalog,T55n2166,
KR6s0113,T55n2167,T55n2167 入唐新求聖教目録,catalog,T55n2167,
KR6s0114,T55n2168,T55n2168A 惠運禪師請來教法目録,catalog,T55n2168,
KR6s0115,T55n2168,T55n2168B 惠運律師書目録,catalog,T55n2168,
KR6s0116,T55n2169,T55n2169 開元寺求得經疏記等目録,catalog,T55n2169,
KR6s0117,T55n2170,T55n2170 福州温州台州求得經律論疏記外書等目録,catalog,T55n2170,
KR6s0118,T55n2171,T55n2171 青龍寺求法目録,catalog,T55n2171,
KR6s0119,T55n2172,T55n2172 日本比丘圓珍入唐求法目録,catalog,T55n2172,
KR6s0120,T55n2173,T55n2173 智證大師請來目録,catalog,T55n2173,
KR6s0121,T55n2174,T55n2174A 新書寫請來法門等目録,catalog,T55n2174,
KR6s0122,T55n2174,T55n2174B 禪林寺宗叡僧正目録,catalog,T55n2174,
KR6s0123,T55n2175,T55n2175 録外經等目録,catalog,T55n2175,
KR6s0124,T55n2176,T55n2176 諸阿闍梨眞言密教部類總録,catalog,T55n2176,
KR6s0125,T55n2177,T55n2177 華嚴宗章疏并因明録,catalog,T55n2177,
KR6s0126,T55n2178,T55n2178 天台宗章疏,catalog,T55n2178,
KR6s0127,T55n2179,T55n2179 三論宗章疏,catalog,T55n2179,
KR6s0128,T55n2180,T55n2180 法相宗章疏,catalog,T55n2180,
KR6s0129,T55n2181,T55n2181 注進法相宗章疏,catalog,T55n2181,
KR6s0130,T55n2182,T55n2182 律宗章疏,catalog,T55n2182,
KR6s0131,T55n2183,T55n2183 東域傳燈目録,catalog,T55n2183,
KR6s0132,T55n2184,T55n2184 新編諸宗教藏總録,catalog,T55n2184,
KR6f0053,T56n2185,T56n2185 勝鬘經義疏,catalog,T56n2185,
KR6i0086,T56n2186,T56n2186 維摩經義疏,catalog,T56n2186,
KR6d0033,T56n2187,T56n2187 法華義疏,catalog,T56n2187,
KR6d0034,T56n2188,T56n2188 法華略抄,catalog,T56n2188,
KR6d0035,T56n2189,T56n2189 妙法蓮華經釋文,catalog,T56n2189,
KR6d0036,T56n2190,T56n2190A 法華經開題,catalog,T56n2190,
KR6d0037,T56n2190,T56n2190B 法華經開題,catalog,T56n2190,
KR6d0038,T56n2190,T56n2190C 法華經釋,catalog,T56n2190,
KR6d0039,T56n2190,T56n2190D 法華經開題,catalog,T56n2190,
KR6d0040,T56n2190,T56n2190E 法華經密號,catalog,T56n2190,
KR6d0041,T56n2190,T56n2190F 法華略祕釋,catalog,T56n2190,
KR6d0042,T56n2190,T56n2190G 法華開題,catalog,T56n2190,
KR6d0043,T56n2191,T56n2191 法華經祕釋,catalog,T56n2191,
KR6d0044,T56n2192,T56n2192 入眞言門住如實見講演法華略儀,catalog,T56n2192,
KR6d0119,T56n2193,T56n2193 註無量義經,catalog,T56n2193,
KR6d0121,T56n2194,T56n2194 佛説觀普賢菩薩行法經記,catalog,T56n2194,
KR6d0045,T56n2195,T56n2195 法華開示抄,catalog,T56n2195,
KR6i0318,T56n2196,T56n2196 金光明最勝王經玄樞,catalog,T56n2196,
KR6i0319,T56n2197,T56n2197 金光明最勝王經註釋,catalog,T56n2197,
KR6i0320,T56n2198,T56n2198 最勝王經羽足,catalog,T56n2198,
KR6i0321,T56n2199,T56n2199A 最勝王經開題,catalog,T56n2199,
KR6i0322,T56n2199,T56n2199B 金勝王經祕密伽陀,catalog,T56n2199,
KR6c0218,T56n2200,T56n2200 仁王經開題,catalog,T56n2200,
KR6c0101,T57n2201,T57n2201 金剛般若波羅蜜經開題,catalog,T57n2201,
KR6c0196,T57n2202,T57n2202 般若心經述義,catalog,T57n2202,
KR6c0199,T57n2203,T57n2203A 般若心經祕鍵,catalog,T57n2203,
KR6c0200,T57n2203,T57n2203B 般若心經祕鍵略註,catalog,T57n2203,
KR6c0201,T57n2204,T57n2204 般若心經祕鍵開門訣,catalog,T57n2204,
KR6e0013,T57n2205,T57n2205 華嚴演義鈔纂釋,catalog,T57n2205,
KR6e0014,T57n2206,T57n2206A 新譯華嚴經音義,catalog,T57n2206,
KR6e0042,T57n2206,T57n2206B 貞元華嚴經音義,catalog,T57n2206,
KR6f0083,T57n2207,T57n2207 淨土三部經音義集,catalog,T57n2207,
KR6f0078,T57n2208,T57n2208A 淨土疑端,catalog,T57n2208,
KR6f0079,T57n2208,T57n2208B 觀經義賢問愚答鈔,catalog,T57n2208,
KR6f0080,T57n2208,T57n2208C 觀經義拙疑巧答研覈鈔,catalog,T57n2208,
KR6f0081,T57n2209,T57n2209 觀經疏傳通記,catalog,T57n2209,
KR6f0084,T57n2210,T57n2210 阿彌陀經略記,catalog,T57n2210,
,T58n2211,T58n2211A 大日經開題,,T58n2211,
KR6j0003,T58n2212,T58n2212A 大毘盧遮那經指歸,catalog,T58n2212,
KR6j0004,T58n2212,T58n2212B 大毘盧遮那成道經心目,catalog,T58n2212,
KR6j0663,T58n2213,T58n2213 大日經疏妙印鈔,catalog,T58n2213,
KR6j0664,T58n2214,T58n2214 大日經疏妙印鈔口傳,catalog,T58n2214,
KR6j0665,T58n2215,T58n2215 大日經住心品疏私記,catalog,T58n2215,
KR6j0666,T59n2216,T59n2216 大日經疏演奧鈔,catalog,T59n2216,
KR6j0667,T59n2217,T59n2217 大日經疏指心鈔,catalog,T59n2217,
KR6j0668,T60n2218,T60n2218 大日經疏鈔,catalog,T60n2218,
KR6j0669,T60n2219,T60n2219 大日經住心品疏私記,catalog,T60n2219,
KR6j0671,T60n2220,T60n2220 大日經供養次第法疏私記,catalog,T60n2220,
KR6j0025,T61n2221,T61n2221 金剛頂經開題,catalog,T61n2221,
KR6j0026,T61n2222,T61n2222 教王經開題,catalog,T61n2222,
KR6j0027,T61n2223,T61n2223 金剛頂大教王經疏,catalog,T61n2223,
KR6j0028,T61n2224,T61n2224 金剛頂經偈釋,catalog,T61n2224,
KR6j0029,T61n2225,T61n2225 金剛頂大教王經私記,catalog,T61n2225,
KR6j0050,T61n2226,T61n2226 三十卷教王經文次第,catalog,T61n2226,
KR6j0062,T61n2227,T61n2227 蘇悉地羯羅經略疏,catalog,T61n2227,
KR6j0032,T61n2228,T61n2228 金剛峰樓閣一切瑜伽祇經修行法,catalog,T61n2228,
KR6j0033,T61n2229,T61n2229 瑜祇總行私記,catalog,T61n2229,
KR6j0125,T61n2230,T61n2230 菩提場經略義釋,catalog,T61n2230,
KR6j0011,T61n2231,T61n2231 蓮華胎藏界儀軌解釋,catalog,T61n2231,
KR6j0040,T61n2232,T61n2232 梵m日羅駄覩私記,catalog,T61n2232,
KR6j0119,T61n2233,T61n2233 大佛頂經開題,catalog,T61n2233,
KR6j0182,T61n2234,T61n2234 注大佛頂眞言,catalog,T61n2234,
KR6j0183,T61n2235,T61n2235 大佛頂如來放光悉怛他鉢怛e陀羅尼勘註,catalog,T61n2235,
KR6c0121,T61n2236,T61n2236A 理趣經開題,catalog,T61n2236,
,T61n2236,T61n2236B 理趣經開題,,T61n2236,
KR6c0122,T61n2237,T61n2237 眞實經文句,catalog,T61n2237,
KR6c0123,T61n2238,T61n2238 理趣經種子釋,catalog,T61n2238,
KR6c0124,T61n2239,T61n2239 大樂經顯義抄,catalog,T61n2239,
KR6j0194,T61n2240,T61n2240 理趣釋重釋記,catalog,T61n2240,
KR6j0195,T61n2241,T61n2241 理趣釋祕要鈔,catalog,T61n2241,
KR6j0372,T61n2242,T61n2242 大隨求陀羅尼勘註,catalog,T61n2242,
KR6j0261,T61n2243,T61n2243 千手經二十八部衆釋,catalog,T61n2243,
KR6j0168,T61n2244,T61n2244 孔雀經音義,catalog,T61n2244,
KR6j0192,T61n2245,T61n2245 不空羂索毘盧遮那佛大灌頂光明眞言句義釋,catalog,T61n2245,
KR6k0077,T62n2246,T62n2246 梵網經開題,catalog,T62n2246,
KR6k0081,T62n2247,T62n2247 梵網戒本疏日珠鈔,catalog,T62n2247,
KR6k0130,T62n2248,T62n2248 資行鈔,catalog,T62n2248,
KR6l0024,T63n2249,T63n2249 倶舍論本義抄,catalog,T63n2249,
KR6l0025,T63n2250,T63n2250 阿毘達磨倶舍論指要鈔,catalog,T63n2250,
KR6l0026,T64n2251,T64n2251 阿毘達磨倶舍論法義,catalog,T64n2251,
KR6l0027,T64n2252,T64n2252 阿毘達磨倶舍論稽古,catalog,T64n2252,
KR6l0043,T64n2253,T64n2253 倶舍論頌疏正文,catalog,T64n2253,
KR6l0044,T64n2254,T64n2254 倶舍論頌疏抄,catalog,T64n2254,
KR6m0007,T65n2255,T65n2255 中論疏記,catalog,T65n2255,
KR6m0002,T65n2256,T65n2256 中觀論二十七品別釋,catalog,T65n2256,
KR6m0011,T65n2257,T65n2257 十二門論疏聞思記,catalog,T65n2257,
KR6m0024,T65n2258,T65n2258 掌珍量†,catalog,T65n2258,
KR6n0011,T65n2259,T65n2259 瑜伽論問答,catalog,T65n2259,
KR6n0027,T65n2260,T65n2260 成唯識論述記序釋,catalog,T65n2260,
KR6n0031,T65n2261,T65n2261 唯識義燈増明記,catalog,T65n2261,
KR6n0017,T65n2262,T65n2262 成唯識論本文抄,catalog,T65n2262,
KR6n0018,T66n2263,T66n2263 唯識論同學鈔,catalog,T66n2263,
KR6n0019,T66n2264,T66n2264 唯識論聞書,catalog,T66n2264,
KR6n0020,T66n2265,T66n2265 唯識訓論日記,catalog,T66n2265,
KR6n0028,T67n2266,T67n2266 成唯識論述記集成編,catalog,T67n2266,
KR6n0021,T68n2267,T68n2267 成唯識論略疏,catalog,T68n2267,
KR6n0023,T68n2268,T68n2268 注三十頌,catalog,T68n2268,
KR6n0062,T68n2269,T68n2269 攝大乘論釋略疏,catalog,T68n2269,
KR6o0009,T68n2270,T68n2270 因明論疏明燈抄,catalog,T68n2270,
KR6o0010,T68n2271,T68n2271 因明大疏抄,catalog,T68n2271,
KR6o0011,T69n2272,T69n2272 因明大疏融貫鈔,catalog,T69n2272,
KR6o0012,T69n2273,T69n2273 因明大疏ṭ,catalog,T69n2273,
KR6o0013,T69n2274,T69n2274 因明大疏裏書,catalog,T69n2274,
KR6o0014,T69n2275,T69n2275 因明四種相違私記,catalog,T69n2275,
KR6o0015,T69n2276,T69n2276 因明論疏四相違略註釋,catalog,T69n2276,
KR6o0016,T69n2277,T69n2277 因明四種相違略私記,catalog,T69n2277,
KR6o0017,T69n2278,T69n2278 四種相違斷略記,catalog,T69n2278,
KR6o0030,T69n2279,T69n2279 因明纂要略記,catalog,T69n2279,
KR6o0031,T69n2280,T69n2280 因明大疏四種相違抄,catalog,T69n2280,
KR6o0032,T69n2281,T69n2281 明本抄,catalog,T69n2281,
KR6o0033,T69n2282,T69n2282 明要抄,catalog,T69n2282,
KR6o0080,T69n2283,T69n2283 起信論抄出,catalog,T69n2283,
KR6o0091,T69n2284,T69n2284 釋摩訶衍論指事,catalog,T69n2284,
KR6o0092,T69n2285,T69n2285 釋摩訶衍論指事,catalog,T69n2285,
KR6o0093,T69n2286,T69n2286 釋摩訶衍論決疑破難會釋抄,catalog,T69n2286,
KR6o0094,T69n2287,T69n2287 釋摩訶衍論立義分略釋,catalog,T69n2287,
KR6o0095,T69n2288,T69n2288 釋摩訶衍論應教鈔,catalog,T69n2288,
KR6o0096,T69n2289,T69n2289 釋摩訶衍論私記,catalog,T69n2289,
KR6o0097,T69n2290,T69n2290 釋摩訶衍論勘注,catalog,T69n2290,
KR6o0072,T70n2291,T70n2291 金剛頂瑜伽中發阿耨多羅三藐三菩提心論祕釋,catalog,T70n2291,
KR6o0073,T70n2292,T70n2292 金剛頂發菩提心論私抄,catalog,T70n2292,
KR6o0074,T70n2293,T70n2293 金剛頂宗菩提心論口決,catalog,T70n2293,
KR6o0075,T70n2294,T70n2294 菩提心論見聞,catalog,T70n2294,
KR6o0076,T70n2295,T70n2295A 菩提心論異本,catalog,T70n2295,
KR6o0077,T70n2295,T70n2295B 菩提心論愚疑,catalog,T70n2295,
KR6o0081,T70n2296,T70n2296 大乘三論大義鈔,catalog,T70n2296,
KR6o0082,T70n2297,T70n2297 一乘佛性慧日抄,catalog,T70n2297,
KR6o0083,T70n2298,T70n2298 大乘正觀略私記,catalog,T70n2298,
KR6m0027,T70n2299,T70n2299 三論玄疏文義要,catalog,T70n2299,
KR6m0028,T70n2300,T70n2300 三論玄義檢幽集,catalog,T70n2300,
KR6m0029,T70n2301,T70n2301 三論玄義鈔,catalog,T70n2301,
KR6m0030,T70n2302,T70n2302 三論玄義誘蒙,catalog,T70n2302,
KR6m0032,T70n2303,T70n2303 大乘玄問答,catalog,T70n2303,
KR6m0033,T70n2304,T70n2304 一乘義私記,catalog,T70n2304,
KR6n0123,T70n2305,T70n2305 八識義章研習抄,catalog,T70n2305,
KR6t0001,T70n2306,T70n2306 三論名教抄,catalog,T70n2306,
KR6t0002,T70n2307,T70n2307A 三論興縁,catalog,T70n2307,
KR6t0003,T70n2307,T70n2307B 三論宗濫觴,catalog,T70n2307,
KR6t0004,T70n2308,T70n2308 三論宗初心初學鈔,catalog,T70n2308,
KR6t0005,T71n2309,T71n2309 大乘法相研神章,catalog,T71n2309,
KR6t0006,T71n2310,T71n2310 法相燈明記,catalog,T71n2310,
KR6t0007,T71n2311,T71n2311 心要鈔,catalog,T71n2311,
KR6t0008,T71n2312,T71n2312 觀心覺夢鈔,catalog,T71n2312,
KR6t0009,T71n2313,T71n2313 眞心要決,catalog,T71n2313,
KR6t0010,T71n2314,T71n2314 二卷鈔,catalog,T71n2314,
KR6t0011,T71n2315,T71n2315 略述法相義,catalog,T71n2315,
KR6t0012,T71n2316,T71n2316 大乘一切法相玄論,catalog,T71n2316,
KR6t0013,T71n2317,T71n2317 法苑義鏡,catalog,T71n2317,
KR6t0014,T71n2318,T71n2318 五心義略記,catalog,T71n2318,
KR6t0015,T71n2319,T71n2319 唯識義私記,catalog,T71n2319,
KR6t0016,T71n2320,T71n2320 法相宗賢聖義略問答卷第四,catalog,T71n2320,
KR6t0017,T71n2321,T71n2321 唯識分量決,catalog,T71n2321,
KR6t0018,T71n2322,T71n2322 四分義極略私記,catalog,T71n2322,
KR6t0019,T71n2323,T71n2323 大乘法苑義林章師子吼鈔,catalog,T71n2323,
KR6t0020,T71n2324,T71n2324 七十五法名目,catalog,T71n2324,
KR6t0021,T71n2325,T71n2325 有宗七十五法記,catalog,T71n2325,
KR6t0022,T72n2326,T72n2326 華嚴宗一乘開心論,catalog,T72n2326,
KR6t0023,T72n2327,T72n2327 華嚴一乘義私記,catalog,T72n2327,
KR6t0024,T72n2328,T72n2328 華嚴宗種性義抄,catalog,T72n2328,
KR6t0025,T72n2329,T72n2329 華嚴論草,catalog,T72n2329,
KR6t0026,T72n2330,T72n2330 華嚴信種義,catalog,T72n2330,
KR6t0027,T72n2331,T72n2331 華嚴修禪觀照入解脱門義,catalog,T72n2331,
KR6t0028,T72n2332,T72n2332 華嚴佛光三昧觀祕寶藏,catalog,T72n2332,
KR6t0029,T72n2333,T72n2333 華嚴宗香薫抄,catalog,T72n2333,
KR6t0030,T72n2334,T72n2334 華嚴宗大要抄,catalog,T72n2334,
KR6t0031,T72n2335,T72n2335 華嚴宗要義,catalog,T72n2335,
KR6t0032,T72n2336,T72n2336 華嚴宗所立五教十宗大意略抄,catalog,T72n2336,
KR6t0033,T72n2337,T72n2337 華嚴五教章指事,catalog,T72n2337,
KR6t0034,T72n2338,T72n2338 華嚴五教章名目,catalog,T72n2338,
KR6t0035,T72n2339,T72n2339 五教章通路記,catalog,T72n2339,
KR6t0036,T72n2340,T72n2340 華嚴五教章問答抄,catalog,T72n2340,
KR6t0037,T73n2341,T73n2341 華嚴五教章深意鈔,catalog,T73n2341,
KR6t0038,T73n2342,T73n2342 華嚴五教章見聞鈔,catalog,T73n2342,
KR6t0039,T73n2343,T73n2343 華嚴五教章不審,catalog,T73n2343,
KR6t0040,T73n2344,T73n2344 華嚴五教章匡眞鈔,catalog,T73n2344,
KR6t0041,T73n2345,T73n2345A 華嚴五教章衍祕鈔,catalog,T73n2345,
KR6t0042,T73n2345,T73n2345B 華嚴五教章科,catalog,T73n2345,
KR6t0043,T73n2346,T73n2346 金師子章勘文,catalog,T73n2346,
KR6t0044,T74n2347,T74n2347 戒律傳來記,catalog,T74n2347,
KR6t0045,T74n2348,T74n2348 律宗綱要,catalog,T74n2348,
KR6t0046,T74n2349,T74n2349 東大寺受戒方軌,catalog,T74n2349,
KR6t0047,T74n2350,T74n2350 東大寺戒壇院受戒式,catalog,T74n2350,
KR6t0048,T74n2351,T74n2351 唐招提寺戒壇別受戒式,catalog,T74n2351,
KR6t0049,T74n2352,T74n2352 菩薩戒本宗要雜文集,catalog,T74n2352,
KR6t0050,T74n2353,T74n2353 菩薩戒通受遣疑鈔,catalog,T74n2353,
KR6t0051,T74n2354,T74n2354 菩薩戒通別二受鈔,catalog,T74n2354,
KR6t0052,T74n2355,T74n2355 通受比丘懺悔兩寺不同記,catalog,T74n2355,
KR6t0053,T74n2356,T74n2356 菩薩戒本宗要輔[補]行文集,catalog,T74n2356,
KR6t0054,T74n2357,T74n2357 應理宗戒圖釋文鈔,catalog,T74n2357,
KR6t0055,T74n2358,T74n2358A 菩薩戒問答洞義抄,catalog,T74n2358,
KR6t0056,T74n2358,T74n2358B 菩薩戒綱要鈔,catalog,T74n2358,
KR6t0057,T74n2359,T74n2359 律宗行事目心鈔,catalog,T74n2359,
KR6t0058,T74n2360,T74n2360 大乘圓戒顯正論,catalog,T74n2360,
KR6t0059,T74n2361,T74n2361 願文,catalog,T74n2361,
KR6t0060,T74n2362,T74n2362 守護國界章,catalog,T74n2362,
KR6t0061,T74n2363,T74n2363 法華長講會式,catalog,T74n2363,
KR6t0062,T74n2364,T74n2364 長講金光明經會式,catalog,T74n2364,
KR6t0063,T74n2365,T74n2365 長講仁王般若經會式,catalog,T74n2365,
KR6t0064,T74n2366,T74n2366 天台法華宗義集,catalog,T74n2366,
KR6t0065,T74n2367,T74n2367 授決集,catalog,T74n2367,
KR6t0066,T74n2368,T74n2368 諸家教相同異集,catalog,T74n2368,
KR6t0067,T74n2369,T74n2369 定宗論,catalog,T74n2369,
KR6t0068,T74n2370,T74n2370 一乘要決,catalog,T74n2370,
KR6t0069,T74n2371,T74n2371 漢光類聚,catalog,T74n2371,
KR6t0070,T74n2372,T74n2372 天台眞言二宗同異章,catalog,T74n2372,
KR6t0071,T74n2373,T74n2373 圓密宗二教名目,catalog,T74n2373,
KR6t0072,T74n2374,T74n2374 宗要柏原案立,catalog,T74n2374,
KR6t0073,T74n2375,T74n2375 天台圓宗四教五時西谷名目,catalog,T74n2375,
KR6t0074,T74n2376,T74n2376 顯戒論,catalog,T74n2376,
KR6t0075,T74n2377,T74n2377 山家學生式,catalog,T74n2377,
KR6t0076,T74n2378,T74n2378 授菩薩戒儀,catalog,T74n2378,
KR6t0077,T74n2379,T74n2379 傳述一心戒文,catalog,T74n2379,
KR6t0078,T74n2380,T74n2380 顯揚大戒論,catalog,T74n2380,
KR6t0079,T74n2381,T74n2381 普通授菩薩戒廣釋,catalog,T74n2381,
KR6t0080,T74n2382,T74n2382 新學菩薩行要抄,catalog,T74n2382,
KR6t0081,T74n2383,T74n2383 菩薩圓頓授戒灌頂記,catalog,T74n2383,
KR6t0082,T74n2384,T74n2384 圓戒指掌,catalog,T74n2384,
KR6t0083,T75n2385,T75n2385 胎藏界虚心記,catalog,T75n2385,
KR6t0084,T75n2386,T75n2386 金剛界淨地記,catalog,T75n2386,
KR6t0085,T75n2387,T75n2387 蘇悉地妙心大,catalog,T75n2387,
KR6t0086,T75n2388,T75n2388 妙成就記,catalog,T75n2388,
KR6t0087,T75n2389,T75n2389 眞言所立三身問答,catalog,T75n2389,
KR6t0088,T75n2390,T75n2390 胎藏界大法對受記,catalog,T75n2390,
KR6t0089,T75n2391,T75n2391 金剛界大法對受記,catalog,T75n2391,
KR6t0090,T75n2392,T75n2392 蘇悉地對受記,catalog,T75n2392,
KR6t0091,T75n2393,T75n2393 觀中院撰定事業灌頂具足支分,catalog,T75n2393,
KR6t0092,T75n2394,T75n2394 大日經供養持誦不同,catalog,T75n2394,
KR6t0093,T75n2395,T75n2395A 教時諍,catalog,T75n2395,
KR6t0094,T75n2395,T75n2395B 教時諍論,catalog,T75n2395,
KR6t0095,T75n2396,T75n2396 眞言宗教時義,catalog,T75n2396,
KR6t0096,T75n2397,T75n2397 胎藏金剛菩提心義略問答抄,catalog,T75n2397,
KR6t0097,T75n2398,T75n2398 胎藏三密抄,catalog,T75n2398,
KR6t0098,T75n2399,T75n2399 三密抄料簡,catalog,T75n2399,
KR6t0099,T75n2400,T75n2400 金剛三密抄,catalog,T75n2400,
KR6t0100,T75n2401,T75n2401 東曼荼羅抄,catalog,T75n2401,
KR6t0101,T75n2402,T75n2402 西曼荼羅集,catalog,T75n2402,
KR6t0102,T75n2403,T75n2403 五相成身私記,catalog,T75n2403,
KR6t0103,T75n2404,T75n2404 胎藏界生起,catalog,T75n2404,
KR6t0104,T75n2405,T75n2405 祕密壇都法大阿闍梨常念誦生起,catalog,T75n2405,
KR6t0105,T75n2406,T75n2406A 金剛界次第生起,catalog,T75n2406,
KR6t0106,T75n2406,T75n2406B 謹答金剛界疑問總來十條,catalog,T75n2406,
KR6t0107,T75n2407,T75n2407 隨要記,catalog,T75n2407,
KR6t0108,T75n2408,T75n2408 四十帖決,catalog,T75n2408,
KR6t0109,T76n2409,T76n2409 行林抄,catalog,T76n2409,
KR6t0110,T76n2410,T76n2410 溪嵐拾葉集,catalog,T76n2410,
KR6t0111,T77n2411,T77n2411 三昧流口傳集,catalog,T77n2411,
KR6t0112,T77n2412,T77n2412 總持抄,catalog,T77n2412,
KR6t0113,T77n2413,T77n2413 四度授法日記,catalog,T77n2413,
KR6t0114,T77n2414,T77n2414 了因決,catalog,T77n2414,
KR6t0115,T77n2415,T77n2415 灌頂私見聞,catalog,T77n2415,
KR6t0116,T77n2416,T77n2416 遮那業案[var.安]立草,catalog,T77n2416,
KR6t0117,T77n2417,T77n2417 法華懺法,catalog,T77n2417,
KR6t0118,T77n2418,T77n2418 例時作法,catalog,T77n2418,
KR6t0119,T77n2419,T77n2419 遮那業學則,catalog,T77n2419,
KR6t0120,T77n2420,T77n2420 奏進法語,catalog,T77n2420,
KR6t0121,T77n2421,T77n2421 念佛三昧法語,catalog,T77n2421,
KR6t0122,T77n2422,T77n2422 眞迢上人法語,catalog,T77n2422,
KR6t0123,T77n2423,T77n2423 眞荷上人法語,catalog,T77n2423,
KR6t0124,T77n2424,T77n2424 眞朗上人法語,catalog,T77n2424,
KR6t0125,T77n2425,T77n2425 祕密曼荼羅十住心論,catalog,T77n2425,
KR6t0126,T77n2426,T77n2426 祕藏寶鑰,catalog,T77n2426,
KR6t0127,T77n2427,T77n2427 辧顯密二教論,catalog,T77n2427,
KR6t0128,T77n2428,T77n2428A 即身成佛義,catalog,T77n2428,
KR6t0129,T77n2428,T77n2428B 眞言宗即身成佛義問答,catalog,T77n2428,
KR6t0130,T77n2428,T77n2428C 即身成佛義,catalog,T77n2428,
KR6t0131,T77n2428,T77n2428D 眞言宗即身成佛義,catalog,T77n2428,
KR6t0132,T77n2428,T77n2428E 即身成佛義,catalog,T77n2428,
KR6t0133,T77n2428,T77n2428F 即身成佛義,catalog,T77n2428,
KR6t0134,T77n2428,T77n2428G 眞言宗即身成佛義問答,catalog,T77n2428,
KR6t0135,T77n2429,T77n2429 聲字實相義,catalog,T77n2429,
KR6t0136,T77n2430,T77n2430 吽字義,catalog,T77n2430,
KR6t0137,T77n2431,T77n2431 御遺告,catalog,T77n2431,
KR6t0138,T77n2432,T77n2432 阿字觀用心口決,catalog,T77n2432,
KR6t0139,T77n2433,T77n2433 眞言付法纂要抄,catalog,T77n2433,
KR6t0140,T77n2434,T77n2434 辧顯密二教論懸鏡抄,catalog,T77n2434,
KR6t0141,T77n2435,T77n2435 顯密差別問答,catalog,T77n2435,
KR6t0142,T77n2436,T77n2436 四種法身義,catalog,T77n2436,
KR6t0143,T77n2437,T77n2437 住心決疑抄,catalog,T77n2437,
KR6t0144,T77n2438,T77n2438 阿字義,catalog,T77n2438,
KR6t0145,T77n2439,T77n2439 阿字要略觀,catalog,T77n2439,
KR6t0146,T77n2440,T77n2440 大經要義抄注解,catalog,T77n2440,
KR6t0147,T77n2441,T77n2441 祕宗教相鈔,catalog,T77n2441,
KR6t0148,T77n2442,T77n2442 十住心論鈔,catalog,T77n2442,
KR6t0149,T77n2443,T77n2443 十住心論打聞集,catalog,T77n2443,
KR6t0150,T77n2444,T77n2444 十住遮難抄,catalog,T77n2444,
KR6t0151,T77n2445,T77n2445 眞言教主問答抄,catalog,T77n2445,
KR6t0152,T77n2446,T77n2446 千輻輪相顯密集,catalog,T77n2446,
KR6t0153,T77n2447,T77n2447 貞應抄,catalog,T77n2447,
KR6t0154,T77n2448,T77n2448 諸法分別抄,catalog,T77n2448,
KR6t0155,T77n2449,T77n2449 眞言名目,catalog,T77n2449,
KR6t0156,T77n2450,T77n2450 開心抄,catalog,T77n2450,
KR6t0157,T77n2451,T77n2451 金剛頂宗綱概,catalog,T77n2451,
KR6t0158,T77n2452,T77n2452 大日經教主本地加持分別,catalog,T77n2452,
KR6t0159,T77n2453,T77n2453 寶册鈔,catalog,T77n2453,
KR6t0160,T77n2454,T77n2454 十住心義林,catalog,T77n2454,
KR6t0161,T77n2455,T77n2455 大日經主異義事,catalog,T77n2455,
KR6t0162,T77n2456,T77n2456 寶鏡鈔,catalog,T77n2456,
KR6t0163,T77n2457,T77n2457 大日經教主義,catalog,T77n2457,
KR6t0164,T77n2458,T77n2458 眞言宗未決文,catalog,T77n2458,
KR6t0165,T77n2459,T77n2459 未決答決,catalog,T77n2459,
KR6t0166,T77n2460,T77n2460 徳一未決答釋,catalog,T77n2460,
KR6t0167,T78n2461,T78n2461 大和尚奉爲平安城太上天皇灌頂文,catalog,T78n2461,
KR6t0168,T78n2462,T78n2462 三昧耶戒序,catalog,T78n2462,
KR6t0169,T78n2463,T78n2463 祕密三昧耶佛戒儀,catalog,T78n2463,
KR6t0170,T78n2464,T78n2464 五部陀羅尼問答偈讃宗祕論,catalog,T78n2464,
KR6t0171,T78n2465,T78n2465 檜尾口訣,catalog,T78n2465,
KR6t0172,T78n2466,T78n2466 高雄口訣,catalog,T78n2466,
KR6t0173,T78n2467,T78n2467 五部肝心記,catalog,T78n2467,
KR6t0174,T78n2468,T78n2468 要尊道場觀,catalog,T78n2468,
KR6t0175,T78n2469,T78n2469 不灌鈴等記,catalog,T78n2469,
KR6t0176,T78n2470,T78n2470 具支灌頂儀式,catalog,T78n2470,
KR6t0177,T78n2471,T78n2471 金剛界九會密記,catalog,T78n2471,
KR6t0178,T78n2472,T78n2472 胎藏界三部祕釋,catalog,T78n2472,
KR6t0179,T78n2473,T78n2473 小野六帖,catalog,T78n2473,
KR6t0180,T78n2474,T78n2474 五相成身義問答抄,catalog,T78n2474,
KR6t0181,T78n2475,T78n2475 十八契印義釋生起,catalog,T78n2475,
KR6t0182,T78n2476,T78n2476 別行,catalog,T78n2476,
KR6t0183,T78n2477,T78n2477 柿袋,catalog,T78n2477,
KR6t0184,T78n2478,T78n2478 要尊法,catalog,T78n2478,
KR6t0185,T78n2479,T78n2479 勝語集,catalog,T78n2479,
KR6t0186,T78n2480,T78n2480 事相料簡,catalog,T78n2480,
KR6t0187,T78n2481,T78n2481 轉非命業抄,catalog,T78n2481,
KR6t0188,T78n2482,T78n2482 傳受集,catalog,T78n2482,
KR6t0189,T78n2483,T78n2483 厚造[雙]紙,catalog,T78n2483,
KR6t0190,T78n2484,T78n2484 諸尊要抄,catalog,T78n2484,
KR6t0191,T78n2485,T78n2485 祕藏金寶鈔,catalog,T78n2485,
KR6t0192,T78n2486,T78n2486 玄祕抄,catalog,T78n2486,
KR6t0193,T78n2487,T78n2487 治承記,catalog,T78n2487,
KR6t0194,T78n2488,T78n2488 澤鈔,catalog,T78n2488,
KR6t0195,T78n2489,T78n2489 祕鈔,catalog,T78n2489,
KR6t0196,T78n2490,T78n2490 異尊抄,catalog,T78n2490,
KR6t0197,T78n2491,T78n2491 右記,catalog,T78n2491,
KR6t0198,T78n2492,T78n2492 左記,catalog,T78n2492,
KR6t0199,T78n2493,T78n2493 御記,catalog,T78n2493,
KR6t0200,T78n2494,T78n2494 追記,catalog,T78n2494,
KR6t0201,T78n2495,T78n2495 薄雙紙,catalog,T78n2495,
KR6t0202,T78n2496,T78n2496 遍口鈔,catalog,T78n2496,
KR6t0203,T78n2497,T78n2497 實歸鈔,catalog,T78n2497,
KR6t0204,T78n2498,T78n2498 幸心鈔,catalog,T78n2498,
KR6t0205,T78n2499,T78n2499 傳法灌頂私記,catalog,T78n2499,
KR6t0206,T78n2500,T78n2500 四卷,catalog,T78n2500,
KR6t0207,T78n2501,T78n2501 師口,catalog,T78n2501,
KR6t0208,T78n2502,T78n2502 行法肝葉鈔,catalog,T78n2502,
KR6t0209,T78n2503,T78n2503 授寶性院宥快記,catalog,T78n2503,
KR6t0210,T78n2504,T78n2504 中院流四度口傳,catalog,T78n2504,
KR6t0211,T78n2505,T78n2505 中院流事,catalog,T78n2505,
KR6t0212,T78n2506,T78n2506 中院流大事聞書,catalog,T78n2506,
KR6t0213,T78n2507,T78n2507 傳屍病口傳,catalog,T78n2507,
KR6t0214,T78n2508,T78n2508 傳屍病灸治,catalog,T78n2508,
KR6t0215,T78n2509,T78n2509 僞書論,catalog,T78n2509,
KR6t0216,T79n2510,T79n2510 顯密不同頌,catalog,T79n2510,
KR6t0217,T79n2511,T79n2511 眞言宗即身成佛義章,catalog,T79n2511,
KR6t0218,T79n2512,T79n2512 　字祕釋,catalog,T79n2512,
KR6t0219,T79n2513,T79n2513 　字義,catalog,T79n2513,
KR6t0220,T79n2514,T79n2514 五輪九字明祕密釋,catalog,T79n2514,
KR6t0221,T79n2515,T79n2515 密嚴淨土略觀,catalog,T79n2515,
KR6t0222,T79n2516,T79n2516 祕密莊嚴傳法灌頂一異義,catalog,T79n2516,
KR6t0223,T79n2517,T79n2517 十八道沙汰,catalog,T79n2517,
KR6t0224,T79n2518,T79n2518 金剛頂經蓮華部心念誦次第沙汰,catalog,T79n2518,
KR6t0225,T79n2519,T79n2519 胎藏界沙汰,catalog,T79n2519,
KR6t0226,T79n2520,T79n2520 心月輪祕釋,catalog,T79n2520,
KR6t0227,T79n2521,T79n2521 眞言淨菩提心私記,catalog,T79n2521,
KR6t0228,T79n2522,T79n2522 阿彌陀祕釋,catalog,T79n2522,
KR6t0229,T79n2523,T79n2523 眞言宗義,catalog,T79n2523,
KR6t0230,T79n2524,T79n2524 祕密莊嚴不二義章,catalog,T79n2524,
KR6t0231,T79n2525,T79n2525 眞言三密修行問答,catalog,T79n2525,
KR6t0232,T79n2526,T79n2526 勸發頌,catalog,T79n2526,
KR6t0233,T79n2527,T79n2527 密嚴院發露懺悔文,catalog,T79n2527,
KR6t0234,T79n2528,T79n2528 諸宗教理同異釋,catalog,T79n2528,
KR6t0235,T79n2529,T79n2529 十八道口決,catalog,T79n2529,
KR6t0236,T79n2530,T79n2530 野金口決鈔,catalog,T79n2530,
KR6t0237,T79n2531,T79n2531 野胎口決鈔,catalog,T79n2531,
KR6t0238,T79n2532,T79n2532 護摩口決,catalog,T79n2532,
KR6t0239,T79n2533,T79n2533 金界發惠抄,catalog,T79n2533,
KR6t0240,T79n2534,T79n2534 胎藏入理鈔,catalog,T79n2534,
KR6t0241,T79n2535,T79n2535 薄草子口決,catalog,T79n2535,
KR6t0242,T79n2536,T79n2536 祕鈔問答,catalog,T79n2536,
KR6t0243,T79n2537,T79n2537 釋摩訶衍論第十廣短册,catalog,T79n2537,
KR6t0244,T79n2538,T79n2538 大疏百條第三重,catalog,T79n2538,
KR6t0245,T79n2539,T79n2539 自證説法,catalog,T79n2539,
KR6t0246,T79n2540,T79n2540 大疏談義,catalog,T79n2540,
KR6t0247,T79n2541,T79n2541 祕密因縁管絃相成義,catalog,T79n2541,
KR6t0248,T79n2542,T79n2542 讀書二十二則,catalog,T79n2542,
KR6t0249,T80n2543,T80n2543 興禪護國論,catalog,T80n2543,
KR6t0250,T80n2544,T80n2544 聖一國師語録,catalog,T80n2544,
KR6t0251,T80n2545,T80n2545 寶覺禪師語録,catalog,T80n2545,
KR6t0252,T80n2546,T80n2546 佛照禪師語録,catalog,T80n2546,
KR6t0253,T80n2547,T80n2547 大覺禪師語録,catalog,T80n2547,
KR6t0254,T80n2548,T80n2548 圓通大應國師語録,catalog,T80n2548,
KR6t0255,T80n2549,T80n2549 佛光國師語録,catalog,T80n2549,
KR6t0256,T80n2550,T80n2550 圓鑑國師語録,catalog,T80n2550,
KR6t0257,T80n2551,T80n2551 佛國禪師語録,catalog,T80n2551,
KR6t0258,T80n2552,T80n2552 南院國師語録,catalog,T80n2552,
KR6t0259,T80n2553,T80n2553 一山國師語録,catalog,T80n2553,
KR6t0260,T80n2554,T80n2554 竺僊和尚語録,catalog,T80n2554,
KR6t0261,T80n2555,T80n2555 夢√國師語録,catalog,T80n2555,
KR6t0262,T80n2556,T80n2556 義堂和尚語録,catalog,T80n2556,
KR6t0263,T80n2557,T80n2557 閻浮集,catalog,T80n2557,
KR6t0264,T80n2558,T80n2558 鹽山抜隊和尚語録,catalog,T80n2558,
KR6t0265,T80n2559,T80n2559 無文禪師語録,catalog,T80n2559,
KR6t0266,T80n2560,T80n2560 知覺普明國師語録,catalog,T80n2560,
KR6t0267,T80n2561,T80n2561 絶海和尚語録,catalog,T80n2561,
KR6t0268,T81n2562,T81n2562 常光國師語録,catalog,T81n2562,
KR6t0269,T81n2563,T81n2563 大通禪師語録,catalog,T81n2563,
KR6t0270,T81n2564,T81n2564 永源寂室和尚語録,catalog,T81n2564,
KR6t0271,T81n2565,T81n2565 佛頂國師語録,catalog,T81n2565,
KR6t0272,T81n2566,T81n2566 大燈國師語録,catalog,T81n2566,
KR6t0273,T81n2567,T81n2567 徹翁和尚語録,catalog,T81n2567,
KR6t0274,T81n2568,T81n2568 雪江和尚語録,catalog,T81n2568,
KR6t0275,T81n2569,T81n2569 景川和尚語録,catalog,T81n2569,
KR6t0276,T81n2570,T81n2570 虎穴録,catalog,T81n2570,
KR6t0277,T81n2571,T81n2571 少林無孔笛,catalog,T81n2571,
KR6t0278,T81n2572,T81n2572 見桃録,catalog,T81n2572,
KR6t0279,T81n2573,T81n2573 西源徳芳和尚語録,catalog,T81n2573,
KR6t0280,T81n2574,T81n2574 槐安國語,catalog,T81n2574,
KR6t0281,T81n2575,T81n2575 宗門無盡燈論,catalog,T81n2575,
KR6t0282,T81n2576,T81n2576 五家參祥要路門,catalog,T81n2576,
KR6t0283,T81n2577,T81n2577 大鑑清規,catalog,T81n2577,
KR6t0284,T81n2578,T81n2578 諸囘[var.廻]向清規,catalog,T81n2578,
KR6t0285,T81n2579,T81n2579 小叢林清規,catalog,T81n2579,
KR6t0286,T82n2580,T82n2580 普勸坐禪儀,catalog,T82n2580,
KR6t0287,T82n2581,T82n2581 學道用心集,catalog,T82n2581,
KR6t0288,T82n2582,T82n2582 正法眼藏,catalog,T82n2582,
KR6t0289,T82n2583,T82n2583 永平元和尚頌古,catalog,T82n2583,
KR6t0290,T82n2584,T82n2584 永平清規,catalog,T82n2584,
KR6t0291,T82n2585,T82n2585 傳光録,catalog,T82n2585,
KR6t0292,T82n2586,T82n2586 坐禪用心記,catalog,T82n2586,
KR6t0293,T82n2587,T82n2587 信心銘拈提,catalog,T82n2587,
KR6t0294,T82n2588,T82n2588 十種勅問奏對集,catalog,T82n2588,
KR6t0295,T82n2589,T82n2589 瑩山清規,catalog,T82n2589,
KR6t0296,T82n2590,T82n2590 光明藏三昧,catalog,T82n2590,
KR6t0297,T82n2591,T82n2591 義雲和尚語録,catalog,T82n2591,
KR6t0298,T82n2592,T82n2592 通幻靈禪師漫録,catalog,T82n2592,
KR6t0299,T82n2593,T82n2593 實峰禪師語録,catalog,T82n2593,
KR6t0300,T82n2594,T82n2594 普濟和尚語録,catalog,T82n2594,
KR6t0301,T82n2595,T82n2595 月坡禪師語録,catalog,T82n2595,
KR6t0302,T82n2596,T82n2596 月舟和尚遺録,catalog,T82n2596,
KR6t0303,T82n2597,T82n2597 獨菴獨語,catalog,T82n2597,
KR6t0304,T82n2598,T82n2598 東林語録,catalog,T82n2598,
KR6t0305,T82n2599,T82n2599 禪戒訣,catalog,T82n2599,
KR6t0306,T82n2600,T82n2600 報恩編,catalog,T82n2600,
KR6t0307,T82n2601,T82n2601 禪戒鈔,catalog,T82n2601,
KR6t0308,T82n2602,T82n2602 心學典論,catalog,T82n2602,
KR6t0309,T82n2603,T82n2603 荒田隨筆,catalog,T82n2603,
KR6t0310,T82n2604,T82n2604 建康普説,catalog,T82n2604,
KR6t0311,T82n2605,T82n2605 普照國師語録,catalog,T82n2605,
KR6t0312,T82n2606,T82n2606 普照國師法語,catalog,T82n2606,
KR6t0313,T82n2607,T82n2607 黄檗清規,catalog,T82n2607,
KR6t0314,T83n2608,T83n2608 選擇本願念佛集,catalog,T83n2608,
KR6t0315,T83n2609,T83n2609 徹選擇本願念佛集,catalog,T83n2609,
KR6t0316,T83n2610,T83n2610 選擇傳弘決疑鈔,catalog,T83n2610,
KR6t0317,T83n2611,T83n2611 黒谷上人語燈録,catalog,T83n2611,
KR6t0318,T83n2612,T83n2612 拾遺黒谷上人語燈録,catalog,T83n2612,
KR6t0319,T83n2613,T83n2613 末代念佛授手印,catalog,T83n2613,
KR6t0320,T83n2614,T83n2614 淨土二藏二教略頌,catalog,T83n2614,
KR6t0321,T83n2615,T83n2615 歸命本願抄,catalog,T83n2615,
KR6t0322,T83n2616,T83n2616 西要抄,catalog,T83n2616,
KR6t0323,T83n2617,T83n2617 父子相迎,catalog,T83n2617,
KR6t0324,T83n2618,T83n2618 大原談義聞書鈔,catalog,T83n2618,
KR6t0325,T83n2619,T83n2619 蓮門學則,catalog,T83n2619,
KR6t0326,T83n2620,T83n2620 撰擇密要決,catalog,T83n2620,
KR6t0327,T83n2621,T83n2621 修業要決,catalog,T83n2621,
KR6t0328,T83n2622,T83n2622 當麻曼荼羅供式,catalog,T83n2622,
KR6t0329,T83n2623,T83n2623 曼荼羅八講論義抄,catalog,T83n2623,
KR6t0330,T83n2624,T83n2624 女院御書,catalog,T83n2624,
KR6t0331,T83n2625,T83n2625 鎭勸用心,catalog,T83n2625,
KR6t0332,T83n2626,T83n2626 流祖上人箇條名目,catalog,T83n2626,
KR6t0333,T83n2627,T83n2627 觀經名目證據十七箇條,catalog,T83n2627,
KR6t0334,T83n2628,T83n2628 西山口決傳密鈔,catalog,T83n2628,
KR6t0335,T83n2629,T83n2629 淨土宗要集,catalog,T83n2629,
KR6t0336,T83n2630,T83n2630 竹林鈔,catalog,T83n2630,
KR6t0337,T83n2631,T83n2631 菩薩藏頓教一乘海義決,catalog,T83n2631,
KR6t0338,T83n2632,T83n2632 難易二道血脈圖論,catalog,T83n2632,
KR6t0339,T83n2633,T83n2633 華山院家四十八問答,catalog,T83n2633,
KR6t0340,T83n2634,T83n2634 觀經四品知識義,catalog,T83n2634,
KR6t0341,T83n2635,T83n2635 仙洞三心義問答記,catalog,T83n2635,
KR6t0342,T83n2636,T83n2636 淨土宗建立私記,catalog,T83n2636,
KR6t0343,T83n2637,T83n2637 淨土童蒙指歸名目,catalog,T83n2637,
KR6t0344,T83n2638,T83n2638 淨土宗法門大圖,catalog,T83n2638,
KR6t0345,T83n2639,T83n2639 淨土法門大圖名目,catalog,T83n2639,
KR6t0346,T83n2640,T83n2640 淨土口決集,catalog,T83n2640,
KR6t0347,T83n2641,T83n2641 座右鈔,catalog,T83n2641,
KR6t0348,T83n2642,T83n2642 初心行護鈔,catalog,T83n2642,
KR6t0349,T83n2643,T83n2643 講院學堂通規,catalog,T83n2643,
KR6t0350,T83n2644,T83n2644 愚要鈔,catalog,T83n2644,
KR6t0351,T83n2645,T83n2645 西山復古篇,catalog,T83n2645,
KR6t0352,T83n2646,T83n2646 顯淨土眞實教行證文類,catalog,T83n2646,
KR6t0353,T83n2647,T83n2647 淨土文類聚鈔,catalog,T83n2647,
KR6t0354,T83n2648,T83n2648 愚禿鈔,catalog,T83n2648,
KR6t0355,T83n2649,T83n2649 入出二門偈頌,catalog,T83n2649,
KR6t0356,T83n2650,T83n2650 淨土和讃,catalog,T83n2650,
KR6t0357,T83n2651,T83n2651 淨土高僧和讃,catalog,T83n2651,
KR6t0358,T83n2652,T83n2652 正像末法和讃,catalog,T83n2652,
KR6t0359,T83n2653,T83n2653A 皇太子聖徳奉讃,catalog,T83n2653,
KR6t0360,T83n2653,T83n2653B 皇太子聖徳奉讃,catalog,T83n2653,
KR6t0361,T83n2654,T83n2654A 淨土三經往生文類,catalog,T83n2654,
KR6t0362,T83n2654,T83n2654B 淨土三經往生文類,catalog,T83n2654,
KR6t0363,T83n2655,T83n2655A 如來二種廻向文,catalog,T83n2655,
KR6t0364,T83n2655,T83n2655B 往相廻向還相廻向文類,catalog,T83n2655,
KR6t0365,T83n2656,T83n2656A 尊號眞像銘文,catalog,T83n2656,
KR6t0366,T83n2656,T83n2656B 尊號眞像銘文,catalog,T83n2656,
KR6t0367,T83n2657,T83n2657 一念多念文意,catalog,T83n2657,
KR6t0368,T83n2658,T83n2658A 唯信鈔文意,catalog,T83n2658,
KR6t0369,T83n2658,T83n2658B 唯信鈔文意,catalog,T83n2658,
KR6t0370,T83n2659,T83n2659 末燈鈔,catalog,T83n2659,
KR6t0371,T83n2660,T83n2660 親鸞聖人御消息集,catalog,T83n2660,
KR6t0372,T83n2661,T83n2661 歎異抄,catalog,T83n2661,
KR6t0373,T83n2662,T83n2662 執持鈔,catalog,T83n2662,
KR6t0374,T83n2663,T83n2663 口傳鈔,catalog,T83n2663,
KR6t0375,T83n2664,T83n2664 本願寺聖人親鸞傳繪,catalog,T83n2664,
KR6t0376,T83n2665,T83n2665 報恩講式[var.私記],catalog,T83n2665,
KR6t0377,T83n2666,T83n2666 歎徳文,catalog,T83n2666,
KR6t0378,T83n2667,T83n2667 淨土眞要鈔,catalog,T83n2667,
KR6t0379,T83n2668,T83n2668 蓮如上人御文,catalog,T83n2668,
KR6t0380,T83n2669,T83n2669 蓮如上人御一代記聞書,catalog,T83n2669,
KR6t0381,T83n2670,T83n2670 御俗姓御文,catalog,T83n2670,
KR6t0382,T83n2671,T83n2671 大名目,catalog,T83n2671,
KR6t0383,T83n2672,T83n2672 自要集,catalog,T83n2672,
KR6t0384,T83n2673,T83n2673 顯正流義鈔,catalog,T83n2673,
KR6t0385,T83n2674,T83n2674 西方指南鈔,catalog,T83n2674,
KR6t0386,T83n2675,T83n2675 唯信抄,catalog,T83n2675,
KR6t0387,T83n2676,T83n2676 後世物語聞書,catalog,T83n2676,
KR6t0388,T83n2677,T83n2677 一念多念分別事,catalog,T83n2677,
KR6t0389,T83n2678,T83n2678 自力他力事,catalog,T83n2678,
KR6t0390,T83n2679,T83n2679 安心決定鈔,catalog,T83n2679,
KR6t0391,T84n2680,T84n2680 融通圓門章,catalog,T84n2680,
KR6t0392,T84n2681,T84n2681 器朴論,catalog,T84n2681,
KR6t0393,T84n2682,T84n2682 往生要集,catalog,T84n2682,
KR6t0394,T84n2683,T84n2683 往生拾因,catalog,T84n2683,
KR6t0395,T84n2684,T84n2684 決定往生集,catalog,T84n2684,
KR6t0396,T84n2685,T84n2685 安養知足相對抄,catalog,T84n2685,
KR6t0397,T84n2686,T84n2686 安養抄,catalog,T84n2686,
KR6t0398,T84n2687,T84n2687 淨土法門源流章,catalog,T84n2687,
KR6t0399,T84n2688,T84n2688 立正安國論,catalog,T84n2688,
KR6t0400,T84n2689,T84n2689 開目抄,catalog,T84n2689,
KR6t0401,T84n2690,T84n2690 撰時抄,catalog,T84n2690,
KR6t0402,T84n2691,T84n2691 報恩抄,catalog,T84n2691,
KR6t0403,T84n2692,T84n2692 觀心本尊抄,catalog,T84n2692,
KR6t0404,T84n2693,T84n2693 法華取要抄,catalog,T84n2693,
KR6t0405,T84n2694,T84n2694 太田禪門許御書,catalog,T84n2694,
KR6t0406,T84n2695,T84n2695 三大祕法抄,catalog,T84n2695,
KR6t0407,T84n2696,T84n2696 四信五品鈔,catalog,T84n2696,
KR6t0408,T84n2697,T84n2697 如説修行抄,catalog,T84n2697,
KR6t0409,T84n2698,T84n2698 種種御振舞御書,catalog,T84n2698,
KR6t0410,T84n2699,T84n2699 御義口傳,catalog,T84n2699,
KR6t0411,T84n2700,T84n2700 御講聞書,catalog,T84n2700,
KR6t0412,T84n2701,T84n2701 梵字悉曇字母釋義,catalog,T84n2701,
KR6t0413,T84n2702,T84n2702 悉曇藏,catalog,T84n2702,
KR6t0414,T84n2703,T84n2703 悉曇十二例,catalog,T84n2703,
KR6t0415,T84n2704,T84n2704 悉曇略記,catalog,T84n2704,
KR6t0416,T84n2705,T84n2705 悉曇集記,catalog,T84n2705,
KR6t0417,T84n2706,T84n2706 悉曇要訣,catalog,T84n2706,
KR6t0418,T84n2707,T84n2707 多羅葉記,catalog,T84n2707,
KR6t0419,T84n2708,T84n2708 悉曇祕傳記,catalog,T84n2708,
KR6t0420,T84n2709,T84n2709 悉曇輪略圖抄,catalog,T84n2709,
KR6t0421,T84n2710,T84n2710 　　[var.悉曇]三密鈔,catalog,T84n2710,
KR6t0422,T84n2711,T84n2711 梵學津梁總目録,catalog,T84n2711,
KR6t0423,T84n2712,T84n2712 魚山聲明集,catalog,T84n2712,
KR6t0424,T84n2713,T84n2713 魚山私鈔,catalog,T84n2713,
KR6t0425,T84n2714,T84n2714 魚山目録,catalog,T84n2714,
KR6t0426,T84n2715,T84n2715 大原聲明博士圖,catalog,T84n2715,
KR6t0427,T84n2716,T84n2716 音律菁花[var. 頼驗]集,catalog,T84n2716,
KR6t0428,T84n2717,T84n2717 聲明口傳,catalog,T84n2717,
KR6t0429,T84n2718,T84n2718 大阿闍梨聲明系圖,catalog,T84n2718,
KR6t0430,T84n2719,T84n2719 十二調子事,catalog,T84n2719,
KR6t0431,T84n2720,T84n2720 聲明源流記,catalog,T84n2720,
KR6t0432,T84n2721,T84n2721 音曲祕要抄,catalog,T84n2721,
KR6t0433,T84n2722,T84n2722 藥師如來講式,catalog,T84n2722,
KR6t0434,T84n2723,T84n2723 横川首楞嚴院二十五三昧式,catalog,T84n2723,
KR6t0435,T84n2724,T84n2724 横川首楞嚴院二十五三昧起請,catalog,T84n2724,
KR6t0436,T84n2725,T84n2725 往生講式,catalog,T84n2725,
KR6t0437,T84n2726,T84n2726 愛染王講式,catalog,T84n2726,
KR6t0438,T84n2727,T84n2727 求聞持表白,catalog,T84n2727,
KR6t0439,T84n2728,T84n2728 觀音講式,catalog,T84n2728,
KR6t0440,T84n2729,T84n2729 彌勒講式,catalog,T84n2729,
KR6t0441,T84n2730,T84n2730 如法經現修作法,catalog,T84n2730,
KR6t0442,T84n2731,T84n2731 四座講式,catalog,T84n2731,
KR6c0104,T85n2732,T85n2732 梁朝傅大士頌金剛經,catalog,T85n2732,
KR6c0105,T85n2733,T85n2733 御注金剛般若波羅蜜經宣演,catalog,T85n2733,
KR6c0106,T85n2734,T85n2734 金剛暎卷上,catalog,T85n2734,
KR6c0107,T85n2735,T85n2735 金剛般若經旨賛,catalog,T85n2735,
KR6c0108,T85n2736,T85n2736 金剛般若經依天親菩薩論賛略釋秦本義記卷上,catalog,T85n2736,
KR6c0109,T85n2737,T85n2737 金剛經疏,catalog,T85n2737,
KR6c0110,T85n2738,T85n2738 金剛經疏,catalog,T85n2738,
KR6c0111,T85n2739,T85n2739 金剛般若經挾注,catalog,T85n2739,
KR6c0112,T85n2740,T85n2740 金剛般若義記,catalog,T85n2740,
KR6c0113,T85n2741,T85n2741 金剛般若經疏,catalog,T85n2741,
KR6c0114,T85n2742,T85n2742 金剛般若波羅蜜經傳外傳卷下,catalog,T85n2742,
KR6c0115,T85n2743,T85n2743 持誦金剛經靈驗功徳記,catalog,T85n2743,
KR6c0216,T85n2744,T85n2744 仁王般若實相論卷第二,catalog,T85n2744,
KR6c0217,T85n2745,T85n2745 仁王經疏,catalog,T85n2745,
KR6c0197,T85n2746,T85n2746 般若波羅蜜多心經還源述,catalog,T85n2746,
KR6c0198,T85n2747,T85n2747 挾注波羅蜜多心經,catalog,T85n2747,
KR6d0100,T85n2748,T85n2748 法華義記卷第三,catalog,T85n2748,
KR6d0101,T85n2749,T85n2749 法華經疏,catalog,T85n2749,
KR6d0102,T85n2750,T85n2750 法華經疏,catalog,T85n2750,
KR6d0103,T85n2751,T85n2751 法華經疏,catalog,T85n2751,
KR6d0104,T85n2752,T85n2752 法華問答,catalog,T85n2752,
KR6e0006,T85n2753,T85n2753 華嚴經章,catalog,T85n2753,
KR6e0007,T85n2754,T85n2754 華嚴略疏卷第三,catalog,T85n2754,
KR6e0027,T85n2755,T85n2755 華嚴經疏,catalog,T85n2755,
KR6e0008,T85n2756,T85n2756 華嚴經義記卷第一,catalog,T85n2756,
KR6e0009,T85n2757,T85n2757 華嚴經疏卷第三,catalog,T85n2757,
KR6e0061,T85n2758,T85n2758 十地義記卷第一,catalog,T85n2758,
KR6f0069,T85n2759,T85n2759 無量壽經義記卷下,catalog,T85n2759,
KR6f0070,T85n2760,T85n2760 無量壽觀經義記,catalog,T85n2760,
KR6f0054,T85n2761,T85n2761 勝鬘義記,catalog,T85n2761,
KR6f0055,T85n2762,T85n2762 勝鬘經疏,catalog,T85n2762,
KR6f0056,T85n2763,T85n2763 挾注勝鬘經,catalog,T85n2763,
KR6g0010,T85n2764,T85n2764A 涅槃經義記,catalog,T85n2764,
KR6g0011,T85n2764,T85n2764B 大涅槃經義記卷第四,catalog,T85n2764,
KR6g0012,T85n2765,T85n2765 涅槃經疏,catalog,T85n2765,
KR6i0054,T85n2766,T85n2766 藥師經疏,catalog,T85n2766,
KR6i0055,T85n2767,T85n2767 藥師經疏,catalog,T85n2767,
KR6i0087,T85n2768,T85n2768 維摩義記,catalog,T85n2768,
KR6i0088,T85n2769,T85n2769 維摩經義記卷第四,catalog,T85n2769,
KR6i0089,T85n2770,T85n2770 維摩經疏,catalog,T85n2770,
KR6i0090,T85n2771,T85n2771 維摩經疏,catalog,T85n2771,
KR6i0091,T85n2772,"T85n2772 維摩經疏卷第三, 第六",catalog,T85n2772,
KR6i0092,T85n2773,T85n2773 維摩經抄,catalog,T85n2773,
KR6i0093,T85n2774,T85n2774 維摩經疏,catalog,T85n2774,
KR6i0094,T85n2775,T85n2775 維摩疏釋前小序抄,catalog,T85n2775,
KR6i0095,T85n2776,T85n2776 釋肇序,catalog,T85n2776,
KR6i0096,T85n2777,T85n2777 淨名經集解關中疏,catalog,T85n2777,
KR6i0097,T85n2778,T85n2778 淨名經關中釋抄,catalog,T85n2778,
KR6i0335,T85n2779,T85n2779 佛説楞伽經禪門悉談章,catalog,T85n2779,
KR6i0393,T85n2780,T85n2780 温室經疏,catalog,T85n2780,
KR6i0366,T85n2781,T85n2781 盂蘭盆經讃述,catalog,T85n2781,
KR6i0405,T85n2782,T85n2782 大乘稻芋經隨聽疏,catalog,T85n2782,
KR6i0406,T85n2783,T85n2783 大乘稻芋經隨聽疏決,catalog,T85n2783,
KR6i0595,T85n2784,T85n2784 大乘四法經釋抄,catalog,T85n2784,
KR6i0596,T85n2785,T85n2785 大乘四法經論廣釋開決記,catalog,T85n2785,
KR6i0226,T85n2786,T85n2786 天請問經疏,catalog,T85n2786,
KR6k0133,T85n2787,"T85n2787 四分戒本疏 卷第一, 第二, 第三",catalog,T85n2787,
KR6k0134,T85n2788,T85n2788 律戒本疏,catalog,T85n2788,
KR6k0135,T85n2789,T85n2789 律戒本疏,catalog,T85n2789,
KR6k0136,T85n2790,T85n2790 律雜抄,catalog,T85n2790,
KR6k0137,T85n2791,T85n2791 宗四分比丘隨門要略行儀,catalog,T85n2791,
KR6k0138,T85n2792,T85n2792 毘尼心,catalog,T85n2792,
KR6k0139,T85n2793,T85n2793 三部律抄,catalog,T85n2793,
KR6k0140,T85n2794,T85n2794 律抄,catalog,T85n2794,
KR6k0141,T85n2795,T85n2795 四部律并論要用抄,catalog,T85n2795,
KR6k0142,T85n2796,T85n2796 律抄第三卷手決,catalog,T85n2796,
KR6k0104,T85n2797,T85n2797 梵網經述記卷第一,catalog,T85n2797,
KR6k0106,T85n2798,T85n2798 本業瓔珞經疏,catalog,T85n2798,
KR6e0062,T85n2799,"T85n2799 十地論義疏卷第一,第三",catalog,T85n2799,
KR6m0016,T85n2800,T85n2800 廣百論疏卷第一,catalog,T85n2800,
KR6n0009,T85n2801,T85n2801 瑜伽師地論分門記,catalog,T85n2801,
KR6n0010,T85n2802,T85n2802 瑜伽論手記,catalog,T85n2802,
KR6n0012,T85n2803,T85n2803 地持義記卷第四,catalog,T85n2803,
KR6n0052,T85n2804,T85n2804 唯識三十論要釋,catalog,T85n2804,
KR6n0066,T85n2805,T85n2805 攝大乘論疏,catalog,T85n2805,
KR6n0067,T85n2806,T85n2806 攝大乘論抄,catalog,T85n2806,
KR6n0068,T85n2807,T85n2807 攝大乘論章卷第一,catalog,T85n2807,
KR6n0069,T85n2808,T85n2808 攝論章卷第一,catalog,T85n2808,
KR6n0070,T85n2809,T85n2809 攝大乘義章卷第四,catalog,T85n2809,
KR6n0107,T85n2810,T85n2810 大乘百法明門論開宗義記,catalog,T85n2810,
KR6n0108,T85n2811,T85n2811 大乘百法明門論開宗義記序釋,catalog,T85n2811,
KR6n0109,T85n2812,T85n2812 大乘百法明門論開宗義決,catalog,T85n2812,
KR6o0121,T85n2813,T85n2813 大乘起信論略述,catalog,T85n2813,
KR6o0122,T85n2814,T85n2814 大乘起信論廣釋卷第三、四、五,catalog,T85n2814,
KR6o0123,T85n2815,T85n2815 起信論註,catalog,T85n2815,
KR6o0059,T85n2816,T85n2816 因縁心釋論開決記,catalog,T85n2816,
KR6s0026,T85n2817,T85n2817 大乘經纂要義,catalog,T85n2817,
KR6s0027,T85n2818,T85n2818 大乘二十二問本,catalog,T85n2818,
KR6s0028,T85n2819,T85n2819 諸經要抄,catalog,T85n2819,
KR6s0029,T85n2820,T85n2820 菩薩藏修道衆經抄卷第十二,catalog,T85n2820,
KR6s0030,T85n2821,T85n2821 諸經要略文,catalog,T85n2821,
KR6s0031,T85n2822,T85n2822 大乘要語,catalog,T85n2822,
KR6n0130,T85n2823,T85n2823 大乘入道次第開決,catalog,T85n2823,
KR6i0098,T85n2824,T85n2824 天台分門圖,catalog,T85n2824,
KR6s0032,T85n2825,"T85n2825 眞言要決卷第一,第三",catalog,T85n2825,
KR6p0135,T85n2826,T85n2826 略諸經論念佛法門往生淨土集卷上,catalog,T85n2826,
KR6p0136,T85n2827,T85n2827 淨土五會念佛誦經觀行儀卷中・下,catalog,T85n2827,
KR6p0137,T85n2828,T85n2828 大乘淨土讃,catalog,T85n2828,
KR6p0138,T85n2829,T85n2829 持齋念佛懺悔禮文,catalog,T85n2829,
KR6p0139,T85n2830,T85n2830A 道安法師念佛讃,catalog,T85n2830,
KR6p0140,T85n2830,T85n2830B 道安法師念佛讃文,catalog,T85n2830,
KR6q0103,T85n2831,T85n2831 無心論,catalog,T85n2831,
KR6q0104,T85n2832,T85n2832 南天竺國菩提達摩禪師觀門,catalog,T85n2832,
KR6q0105,T85n2833,T85n2833 觀心論,catalog,T85n2833,
KR6q0106,T85n2834,T85n2834 大乘無生方便門,catalog,T85n2834,
KR6q0107,T85n2835,T85n2835 大乘開心顯性頓悟眞宗論,catalog,T85n2835,
KR6q0108,T85n2836,T85n2836 大乘北宗論,catalog,T85n2836,
KR6q0109,T85n2837,T85n2837 楞伽師資記,catalog,T85n2837,
KR6q0110,T85n2838,T85n2838 傳法寶紀,catalog,T85n2838,
KR6q0111,T85n2839,T85n2839 讃禪門詩,catalog,T85n2839,
KR6l0045,T85n2840,T85n2840 三界圖,catalog,T85n2840,
KR6s0033,T85n2841,T85n2841 大佛略懺,catalog,T85n2841,
KR6s0034,T85n2842,T85n2842 印沙佛文,catalog,T85n2842,
KR6s0035,T85n2843,T85n2843 大悲啓請,catalog,T85n2843,
KR6s0036,T85n2844,T85n2844 文殊師利菩薩無相十禮,catalog,T85n2844,
KR6s0037,T85n2845,T85n2845 押座文類,catalog,T85n2845,
KR6s0038,T85n2846,T85n2846 祈願文,catalog,T85n2846,
KR6s0039,T85n2847,T85n2847 祈願文,catalog,T85n2847,
KR6s0040,T85n2848,T85n2848 迴向文,catalog,T85n2848,
KR6s0041,T85n2849,T85n2849 大乘四齋日,catalog,T85n2849,
KR6s0042,T85n2850,T85n2850 地藏菩薩十齋日,catalog,T85n2850,
KR6s0043,T85n2851,T85n2851 和菩薩戒文,catalog,T85n2851,
KR6s0044,T85n2852,T85n2852 入布薩堂説偈文等,catalog,T85n2852,
KR6s0045,T85n2853,T85n2853 布薩文等,catalog,T85n2853,
KR6s0046,T85n2854,T85n2854 禮懺文,catalog,T85n2854,
KR6s0047,T85n2855,T85n2855 禮懺文,catalog,T85n2855,
KR6s0048,T85n2856,T85n2856 禮懺文,catalog,T85n2856,
KR6s0049,T85n2857,T85n2857 索法號義f諷誦文,catalog,T85n2857,
KR6s0050,T85n2858,T85n2858 大目乾連冥間救母變文并圖,catalog,T85n2858,
KR6s0051,T85n2859,T85n2859 惠遠外傳,catalog,T85n2859,
KR6s0052,T85n2860,T85n2860 府君存惠傳,catalog,T85n2860,
KR6s0053,T85n2861,T85n2861 泉州千佛新著諸祖師頌,catalog,T85n2861,
KR6s0054,T85n2862,T85n2862 大蕃沙洲釋門教法和尚洪f修功徳記,catalog,T85n2862,
KR6s0055,T85n2863,T85n2863 王梵志詩集,catalog,T85n2863,
KR6s0056,T85n2864,T85n2864 進旨,catalog,T85n2864,
KR6u0001,T85n2865,T85n2865 護身命經,catalog,T85n2865,
KR6u0002,T85n2866,T85n2866 護身命經,catalog,T85n2866,
KR6u0003,T85n2867,T85n2867 慈仁問八十種好經,catalog,T85n2867,
KR6u0004,T85n2868,T85n2868 決罪福經,catalog,T85n2868,
KR6u0005,T85n2869,T85n2869 妙好寶車經,catalog,T85n2869,
KR6u0006,T85n2870,T85n2870 像法決疑經,catalog,T85n2870,
KR6u0007,T85n2871,T85n2871 大通方廣懺悔滅罪莊嚴成佛經,catalog,T85n2871,
KR6u0008,T85n2872,T85n2872 妙法蓮華經度量天地品第二十九,catalog,T85n2872,
KR6u0009,T85n2873,T85n2873 首羅比丘經,catalog,T85n2873,
KR6u0010,T85n2874,T85n2874 小法滅盡經,catalog,T85n2874,
KR6u0011,T85n2875,T85n2875 大方廣華嚴十惡品經,catalog,T85n2875,
KR6u0012,T85n2876,T85n2876 天公經,catalog,T85n2876,
KR6u0013,T85n2877,T85n2877 如來在金棺囑累清淨莊嚴敬福經,catalog,T85n2877,
KR6u0014,T85n2878,T85n2878 救疾經,catalog,T85n2878,
KR6u0015,T85n2879,T85n2879 普賢菩薩説證明經,catalog,T85n2879,
KR6u0016,T85n2880,T85n2880 究竟大悲經卷第二、三、四,catalog,T85n2880,
KR6u0017,T85n2881,T85n2881 善惡因果經,catalog,T85n2881,
KR6u0018,T85n2882,T85n2882 呪魅經,catalog,T85n2882,
KR6u0019,T85n2883,T85n2883 法王經,catalog,T85n2883,
KR6u0020,T85n2884,T85n2884 大威儀請問,catalog,T85n2884,
KR6u0021,T85n2885,T85n2885 佛性海藏智慧解脱破心相經,catalog,T85n2885,
KR6u0022,T85n2886,T85n2886 佛爲心王菩薩説投陀經卷上,catalog,T85n2886,
KR6u0023,T85n2887,T85n2887 父母恩重經,catalog,T85n2887,
KR6u0024,T85n2888,T85n2888 延壽命經,catalog,T85n2888,
KR6u0025,T85n2889,T85n2889 續命經,catalog,T85n2889,
KR6u0026,T85n2890,T85n2890 如來成道經,catalog,T85n2890,
KR6u0027,T85n2891,T85n2891 山海慧菩薩經,catalog,T85n2891,
KR6u0028,T85n2892,T85n2892 現報當受經,catalog,T85n2892,
KR6u0029,T85n2893,T85n2893 大辯邪正經,catalog,T85n2893,
KR6u0030,T85n2894,T85n2894 三廚經,catalog,T85n2894,
KR6u0031,T85n2895,T85n2895 要行捨身經,catalog,T85n2895,
KR6u0032,T85n2896,T85n2896 示所犯者瑜伽法鏡經,catalog,T85n2896,
KR6u0033,T85n2897,T85n2897 天地八陽神呪經,catalog,T85n2897,
KR6u0034,T85n2898,T85n2898 高王觀世音經,catalog,T85n2898,
KR6u0035,T85n2899,T85n2899 妙法蓮華經馬明菩薩品第三十,catalog,T85n2899,
KR6u0036,T85n2900,T85n2900 齋法清淨經,catalog,T85n2900,
KR6u0037,T85n2901,T85n2901 法句經,catalog,T85n2901,
KR6u0038,T85n2902,T85n2902 法句經疏,catalog,T85n2902,
KR6u0039,T85n2903,T85n2903 無量大慈教經,catalog,T85n2903,
KR6u0040,T85n2904,T85n2904 七千佛神符經,catalog,T85n2904,
KR6u0041,T85n2905,T85n2905 現在十方千五百佛名竝雜佛同號,catalog,T85n2905,
KR6u0042,T85n2906,T85n2906 三萬佛同根本神祕之印竝法龍種上尊王佛法,catalog,T85n2906,
KR6u0043,T85n2907,T85n2907 普賢菩薩行願王經,catalog,T85n2907,
KR6u0044,T85n2908,T85n2908 大方廣佛華嚴經普賢菩薩行願王品,catalog,T85n2908,
KR6u0045,T85n2909,T85n2909 地藏菩薩經,catalog,T85n2909,
KR6u0046,T85n2910,T85n2910 金有陀羅尼經,catalog,T85n2910,
KR6u0047,T85n2911,T85n2911 讃僧功徳經,catalog,T85n2911,
KR6u0048,T85n2912,T85n2912 無常三啓經,catalog,T85n2912,
KR6u0049,T85n2913,T85n2913 七女觀經,catalog,T85n2913,
KR6u0050,T85n2914,T85n2914 觀經,catalog,T85n2914,
KR6u0051,T85n2915,T85n2915 救諸衆生一切苦難經,catalog,T85n2915,
KR6u0052,T85n2916,T85n2916 勸善經,catalog,T85n2916,
KR6u0053,T85n2917,T85n2917A 新菩薩經,catalog,T85n2917,
KR6u0054,T85n2917,T85n2917B 新菩薩經,catalog,T85n2917,
KR6u0055,T85n2918,T85n2918 釋家觀化還愚經,catalog,T85n2918,
KR6u0056,T85n2919,T85n2919 佛母經,catalog,T85n2919,
KR6u0057,T85n2920,T85n2920 僧伽和尚欲入涅槃説六度經,catalog,T85n2920,
KR5a0001,,JY001 元始無量度人上品妙經  Yuanshi wuliang duren shangpin miaojing :can:,catalog,,
KR5a0092,,JY002 太上洞玄靈寶無量度人上品妙經註 Taishang dongxuan lingbao wuliang duren shangpin miaojing zhu :can:,catalog,,
KR5a0094,,JY003 元始無量度人上品經法 Yuanshi wuliang duren shangpin jing fa :can:,catalog,,
KR5a0004,,JY004* 元始天尊說無上內祕真藏經 Yuanshi tianzun shuo wushang neibi zhenzang jing :can:,catalog,,
KR5a0003,,JY005 元始說先天道德經註解 Yuanshi shuo xiantian daode jing zhujie :can:,catalog,,
KR5i0001,,JY006 元始大洞玉經 Yuanshi dadong yujing :excan:,catalog,,
KR5i0002,,JY007 洞經示讀 Dongjing shidu :excan:,catalog,,
KR5i0003,,JY008 元始大洞玉經 Yuanshi dadong yujing :excan:,catalog,,
KR5g0207,,JY009 大乘妙林經  Dasheng miaolin jing :can:,catalog,,
KR5a0101,,JY010 太上昇玄說消災護命妙經註  Taishang shengxuan shuo xiaozai huming miaojing zhu :can:,catalog,,
KR5a0024,,JY011 元始天尊說生天得道經  Yuanshi tianzun shuo shengtian dedao jing :can:,catalog,,
KR5a0025,,JY012 元始天尊說得道了身經  Yuanshi tianzun shuo dedao liaoshen jing :can:,catalog,,
KR5i0004,,JY013 元始上帝毘盧遮耶說大洞救劫尊經 Yuanshi shangdi piluzheye shuo dadong jiujie zunjing :excan:,catalog,,
KR5h0013,,JY014 元始天尊說藥王救八十一難真經 Yuanshi tianzun shuo yaowang jiu bashiyi nan zhenjing :can:,catalog,,
KR5a0029,,JY015* 元始消劫梓潼本願真經  Yuanshi xiaojie zitong benyuan zhenjing :can:,catalog,,
KR5h0010,,JY016 元始天尊說東嶽化身濟生拔罪保命妙經  Yuanshi tianzun shuo dongyue huashen jisheng bazui baoming miaojing :can:,catalog,,
KR5h0014,,JY017 碧霞元君護國庇民普濟保生妙經  Bixia yuanjun huguo bimin puji baosheng miaojing :can:,catalog,,
KR5g0121,,JY018 太上大道玉清經 Taishang dadao yuqing jing :can:,catalog,,
KR5h0001,,JY019 太上中道妙法蓮華經  Taishang zhongdao miaofa lianhua jing :can:,catalog,,
KR5b0080,,JY020 洞玄靈寶自然九天生神章經解義  Dongxuan lingbao ziran jiutian shengshen zhangjing jieyi :can:,catalog,,
KR5b0081,,JY021 洞玄靈寶自然九天生神玉章經解  Dongxuan lingbao ziran jiutian shengshen yuzhang jing jie :can:,catalog,,
KR5b0082,,JY022 洞玄靈寶自然九天生神章經注  Dongxuan lingbao ziran jiutian shengshen zhangjing zhu :can:,catalog,,
KR5b0083,,JY023 太上洞玄靈寶天尊說救苦妙經  Taishang dongxuan lingbao tianzun shuo jiuku miaojing :can:,catalog,,
KR5e0014,,JY024 洞玄靈寶八仙王教誡經  Dongxuan lingbao ba xianwang jiaojie jing :can:,catalog,,
KR5e0015,,JY025 太上洞玄靈寶國王行道經  Taishang dongxuan lingbao guowang xingdao jing :can:,catalog,,
KR5b0037,,JY026 太上金匱玉鏡修真指玄妙經  Taishang jingui yujing xiuzhen zhixuan miaojing :can:,catalog,,
KR5b0039,,JY027 太上洞玄靈寶福日妙經  Taishang dongxuan lingbao furi miaojing :can:,catalog,,
KR5b0041,,JY028 太上靈寶天尊說禳災度厄經  Taishang lingbao tianzun shuo rangzai du’e jing :can:,catalog,,
KR5b0042,,JY029 太上神咒延壽妙經  Taishang shenzhou yanshou miaojing :can:,catalog,,
KR5b0046,,JY030 太上洞淵說請雨龍王經 Taishang dongyuan shuo qingyu longwang jing :can:,catalog,,
KR5b0052,,JY031 太上洞玄寶元上經  Taishang dongxuan baoyuan shangjing :can:,catalog,,
KR5b0060,,JY032 太上洞玄靈寶淨供妙經 Taishang dongxuan lingbao jinggong miaojing :can:,catalog,,
KR5b0061,,JY033 太上靈寶洪福滅罪像名經 Taishang lingbao hongfu miezui xiangming jing :can:,catalog,,
KR5b0070,,JY034 太上洞淵三昧帝心光明正印太極紫微伏魔制鬼拯救惡道集福吉祥神咒 Taishang dongyuan sanmei dixin guangming zhengyin taiji ziwei fumo zhigui zhengjiu edao jifu jixiang shenzhou :can:,catalog,,
KR5b0084,,JY035 洞玄靈寶定觀經註 Dongxuan lingbao dingguan jing zhu :can:,catalog,,
KR5b0013,,JY036 太上洞玄靈寶開演祕密藏經  Taishang dongxuan lingbao kaiyan bimi zang jing :can:,catalog,,
KR5b0005,,JY037 洞玄靈寶諸天世界造化經  Dongxuan lingbao zhutian shijie zaohua jing :can:,catalog,,
KR5b0021,,JY038 太上洞玄靈寶十號功德因緣妙經  Taishang dongxuan lingbao shihao gongde yinyuan miaojing :can:,catalog,,
KR5b0014,,JY039 太上洞玄靈寶真文要解上經  Taishang dongxuan lingbao zhenwen yaojie shangjing :can:,catalog,,
KR5b0020,,JY040* 太上洞玄靈寶業報因緣經  Taishang dongxuan lingbao yebao yinyuan jing :can:,catalog,,
KR5b0023,,JY041 太上洞玄靈寶出家因緣經  Taishang dongxuan lingbao chujia yinyuan jing :can:,catalog,,
KR5b0033,,JY042 太上洞玄靈寶法燭經  Taishang dongxuan lingbao fazhu jing :can:,catalog,,
KR5b0034,,JY043 太上靈寶智慧觀身經  Taishang lingbao zhihui guanshen jing :can:,catalog,,
KR5b0035,,JY044 太一救苦護身妙經  Taiyi jiuku hushen miaojing :can:,catalog,,
KR5i0005,,JY045 太上玄元道德經解 Taishang xuanyuan daode jingjie :excan:,catalog,,
KR5c0067,,JY046 太上道德真經四子古道集解  Taishang daode zhenjing sizi gudao jijie :can:,catalog,,
KR5i0006,,JY047 太上道德寶章翼 Taishang daode baozhang yi :excan:,catalog,,
KR5c0085,,JY048 太上道德真經章句訓頌  Taishang daode zhenjing zhangju xunsong :can:,catalog,,
KR5c0095,,JY049 太上道德真經集註  Taishang daode zhenjing jizhu :can:,catalog,,
KR5c0096,,JY050 太上道德真經集註釋文  Taishang daode zhenjing jizhu shiwen :can:,catalog,,
KR5c0097,,JY051 太上道德真經集註雜說  Taishang daode zhenjing jizhu zashuo :can:,catalog,,
KR5i0007,,JY052 道德經釋辭 Daodejing shici :excan:,catalog,,
KR5c0091,,JY053* 道德真經註  Daode zhenjing zhu :can:,catalog,,
KR5i0008,,JY054 太上老君說常清靜真經 Taishang laojun shuo changqingjing zhenjing :excan:,catalog,,
KR5c0151,,JY055 太上老君說常清靜經註  Taishang laojun shuo chang qingjing jing zhu :can:,catalog,,
KR5i0009,,JY056 太上道德大天尊說道元一氣經 Taishang daode tianzun shuo daoyuan yiqi jing :excan:,catalog,,
KR5c0214,,JY057 太清中黃真經  Taiqing zhonghuang zhenjing :can:,catalog,,
KR5a0107,,JY058* 太上赤文洞古經註  Taishang chiwen donggu jing zhu :can:,catalog,,
KR5a0106,,JY059 太上大通經註  Taishang datong jing zhu :can:,catalog,,
KR5c0026,,JY060 太上老君內日用妙經  Taishang laojun nei riyong miaojing :can:,catalog,,
KR5c0027,,JY061 太上老君外日用妙經  Taishang laojun wai riyong miaojing :can:,catalog,,
KR5c0159,,JY062 老子說五廚經註  Laozi shuo wuchu jing zhu :can:,catalog,,
KR5c0022,,JY063 太上老君內觀經  Taishang laojun neiguan jing :can:,catalog,,
KR5c0023,,JY064 太上老君說了心經 Taishang laojun shuo liaoxin jing :can:,catalog,,
KR5c0025,,JY065 太上內丹守一真定經  Taishang neidan shouyi zhending jing :can:,catalog,,
KR5c0028,,JY066 太上說轉輪五道宿命因緣經  Taishang shuo zhuanlun wudao suming yinyuan jing :can:,catalog,,
KR5c0024,,JY067 太上老君內丹經  Taishang laojun neidan jing :can:,catalog,,
KR5c0039,,JY068 太上妙始經  Taishang miaoshi jing :can:,catalog,,
KR5c0040,,JY069 太上浩元經 Taishang haoyuan jing :can:,catalog,,
KR5c0052,,JY070 太上無極大道自然真一五稱符經   Taishang wuji dadao ziran zhenyi wu chengfu jing :can:,catalog,,
KR5g0231,,JY071 枕中經  Zhenzhong jing :can:,catalog,,
KR5g0232,,JY072 太清元道真經  Taiqing yuandao zhenjing :can:,catalog,,
KR5g0233,,JY073 太上老君太素經  Taishang laojun taisu jing :can:,catalog,,
KR5i0010,,JY074 太上黃庭內景玉經 Taishang huangting neijing yujing :excan:,catalog,,
KR5i0011,,JY075 黃庭內景經 Huangting neijing jing :excan:,catalog,,
KR5i0012,,JY076 黃庭外景經 Huanting waijing jing :excan:,catalog,,
KR5b0086,,JY077* 太上黃庭內景玉經  Taishang huangting neijing yujing :can:,catalog,,
KR5a0275,,JY078 太上黃庭外景經  Taishang huangting waijing jing :can:,catalog,,
KR5g0210,,JY079 太上黃庭中景經  Taishang huangting zhongjing jing :can:,catalog,,
KR5a0061,,JY080 太上洞真賢門經  Taishang dongzhen xianmen jing :can:,catalog,,
KR5i0013,,JY081 太上感應篇箋注 Taishang ganyingpian jianzhu :excan:,catalog,,
KR5i0014,,JY082 太上感應篇集注 Taishang ganyingpian jizhu :excan:,catalog,,
KR5c0170,,JY083 猶龍傳 Youlong zhuan :can:,catalog,,
KR5c0047,,JY084 西昇經  Xisheng jing :can:,catalog,,
KR5c0167,,JY085 太上老君年譜要略  Taishang laojun nianpu yaolüe :can:,catalog,,
KR5c0166,,JY086 混元聖紀  Hunyuan shengji :can:,catalog,,
KR5i0015,,JY087 高上玉皇本行集經 Gaoshang yuhuang benxing jijing :excan:,catalog,,
KR5a0011,,JY088 高上玉皇本行集經  Gaoshang yuhuang benxing jijing :can:,catalog,,
KR5h0009,,JY089* 高上玉皇本行集經註解  Gaoshang yuhuang benxing jijing zhujie :can:,catalog,,
KR5i0016,,JY090 太上洞玄靈寶紫微金格高上玉皇本行集經闡微 Taishang dongxuan lingbao ziwei jinge gaoshang yuhuang benxing jijing chanwei :excan:,catalog,,
KR5i0017,,JY091 高上玉皇心印妙經 Gaoshang yuhuang xinyin miaojing :excan:,catalog,,
KR5i0018,,JY092 終南八祖說心印妙經解 Zhongnan bazu shuo xinyin miao jingjie :excan:,catalog,,
KR5i0019,,JY093 高上玉皇心印經 Gaoshang yuhuang xinyin jing :excan:,catalog,,
KR5i0020,,JY094 玉皇心印經 Yuhuang xinyin jing :excan:,catalog,,
KR5a0131,,JY095 胎息經註  Taixi jing zhu :can:,catalog,,
KR5a0194,,JY096 玉皇宥罪錫福寶懺 Yuhuang youzui xifu baochan :can:,catalog,,
KR5a0198,,JY097 玉皇十七慈光燈儀  Yuhuang shiqi ciguang dengyi :can:,catalog,,
KR5i0021,,JY098 玉清贊化九天演政心印集經  Yuqing zanhua jiutian yanzheng xinyin jijing :excan:,catalog,,
KR5i0022,,JY099 玉清贊化九天演政心印寶懺 Yuqing zanhua jiutian yanzheng xinyin baochan  :excan:,catalog,,
KR5i0023,,JY100 先天斗帝敕演無上玄功靈妙真經 Xiantian doudi chiyan wushang xuangong lingmiao zhenjing  :excan:,catalog,,
KR5i0024,,JY101 九皇斗姥戒殺延生真經 Jiuhuang doumu jiesha yansheng zhenjing :excan:,catalog,,
KR5i0025,,JY102 觀音大士蓮船經 Guanyin dashi lianchuan jing :excan:,catalog,,
KR5c0003,,JY103 太上玄靈北斗本命延生真經  Taishang xuanling beidou benming yansheng zhenjing :can:,catalog,,
KR5c0005,,JY104 太上說南斗六司延壽度人妙經  Taishang shuo nandou liusi yanshou duren miaojing :can:,catalog,,
KR5c0006,,JY105 太上說東斗主算護命妙經  Taishang shuo dongdou zhusuan huming miaojing :can:,catalog,,
KR5c0007,,JY106 太上說西斗記名護身妙經  Taishang shuo xidou jiming hushen miaojing :can:,catalog,,
KR5c0008,,JY107 太上說中斗大魁保命妙經 ( Taishang shuo zhongdou dakui baoming miaojing :can:,catalog,,
KR5c0147,,JY108 太上玄靈北斗本命延生真經註解  Taishang xuanling beidou benming yansheng zhenjing zhujie :can:,catalog,,
KR5i0026,,JY109 九皇新經註解 Jiuhuang xinjing zhujie :excan:,catalog,,
KR5i0027,,JY110 玄宗正旨 Xuanzong zhengzhi :excan:,catalog,,
KR5i0028,,JY111 浮黎鼻祖金華祕訣 Fulibizu jinhua bijue :excan:,catalog,,
KR5d0013,,JY112 金碧古文龍虎上經  Jinbi guwen longhu shangjing :can:,catalog,,
KR5i0029,,JY113 金碧古文龍虎上經 Jinbi guwen longhu shangjing	          :excan:,catalog,,
KR5i0030,,JY114 唱道真言 Changdao zhenyan :excan:,catalog,,
KR5a0112,,JY115 黃帝陰符經十真集解 Huangdi yinfu jing shizhen jijie :can:,catalog,,
KR5i0031,,JY116 黃帝陰符經 Huangdi yinfu jing :excan:,catalog,,
KR5a0117,,JY117 黃帝陰符經註 Huangdi yinfu jing zhu  :can:,catalog,,
KR5i0032,,JY118 黃帝陰符經 Huangdi yinfu jing :excan:,catalog,,
KR5a0323,,JY119 黃帝陰符經頌  Huangdi yinfu jing song :can:,catalog,,
KR5i0033,,JY120 陰符玄解 Yinfu xuanjie :excan:,catalog,,
KR5g0161,,JY121 洞真太上太霄琅書 Dongzhen taishang taixiao langshu :can:,catalog,,
KR5g0028,,JY122 高上神霄玉清真王紫書大法  Gaoshang shenxiao yuqing zhenwang zishu dafa :can:,catalog,,
KR5g0127,,JY123 洞真太上三元流珠經  Dongzhen taishang sanyuan liuzhu jing :can:,catalog,,
KR5g0214,,JY124 長生胎元神用經  Changsheng taiyuan shenyong jing :can:,catalog,,
KR5g0128,,JY125 洞真西王母寶神起居經  Dongzhen xiwang mu baoshen qiju jing :can:,catalog,,
KR5g0124,,JY126 洞真上清青要紫書金根眾經  Dongzhen shangqing qingyao zishu jingen zhongjing :can:,catalog,,
KR5g0229,,JY127 七元真人說神真靈符經  Qiyuan zhenren shuo shenzhen lingfu jing :can:,catalog,,
KR5g0230,,JY128 太上紫微中天七元真經  Taishang ziwei zhongtian qiyuan zhenjing :can:,catalog,,
KR5h0019,,JY129 中天紫微星真寶懺  Zhongtian ziwei xingzhen baochan :can:,catalog,,
KR5i0034,,JY130 五百靈官爵位姓氏總錄 Wubai lingguan juewei xingshi zonglu :excan:,catalog,,
KR5i0035,,JY131 玉樞寶經 Yushu baojing :excan:,catalog,,
KR5c0139,,JY132 南華真經註疏 Nanhua zhenjing zhushu :can:,catalog,,
KR5i0036,,JY133 南華真經註疏 Nanhua zhenjing zhushu :excan:,catalog,,
KR5c0117,,JY134** 文始真經  Wenshi zhenjing :can:,catalog,,
KR5c0121,,JY135 沖虛至德真經解  Chongxu zhide zhenjing jie :can:,catalog,,
KR5c0140,,JY136 通玄真經  Tongxuan zhenjing :can:,catalog,,
KR5c0141,,JY137 洞靈真經  Dongling zhenjing :can:,catalog,,
KR5b0134,,JY138 太極葛仙公傳  Taiji ge xiangong zhuan :can:,catalog,,
KR5i0037,,JY139 參同契闡幽 Cantong qi chanyou :excan:,catalog,,
KR5i0038,,JY140 參同契分章註 Cantong qi fenzhang zhu :excan:,catalog,,
KR5d0025,,JY141* 參同契  Cantong qi :can:,catalog,,
KR5i0039,,JY142 入藥鏡 Ruyao jing :excan:,catalog,,
KR5f0018,,JY143 淮南鴻烈解  Huainan honglie jie :can:,catalog,,
KR5f0019,,JY144* 抱朴子內篇  Baopu zi neipian :can:,catalog,,
KR5f0021,,JY145* 抱朴子外篇  Baopu zi waipian :can:,catalog,,
KR5g0115,,JY146 葛仙翁肘後備急方  Ge xianweng zhouhou beiji fang  :can:,catalog,,
KR5e0065,,JY147* 孫真人備急千金要方  Sun zhenren beiji qianjin yaofang :can:,catalog,,
KR5f0025,,JY148 靈寶畢法 Lingbao bifa :can:,catalog,,
KR5a0266,,JY149** 鍾呂傳道集  Zhong lü chuandao ji :can:,catalog,,
KR5i0040,,JY150 銅符鐵券 Tongfu tiequan :excan:,catalog,,
KR5c0351,,JY151* 石函記 Shihan ji :can:,catalog,,
KR5i0041,,JY152 太上靈寶淨明宗教錄 Taishang lingbao jingming zongjiao lu :excan:,catalog,,
KR5i0042,,JY153** 化書 Huashu :excan:,catalog,,
KR5i0043,,JY154 葛仙翁太極沖玄至道心傳 Ge xianweng taiji chongxuan zhidao xinchuan :excan:,catalog,,
KR5f0013,,JY155* 黃石公素書 Huangshi gong sushu :can:,catalog,,
KR5d0053,,JY156* 劉子 Liuzi :can:,catalog,,
KR5d0052,,JY157 玄真子  Xuanzhen zi :can:,catalog,,
KR5d0049,,JY158 天隱子  Tianyin zi :can:,catalog,,
KR5i0044,,JY159 十六品經 Shiliupin jing :excan:,catalog,,
KR5i0045,,JY160 呂祖本傳 Lüzu benzhuan :excan:,catalog,,
KR5i0046,,JY161 金華宗旨 Jinhua zongzhi :excan:,catalog,,
KR5i0047,,JY162 同參經 Tongcan jing :excan:,catalog,,
KR5i0048,,JY163 五經合編 Wujing hebian :excan:,catalog,,
KR5i0049,,JY164 呂帝文集 Lüdi wenji :excan:,catalog,,
KR5i0050,,JY165 呂帝詩集 Lüdi shiji :excan:,catalog,,
KR5i0051,,JY166 純陽三書 Chunyang sanshu :excan:,catalog,,
KR5i0052,,JY167 易說 Yishuo :excan:,catalog,,
KR5i0053,,JY168 語錄大觀 Yulu daguan :excan:,catalog,,
KR5i0054,,JY169 微言摘要 Weiyan zhaiyao :excan:,catalog,,
KR5i0055,,JY170 呂帝聖蹟紀要 Lüdi shengji jiyao :excan:,catalog,,
KR5i0056,,JY171 天仙金丹心法 Tianxian jindan xinfa :excan:,catalog,,
KR5i0057,,JY172 東園語錄 Dongyuan yulu :excan:,catalog,,
KR5g0066,,JY173* 至真歌 Zhizhen ge :can:,catalog,,
KR5a0241,,JY174* 玉清金笥青華祕文金寶內鍊丹法  Yuqing jinsi qinghua biwen jinbao neilian danfai :can:,catalog,,
KR5a0143,,JY175 悟真篇三注  Wuzhen pian sanzhu :can:,catalog,,
KR5a0145,,JY176* 悟真篇拾遺  Wuzhen pian shiyi :can:,catalog,,
KR5a0144,,JY177* 悟真篇直指詳說  Wuzhen pian zhizhi xiangshuo :can:,catalog,,
KR5i0058,,JY178 金丹四百字 Jindan sibaizi :excan:,catalog,,
KR5a0142,,JY179* 石橋歌  Shiqiao ge :can:,catalog,,
KR5i0059,,JY180 悟真篇闡幽 Wuzhenpian chanyou :excan:,catalog,,
KR5d0114,,JY181 還源篇  Huanyuan pian :can:,catalog,,
KR5d0111,,JY182 還丹復命篇  Huandan fuming pian :can:,catalog,,
KR5d0113,,JY183* 泥洹集  Nihuan ji :can:,catalog,,
KR5a0288,,JY184 析疑指迷論  Xiyi zhimi lun :can:,catalog,,
KR5i0060,,JY185 瓊琯白真人集 Qiongguan bai zhenren ji :excan:,catalog,,
KR5g0116,,JY186* 海瓊白真君語錄  Haiqiong bai zhenjun yulu :can:,catalog,,
KR5e0055,,JY187 重陽全真集  Chongyang quanzhen ji :can:,catalog,,
KR5e0056,,JY188 重陽教化集  Chongyang jiaohua ji :can:,catalog,,
KR5e0057,,JY189 重陽分梨十化集  Chongyang fenli shihua ji :can:,catalog,,
KR5g0042,,JY190 立教十五論  Lijiao shiwu lun :can:,catalog,,
KR5g0043,,JY191 丹陽真人直言 Danyang zhenren zhiyan :can:,catalog,,
KR5i0061,,JY192 太公陰符經 Taigong yinfu jing :excan:,catalog,,
KR5i0062,,JY193 五篇靈文 Wupian lingwen :excan:,catalog,,
KR5g0238,,JY194 長春真人西游記 Changchun zhenren xiyou ji :can:,catalog,,
KR5e0061,,JY195* 磻溪集  Panxi ji :can:,catalog,,
KR5e0043,,JY196 仙樂集  Xianle ji :can:,catalog,,
KR5d0081,,JY197 無為清靜長生真人至真語錄  Wuwei qingjing changsheng zhenren zhizhen yulu :can:,catalog,,
KR5e0062,,JY198 水雲集  Shuiyun ji :can:,catalog,,
KR5e0051,,JY199 洞玄金玉集  Dongxuan jinyu ji :can:,catalog,,
KR5e0044,,JY200 漸悟集  Jianwu ji :can:,catalog,,
KR5e0052,,JY201 丹陽神光燦  Danyang shenguang can :can:,catalog,,
KR5d0080,,JY202 丹陽真人語錄  Danyang zhenren yulu :can:,catalog,,
KR5i0063,,JY203 孫不二元君法語 Sun bu'er yuanjun fayu :excan:,catalog,,
KR5i0064,,JY204 孫不二元君傳述丹道祕書三卷 Sun bu'er yuanjun chuanshu dandao bishu sanjuan :excan:,catalog,,
KR5e0063,,JY205 太古集  Taigu ji :can:,catalog,,
KR5e0054,,JY206 雲光集  Yunguang ji :can:,catalog,,
KR5e0048,,JY207 葆光集  Baoguang ji :can:,catalog,,
KR5i0065,,JY208 金液還丹印證圖詩 Jinye huandan yinzheng tushi :excan:,catalog,,
KR5d0090,,JY209* 金丹大要  Jindan dayao :can:,catalog,,
KR5a0265,,JY210* 金丹大成  Jindan dacheng :can:,catalog,,
KR5a0244,,JY211* 規中指南  Guizhong zhinan :can:,catalog,,
KR5d0057,,JY212 太玄寶典  Taixuan baodian :can:,catalog,,
KR5d0059,,JY213 坐忘論  Zuowang lun :can:,catalog,,
KR5d0069,,JY214 悟玄篇  Wuxuan pian :can:,catalog,,
KR5d0070,,JY215 太虛心淵篇  Taixu xinyuan pian :can:,catalog,,
KR5c0320,,JY216 丹房奧論  Danfang aolun :can:,catalog,,
KR5c0379,,JY217 明真破妄章頌  Mingzhen powang zhangsong :can:,catalog,,
KR5g0062,,JY218 道法心傳  Daofa xinchuan :can:,catalog,,
KR5f0022,,JY219 橐籥子  Tuoyue zi :can:,catalog,,
KR5f0023,,JY220 陰丹內篇  Yindan neipian :can:,catalog,,
KR5e0042,,JY221 雲山集  Yunshan ji :can:,catalog,,
KR5e0045,,JY222 草堂集  Caotang ji :can:,catalog,,
KR5e0046,,JY223 自然集  Ziran ji :can:,catalog,,
KR5e0047,,JY224 鳴真集  Mingzhen ji :can:,catalog,,
KR5e0049,,JY225 西雲集  Xiyun ji :can:,catalog,,
KR5a0250,,JY226 中和集  Zhonghe ji :can:,catalog,,
KR5d0079,,JY227 晉真人語錄  Jin zhenren yulu :can:,catalog,,
KR5g0060,,JY228 虛靜沖和先生徐神翁語錄  Xujing chonghe xiansheng xu shenweng yulu :can:,catalog,,
KR5d0082,,JY229 盤山棲雲王真人語錄  Panshan qiyun wang zhenren yulu :can:,catalog,,
KR5g0119,,JY230 清和真人北游語錄  Qinghe zhenren beiyou yulu :can:,catalog,,
KR5i0066,,JY231 仙佛合宗語錄 Xianfo hezong yulu :excan:,catalog,,
KR5i0067,,JY232 天仙正理直論 Tianxian zhengli zhilun :excan:,catalog,,
KR5i0068,,JY233 天仙正理直論淺說 Tianxian zhengli zhilun qianshuo :excan:,catalog,,
KR5i0069,,JY234 金丹要訣 Jindan yaojue :excan:,catalog,,
KR5i0070,,JY235 伍真人丹道九篇 Wu zhenren dandao jiupian :excan:,catalog,,
KR5i0071,,JY236 張三丰先生全集 Zhang sanfeng xiansheng quanji :excan:,catalog,,
KR5d0036,,JY237* 真誥  Zhengao :can:,catalog,,
KR5d0039,,JY238 道樞  Daoshu :can:,catalog,,
KR5a0168,,JY239 洞玄靈寶真靈位業圖  Dongxuan lingbao zhenling weiye tu :can:,catalog,,
KR5d0123,,JY240* 鳴鶴餘音  Minghe yuyin :can:,catalog,,
KR5i0072,,JY241 養真集 Yangzhen ji :excan:,catalog,,
KR5d0055,,JY242* 雲笈七籤  Yunji qiqian :can:,catalog,,
KR5i0073,,JY243 玉詮 Yuquan :excan:,catalog,,
KR5i0074,,JY244 真詮 Zhenquan :excan:,catalog,,
KR5i0075,,JY245 心傳述證錄 Xinchuan shuzheng lu :excan:,catalog,,
KR5i0076,,JY246 懺法大觀 Chanfa daguan :excan:,catalog,,
KR5i0077,,JY247 三寶萬靈法懺 Sanbao wanling fachan :excan:,catalog,,
KR5a0190,,JY248 太上靈寶朝天謝罪法懺  Taishang lingbao chaotian xiezui fachan :can:,catalog,,
KR5i0078,,JY249 漢丞相諸葛忠武侯集 Han chengxiang zhuge zhong wuhou ji :excan:,catalog,,
KR5i0079,,JY250 太極圖說 Taiji tu shuo :excan:,catalog,,
KR5i0080,,JY251 通書 Tongshu :excan:,catalog,,
KR5i0081,,JY252 皇極經世書 Huangji jingshi shu :excan:,catalog,,
KR5i0082,,JY253 擊壤集 Jirang ji :excan:,catalog,,
KR5i0083,,JY254 文昌帝君本傳 Wenchang dijun benzhuan :excan:,catalog,,
KR5a0171,,JY255* 文帝化書  Wendi huashu :can:,catalog,,
KR5i0084,,JY256 文帝孝經 Wendi xiaojing :excan:,catalog,,
KR5i0085,,JY257 元皇大道真君救劫寶經 Yuanhuang dadao zhenjun jiujie baojing :excan:,catalog,,
KR5i0086,,JY258 文昌延嗣經 Wenchang yansi jing :excan:,catalog,,
KR5i0087,,JY259 陰騭文註 Yinzhi wen zhu :excan:,catalog,,
KR5i0088,,JY260 關帝忠孝忠義經/三界伏魔關聖帝君忠孝忠義真經 Guandi zhongxiao zhongyi jing/sanjie fumo guansheng dijun zhongxiao zhongyi zhenjing :excan:,catalog,,
KR5i0089,,JY261 關聖帝君本傳 Guansheng dijun benzhuan :excan:,catalog,,
KR5i0090,,JY262 清微宏範道門功課 Qingwei hongfan daomen gongke :excan:,catalog,,
KR5i0091,,JY263 太上玄門功課經 Taishang xuanmen gongke jing :excan:,catalog,,
KR5h0011,,JY264* 太上三元賜福赦罪解厄消災延生保命妙經  Taishang sanyuan cifu shezui jie’e xiaozai yansheng baoming miaojing :excan:,catalog,,
KR5i0092,,JY265 靈寶文檢 Lingbao wenjian :excan:,catalog,,
KR5i0093,,JY266 心香妙語 Xinxiang miaoyu :excan:,catalog,,
KR5i0094,,JY267 雅宜集 Yayi ji :excan:,catalog,,
KR5c0181,,JY268 太上老君戒經  Taishang laojun jiejing :can:,catalog,,
KR5a0178,,JY269 太上洞真智慧上品大誡  Taishang dongzhen zhihui shangpin dajie :can:,catalog,,
KR5a0179,,JY270 三洞眾戒文  Sandong zhongjie wen :can:,catalog,,
KR5a0180,,JY271 太微靈書紫文仙忌真記上經  Taiwei lingshu ziwen xianji zhenji shangjing :can:,catalog,,
KR5a0181,,JY272 虛皇天尊初真十戒文  Xuhuang tianzun chuzhen shijie wen :can:,catalog,,
KR5a0182,,JY273 太上九真妙戒金籙度命拔罪妙經  Taishang jiuzhen miaojie jinlu duming bazui miaojing :can:,catalog,,
KR5a0183,,JY274 太上十二上品飛天法輪勸戒妙經  Taishang shi’er shangpin feitian falun quanjie miaojing :can:,catalog,,
KR5a0184,,JY275 太極真人說二十四門戒經  Taiji zhenren shuo ershisi men jiejing :can:,catalog,,
KR5g0044,,JY276 全真清規  Quanzhen qinggui :can:,catalog,,
KR5g0046,,JY277 三洞修道儀  Sandong xiudao yi :can:,catalog,,
KR5i0095,,JY278 十戒功過格 Shijie gongguo ge :excan:,catalog,,
KR5i0096,,JY279 警世功過格 Jingshi gongguo ge :excan:,catalog,,
KR5b0147,,JY280* 要修科儀戒律鈔  Yaoxiu keyi jielü chao :can:,catalog,,
KR5a0328,,JY281 太上濟度章赦  Taishang jidu zhangshe :can:,catalog,,
KR5b0211,,JY282* 無上黃籙大齋立成儀  Wushang huanglu dazhai licheng yi :can:,catalog,,
KR5h0020,,JY283 紫皇鍊度玄科  Zihuang liandu xuanke :can:,catalog,,
KR5b0221,,JY284 神功妙濟真君禮文  Shengong miaoji zhenjun liwen :can:,catalog,,
KR5i0097,,JY285 三壇圓滿天仙大戒略說 Santan yuanman tianxian dajie lüeshuo :excan:,catalog,,
KR5i0098,,JY286 初真戒律 Chuzhen jielü :excan:,catalog,,
KR5i0099,,JY287 中極戒 Zhongji jie :excan:,catalog,,
KR5a0165,,JY288 上清三尊譜錄  Shangqing sanzun pulu :can:,catalog,,
KR5c0355,,JY289* 終南山祖庭仙真內傳  Zhongnan shan zuting xianzhen neizhuan :can:,catalog,,
KR5c0356,,JY290 終南山說經臺歷代真仙碑記  Zhongnan shan shuojingtai lidai zhenxian beiji :can:,catalog,,
KR5c0364,,JY291 西川青羊宮碑銘  Xichuan qingyang gong beiming :can:,catalog,,
KR5a0164,,JY292 玄元十子圖  Xuanyuan shizi tu :can:,catalog,,
KR5i0100,,JY293 二仙菴碑記 Erxian an beiji :excan:,catalog,,
KR5i0101,,JY294 青羊宮碑記 Qingyang gong beiji :excan:,catalog,,
KR5c0373,,JY295 甘水仙源錄  Ganshui xianyuan lu :can:,catalog,,
KR5g0057,,JY296 三洞群仙錄 Sandong qunxian lu :can:,catalog,,
KR5i0102,,JY297 華蓋山三仙真經 Huagai shan sanxian zhenjing :excan:,catalog,,
KR5c0174,,JY298 華蓋山浮邱王郭三真君事實  Huagai shan fuqiu wang guo san zhenjun shishi :can:,catalog,,
KR5h0031,,JY299** 漢天師世家  Han tianshi shijia :can:,catalog,,
KR5g0058,,JY300 三十代天師虛靖真君語錄  Sanshidai tianshi xujing zhenjun yulu :can:,catalog,,
KR5a0174,,JY301 金蓮正宗記  Jinlian zhengzong ji :can:,catalog,,
KR5a0175,,JY302 金蓮正宗仙源像傳  Jinlian zhengzong xianyuan xiangzhuan :can:,catalog,,
KR5a0176,,JY303 七真年譜 Qizhen nianpu :can:,catalog,,
KR5b0304,,JY304 洞天福地嶽瀆名山記  Dongtian fudi yuedu mingshan ji :can:,catalog,,
KR5b0311,,JY305 南嶽/岳總勝集  Nanyue zongsheng ji :can:,catalog,,
KR5b0305,,JY306 梅仙觀記  Meixian guan ji :can:,catalog,,
KR5a0247,,JY307 西山群仙會真記  Xishan qunxian huizhen ji :can:,catalog,,
KR5i0103,,JY308 青城山記 Qingcheng shan ji :excan:,catalog,,
KR5i0104,,JY309 太上無極大道延壽集福消切寶懺  Taishang wuji dadao yanshou jifu xiaojie baochan :excan:,catalog,,
KR5i0105,,JY310 天下名山記 Tianxia mingshan ji :excan:,catalog,,
KR5i0106,,EX001 青玄濟煉鐵貫斛食 Qingxuan jilian tieguan hushi	          :excan:,catalog,,
KR5i0107,,EX002 太上無極大道三十六部尊經 (啟請科儀) Taishang wuji dadao sanshiliu bu zunjing :excan:,catalog,,
KR5i0108,,EX003 太上無極太道三十六部尊經註解 Taishang wuji dadao sanshiliu bu zunjing :excan:,catalog,,
KR5i0109,,EX004 女丹合編 Nudan hebian_nd 	          :excan:,catalog,,
KR5i0110,,EX005 太上洞玄靈寶玉樞調元應顯尊經 Taishang dongxuan lingbao yushu tiaoyuan yingxian xunjing :excan:,catalog,,
KR5a0001,DZ0001,DZ0001 靈寶無量度人上品妙經 Lingbao wuliang duren shangpin miaojing +,catalog,,DZ0001
KR5a0002,DZ0002,DZ0002 元始無量度人上品妙經直音 Yuanshi wuliang duren shangpin miaojing zhiyin,catalog,,DZ0002
KR5a0003,DZ0003,DZ0003 元始說先天道德經註解 Yuanshi shuo xiantian daode jing zhujie,catalog,,DZ0003
KR5a0004,DZ0004,DZ0004 無上內秘真藏經 Wushang neibi zhenzang jing,catalog,,DZ0004
KR5a0005,DZ0005,DZ0005 太上無極總真文昌大洞仙經 Taishang wuji zongzhen Wenchang dadong xianjing,catalog,,DZ0005
KR5a0006,DZ0006,DZ0006 上清大洞真經 Shangqing dadong zhenjing,catalog,,DZ0006
KR5a0007,DZ0007,DZ0007 大洞玉經 Dadong yujing,catalog,,DZ0007
KR5a0008,DZ0008,DZ0008 太上三十六部尊經 Taishang sanshiliu bu zunjing,catalog,,DZ0008
KR5a0009,DZ0009,DZ0009 太上一乘海空智藏經 Taishang yisheng haikong zhizang jing,catalog,,DZ0009
KR5a0010,DZ0010,DZ0010 高上玉皇本行集經 Gaoshang yuhuang benxing jijing,catalog,,DZ0010
KR5a0011,DZ0011,DZ0011 高上玉皇本行集經 Gaoshang yuhuang benxing jijing,catalog,,DZ0011
KR5a0012,DZ0012,DZ0012 高上玉皇本行經髓 Gaoshang yuhuang benxing jingsui,catalog,,DZ0012
KR5a0013,DZ0013,DZ0013 高上玉皇心印妙經 Gaoshang yuhuang xinyin miaojing,catalog,,DZ0013
KR5a0014,DZ0014,DZ0014 高上玉皇胎息經 Gaoshang yuhuang taixi jing +,catalog,,DZ0014
KR5a0015,DZ0015,DZ0015 無上九霄玉清大梵紫微玄都雷霆玉經 Wushang jiuxiao yuqing dafan ziwei xuanbu leiting yujing,catalog,,DZ0015
KR5a0016,DZ0016,DZ0016 九天應元雷聲普化天尊玉樞寶經 Jiutian yingyuan leisheng puhua tianzun yushu baojing,catalog,,DZ0016
KR5a0017,DZ0017,DZ0017 太上說朝天謝雷真經 Taishang shuo chaotian xielei zhenjing,catalog,,DZ0017
KR5a0018,DZ0018,DZ0018 太上虛皇天尊四十九章經 Taishang xuhuang tianzun sishijiu zhangjing,catalog,,DZ0018
KR5a0019,DZ0019,DZ0019 太上昇玄消災護命妙經 Taishang shengxuan xiaozai huming miaojing,catalog,,DZ0019
KR5a0020,DZ0020,DZ0020 三光注齡資福延壽妙經 Sanguang zhuling zifu yanshou miaojing,catalog,,DZ0020
KR5a0021,DZ0021,DZ0021 太上長生延壽集福德經 Taishang changsheng yanshou jifu dejing,catalog,,DZ0021
KR5a0022,DZ0022,DZ0022 元始五老赤書玉篇真文天書經 Yuanshi wulao chishu yupian zhenwen tianshu jing,catalog,,DZ0022
KR5a0023,DZ0023,DZ0023 太上諸天靈書度命妙經 Taishang zhutian lingshu duming miaojing,catalog,,DZ0023
KR5a0024,DZ0024,DZ0024 元始天尊說生天得道經 Yuanshi tianzun shuo shengtian dedao jing,catalog,,DZ0024
KR5a0025,DZ0025,DZ0025 元始天尊說得道了身經 Yuanshi tianzun shuo dedao liaoshen jing,catalog,,DZ0025
KR5a0026,DZ0026,DZ0026 太上九天延祥滌厄四聖妙經 Taishang jiutian yanxiang die sisheng miaojing,catalog,,DZ0026
KR5a0027,DZ0027,DZ0027 元始天尊說北方真武妙經 Yuanshi tianzun shuo beifang Zhenwu miaojing,catalog,,DZ0027
KR5a0028,DZ0028,DZ0028 元始天尊說梓潼帝君應驗經 Yuanshi tianzun shuo zitong dijun yingyan jing,catalog,,DZ0028
KR5a0029,DZ0029,DZ0029 元始天尊說梓潼帝君本願經 Yuanshi tianzun shuo zitong dijun benyuan jing,catalog,,DZ0029
KR5a0030,DZ0030,DZ0030 元始八威龍文經 Yuanshi bawei longwen jing,catalog,,DZ0030
KR5a0031,DZ0031,DZ0031 黃帝陰符經 Huangdi yinfu jing,catalog,,DZ0031
KR5a0032,DZ0032,DZ0032 混元陽符經 Hunyuan yangfu jing,catalog,,DZ0032
KR5a0033,DZ0033,DZ0033 上清黃氣陽精三道順行經 Shangqing huangqi yangjing sandao shunxing jing,catalog,,DZ0033
KR5a0034,DZ0034,DZ0034 太上開明天地本真經 Taishang kai mingtian diben zhenjing,catalog,,DZ0034
KR5a0035,DZ0035,DZ0035 太上玄都妙本清靜身心經 Taishang xuandu miaoben qingjing shenxin jing,catalog,,DZ0035
KR5a0036,DZ0036,DZ0036 太上太玄女青三元品誡拔罪妙經 Taishang taixuan nüqing sanyuan pinjie bazui miaojing,catalog,,DZ0036
KR5a0037,DZ0037,DZ0037 元始天尊說變化空洞妙經 Yuanshi tianzun shuo bianhua kongdong miaojing,catalog,,DZ0037
KR5a0038,DZ0038,DZ0038 太上昇玄三一融神變化妙經 Taishang shengxuan sanyi rongshen bianhua miaojing,catalog,,DZ0038
KR5a0039,DZ0039,DZ0039 太上導引三光九變妙經 Taishang daoyin sanguang jiubian miaojing,catalog,,DZ0039
KR5a0040,DZ0040,DZ0040 太上導引三光寶真妙經 Taishang daoyin sanguang baozhen miaojing,catalog,,DZ0040
KR5a0041,DZ0041,DZ0041 太上修真體元妙道經 Taishang xiuzhen tiyuan miaodao jing,catalog,,DZ0041
KR5a0042,DZ0042,DZ0042 玉清元始玄黃九光真經 Yuqing yuanshi xuanhuang jiuguang zhenjing,catalog,,DZ0042
KR5a0043,DZ0043,DZ0043 元始天尊說十一曜大消災神咒經 Yuanshi tianzun shuo shiyi yueda xiaozai shenzhou jing,catalog,,DZ0043
KR5a0044,DZ0044,DZ0044 太上洞真五星秘授經 Taishang dongzhen wuxing bishou jing,catalog,,DZ0044
KR5a0045,DZ0045,DZ0045 玉清無上靈寶自然北斗本生真經 Yuqing wushang lingbao ziran beidou bensheng zhenjing,catalog,,DZ0045
KR5a0046,DZ0046,DZ0046 太乙元真保命長生經 Taiyi yuanzhen baoming changsheng jing,catalog,,DZ0046
KR5a0047,DZ0047,DZ0047 太上元始天尊證果真經 Taishang yuanshi tianzun zhengguo zhenjing,catalog,,DZ0047
KR5a0048,DZ0048,DZ0048 太上元始天尊說續命妙經 Taishang yuanshi tianzun shuo xuming miaojing,catalog,,DZ0048
KR5a0049,DZ0049,DZ0049 洞真太極北帝紫微神咒妙經 Dongzhen taiji beidi ziwei shenzhou miaojing,catalog,,DZ0049
KR5a0050,DZ0050,DZ0050 太上說六甲直符保胎護命妙經 Taishang shuo liujia zhifu baotai huming miaojing,catalog,,DZ0050
KR5a0051,DZ0051,DZ0051 太上元始天尊說大雨龍王經 Taishang yuanshi tianzun shuo dayu longwang jing,catalog,,DZ0051
KR5a0052,DZ0052,DZ0052 太上護國祈雨消魔經 Taishang huguo qiyu xiaomo jing,catalog,,DZ0052
KR5a0053,DZ0053,DZ0053 太上洞淵北帝天蓬護命消災神咒妙經 Taishang dongyuan beidi tianpeng huming xiaozai shenzhou miaojing,catalog,,DZ0053
KR5a0054,DZ0054,DZ0054 太上洞淵辭瘟神咒妙經 Taishang dongyuan ciwen shenzhou miaojing,catalog,,DZ0054
KR5a0055,DZ0055,DZ0055 高上太霄琅書瓊文帝章經 Gaoshang taixiao langshu qiongwen di zhangjing,catalog,,DZ0055
KR5a0056,DZ0056,DZ0056 太上玉佩金璫太極金書上經 Taishang yupei jindang taiji jinshu shangjing,catalog,,DZ0056
KR5a0057,DZ0057,DZ0057 上方天尊說真元通仙道經 Shangfang tianzun shuo zhenyuan tong xiandao jing,catalog,,DZ0057
KR5a0058,DZ0058,DZ0058 無上大乘要決妙經 Wushang dasheng yaojue miaojing,catalog,,DZ0058
KR5a0059,DZ0059,DZ0059 元始洞真決疑經 Yuanshi dongzhen jueyi jing,catalog,,DZ0059
KR5a0060,DZ0060,DZ0060 元始天尊說玄微妙經 Yuanshi tianzun shuo xuanwei miaojing,catalog,,DZ0060
KR5a0061,DZ0061,DZ0061 太上洞真賢門經 Taishang dongzhen xianmen jing,catalog,,DZ0061
KR5a0062,DZ0062,DZ0062 元始天王歡樂經 Yuanshi tianwang huanle jing,catalog,,DZ0062
KR5a0063,DZ0063,DZ0063 玉清胎元內養真經 Yuqing taiyuan neiyang zhenjing,catalog,,DZ0063
KR5a0064,DZ0064,DZ0064 玉清無上內景真經 Yuqing wushang neijing zhenjing,catalog,,DZ0064
KR5a0065,DZ0065,DZ0065 太上真一報父母恩重經 Taishang zhenyi bao fumu enzhong jing,catalog,,DZ0065
KR5a0066,DZ0066,DZ0066 元始洞真慈善孝子報恩成道經 Yuanshi dongzhen cishan xiaozi baoen chengdao jing,catalog,,DZ0066
KR5a0067,DZ0067,DZ0067 太上元始天尊說消殄蟲蝗經 Taishang yuanshi tianzun shuo xiaotian chonghuang jing,catalog,,DZ0067
KR5a0068,DZ0068,DZ0068 太上安鎮九壘龍神妙經 Taishang anzhen jiulei longshen miaojing,catalog,,DZ0068
KR5a0069,DZ0069,DZ0069 太上洞真安灶經 Taishang dongzhen anzao jing,catalog,,DZ0069
KR5a0070,DZ0070,DZ0070 太上元始天尊說金光明經 Taishang yuanshi tianzun shuo jin guangming jing,catalog,,DZ0070
KR5a0071,DZ0071,DZ0071 元始天尊說三官寶號經 Yuanshi tianzun shuo sanguan baohao jing,catalog,,DZ0071
KR5a0072,DZ0072,DZ0072 元始天尊濟度血湖真經 Yuanshi tianzun jidu xuehu zhenjing,catalog,,DZ0072
KR5a0073,DZ0073,DZ0073 元始天尊說酆都滅罪經 Yuanshi tianzun shuo Fengdu miezui jing,catalog,,DZ0073
KR5a0074,DZ0074,DZ0074 太上說九幽拔罪心印妙經 Taishang shuo jiuyou bazui xinyin miaojing,catalog,,DZ0074
KR5a0075,DZ0075,DZ0075 元始天尊說甘露昇天神咒妙經 Yuanshi tianzun shuo ganlu shengtian shenzhou miaojing,catalog,,DZ0075
KR5a0076,DZ0076,DZ0076 元始說未w法食往生經 Yuanshi shuo gongde fashi wangsheng jing,catalog,,DZ0076
KR5a0077,DZ0077,DZ0077 太上玉華洞章拔亡度世昇仙妙經 Taishang yuhua dongzhang bawang dushi shengxian miaojing,catalog,,DZ0077
KR5a0078,DZ0078,DZ0078 太上三洞神咒 Taishang sandong shenzhou,catalog,,DZ0078
KR5a0079,DZ0079,DZ0079 三洞神符記 Sandong shenfu ji,catalog,,DZ0079
KR5a0080,DZ0080,DZ0080 雲篆度人妙經 Yunzhuan duren miaojing,catalog,,DZ0080
KR5a0081,DZ0081,DZ0081 洞真太微黃書天帝君石景金陽素經 Dongzhen taiwei huangshu tian dijun shijing jinyang sujing,catalog,,DZ0081
KR5a0082,DZ0082,DZ0082 上清洞真元經五籍符 Shangqing dongzhen yuanjing wu jifu,catalog,,DZ0082
KR5a0083,DZ0083,DZ0083 白羽黑翮靈飛玉符 Baiyu heihe lingfei yufu,catalog,,DZ0083
KR5a0084,DZ0084,DZ0084 上清瓊宮靈飛六甲左右上符 Shangqing qionggong lingfei liujia zuoyou shangfu,catalog,,DZ0084
KR5a0085,DZ0085,DZ0085 太上洞真經洞章符 Taishang dongzhen jingdong zhangfu,catalog,,DZ0085
KR5a0086,DZ0086,DZ0086 太上秘法鎮宅靈符 Taishang bifa zhenzhe lingfu,catalog,,DZ0086
KR5a0087,DZ0087,DZ0087 元始無量度人上品妙經四註 Yuanshi wuliang duren shangpin miaojing sizhu,catalog,,DZ0087
KR5a0088,DZ0088,DZ0088 元始無量度人上品妙經註 Taishang dongxuan lingbao wuliang duren shangpin miaojing zhu,catalog,,DZ0088
KR5a0089,DZ0089,DZ0089 元始無量度人上品妙經通義 Yuanshi wuliang duren shangpin miaojing tongyi,catalog,,DZ0089
KR5a0090,DZ0090,DZ0090 元始無量度人上品妙經內義 Yuanshi wuliang duren shangpin miaojing neiyi,kanripo_DZID,,DZ0090
KR5a0092,DZ0091,DZ0091 太上洞玄靈寶無量度人上品妙經註 Taishang dongxuan lingbao wuliang duren shangpin miaojing zhu,catalog,,DZ0091
KR5a0093,DZ0092,DZ0092 元始無量度人上品妙經註 Yuanshi wuliang duren shangpin miaojing zhu,catalog,,DZ0092
KR5a0094,DZ0093,DZ0093 太上洞玄靈寶無量度人上品經法 Taishang dongxuan lingbao wuliang duren shangpin jingfa,catalog,,DZ0093
KR5a0095,DZ0094,DZ0094 洞玄靈寶度人經大梵隱語疏義 Dongxuan lingbao duren jing dafan yinyu shuyi,catalog,,DZ0094
KR5a0096,DZ0095,DZ0095 洞玄靈寶無量度人經訣音義 Dongxuan lingbao wuliang duren jingjue yinyi,catalog,,DZ0095
KR5a0097,DZ0096,DZ0096 真藏經要訣 Zhenzang jing yaojue,catalog,,DZ0096
KR5a0098,DZ0097,DZ0097 太上靈寶諸天內音自然玉字 Taishang lingbao zhutian neiyin ziran yuzi,catalog,,DZ0097
KR5a0099,DZ0098,DZ0098 諸天靈書度命妙經義疏 Zhutian lingshu duming miaojing yishu,catalog,,DZ0098
KR5a0100,DZ0099,DZ0099 九天應元雷聲普化天尊玉樞寶經集註 Jiutian yingyuan leisheng puhua tianzun yushu baojing jizhu,catalog,,DZ0099
KR5a0101,DZ0100,DZ0100 太上昇玄說消災護命妙經註 Taishang shengxuan shuo xiaozai huming miaojing zhu,catalog,,DZ0100
KR5a0102,DZ0101,DZ0101 太上昇玄消災護命妙經註 Taishang shengxuan xiaozai huming miaojing zhu,catalog,,DZ0101
KR5a0103,DZ0102,DZ0102 元始天尊說太古經註 Yuanshi tianzun shuo taigu jing zhu,catalog,,DZ0102
KR5a0104,DZ0103,DZ0103 玉清無極總真文昌大洞仙經註 Yuqing wuji zongzhen Wenchang dadong xianjing zhu,catalog,,DZ0103
KR5a0105,DZ0104,DZ0104 上清大洞真經玉訣音義 Shangqing dadong zhenjing yujue yinyi,catalog,,DZ0104
KR5a0106,DZ0105,DZ0105 太上大通經註 Taishang datong jing zhu,catalog,,DZ0105
KR5a0107,DZ0106,DZ0106 太上赤文洞古經註 Taishang chiwen donggu jing zhu,catalog,,DZ0106
KR5a0108,DZ0107,DZ0107 無上赤文洞古真經註 Wushang chiwen donggu zhenjing zhu,catalog,,DZ0107
KR5a0109,DZ0108,DZ0108 黃帝陰符經集註 Huangdi yinfu jing jizhu,catalog,,DZ0108
KR5a0110,DZ0109,DZ0109 黃帝陰符經講義 Huangdi yinfu jing jiangyi,catalog,,DZ0109
xx,xx,xx 黃帝陰符經講義圖說(宋-夏元鼎) :nopin:,catalog,,
KR5a0111,DZ0110,DZ0110 黃帝陰符經疏 Huangdi yinfu jing shu,catalog,,DZ0110
KR5a0112,DZ0111,DZ0111 黃帝陰符經集解 Huangdi yinfu jing jie,catalog,,DZ0111
KR5a0113,DZ0112,DZ0112 黃帝陰符經註 Huangdi yinfu jing zhu,catalog,,DZ0112
KR5a0114,DZ0113,DZ0113 黃帝陰符經解 Huandi yinfu jing jingjie,catalog,,DZ0113
KR5a0115,DZ0114,DZ0114 黃帝陰符經註解 Huangdi yinfu jing zhujie,catalog,,DZ0114
KR5a0116,DZ0115,DZ0115 黃帝陰符經註 Huangdi yinfu jing zhu,catalog,,DZ0115
KR5a0117,DZ0116,DZ0116 黃帝陰符經註 Huangdi yinfu jing zhu,catalog,,DZ0116
KR5a0118,DZ0117,DZ0117 黃帝陰符經註 Huangdi yinfu jing zhu,catalog,,DZ0117
KR5a0119,DZ0118,DZ0118 黃帝陰符經解義 Huangdi yinfu jing jieyi,catalog,,DZ0118
KR5a0120,DZ0119,DZ0119 陰符經三皇玉訣 Yinfu jing sanhuang yujue,catalog,,DZ0119
KR5a0121,DZ0120,DZ0120 黃帝陰符經心法 Huangdi yinfu jing xinfa,catalog,,DZ0120
KR5a0122,DZ0121,DZ0121 黃帝陰符經註 Huangdi yinfu jing zhu,catalog,,DZ0121
KR5a0123,DZ0122,DZ0122 黃帝陰符經註 Huangdi yinfu jing zhu,catalog,,DZ0122
KR5a0124,DZ0123,DZ0123 黃帝陰符經註 Huangdi yinfu jing zhu,catalog,,DZ0123
KR5a0125,DZ0124,DZ0124 黃帝陰符經註解 Huangdi yinfu jing zhujie,catalog,,DZ0124
KR5a0126,DZ0125,DZ0125 黃帝陰符經註 Huangdi yinfu jing zhu,catalog,,DZ0125
KR5a0127,DZ0126,DZ0126 黃帝陰符經夾頌解註 Huangdi yinfu jing jiasong jiezhu,catalog,,DZ0126
KR5a0128,DZ0127,DZ0127 黃帝陰符經集解 Huangdi yinfu jing jijie,catalog,,DZ0127
KR5a0129,DZ0128,DZ0128 太上求仙定錄尺素真訣玉文 Taishang qiuxian dinglu chisu zhenjue yuwen,catalog,,DZ0128
KR5a0130,DZ0129,DZ0129 太霄琅書瓊文帝章訣 Taixiao langshu qiongwen di zhangjue,catalog,,DZ0129
KR5a0131,DZ0130,DZ0130 胎息經註 Taixi jing zhu +,catalog,,DZ0130
KR5a0132,DZ0131,DZ0131 胎息秘要歌訣 Taixi biyao gejue +,catalog,,DZ0131
KR5a0133,DZ0132,DZ0132 太清真人絡命訣 Taiqing zhenren luoming jue,catalog,,DZ0132
KR5a0134,DZ0133,DZ0133 太上洞房內經註 Taishang dongfang neijing zhu,catalog,,DZ0133
KR5a0135,DZ0134,DZ0134 陰真君還丹歌註 Yinzhen jun huandan ge zhu,catalog,,DZ0134
KR5a0136,DZ0135,DZ0135 崔公入藥經註解 Cuigong ruyao jing zhujie,catalog,,DZ0135
KR5a0137,DZ0136,"DZ0136 呂純陽真人沁園春丹詞註解 Lü, Chunyang zhenren shenyuan chundan ci zhujie",catalog,,DZ0136
KR5a0138,DZ0137,DZ0137 青天歌註釋 Qingtian ge zhushi,catalog,,DZ0137
KR5a0139,DZ0138,DZ0138 學仙辨真訣 Xuexian bianzhen jue,catalog,,DZ0138
KR5a0140,DZ0139,DZ0139 太上洞真凝神修行經訣 Taishang dongzhen ningshen xiuxing jingjue,catalog,,DZ0139
KR5a0141,DZ0140,DZ0140 上清握中訣 Shangqing wozhong jue,catalog,,DZ0140
KR5a0142,DZ0141,DZ0141 紫陽真人悟真篇註疏 Ziyang zhenren wuzhen pian zhushu,catalog,,DZ0141
KR5a0143,DZ0142,DZ0142 紫妖鈉人悟真篇三註 Ziyang zhenren wuzhen pian sanzhu,catalog,,DZ0142
KR5a0144,DZ0143,DZ0143 紫陽真人悟真直指詳說三乘秘要 Ziyang zhenren wuzhen zhizhi xiangshuo sansheng biyao,catalog,,DZ0143
KR5a0145,DZ0144,DZ0144 紫陽真人悟真篇拾遺 Ziyang zhenren wuzhen pian sheyi,catalog,,DZ0144
KR5a0146,DZ0145,DZ0145 悟真篇註釋 Wuzhen pian jiangyi,catalog,,DZ0145
KR5a0147,DZ0146,DZ0146 紫陽真人悟真篇講義 Ziyang zhenren wuzhen pian jiangyi +,catalog,,DZ0146
KR5a0148,DZ0147,DZ0147 靈寶無量度人上品妙經符圖 Lingbao wuliang duren shangpin miaojing futu,catalog,,DZ0147
KR5a0149,DZ0148,DZ0148 無量度人上品妙經旁通圖 Wuliang duren shangpin miaojing bangtong tu,catalog,,DZ0148
KR5a0150,DZ0149,DZ0149 修真太極混元圖 Xiuzhen taiji hunyuan tu,catalog,,DZ0149
KR5a0151,DZ0150,DZ0150 修真太極混元指玄圖 Xiuzhen taiji hunyuan zhixuan tu,catalog,,DZ0150
KR5a0152,DZ0151,DZ0151 金液還丹印證圖 Jinye huandan yinzheng tu,catalog,,DZ0151
KR5a0153,DZ0152,DZ0152 修真歷驗鈔圖 Xiuzhen liyan chaotu,catalog,,DZ0152
KR5a0154,DZ0153,DZ0153 龍虎手鑑圖 Longhu shoujian tu,catalog,,DZ0153
KR5a0155,DZ0154,DZ0154 上清太玄九陽圖 Shangqing taixuan jiuyang tu,catalog,,DZ0154
KR5a0156,DZ0155,DZ0155 三才定位圖 Sancai dingwei tu,catalog,,DZ0155
KR5a0157,DZ0156,DZ0156 上清洞真九宮紫房圖 Shangqing dongzhen jiugong zifang tu,catalog,,DZ0156
KR5a0158,DZ0157,DZ0157 周易圖 Zhouyi tu,catalog,,DZ0157
KR5a0159,DZ0158,DZ0158 大易象數鉤深圖 Dayi xiangshu goushen tu,catalog,,DZ0158
KR5a0160,DZ0159,DZ0159 易數鉤隱圖 Yishu gouyin tu,catalog,,DZ0159
KR5a0161,DZ0160,DZ0160 易數鉤隱圖遺論九事 Yishu gouyin tu yilun jiushi,catalog,,DZ0160
KR5a0162,DZ0161,DZ0161 易象圖說內篇 Yixiang tushuo neipian,catalog,,DZ0161
KR5a0163,DZ0162,DZ0162 易象圖說外篇 Yixiang tushuo waipian,catalog,,DZ0162
KR5a0164,DZ0163,DZ0163 玄元十子圖 Xuanyuan shizi tu,catalog,,DZ0163
KR5a0165,DZ0164,DZ0164 上清三尊譜錄 Shangqing sanzun pulu,catalog,,DZ0164
KR5a0166,DZ0165,DZ0165 靈寶自然九天生神三寶大有金書 Lingbao ziran jiutian shengshen sanbao dayou jinshu,catalog,,DZ0165
KR5a0167,DZ0166,DZ0166 元始上真眾仙記 Yuanshi shangzhen zhongxian ji,catalog,,DZ0166
KR5a0168,DZ0167,DZ0167 洞玄靈寶真靈位業圖 Zhenling weiye tu,catalog,,DZ0167
KR5a0169,DZ0168,DZ0168 元始高上玉檢大錄 Yuanshi gaoshang yujian dalu,catalog,,DZ0168
KR5a0170,DZ0169,DZ0169 清河內傳 Qinghe neizhuan,catalog,,DZ0169
KR5a0171,DZ0170,DZ0170 梓潼帝君化書 Zitong dijun huashu,catalog,,DZ0170
KR5a0172,DZ0171,DZ0171 清微仙譜 Qingwei xianpu,catalog,,DZ0171
KR5a0173,DZ0172,DZ0172 三茅真君加封事典 Sanmao zhenjun jiafeng shidian,catalog,,DZ0172
KR5a0174,DZ0173,DZ0173 金蓮正宗記 Jinlian zhengzong ji,catalog,,DZ0173
KR5a0175,DZ0174,DZ0174 金蓮正宗仙源像傳 Jinlian zhengzong xianyuan xiangzhuan,catalog,,DZ0174
KR5a0176,DZ0175,DZ0175 七真年譜 Qizhen nianpu,catalog,,DZ0175
KR5a0177,DZ0176,DZ0176 玄風慶會錄 Xuanfeng qinghui lu,catalog,,DZ0176
KR5a0178,DZ0177,DZ0177 太上洞真智慧上品大誡 Taishang dongzhen zhihui shangpin dajie +,catalog,,DZ0177
KR5a0179,DZ0178,DZ0178 三洞眾戒文 Sandong zhongjie wen,catalog,,DZ0178
KR5a0180,DZ0179,DZ0179 太微靈書紫文仙忌真記上經 Taiwei lingshu ziwen xianji zhenji shangjing +,catalog,,DZ0179
KR5a0181,DZ0180,DZ0180 虛皇天尊初真十戒文 Xuhuang tianzun chuzhen shijie wen,catalog,,DZ0180
KR5a0182,DZ0181,DZ0181 太上九真妙戒金籙度命拔罪妙經 Taishang jiuzhen miaojie jinlu duming bazui miaojing,catalog,,DZ0181
KR5a0183,DZ0182,DZ0182 太上十二上品飛天法輪勸戒妙經 Taishang shier shangpin feitian falun quanjie miaojing +,catalog,,DZ0182
KR5a0184,DZ0183,DZ0183 太極真人說二十四門戒經 Taiji zhenren shuo ershisi men jiejing +,catalog,,DZ0183
KR5a0185,DZ0184,DZ0184 太真玉帝四極明科經 Taizhen yudi siji mingke jing,catalog,,DZ0184
KR5a0186,DZ0185,DZ0185 赤松子中誡經 Chisongzi zhongjie jing +,catalog,,DZ0185
KR5a0187,DZ0186,DZ0186 太微仙君旦L格 Taiwei xianjun gongguo ge,catalog,,DZ0186
KR5a0188,DZ0187,DZ0187 太清五十八願文 Taiqing wushiba yuanwen +,catalog,,DZ0187
KR5a0189,DZ0188,DZ0188 玄都律文 Xuandu lüwen +,catalog,,DZ0188
KR5a0190,DZ0189,DZ0189 太上靈寶朝天謝罪大懺 Taishang lingbao chaotian xiezui dachan,catalog,,DZ0189
KR5a0191,DZ0190,DZ0190 太上玉清謝罪登真寶懺 Taishang yuqing xiezui dengzhen baochan,catalog,,DZ0190
KR5a0192,DZ0191,DZ0191 太上上清禳災延壽寶懺 Taishang shangqing rangzai yanshou baochan,catalog,,DZ0191
KR5a0193,DZ0192,DZ0192 太上泰清拔罪昇天寶懺 Taishang taiqing bazui shengtian baochan,catalog,,DZ0192
KR5a0194,DZ0193,DZ0193 玉皇宥罪錫福寶懺 Yuhuang youzui xifu baochan,catalog,,DZ0193
KR5a0195,DZ0194,DZ0194 高上玉皇滿願寶懺 Gaoshang yuhuang manyuan baochan,catalog,,DZ0194
KR5a0196,DZ0195,DZ0195 九天應元雷聲普化天尊玉樞寶懺 Jiutian yingyuan leisheng puhua tianzun yushu baochan,catalog,,DZ0195
KR5a0197,DZ0196,DZ0196 雷霆玉樞宥罪法懺 Leiting yushu youzui fachan,catalog,,DZ0196
KR5a0198,DZ0197,DZ0197 玉皇十七慈光燈儀 Yuhuang shiqi ciguang deng yi,catalog,,DZ0197
KR5a0199,DZ0198,DZ0198 上清十一大曜燈儀 Shangqing shiyi dayao dengyi,catalog,,DZ0198
KR5a0200,DZ0199,DZ0199 南斗延壽燈儀 Nandou yanshou dengyi,catalog,,DZ0199
KR5a0201,DZ0200,DZ0200 北斗七元星燈儀 Beidou qi yuanxing dengyi,catalog,,DZ0200
KR5a0202,DZ0201,DZ0201 北斗本命延壽燈儀 Beidou benming yanshou dengyi,catalog,,DZ0201
KR5a0203,DZ0202,DZ0202 三官燈儀 Sanguan dengyi,catalog,,DZ0202
KR5a0204,DZ0203,DZ0203 玄都燈儀 Xuandi dengyi,catalog,,DZ0203
KR5a0205,DZ0204,DZ0204 九天三茅司命仙燈儀 Jiutian sanmao siming xian dengyi,catalog,,DZ0204
KR5a0206,DZ0205,DZ0205 萬靈燈儀 Wanling dengyi,catalog,,DZ0205
KR5a0207,DZ0206,DZ0206 五顯靈觀大帝燈儀 Wuxian lingguan dadi dengyi,catalog,,DZ0206
KR5a0208,DZ0207,DZ0207 土司燈儀 Tusi dengyi,catalog,,DZ0207
KR5a0209,DZ0208,DZ0208 東廚司命燈儀 Dongchu siming dengyi,catalog,,DZ0208
KR5a0210,DZ0209,DZ0209 正一瘟司辟毒神燈儀 Zhengyi wensi pidu shen dengyi,catalog,,DZ0209
KR5a0211,DZ0210,DZ0210 離明端象燈儀 Liming duanxiang dengyi,catalog,,DZ0210
KR5a0212,DZ0211,DZ0211 黃籙九陽梵氣燈儀 Huanglu jiuyang fanqi dengyi,catalog,,DZ0211
KR5a0213,DZ0212,DZ0212 黃籙九卮燈儀 Huanglu jiue dengyi,catalog,,DZ0212
KR5a0214,DZ0213,DZ0213 黃籙破獄燈儀 Huanglu poyu dengyi,catalog,,DZ0213
KR5a0215,DZ0214,DZ0214 黃籙五苦輪燈儀 Huanglu wuku lun dengyi,catalog,,DZ0214
KR5a0216,DZ0215,DZ0215 地府十王拔度儀 Difu shiwang badu yi,catalog,,DZ0215
KR5a0217,DZ0216,DZ0216 上清天寶齋初夜儀 Shangqing tianbao zhaichu yeyi,catalog,,DZ0216
KR5a0218,DZ0217,DZ0217 太乙火府奏祈禳儀 Taiyi huofu zougao qirang yi,catalog,,DZ0217
KR5a0219,DZ0218,DZ0218 清微玄樞奏告儀 Qingwei xuanshu zougao yi,catalog,,DZ0218
KR5a0220,DZ0219,DZ0219 靈寶無量度人上經大法 Lingbao wuliang duren dafa,catalog,,DZ0219
KR5a0221,DZ0220,DZ0220 無上玄元三天玉堂大法 Wushang xuanyuan santian yutang dafa,catalog,,DZ0220
KR5a0222,DZ0221,DZ0221 無上三天玉堂正宗高奔內景玉書 Wushang santian yutang zhengzong gaoben neijing yushu,catalog,,DZ0221
KR5a0223,DZ0222,DZ0222 清微神烈秘法 Qingwei shenlie bifa,catalog,,DZ0222
KR5a0224,DZ0223,DZ0223 清微元降大法 Qingwei yuanjiang dafa,catalog,,DZ0223
KR5a0225,DZ0224,DZ0224 清微齋法 Qingwei zhaifa,catalog,,DZ0224
KR5a0226,DZ0225,DZ0225 太上九要心印妙經 Taishang jiuyao xinyin miaojing,catalog,,DZ0225
KR5a0227,DZ0226,DZ0226 紫元君授道傳心法 Ziyuan jun shoudao chuanxin fa,catalog,,DZ0226
KR5a0228,DZ0227,DZ0227 真龍虎九仙經 Zhen longhu jiuxian jing,catalog,,DZ0227
KR5a0229,DZ0228,DZ0228 龍虎中丹訣 Jiuhuan qifan longhu jindan xili zhenjue,catalog,,DZ0228
KR5a0230,DZ0229,DZ0229 九還七返龍虎金丹析理真訣 Longhu jindan zhenjue,catalog,,DZ0229
KR5a0231,DZ0230,DZ0230 諸真論還丹訣 Zhu zhen lun huandan jue,catalog,,DZ0230
KR5a0232,DZ0231,DZ0231 真一金丹訣 Zhenyi jindan jue,catalog,,DZ0231
KR5a0233,DZ0232,DZ0232 還丹秘訣養赤子神方 Huandan bijue Yangchizi shenfang,catalog,,DZ0232
KR5a0234,DZ0233,DZ0233 還丹眾仙論 Huandan zhongxian lun,catalog,,DZ0233
KR5a0235,DZ0234,DZ0234 修丹妙用至理論 Xiudan miaoyong zhili lun,catalog,,DZ0234
KR5a0236,DZ0235,DZ0235 丹經極論 Danjing jilun,catalog,,DZ0235
KR5a0237,DZ0236,DZ0236 金晶論 Jinjing lun,catalog,,DZ0236
KR5a0238,DZ0237,DZ0237 還丹顯妙通幽集 Huandan xianmiao tongyou ji,catalog,,DZ0237
KR5a0239,DZ0238,DZ0238 元陽子金液集 Yuanyangzi jinye ji,catalog,,DZ0238
KR5a0240,DZ0239,DZ0239 還丹金液歌註 Huandan jinye ge zhu,catalog,,DZ0239
KR5a0241,DZ0240,DZ0240 玉清金笥青華秘文金寶內鍊丹訣 Yuqing jinsi qinghua biwen jinbao neilian danjue,catalog,,DZ0240
KR5a0242,DZ0241,DZ0241 碧虛子親傳直指 Bixuzi qinzhuan zhizhi,catalog,,DZ0241
KR5a0243,DZ0242,DZ0242 紙舟先生全真直指 Zhizhou xiansheng quanzhen zhizhi,catalog,,DZ0242
KR5a0244,DZ0243,DZ0243 陳虛白規中指南 Chen Xubai guizhong zhinan,catalog,,DZ0243
KR5a0245,DZ0244,DZ0244 大丹直指 Dadan zhizhi +,catalog,,DZ0244
KR5a0246,DZ0245,DZ0245 玉谿子丹經指要 Yuqizi danjing zhiyao,catalog,,DZ0245
KR5a0247,DZ0246,DZ0246 西山群仙會真記 Xishan qunxian huizhen ji,catalog,,DZ0246
KR5a0248,DZ0247,DZ0247 會真集 Huizhen ji,catalog,,DZ0247
KR5a0249,DZ0248,DZ0248 啟真集 Qizhen ji,catalog,,DZ0248
KR5a0250,DZ0249,DZ0249 中和集 Zhonghe ji +,catalog,,DZ0249
KR5a0251,DZ0250,DZ0250 三天易髓 Santian yisui,catalog,,DZ0250
KR5a0252,DZ0251,DZ0251 全真集玄秘要 Quanzhen ji xuanbi yao,catalog,,DZ0251
KR5a0253,DZ0252,DZ0252 谷神篇 Gushen pian,catalog,,DZ0252
KR5a0254,DZ0253,DZ0253 金闕帝君三元真一經 Jinque dijun sanyuan zhenyi jing,catalog,,DZ0253
KR5a0255,DZ0254,DZ0254 大洞金華玉經 Dadong jinhua yujing,catalog,,DZ0254
KR5a0256,DZ0255,DZ0255 太微靈書紫文琅玕華丹神真上經 Taiwei lingshu ziwen lianggan huadan shenzhen shangjing,catalog,,DZ0255
KR5a0257,DZ0256,DZ0256 玉景九天金霄威神王祝太元上經 Yujing jiutian jinxiao weishen wangzhu taiyuan shangjing,catalog,,DZ0256
KR5a0258,DZ0257,DZ0257 洞真太微黃書九天八籙真文 Dongzhen taiwei huangshu jiutian balu zhenwen,catalog,,DZ0257
KR5a0259,DZ0258,DZ0258 太玄八景籙 Taixuan bajing lu,catalog,,DZ0258
KR5a0260,DZ0259,DZ0259 陶真人內丹賦 Tao zhenren neidan fu,catalog,,DZ0259
KR5a0261,DZ0260,DZ0260 擒玄賦 Qinxuan fu,catalog,,DZ0260
KR5a0262,DZ0261,DZ0261 金丹賦 Jindan fu,catalog,,DZ0261
KR5a0263,DZ0262,DZ0262 谷神賦 Gushen fu,catalog,,DZ0262
,DZ0263.01,DZ0263a 修真十書雜著指玄篇(宋-石泰) :nopin:,,,DZ0263.01
KR5a0264,DZ0263,DZ0263b 修真十書金丹大成集(元-蕭廷芝) :nopin:,kanripo_DZID,,DZ0263
,DZ0263.17,DZ0263d 修真十書雜著捷徑 :nopin:,,,DZ0263.17
,DZ0263.26,DZ0263e 修真十書悟真篇 :nopin:,,,DZ0263.26
,DZ0263.31,DZ0263f 修真十書玉隆集(宋-白玉蟾) :nopin:,,,DZ0263.31
,DZ0263.37,DZ0263g 修真十書上清集 :nopin:,,,DZ0263.37
,DZ0263.45,DZ0263h 修真十書武夷集 :nopin:,,,DZ0263.45
,DZ0263.53,DZ0263i 修真十書盤山語錄(元-王志謹) :nopin:,,,DZ0263.53
,DZ0263.58,DZ0263j 修真十書黃庭內景五臟六腑圖(唐-胡愔) :nopin:,,,DZ0263.58
KR5a0276,DZ0264,DZ0264 真氣還元銘 Zhenqi huanyuan ming +,catalog,,DZ0264
KR5a0277,DZ0265,DZ0265 還丹歌訣 Huandan ge jue,catalog,,DZ0265
KR5a0278,DZ0266,DZ0266 金液還丹百問訣 Huandan baiwen jue,catalog,,DZ0266
KR5a0279,DZ0267,DZ0267 上乘修真三要 Shangsheng xiuzhen sanyao,catalog,,DZ0267
KR5a0280,DZ0268,DZ0268 乾元子三始論 Qianyuanzi sanshi lun,catalog,,DZ0268
KR5a0281,DZ0269,DZ0269 至真龍虎大丹詩 Zhizhenzi longhu dadan shi,catalog,,DZ0269
KR5a0282,DZ0270,DZ0270 破迷正道歌 Pomi zhengdao ge,catalog,,DZ0270
KR5a0283,DZ0271,DZ0271 太玄朗然子進道詩 Taixuan Langranzi jindao shi,catalog,,DZ0271
KR5a0284,DZ0272,DZ0272 了明篇 Liaoming pian,catalog,,DZ0272
KR5a0285,DZ0273,DZ0273 明道篇 Mingdao pian,catalog,,DZ0273
KR5a0286,DZ0274,DZ0274 真仙秘傳火候法 Zhenxian bichuan huohou fa,catalog,,DZ0274
KR5a0287,DZ0275,DZ0275 三極至命筌蹄 Sanji zhiming quanti,catalog,,DZ0275
KR5a0288,DZ0276,DZ0276 析疑指迷論 Xiyi zhimi lun,catalog,,DZ0276
KR5a0289,DZ0277,DZ0277 修真精義雜論 Xiuzhen jingyi zalun,catalog,,DZ0277
KR5a0290,DZ0278,DZ0278 清微丹訣 Qingwei danjue,catalog,,DZ0278
KR5a0291,DZ0279,DZ0279 先天金丹大道玄奧口訣 Xiantian jindan dadao xuanao koujue,catalog,,DZ0279
KR5a0292,DZ0280,DZ0280 金液大丹口訣 Jinye dadan koujue,catalog,,DZ0280
KR5a0293,DZ0281,DZ0281 抱一子三峰老人丹訣 Baoyizi Sanfeng laoren danjue,catalog,,DZ0281
KR5a0294,DZ0282,DZ0282 黃帝宅經 Huangdi zhejing,catalog,,DZ0282
KR5a0295,DZ0283,DZ0283 黃帝龍首經 Huangdi longshou jing,catalog,,DZ0283
KR5a0296,DZ0284,DZ0284 黃帝金匱玉衡經 Huangdi jinkui yuheng jing,catalog,,DZ0284
KR5a0297,DZ0285,"DZ0285 黃帝授三子玄女經 Huangdi Shousanzi xuannü, jing",catalog,,DZ0285
KR5a0298,DZ0286,DZ0286 太上登真三矯靈應經 Taishang dengzhen sanjiao lingying jing,catalog,,DZ0286
KR5a0299,DZ0287,DZ0287 通占大象曆星經 Tongzhan daxiang lixing jing,catalog,,DZ0287
KR5a0300,DZ0288,DZ0288 靈臺經 Lingtai jing,catalog,,DZ0288
KR5a0301,DZ0289,DZ0289 秤星靈臺秘要經 Chengxing lingtai biyao jing,catalog,,DZ0289
KR5a0302,DZ0290,DZ0290 廣黃帝本行記 Guang Huangdi benxing ji,catalog,,DZ0290
KR5a0303,DZ0291,DZ0291 穆天子傳 Mutianzi zhuan,catalog,,DZ0291
KR5a0304,DZ0292,DZ0292 漢武帝內傳 Han Wudi neizhuan,catalog,,DZ0292
KR5a0305,DZ0293,DZ0293 漢武帝外傳 Han Wudi waizhuan +,catalog,,DZ0293
KR5a0306,DZ0294,DZ0294 列仙傳 Liexian zhuan,catalog,,DZ0294
KR5a0307,DZ0295,DZ0295 續仙傳 Xuxian zhuan,catalog,,DZ0295
KR5a0308,DZ0296,DZ0296 歷世真仙體道通鑑 Lishi zhenxian tidao tongjian,catalog,,DZ0296
KR5a0309,DZ0297,DZ0297 歷史真仙體道通鑑續篇 Lishi zhenxian tidao tongjian xupian,catalog,,DZ0297
KR5a0310,DZ0298,DZ0298 歷世真仙體道通鑑後集 Lishi zhenxian tidao tongjian houji,catalog,,DZ0298
KR5a0311,DZ0299,DZ0299 疑仙傳 Yixian zhuan,catalog,,DZ0299
KR5a0312,DZ0300,DZ0300 華陽陶隱居內傳 Huayang Tao Yinju neizhuan,catalog,,DZ0300
KR5a0313,DZ0301,DZ0301 桓真人升神記 Huan zhenren shengxian ji,catalog,,DZ0301
KR5a0314,DZ0302,DZ0302 周氏冥通記 Zhoushi mingtong ji,catalog,,DZ0302
KR5a0315,DZ0303,DZ0303 紫陽真人內傳 Ziyang zhenren neizhuan,catalog,,DZ0303
KR5a0316,DZ0304,DZ0304 茅山志 Maoshan zhi,catalog,,DZ0304
KR5a0317,DZ0305,DZ0305 純陽帝君神化妙通紀 Chunyang dijun shenhua miaotong ji,catalog,,DZ0305
KR5a0318,DZ0306,DZ0306 太華希夷志 Taihua xiyi zhi,catalog,,DZ0306
KR5a0319,DZ0307,DZ0307 西嶽華山誌 Xiyue Huashan zhi,catalog,,DZ0307
KR5a0320,DZ0308,DZ0308 凝陽董真人遇仙記 Ning Yangdong zhenren yuxian ji,catalog,,DZ0308
KR5a0321,DZ0309,DZ0309 諸師真誥 Zhushi zhen'gao,catalog,,DZ0309
KR5a0322,DZ0310,DZ0310 金籙齋三洞讚詠儀 Jin luzhai sandong zanyong yi,catalog,,DZ0310
KR5a0323,DZ0311,DZ0311 黃帝陰符經頌 Huangdi yinfu jing song,catalog,,DZ0311
KR5a0324,DZ0312,DZ0312 太上昇玄消災護命妙經頌 Taishang shengxuan xiaozai huming miaojing song,catalog,,DZ0312
KR5a0325,DZ0313,DZ0313 生天經頌解 Shengtian jing songjie,catalog,,DZ0313
KR5a0326,DZ0314,DZ0314 三洞讚頌靈章 Sandong zansong lingzhang,catalog,,DZ0314
KR5a0327,DZ0315,DZ0315 宋真宗御製玉京集 Song Zhenzong yuzhi yujing ji,catalog,,DZ0315
KR5a0328,DZ0316,DZ0316 太上濟度章赦 Taishang jidu zhangshe,catalog,,DZ0316
KR5b0001,DZ0317,DZ0317 靈寶天尊說洪恩靈濟真君妙經 Lingbao tianzun shuo Hong'en lingji zhenjun,catalog,,DZ0317
KR5b0002,DZ0318,DZ0318 洞玄靈寶自然九天生神章經 Dongxuan lingbao ziran jiutian shengshen zhangjing,catalog,,DZ0318
KR5b0003,DZ0319,DZ0319 洞玄靈寶本相運度劫期經 Dongxuan lingbao benxiang yundu jieqi jing,catalog,,DZ0319
KR5b0004,DZ0320,DZ0320 洞玄靈寶丹水飛術運度小劫妙經 Dongxuan lingbao danshui feishu yundu xiaojie miaojing,catalog,,DZ0320
KR5b0005,DZ0321,DZ0321 洞玄靈寶諸天世界造化經 Dongxuan lingbao zhutian shijie zaohua jing,catalog,,DZ0321
KR5b0006,DZ0322,DZ0322 太上洞玄靈寶天地運度自然妙經 Taishang dongxuan lingbao tiandi yundu ziran miaojing,catalog,,DZ0322
KR5b0007,DZ0323,DZ0323 太上洞玄靈寶三元無量壽經 Taishang dongxuan lingbao sanyuan wuliang shoujing,catalog,,DZ0323
KR5b0008,DZ0324,DZ0324 上清五常變通萬化鬱冥經 Shangqing wuchang biantong wanhua yuming jing,catalog,,DZ0324
KR5b0009,DZ0325,DZ0325 太上洞玄靈寶智慧定志通微經 Taishang dongxuan lingbao zhihui dingzhi tongwei jing,catalog,,DZ0325
KR5b0010,DZ0326,DZ0326 太上洞玄靈寶觀妙經 Taishang dongxuan lingbao guanmiao jing,catalog,,DZ0326
KR5b0011,DZ0327,DZ0327 太上洞玄靈寶天尊說大通經 Taishang dongxuan lingbao tianzun shuo datong jing,catalog,,DZ0327
KR5b0012,DZ0328,DZ0328 太上洞玄靈寶護諸童子經 Taishang dongxuan lingbao huzhu tongzi jing,catalog,,DZ0328
KR5b0013,DZ0329,DZ0329 太上洞玄靈寶開演秘密藏經 Taishang dongxuan lingbao kaiyan bimi zangjing,catalog,,DZ0329
KR5b0014,DZ0330,DZ0330 太上洞玄靈寶真文要解上經 Taishang dongxuan lingbao zhenwen yaojie shangjing,catalog,,DZ0330
KR5b0015,DZ0331,DZ0331 太上黃庭內景玉經 Taishang huangting neijing yujing +,catalog,,DZ0331
KR5b0016,DZ0332,DZ0332 太上黃庭外景玉經 Taishang huangting waijing jing +,catalog,,DZ0332
KR5b0017,DZ0333,DZ0333 靈寶天尊說祿庫受生經 Lingbao tianzun shuo luku shousheng jing,catalog,,DZ0333
KR5b0018,DZ0334,DZ0334 太上靈寶元陽妙經 Taishang lingbao yuanyang miaojing,catalog,,DZ0334
KR5b0019,DZ0335,DZ0335 太上洞淵神咒經 Taishang dongyuan shenzhou jing,catalog,,DZ0335
KR5b0020,DZ0336,DZ0336 太上洞玄靈寶業報因緣經 Taishang dongxuan lingbao yebao yinyuan jing,catalog,,DZ0336
KR5b0021,DZ0337,DZ0337 太上洞玄靈寶十號未w因緣妙經 Taishang dongxuan lingbao shihao gongde yinyuan miaojing,catalog,,DZ0337
KR5b0022,DZ0338,DZ0338 太上洞玄靈寶宿命因緣明經 Taishang dongxuan lingbao suming yinyuan miaojing,catalog,,DZ0338
KR5b0023,DZ0339,DZ0339 太上洞玄靈寶出家因緣經 Taishang dongxuan lingbao chujia yinyuan jing,catalog,,DZ0339
KR5b0024,DZ0340,DZ0340 太上洞玄靈寶轉神度命經 Taishang dongxuan lingbao zhuanshen duming jing,catalog,,DZ0340
KR5b0025,DZ0341,DZ0341 太上洞玄靈寶十師度人妙經 Taishang dongxuan lingbao shishi duren miaojing,catalog,,DZ0341
KR5b0026,DZ0342,DZ0342 太上洞玄靈寶太玄普慈勸世經 Taishang dongxuan lingbao taixuan puci quanshi jing,catalog,,DZ0342
KR5b0027,DZ0343,DZ0343 太上洞玄靈寶四方大願經 Taishang dongxuan lingbao sifang dayuan jing,catalog,,DZ0343
KR5b0028,DZ0344,DZ0344 太上洞玄靈寶智慧本願大戒上品經 Taishang dongxuan lingbao zhihui benyuan dajie shangpin jing,catalog,,DZ0344
KR5b0029,DZ0345,DZ0345 太上洞玄靈寶誡業本行上品妙經 Taishang dongxuan lingbao jieye benxing shangpin miaojing +,catalog,,DZ0345
KR5b0030,DZ0346,DZ0346 太上洞玄靈寶真一勸誡法輪妙經 Taishang dongxuan lingbao zhenyi quanjie falun miaojing,catalog,,DZ0346
KR5b0031,DZ0347,DZ0347 太上玄一真人說妙通轉神入定經 Taishang xuanyi zhenren shuo miaotong zhuanshen ruding jing,catalog,,DZ0347
KR5b0032,DZ0348,DZ0348 太上玄一真人說勸誡法輪妙經 Taishang xuanyi zhenren shuo quanjie falun miaojing,catalog,,DZ0348
KR5b0139,DZ0455,DZ0455 太上玄一真人說三途五苦勸戒經 Taishang xuanyi zhenren shuo santu wuku quanjie jing,catalog,,DZ0455
KR5b0033,DZ0349,DZ0349 太上洞玄靈寶法燭經 Taishang dongxuan lingbao fazhuo jing,catalog,,DZ0349
KR5b0034,DZ0350,DZ0350 太上靈寶智慧觀身經 Taishang lingbao zhihui guanshen jing,catalog,,DZ0350
KR5b0035,DZ0351,DZ0351 太一救苦護身妙經 Taiyi jiuku hushen miaojing,catalog,,DZ0351
KR5b0036,DZ0352,DZ0352 太上洞玄靈寶赤書玉訣妙經 Taishang dongxuan lingbao chishu yujue,catalog,,DZ0352
KR5b0037,DZ0353,DZ0353 上清金匱玉鏡修真指玄妙經 Shangqing jinkui yujing xiuzhen zhixuan miaojing,catalog,,DZ0353
KR5b0038,DZ0354,DZ0354 上清三元玉檢三元布經 Shangqing sanyuan yujian sanyuan bujing,catalog,,DZ0354
KR5b0039,DZ0355,DZ0355 太上洞玄靈寶福日妙經 Taishang dongxuan lingbao furi miaojing,catalog,,DZ0355
KR5b0040,DZ0356,DZ0356 洞玄靈寶上師說救護身命經 Dongxuan lingbao shangshi shuo jiuhu shenming jing,catalog,,DZ0356
KR5b0041,DZ0357,DZ0357 太上靈寶天尊說讓災蚺抶剋 Taishang lingbao tianzun rangzai du'e jing,catalog,,DZ0357
KR5b0042,DZ0358,DZ0358 太上神咒延壽妙經 Taishang shenzhou yanshou miaojing,catalog,,DZ0358
KR5b0043,DZ0359,DZ0359 太上洞玄靈寶消禳火災經 Taishang dongxuan lingbao xiaorang huozai jing,catalog,,DZ0359
KR5b0044,DZ0360,DZ0360 太上洞玄靈寶天尊說養蠶營種經 Taishang dongxuan lingbao tianzun shuo yangcan yingzhong jing,catalog,,DZ0360
KR5b0045,DZ0361,DZ0361 太上洞玄靈寶八威召龍妙經 Taishang dongxuan lingbao bawei zhaolong miaojing,catalog,,DZ0361
KR5b0046,DZ0362,DZ0362 太上洞玄靈寶說請雨龍王經 Taishang dongyuan shuo qingyu longwang jing,catalog,,DZ0362
KR5b0047,DZ0363,DZ0363 太上召諸神龍安鎮墳墓經 Taishang zhaozhu shenlong anzhen fenmu jing,catalog,,DZ0363
KR5b0048,DZ0364,DZ0364 太上靈寶補謝灶王經 Taishang lingbao buxie zaowang jing,catalog,,DZ0364
KR5b0049,DZ0365,DZ0365 太上說利益蠶王妙經 Taishang shuo liyi canwang miaojing,catalog,,DZ0365
KR5b0050,DZ0366,DZ0366 太上說牛黃妙經 Taishang shuo niuguang miaojing,catalog,,DZ0366
KR5b0051,DZ0367,DZ0367 上清洞玄明燈上經 Shangqing dongxuan mingdeng shangjing,catalog,,DZ0367
KR5b0052,DZ0368,DZ0368 太上洞玄靈元上經 Taishang dongxuan lingyuan shangjing,catalog,,DZ0368
KR5b0053,DZ0369,DZ0369 太上洞玄靈寶滅度五鍊生尸妙經 Taishang dongxuan lingbao miedu wulian shengshi miaojing,catalog,,DZ0369
KR5b0054,DZ0370,DZ0370 太上洞玄靈寶三元玉京玄都大獻經 Taishang dongxuan lingbao sanyuan yujing xuandu daxian jing,catalog,,DZ0370
KR5b0055,DZ0371,DZ0371 太上洞玄靈寶三塗五苦拔度生死妙經 Taishang dongxuan lingbao santu wuku badu shengsi miaojing,catalog,,DZ0371
KR5b0056,DZ0372,DZ0372 太上道君說解冤拔度妙經 Taishang daojun shuo jieyuan badu miaojing,catalog,,DZ0372
KR5b0057,DZ0373,DZ0373 太上洞玄靈寶往生救苦妙經 Taishang dongxuan lingbao wangsheng jiuku miaojing,catalog,,DZ0373
KR5b0058,DZ0374,DZ0374 太上洞玄靈寶救苦妙經 Taishang dongxuan lingbao jiuku miaojing,catalog,,DZ0374
KR5b0059,DZ0375,DZ0375 太上洞玄靈寶天尊說濟苦經 Taishang dongxuan lingbao tianzun shuo jiku jing,catalog,,DZ0375
KR5b0060,DZ0376,DZ0376 太上洞玄靈寶淨供妙經 Taishang dongxuan lingbao jinggong miaojing,catalog,,DZ0376
KR5b0061,DZ0377,DZ0377 太上靈寶洪福滅罪像名經 Taishang lingbao hongfu miezui xiangming jing,catalog,,DZ0377
KR5b0062,DZ0378,DZ0378 太上洐崢天尊說消愆滅罪經 Taishang jiuku tianzun shuo xiaoqian miezui jing,catalog,,DZ0378
KR5b0063,DZ0379,DZ0379 太上說酆都拔苦愈樂妙經 Taishang shuo Fengdu baku yule miaojing,catalog,,DZ0379
KR5b0064,DZ0380,DZ0380 洞玄靈寶道要經 Dongxuan lingbao daoyao jing,catalog,,DZ0380
KR5b0065,DZ0381,DZ0381 洞玄靈寶飛仙上品妙經 Dongxuan lingbao feixian shangpin miaojing,catalog,,DZ0381
KR5b0067,DZ0383,DZ0383 太上七星神咒經 Taishang qixing shenzhou jing,catalog,,DZ0383
KR5b0068,DZ0384,DZ0384 太上虛黃保生神咒經 Taishang xuhuang baosheng shenzhou jing,catalog,,DZ0384
KR5b0069,DZ0385,DZ0385 太上洞玄三洞開天風雷禹步制魔神咒經 Taishang dongxuan sandong kaitian fenglei yubu zhimo shenzhou jing,catalog,,DZ0385
KR5b0070,DZ0386,DZ0386 太上洞玄三昧帝心光明正印太極紫微伏魔制鬼拯救惡道集福吉祥神咒 Taishang dongyuan sanmei dixin guangming zhengyin taiji ziwei fumo zhigui zhengjiu edao jifu jixiang shenzhou,catalog,,DZ0386
KR5b0071,DZ0387,DZ0387 太上三生解冤妙經 Taishang sansheng jieyuan miaojing,catalog,,DZ0387
KR5b0066,DZ0382,DZ0382 太上靈寶天尊說延壽妙經 Taishang lingbao tianzun shuo yanshou miaojing,catalog,,DZ0382
KR5b0072,DZ0388,DZ0388 太上靈寶五符序 Taishang lingbao wufu xu,catalog,,DZ0388
KR5b0073,DZ0389,DZ0389 太上洞玄靈寶素靈真符 Taishang dongxuan lingbao suling zhenfu,catalog,,DZ0389
KR5b0074,DZ0390,DZ0390 太上洞玄靈寶五嶽神符 Taishang dongxuan lingbao wuyue shenfu,catalog,,DZ0390
KR5b0075,DZ0391,DZ0391 上清金母求仙上法 Shangqing jinmu qiuxian shangfa,catalog,,DZ0391
KR5b0076,DZ0392,DZ0392 上清豁落七元符 Shangqing huoluo qiyuan fu,catalog,,DZ0392
KR5b0077,DZ0393,DZ0393 太上洞玄靈寶大綱鈔 Taishang dongxuan lingbao dagang chao,catalog,,DZ0393
KR5b0078,DZ0394,DZ0394 上清太一金闕玉璽金真紀 Shangqing taiyi jinque yuxi jinzhen ji,catalog,,DZ0394
KR5b0079,DZ0395,DZ0395 太上洞玄靈寶投簡符文要訣 Taishang dongxuan lingbao toujian fuwen yaojue,catalog,,DZ0395
KR5b0080,DZ0396,DZ0396 洞玄靈寶自然九天生神章經解義 Dongxuan lingbao ziran jiutian shengshen zhangjing jieyi,catalog,,DZ0396
KR5b0081,DZ0397,DZ0397 洞玄靈寶自然九天生神玉章經解 Dongxuan lingbao ziran jiutian shengshen yu zhangjing jie,catalog,,DZ0397
KR5b0082,DZ0398,DZ0398 洞玄靈寶自然九天生神章經註 Dongxuan lingbao ziran jiutian shengshen zhangjing zhu,catalog,,DZ0398
KR5b0083,DZ0399,DZ0399 太上洞玄靈寶天尊說救苦妙經註解 Taishang dongxuan lingbao tianzun shuo jiuku miaojing,catalog,,DZ0399
KR5b0084,DZ0400,DZ0400 洞玄靈寶定觀經註 Dongxuan lingbao dingguan jing zhu,catalog,,DZ0400
KR5b0085,DZ0401,DZ0401 黃庭內景玉經註 Huangting neijing yujing zhu,catalog,,DZ0401
KR5b0086,DZ0402,DZ0402 黃庭內景玉經註 Huangting neijing yujing zhu,catalog,,DZ0402
KR5b0087,DZ0403,DZ0403 黃庭外景玉經註 Huangting waijing yujing zhu,catalog,,DZ0403
KR5b0088,DZ0404,DZ0404 上清丹元玉真帝皇飛仙上經 Shangqing danyuan yuzhen dihuang feixian shangjing,catalog,,DZ0404
KR5b0089,DZ0405,DZ0405 上清紫精君皇初紫靈道君洞房上經 Shangqing zijing junhuang chu ziling daojun dongfang shangjing,catalog,,DZ0405
KR5b0090,DZ0406,DZ0406 上清紫微帝君南極元君玉經寶訣 Shangqing ziwei dijun nanji yuanjun yujing baojue,catalog,,DZ0406
KR5b0091,DZ0407,DZ0407 靈寶大鍊內旨行持機要 Lingbao dalian neizhi xingchi jiyao,catalog,,DZ0407
KR5b0092,DZ0408,DZ0408 上清胎精記解結行事訣 Shangqing taijing ji jiejie xingshi jue,catalog,,DZ0408
KR5b0093,DZ0409,DZ0409 上清華晨三奔玉訣 Shangqing huachen sanben yujue,catalog,,DZ0409
KR5b0094,DZ0410,DZ0410 太上洞玄靈寶眾簡文 Taishang dongxuan lingbao zhongjian wen,catalog,,DZ0410
KR5b0095,DZ0411,DZ0411 太上洞玄靈寶五帝醮祭招真玉訣 Taishang dongxuan lingbao wudi jiaoji zhaozhen yujue,catalog,,DZ0411
KR5b0096,DZ0412,DZ0412 上清佩符文青券訣 Shangqing peifu wen qingquan jue,catalog,,DZ0412
KR5b0097,DZ0413,DZ0413 上清佩符文白券訣 Shangqing peifu wen baiquan jue,catalog,,DZ0413
KR5b0098,DZ0414,DZ0414 上清佩符文絳券訣 Shangqing peifu wen jiangquan jue,catalog,,DZ0414
KR5b0099,DZ0415,DZ0415 上清佩符文黑券訣 Shangqing peifu wen heiquan jue,catalog,,DZ0415
KR5b0100,DZ0416,DZ0416 上清佩符文黃券訣 Shangqing peifu wen huangquan jue,catalog,,DZ0416
KR5b0101,DZ0417,DZ0417 太上大道三元品誡謝罪上法 Taishang dadao sanyuan pinjie xiezui shangfa,catalog,,DZ0417
KR5b0102,DZ0418,DZ0418 固氣還神九轉瓊丹論 Guqi huanshen jiuzhuan qiongdan lun,catalog,,DZ0418
KR5b0103,DZ0419,DZ0419 靈寶眾真丹訣 Lingbao zhongzhen danjue,catalog,,DZ0419
KR5b0104,DZ0420,DZ0420 神仙服餌丹石行藥法 Shenxian fuer danshi xingyao fa,catalog,,DZ0420
KR5b0105,DZ0421,DZ0421 登真隱訣 Dengzhen yinjue +,catalog,,DZ0421
KR5b0106,DZ0422,DZ0422 上清三真旨要玉訣 Shangqing sanzhen zhiyao yujue,catalog,,DZ0422
KR5b0107,DZ0423,DZ0423 上清洞真解過訣 Shangqing dongzhen jieguo jue,catalog,,DZ0423
KR5b0108,DZ0424,DZ0424 上清明堂元真經訣 Shangqing mingtang yuanzhen jing jue,catalog,,DZ0424
KR5b0109,DZ0425,DZ0425 上清太極隱注玉經寶訣 Shangqing taiji yinzhu yujing baojue,catalog,,DZ0425
KR5b0110,DZ0426,DZ0426 上清太上八素真經 Shangqing taishang basu zhenjing,catalog,,DZ0426
KR5b0111,DZ0427,DZ0427 上清修皜夙訣 Shangqing xiuxing jing jue,catalog,,DZ0427
KR5b0112,DZ0428,DZ0428 太上飛行九晨玉經 Taishang feixing jiuchen yujing,catalog,,DZ0428
KR5b0113,DZ0429,DZ0429 上清長生寶鑑圖 Shangqing changsheng baojian tu,catalog,,DZ0429
KR5b0114,DZ0430,DZ0430 上清八道秘言圖 Shangqing badao biyan tu,catalog,,DZ0430
KR5b0115,DZ0431,DZ0431 上清含象劍鑑圖 Shangqing hanxiang jianjian tu,catalog,,DZ0431
KR5b0116,DZ0432,DZ0432 黃庭內景五臟六腑補瀉圖 Huangting neijing wuzang liufu buxie tu,catalog,,DZ0432
KR5b0117,DZ0433,DZ0433 七域修真證品圖 Qiyu xiuzhen zhengpin tu,catalog,,DZ0433
KR5b0118,DZ0434,DZ0434 玄覽人鳥山經圖 Xuanlan renniao shanjing tu,catalog,,DZ0434
KR5b0119,DZ0435,DZ0435 太上玉晨鬱儀結璘奔日月圖 Taishang yuchen yuyi jielin ben riyue tu,catalog,,DZ0435
KR5b0120,DZ0436,DZ0436 上方大洞真元妙經品 Shangfang dadong zhenyuan miaojing pin,catalog,,DZ0436
KR5b0121,DZ0437,DZ0437 上方大洞真元妙經圖 Shangfang dadong zhenyuan miaojing tu,catalog,,DZ0437
KR5b0122,DZ0438,DZ0438 上方大洞真元陰陽陟降圖書後解 Shangfang dadong zhenyuan yinyang zhijiang tushu houjie,catalog,,DZ0438
KR5b0123,DZ0439,DZ0439 上方大洞真元圖書繼說終篇 Shangfang dadong zhenyuan tushu jishuo zhongpian,catalog,,DZ0439
KR5b0124,DZ0440,DZ0440 酗茈v真君圖傳 Xu taishi zhenjun tuzhuan,catalog,,DZ0440
KR5b0125,DZ0441,DZ0441 洞玄靈寶五嶽古本真形圖 Dongxuan lingbao wuyue guben zhenxing tu,catalog,,DZ0441
KR5b0126,DZ0442,DZ0442 上清後聖道君列紀 Shangqing housheng daojun lieji,catalog,,DZ0442
KR5b0127,DZ0443,DZ0443 上清高上玉真眾道綜監寶諱 Shangqing gaoshang yuzhen zhongdao zongjian baohui,catalog,,DZ0443
KR5b0128,DZ0444,DZ0444 洞玄靈寶三師記 Dongxuan lingbao sanshi ji,catalog,,DZ0444
KR5b0129,DZ0445,DZ0445 洞玄靈寶三師名諱形狀居觀方所文 Dongxuan lingbao sanshi minghui xingzhuang juguan fangsuo wen,catalog,,DZ0445
KR5b0130,DZ0446,DZ0446 上清眾經諸真聖秘 Shangqing zhongjing zhuzhen shengbi,catalog,,DZ0446
KR5b0131,DZ0447,DZ0447 陳u君仙傳 Xu zhenjun xianzhuan,catalog,,DZ0447
KR5b0132,DZ0448,DZ0448 西山陳u君八十五化錄 Xishan Xu zhenjun bashiwu hualu,catalog,,DZ0448
KR5b0133,DZ0449,DZ0449 孝道吳酗G真君傳 Xiaodao Wu Xu er zhenjun zhuan,catalog,,DZ0449
KR5b0134,DZ0450,DZ0450 太極葛仙公傳 Taiji Ge xiangong zhuan,catalog,,DZ0450
KR5b0135,DZ0451,DZ0451 雲阜山申仙翁傳 Yunfu shan Shen xianweng zhuan,catalog,,DZ0451
KR5b0136,DZ0452,DZ0452 南嶽九真人傳 Nanyue Jiu zhenren zhuan,catalog,,DZ0452
KR5b0137,DZ0453,DZ0453 南嶽小錄 Nanyue xiaolu,catalog,,DZ0453
KR5b0138,DZ0454,DZ0454 太上洞玄靈寶上品戒經 Taishang dongxuan lingbao shangpin jiejing,catalog,,DZ0454
KR5b0140,DZ0456,DZ0456 太上洞玄靈寶三元品戒未w輕重經 Taishang dongxuan lingbao sanyuan pinjie gongde qingzhong jing +,catalog,,DZ0456
KR5b0141,DZ0457,DZ0457 太上洞玄靈寶智慧罪根上品大戒經 Taishang dongxuan lingbao zhihui zuigen shangpin dajie jing +,catalog,,DZ0457
KR5b0142,DZ0458,DZ0458 上清眾真教戒德行經 Shangqing zhongzhen jiaojie dexing jing,catalog,,DZ0458
KR5b0143,DZ0459,DZ0459 洞玄靈寶天尊說十戒經 Dongxuan lingbao tianzun shuo shijie jing +,catalog,,DZ0459
KR5b0144,DZ0460,DZ0460 太上洞玄靈寶宣戒首悔眾罪保護經 Taishang dongxuan lingbao xuanjie shouhui zhongzui baohu jing,catalog,,DZ0460
KR5b0145,DZ0461,DZ0461 上清骨髓靈文鬼律 Shangqing gusui lingwen guilü,catalog,,DZ0461
KR5b0146,DZ0462,DZ0462 太上洞玄靈寶法身製論 Taishang dongxuan lingbao fashen zhilun,catalog,,DZ0462
KR5b0147,DZ0463,DZ0463 要修科儀戒律鈔 Yaoxiu keyi jielü chao,catalog,,DZ0463
KR5b0148,DZ0464,DZ0464 齋戒籙 Zhaijie lu,catalog,,DZ0464
KR5b0149,DZ0465,DZ0465 靈寶領教濟度金書目錄 Lingbao lingjiao jidu jinshu mulu,catalog,,DZ0465
KR5b0150,DZ0466,DZ0466 靈寶領教濟度金書 Lingbao lingjiao jidu jinshu,catalog,,DZ0466
KR5b0151,DZ0467,DZ0467 大明玄教立成齋醮儀 Daming xuanjiao licheng zhaijiao yi,catalog,,DZ0467
KR5b0152,DZ0468,DZ0468 洪恩靈濟真君自然行道儀 Hong'en lingji zhenjun ziran xingdao yi,catalog,,DZ0468
KR5b0153,DZ0469,DZ0469 洪恩靈濟真君集福宿啟儀 Hong'en lingji zhenjun jifu suqi yi,catalog,,DZ0469
KR5b0154,DZ0470,DZ0470 洪恩靈濟真君集福早朝儀 Hong'en lingji zhenjun jifu zaochao yi,catalog,,DZ0470
KR5b0155,DZ0471,DZ0471 洪恩靈濟真君集福午朝儀 Hong'en lingji zhenjun jifu wuchao yi,catalog,,DZ0471
KR5b0156,DZ0472,DZ0472 洪恩靈濟真君集福晚朝儀 Hong'en lingji zhenjun jifu wanchao yi,catalog,,DZ0472
KR5b0157,DZ0473,DZ0473 洪恩靈濟真君祈謝設醮科 Hong'en lingji zhenjun qixie shejiao ke,catalog,,DZ0473
KR5b0158,DZ0474,DZ0474 洪恩靈濟真君禮願文 Hong'en lingji zhenjun liyuan wen,catalog,,DZ0474
KR5b0159,DZ0475,DZ0475 洪恩靈濟真君七政星燈儀 Hong'en lingji zhenjun qizheng xingdeng yi,catalog,,DZ0475
KR5b0160,DZ0476,DZ0476 洪恩靈濟真君事實 Hong'en lingji zhenjun shishi,catalog,,DZ0476
KR5b0161,DZ0477,DZ0477 羅天大醮早朝儀 Luotian dajiao zaochao yi,catalog,,DZ0477
KR5b0162,DZ0478,DZ0478 羅天大醮午朝儀 Luotian dajiao wuchao yi,catalog,,DZ0478
KR5b0163,DZ0479,DZ0479 羅天大醮晚朝儀 Luotian dajiao wanchao yi,catalog,,DZ0479
KR5b0164,DZ0480,DZ0480 羅天大醮設醮儀 Luotian dajiao shejiao yi,catalog,,DZ0480
KR5b0165,DZ0481,DZ0481 玄門報孝追薦儀 Xuanmen baoxiao zhuijian yi,catalog,,DZ0481
KR5b0166,DZ0482,DZ0482 諸師聖誕沖舉酌獻儀 Zhushi shengdan chongju zhuoxian yi,catalog,,DZ0482
KR5b0167,DZ0483,DZ0483 金籙齋啟壇儀 Jinlu zhaiqi tan yi,catalog,,DZ0483
KR5b0168,DZ0484,DZ0484 金籙大齋宿啟儀 Jinlu dazhai suqi yi,catalog,,DZ0484
KR5b0169,DZ0485,DZ0485 金籙大齋啟盟儀 Jinlu dazhai qiming yi,catalog,,DZ0485
KR5b0170,DZ0486,DZ0486 金籙大齋補職說戒儀 Jinlu dazhai buzhi shuojie yi,catalog,,DZ0486
KR5b0171,DZ0487,DZ0487a 金籙早朝儀 :nopin:,kanripo_DZID,,DZ0487
KR5b0174,DZ0488,DZ0488 金籙齋懺方儀 Jinlu zhaichan fangyi,catalog,,DZ0488
KR5b0175,DZ0489,DZ0489 金籙解壇儀 Jinlu jietan yi,catalog,,DZ0489
KR5b0176,DZ0490,DZ0490 金籙設醮儀 Jinlu shejiao yi,catalog,,DZ0490
KR5b0177,DZ0491,DZ0491 金籙放生儀 Jinlu fangsheng yi,catalog,,DZ0491
KR5b0178,DZ0492,DZ0492a 金籙祈禱早朝儀 :nopin:,kanripo_DZID,,DZ0492
KR5b0181,DZ0493,DZ0493 金籙上壽三獻儀 Jinlu shangshou sanxian yi,catalog,,DZ0493
KR5b0182,DZ0494,DZ0494 金籙延壽設醮儀 Jinlu yanshou shejiao yi,catalog,,DZ0494
KR5b0183,DZ0495,DZ0495a 玄靈轉經早朝行道儀 :nopin:,kanripo_DZID,,DZ0495
KR5b0186,DZ0496,DZ0496a 金籙十迴度人早朝開收儀 :nopin:,kanripo_DZID,,DZ0496
KR5b0189,DZ0497,DZ0497a 金籙十迴度人早朝轉經儀 :nopin:,kanripo_DZID,,DZ0497
KR5b0192,DZ0498,DZ0498 金籙齋投簡儀 Jinlu zhaitou jianyi,catalog,,DZ0498
KR5b0193,DZ0499,DZ0499 玉籙資度宿啟儀 Yulu zidu suqi yi,catalog,,DZ0499
KR5b0194,DZ0500,DZ0500 玉籙資度解壇儀 Yulu zidu jietan yi,catalog,,DZ0500
KR5b0195,DZ0501,DZ0501 玉籙資度設醮儀 Yulu zidu shejiao yi,catalog,,DZ0501
KR5b0196,DZ0502,DZ0502a 玉籙資度早朝儀 :nopin:,kanripo_DZID,,DZ0502
KR5b0199,DZ0503,DZ0503 玉籙生神資度轉經儀 Yulu shengshen zidu zhuanjing yi,catalog,,DZ0503
KR5b0200,DZ0504,DZ0504 玉籙生神資度開收儀 Yulu shengshen zidu kaishou yi,catalog,,DZ0504
KR5b0201,DZ0505,DZ0505a 玉籙大齋第一日早朝儀 :nopin:,kanripo_DZID,,DZ0505
KR5b0209,DZ0506,DZ0506 玉籙濟幽判解儀 Yulu jiyou panjie yi,catalog,,DZ0506
KR5b0210,DZ0507,DZ0507 太上黃籙齋儀 Taishang huanglu zhaiyi,catalog,,DZ0507
KR5b0211,DZ0508,DZ0508 無上黃籙大齋立成儀 Wushang huanglu dazhai licheng yi,catalog,,DZ0508
KR5b0212,DZ0509,DZ0509 黃籙救苦十齋轉經儀 Huanglu jiuku shizhai zhuanjing yi,catalog,,DZ0509
KR5b0213,DZ0510,DZ0510 黃籙十念儀 Huanglu shinian yi,catalog,,DZ0510
KR5b0214,DZ0511,DZ0511 黃籙五老悼亡儀 Huanglu wulao daowang yi,catalog,,DZ0511
KR5b0215,DZ0512,DZ0512 黃籙齋十天尊儀 Huanglu zhai shi tianzun yi,catalog,,DZ0512
KR5b0216,DZ0513,DZ0513 黃籙齋十洲三島拔度儀 Huanglu zhai shizhou sandao badu yi,catalog,,DZ0513
KR5b0217,DZ0514,DZ0514 黃籙九幽醮無礙夜齋次第儀 Huanglu jiuyou jiao wuai yezhai cidi yi,catalog,,DZ0514
KR5b0218,DZ0515,DZ0515 洞玄靈寶河圖仰謝三十六天齋儀 Dongxuan lingbao hetu yangxie sanshiliu tianzhai yi,catalog,,DZ0515
KR5b0219,DZ0516,DZ0516 洞玄靈寶河圖仰謝三十六土皇齋儀 Dongxuan lingbao hetu yangxie sanshiliu tuhuang zhaiyi,catalog,,DZ0516
KR5b0220,DZ0517,DZ0517 靈寶半景齋儀 Lingbao banjing zhaiyi,catalog,,DZ0517
KR5b0221,DZ0518,DZ0518 神尼挫棬u君禮文 Shengong miaoji zhenjun liwen,catalog,,DZ0518
KR5b0222,DZ0519,DZ0519 太上靈寶玉匱明真齋懺方儀 Taishang lingbao yukui mingzhen zhaichan fangyi,catalog,,DZ0519
KR5b0223,DZ0520,DZ0520 太上靈寶玉匱明真大齋懺方儀 Taishang lingbao yukui mingzhen da zhaichan fangyi,catalog,,DZ0520
KR5b0224,DZ0521,DZ0521 太上靈寶玉匱明真大齋言本� Taishang lingbao yukui mingzhen da zhaiyan gongyi,catalog,,DZ0521
KR5b0225,DZ0522,DZ0522 洞玄度靈寶自然券儀 Dongxuan du lingbao ziran quanyi,catalog,,DZ0522
KR5b0226,DZ0523,DZ0523 洞玄靈寶自然齋儀 Dongxuan lingbao ziran zhaiyi,catalog,,DZ0523
KR5b0227,DZ0524,DZ0524 洞玄靈寶齋說光燭戒罰燈祝願儀 Dongxuan lingbao zhai shuo guangzhu jiefa dengzhu yuanyi,catalog,,DZ0524
KR5b0228,DZ0525,DZ0525 太上洞淵三昧神咒齋懺謝儀 Taishang dongyuan sanmei shenzhou zhaichan xieyi,catalog,,DZ0525
KR5b0229,DZ0526,DZ0526 太上洞淵三昧神咒齋清旦行道儀 Taishang dongyuan sanmei shenzhou zhai qingdan xingdao yi,catalog,,DZ0526
KR5b0230,DZ0527,DZ0527 太上洞淵三昧神咒齋十方懺儀 Taishang dongyuan sanmei shenzhou zhai shifang chan yi,catalog,,DZ0527
KR5b0231,DZ0528,DZ0528 太上洞玄靈寶授度儀 Taishang dongxuan lingbao shoudu yi,catalog,,DZ0528
KR5b0232,DZ0529,DZ0529 靈寶五經提綱 Lingbao wujing tigang,catalog,,DZ0529
KR5b0233,DZ0530,DZ0530 洞玄靈寶玉籙簡文三元威儀自然真經 Dongxuan lingbao yulu jianwen sanyuan weiyi ziran zhenjing,catalog,,DZ0530
KR5b0234,DZ0531,DZ0531 洞玄靈寶鍾磬威儀經 Dongxuan lingbao zhongqing weiyi jing,catalog,,DZ0531
KR5b0235,DZ0532,DZ0532 太極真人敷靈寶齋戒威儀諸經要訣 Taiji zhenren fu lingbao zhaijie weiyi zhujing yaojue,catalog,,DZ0532
KR5b0236,DZ0533,DZ0533 太上靈寶上元天官消愆滅罪懺 Taishang lingbao shangyuan tianguan xiaoqian miezui chan,catalog,,DZ0533
KR5b0237,DZ0534,DZ0534 太上靈寶中元地官消愆滅罪懺 Taishang lingbao zhongyuan diguan xiaoqian miezui chan,catalog,,DZ0534
KR5b0238,DZ0535,DZ0535 太上靈寶下元水官消愆滅罪懺 Taishang lingbao xiayuan shuiguan xiaoqian miezui chan,catalog,,DZ0535
KR5b0239,DZ0536,DZ0536 太上玄司滅罪紫府消災法懺 Taishang xuansi miezui zifu xiaozai fachan,catalog,,DZ0536
KR5b0240,DZ0537,DZ0537 太上消滅地獄昇陟天堂懺 Taishang xiaomie diyu shengzhi tiantang cha,catalog,,DZ0537
KR5b0241,DZ0538,DZ0538 太一救苦天尊說拔度血湖寶懺 Taiyi jiuku tianzun shuo badu xuehu baochan,catalog,,DZ0538
KR5b0242,DZ0539,DZ0539 青玄救苦寶懺 Qingxuan jiuku baochan,catalog,,DZ0539
KR5b0243,DZ0540,DZ0540 慈尊昇度寶懺 Cizun shengdu baochan,catalog,,DZ0540
KR5b0244,DZ0541,DZ0541 東嶽大生寶懺 Dongyue dasheng baochan,catalog,,DZ0541
KR5b0245,DZ0542,DZ0542 太上靈寶十方應號天尊懺 Taishang lingbao shifang yinghao tianzun chan,catalog,,DZ0542
KR5b0246,DZ0543,DZ0543 太上慈悲道場消災九幽懺 Taishang cibei daochang xiaozai jiuyou chan,catalog,,DZ0543
KR5b0247,DZ0544,DZ0544 太上慈悲九幽拔罪懺 Taishang cibei jiuyou bazui chan,catalog,,DZ0544
KR5b0248,DZ0545,DZ0545 太上慈悲道場滅罪水懺 Taishang cibei daochang miezui shuichan,catalog,,DZ0545
KR5b0250,DZ0547,DZ0547 靈寶玉鑑 Lingbao yujian,catalog,,DZ0547
KR5b0251,DZ0548,DZ0548 太極祭鍊內法 Taiji jilian neifa,catalog,,DZ0548
KR5b0253,DZ0549,DZ0549 上清天樞院回車畢道正法 Shangqing tianshu yuan huiche bidao zhengfa,catalog,,DZ0549
KR5b0254,DZ0550,DZ0550 陳u君受鍊形神上清畢道法要節文 Xu zhenjun shoulian xingshen shangqing bidao fayao jiewen,catalog,,DZ0550
KR5b0255,DZ0551,DZ0551 天樞院都司須知令 Tianshu yuandu sixu zhiling,catalog,,DZ0551
KR5b0256,DZ0552,DZ0552 天樞院都司須知格 Tianshu yuandu sixu zhige,catalog,,DZ0552
KR5b0257,DZ0553,DZ0553 靈寶淨明天樞院都司法院須知法文 Lingbao jingming tianshu yuandu sifa yuan xuzhi fawen,catalog,,DZ0553
KR5b0258,DZ0554,DZ0554 靈寶淨明院教師周真公起請畫一 Lingbao jingming yuan jiaoshi zhou zhengong qiqing huayi,catalog,,DZ0554
KR5b0259,DZ0555,DZ0555 高上月官太陰元君孝道仙王靈寶淨明黃素書 Gaoshang yueguan taiyin yuanjun xiaodao xianwang lingbao jingming huangsu shu,catalog,,DZ0555
KR5b0260,DZ0556,DZ0556 靈寶淨明黃素書釋義秘訣 Lingbao jingming huangsu shu shiyi bijue,catalog,,DZ0556
KR5b0261,DZ0557,DZ0557 太上靈寶淨明入道品 Taishang lingbao jingming rudao pin,catalog,,DZ0557
KR5b0262,DZ0558,DZ0558 靈寶淨明院真師密誥 Lingbao jingming yuan zhenshi migao,catalog,,DZ0558
KR5b0264,DZ0559,DZ0559 太上靈寶淨明法印式 Taishang lingbao jingming fayin shi,catalog,,DZ0559
KR5b0266,DZ0561,DZ0561 太上靈寶淨明秘法篇 Taishang lingbao jingming bifa pian,catalog,,DZ0561
KR5b0267,DZ0562,DZ0562 靈寶淨明新修九老神印伏魔秘法 Lingbao jingming xinxiu jiulao shenyin fumo bifa,catalog,,DZ0562
KR5b0268,DZ0563,DZ0563 太上靈寶淨明飛仙度人經法 Taishang lingbao jingming feixian duren jing fa,catalog,,DZ0563
KR5b0269,DZ0564,DZ0564 太上靈寶淨明飛仙度人經法釋例 Taishang lingbao jingming feixian duren jing fa shili,catalog,,DZ0564
KR5b0270,DZ0565,DZ0565 太上淨明院補奏職局太玄度省須知 Taishang jingming yuan buzou zhiju taixuan dusheng xuzhi,catalog,,DZ0565
KR5b0271,DZ0566,DZ0566 上清天心正法 Shangqing tianxin zhengfa,catalog,,DZ0566
KR5b0272,DZ0567,DZ0567 上清北極天心正法 Shangqing beiji tianxin zhengfa,catalog,,DZ0567
KR5b0273,DZ0568,DZ0568 靈寶歸空訣 Lingbao guikong jue,catalog,,DZ0568
KR5b0274,DZ0569,DZ0569 上清大洞九官朝修秘訣上道 Shangqing dadong jiuguan chaoxiu bijue shangdao,catalog,,DZ0569
KR5b0275,DZ0570,DZ0570 靈劍子 Lingjianzi +,catalog,,DZ0570
KR5b0276,DZ0571,DZ0571 靈劍子引導子午記 Lingjianzi yindaozi wuji +,catalog,,DZ0571
KR5b0277,DZ0572,DZ0572 養命機關金丹真訣 Yangming jiguan jindan zhenjue,catalog,,DZ0572
KR5b0278,DZ0573,DZ0573 玄珠歌 Xuanzhu ge,catalog,,DZ0573
KR5b0279,DZ0574,DZ0574 玄珠心鏡註 Xuanzhu xinjing zhu,catalog,,DZ0574
KR5b0280,DZ0575,DZ0575 玄珠心鏡註 Xuanzhu xinjing zhu,catalog,,DZ0575
KR5b0281,DZ0576,DZ0576 抱一函三秘訣 Baoyi hansan bijue,catalog,,DZ0576
KR5b0282,DZ0577,DZ0577 存神固氣論 Cunshen guqi lun,catalog,,DZ0577
KR5b0283,DZ0578,DZ0578 攝生纂錄 Shesheng zuanlu +,catalog,,DZ0578
KR5b0284,DZ0579,DZ0579 養生秘錄 Yangsheng bilu,catalog,,DZ0579
KR5b0285,DZ0580,DZ0580 玄圃山靈?秘錄 Xuanpu shan lingyan bilu,catalog,,DZ0580
KR5b0286,DZ0581,DZ0581 靈寶六丁秘法 Lingbao liuding bifa,catalog,,DZ0581
KR5b0287,DZ0582,DZ0582 魁茪鄞穄答k Kuigang liusuo bifa,catalog,,DZ0582
KR5b0288,DZ0583,DZ0583 太上三辟五解秘法 Taishang sanpi wujie bifa,catalog,,DZ0583
KR5b0289,DZ0584,DZ0584 上清六甲祈禱秘法 Shangqing liujia qidao bifa,catalog,,DZ0584
KR5b0290,DZ0585,DZ0585 貫斗忠孝五雷武侯秘法 Guandou zhongxiao wulei wuhou bifa,catalog,,DZ0585
KR5b0291,DZ0586,DZ0586 黃帝太乙八門入式訣 Huangdi taiyi bamen rushi jue,catalog,,DZ0586
KR5b0292,DZ0587,DZ0587 黃帝太一八門入式秘訣 Huangdi taiyi bamen rushi bijue,catalog,,DZ0587
KR5b0293,DZ0588,DZ0588 黃帝太一八門逆須生死訣 Huangdi taiyi bamen nixu shengsi jue,catalog,,DZ0588
KR5b0294,DZ0589,DZ0589 太上赤文洞神三籙 Taishang chiwen dongshen sanlu,catalog,,DZ0589
KR5b0295,DZ0590,DZ0590 道教靈驗記 Daojiao lingyan ji,catalog,,DZ0590
KR5b0296,DZ0591,DZ0591 錄異記 Luyi ji,catalog,,DZ0591
KR5b0297,DZ0592,DZ0592 神仙感遇傳 Shenxian ganyu zhuan,catalog,,DZ0592
KR5b0298,DZ0593,DZ0593 歷代崇道記 Lidai chongdao ji,catalog,,DZ0593
KR5b0299,DZ0594,DZ0594 體玄真人顯異錄 Tixuan zhenren xianyi lu,catalog,,DZ0594
KR5b0300,DZ0595,DZ0595 江淮異人錄 Jianghuai yiren lu,catalog,,DZ0595
KR5b0301,DZ0596,DZ0596 仙苑編珠 Xianyuan bianzhu,catalog,,DZ0596
KR5b0302,DZ0597,DZ0597 道蹟靈仙記 Daoji lingxian ji,catalog,,DZ0597
KR5b0303,DZ0598,DZ0598 十洲記 Shizhou ji,catalog,,DZ0598
KR5b0304,DZ0599,DZ0599 洞天福地嶽瀆名山記 Dongtian fudi yuedu mingshan ji,catalog,,DZ0599
KR5b0305,DZ0600,DZ0600 梅山觀記 Meishan guan ji,catalog,,DZ0600
KR5b0306,DZ0601,DZ0601 金華赤松山志 Chisong shan zhi,catalog,,DZ0601
KR5b0307,DZ0602,DZ0602 仙都志 Xiandu zhi,catalog,,DZ0602
KR5b0308,DZ0603,DZ0603 天台山志 Tiantai shan zhi,catalog,,DZ0603
KR5b0309,DZ0604,DZ0604 龍瑞觀禹穴陽明洞天圖經 Longrui guan yuxue yangming dongtian tujing,catalog,,DZ0604
KR5b0310,DZ0605,DZ0605 司明洞天丹山圖詠集 Siming dongtian danshan tuyong ji,catalog,,DZ0605
KR5b0311,DZ0606,DZ0606 南嶽總勝集 Nanyue zongsheng ji,catalog,,DZ0606
KR5b0312,DZ0607,DZ0607 玉音法事 Yuyin fashi,catalog,,DZ0607
KR5b0313,DZ0608,DZ0608 上清諸真章頌 Shangqing zhuzhen zhangsong,catalog,,DZ0608
KR5b0314,DZ0609,DZ0609 太上洞天靈寶智慧禮讚 Taishang dongtian lingbao zhihui lizan,catalog,,DZ0609
KR5b0315,DZ0610,DZ0610 靈寶九幽長夜起尸度亡玄章 Lingbao jiuyou changye qishi duwang xuan- zhang,catalog,,DZ0610
KR5b0316,DZ0611,DZ0611 洞玄靈寶六甲玉女上宮歌章 Dongxuan lingbao liujia yunü shanggong gezhang,catalog,,DZ0611
KR5b0317,DZ0612,DZ0612 上清侍帝晨桐柏真人真圖讚 Shangqing shidi Chen Tongbo zhenren zhentu zan,catalog,,DZ0612
KR5b0318,DZ0613,DZ0613 眾仙讚頌靈章 Zhongxian zansong lingzhang,catalog,,DZ0613
KR5b0319,DZ0614,DZ0614 洞玄靈寶昇玄步虛章序疏 Dongxuan lingbao shengxuan buxu zhang xushu,catalog,,DZ0614
KR5b0320,DZ0615,DZ0615 赤松子章曆 Chisongzi zhangli +,catalog,,DZ0615
KR5b0321,DZ0616,DZ0616 廣成集 Guangcheng ji,catalog,,DZ0616
KR5b0322,DZ0617,DZ0617 太上宣慈助化章 Taishang xuanci zhuhua zhang,catalog,,DZ0617
KR5b0323,DZ0618,DZ0618 靈寶淨明院行遣式 Lingbao jingming yuanxing qianshi,catalog,,DZ0618
KR5b0324,DZ0619,DZ0619 天樞院都司須知行遣式 Tianshu yuandu sixu zhixing yishi,catalog,,DZ0619
KR5c0001,DZ0620,DZ0620 太上老君說常清靜妙經 Taishang laojun shuo chang qingjing miaojing,catalog,,DZ0620
KR5c0002,DZ0621,DZ0621 太上玄靈斗姆大聖元君本命延生心經 Taishang xuanling doumu dasheng yuanjun benming yansheng xinjing +,catalog,,DZ0621
KR5c0003,DZ0622,DZ0622 太上玄靈北斗本命延生真經 Taishang xuanling beidou benming yansheng zhenjing,catalog,,DZ0622
KR5c0004,DZ0623,DZ0623 太上玄靈北斗本命長生妙經 Taishang xuanling beidou benming changsheng miaojing,catalog,,DZ0623
KR5c0005,DZ0624,DZ0624 太上說南斗六司延壽度人妙經 Taishang shuo nandou liusi yanshou duren miaojing,catalog,,DZ0624
KR5c0006,DZ0625,DZ0625 太上說東斗主筭護命妙經 Taishang shuo dongdou zhusuan huming miaojing,catalog,,DZ0625
KR5c0007,DZ0626,DZ0626 太上說西斗記名護身妙經 Taishang shuo xidou jiming hushen miaojing,catalog,,DZ0626
KR5c0008,DZ0627,DZ0627 太上說中斗大魁保命妙經 Taishang shuo zhongdou dakui baoming miaojing,catalog,,DZ0627
KR5c0009,DZ0628,DZ0628 太上說中斗大魁掌筭伏魔神咒經 Taishang shuo zhongdou dakui zhangsuan fumo shenzhou jing,catalog,,DZ0628
KR5c0010,DZ0629,DZ0629 太上北斗二十八章經 Taishang beidou ershiba zhangjing,catalog,,DZ0629
KR5c0011,DZ0630,DZ0630 太上老君說救生真經 Taishang laojun shuo jiusheng zhenjing,catalog,,DZ0630
KR5c0012,DZ0631,DZ0631 太上老君說消災經 Taishang laojun shuo xiaozai jing,catalog,,DZ0631
KR5c0013,DZ0632,DZ0632 太上太清天童護命妙經 Taishang taiqing tiantong huming miaojing,catalog,,DZ0632
KR5c0014,DZ0633,DZ0633 太上泰清黃老帝君運雷天童隱梵仙經 Taishang taiqing huanglao dijun yunlei tiantong yinfan xianjing,catalog,,DZ0633
KR5c0015,DZ0634,DZ0634 太上老君說安宅八陽經 Taishang laojun shuo anzhe bayang jing,catalog,,DZ0634
KR5c0016,DZ0635,DZ0635 太上老君說補謝八陽經 Taishang laojun shuo buxie bayang jing,catalog,,DZ0635
KR5c0017,DZ0636,DZ0636 太上說十鍊生神救護經 Taishang shuo shilian shengshen jiuhu jing,catalog,,DZ0636
KR5c0018,DZ0637,DZ0637 太上飛步五星經 Taishang feibu wuxing jing,catalog,,DZ0637
KR5c0019,DZ0638,DZ0638 太上飛步南斗太微玉經 Taishang feibu nandou taiwei yujing,catalog,,DZ0638
KR5c0020,DZ0639,DZ0639 皇天上清金闕帝君靈書紫文上經 Huangtian shangqing jinque dijun lingshu ziwen shangjing,catalog,,DZ0639
KR5c0021,DZ0640,DZ0640 洞神八帝妙精經 Dongshen badi miaojing jing,catalog,,DZ0640
KR5c0022,DZ0641,DZ0641 太上老君內觀經 Taishang laojun neiguan jing +,catalog,,DZ0641
KR5c0023,DZ0642,DZ0642 太上老君說了心經 Taishang laojun shuo liaoxin jing,catalog,,DZ0642
KR5c0024,DZ0643,DZ0643 太上老君內丹經 Taishang laojun neidan jing,catalog,,DZ0643
KR5c0025,DZ0644,DZ0644 太上內丹守一真定經 Taishang neidan shouyi zhending jing,catalog,,DZ0644
KR5c0026,DZ0645,DZ0645 太上老君內日用妙經 Taishang laojun nei riyong miaojing +,catalog,,DZ0645
KR5c0027,DZ0646,DZ0646 太上老君外日用妙經 Taishang laojun wai riyong miaojing +,catalog,,DZ0646
KR5c0028,DZ0647,DZ0647 太上說輪轉五道宿命因緣經 Taishang shuo lunzhuan wudao suming yinyuan jing,catalog,,DZ0647
KR5c0029,DZ0648,DZ0648 太上化道度世仙經 Taishang huadao dushi xianjing,catalog,,DZ0648
KR5c0030,DZ0649,DZ0649 太上老君說天妃救苦靈驗經 Taishang laojun shuo tianfei jiuku lingyan jing,catalog,,DZ0649
KR5c0031,DZ0650,DZ0650 太上老君說長生益筭妙經 Taishang laojun shuo changsheng yisuan miaojing,catalog,,DZ0650
KR5c0032,DZ0651,DZ0651 太上洞神三元妙本福壽真經 Taishang dongshen sanyuan miaoben fushou zhenjing,catalog,,DZ0651
KR5c0033,DZ0652,DZ0652 太上老君說解釋咒詛經 Taishang laojun shuo jieshi zhouzu jing,catalog,,DZ0652
KR5c0034,DZ0653,DZ0653 太上老君說五斗金章受生經 Taishang laojun shuo wudou jinzhang shousheng jing,catalog,,DZ0653
KR5c0035,DZ0654,DZ0654 太上洞神天公消魔護國經 Taishang dongshen tiangong xiaomo huguo jing,catalog,,DZ0654
KR5c0036,DZ0655,DZ0655 太上說紫微神兵護國消魔經 Taishang shuo ziwei shenbing huguo xiaomo jing,catalog,,DZ0655
KR5c0037,DZ0656,DZ0656 太上日月混元經 Taishang riyue hunyuan jing,catalog,,DZ0656
KR5c0038,DZ0657,DZ0657 太上洞神五星諸宿日月混常經 Taishang dongshen wuxing zhusu riyue hunchang jing,catalog,,DZ0657
KR5c0039,DZ0658,DZ0658 太上妙始經 Taishang miaoshi jing,catalog,,DZ0658
KR5c0040,DZ0659,DZ0659 太上浩元經 Taishang haoyuan jing,catalog,,DZ0659
KR5c0041,DZ0660,DZ0660 混元八景真經 Hunyuan bajing zhenjing,catalog,,DZ0660
KR5c0042,DZ0661,DZ0661 老子像名經 Laozi xiangming jing,catalog,,DZ0661
KR5c0043,DZ0662,DZ0662 太上老君說報父母恩重經 Taishang laojun shuo bao fumu enzhong jing,catalog,,DZ0662
KR5c0044,DZ0663,DZ0663 玄天上帝說報父母恩重經 Xuantian shangdi shuo bao fumu enzhong jing,catalog,,DZ0663
KR5c0045,DZ0664,DZ0664 道德真經 Daode zhenjing,catalog,,DZ0664
KR5c0046,DZ0665,DZ0665 道德真古本篇 Daode zhen guben pian,catalog,,DZ0665
KR5c0047,DZ0666,DZ0666 西昇經 Xisheng jing,catalog,,DZ0666
KR5c0048,DZ0667,DZ0667 無上妙道文始真經 Wushang miaodao wenshi zhenjing,catalog,,DZ0667
KR5c0049,DZ0668,DZ0668 沖虛至德真經 Chongxu zhide zhenjing,catalog,,DZ0668
KR5c0050,DZ0669,DZ0669 洞靈真經 Dongling zhenjing,catalog,,DZ0669
KR5c0051,DZ0670,DZ0670 南華真經 Nanhua zhenjing,catalog,,DZ0670
KR5c0052,DZ0671,DZ0671 太上無極大道自然真一五稱符上經 Taishang wuji dadao ziran zhenyi yucheng fu shangjing,catalog,,DZ0671
KR5c0053,DZ0672,DZ0672 太上老君說益筭神符妙經 Taishang laojun shuo yisuan shenfu miaojing,catalog,,DZ0672
KR5c0054,DZ0673,DZ0673 太上老君混元三部符 Taishang laojun hunyuan sanbu fu,catalog,,DZ0673
KR5c0055,DZ0674,DZ0674 無上三元鎮宅靈籙 Wushang sanyuan zhenzhe linglu,catalog,,DZ0674
KR5c0056,DZ0675,DZ0675 上清丹天三氣玉皇六辰飛綱司命大籙 Shangqing dantian sanqi yuhuang liuchen feigang siming dalu,catalog,,DZ0675
KR5c0058,DZ0676,DZ0676 大明太祖高皇帝御註道德真經 Daming Taizu gao huangdi yuzhu daode zhenjing,catalog,,DZ0676
KR5c0059,DZ0677,DZ0677 唐玄宗御註道德真經 Tang Xuanzong yuzhu daode zhenjing,catalog,,DZ0677
KR5c0060,DZ0678,DZ0678 唐玄宗御製道德真經疏 Tang Xuanzong yujie daode zhenjing shu,catalog,,DZ0678
KR5c0062,DZ0679,DZ0679 唐玄宗御製道德真經疏 Tang Xuanzong yujie daode zhenjing shu,catalog,,DZ0679
KR5c0063,DZ0680,DZ0680 宋微宗御解道德真經 Song Weizong yujie daode zhenjing,catalog,,DZ0680
KR5c0064,DZ0681,DZ0681 宋微宗御解道德真經解義 Song Weizong daode zhenjing jieyi,catalog,,DZ0681
KR5c0065,DZ0682,DZ0682 道德真經註 Daode zhenjing zhu,catalog,,DZ0682
KR5c0066,DZ0683,DZ0683 道德真經解 Daode zhenjing jie,catalog,,DZ0683
KR5c0067,DZ0684,DZ0684 道德真經四子古道集解 Daode zhenjing sizi gudao jijie,catalog,,DZ0684
KR5c0068,DZ0685,DZ0685 道德真經傳 Daode zhenjing zhuan,catalog,,DZ0685
KR5c0069,DZ0686,DZ0686 道德真經傳 Daode zhenjing zhuan,catalog,,DZ0686
KR5c0070,DZ0687,DZ0687 道德真經三解 Daode zhenjing sanjie,catalog,,DZ0687
KR5c0071,DZ0688,DZ0688 道德真經直解 Daode zhenjing zhijie,catalog,,DZ0688
KR5c0072,DZ0689,DZ0689 道德真經論 Daode zhenjing lun,catalog,,DZ0689
KR5c0073,DZ0690,DZ0690 道德真經註 Daode zhenjing zhu,catalog,,DZ0690
KR5c0074,DZ0691,DZ0691 道德真經註 Daode zhenjing zhu,catalog,,DZ0691
KR5c0075,DZ0692,DZ0692 道德真經新註 Daode zhenjing xinzhu,catalog,,DZ0692
KR5c0078,DZ0693,DZ0693 道德真經指歸 Daode zhenjing zhigui,catalog,,DZ0693
KR5c0079,DZ0694,DZ0694 道德真經疏義 Daode zhenjing shuyi,catalog,,DZ0694
KR5c0080,DZ0695,DZ0695 道德真經集解 Daode zhenjing jijie,catalog,,DZ0695
KR5c0081,DZ0696,DZ0696 道德真經全解 Daode zhenjing quanjie,catalog,,DZ0696
KR5c0082,DZ0697,DZ0697 道德真經次解 Daode zhenjing cijie,catalog,,DZ0697
KR5c0085,DZ0698,DZ0698 道德真經章句訓頌 Daode zhenjing zhangju xunsong,catalog,,DZ0698
KR5c0086,DZ0699,DZ0699 道德會元 Daode huiyuan,catalog,,DZ0699
KR5c0087,DZ0700,DZ0700 道德真經解 Daode zhenjing jie,catalog,,DZ0700
KR5c0088,DZ0701,DZ0701 道德真經口義 Daode zhenjing kouyi,catalog,,DZ0701
KR5c0089,DZ0702,DZ0702 道德玄經原旨 Daode xuanjing yuanzhi,catalog,,DZ0702
KR5c0090,DZ0703,DZ0703 玄經原旨發揮 Xuanjing yuanzhi fahui,catalog,,DZ0703
KR5c0091,DZ0704,DZ0704 道德真經註 Daode zhenjing zhu,catalog,,DZ0704
KR5c0092,DZ0705,DZ0705 道德真經集解 Daode zhenjing jijie,catalog,,DZ0705
KR5c0093,DZ0706,DZ0706 道德真經集註 Daode zhenjing jizhu,catalog,,DZ0706
KR5c0095,DZ0707,DZ0707 道德真經集註 Daode zhenjing jizhu,catalog,,DZ0707
KR5c0096,DZ0708,DZ0708 道德真經集註釋文 Daode zhenjing jizhu shiwen,catalog,,DZ0708
KR5c0097,DZ0709,DZ0709 道德真經集註雜說 Daode zhenjing jizhu zashuo,catalog,,DZ0709
KR5c0098,DZ0710,DZ0710 道德真經註疏 Daode zhenjing zhushu,catalog,,DZ0710
KR5c0099,DZ0711,DZ0711 道德真經玄德纂疏 Daode zhenjing xuande zuanshu,catalog,,DZ0711
KR5c0100,DZ0712,DZ0712 道德真經集義 Daode zhenjing jiyi,catalog,,DZ0712
KR5c0101,DZ0713,DZ0713 道德經論兵要義述 Daode jinglun bingyao yishu,catalog,,DZ0713
KR5c0102,DZ0714,DZ0714 道德真經藏室纂微篇 Daode zhenjing zangshi zuanwei pian,kanripo_DZID,,DZ0714
KR5c0104,DZ0715,DZ0715 道德真經藏室纂微開題科文疏 Daode zhenjing zangshi zuanwei kaiti kewen shu,catalog,,DZ0715
KR5c0105,DZ0716,DZ0716 道德真經藏室纂微手鈔 Daode zhenjing zangshi zuanwei shouchao,catalog,,DZ0716
KR5c0106,DZ0717,DZ0717 道德真經衍義手鈔 Daode zhenjing yanyi shouchao,catalog,,DZ0717
KR5c0107,DZ0718,DZ0718 道德真經取善集 Daode zhenjing qushan ji,catalog,,DZ0718
KR5c0108,DZ0719,DZ0719 道德真經疏義 Daode zhenjing yijie,catalog,,DZ0719
KR5c0109,DZ0720,DZ0720 道德真經註 Daode zhenjing jiyi dazhi,catalog,,DZ0720
KR5c0110,DZ0721,DZ0721 道德真經義解 Daode zhenjing guangsheng yi,catalog,,DZ0721
KR5c0111,DZ0722,DZ0722 道德真經註 Daode zhenjing zhu,catalog,,DZ0722
KR5c0113,DZ0724,DZ0724 道德真經集義 Daode zhenjing jiyi,catalog,,DZ0724
KR5c0112,DZ0723,DZ0723 道德真經集義大旨 Daode zhenjing jiyi dazhi,catalog,,DZ0723
KR5c0114,DZ0725,DZ0725 道德真經廣聖義 Daode zhenjing guangsheng yi,catalog,,DZ0725
KR5c0115,DZ0726,DZ0726 西昇經集註 Xisheng jing jizhu +,catalog,,DZ0726
KR5c0116,DZ0727,DZ0727 文始真經註 Wenshi zhenjing zhu,catalog,,DZ0727
KR5c0117,DZ0728,DZ0728 文始真經言外旨 Wenshi zhenjing yanwai zhi,catalog,,DZ0728
KR5c0120,DZ0729,DZ0729 沖虛至德真經O鬲齋口義 Chongxu zhide zhenjing gezhai kouyi,catalog,,DZ0729
KR5c0121,DZ0730,DZ0730 沖虛至德真經解 Chongxu zhide zhenjing jie,catalog,,DZ0730
KR5c0122,DZ0731,DZ0731 沖虛至德真經義解 Chongxu zhide zhenjing yijie,catalog,,DZ0731
KR5c0123,DZ0732,DZ0732 沖虛至德真經四解 Chongxu zhide zhenjing sijie,catalog,,DZ0732
,DZ0733,DZ0733 列子沖虛至德真經釋文 Liezi chongxu zhide zhenjing shiwen,,,DZ0733
KR5c0127,DZ0734,DZ0734 南華真經義海纂微 Nanhua zhenjing yihai zuanwei,catalog,,DZ0734
KR5c0128,DZ0735,DZ0735 南華真經口義 Nanhua zhenjing kouyi,catalog,,DZ0735
KR5c0129,DZ0736,DZ0736 南華真經章句音義 Nanhua zhenjing zhangju yinyi,catalog,,DZ0736
KR5c0130,DZ0737,DZ0737 南華真經章句餘事 Nanhua zhenjing zhangju yushi,catalog,,DZ0737
KR5c0131,DZ0738,DZ0738 南華真經餘事雜錄 Nanhua zhenjing yushi zalu,catalog,,DZ0738
KR5c0132,DZ0739,DZ0739 南華真經直音 Nanhua zhenjing zhiyin,catalog,,DZ0739
KR5c0133,DZ0740,DZ0740 南華邈 Nanhua miao,catalog,,DZ0740
KR5c0134,DZ0741,DZ0741 莊子內篇訂正 Zhuangzi neipian dingzheng,catalog,,DZ0741
KR5c0135,DZ0742,DZ0742 南華真經循本 Nanhua zhenjing xunben,catalog,,DZ0742
KR5c0136,DZ0743,DZ0743 南華真經新傳 Nanhua zhenjing xinzhuan,catalog,,DZ0743
KR5c0137,DZ0744,DZ0744 南華真經拾遺 Nanhua zhenjing shiyi,catalog,,DZ0744
KR5c0139,DZ0745,DZ0745 南華真經註疏 Nanhua zhenjing zhushu,catalog,,DZ0745
KR5c0140,DZ0746,DZ0746 通玄真經 Tongxuan zhenjing,catalog,,DZ0746
KR5c0141,DZ0747,DZ0747 洞靈真經 Dongling zhenjing,catalog,,DZ0747
KR5c0143,DZ0748,DZ0748 通玄真經讚義 Tongxuan zhenjing xuanyi,catalog,,DZ0748
KR5c0145,DZ0749,DZ0749 通玄真經 Tongxuan zhenjing,catalog,,DZ0749
KR5c0146,DZ0750,DZ0750 太上玄靈北斗本命延生真經註 Taishang xuanling beidou benming yansheng zhenjing zhu,catalog,,DZ0750
KR5c0147,DZ0751,DZ0751 太上玄靈北斗本命延生真經註解 Taishang xuanling beidou benming yansheng zhenjing zhujie,catalog,,DZ0751
KR5c0148,DZ0752,DZ0752 太上玄靈北斗本命延生經註 Taishang xuanling beidou benming yansheng jingzhu,catalog,,DZ0752
KR5c0149,DZ0753,DZ0753 北斗七元金玄羽章 Beidou qiyuan jinxuan yujing,catalog,,DZ0753
KR5c0150,DZ0754,DZ0754 太上說玄天大聖真武本傳神咒妙經 Taishang shuo xuantian dasheng zhenwu benzhuan shenzhou miaojing,catalog,,DZ0754
KR5c0151,DZ0755,DZ0755 太上老君說常清靜經註 Taishang laojun shuo chang qingjing miaojing zhu +,catalog,,DZ0755
KR5c0152,DZ0756,DZ0756 太上老君說常清靜經註 Taishang laojun shuo chang qingjing miaojing zhu,catalog,,DZ0756
KR5c0153,DZ0757,DZ0757 太上老君說常清靜經註 Taishang laojun shuo chang qingjing miaojing zhu,catalog,,DZ0757
KR5c0154,DZ0758,DZ0758 太上老君說常清靜經註 Taishang laojun shuo chang qingjing miaojing zhu,catalog,,DZ0758
KR5c0155,DZ0759,DZ0759 太上老君說常清靜經註 Taishang laojun shuo chang qingjing miaojing zhu,catalog,,DZ0759
KR5c0156,DZ0760,DZ0760 太上老君說常清靜妙經纂圖解註 Taishang laojun shuo chang qingjing miaojing zuantu jiezhu +,catalog,,DZ0760
KR5c0157,DZ0761,DZ0761 太上老君元道真經註解 Taishang laojun yuandao zhenjing zhujie,catalog,,DZ0761
KR5c0158,DZ0762,DZ0762 太上太清天童護命妙經註 Taishang taiqing tiantong huming miaojing zhu,catalog,,DZ0762
KR5c0159,DZ0763,DZ0763 太上說五廚經註 Taishang shuo wuchu jing zhu +,catalog,,DZ0763
KR5c0160,DZ0764,DZ0764 太上三元飛星冠禁金書玉籙圖 Taishang sanyuan feixing guanjin jinshu yulu tu,catalog,,DZ0764
KR5c0161,DZ0765,DZ0765 上清金闕帝君五斗三一圖訣 Shangqing jinque dijun wudou sanyi tujue,catalog,,DZ0765
KR5c0162,DZ0766,DZ0766 四氣攝生圖序 Siqi shesheng tuxu,catalog,,DZ0766
KR5c0163,DZ0767,DZ0767 太上通靈八史聖文真形圖 Taishang tongling bashi shengwen zhenxing tu,catalog,,DZ0767
KR5c0164,DZ0768,DZ0768 圖經衍義本草 Tujing yanyi benzhang,catalog,,DZ0768
KR5c0165,DZ0769,DZ0769 圖經衍義本草 Tujing yanyi benzhang,catalog,,DZ0769
KR5c0166,DZ0770,DZ0770 混元聖紀 Hunyuan shengji,catalog,,DZ0770
KR5c0167,DZ0771,DZ0771 太上老君年譜要略 Taishang laojun nianpu yaolue,catalog,,DZ0771
KR5c0168,DZ0772,DZ0772 太上老君金書內序 Taishang laojun jinshu neixu,catalog,,DZ0772
KR5c0169,DZ0773,DZ0773 太上混元老子史略 Taishang hunyuan laozi shilue,catalog,,DZ0773
KR5c0170,DZ0774,DZ0774 猶龍傳 Youlong zhuan,catalog,,DZ0774
KR5c0171,DZ0775,DZ0775 太上說玄天大聖真武本傳神咒妙經 Taishang shuo xuantian dasheng zhenwu benzhuan shenzhou miaojing,catalog,,DZ0775
KR5c0172,DZ0776,DZ0776 真武靈應真君增上佑聖尊號冊文 Zhenwu lingying zhenjun zeng shangyou shengzun haoce wen,catalog,,DZ0776
KR5c0173,DZ0777,DZ0777 章獻明肅皇后受上清畢法籙記 Zhangxian Ming Su huanghou shou shangqing bifa luji,catalog,,DZ0777
KR5c0174,DZ0778,DZ0778 華誘s浮丘王郭三真君事實 Huagai shan Fuqiu Wang Guo san zhenjun shishi,catalog,,DZ0778
KR5c0175,DZ0779,DZ0779 唐葉真人傳 Tangye zhenren zhuan,catalog,,DZ0779
KR5c0176,DZ0780,DZ0780 地祗上將溫太保傳 Dizhi shangjiang wentai baozhuan,kanripo_DZID,,DZ0780
KR5c0178,DZ0781,DZ0781 玄品錄 Xuanpin lu,catalog,,DZ0781
KR5c0179,DZ0782,DZ0782 大滌洞天圖記 Dadi dongtian tuji,catalog,,DZ0782
KR5c0180,DZ0783,DZ0783 墉城集仙錄 Yongcheng jixian lu +,catalog,,DZ0783
KR5c0181,DZ0784,DZ0784 太上老君戒經 Taishang laojun jiejing +,catalog,,DZ0784
KR5c0182,DZ0785,DZ0785 老君音誦誡經 Laojun yinsong jiejing,catalog,,DZ0785
KR5c0183,DZ0786,DZ0786 太上老君經律 Taishang laojun jinglü +,catalog,,DZ0786
KR5c0184,DZ0787,DZ0787 太上經戒 Taishang jingjie,catalog,,DZ0787
KR5c0185,DZ0788,DZ0788 三洞法服科戒文 Sandong fafu kejie wen +,catalog,,DZ0788
KR5c0186,DZ0789,DZ0789 正一法文天師教戒科經 Zhengyi fawen tianshi jiaojie kejing +,catalog,,DZ0789
KR5c0187,DZ0790,DZ0790 女青鬼律 Nüqing guilü +,catalog,,DZ0790
KR5c0188,DZ0791,DZ0791 正一威儀經 Zhengyi weiyi jing,catalog,,DZ0791
KR5c0189,DZ0792,DZ0792 玄門十事威儀 Xuanmen shishi weiyi +,catalog,,DZ0792
KR5c0190,DZ0793,DZ0793 太清道德顯化儀 Taiqing daode xianhua yi,catalog,,DZ0793
KR5c0191,DZ0794,DZ0794 正一解厄醮儀 Zhengyi jie'e jiaoyi,catalog,,DZ0794
KR5c0192,DZ0795,DZ0795 正一出官章儀 Zhengyi chuguan zhangyi,catalog,,DZ0795
KR5c0193,DZ0796,DZ0796 太上三五正一盟威樵硓蝏� Taishang sanwu zhengyi mingwei yuelu jiaoyi,catalog,,DZ0796
KR5c0194,DZ0797,DZ0797 太上正一樵甞� Taishang zhengyi yuelu yi,catalog,,DZ0797
KR5c0195,DZ0798,DZ0798 正一指教齋儀 Zhengyi yuelu yi,catalog,,DZ0798
KR5c0196,DZ0799,DZ0799 正一指教齋清旦行道儀 Zhengyi zhijiao zhai qingdan xingdao yi,catalog,,DZ0799
KR5c0197,DZ0800,DZ0800 正一敕壇儀 Zhengyi chitan yi,catalog,,DZ0800
KR5c0198,DZ0801,DZ0801 正一醮宅儀 Zhengyi jiaozhe yi,catalog,,DZ0801
KR5c0199,DZ0802,DZ0802 正一醮墓儀 Zhengyi jiaomu yi,catalog,,DZ0802
KR5c0200,DZ0803,DZ0803 太上洞神三皇儀 Taishang dongshen sanhuang yi,catalog,,DZ0803
KR5c0201,DZ0804,DZ0804 洞神三皇七十二君齋方懺儀 Dongshen sanhuang qishier jun zhaifang chanyi,catalog,,DZ0804
KR5c0202,DZ0805,DZ0805 太上洞神太元河圖三元仰謝儀 Taishang dongshen taiyuan hetu sanyuan yangxie yi,catalog,,DZ0805
KR5c0203,DZ0806,DZ0806 太上金書玉牒寶章儀 Taishang jinshu yudie baozhang yi,catalog,,DZ0806
KR5c0204,DZ0807,DZ0807 天心正法修真道場設醮儀 Tianxin zhengfa xiuzhen daochang shejiao yi,catalog,,DZ0807
KR5c0205,DZ0808,DZ0808 太上三洞傳授道德經紫虛籙拜表儀 Taishang sandong chuanshou daode jing zixu lu baibiao yi,catalog,,DZ0808
KR5c0206,DZ0809,DZ0809 太上三五傍救醮五帝斷瘟儀 Taishang sanwu bangjiu jiao wudi duanwen yi,catalog,,DZ0809
KR5c0207,DZ0810,DZ0810 太上消災福醮儀 Taishang xiaozai fujiao yi,catalog,,DZ0810
KR5c0208,DZ0811,DZ0811 太上金櫃玉鏡延生洞玄燭幽懺 Taishang jingui yujing yansheng dongxuan youchan,catalog,,DZ0811
KR5c0209,DZ0812,DZ0812 太上瑤臺益算寶籍延年懺 Taishang yaotai yinsuan baoji yannian chan,catalog,,DZ0812
KR5c0210,DZ0813,DZ0813 太上正一朝天三八謝罪法懺 Taishang zhengyi chaotian sanba xiezui fachan,catalog,,DZ0813
KR5c0211,DZ0814,DZ0814 真武靈應護世消災滅罪寶懺 Zhenwu lingying hushi xiaozai miezui baochan,catalog,,DZ0814
KR5c0212,DZ0815,DZ0815 北極真武普慈度世法懺 Beiji Zhenwu puci dushi fachan,catalog,,DZ0815
KR5c0213,DZ0816,DZ0816 北極真武佑聖真君禮文 Beiji Zhenwu yousheng zhenjun liwen,catalog,,DZ0816
KR5c0214,DZ0817,DZ0817 太清中黃真經 Taiqing zhonghuang zhenjing,catalog,,DZ0817
KR5c0215,DZ0818,DZ0818 太清導引養生經 Taiqing daoyin yangsheng jing,catalog,,DZ0818
KR5c0216,DZ0819,DZ0819 太上養生胎息氣經 Taishang yangsheng taixi qijing +,catalog,,DZ0819
KR5c0217,DZ0820,DZ0820 太清調氣經 Taiqing tiaoqi jing +,catalog,,DZ0820
KR5c0218,DZ0821,DZ0821 太上老君養生訣 Taishang laojun yangsheng jue,catalog,,DZ0821
KR5c0219,DZ0822,DZ0822 太清服氣口訣 Taiqing fuqi koujue +,catalog,,DZ0822
KR5c0220,DZ0823,DZ0823 莊周氣訣解 Zhuang Zhou qi juejie +,catalog,,DZ0823
KR5c0221,DZ0824,DZ0824 嵩山太無先生氣經 Songshan taiwu xiansheng qijing +,catalog,,DZ0824
KR5c0222,DZ0825,DZ0825 延陸先生集新舊服氣經 Yan Lu xiansheng ji xinjiu fuqi jing +,catalog,,DZ0825
KR5c0223,DZ0826,DZ0826 諸真聖胎神用訣 Zhuzhen shengtai shenyong jue,catalog,,DZ0826
KR5c0224,DZ0827,DZ0827 胎息抱一歌 Taixi baoyi ge,catalog,,DZ0827
KR5c0225,DZ0828,DZ0828 幻真先生服內元氣訣 Huanzhen xiansheng funei yuanqi jue,catalog,,DZ0828
KR5c0226,DZ0829,DZ0829 胎息精微論 Taixi jingwei lun,catalog,,DZ0829
KR5c0227,DZ0830,DZ0830 服氣精義論 Fuqi jingyi lun,catalog,,DZ0830
KR5c0228,DZ0831,DZ0831 氣法要妙至訣 Qifa yaomiao zhijue +,catalog,,DZ0831
KR5c0229,DZ0832,DZ0832 上清司命茅真君修行指迷訣 Shangqing siming Mao zhenjun xiuxing zhimi jue,catalog,,DZ0832
KR5c0230,DZ0833,DZ0833 神氣養形論 Shenqi yangxing lun,catalog,,DZ0833
KR5c0231,DZ0834,DZ0834 存神鍊氣銘 Cunshen lianqi ming +,catalog,,DZ0834
KR5c0232,DZ0835,DZ0835 保生銘 Baosheng ming +,catalog,,DZ0835
KR5c0233,DZ0836,DZ0836 神仙食氣金櫃妙錄 Shenxian shiqi jingui miaolu +,catalog,,DZ0836
KR5c0234,DZ0837,DZ0837 枕中記 Zhenzhong ji,catalog,,DZ0837
KR5c0235,DZ0838,DZ0838 養帘筒R錄 Yangxing yanming lu +,catalog,,DZ0838
KR5c0236,DZ0839,DZ0839 三洞樞機雜說 Sandong shuji zashuo,catalog,,DZ0839
KR5c0237,DZ0840,DZ0840 彭祖攝生養性論 Pengzu shesheng yangxing lun,catalog,,DZ0840
KR5c0238,DZ0841,DZ0841 孫真人攝養論 Sun zhenren sheyang lun,catalog,,DZ0841
KR5c0239,DZ0842,DZ0842 抱朴子養生論 Baopuzi yangsheng lun,catalog,,DZ0842
KR5c0240,DZ0843,DZ0843 養生詠玄集 Yangsheng yongxuan ji,catalog,,DZ0843
KR5c0241,DZ0844,DZ0844 神仙服食靈草菖蒲丸方 Shenxian fushi lingcao changpu wanfang,catalog,,DZ0844
KR5c0242,DZ0845,DZ0845 上清經真丹秘訣 Shangqing jing zhendan bijue,catalog,,DZ0845
KR5c0243,DZ0846,DZ0846 太清經斷殼法 Taiqing jing duanke fa,catalog,,DZ0846
KR5c0244,DZ0847,DZ0847 太上肘後玉經方 Taishang zhouhou yujing fa,catalog,,DZ0847
KR5c0245,DZ0848,DZ0848 混俗頤生錄 Hunsu yisheng lu,catalog,,DZ0848
KR5c0246,DZ0849,DZ0849 保生要錄 Baosheng yaolu,catalog,,DZ0849
KR5c0247,DZ0850,DZ0850 修真秘錄 Xiuzhen bilu,catalog,,DZ0850
KR5c0248,DZ0851,DZ0851 三元延壽參贊書 Sanyuan yanshou canzan shu,catalog,,DZ0851
KR5c0249,DZ0852,DZ0852 太上保真養生論 Taishang baozhen yangsheng lun,catalog,,DZ0852
KR5c0250,DZ0853,DZ0853 養生辯疑訣 Yangsheng bianyi jue,catalog,,DZ0853
KR5c0251,DZ0854,DZ0854 太上三皇寶齋神仙上錄經 Taishang sanhuang baozhai shenxian shanglu jing,catalog,,DZ0854
KR5c0252,DZ0855,DZ0855 太清金闕玉華仙書八極神章三皇內秘文 Taiqing jinque yuhua xianshu baji shenzhang sanhuang nei biwen,catalog,,DZ0855
KR5c0253,DZ0856,DZ0856 三皇內文遺秘 Sanhuang neiwen yibi,catalog,,DZ0856
KR5c0254,DZ0857,DZ0857 秘藏通玄變化六陰洞微遁甲真經 Bizang tongxuan bianhua liuyin dongwei dunjia zhenjing,catalog,,DZ0857
KR5c0255,DZ0858,DZ0858 太上洞神玄妙白猿真經 Taishang dongshen xuanmiao baiyuan zhenjing,catalog,,DZ0858
KR5c0256,DZ0859,DZ0859 太上洞玄靈印經 Taishang dongxuan lingyin jing,catalog,,DZ0859
KR5c0257,DZ0860,DZ0860 上清鎮元 Shangqing zhenyuan rongling jing,catalog,,DZ0860
KR5c0258,DZ0861,DZ0861 榮靈經 Taishang liuren mingjian fuyin jing,catalog,,DZ0861
KR5c0259,DZ0862,DZ0862 太上六壬明鑑符陰經 Xiandao jing,catalog,,DZ0862
KR5c0260,DZ0863,DZ0863 顯道經神仙鍊丹點鑄三元寶照法 Shenxian liandan dianzhu sanyuan baozhao fa,catalog,,DZ0863
KR5c0261,DZ0864,DZ0864 元陽子五假論 Yuanyangzi wujia lun,catalog,,DZ0864
KR5c0262,DZ0865,DZ0865 太清元極至妙神珠玉顆經 Taiqing yuanji zhimiao shenzhu yuke jing,catalog,,DZ0865
KR5c0263,DZ0866,DZ0866 天老神光經 Tianlao shenguang jing,catalog,,DZ0866
KR5c0264,DZ0867,DZ0867 鬼谷子天髓靈文 Guiguzi tiansui lingwen,catalog,,DZ0867
KR5c0265,DZ0868,DZ0868 先天玄妙玉女太上聖母資傳仙道 Xiantian xuanmiao yunü taishang shengmu zizhuan xiandao,catalog,,DZ0868
KR5c0266,DZ0869,DZ0869 思印氣訣法 Siyin qijue fa,catalog,,DZ0869
KR5c0267,DZ0870,DZ0870 北斗治法武威經 Beidou zhifa wuwei jing,catalog,,DZ0870
KR5c0268,DZ0871,DZ0871 太上除三尸九蟲保生經 Taishang chu sanshi jiuchong baosheng jing,catalog,,DZ0871
KR5c0269,DZ0872,DZ0872 太上老君玄妙枕中內德神咒經 Taishang laojun xuanmiao zhenzhong neide shenzhou jing,catalog,,DZ0872
KR5c0270,DZ0873,DZ0873 黃庭遁甲緣身經 Huangting dunjia yuanshen jing,catalog,,DZ0873
KR5c0271,DZ0874,DZ0874 紫庭內秘訣修行法 Bijue xiuxing fa,catalog,,DZ0874
KR5c0272,DZ0875,DZ0875 太上老君大存思圖注訣 Taishang laojun da cunsi tuzhu jue,catalog,,DZ0875
KR5c0273,DZ0876,DZ0876 太上五星七元空常訣 Taishang wuxing qiyuan kongchang jue,catalog,,DZ0876
KR5c0274,DZ0877,DZ0877 上玄高真延壽赤書 Shangxuan gaozhen yanshou chishu,kanripo_DZID,,DZ0877
KR5c0276,DZ0878,DZ0878 紫團丹經 Zituan danjing,catalog,,DZ0878
KR5c0277,DZ0879,DZ0879 上清金書玉字上經 Shangqing jinshu yuzi shangjing,catalog,,DZ0879
KR5c0278,DZ0880,DZ0880 太清金液神丹經 Taiqing jinye shendan jing,catalog,,DZ0880
KR5c0279,DZ0881,DZ0881 太清石壁記 Taiqing shibi ji,catalog,,DZ0881
KR5c0280,DZ0882,DZ0882 太清金液神氣經 Taiqing jinye shenqi jing,catalog,,DZ0882
KR5c0281,DZ0883,DZ0883 太清經天師口訣 Taiqing jing tianshi koujue,catalog,,DZ0883
KR5c0282,DZ0884,DZ0884 太清修丹秘訣 Taiqing xiudan bijue,catalog,,DZ0884
KR5c0283,DZ0885,DZ0885 黃帝九鼎神丹經訣 Huangdi jiuding shendan jingjue,catalog,,DZ0885
KR5c0284,DZ0886,DZ0886 九轉靈砂大丹資聖玄經 Jiuzhuan lingsha dadan zisheng xuanjing,catalog,,DZ0886
KR5c0285,DZ0887,DZ0887 張真人金石靈砂論 Zhang zhenren jinshi lingsha lun,catalog,,DZ0887
KR5c0286,DZ0888,DZ0888 魏伯陽七返丹砂訣 Wei Boyang qifan dansha jue,catalog,,DZ0888
KR5c0287,DZ0889,DZ0889 太極真人九轉還丹經要訣 Taiji zhenren jiuzhuan huandan jing yaojue,catalog,,DZ0889
KR5c0288,DZ0890,DZ0890 大洞鍊真寶經修伏靈砂妙訣 Dadong lianzhen baojing xiufu lingsha miaojue,catalog,,DZ0890
KR5c0289,DZ0891,DZ0891 大洞鍊真寶經九還金丹妙訣 Dadong lianzhen baojing jiuhuan jindan miaojue,catalog,,DZ0891
KR5c0290,DZ0892,DZ0892 太上衛靈神化九轉丹砂法 Taishang weiling shenhua jiuzhuan dansha fa,catalog,,DZ0892
KR5c0291,DZ0893,DZ0893 九轉靈砂大丹 Jiuzhuan lingsha dadan,catalog,,DZ0893
KR5c0292,DZ0894,DZ0894 九轉青金靈砂丹 Jiuzhuan qingjin lingsha dan,catalog,,DZ0894
KR5c0293,DZ0895,DZ0895 陰陽九轉成紫金點化還丹訣 Yinyang jiuzhuan chengzi jindian huahuan danjue,catalog,,DZ0895
KR5c0294,DZ0896,DZ0896 玉洞大神丹砂真要訣 Yudong dashen dansha zhen yaojue,catalog,,DZ0896
KR5c0295,DZ0897,DZ0897 靈砂大丹秘訣 Lingsha dadan bijue,catalog,,DZ0897
KR5c0296,DZ0898,DZ0898 碧玉朱砂寒林玉樹匱 Biyu zhusha Hanlin yushu kui,catalog,,DZ0898
KR5c0297,DZ0899,DZ0899 大丹記 Dadan ji,catalog,,DZ0899
KR5c0298,DZ0900,DZ0900 丹房須知 Danfang xuzhi,catalog,,DZ0900
KR5c0299,DZ0901,DZ0901 石藥爾雅 Shiyao erya,catalog,,DZ0901
KR5c0300,DZ0902,DZ0902 稚川真人校證術 Zhichuan zhenren jiaozheng shu,catalog,,DZ0902
KR5c0301,DZ0903,DZ0903 純陽呂真人藥石製 Chunyang Lü zhenren yaoshi zhi,catalog,,DZ0903
KR5c0302,DZ0904,DZ0904 金碧五相類參同契 Jinbi wu xianglei cantong qi,catalog,,DZ0904
KR5c0303,DZ0905,DZ0905 參同契五相類秘要 Cantong qi wu xianglei biyao,catalog,,DZ0905
KR5c0304,DZ0906,DZ0906 陰真君金石五相類 Yinzhen jun jinshi wu xianglei,catalog,,DZ0906
KR5c0305,DZ0907,DZ0907 金石簿五九數訣 Jinshi buwu jiushu jue,catalog,,DZ0907
KR5c0306,DZ0908,DZ0908 上清九真中經內訣 Shangqing jiuzhen zhongjing neijue,catalog,,DZ0908
KR5c0307,DZ0909,DZ0909 龍虎還丹訣 Longhu huandan jue,catalog,,DZ0909
KR5c0308,DZ0910,DZ0910 金華玉液大丹 Jinhua yuye dadan,catalog,,DZ0910
KR5c0309,DZ0911,DZ0911 感氣十六轉金丹 Ganqi shiliu zhuan jindan,catalog,,DZ0911
KR5c0310,DZ0912,DZ0912 修鍊大丹要旨 Xiulian dadan yaozhi,catalog,,DZ0912
KR5c0311,DZ0913,DZ0913 通幽訣 Tongyou jue,catalog,,DZ0913
KR5c0312,DZ0914,DZ0914 金華沖碧丹經秘旨 Jinhua chongbi danjing bizhi,kanripo_DZID,,DZ0914
KR5c0314,DZ0915,DZ0915 還丹肘後訣 Huandan zhouhou jue,catalog,,DZ0915
KR5c0315,DZ0916,DZ0916 蓬萊山西灶還丹歌 Penglai shanxi zao huandan ge,catalog,,DZ0916
KR5c0316,DZ0917,DZ0917 抱朴子神仙金汋經 Baopuzi shenxian jinzhuo jing,catalog,,DZ0917
KR5c0318,DZ0918,DZ0918 諸家神品丹法 Zhujia shenpin danfa,catalog,,DZ0918
KR5c0319,DZ0919,DZ0919 鉛汞甲庚至寶集成 Qianhong jiageng zhibao jicheng,catalog,,DZ0919
KR5c0320,DZ0920,DZ0920 丹房奧論 Danfang aolun,catalog,,DZ0920
KR5c0321,DZ0921,DZ0921 指歸集 Zhigui ji,catalog,,DZ0921
KR5c0322,DZ0922,DZ0922 還金述 Huanjin shu,catalog,,DZ0922
KR5c0323,DZ0923,DZ0923 大丹鉛汞論 Dadan qianhong lun,catalog,,DZ0923
KR5c0324,DZ0924,DZ0924 真元妙道要略 Zhenyuan miaodao yaolue,catalog,,DZ0924
KR5c0325,DZ0925,DZ0925 丹方鑑源 Danfang jianyuan,catalog,,DZ0925
KR5c0326,DZ0926,DZ0926 大還丹照鑑 Da huandan zhaojian,catalog,,DZ0926
KR5c0327,DZ0927,DZ0927 太清玉碑子 Taiqing yu beizi,catalog,,DZ0927
KR5c0328,DZ0928,DZ0928 懸解錄 Xuanjie lu,catalog,,DZ0928
KR5c0329,DZ0929,DZ0929 軒轅黃帝水經藥法 Xuanyuan Huangdi shuijing yaofa,catalog,,DZ0929
KR5c0330,DZ0930,DZ0930 三十六水法 Sanshiliu shuifa,catalog,,DZ0930
KR5c0331,DZ0931,DZ0931 巨勝歌 Jusheng ge,catalog,,DZ0931
KR5c0332,DZ0932,DZ0932 白雲仙人靈草歌 Baiyun xianren lingcao ge,catalog,,DZ0932
KR5c0333,DZ0933,DZ0933 種芝草法 Zhongzhi caofa,catalog,,DZ0933
KR5c0334,DZ0934,DZ0934 太白經 Taibai jing,catalog,,DZ0934
KR5c0335,DZ0935,DZ0935 丹論訣旨心鑑 Danlun juezhi xinjian,catalog,,DZ0935
KR5c0336,DZ0936,DZ0936 大還心鑑 Da huanxin jian,catalog,,DZ0936
KR5c0337,DZ0937,DZ0937 大還丹金虎白龍論 Da huandan jinhu bailong lun,catalog,,DZ0937
KR5c0338,DZ0938,DZ0938 大丹篇 Dadan pian,catalog,,DZ0938
KR5c0339,DZ0939,DZ0939 大丹問答 Dadan wenda,catalog,,DZ0939
KR5c0340,DZ0940,DZ0940 金木萬靈論 Jinmu wanling lun,catalog,,DZ0940
KR5c0341,DZ0941,DZ0941 紅鉛入黑鉛訣 Hongqian ru heiqian jue,catalog,,DZ0941
KR5c0342,DZ0942,DZ0942 通玄秘術 Tongxuan bishu,catalog,,DZ0942
KR5c0343,DZ0943,DZ0943 靈飛散傳信錄 Lingfei sanchuan xinlu,catalog,,DZ0943
KR5c0344,DZ0944,DZ0944 雁門公妙解錄 Yingmen gongmiao jielu,catalog,,DZ0944
KR5c0345,DZ0945,DZ0945 玄霜掌上錄 Xuanshuang zhangshang lu,catalog,,DZ0945
KR5c0346,DZ0946,DZ0946 太極真人雜丹藥方 Taiji zhenren zadan yaofang,catalog,,DZ0946
KR5c0347,DZ0947,DZ0947 玉清內書 Yuqing neishu,catalog,,DZ0947
KR5c0348,DZ0948,DZ0948 神仙養生秘術 Shenxian yangsheng bishu,catalog,,DZ0948
KR5c0349,DZ0949,DZ0949 太古土兌經 Taigu tudui jing,catalog,,DZ0949
KR5c0350,DZ0950,DZ0950 上洞心丹經訣 Shangdong xindan jingjue,catalog,,DZ0950
KR5c0351,DZ0951,DZ0951 陳u君石函記 Xu zhenjun shihan ji,catalog,,DZ0951
KR5c0352,DZ0952,DZ0952 九轉流珠神仙九丹經 Jiuzhuan liuzhu shenxian jiudan jing,catalog,,DZ0952
KR5c0353,DZ0953,DZ0953 庚道集 Gengdao ji,catalog,,DZ0953
KR5c0354,DZ0954,DZ0954 太上混元真錄 Taishang hunyuan zhenlu,catalog,,DZ0954
KR5c0355,DZ0955,DZ0955 終南山祖庭仙真內傳 Zhongnan shan zuting xianzhen neizhuan,catalog,,DZ0955
KR5c0356,DZ0956,DZ0956 終南山說經臺歷代真仙碑記 Zhongnan shan shuo jingtai lidai zhenxian beiji,catalog,,DZ0956
KR5c0357,DZ0957,DZ0957 古樓觀紫雲衍慶集 Gu louguan ziyun yanqing ji,catalog,,DZ0957
KR5c0358,DZ0958,DZ0958 玄天上帝啟聖錄 Xuantian shangdi qisheng lu,catalog,,DZ0958
KR5c0359,DZ0959,DZ0959 大明玄天上帝瑞應圖錄 Daming xuantian shangdi ruiying tulu,catalog,,DZ0959
KR5c0361,DZ0961,DZ0961 玄天上帝啟聖靈異錄 Xuantian shangdi qisheng lingyi lu,catalog,,DZ0961
KR5c0362,DZ0962,DZ0962 武當福地總真集 Wudang fudi zongzhen ji,catalog,,DZ0962
KR5c0363,DZ0963,DZ0963 武當紀勝集 Wudang jisheng ji,catalog,,DZ0963
KR5c0364,DZ0964,DZ0964 西川青羊宮碑銘 Xichuan Qingyang gong beiming,catalog,,DZ0964
KR5c0365,DZ0965,DZ0965 宋東太乙宮碑銘 Songdong Taiyi gong beiming,catalog,,DZ0965
KR5c0366,DZ0966,DZ0966 宋西太乙宮碑銘 Songxi Taiyi gong beiming,catalog,,DZ0966
KR5c0367,DZ0967,DZ0967 宋中太乙宮碑銘 Songzhong Taiyi gong beiming,catalog,,DZ0967
KR5c0368,DZ0968,DZ0968 龍角山記 Longjiao shanji,catalog,,DZ0968
KR5c0369,DZ0969,DZ0969 天壇王屋山聖蹟記 Tiantan wang wushan shengji ji,catalog,,DZ0969
KR5c0370,DZ0970,DZ0970 唐王屋山中巖臺正一先生廟碣 Tangwang wushan zhong yantai zhengyi xiansheng miaoyi,catalog,,DZ0970
KR5c0371,DZ0971,DZ0971 唐嵩高山啟母廟碑銘 Tang Songgao shan qimu miao beiming miaoyi,catalog,,DZ0971
KR5c0372,DZ0972,DZ0972 宮觀碑誌 Gongguan beizhi,catalog,,DZ0972
KR5c0373,DZ0973,DZ0973 甘水仙源錄 Ganshui shanyuan lu,catalog,,DZ0973
KR5c0374,DZ0974,DZ0974 太上老君說常清靜經頌註 Taishang laojun shuo chang qingjing jing songzhu,catalog,,DZ0974
KR5c0375,DZ0975,DZ0975 北斗七元金玄羽章 Beidou qiyuan jinxuan yujing,catalog,,DZ0975
KR5c0376,DZ0976,DZ0976 太上洞神五星讚 Taishang dongshen wuxing zan,catalog,,DZ0976
KR5c0377,DZ0977,DZ0977 道經篇章玄頌 Daojing pianzhang xuansong,catalog,,DZ0977
KR5c0378,DZ0978,DZ0978 道德真經頌 Daode zhenjing song,catalog,,DZ0978
KR5c0379,DZ0979,DZ0979 明真破妄章頌 Mingzhen powang zhangsong,catalog,,DZ0979
KR5c0380,DZ0980,DZ0980 諸真歌頌 Zhuzhen gesong,catalog,,DZ0980
KR5c0381,DZ0981,DZ0981 大明御製玄教樂章 Daming yuzhi xuanjiao lezhang,catalog,,DZ0981
KR5c0382,DZ0982,DZ0982 太上三洞表文 Taishang sandong biaowen,catalog,,DZ0982
KR5c0383,DZ0983,DZ0983 萃善錄 Cuishan lu,catalog,,DZ0983
KR5d0001,DZ0984,DZ0984 玄精碧匣靈寶聚玄經 Xuanjing bixia lingbao juxuan jing,catalog,,DZ0984
KR5d0002,DZ0985,DZ0985 太上洞玄靈寶三一五氣真經 Taishang dongxuan lingbao sanyiwu qi zhenjing,catalog,,DZ0985
KR5d0003,DZ0986,DZ0986 太上清靜元洞真文玉字妙經 Taishang qingjing yuandong zhenwen yuzi miaojing,catalog,,DZ0986
KR5d0004,DZ0987,DZ0987 太上洞玄靈寶天關經 Taishang dongxuan lingbao tianguan jing,catalog,,DZ0987
KR5d0005,DZ0988,DZ0988 上清無英真童合遊內變玉經 Shangqing wuying zhentong heyou neibian yujing,catalog,,DZ0988
KR5d0006,DZ0989,DZ0989 上清神寶洞房真諱上經 Shangqing shenbao dongfang zhenhui shangjing,catalog,,DZ0989
KR5d0007,DZ0990,DZ0990 洞玄靈寶九真人五復三歸行道觀門經 Dongxuan lingbao jiu zhenren wufu sangui xingdao guanmen jing,catalog,,DZ0990
KR5d0008,DZ0991,DZ0991 太上長文大洞靈寶幽玄上品妙經 Taishang changwen dadong lingbao youxuan shangpin miaojing,catalog,,DZ0991
KR5d0009,DZ0992,DZ0992 太上長文大洞靈寶幽玄上品妙經發揮 Taishang changwen dadong lingbao youxuan shangpin miaojing fahui,catalog,,DZ0992
KR5d0010,DZ0993,DZ0993 上清秘道九精回曜合神上真玉經 Shangqing bidao jiujing huiyao heshen shangzhen yujing,catalog,,DZ0993
KR5d0011,DZ0994,DZ0994 上清太淵神龍瓊胎乘景上玄玉章 Shangqing taiyuan shenlong qiongtai shengjing shangxuan yuzhang,catalog,,DZ0994
KR5d0012,DZ0995,DZ0995 淵源道妙洞真繼篇 Yuanyuan daomiao dongzhen jipian,catalog,,DZ0995
KR5d0013,DZ0996,DZ0996 古文龍虎經註疏 Guwen longhu jing zhushu,catalog,,DZ0996
KR5d0014,DZ0997,DZ0997 古文龍虎上經註 Guwen longhu shangjing zhu +,catalog,,DZ0997
KR5d0015,DZ0998,DZ0998 讀龍虎經 Longhu shangjing,catalog,,DZ0998
KR5d0016,DZ0999,DZ0999 周易參同契 Zhouyi cantong qi +,catalog,,DZ0999
KR5d0017,DZ1000,DZ1000 周易參同契註 Zhouyi cantong qi jie,catalog,,DZ1000
KR5d0018,DZ1001,DZ1001 周易參同契 Zhouyi cantong qi,catalog,,DZ1001
KR5d0019,DZ1002,DZ1002 周易參同契分章通真義 Zhouyi cantong qi fenzhang tongzhen yi,catalog,,DZ1002
KR5d0020,DZ1003,DZ1003 周易參同契鼎器歌明鏡圖 Zhouyi cantong qi dingqi ge mingjing tu,catalog,,DZ1003
KR5d0021,DZ1004,DZ1004 周易參同契註 Zhouyi cantong qi zhu,catalog,,DZ1004
KR5d0022,DZ1005,DZ1005 周易參同契發揮 Zhouyi cantong qi fahui,catalog,,DZ1005
KR5d0024,DZ1006,DZ1006 周易參同契釋疑釋義 Zhouyi cantong qi shiyi,catalog,,DZ1006
KR5d0025,DZ1007,DZ1007 周易參同契解 Zhouyi cantong qi jie,catalog,,DZ1007
KR5d0027,DZ1008,DZ1008 周易參同契 Zhouyi cantong qi,catalog,,DZ1008
KR5d0028,DZ1009,DZ1009 易外別傳 Yiwai biezhuan,catalog,,DZ1009
KR5d0030,DZ1010,DZ1010 玄牝之門賦 Xuanpin zhi men fu,catalog,,DZ1010
KR5d0031,DZ1011,DZ1011 易筮通變 Yishi tongbian,catalog,,DZ1011
KR5d0034,DZ1014,DZ1014 易圖通變 Yitu tongbian,catalog,,DZ1014
KR5d0035,DZ1015,DZ1015 金鎖流珠引 Jinsuo liuzhu yin,catalog,,DZ1015
KR5d0036,DZ1016,DZ1016 真誥 Zhen'gao,catalog,,DZ1016
KR5d0039,DZ1017,DZ1017 道樞 Daoshu,catalog,,DZ1017
KR5d0040,DZ1018,DZ1018 黃帝內經素問補註釋文 Huangdi neijing suwen buzhu shiwen,catalog,,DZ1018
KR5d0041,DZ1019,DZ1019 黃帝內經靈樞略 Huangdi neijing lingshu lue,catalog,,DZ1019
KR5d0042,DZ1020,DZ1020 黃帝素問靈樞集註 Huangdi suwen lingshu jizhu,catalog,,DZ1020
KR5d0043,DZ1021,DZ1021 黃帝內經素問遺篇 Huangdi neijing suwen yipian,catalog,,DZ1021
KR5d0044,DZ1022,DZ1022 素問入式運氣論奧 Suwen rushi yunqi lun'ao,catalog,,DZ1022
KR5d0045,DZ1023,DZ1023 素問六氣玄珠密語 Suwen liuqi xuanzhu miyu,catalog,,DZ1023
KR5d0047,DZ1024,DZ1024 黃帝八十一難經纂圖句解 Huangdi bashiyi nanjing zuantu jujie,catalog,,DZ1024
KR5d0048,DZ1025,DZ1025 鬼谷子 Guiguzi,catalog,,DZ1025
KR5d0049,DZ1026,DZ1026 天隱子 Tianyinzi +,catalog,,DZ1026
KR5d0050,DZ1027,DZ1027 素履子 Sulüzi,catalog,,DZ1027
KR5d0051,DZ1028,DZ1028 無能子 Wunengzi,catalog,,DZ1028
KR5d0052,DZ1029,DZ1029 玄真子外篇 Xuanzhenzi waipian,catalog,,DZ1029
KR5d0053,DZ1030,DZ1030 劉子 Liuzi,catalog,,DZ1030
KR5d0054,DZ1031,DZ1031 山海經 Shanhai jing,catalog,,DZ1031
KR5d0055,DZ1032,DZ1032 雲笈七籤 Yunji qiqian,catalog,,DZ1032
KR5d0056,DZ1033,DZ1033 至言總 Zhiyan zong,catalog,,DZ1033
KR5d0057,DZ1034,DZ1034 太玄寶典 Taixuan baodian,catalog,,DZ1034
KR5d0058,DZ1035,DZ1035 道體論 Daoti lun,catalog,,DZ1035
KR5d0059,DZ1036,DZ1036 坐忘論 Zuowang lun +,catalog,,DZ1036
KR5d0060,DZ1037,DZ1037 大道論 Dadao lun,catalog,,DZ1037
KR5d0061,DZ1038,DZ1038 心目論 Xinmu lun +,catalog,,DZ1038
KR5d0062,DZ1039,DZ1039 三論元旨 Sanlun yuanzhi,catalog,,DZ1039
KR5d0063,DZ1040,DZ1040 皇極經世 Huangji jingshi,catalog,,DZ1040
KR5d0064,DZ1041,DZ1041 靈棋本章正經 Lingqi benzhang zhengjing,catalog,,DZ1041
KR5d0065,DZ1042,DZ1042 伊川擊壤集 Yichuan jirang ji,catalog,,DZ1042
KR5d0066,DZ1043,DZ1043 太上修真玄章 Taishang xiuzhen xuanzhang,catalog,,DZ1043
KR5d0067,DZ1044,DZ1044 化書 Hua shu,catalog,,DZ1044
KR5d0068,DZ1045,DZ1045 海客論 Haike lun,catalog,,DZ1045
KR5d0069,DZ1046,DZ1046 悟玄篇 Wuxuan pian,catalog,,DZ1046
KR5d0070,DZ1047,DZ1047 太虛心淵篇 Taixu xinyuan pian,catalog,,DZ1047
KR5d0071,DZ1048,DZ1048 玄珠錄 Xuanzhu lu,catalog,,DZ1048
KR5d0072,DZ1049,DZ1049 雲宮法語 Yungong fayu,catalog,,DZ1049
KR5d0073,DZ1050,DZ1050 華陽陶隱居集 Huayang Tao Yinju ji,catalog,,DZ1050
KR5d0074,DZ1051,DZ1051 宗玄先生文集 Zongxuan xiansheng wenji,catalog,,DZ1051
KR5d0075,DZ1052,DZ1052 宗玄先生玄綱論 Zongxuan xiansheng xuangang lun,catalog,,DZ1052
KR5d0077,DZ1054,DZ1054 南統大君內丹九章經 Nantong dajun neidan jiuzhang jing,catalog,,DZ1054
KR5d0078,DZ1055,DZ1055 純陽真人渾成集 Chunyang zhenren huncheng ji,catalog,,DZ1055
KR5d0079,DZ1056,DZ1056 晉真人語錄 Jin zhenren yulu,catalog,,DZ1056
KR5d0080,DZ1057,DZ1057 丹陽真人語錄 Danyang zhenren yulu,catalog,,DZ1057
KR5d0081,DZ1058,DZ1058 無為清靜長生真人至真語錄 Wuwei qingjing changsheng zhenren zhizhen yulu,catalog,,DZ1058
KR5d0082,DZ1059,DZ1059 盤山棲 Panshan Qi Yunwang zhenren yulu,catalog,,DZ1059
KR5d0083,DZ1060,DZ1060 雲王真人語錄 Qing'an Yingchanzi yulu,catalog,,DZ1060
KR5d0084,DZ1061,DZ1061 清庵瑩蟾語錄 Shangqing taixuan ji,catalog,,DZ1061
KR5d0086,DZ1063,DZ1063 進洞天海嶽表 Tongwei jing,catalog,,DZ1063
KR5d0087,DZ1064,DZ1064 洞淵集 Tongwei jing,catalog,,DZ1064
KR5d0088,DZ1065,DZ1065 洞淵集 Xuanjiao dagong an,catalog,,DZ1065
KR5d0089,DZ1066,DZ1066 玄教大公案 Xuanzong zhizhi wanfa huigui,catalog,,DZ1066
KR5d0090,DZ1067,DZ1067 玄宗直指萬法回歸 Shangyangzi jindan dayao,catalog,,DZ1067
KR5d0091,DZ1068,DZ1068 上陽子金丹大要 Shangyangzi jindan dayao tu,catalog,,DZ1068
KR5d0092,DZ1069,DZ1069 上陽子金丹大要圖 Shangyangzi jindan dayao liexian zhi,catalog,,DZ1069
KR5d0093,DZ1070,DZ1070 上陽子金丹大要列仙誌 Shangyangzi jindan dayao xianpai,catalog,,DZ1070
KR5d0094,DZ1071,DZ1071 上陽子金丹大要仙派 Yuanyangzi fayu,catalog,,DZ1071
KR5d0095,DZ1072,DZ1072 原陽子法語 Jindan zhizhi,catalog,,DZ1072
KR5d0096,DZ1073,DZ1073 金丹直指 Daochan ji,catalog,,DZ1073
KR5d0097,DZ1074,DZ1074 道禪集 Huanzhen ji,catalog,,DZ1074
KR5d0098,DZ1075,DZ1075 還真集 Daoxuan pian,catalog,,DZ1075
KR5d0099,DZ1076,DZ1076 道玄篇 Suiji yinghua lu,catalog,,DZ1076
KR5d0100,DZ1077,DZ1077 隨機應化錄 Xiulian xuzhi,catalog,,DZ1077
KR5d0101,DZ1078,DZ1078 修練須知 Yushi jing,catalog,,DZ1078
KR5d0102,DZ1079,DZ1079 玉室經真人高象先金丹歌 Zhenren gao xiangxian jindan ge,catalog,,DZ1079
KR5d0103,DZ1080,DZ1080 金丹真一論 Jindan zhenyi lun,catalog,,DZ1080
KR5d0104,DZ1081,DZ1081 金丹四百字 Jindan sibaizi,catalog,,DZ1081
KR5d0105,DZ1082,DZ1082 龍虎還丹訣頌 Longhu huandan juesong,catalog,,DZ1082
KR5d0106,DZ1083,DZ1083 龍虎元旨 Longhu yuanzhi,catalog,,DZ1083
KR5d0107,DZ1084,DZ1084 龍虎還丹訣 Longhu huandan jue,catalog,,DZ1084
KR5d0108,DZ1085,DZ1085 內丹秘訣 Neidan bijue,catalog,,DZ1085
KR5d0109,DZ1086,DZ1086 漁莊邂逅錄 Yuzhuang xiehou lu,catalog,,DZ1086
KR5d0110,DZ1087,DZ1087 金丹正宗 Jindan zhengzong,catalog,,DZ1087
KR5d0111,DZ1088,DZ1088 還丹復命篇 Huandan fuming pian,catalog,,DZ1088
KR5d0112,DZ1089,DZ1089 爰清子至命篇 Yuanqingzi zhiming pian,catalog,,DZ1089
KR5d0113,DZ1090,DZ1090 翠虛篇 Cuixu pian,catalog,,DZ1090
KR5d0114,DZ1091,DZ1091 還源篇 Huanyuan pian,catalog,,DZ1091
KR5d0115,DZ1092,DZ1092 還丹至藥篇 Huandan zhiyao pian,catalog,,DZ1092
KR5d0116,DZ1093,DZ1093 亶甲集 Danjia ji,catalog,,DZ1093
KR5d0117,DZ1094,DZ1094 金液大丹詩 Jinye dadan shi,catalog,,DZ1094
KR5d0118,DZ1095,DZ1095 證道歌 Zhengdao ge,catalog,,DZ1095
KR5d0119,DZ1096,DZ1096 陳先生內丹訣 Chen xiansheng neidan jue,catalog,,DZ1096
KR5d0120,DZ1097,DZ1097 洞元子內丹訣 Dongyuanzi neidan jue,catalog,,DZ1097
KR5d0121,DZ1098,DZ1098 內丹還元訣 Neidan huanyuan jue,catalog,,DZ1098
KR5d0122,DZ1099,DZ1099 長生指要篇 Changsheng zhiyao pian,catalog,,DZ1099
KR5d0123,DZ1100,DZ1100 鳴鶴餘音 Minghe yuyin,catalog,,DZ1100
KR5e0001,DZ1101,DZ1101 太平經 Taiping jing,kanripo_DZID,,DZ1101
KR5e0004,DZ1102,DZ1102 太平經聖君秘旨 Taiping jing shengjun bizhi,catalog,,DZ1102
KR5e0005,DZ1103,DZ1103 太上靈寶淨明洞神上品經 Taishang lingbao jingming dongshen shangpin jing,catalog,,DZ1103
KR5e0006,DZ1104,DZ1104 太上靈寶淨明預真樞真經 Taishang lingbao jingming yu zhenshu zhenjing,catalog,,DZ1104
KR5e0007,DZ1105,DZ1105 太上靈寶淨明道元正印經 Taishang lingbao jingming daoyuan zhengyin jing,catalog,,DZ1105
KR5e0008,DZ1106,DZ1106 太上靈寶淨明天尊說禦瘟經 Taishang lingbao jingming tianzun shuo yuwen jing,catalog,,DZ1106
KR5e0009,DZ1107,DZ1107 太上靈寶首入淨明四規明鑑經 Taishang lingbao shouru jingming sigui mingjian jing,catalog,,DZ1107
KR5e0010,DZ1108,DZ1108 太上靈寶淨明九仙水經 Taishang lingbao jingming jiuxian shuijing,catalog,,DZ1108
KR5e0011,DZ1109,DZ1109 太上靈寶淨明中黃八柱經 Taishang lingbao jingming zhonghuang bazhu jing,catalog,,DZ1109
KR5e0012,DZ1110,DZ1110 淨明忠孝全書 Jingming zhongxiao quanshu,catalog,,DZ1110
KR5e0013,DZ1111,DZ1111 太玄真一本際妙經 Taixuan zhenyi benji miaojing,catalog,,DZ1111
KR5e0014,DZ1112,DZ1112 太上洞玄靈寶八仙王教誡經 Taishang dongxuan lingbao baxian wangjiao jiejing,catalog,,DZ1112
KR5e0015,DZ1113,DZ1113 太上洞玄靈寶國王行道經 Taishang dongxuan lingbao guowang xingdao jing,catalog,,DZ1113
KR5e0016,DZ1114,DZ1114 太上洞玄靈寶本行宿緣經 Taishang dongxuan lingbao benxing suyuan jing,catalog,,DZ1114
KR5e0017,DZ1115,DZ1115 太上洞玄靈寶本行因緣經 Taishang dongxuan lingbao benxing yinyuan jing,catalog,,DZ1115
KR5e0018,DZ1116,DZ1116 洞玄靈寶太上真人問疾經 Dongxuan lingbao taishang zhenren wenji jing,catalog,,DZ1116
KR5e0019,DZ1117,DZ1117 太極左仙公說神符經 Taiji zuo xiangong shuo shenfu jing,catalog,,DZ1117
KR5e0020,DZ1118,DZ1118 太上洞玄靈寶飛行三界通微內思妙經 Taishang dongxuan lingbao feixing sanjie tongwei neisi miaojing,catalog,,DZ1118
KR5e0021,DZ1119,DZ1119 洞玄靈寶玄一真人說生死輪轉因緣經 Dongxuan lingbao xuanyi zhenren shuo shengsi lunzhuan yinyuan jing,catalog,,DZ1119
KR5e0022,DZ1120,DZ1120 太上洞玄靈寶中和經 Taishang dongxuan lingbao zhonghe jing,catalog,,DZ1120
KR5e0023,DZ1121,DZ1121 太上洞玄靈寶三十二天尊應號經 Taishang dongxuan lingbao sanshier tianzun yinghao jing,catalog,,DZ1121
KR5e0024,DZ1122,DZ1122 太上靈寶昇玄內教經中和品述議疏 Taishang lingbao shengxuan neijiao jing zhonghe pinshu yishu +,catalog,,DZ1122
KR5e0025,DZ1123,DZ1123 一切道經音義妙門由起 Yiqie daojing yinyi miaomen youqi,catalog,,DZ1123
KR5e0026,DZ1124,DZ1124 洞玄靈寶玄門大義 Dongxuan lingbao xuanmen dayi,catalog,,DZ1124
KR5e0027,DZ1125,DZ1125 洞玄靈寶三洞奉道科戒營始 Dongxuan lingbao sandong fengdao kejie yingshi +,catalog,,DZ1125
KR5e0028,DZ1126,DZ1126 洞玄靈寶道學科儀 Dongxuan lingbao daoxue keyi,catalog,,DZ1126
KR5e0029,DZ1127,DZ1127 陸先生道門科略 Lu xiansheng daomen kelue +,catalog,,DZ1127
KR5e0030,DZ1128,DZ1128 道門經法相承次序 Daomen jing faxiang chengci xu,catalog,,DZ1128
KR5e0031,DZ1129,DZ1129 道教義樞 Daojiao yishu,catalog,,DZ1129
KR5e0032,DZ1130,DZ1130 道典論 Daodian lun,catalog,,DZ1130
KR5e0033,DZ1131,DZ1131 太上妙法本相經 Taishang miaofa benxiang jing,catalog,,DZ1131
KR5e0034,DZ1132,DZ1132 上清道類事相 Shangqing daolei shixiang,catalog,,DZ1132
KR5e0035,DZ1133,DZ1133 上方靈寶無極至道開化真經 Shangfang lingbao wuji zhidao kaihua zhenjing,catalog,,DZ1133
KR5e0036,DZ1134,DZ1134 上方鈞天演範真經 Shangfang juntian yanfan zhenjing,catalog,,DZ1134
KR5e0037,DZ1135,DZ1135 太平兩同書 Taiping liangtong shu,catalog,,DZ1135
KR5e0038,DZ1136,DZ1136 洞玄靈寶左玄論 Dongxuan lingbao zuoxuan lun,catalog,,DZ1136
KR5e0039,DZ1137,DZ1137 上清太玄鑑誡論 Shangqing taixuan jianjie lun,catalog,,DZ1137
KR5e0040,DZ1138,DZ1138 無上秘要 Wushang biyao,catalog,,DZ1138
KR5e0041,DZ1139,DZ1139 三洞珠囊 Sandong zhunang,catalog,,DZ1139
KR5e0042,DZ1140,DZ1140 雲山集 Yunshan ji,catalog,,DZ1140
KR5e0043,DZ1141,DZ1141 仙藥集 Xianyao ji,catalog,,DZ1141
KR5e0044,DZ1142,DZ1142 漸悟集 Jianwu ji,catalog,,DZ1142
KR5e0045,DZ1143,DZ1143 草堂集 Caotang ji,catalog,,DZ1143
KR5e0046,DZ1144,DZ1144 自然集 Ziran ji,catalog,,DZ1144
KR5e0047,DZ1145,DZ1145 玄虛子鳴真集 Xuanxuzi mingzhen ji,catalog,,DZ1145
KR5e0048,DZ1146,DZ1146 葆光集 Baoguang ji,catalog,,DZ1146
KR5e0049,DZ1147,DZ1147 西雲集 Xiyun ji,catalog,,DZ1147
KR5e0050,DZ1148,DZ1148 勿齋先生文集 Wuzhai xiansheng wenji,catalog,,DZ1148
KR5e0051,DZ1149,DZ1149 洞玄金玉集 Dongxuan jinyu ji,catalog,,DZ1149
KR5e0052,DZ1150,DZ1150 丹陽神光燦 Danyang shenguang can,catalog,,DZ1150
KR5e0053,DZ1151,DZ1151 悟真集 Wuzhen ji,catalog,,DZ1151
KR5e0054,DZ1152,DZ1152 雲光集 Yunguang ji,catalog,,DZ1152
KR5e0055,DZ1153,DZ1153 重陽全真集 Chongyang quanzhen ji,catalog,,DZ1153
KR5e0056,DZ1154,DZ1154 重陽教化集 Chongyang jiaohua ji,catalog,,DZ1154
KR5e0057,DZ1155,DZ1155 重陽分梨十化集 Chongyang fenli shihua ji,catalog,,DZ1155
KR5e0058,DZ1156,DZ1156 重陽真人金關玉鎖訣 Chongyang zhenren jinguan yusuo jue +,catalog,,DZ1156
KR5e0059,DZ1157,DZ1157 馬自然金丹口訣 Ma ziran jindan koujue,catalog,,DZ1157
KR5e0060,DZ1158,DZ1158 重陽真人授丹陽二十四訣 Chongyang zhenren shou Danyang ershisi jue,catalog,,DZ1158
KR5e0061,DZ1159,DZ1159 磻溪集 Panxi ji,catalog,,DZ1159
KR5e0062,DZ1160,DZ1160 水雲集 Shuiyun ji,catalog,,DZ1160
KR5e0063,DZ1161,DZ1161 太古集 Taigu ji,catalog,,DZ1161
KR5e0065,DZ1163,DZ1163 孫真人備急千金要方 Sun zhenren beiji qianjin yaofang,catalog,,DZ1163
KR5e0066,DZ1164,DZ1164 急救仙方 Jijiu xianfang,catalog,,DZ1164
KR5e0067,DZ1165,DZ1165 仙傳外科秘方 Xianchuan waike bifang,catalog,,DZ1165
KR5e0068,DZ1166,DZ1166 法海遺珠 Fahai yizhu,catalog,,DZ1166
KR5f0001,DZ1167,DZ1167 太上感應篇 Taishang ganying pian,catalog,,DZ1167
KR5f0002,DZ1168,DZ1168 太上老君中經 Taishang laojun zhongjing,catalog,,DZ1168
KR5f0003,DZ1169,DZ1169 太上老君清靜心經 Taishang laojun qingjing xinjing,catalog,,DZ1169
KR5f0004,DZ1170,DZ1170 太上老君說上七滅罪集福妙經 Taishang laojun shuo shangqi miezui jifu miaojing,catalog,,DZ1170
KR5f0005,DZ1171,DZ1171 鬻子 Yuzi,catalog,,DZ1171
KR5f0006,DZ1172,DZ1172 公孫龍子 Gongsun longzi,catalog,,DZ1172
KR5f0007,DZ1173,DZ1173 尹文子 Yinwenzi,catalog,,DZ1173
KR5f0008,DZ1174,DZ1174 子華子 Zihuazi,catalog,,DZ1174
KR5f0009,DZ1175,DZ1175 鴞冠子 Xiaoguanzi,catalog,,DZ1175
KR5f0010,DZ1176,DZ1176 墨子 Mozi,catalog,,DZ1176
KR5f0011,DZ1177,DZ1177 韓非子 Han feizi,catalog,,DZ1177
KR5f0012,DZ1178,DZ1178 黃石公素書 Huangshi gong sushu,catalog,,DZ1178
KR5f0013,DZ1179,DZ1179 黃石公素書 Huangshi gong sushu,catalog,,DZ1179
KR5f0014,DZ1180,DZ1180 孫子註解 Sunzi zhujie,catalog,,DZ1180
KR5f0015,DZ1181,DZ1181 孫子遺說 Sunzi yishuo,catalog,,DZ1181
KR5f0016,DZ1182,DZ1182 天原發微 Tianyuan fawei,catalog,,DZ1182
KR5f0017,DZ1183,DZ1183 太玄經集註 Taixuan jing jizhu,catalog,,DZ1183
KR5f0018,DZ1184,DZ1184 淮南鴻烈解 Huainan honglie jie,catalog,,DZ1184
KR5f0019,DZ1185,DZ1185 抱朴子內篇 Baopuzi neipian,catalog,,DZ1185
KR5f0021,DZ1187,DZ1187 抱朴子外篇 Baopuzi waipian,catalog,,DZ1187
KR5f0022,DZ1188,DZ1188 橐籥子 Tuoyuezi,catalog,,DZ1188
KR5f0023,DZ1189,DZ1189 陰丹內篇 Yindan neipian,catalog,,DZ1189
KR5f0024,DZ1190,DZ1190 天機經 Tianji jing,catalog,,DZ1190
KR5f0025,DZ1191,DZ1191 秘傳正陽真人靈寶畢法 Bichuan zhengyang zhenren lingbao bifa,catalog,,DZ1191
KR5g0001,DZ1192,DZ1192 大惠靜慈妙樂天尊說福德五聖經 Dahui jingci miaoyue tianzun shuo fude fusheng jing,catalog,,DZ1192
KR5g0002,DZ1193,DZ1193 太上正一咒鬼經 Taishang zhengyi zhou guijing,catalog,,DZ1193
KR5g0003,DZ1194,DZ1194 太上洞玄靈寶天尊說羅天大醮上品妙經 Taishang dongxuan lingbao tianzun shuo luotian dajiao shangpin miaojing,catalog,,DZ1194
KR5g0004,DZ1195,DZ1195 老君變化無極經 Laojun bianhua wuji jing +,catalog,,DZ1195
KR5g0005,DZ1196,DZ1196 太上金華天尊救劫護命妙經 Taishang jinhua tianzun jiujie huming miaojing,catalog,,DZ1196
KR5g0006,DZ1197,DZ1197 無上三天法師說廕育眾生妙經 Wushang santian fashi shuo yinyu zhongsheng miaojing,catalog,,DZ1197
KR5g0007,DZ1198,DZ1198 太上說青玄雷令法行因地妙經 Taishang shuo qingxuan leiling faxing yindi miaojing,catalog,,DZ1198
KR5g0008,DZ1199,DZ1199 上清太霄隱書元真洞飛二景經 Shangqing taixiao yinshu yuanzhen dongfei erjing jing,catalog,,DZ1199
KR5g0009,DZ1200,DZ1200 洞玄靈寶六齋十直聖紀經 Dongxuan lingbao liuzhai shizhi shengji jing,catalog,,DZ1200
KR5g0010,DZ1201,DZ1201 道要靈祗神鬼品經 Daoyao lingzhi shengui pinjing,catalog,,DZ1201
KR5g0011,DZ1202,DZ1202 洞神八帝元變經 Dongshen badi yuanbian jing,catalog,,DZ1202
KR5g0012,DZ1203,DZ1203 太上三天正法經 Taishang santian zhengfa jing,catalog,,DZ1203
KR5g0013,DZ1204,DZ1204 太上正一法文經 Taishang zhengyi fawen jing,catalog,,DZ1204
KR5g0014,DZ1205,DZ1205 三天內解經 Santian neijie jing +,catalog,,DZ1205
KR5g0015,DZ1206,DZ1206 上清明鑑要經 Shangqing mingjian yaojing,catalog,,DZ1206
KR5g0016,DZ1207,DZ1207 太上明鑑真經 Taishang mingjian zhenjing,catalog,,DZ1207
KR5g0017,DZ1208,DZ1208 太上三五正一盟威籙 Taishang sanwu zhengyi mingwei lu,catalog,,DZ1208
KR5g0018,DZ1209,DZ1209 太上正一盟威法籙 Taishang zhengyi mingwei falu,catalog,,DZ1209
KR5g0019,DZ1210,DZ1210 正一法文十籙召儀 Zhengyi fawen shilu zhaoyi,catalog,,DZ1210
KR5g0020,DZ1211,DZ1211 正一法文傳都左彿� Zhengyi fawen chuandu gongban yi,catalog,,DZ1211
KR5g0021,DZ1212,DZ1212 醮三洞真文五法正一盟威籙立成儀 Jiao sandong zhenwen wufa zhengyi mingwei lu licheng yi,catalog,,DZ1212
KR5g0022,DZ1213,DZ1213 太上玄天真武無上將軍籙 Taishang xuantian Zhenwu wushang jiangjun lu,catalog,,DZ1213
KR5g0023,DZ1214,DZ1214 高上大洞文昌司祿紫陽寶籙 Gaoshang dadong Wenchang silu Ziyang baolu,catalog,,DZ1214
KR5g0024,DZ1215,DZ1215 太上北極伏魔神咒殺鬼籙 Taishang beiji fumo shenzhou shagui lu,catalog,,DZ1215
KR5g0025,DZ1216,DZ1216 太上正一延生保命籙 Taishang zhengyi yansheng baoming lu,catalog,,DZ1216
KR5g0026,DZ1217,DZ1217 太上正一解五音咒詛秘籙 Taishang zhengyi jie wuyin zhouzu bilu,catalog,,DZ1217
KR5g0027,DZ1218,DZ1218 正一法文經章官品 Zhengyi jie bilu,catalog,,DZ1218
KR5g0028,DZ1219,DZ1219 高上神霄玉清真王紫書大法 Gaoshang shenxiao yuqing zhenwang zishu dafa,catalog,,DZ1219
KR5g0029,DZ1220,DZ1220 道法會元 Daofa huiyuan +,catalog,,DZ1220
KR5g0030,DZ1221,DZ1221 上清靈寶大法 Shangqing lingbao dafa,catalog,,DZ1221
KR5g0032,DZ1223,DZ1223 上清靈寶大法 Shangqing lingbao dafa,catalog,,DZ1223
KR5g0033,DZ1224,DZ1224 道門定制 Daomen dingzhi,catalog,,DZ1224
KR5g0034,DZ1225,DZ1225 道門科範大全集 Daomen kefan daquan ji,catalog,,DZ1225
KR5g0035,DZ1226,DZ1226 道門通教必用集 Daomen tongjiao biyong ji,catalog,,DZ1226
KR5g0036,DZ1227,DZ1227 太上助國救民總真秘要 Taishang zhuguo jiumin zongzhen biyao,catalog,,DZ1227
KR5g0037,DZ1228,DZ1228 正一論 Zhengyi lun,catalog,,DZ1228
KR5g0038,DZ1229,DZ1229 全真坐缽捷法 Quanzhen zuo jiefa,catalog,,DZ1229
KR5g0039,DZ1230,DZ1230 太平御覽 Taiping yulan,catalog,,DZ1230
KR5g0040,DZ1231,DZ1231 道書授神契 Daoshu shoushen qi,catalog,,DZ1231
KR5g0041,DZ1232,DZ1232 道門十規 Daomen shigui,catalog,,DZ1232
KR5g0042,DZ1233,DZ1233 重陽立教十五論 Chongyang lijiao shiwu lun +,catalog,,DZ1233
KR5g0043,DZ1234,DZ1234 丹陽真人直言 Danyang zhenren zhiyan,catalog,,DZ1234
KR5g0044,DZ1235,DZ1235 全真清規 Quanzhen qinggui +,catalog,,DZ1235
KR5g0045,DZ1236,DZ1236 太上出家傳度儀 Taishang chujia chuandu yi,catalog,,DZ1236
KR5g0046,DZ1237,DZ1237 三洞修道儀 Sandong xiudao yi,catalog,,DZ1237
KR5g0047,DZ1238,DZ1238 傳授經戒儀註訣 Chuanshou jing jieyi zhujue,catalog,,DZ1238
KR5g0048,DZ1239,DZ1239 正一修道略儀洞玄 Zhengyi xiudao lueyi,catalog,,DZ1239
KR5g0049,DZ1240,DZ1240 靈寶道士受三洞經誡法籙擇日曆 Dongxuan lingbao daoshi shousan dongjing jiefa luzhai rili,catalog,,DZ1240
KR5g0050,DZ1241,DZ1241 傳授三洞經經戒法籙略說 Chuanshou sandong jing jiefa lulue shuo,catalog,,DZ1241
KR5g0051,DZ1242,DZ1242 正一法文法籙部儀 Zhengyi fawen falu buyi,catalog,,DZ1242
KR5g0052,DZ1243,DZ1243 正一法文太上外籙儀 Zhengyi fawen taishang wailu yi,catalog,,DZ1243
KR5g0053,DZ1244,DZ1244 受籙次第法信儀 Shoulu cidi faxin yi,catalog,,DZ1244
KR5g0054,DZ1245,DZ1245 洞玄靈寶道士明鏡法 Dongxuan lingbao daoshi mingjing fa,catalog,,DZ1245
KR5g0055,DZ1246,DZ1246 洞玄靈寶課中法 Dongxuan lingbao ke zhongfa,catalog,,DZ1246
KR5g0056,DZ1247,DZ1247 太清玉司左院秘要上法 Taiqing yusi zuoyuan biyao shangfa,catalog,,DZ1247
KR5g0057,DZ1248,DZ1248 三洞群仙錄 Sandong qunxian lu,catalog,,DZ1248
KR5g0058,DZ1249,DZ1249 三十代天師虛靖真君語錄 Sanshidai tianshi xujing zhenjun yulu,catalog,,DZ1249
KR5g0059,DZ1250,DZ1250 沖虛通妙侍宸王先生家話 Chongxu tongmiao Shi chenwang xiansheng jiahua,catalog,,DZ1250
KR5g0060,DZ1251,DZ1251 虛靜沖和先生徐神翁語錄 Xujing chonghe xiansheng Xu shenweng yulu,catalog,,DZ1251
KR5g0061,DZ1252,DZ1252 靜餘玄問 Jingyu xuanwen,catalog,,DZ1252
KR5g0062,DZ1253,DZ1253 道法心傳 Daofa xinzhuan,catalog,,DZ1253
KR5g0063,DZ1254,DZ1254 雷法議玄篇 Lei fayi xuanpian,catalog,,DZ1254
KR5g0064,DZ1255,DZ1255 老子微旨例略 Laozi weizhi lilue,catalog,,DZ1255
KR5g0065,DZ1256,DZ1256 真仙直指語錄 Zhenxian zhizhi yulu,catalog,,DZ1256
KR5g0066,DZ1257,DZ1257 群仙要語纂集 Qunxian yaoyu zuanji,catalog,,DZ1257
KR5g0067,DZ1258,DZ1258 諸真內丹集要 Zhuzhen neidan jiyao,catalog,,DZ1258
KR5g0068,DZ1259,DZ1259 龍虎精微論 Longhu jingwei lun,catalog,,DZ1259
KR5g0069,DZ1260,DZ1260 三要達道篇 Sanyao dadao pian,catalog,,DZ1260
KR5g0070,DZ1261,DZ1261 六根歸道論 Liugen guidao lun,catalog,,DZ1261
KR5g0071,DZ1262,DZ1262 意林 Yilin,catalog,,DZ1262
KR5g0072,DZ1263,DZ1263 莊列十論 Zhuang-Lie shilun,catalog,,DZ1263
KR5g0073,DZ1264,DZ1264 離峰老 Lifeng laoren ji,catalog,,DZ1264
KR5g0074,DZ1265,DZ1265 人集北帝七元紫庭延生秘訣 Beidi qiyuan ziting yansheng bijue,catalog,,DZ1265
KR5g0075,DZ1266,DZ1266 鄧天君玄靈八門報應內旨 Deng tianjun xuanling bamen baoying neizhi,catalog,,DZ1266
KR5g0076,DZ1267,DZ1267 九天上聖秘傳金符經 Jiutian shangsheng bichuan jinfu jing,catalog,,DZ1267
KR5g0077,DZ1268,DZ1268 天皇太一神律避穢經 Tianhuang taiyi shenlü bihui jing,catalog,,DZ1268
KR5g0078,DZ1269,DZ1269 上清修身要事經 Shangqing xiushen yaoshi jing,catalog,,DZ1269
KR5g0079,DZ1270,DZ1270 正一法文修真旨要 Zhengyi fawen xiuzhen zhiyao,catalog,,DZ1270
KR5g0080,DZ1271,DZ1271 洞玄靈寶真人修行延年益筭法 Dongxuan lingbao zhenren xiuxing yannian yisuan fa,catalog,,DZ1271
KR5g0081,DZ1272,DZ1272 三洞道士居山修練科 Sandong daoshi jushan xiulian ke,catalog,,DZ1272
KR5g0082,DZ1273,DZ1273 正一天師告趙昇口訣 Zhengyi tianshi gao zhaosheng koujue,catalog,,DZ1273
KR5g0083,DZ1274,DZ1274 玄和子十二月卦金訣 Xuanhezi shier yuegua jinjue,catalog,,DZ1274
KR5g0084,DZ1275,DZ1275 雨暘氣候親機 Yuyang qihou qinji,catalog,,DZ1275
KR5g0085,DZ1276,DZ1276 盤天經 Pantian jing,catalog,,DZ1276
KR5g0086,DZ1277,DZ1277 道法宗旨圖衍義 Daofa zongzhi tuyan yi,catalog,,DZ1277
KR5g0087,DZ1278,DZ1278 洞玄靈寶五感文 Dongxuan lingbao wugan wen,catalog,,DZ1278
KR5g0088,DZ1279,DZ1279 靈書肘後鈔 Lingshu zhouhou chao,catalog,,DZ1279
KR5g0089,DZ1280,DZ1280 玄壇刊誤論 Xuantan kanwu lun,catalog,,DZ1280
KR5g0090,DZ1281,DZ1281 五嶽真形序論 Wuyue zhenxing xulun,catalog,,DZ1281
KR5g0091,DZ1282,DZ1282 高上神霄宗師受經式 Gaoshang shenxiao zongshi shou jingshi,catalog,,DZ1282
KR5g0092,DZ1283,DZ1283 太上洞神行道授度儀 Taishang dongshen xingdao shoudu yi,catalog,,DZ1283
KR5g0093,DZ1284,DZ1284 太上洞神三皇傳授儀 Taishang dongshen sanhuang chuanshou yi,catalog,,DZ1284
KR5g0094,DZ1285,DZ1285 翊聖保德傳 Yisheng baode zhuan,catalog,,DZ1285
KR5g0095,DZ1286,DZ1286 廬山太平興國宮採訪真君事實 Lushan taiping xingguo gong caifang zhenjun shishi,catalog,,DZ1286
KR5g0096,DZ1287,DZ1287 正一法文經護國醮海品 Zhengyi fawen jing huguo jiaohai pin,catalog,,DZ1287
KR5g0097,DZ1288,DZ1288 元辰章醮立成曆 Yuanchen zhangjiao licheng li,catalog,,DZ1288
KR5g0098,DZ1289,DZ1289 六十甲子本命元辰曆 Liushi jiazi benming yuanchen li,catalog,,DZ1289
KR5g0099,DZ1290,DZ1290 太上洞神洞元神咒治病口章 Taishang dongshen dongyuan shenzhou zhibing kouzhang,catalog,,DZ1290
KR5g0100,DZ1291,DZ1291 上清經秘訣 Shangqing jing bijue,catalog,,DZ1291
KR5g0101,DZ1292,DZ1292 靈寶鍊度五仙安靈鎮神黃繪章法 Lingbao liandu wuxian anling zhenshen huanghui zhangfa,catalog,,DZ1292
KR5g0102,DZ1293,DZ1293 上清太微帝君結帶真文法 Shangqing taiwei dijun jiedai zhen wenfa,catalog,,DZ1293
KR5g0103,DZ1294,DZ1294 上清黃書過度儀 Huangshu guodu yi,catalog,,DZ1294
KR5g0104,DZ1295,DZ1295 太上洞玄靈寶二部傳授儀 Taishang dongxuan lingbao erbu chuanshou yi,catalog,,DZ1295
KR5g0105,DZ1296,DZ1296 洞玄靈寶八節齋宿啟儀 Dongxuan lingbao baojie zhaisu qiyi,catalog,,DZ1296
KR5g0106,DZ1297,DZ1297 洞玄靈寶五老攝召北酆鬼魔赤書玉訣 Dongxuan lingbao wulao shezhao beifeng guimo chishu yujue,catalog,,DZ1297
KR5g0107,DZ1298,DZ1298 四聖真君靈籤 Sisheng zhenjun lingqian,catalog,,DZ1298
KR5g0108,DZ1299,DZ1299 玄真靈應寶籤 Xuanzhen lingying baoqian,catalog,,DZ1299
KR5g0109,DZ1300,DZ1300 大慈好生九天衛房聖母元君靈應寶籤 Daci haosheng jiutian weifang shengmu yuanjun lingying baoqian,catalog,,DZ1300
KR5g0110,DZ1301,DZ1301 洪恩靈齋真君靈籤 Hong'en lingzhai zhenjun lingqian,catalog,,DZ1301
KR5g0111,DZ1302,DZ1302 靈齋真君注生堂靈籤 Lingzhai zhenjun zhu shengtang lingqian,catalog,,DZ1302
KR5g0112,DZ1303,DZ1303 扶天廣聖如意靈籤 Futian guangsheng ruyi lingqian,catalog,,DZ1303
KR5g0113,DZ1304,DZ1304 贛州聖齋廟靈蹟理 Ganzhou shengzhai miaoling jili,catalog,,DZ1304
KR5g0114,DZ1305,DZ1305 護國嘉齋江東王靈籤 Huguo jiazhai jiang dongwang lingqian,catalog,,DZ1305
KR5g0115,DZ1306,DZ1306 葛仙翁肘後備急方 Ge xianweng zhouhou beiji fang,catalog,,DZ1306
KR5g0116,DZ1307,DZ1307 海瓊白真人語錄 Hai Qiongbai zhenren yulu,catalog,,DZ1307
KR5g0117,DZ1308,DZ1308 海瓊問道集 Hai Qiong wendao ji,catalog,,DZ1308
KR5g0118,DZ1309,DZ1309 傳道集 Chuandao ji,catalog,,DZ1309
KR5g0119,DZ1310,DZ1310 清和真人北遊語錄 Qinghe zhenren beiyou yulu,catalog,,DZ1310
KR5g0120,DZ1311,DZ1311 峴泉集 Xianquan ji,catalog,,DZ1311
KR5g0121,DZ1312,DZ1312 太上大道玉清經 Taishang dadao yuqing jing,catalog,,DZ1312
KR5g0122,DZ1313,DZ1313 洞真高上玉帝大洞雌一玉檢五老寶經 Dongzhen gaoshang yudi dadong ciyi yujian wulao baojing,catalog,,DZ1313
KR5g0123,DZ1314,DZ1314 洞真太上素靈洞元大有妙經 Dongzhen taishang suling dongyuan dayou miaojing,catalog,,DZ1314
KR5g0124,DZ1315,DZ1315 洞真上清青要紫書金根眾經 Dongzhen shangqing qingyao zishu jin'gen zhongjing,catalog,,DZ1315
KR5g0125,DZ1316,DZ1316 洞真上清太微帝君步天綱飛地紀金簡玉字上經 Dongzhen shangqing taiwei dijun butian gangfei diji jinjian yuzi shangjing,catalog,,DZ1316
KR5g0126,DZ1317,DZ1317 洞真上清開天三圖七星移度經 Dongzhen shangqing kaitian santu qixing yidu jing,catalog,,DZ1317
KR5g0127,DZ1318,DZ1318 洞真太上三元流珠經 Dongzhen taishang sanyuan liuzhu jing,catalog,,DZ1318
KR5g0128,DZ1319,DZ1319 洞真西王母寶神起居經 Dongzhen Xiwangmu baoshen qiju jing +,catalog,,DZ1319
KR5g0129,DZ1320,DZ1320 洞真太上八素真經精耀三景妙訣 Dongzhen taishang basu zhenjing jingyao sanjing miaojue,catalog,,DZ1320
KR5g0130,DZ1321,DZ1321 洞真太上八素真經修習扑~妙訣 Dongzhen taishang basu zhenjing xiuxi gongye miaojue,catalog,,DZ1321
KR5g0131,DZ1322,DZ1322 洞真太上八素真經三五行化妙訣 Dongzhen taishang basu zhenjing sanwu xinghua miaojue,catalog,,DZ1322
KR5g0132,DZ1323,DZ1323 洞真太上八素真經服食日月皇華訣 Dongzhen taishang basu zhenjing fushi riyue huanghua jue,catalog,,DZ1323
KR5g0133,DZ1324,DZ1324 洞真太上八素真經登壇符札妙訣 Dongzhen taishang basu zhenjing dengtan fuzha miaojue,catalog,,DZ1324
KR5g0134,DZ1325,DZ1325 洞真太上八素真經占候入定妙訣 Dongzhen taishang basu zhenjing zhanhou ruding miaojue,catalog,,DZ1325
KR5g0135,DZ1326,DZ1326 洞真上清龍飛九道尺素隱訣 Dongzhen shangqing longfei jiudao chisu yinjue,catalog,,DZ1326
KR5g0136,DZ1327,DZ1327 洞真太上三九素語玉精真訣 Dongzhen taishang sanjiu suyu yujing zhenjue,catalog,,DZ1327
KR5g0137,DZ1328,DZ1328 洞真太上八道命籍經 Dongzhen taishang badao mingji jing,catalog,,DZ1328
KR5g0138,DZ1329,DZ1329 洞真九赤班符五帝內真經 Dongzhen jiu chi ban fu wu di nei zhenjing,catalog,,DZ1329
KR5g0139,DZ1330,DZ1330 洞真太一帝君太丹隱書洞真玄經 Dongzhen taiyi dijun taidan yinshu dongzhen xuanjing,catalog,,DZ1330
KR5g0140,DZ1331,DZ1331 洞真上清神州七轉七變舞天經 Dongzhen shangqing shenzhou qizhuan qibian wutian jing,catalog,,DZ1331
KR5g0141,DZ1332,DZ1332 洞真上清紫度炎光神元變經 Dongzhen shangqing zidu yanguang shenyuan bianjing,catalog,,DZ1332
KR5g0142,DZ1333,DZ1333 洞真太上神虎玉經 Dongzhen taishang shenhu yujing,catalog,,DZ1333
KR5g0143,DZ1334,DZ1334 洞真太上神虎隱文 Dongzhen taishang shenhu yinwen,catalog,,DZ1334
KR5g0144,DZ1335,DZ1335 洞真太上紫文丹章 Dongzhen taishang ziwen danzhang,catalog,,DZ1335
KR5g0145,DZ1336,DZ1336 洞真太上金篇虎符真文經 Dongzhen taishang jinpian hufu zhenwen jing,catalog,,DZ1336
KR5g0146,DZ1337,DZ1337 洞真太微金虎真符 Dongzhen taiwei jinhu zhenfu,catalog,,DZ1337
KR5g0147,DZ1338,DZ1338 洞真太上太素玉籙 Dongzhen taishang taisu yulu,catalog,,DZ1338
KR5g0148,DZ1339,DZ1339 洞真八景玉籙晨圖隱符 Dongzhen bajing yulu chentu yinfu,catalog,,DZ1339
KR5g0149,DZ1340,DZ1340 洞真太上倉元上錄 Dongzhen taishang cangyuan shanglu,catalog,,DZ1340
KR5g0150,DZ1341,DZ1341 洞真太上上皇民籍定真玉籙 Dongzhen taishang shanghuang minji dingzhen,catalog,,DZ1341
KR5g0151,DZ1342,DZ1342 洞真太上紫書籙傳 Dongzhen taishang zishu yuzhuan yulu,catalog,,DZ1342
KR5g0152,DZ1343,DZ1343 洞真黃書 Dongzhen huangshu,catalog,,DZ1343
KR5g0153,DZ1344,DZ1344 洞真太上說智慧消魔真經 Dongzhen taishang shuo zhihui xiaomo zhenjing,catalog,,DZ1344
KR5g0154,DZ1345,DZ1345 洞真太上真君元丹上經 Dongzhen taishang zhenjun yuandan shangjing,catalog,,DZ1345
KR5g0155,DZ1346,DZ1346 洞真金房度命錄字迴年三華寶曜內真上經 Dongzhen jinfang duming luzi huinian sanhua baoyao neizhen shangjing,catalog,,DZ1346
KR5g0160,DZ1351,DZ1351 洞真太上飛行羽經九真昇玄上記 Dongzhen taishang feixing yujing jiuzhen shengxuan shangji,catalog,,DZ1351
KR5g0156,DZ1347,DZ1347 洞真太上上清內經 Dongzhen taishang shangqing neijing,catalog,,DZ1347
KR5g0157,DZ1348,DZ1348 洞真太上丹景道精經 Dongzhen taishang danjing daojing jing,catalog,,DZ1348
KR5g0158,DZ1349,DZ1349 洞真太上青牙始生經 Dongzhen taishang qingya shisheng jing,catalog,,DZ1349
KR5g0159,DZ1350,DZ1350 洞真三天秘諱 Dongzhen santian bihui,catalog,,DZ1350
KR5g0161,DZ1352,DZ1352 洞真太上太霄琅書 Dongzhen taishang taixiao langshu,catalog,,DZ1352
KR5g0162,DZ1353,DZ1353 上清道寶經 Shangqing dao baojing,catalog,,DZ1353
KR5g0163,DZ1354,DZ1354 上清太上開天龍蹻經 Shangqing taishang kaitian longqiao jing,catalog,,DZ1354
KR5g0164,DZ1355,DZ1355 上清太上玉清隱書滅魔神慧高玄真經 Shangqing taishang yuqing yinshu miemo shenhui gaoxuan zhenjing,catalog,,DZ1355
KR5g0165,DZ1356,DZ1356 上清高上滅魔玉帝神慧玉清隱書 Shangqing gaoshang miemo yudi shenhui yuqing yinshu,catalog,,DZ1356
KR5g0166,DZ1357,DZ1357 上清高上滅魔洞景金元玉清隱書經 Shangqing gaoshang miemo dongjing jinyuan yuqing yinshu jing,catalog,,DZ1357
KR5g0167,DZ1358,DZ1358 上清高上金元羽章玉清隱書經 Shangqing gaoshang jinyuan yuzhang yuqing yinshu jing,catalog,,DZ1358
KR5g0168,DZ1359,DZ1359 上清丹景道精隱地八術經 Shangqing danjing daojing yindi bashu jing,catalog,,DZ1359
KR5g0169,DZ1360,DZ1360 上清九天上帝祝百神內名經 Shangqing jiutian shangdi zhu baishen neiming jing,catalog,,DZ1360
KR5g0170,DZ1361,DZ1361 上清七聖玄紀經 Shangqing qisheng xuanji jing,catalog,,DZ1361
KR5g0171,DZ1362,DZ1362 上清太上迴元隱道除罪籍經 Shangqing taishang huiyuan yindao chuzui jijing,catalog,,DZ1362
KR5g0172,DZ1363,DZ1363 上清太極真人撰所施行秘要經 Shangqing taiji zhenren zhuansuo shixing biyao jing,catalog,,DZ1363
KR5g0173,DZ1364,DZ1364 上清洞真智慧觀身大戒文 Shangqing dongzhen zhihui guanshen dajie wen +,catalog,,DZ1364
KR5g0174,DZ1365,DZ1365 上清元始譜錄太真玉訣 Shangqing yuanshi pulu taizhen yujue,catalog,,DZ1365
KR5g0175,DZ1366,DZ1366 上清天關三圖經 Shangqing tianguan santu jing,catalog,,DZ1366
KR5g0176,DZ1367,DZ1367 上清河圖內玄經 Shangqing hetu neixuan jing,catalog,,DZ1367
KR5g0177,DZ1368,DZ1368 上清迴神飛霄登空招五星上法經 Shangqing huishen feixiao dengkong zhao wuxing shangfa jing,catalog,,DZ1368
KR5g0178,DZ1369,DZ1369 上清化形隱景登昇保仙上經 Shangqing huaxing yinjing dengsheng baoxian shangjing,catalog,,DZ1369
KR5g0179,DZ1370,DZ1370 上清迴耀飛光日月精華上經 Shangqing huiyao feiguang riyue jinghua shangjing,catalog,,DZ1370
KR5g0180,DZ1371,DZ1371 上清素靈上篇 Shangqing suling shangpian,catalog,,DZ1371
KR5g0181,DZ1372,DZ1372 上清高上玉晨鳳臺曲素上經 Shangqing gaoshang yuchen fengtai qusu shangjing,catalog,,DZ1372
KR5g0182,DZ1373,DZ1373 上清外國放品青童內文 Shangqing waiguo fangpin qingtong neiwen,catalog,,DZ1373
KR5g0183,DZ1374,DZ1374 上清諸真人授經時頌金真章 Shangqing zhu zhenren shoujing shisong jinzhen zhang,catalog,,DZ1374
KR5g0184,DZ1375,DZ1375 上清無上金元玉清金真飛元步虛玉章 Shangqing wushang jinyuan yuqing jinzhen feiyuan buxu yuzhang,catalog,,DZ1375
KR5g0185,DZ1376,DZ1376 上清太上帝君九真中經 Shangqing taishang dijun jiuzhen zhongjing +,catalog,,DZ1376
KR5g0186,DZ1377,DZ1377 上清太上九真中經降生神丹訣 Shangqing taishang jiuzhen zhongjing jiangsheng shendan jue,catalog,,DZ1377
KR5g0187,DZ1378,DZ1378 上清金真玉光八景飛經 Shangqing jinzhen yuguang bajing feijing,catalog,,DZ1378
KR5g0188,DZ1379,DZ1379 上清玉帝七聖玄紀迴天九霄經 Shangqing yudi qisheng xuanji huitian jiuxiao jing,catalog,,DZ1379
KR5g0189,DZ1380,DZ1380 上清太上黃素四十四方經 Shangqing taishang huangsu sishisi fang jing,catalog,,DZ1380
KR5g0190,DZ1381,DZ1381 上清明堂玄丹真經 Shangqing mingtang xuandan zhenjing,catalog,,DZ1381
KR5g0191,DZ1382,DZ1382 上清九丹上化胎精中記經 Shangqing jiudan shanghua taijing zhongji jing,catalog,,DZ1382
KR5g0192,DZ1383,DZ1383 上清太上元始耀光金虎鳳文章寶經 Shangqing taishang yuanshi yaoguang jin hufeng wenzhang baojing,catalog,,DZ1383
KR5g0193,DZ1384,DZ1384 上清太一帝君太丹隱書解胞十二結節圖訣 Shangqing taiyi dijun taidan yinshu jiebao shier jiejie tujue,catalog,,DZ1384
KR5g0194,DZ1385,DZ1385 上清洞真天寶大洞三景胞籙 Shangqing dongzhen tianbao dadong sanjing baolu,catalog,,DZ1385
KR5g0195,DZ1386,DZ1386 上清大洞三景玉清隱書訣籙 Shangqing dadong sanjing yuqing yinshu juelu,catalog,,DZ1386
KR5g0196,DZ1387,DZ1387 上清元始高上玉皇九天譜錄 Shangqing yuanshi gaoshang yuhuang jiutian pulu,catalog,,DZ1387
KR5g0197,DZ1388,DZ1388 上清金真玉皇上元九天真靈三百六十五部元錄 Shangqing jinzhen yuhuang shangyuan jiutian zhenling sanbai liushiwu bu yuanlu,catalog,,DZ1388
KR5g0198,DZ1389,DZ1389 上清高上太上大道君洞真金元八景玉錄 Shangqing gaosheng taishang da daojun dongzhen jinyuan bajing yulu,catalog,,DZ1389
KR5g0199,DZ1390,DZ1390 上清洞天三五金剛玄籙儀經 Shangqing dongtian san wu jin gang xuanlu yijing,catalog,,DZ1390
KR5g0200,DZ1391,DZ1391 上清瓊宮靈飛六甲錄 Shangqing qionggong lingfei liujia lu,catalog,,DZ1391
KR5g0201,DZ1392,DZ1392 上清曲素訣辭籙 Shangqing qusu jue cilu,catalog,,DZ1392
KR5g0202,DZ1393,DZ1393 上清元始變化寶真上經九靈太妙龜山玄籙 Shangqing yuanshi bianhua baozhen shangjing jiuling taimiao guishan xuanlu,catalog,,DZ1393
KR5g0203,DZ1394,DZ1394 上清高上龜山玄籙 Shangqing gaoshang guishan xuanlu,catalog,,DZ1394
KR5g0204,DZ1395,DZ1395 上清大洞九微八道大經妙籙 Shangqing dadong jiuwei badao dajing miaolu,catalog,,DZ1395
KR5g0205,DZ1396,DZ1396 上清河圖寶籙 Shangqing hetu baolu,catalog,,DZ1396
KR5g0206,DZ1397,DZ1397 四斗二十八宿天帝大籙 Sidou ershiba su tiandi dalu,catalog,,DZ1397
KR5g0207,DZ1398,DZ1398 大乘妙林經 Dasheng miaolin jing,catalog,,DZ1398
KR5g0208,DZ1399,DZ1399 太上元寶金庭無為妙經 Taishang yuanbao jinting wuwei miaojing,catalog,,DZ1399
KR5g0209,DZ1400,DZ1400 上清黃庭養神經 Shangqing huangting yangshen jing,catalog,,DZ1400
KR5g0210,DZ1401,DZ1401 太上黃庭中景經 Taishang huangting zhongjing jing,catalog,,DZ1401
KR5g0211,DZ1402,DZ1402 上清黃庭五臟六腑真人玉軸經 Shangqing huangting wuzang liufu zhenren yuzhu jing,catalog,,DZ1402
KR5g0212,DZ1403,DZ1403 上清僊府瓊林經 Shangqing xianfu qionglin jing,catalog,,DZ1403
KR5g0213,DZ1404,DZ1404 上清太極真人神仙經 Shangqing taiji zhenren shenxian jing,catalog,,DZ1404
KR5g0214,DZ1405,DZ1405 長生胎元神用經 Changsheng taiyuan shenyong jing,catalog,,DZ1405
KR5g0215,DZ1406,DZ1406 太上靈寶芝草品 Taishang lingbao zhicao pin,catalog,,DZ1406
KR5g0216,DZ1407,DZ1407 洞玄靈寶二十四生圖經 Dongxuan lingbao ershisi shengtu jing,catalog,,DZ1407
KR5g0217,DZ1408,DZ1408 玉清上宮科太真文 Yuqing shanggong ketai zhenwen,catalog,,DZ1408
KR5g0218,DZ1409,DZ1409 太上九真明科 Taishang jiuzhen mingke,catalog,,DZ1409
KR5g0219,DZ1410,DZ1410 洞玄靈寶千真科 Dongxuan lingbao qianzhen ke,catalog,,DZ1410
KR5g0220,DZ1411,DZ1411 洞玄靈寶長夜之府九幽玉匱明真科 Dongxuan lingbao changye zhifu jiuyou yukui mingzhen ke,catalog,,DZ1411
KR5g0221,DZ1412,DZ1412 太上元始天尊說北帝伏魔神咒妙經 Taishang yuanshi tianzun shuo beidi fumo shenzhou miaojing,catalog,,DZ1412
KR5g0222,DZ1413,DZ1413 北帝伏魔經法建壇儀 Beidi fumo jingfa jiantan yi,catalog,,DZ1413
KR5g0223,DZ1414,DZ1414 伏魔經壇謝恩醮儀 Fumo jiantan yi,catalog,,DZ1414
KR5g0224,DZ1415,DZ1415 北帝說豁落七元經 Beidi shuo huoluo qiyuan jing,catalog,,DZ1415
KR5g0225,DZ1416,DZ1416 七元真訣語驅疫秘經 Qiyuan zhen jueyu quyi bijing,catalog,,DZ1416
KR5g0226,DZ1417,DZ1417 七元璇璣召魔品經 Qiyuan xuanji zhaomo pinjing,catalog,,DZ1417
KR5g0227,DZ1418,DZ1418 元始說度酆都經 Yuanshi shuodu fengdu jing,catalog,,DZ1418
KR5g0228,DZ1419,DZ1419 七元召魔伏六天神咒經 Qiyuan zhao mofu liutian shenzhou jing,catalog,,DZ1419
KR5g0229,DZ1420,DZ1420 七元真人說神真靈符經 Qiyuan zhenren shuo shenzhen lingfu jing,catalog,,DZ1420
KR5g0230,DZ1421,DZ1421 太上紫微中天七元真經 Taishang ziwei zhongtian qiyuan zhenjing,catalog,,DZ1421
KR5g0231,DZ1422,DZ1422 枕中經 Zhenzhong jing,catalog,,DZ1422
KR5g0232,DZ1423,DZ1423 太清元道真經 Taiqing yuandao zhenjing,catalog,,DZ1423
KR5g0233,DZ1424,DZ1424 太上老君太素經 Taishang laojun taisu jing,catalog,,DZ1424
KR5g0234,DZ1425,DZ1425 靈信經旨 Lingxin jingzhi,catalog,,DZ1425
KR5g0235,DZ1426,DZ1426 唐太古妙應孫真人福壽論 Tang Taigu miaoying Sun zhenren fushou lun,catalog,,DZ1426
KR5g0236,DZ1427,DZ1427 太清道林攝生論 Taiqing daolin shesheng lun,catalog,,DZ1427
KR5g0237,DZ1428,DZ1428 侍帝晨東華上佐司命楊君傳記 Shi Dichen donghua shangzuo siming yangjun zhuanji,catalog,,DZ1428
KR5g0238,DZ1429,DZ1429 長春真人西遊記 Changchun zhenren xiyou ji,catalog,,DZ1429
KR5g0240,DZ1430,DZ1430 道藏闕經目錄 Daozang quejing mulu,catalog,,DZ1430
KR5g0243,DZ1431,DZ1431a 道藏經目錄 :nopin:,kanripo_DZID,,DZ1431
KR5h0001,DZ1432,DZ1432 太上中道妙法蓮華經 Taishang zhongdao miaofa lianhua jing,catalog,,DZ1432
KR5h0002,DZ1433,DZ1433 太上元始天尊說寶月光皇后聖母天尊孔雀明王經 Taishang yuanshi tianzun shuo bao yueguang huanghou shengmu tianzun kongque ming wang jing,catalog,,DZ1433
KR5h0003,DZ1434,DZ1434 聖母孔雀明王尊經啟白儀 Shengmu kongque mingwang zunjing qibai yi,catalog,,DZ1434
KR5h0004,DZ1435,DZ1435 太上元始天尊說孔雀經白文 Taishang yuanshi tianzun shuo kongque jing baiwen,catalog,,DZ1435
KR5h0005,DZ1436,DZ1436 上清元始變化寶真上經 Shangqing yuanshi bianhua baozhen shangjing,catalog,,DZ1436
KR5h0006,DZ1437,DZ1437 太上老君開天經 Taishang laojun kaitian jing,catalog,,DZ1437
KR5h0007,DZ1438,DZ1438 太上老君虛無自然本起經 :nopin:,catalog,,DZ1438
KR5h0008,DZ1439,DZ1439 洞玄靈寶玉京山步虛經 Dongxuan lingbao yujing shan buxu jing,catalog,,DZ1439
KR5h0009,DZ1440,DZ1440 皇經集註 Huangjing jizhu,catalog,,DZ1440
KR5h0010,DZ1441,DZ1441 元始天尊說東嶽化身濟生度死拔罪解冤保命玄範誥咒妙經 Yuanshi tianzun shuo dongyue huashen ji sheng dusi bazui jieyuan baoming xuanfan gaozhou miaojing,catalog,,DZ1441
KR5h0011,DZ1442,DZ1442 太上三元賜福赦罪解厄消災延生保命妙經 Taishang sanyuan cifu shezui jie'e xiaozai yansheng baoming miaojing,catalog,,DZ1442
KR5h0012,DZ1443,DZ1443 太上元陽上帝無始天尊說火車王靈官真經 Taishang yuanyang shangdi wushi tianzun shuo huoche wang lingguan zhenjing,catalog,,DZ1443
KR5h0013,DZ1444,DZ1444 元始天尊說藥王救八十一難真經 Yuanshi tianzun shuo yaowang jiu bashiyi nan zhenjing,catalog,,DZ1444
KR5h0014,DZ1445,DZ1445 碧霞元君護國庇民普濟保生妙經 Bixia yuanjun huguo bimin puji baosheng miaojing,catalog,,DZ1445
KR5h0015,DZ1446,DZ1446 太上大聖朗靈上將護國妙經 Taishang dasheng langling shangjiang huguo miaojing,catalog,,DZ1446
KR5h0016,DZ1447,DZ1447 太上老君說城隍感應消災集福妙經 Taishang laojun shuo chenghuang ganying xiaozai jifu miaojing,catalog,,DZ1447
KR5h0017,DZ1448,DZ1448 太上洞玄靈寶五顯觀華光本行妙經 Taishang dongxuan lingbao wu xianguan huaguang benxing miaojing,catalog,,DZ1448
KR5h0018,DZ1449,DZ1449 太上說通真高皇解冤經 Gaohuang jieyuan jing,catalog,,DZ1449
KR5h0019,DZ1450,DZ1450 中天紫微星真寶懺 Taishang shuo tongzhen gaohuang jieyuan jing,catalog,,DZ1450
KR5h0020,DZ1451,DZ1451 紫皇鍊度玄科 Ziwei baochan,catalog,,DZ1451
KR5h0021,DZ1452,DZ1452 先天斗母奏告玄科 Xiantian doumu zougao xuanke,catalog,,DZ1452
KR5h0022,DZ1453,DZ1453 朝真發願懺悔文 Zhaozhen fayuan chanhui wen,catalog,,DZ1453
KR5h0023,DZ1454,DZ1454 靈寶施食法 Lingbao shishi fa,catalog,,DZ1454
KR5h0024,DZ1455,DZ1455 太微帝君二十四神回元經 Taiwei dijun ershisi shen huiyuan jing,catalog,,DZ1455
KR5h0025,DZ1456,DZ1456 北斗九皇隱諱經 Beidou jiuhuang yinhui jing,catalog,,DZ1456
KR5h0026,DZ1457,DZ1457 高上玉宸憂樂章 Gaoshang yuchen youle zhang,catalog,,DZ1457
KR5h0027,DZ1458,DZ1458 太上洞真徊玄章 Taishang dongzhen huixuan zhang,catalog,,DZ1458
KR5h0028,DZ1459,DZ1459 上清金章十二篇 Shangqing jinzhang shier pian,catalog,,DZ1459
KR5h0029,DZ1460,DZ1460 太上洞玄濟眾經 Taishang dongxuan jizhong jing,catalog,,DZ1460
KR5h0030,DZ1461,DZ1461 大洞經吉祥神咒法 Dadong jing jixiang shenzhou fa,catalog,,DZ1461
KR5h0031,DZ1462,DZ1462 皇明恩命世錄 Huangming enming shilu,catalog,,DZ1462
KR5h0032,DZ1463,DZ1463 漢天師世家 Han tianshi shijia,catalog,,DZ1463
KR5h0033,DZ1464,DZ1464 弘道錄 Hongdao lu,catalog,,DZ1464
KR5h0034,DZ1465,DZ1465 消搖墟經 Xiaoyao xujing,catalog,,DZ1465
KR5h0035,DZ1466,DZ1466 長生詮經 Changsheng quanjing,catalog,,DZ1466
KR5h0036,DZ1467,DZ1467 無上訣經 Wushang juejing,catalog,,DZ1467
KR5h0037,DZ1468,DZ1468 徐仙翰藻 Xuxian hanzao,catalog,,DZ1468
KR5h0038,DZ1469,DZ1469 贊靈集 Zanling ji,catalog,,DZ1469
KR5h0039,DZ1470,DZ1470 徐仙真錄 Xuxian zhenlu,catalog,,DZ1470
KR5h0040,DZ1471,DZ1471 儒門崇理折衷堪輿完孝錄 Kanyu wanxiao lu,catalog,,DZ1471
KR5h0041,DZ1472,DZ1472 岱史 Daishi,catalog,,DZ1472
KR5h0042,DZ1473,DZ1473 易因上下經(李氏易因) Yiyin shangxia jing (Lishi yiyin),catalog,,DZ1473
KR5h0043,DZ1474,DZ1474 古易考原 Guyi kaoyuan,catalog,,DZ1474
KR5h0044,DZ1475,DZ1475 易林上下經 Yilin shangxia jing,catalog,,DZ1475
KR5h0045,DZ1476,DZ1476 搜神記 Soushen ji,catalog,,DZ1476
KR5h0046,DZ1477,DZ1477 太初元氣按要保生之論 Taichu yuanqi anyao baosheng zhilun,catalog,,DZ1477
KR5h0047,DZ1478,DZ1478 化書(譚子化書) Huashu (Tanzi huashu),catalog,,DZ1478
KR5h0048,DZ1479,DZ1479 水鏡錄 Shuijing lu,catalog,,DZ1479
KR5h0049,DZ1480,DZ1480a 許真君玉匣記(晉-許遜) :nopin:,kanripo_DZID,,DZ1480
KR5h0051,DZ1481,DZ1481 法師選擇記 Fashi xuanze ji,catalog,,DZ1481
KR5h0052,DZ1482,DZ1482 玄天上帝百字聖號(玄帝感應靈籤) Xuantian shangdi baizi shenghao (Xuandi ganying lingqian),catalog,,DZ1482
KR5h0053,DZ1483,DZ1483 天皇至道太清玉冊 Tianhuang zhidao taiqing yuce,catalog,,DZ1483
KR5h0054,DZ1484,DZ1484 呂祖志 Lüzu zhi,catalog,,DZ1484
KR5h0055,DZ1485,DZ1485 紫微斗數 Ziwei doushu,catalog,,DZ1485
KR5h0056,DZ1486,DZ1486 老子翼 Laozi yi,catalog,,DZ1486
KR5h0057,DZ1487,DZ1487 莊子翼 Zhuangzi yi,kanripo_DZID,,DZ1487
,DZ1488,DZ1488 道藏目錄祥注 :nopin:,,,DZ1488
KR1a0006,SB11n001,SB11n001 周易,catalog,,
KR1b0002,SB11n002,SB11n002 監本纂圖重言重意互註點校尚書,catalog,,
KR1c0002,SB11n003,SB11n003 毛詩,catalog,,
KR1d0002,SB11n004,SB11n004 周禮,catalog,,
KR1d0026,SB11n005,SB11n005 儀禮,catalog,,
KR1d0054,SB11n006,SB11n006 纂圖互註禮記,catalog,,
KR1e0002,SB11n007,SB11n007 春秋經傳集解,catalog,,
KR1e0007,SB11n008,SB11n008 春秋公羊經傳解詁,catalog,,
KR1e0009,SB11n009,SB11n009 春秋穀梁傳,catalog,,
KR1f0002,SB11n010,SB11n010 孝經,catalog,,
KR1h0005,SB11n011,SB11n011 論語,catalog,,
KR1h0002,SB11n012,SB11n012 孟子,catalog,,
KR1j0002,SB11n013,SB11n013 爾雅,catalog,,
KR3g0030,SB11n014,SB11n014 京氏易傳,catalog,,
KR1b0059,SB11n015,SB11n015 尚書大傳,catalog,,
KR1c0066,SB11n016,SB11n016 詩外傳,catalog,,
KR1d0076,SB11n017,SB11n017 大戴禮記,catalog,,
KR1e0122,SB11n018,SB11n018 春秋繁露,catalog,,
KR1g0003,SB11n019,SB11n019 經典釋文,catalog,,
KR1j0006,SB11n020,SB11n020 輶軒使者絕代語釋別國方言,catalog,,
KR1j0007,SB11n021,SB11n021 釋名,catalog,,
KR1j0018,SB11n022,SB11n022 說文解字,catalog,,
KR1j0019,SB11n023,SB11n023 說文解字繫傳,catalog,,
KR1j0056,SB11n024,SB11n024 大廣益會玉篇,catalog,,
KR1j0054,SB11n025,SB11n025 廣韻,catalog,,
KR2b0001,SB12n026,SB12n026 竹書紀年,catalog,,
KR2b0003,SB12n027,SB12n027 前漢紀,catalog,,
KR2b0004,SB12n028,SB12n028 後漢紀,catalog,,
KR2b0007,SB12n029,SB12n029 資治通鑑,catalog,,
KR2b0008,SB12n030,SB12n030 資治通鑑考異,catalog,,
KR2b0010,SB12n031,SB12n031 資治通鑑目錄,catalog,,
KR2b0014,SB12n032,SB12n032 司馬溫公稽古錄,catalog,,
KR2b0015,SB12n033,SB12n033 資治通鑑外紀,catalog,,
KR2b0016,SB12n034,SB12n034 資治通鑑釋文,catalog,,
KR2c0001,SB12n035,SB12n035 通鑑紀事本末,catalog,,
KR2c0002,SB12n036,SB12n036 汲冢周書,catalog,,
KR2e0001,SB12n037,SB12n037 國語,catalog,,
KR2e0003,SB12n038,SB12n038 戰國策,catalog,,
KR2g0003,SB12n039,SB12n039 晏子春秋,catalog,,
KR2g0017,SB12n040,SB12n040 劉向古列女傳,catalog,,
KR2f0037,SB12n041,SB12n041 五朝名臣言行錄,catalog,,
KR2i0001,SB12n042,SB12n042 吳越春秋,catalog,,
KR2i0002,SB12n043,SB12n043 越絕書,catalog,,
KR2i0003,SB12n044,SB12n044 華陽國志,catalog,,
KR2k0058,SB12n045,SB12n045 水經注,catalog,,
KR6r0121,SB12n046,SB12n046 大唐西域記,catalog,,
KR2o0001,SB12n047,SB12n047 史通,catalog,,
KR3a0001,SB13n048,SB13n048 孔子家語,catalog,,
KR3a0002,SB13n049,SB13n049 荀子,catalog,,
KR3a0003,SB13n050,SB13n050 孔叢子,catalog,,
KR3a0004,SB13n051,SB13n051 新語,catalog,,
KR3a0005,SB13n052,SB13n052 新書,catalog,,
KR3a0006,SB13n053,SB13n053 鹽鐵論,catalog,,
KR3a0008,SB13n054,SB13n054 劉向新序,catalog,,
KR3a0007,SB13n055,SB13n055 說苑,catalog,,
KR3a0009,SB13n056,SB13n056 揚子法言,catalog,,
KR3a0010,SB13n057,SB13n057 潛夫論,catalog,,
KR3a0011,SB13n058,SB13n058 申鑒,catalog,,
KR3a0012,SB13n059,SB13n059 徐幹中論,catalog,,
KR3a0014,SB13n060,SB13n060 中說,catalog,,
KR3a0015,SB13n061,SB13n061 孫子集注,catalog,,
KR3b0002,SB13n062,SB13n062 六韜,catalog,,
KR3b0004,SB13n063,SB13n063 吳子,catalog,,
KR3b0005,SB13n064,SB13n064 司馬法,catalog,,
KR3c0001,SB13n065,SB13n065 管子,catalog,,
KR3c0003,SB13n066,SB13n066 鄧析子,catalog,,
KR3c0004,SB13n067,SB13n067 商子,catalog,,
KR5f0011,SB13n068,SB13n068 韓非子,catalog,,
KR3d0001,SB13n069,SB13n069 齊民要術,catalog,,
KR3e0001,SB13n070,SB13n070 重廣補註黃帝內經素問,catalog,,
KR3e0002,SB13n071,SB13n071 黃帝素問靈樞經,catalog,,
KR3e0003,SB13n072,SB13n072 王翰林集註黃帝八十一難經,catalog,,
KR3e0007,SB13n073,SB13n073 新編金匱要略方論,catalog,,
KR3e0008,SB13n074,SB13n074 註解傷寒論,catalog,,
KR3e0009,SB13n075,SB13n075 新刊王氏脈經,catalog,,
KR3e0029,SB13n076,SB13n076 重修政和經史證類備用本草,catalog,,
KR3f0001,SB13n077,SB13n077 周髀算經,catalog,,
KR3f0032,SB13n078,SB13n078 九章算術,catalog,,
KR3g0001,SB13n079,SB13n079 太玄經,catalog,,
KR5h0044,SB13n080,SB13n080 易林,catalog,,
KR5f0010,SB13n081,SB13n081 墨子,catalog,,
KR5f0007,SB13n082,SB13n082 尹文子,catalog,,
KR3j0005,SB13n083,SB13n083 愼子內篇,catalog,,
KR5f0009,SB13n084,SB13n084 鶡冠子,catalog,,
KR5d0048,SB13n085,SB13n085 鬼谷子,catalog,,
KR3j0009,SB13n086,SB13n086 呂氏春秋,catalog,,
KR5f0018,SB13n087,SB13n087 淮南鴻烈解,catalog,,
KR3j0011,SB13n088,SB13n088 人物志,catalog,,
KR3j0014,SB13n089,SB13n089 顏氏家訓,catalog,,
KR3j0023,SB13n090,SB13n090 白虎通德論,catalog,,
KR3j0080,SB13n091,SB13n091 論衡,catalog,,
KR3j0081,SB13n092,SB13n092 風俗通義,catalog,,
KR3j0082,SB13n093,SB13n093 羣書治要,catalog,,
KR5g0071,SB13n094,SB13n094 意林,catalog,,
KR3l0001,SB13n095,SB13n095 西京雜記,catalog,,
KR3l0002,SB13n096,SB13n096 世說新語,catalog,,
KR5d0054,SB13n097,SB13n097 山海經,catalog,,
KR5a0303,SB13n098,SB13n098 穆天子傳,catalog,,
KR3l0125,SB13n099,SB13n099 唐段少卿酉陽雜俎前集,catalog,,
KR6r0137,SB13n100,SB13n100 弘明集,catalog,,
KR6r0138,SB13n101,SB13n101 廣弘明集,catalog,,
KR6s0002,SB13n102,SB13n102 法苑珠林,catalog,,
KR6s0019,SB13n103,SB13n103 翻譯名義集,catalog,,
KR5c0065,SB13n104,SB13n104 老子道德經,catalog,,
KR5c0049,SB13n105,SB13n105 沖虛至德眞經,catalog,,
KR5c0051,SB13n106,SB13n106 南華眞經,catalog,,
KR5f0019,SB13n107,SB13n107 抱朴子內篇,catalog,,
KR5d0055,SB13n108,SB13n108 雲笈七籤,catalog,,
KR4a0002,SB14n109,SB14n109 楚辭,catalog,,
KR4b0002,SB14n110,SB14n110 蔡中郎文集,catalog,,
KR4b0004,SB14n111,SB14n111 曹子建集,catalog,,
KR4b0005,SB14n112,SB14n112 嵆中散集,catalog,,
KR4b0006,SB14n113,SB14n113 陸士衡文集,catalog,,
KR4b0007,SB14n114,SB14n114 陸士龍文集,catalog,,
KR4b0009,SB14n115,SB14n115 箋註陶淵明集,catalog,,
KR4b0011,SB14n116,SB14n116 鮑氏集,catalog,,
KR4b0012,SB14n117,SB14n117 謝宣城詩集,catalog,,
KR4b0013,SB14n118,SB14n118 梁昭明太子文集,catalog,,
KR4b0016,SB14n119,SB14n119 梁江文通文集,catalog,,
KR4b0019,SB14n120,SB14n120 徐孝穆集,catalog,,
KR4b0018,SB14n121,SB14n121 庾子山集,catalog,,
KR4c0002,SB14n122,SB14n122 寒山詩,catalog,,
KR4c0003,SB14n123,SB14n123 王子安集,catalog,,
KR4c0004,SB14n124,SB14n124 楊盈川集,catalog,,
KR4c0005,SB14n125,SB14n125 幽憂子集,catalog,,
KR4c0007,SB14n126,SB14n126 駱賓王文集,catalog,,
KR4c0008,SB14n127,SB14n127 陳伯玉文集,catalog,,
KR4c0009,SB14n128,SB14n128 張說之文集,catalog,,
KR4c0011,SB14n129,SB14n129 唐丞相曲江張先生文集,catalog,,
KR4c0013,SB14n130,SB14n130 分類補註李太白詩,catalog,,
KR4c0018,SB14n131,SB14n131 分門集註杜工部詩,catalog,,
KR4c0021,SB14n132,SB14n132 須溪先生校本唐王右丞集,catalog,,
KR4c0023,SB14n133,SB14n133 高常侍集,catalog,,
KR4c0025,SB14n134,SB14n134 孟浩然集,catalog,,
KR4c0027,SB14n135,SB14n135 唐元次山文集,catalog,,
KR4c0028,SB14n136,SB14n136 顏魯公文集,catalog,,
KR4c0029,SB14n137,SB14n137 岑嘉州詩,catalog,,
KR4c0031,SB14n138,SB14n138 晝上人集,catalog,,
KR4c0032,SB14n139,SB14n139 劉隨州文集,catalog,,
KR4c0033,SB14n140,SB14n140 韋刺史詩集,catalog,,
KR4c0034,SB14n141,SB14n141 毘陵集,catalog,,
KR4c0037,SB14n142,SB14n142 錢考功集,catalog,,
KR4c0039,SB14n143,SB14n143 唐陸宣公集,catalog,,
KR4c0041,SB14n144,SB14n144 權載之文集,catalog,,
KR4c0044,SB14n145,SB14n145 朱文公校昌黎先生文集,catalog,,
KR4c0049,SB14n146,SB14n146 增廣註釋音辯唐柳先生集,catalog,,
KR4c0051,SB14n147,SB14n147 劉夢得文集,catalog,,
KR4c0052,SB14n148,SB14n148 呂和叔文集,catalog,,
KR4c0053,SB14n149,SB14n149 唐張司業詩集,catalog,,
KR4c0054,SB14n150,SB14n150 皇甫持正文集,catalog,,
KR4c0055,SB14n151,SB14n151 李文,catalog,,
KR4c0056,SB14n152,SB14n152 歐陽行周文集,catalog,,
KR4c0058,SB14n153,SB14n153 孟東野詩集,catalog,,
KR4c0059,SB14n154,SB14n154 唐賈浪仙長江集,catalog,,
KR4c0061,SB14n155,SB14n155 李賀歌詩編,catalog,,
KR4c0065,SB14n156,SB14n156 沈下賢文集,catalog,,
KR4c0067,SB14n157,SB14n157 李文饒文集,catalog,,
KR4c0068,SB14n158,SB14n158 元氏長慶集,catalog,,
KR4c0069,SB14n159,SB14n159 白氏文集,catalog,,
KR4c0072,SB14n160,SB14n160 樊川文集,catalog,,
KR4c0073,SB14n161,SB14n161 姚少監詩集,catalog,,
KR4c0074,SB14n162,SB14n162 唐李義山詩集,catalog,,
KR4c0076,SB14n163,SB14n163 李義山文集,catalog,,
KR4c0077,SB14n164,SB14n164 溫庭筠詩集,catalog,,
KR4c0079,SB14n165,SB14n165 丁卯集,catalog,,
KR4c0080,SB14n166,SB14n166 唐劉蛻集,catalog,,
KR4c0083,SB14n167,SB14n167 唐孫樵集,catalog,,
KR4c0081,SB14n168,SB14n168 李羣玉詩集,catalog,,
KR4c0086,SB14n169,SB14n169 碧雲集,catalog,,
KR4c0087,SB14n170,SB14n170 唐李推官披沙集,catalog,,
KR4c0088,SB14n171,SB14n171 皮日休文集,catalog,,
KR4c0090,SB14n172,SB14n172 唐甫里先生文集,catalog,,
KR4c0092,SB14n173,SB14n173 玉川子詩集,catalog,,
KR4c0095,SB14n174,SB14n174 司空表聖文集,catalog,,
KR4c0096,SB14n175,SB14n175 司空表聖詩集,catalog,,
KR4c0098,SB14n176,SB14n176 玉山樵人集,catalog,,
KR4c0100,SB14n177,SB14n177 桂苑筆耕集,catalog,,
KR4c0103,SB14n178,SB14n178 唐黃先生文集,catalog,,
KR4c0108,SB14n179,SB14n179 甲乙集,catalog,,
KR4c0109,SB14n180,SB14n180 白蓮集,catalog,,
KR4c0110,SB14n181,SB14n181 禪月集,catalog,,
KR4c0111,SB14n182,SB14n182 浣花集,catalog,,
KR5b0321,SB14n183,SB14n183 廣成集,catalog,,
KR4d0001,SB14n184,SB14n184 徐公文集,catalog,,
KR4d0002,SB14n185,SB14n185 河東先生集,catalog,,
KR4d0009,SB14n186,SB14n186 王黃州小畜集,catalog,,
KR4d0010,SB14n187,SB14n187 王黃州小畜外集殘,catalog,,
KR4d0013,SB14n188,SB14n188 宋林和靖先生詩集,catalog,,
KR4d0015,SB14n189,SB14n189 河南穆公集,catalog,,
KR4d0025,SB14n190,SB14n190 范文正公集,catalog,,
KR4d0026,SB14n191,SB14n191 河南先生文集,catalog,,
KR4d0034,SB14n192,SB14n192 蘇學士文集,catalog,,
KR4d0040,SB14n193,SB14n193 溫國文正公文集,catalog,,
KR4d0042,SB14n194,SB14n194 直講李先生文集,catalog,,
KR4d0048,SB14n195,SB14n195 陳眉公先生訂正丹淵集,catalog,,
KR4d0054,SB14n196,SB14n196 南豐先生元豐類蒿,catalog,,
KR4d0056,SB14n197,SB14n197 宛陵先生集,catalog,,
KR5d0065,SB14n198,SB14n198 伊川擊壤集,catalog,,
KR4d0069,SB14n199,SB14n199 歐陽文忠公集,catalog,,
KR4d0072,SB14n200,SB14n200 嘉祐集,catalog,,
KR4d0073,SB14n201,SB14n201 臨川先生文集,catalog,,
KR4d0078,SB14n202,SB14n202 增刊校正王狀元集註分類東坡先生詩,catalog,,
KR4d0079,SB14n203,SB14n203 經進東坡文集事略,catalog,,
KR4d0082,SB14n204,SB14n204 欒城集,catalog,,
KR4d0083,SB14n205,SB14n205 欒城應詔集,catalog,,
KR4d0182,SB14n206,SB14n206 豫章黃先生文集,catalog,,
KR4d0088,SB14n207,SB14n207 后山詩註,catalog,,
KR4d0090,SB14n208,SB14n208 張右史文集,catalog,,
KR4d0091,SB14n209,SB14n209 淮海集,catalog,,
KR6q0193,SB14n210,SB14n210 石門文字禪,catalog,,
KR4d0105,SB14n211,SB14n211 濟北晁先生雞肋集,catalog,,
KR4d0145,SB14n212,SB14n212 浮溪集,catalog,,
KR4d0154,SB14n213,SB14n213 增廣箋註簡齋詩集,catalog,,
KR4d0155,SB14n214,SB14n214 簡齋詩外集,catalog,,
KR4d0216,SB14n215,SB14n215 于湖居士文集,catalog,,
KR4d0226,SB14n216,SB14n216 晦菴先生朱文公文集,catalog,,
KR4d0233,SB14n217,SB14n217 止齋先生文集,catalog,,
KR4d0235,SB14n218,SB14n218 梅溪先生廷試策奏議,catalog,,
KR4d0243,SB14n219,SB14n219 攻媿集,catalog,,
KR4d0253,SB14n220,SB14n220 象山先生全集,catalog,,
KR4d0261,SB14n221,SB14n221 盤洲文集,catalog,,
KR4d0265,SB14n222,SB14n222 石湖居士詩集,catalog,,
KR4d0266,SB14n223,SB14n223 誠齋集,catalog,,
KR4d0268,SB14n224,SB14n224 渭南文集,catalog,,
KR4d0269,SB14n225,SB14n225 澗谷精選陸放翁詩集前集,catalog,,
KR4d0273,SB14n226,SB14n226 水心先生文集,catalog,,
KR4d0305,SB14n227,SB14n227 重校鶴山先生大全文集,catalog,,
KR4d0306,SB14n228,SB14n228 西山先生眞文忠公文集,catalog,,
KR4d0309,SB14n229,SB14n229 白石道人詩集,catalog,,
KR4d0340,SB14n230,SB14n230 後村先生大全集,catalog,,
KR4d0365,SB14n231,SB14n231 文山先生全集,catalog,,
KR4d0417,SB14n232,SB14n232 閑閑老人滏水文集,catalog,,
KR4d0418,SB14n233,SB14n233 滹南遺老集,catalog,,
KR4d0420,SB14n234,SB14n234 遺山先生文集,catalog,,
KR4d0421,SB14n235,SB14n235 湛然居士文集,catalog,,
KR4d0431,SB14n236,SB14n236 剡源戴先生文集,catalog,,
KR4d0445,SB14n237,SB14n237 松雪齋文集,catalog,,
KR4d0454,SB14n238,SB14n238 靜修先生文集,catalog,,
KR4d0464,SB14n239,SB14n239 秋澗先生大全集,catalog,,
KR4d0473,SB14n240,SB14n240 淸容居士集,catalog,,
KR4d0465,SB14n241,SB14n241 牧庵集,catalog,,
KR4d0493,SB14n242,SB14n242 道園學古錄,catalog,,
KR4d0495,SB14n243,SB14n243 翰林楊仲弘詩,catalog,,
KR4d0497,SB14n244,SB14n244 揭文安公全集,catalog,,
KR4d0496,SB14n245,SB14n245 范德機詩集,catalog,,
KR4d0501,SB14n246,SB14n246 淵穎吳先生集,catalog,,
KR4d0503,SB14n247,SB14n247 金華黃先生文集,catalog,,
KR4d0504,SB14n248,SB14n248 圭齋文集,catalog,,
KR4d0505,SB14n249,SB14n249 柳待制文集,catalog,,
KR4d0519,SB14n250,SB14n250 薩天錫詩集,catalog,,
KR4d0544,SB14n251,SB14n251 句曲外史貞居先生詩集,catalog,,
KR4d0569,SB14n252,SB14n252 九靈山房集,catalog,,
KR4d0575,SB14n253,SB14n253 倪雲林先生詩集,catalog,,
KR4d0585,SB14n254,SB14n254 東維子文集,catalog,,
KR4d0586,SB14n255,SB14n255 鐵崖先生古樂府,catalog,,
KR4e0004,SB14n256,SB14n256 宋學士文集,catalog,,
KR4e0006,SB14n257,SB14n257 太師誠意伯劉文成公集,catalog,,
KR4e0023,SB14n258,SB14n258 淸江貝先生文集,catalog,,
KR4e0024,SB14n259,SB14n259 蘇平仲文集,catalog,,
KR4e0029,SB14n260,SB14n260 高太史大全集,catalog,,
KR4e0030,SB14n261,SB14n261 高太史鳧藻集,catalog,,
KR4e0074,SB14n262,SB14n262 遜志齋集,catalog,,
KR4e0131,SB14n263,SB14n263 匏翁家藏集,catalog,,
KR4e0245,SBXX,SBXX 陽明先生集要（初印本）,catalog,,
KR4e0157,SB14n264,SB14n264 王文成公全書 （重印本、縮印本）,catalog,,
KR4e0190,SB14n265,SB14n265 重刊荊川先生文集,catalog,,
KR4e0215,SB14n266,SB14n266 震川先生集,catalog,,
KR4f0006,SB14n267,SB14n267 亭林詩集,catalog,,
KR4f0007,SB14n268,SB14n268 亭林餘集,catalog,,
KR4f0008,SB14n269,SB14n269 南雷文案,catalog,,
KR4f0009,SB14n270,SB14n270 薑齋詩文集,catalog,,
KR4f0010,SB14n271,SB14n271 牧齋初學集,catalog,,
KR4f0011,SB14n272,SB14n272 牧齋有學集,catalog,,
KR4f0013,SB14n273,SB14n273 梅村家藏藁,catalog,,
KR4f0019,SB14n274,SB14n274 漁洋山人精華錄,catalog,,
KR4f0020,SB14n275,SB14n275 堯峰文鈔,catalog,,
KR4f0025,SB14n276,SB14n276 曝書亭集,catalog,,
KR4f0032,SB14n277,SB14n277 陳迦陵文集,catalog,,
KR4f0044,SB14n278,SB14n278 敬業堂詩集,catalog,,
KR4f0045,SB14n279,SB14n279 望溪先生文集,catalog,,
KR4f0049,SB14n280,SB14n280 樊榭山房,catalog,,
KR4f0052,SB14n281,SB14n281 惜抱軒文集,catalog,,
KR4f0053,SB14n282,SB14n282 戴東原集,catalog,,
KR4f0054,SB14n283,SB14n283 鮚埼亭集,catalog,,
KR4f0055,SB14n284,SB14n284 鮚埼亭詩集,catalog,,
KR4f0056,SB14n285,SB14n285 洪北江詩文集,catalog,,
KR4f0057,SB14n286,SB14n286 孫淵如詩文集,catalog,,
KR4f0058,SB14n287,SB14n287 抱經堂文集,catalog,,
KR4f0059,SB14n288,SB14n288 潛研堂文集,catalog,,
KR4f0060,SB14n289,SB14n289 述學內篇,catalog,,
KR4f0061,SB14n290,SB14n290 容甫先生遺詩,catalog,,
KR4f0062,SB14n291,SB14n291 揅經室一集,catalog,,
KR4f0063,SB14n292,SB14n292 大雲山房文稿初集,catalog,,
KR4f0064,SB14n293,SB14n293 定盦文集,catalog,,
KR4f0065,SB14n294,SB14n294 定盦文集補編,catalog,,
KR4f0066,SB14n295,SB14n295 茗柯文初編,catalog,,
KR4f0067,SB14n296,SB14n296 茗柯文補編,catalog,,
KR4f0068,SB14n297,SB14n297 曾文正公詩集,catalog,,
KR4h0003,SB14n298,SB14n298 六臣註文選,catalog,,
KR4h0005,SB14n299,SB14n299 玉臺新詠,catalog,,
KR4h0012,SB14n300,SB14n300 中興閒氣集,catalog,,
KR4h0009,SB14n301,SB14n301 河岳英靈集,catalog,,
KR4h0010,SB14n302,SB14n302 國秀集,catalog,,
KR4h0019,SB14n303,SB14n303 才調集,catalog,,
KR4h0021,SB14n304,SB14n304 古文苑,catalog,,
KR4h0024,SB14n305,SB14n305 重校正唐文粹,catalog,,
KR4h0025,SB14n306,SB14n306 西崑詶唱集,catalog,,
KR4h0034,SB14n307,SB14n307 樂府詩集,catalog,,
KR4h0041,SB14n308,SB14n308 皇朝文鑑,catalog,,
KR4h0069,SB14n309,SB14n309 中州集,catalog,,
KR4h0072,SB14n310,SB14n310 谷音,catalog,,
KR4h0073,SB14n311,SB14n311 河汾諸老詩集,catalog,,
KR4h0081,SB14n312,SB14n312 國朝文類,catalog,,
KR4h0082,SB14n313,SB14n313 皇元風雅前集,catalog,,
KR4h0102,SB14n314,SB14n314 皇明文衡,catalog,,
KR4i0001,SB14n315,SB14n315 文心雕龍,catalog,,
KR4i0025,SB14n316,SB14n316 唐詩紀事,catalog,,
KR4i0012,SB14n317,SB14n317 增修詩話總龜,catalog,,
KR4i0013,SB14n318,SB14n318 花閒集,catalog,,
KR4j0065,SB14n319,SB14n319 樂府雅詩,catalog,,
KR4j0066,SB14n320,SB14n320 唐宋諸賢絕妙詞選,catalog,,
KR4j0067,SB14n321,SB14n321 中興以來絕妙詞選,catalog,,
KR4j0077,SB14n322,SB14n322 增修箋註妙選羣英草堂詩餘前後集,catalog,,
KR4j0081,SB14n323,SB14n323 朝野新聲太平樂府,catalog,,
KR1d0027,SB21n324,SB21n324 儀禮疏,catalog,,
KR1e0003,SB21n325,SB21n325 春秋正義,catalog,,
KR1j0003,SB21n326,SB21n326 爾雅疏,catalog,,
KR1d0055,SB21n330,SB21n330 禮記要義,catalog,,
KR1e0036,SB21n331,SB21n331 春秋傳,catalog,,
KR1e0043,SB21n332,SB21n332 東萊呂太史春秋左傳類編,catalog,,
KR1a0024,SB21n327,SB21n327 周易傳,catalog,,
KR1a0054,SB21n328,SB21n328 周易要義,catalog,,
KR1c0017,SB21n329,SB21n329 呂氏家塾讀詩記,catalog,,
KR1g0004,SB21n333,SB21n333 公是先生七經小傳,catalog,,
KR1h0033,SB21n334,SB21n334 讀四書叢說,catalog,,
KR1j0010,SB21n335,SB21n335 羣經音辨,catalog,,
KR1j0017,SB21n336,SB21n336 急就篇,catalog,,
KR1j0026,SB21n337,SB21n337 汗簡,catalog,,
KR1j0036,SB21n338,SB21n338 龍龕手鑑,catalog,,
KR1j0058,SB21n339,SB21n339 切韻指掌圖,catalog,,
KR1j0060,SB21n340,SB21n340 附釋文互註禮部韻略,catalog,,
KR2e0006,SB22n341,SB22n341 貞觀政要,catalog,,
KR2f0014,SB22n342,SB22n342 盡言集,catalog,,
KR2g0006,SB22n343,SB22n343 孔氏祖庭廣記,catalog,,
KR2g0014,SB22n344,SB22n344 漢丞相諸葛忠武侯傳,catalog,,
KR2i0017,SB22n345,SB22n345 南唐書,catalog,,
KR2i0018,SB22n346,SB22n346 南唐書,catalog,,
KR2i0019,SB22n347,SB22n347 吳越備史,catalog,,
KR2k0009,SB22n348,SB22n348 大淸一統志,catalog,,
KR2l0003,SB22n349,SB22n349 麟臺故事殘,catalog,,
KR2l0019,SB22n350,SB22n350 作邑自箴,catalog,,
KR2n0013,SB22n351,SB22n351 金石錄,catalog,,
KR3a0027,SB23n352,SB23n352 張子語錄,catalog,,
KR4d0137,SB23n353,SB23n353 龜山先生語錄,catalog,,
KR3a0033,SB23n354,SB23n354 程氏家塾讀書分年日程,catalog,,
KR3c0008,SB23n355,SB23n355 棠陰比事,catalog,,
KR3h0017,SB23n356,SB23n356 圖畫見聞誌,catalog,,
KR3h0040,SB23n357,SB23n357 法書攷,catalog,,
KR3h0085,SB23n358,SB23n358 嘯堂集古錄,catalog,,
KR3i0043,SB23n359,SB23n359 飲膳正要,catalog,,
KR3j0038,SB23n360,SB23n360 容齋隨筆,catalog,,
KR3j0092,SB23n361,SB23n361 夢溪筆談,catalog,,
KR3j0124,SB23n362,SB23n362 愧郯錄,catalog,,
KR3l0014,SB23n363,SB23n363 雲谿友議,catalog,,
KR3l0016,SB23n364,SB23n364 雲仙雜記,catalog,,
KR3l0062,SB23n365,SB23n365 揮麈前錄,catalog,,
KR3l0067,SB23n366,SB23n366 淸波雜志,catalog,,
KR3l0072,SB23n367,SB23n367 桯史,catalog,,
KR3l0117,SB23n368,SB23n368 括異志,catalog,,
KR3l0126,SB23n369,SB23n369 續幽怪錄,catalog,,
KR4c0001,SB24n370,SB24n370 東皐子集,catalog,,
KR4c0093,SB24n371,SB24n371 宋之問集,catalog,,
KR4c0094,SB24n372,SB24n372 鄭守愚文集,catalog,,
KR4c0097,SB24n373,SB24n373 朱慶餘詩集,catalog,,
KR4c0113,SB24n374,SB24n374 周賀詩集,catalog,,
KR4c0114,SB24n375,SB24n375 李丞相詩集,catalog,,
KR4d0033,SB24n376,SB24n376 雪竇顯和尚明覺大師頌古集,catalog,,
KR4d0085,SB24n377,SB24n377 山谷外集詩注,catalog,,
KR4d0104,SB24n378,SB24n378 嵩山文集,catalog,,
KR4d0156,SB24n379,SB24n379 北山小集,catalog,,
KR4d0167,SB24n380,SB24n380 沈忠敏公龜谿集,catalog,,
KR4d0171,SB24n381,SB24n381 韋齋集,catalog,,
KR4d0195,SB24n382,SB24n382 東萊先生詩集,catalog,,
KR4d0211,SB24n383,SB24n383 范香溪先生文集,catalog,,
KR4d0278,SB24n384,SB24n384 石屏詩集,catalog,,
KR4d0311,SB24n385,SB24n385 平齋文集,catalog,,
KR4d0323,SB24n386,SB24n386 梅亭先生四六標準,catalog,,
KR4d0331,SB24n387,SB24n387 三山鄭菊山先生淸雋集,catalog,,
KR4d0341,SB24n388,SB24n388 先天集,catalog,,
KR4d0367,SB24n389,SB24n389 疊山集,catalog,,
KR4d0373,SB24n390,SB24n390 蕭氷厓詩集拾遺,catalog,,
KR4d0460,SB24n391,SB24n391 許白雲先生文集,catalog,,
KR4d0520,SB24n392,SB24n392 存復齋文集,catalog,,
KR4d0524,SB24n393,SB24n393 靑陽先生文集,catalog,,
KR4d0530,SB24n394,SB24n394 蛻菴詩,catalog,,
KR4d0593,SB24n395,SB24n395 張光弼詩集,catalog,,
KR4f0069,SB24n396,SB24n396 茗齋集,catalog,,
KR4j0068,SB24n397,SB24n397 雍熙樂府,catalog,,
KR4j0069,SB24n398,SB24n398 白雪齋選訂樂府吳騷合編,catalog,,
KR1b0003,SB31n399,SB31n399 尚書正義,catalog,,
KR1d0061,SB31n400,SB31n400 禮記正義殘,catalog,,
KR1a0003,SB31n401,SB31n401 周易鄭康成注,catalog,,
KR1c0008,SB31n402,SB31n402 詩本義,catalog,,
KR1c0009,SB31n403,SB31n403 詩集傳,catalog,,
KR1d0078,SB31n404,SB31n404 析城鄭氏家塾重校三禮圖,catalog,,
KR1h0042,SB31n405,SB31n405 中庸說殘,catalog,,
KR1h0013,SB31n406,SB31n406 張狀元孟子傳殘,catalog,,
KR1j0031,SB31n407,SB31n407 復古編,catalog,,
KR1j0032,SB31n408,SB31n408 班馬字類,catalog,,
KR2a0028,SB32n409,SB32n409 新唐書糾謬,catalog,,
KR2b0027,SB32n410,SB32n410 編年通載殘,catalog,,
KR2f0003,SB32n411,SB32n411 太宗皇帝實錄殘,catalog,,
KR2d0014,SB32n412,SB32n412 元朝秘史,catalog,,
KR2d0016,SB32n413,SB32n413 明史鈔略殘,catalog,,
KR2d0017,SB32n414,SB32n414 罪惟錄,catalog,,
KR2d0018,,SB32n415 東山國語,catalog,,
KR2e0016,SB32n416,SB32n416 弔伐錄,catalog,,
KR2k0001,SB32n417,SB32n417 三輔黃圖,catalog,,
KR2k0037,,SB32n418 天下郡國利病書,catalog,,
KR6r0127,SB32n419,SB32n419 洛陽伽藍記,catalog,,
KR2l0021,SB32n420,SB32n420 爲政忠告,catalog,,
KR2m0054,SB32n421,SB32n421 故唐律疏義,catalog,,
KR2n0002,SB32n422,SB32n422 昭德先生邵齋讀書志,catalog,,
KR2n0017,SB32n423,SB32n423 隸釋,catalog,,
KR2n0044,SB32n424,SB32n424 淳化祕閣法帖考正,catalog,,
KR3g0004,SB33n425,SB33n425 潛虛,catalog,,
KR3d0009,SB33n426,SB33n426 野菜博錄,catalog,,
KR3h0039,SB33n427,SB33n427 圖畫攷,catalog,,
KR3j0024,SB33n428,SB33n428 獨斷,catalog,,
KR3j0025,SB33n429,SB33n429 古今註,catalog,,
KR3j0055,SB33n430,SB33n430 困學紀聞,catalog,,
KR3j0112,SB33n431,SB33n431 墨莊漫錄,catalog,,
KR3k0012,SB33n432,SB33n432 太平御覽,catalog,,
KR3k0035,SB33n433,SB33n433 小字錄,catalog,,
KR3l0027,SB33n434,SB33n434 丞相魏公譚訓,catalog,,
KR3l0084,SB33n435,SB33n435 南村輟耕錄,catalog,,
KR6q0003,SB33n436,SB33n436 景德傳燈錄,catalog,,
KR5c0048,SB33n437,SB33n437 文始眞經,catalog,,
KR5c0140,SB33n438,SB33n438 通玄眞經,catalog,,
KR5c0142,SB33n439,SB33n439 新雕洞靈眞經,catalog,,
KR4c0016,SB34n440,SB34n440 唐皇甫冉詩集,catalog,,
KR4c0082,SB34n441,SB34n441 梨嶽詩集,catalog,,
KR4c0091,SB34n442,SB34n442 胡曾詠史詩,catalog,,
KR4c0101,SB34n443,SB34n443 唐秘書省正字先輩徐公釣磯文集,catalog,,
KR4d0006,SB34n444,SB34n444 史愍公詩集,catalog,,
KR6r0148,SB34n445,SB34n445 鐔津文集,catalog,,
KR4d0093,SB34n446,SB34n446 參寥子詩集,catalog,,
KR4d0036,SB34n447,SB34n447 沈氏三先生文集,catalog,,
KR4d0130,SB34n448,SB34n448 眉山唐先生文集,catalog,,
KR4d0159,SB34n449,SB34n449 華陽集,catalog,,
KR4j0079,SB34n450,SB34n450 頤堂先生文集,catalog,,
KR4d0207,SB34n451,SB34n451 默堂先生文集,catalog,,
KR4d0318,SB34n452,SB34n452 翠微南征錄,catalog,,
KR4d0394,SB34n453,SB34n453 有宋福建莆陽黃仲元四如先生文藳,catalog,,
KR4d0408,SB34n454,SB34n454 吾汶蒿,catalog,,
KR4d0561,SB34n455,SB34n455 龜巢藁,catalog,,
KR4d0590,SB34n456,SB34n456 夷白齋藁,catalog,,
KR4d0588,SB34n457,SB34n457 蟻術詩選,catalog,,
KR4e0021,SB34n458,SB34n458 密菴詩藁,catalog,,
KR4e0041,SB34n459,SB34n459 眉菴集,catalog,,
KR4e0038,SB34n460,SB34n460 靜居集,catalog,,
KR4e0043,SB34n461,SB34n461 北郭集,catalog,,
KR4e0051,SB34n462,SB34n462 蚓竅集,catalog,,
KR4e0108,SB34n463,SB34n463 白沙子,catalog,,
KR4f0021,SB34n464,SB34n464 居易堂集,catalog,,
KR4h0018,SB34n465,SB34n465 竇氏聯珠集,catalog,,
KR4j0007,SB34n466,SB34n466 山谷琴趣外篇,catalog,,
KR4j0023,SB34n467,SB34n467 虛齋樂府,catalog,,
KR4j0082,SB34n468,SB34n468 梨園按試樂府新聲,catalog,,
KR1a0002,S1a0003,子夏易傳,catalog,,
KR1a0003,S1a0004,周易鄭康成註,catalog,,
KR1a0004,S1a0005,增補鄭氏周易,catalog,,
KR1a0005,S1a0006,陸氏易解,catalog,,
KR1a0006,S1a0007,周易註,catalog,,
KR1a0007,S1a0008,周易註疏,catalog,,
KR1a0008,S1a0009,周易集解,catalog,,
KR1a0009,S1a0010,周易口訣義,catalog,,
KR1a0010,S1a0011,周易擧正,catalog,,
KR1a0011,S1a0012,易數鈎隱圖,catalog,,
KR1a0012,S1a0013,周易口義,catalog,,
KR1a0013,S1a0014,溫公易說,catalog,,
KR1a0014,S1a0015,橫渠易說,catalog,,
KR1a0015,S1a0016,東坡易傳,catalog,,
KR1a0016,S1a0017,伊川易傳,catalog,,
KR1a0017,S1a0018,易學辨惑,catalog,,
KR1a0018,S1a0019,了齋易說,catalog,,
KR1a0019,S1a0020,吳園周易解,catalog,,
KR1a0020,S1a0021,周易新講義,catalog,,
KR1a0021,S1a0022,紫巖易傳,catalog,,
KR1a0022,S1a0023,讀易詳說,catalog,,
KR1a0023,S1a0024,易小傳,catalog,,
KR1a0024,S1a0025,漢上易傳,catalog,,
KR1a0025,S1a0026,周易窺餘,catalog,,
KR1a0026,S1a0027,易璇璣,catalog,,
KR1a0027,S1a0028,易變體義,catalog,,
KR1a0028,S1a0029,周易經傳集解,catalog,,
KR1a0029,S1a0030,易原,catalog,,
KR1a0030,S1a0031,周易古占法,catalog,,
KR1a0031,S1a0032,原本周易本義,catalog,,
KR1a0032,S1a0033,別本周易本義,catalog,,
KR1a0033,S1a0034,郭氏傳家易說,catalog,,
KR1a0034,S1a0035,周易義海撮要,catalog,,
KR1a0035,S1a0036,南軒易說,catalog,,
KR1a0036,S1a0037,復齋易說,catalog,,
KR1a0037,S1a0038,楊氏易傳,catalog,,
KR1a0038,S1a0039,周易玩辭,catalog,,
KR1a0039,S1a0040,趙氏易說,catalog,,
KR1a0040,S1a0041,誠齋易傳,catalog,,
KR1a0041,S1a0042,大易粹言,catalog,,
KR1a0042,S1a0043,易圖說,catalog,,
KR1a0043,S1a0044,古周易,catalog,,
KR1a0044,S1a0045,易傳燈,catalog,,
KR1a0045,S1a0046,易裨傳,catalog,,
KR1a0046,S1a0047,厚齋易學,catalog,,
KR1a0047,S1a0048,童溪易傳,catalog,,
KR1a0048,S1a0049,周易總義,catalog,,
KR1a0049,S1a0050,西谿易說,catalog,,
KR1a0050,S1a0051,丙子學易編,catalog,,
KR1a0051,S1a0052,易通,catalog,,
KR1a0052,S1a0053,周易赴爻經傳訓解,catalog,,
KR1a0053,S1a0054,易象意言,catalog,,
KR1a0054,S1a0055,周易要義,catalog,,
KR1a0055,S1a0056,易翼傳,catalog,,
KR1a0056,S1a0057,文公易說,catalog,,
KR1a0057,S1a0058,易學啟蒙小傳,catalog,,
KR1a0058,S1a0059,周易輯聞,catalog,,
KR1a0059,S1a0060,用易詳解,catalog,,
KR1a0060,S1a0061,淙山讀周易,catalog,,
KR1a0061,S1a0062,周易傳義附錄,catalog,,
KR1a0062,S1a0063,易學啟蒙通釋,catalog,,
KR1a0063,S1a0064,三易備遺,catalog,,
KR1a0064,S1a0065,周易集說,catalog,,
KR1a0065,S1a0066,讀易擧要,catalog,,
KR1a0066,S1a0067,易象義,catalog,,
KR1a0067,S1a0068,易圖通變,catalog,,
KR1a0068,S1a0069,讀易私言,catalog,,
KR1a0069,S1a0070,易附錄纂註,catalog,,
KR1a0070,S1a0071,周易啟蒙翼傳,catalog,,
KR1a0071,S1a0072,易纂言,catalog,,
KR1a0072,S1a0073,易纂言外翼,catalog,,
KR1a0073,S1a0074,易源奧義,catalog,,
KR1a0074,S1a0075,周易程朱傳義折衷,catalog,,
KR1a0075,S1a0076,周易衍義,catalog,,
KR1a0076,S1a0077,易學濫觴,catalog,,
KR1a0077,S1a0078,大易緝說,catalog,,
KR1a0078,S1a0079,周易本義通釋,catalog,,
KR1a0079,S1a0080,周易本義集成,catalog,,
KR1a0080,S1a0081,大易象數鈎深圖,catalog,,
KR1a0081,S1a0082,學易記,catalog,,
KR1a0082,S1a0083,周易集傳,catalog,,
KR1a0083,S1a0084,讀易考原,catalog,,
KR1a0084,S1a0085,易精蘊大義,catalog,,
KR1a0085,S1a0086,易學變通,catalog,,
KR1a0086,S1a0087,周易會通,catalog,,
KR1a0087,S1a0088,周易圖說,catalog,,
KR1a0088,S1a0089,周易爻變易縕,catalog,,
KR1a0089,S1a0090,周易參義,catalog,,
KR1a0090,S1a0091,周易文詮,catalog,,
KR1a0091,S1a0092,周易傳義大全,catalog,,
KR1a0092,S1a0093,易經蒙引,catalog,,
KR1a0093,S1a0094,讀易餘言,catalog,,
KR1a0094,S1a0095,啟蒙意見,catalog,,
KR1a0095,S1a0096,易經存疑,catalog,,
KR1a0096,S1a0097,周易辯錄,catalog,,
KR1a0097,S1a0098,易像鈔,catalog,,
KR1a0098,S1a0099,周易象旨決錄,catalog,,
KR1a0099,S1a0100,易象鈎解,catalog,,
KR1a0100,S1a0101,周易集註,catalog,,
KR1a0101,S1a0102,讀易紀聞,catalog,,
KR1a0102,S1a0103,葉八白易傳,catalog,,
KR1a0103,S1a0104,讀易述,catalog,,
KR1a0104,S1a0105,像象管見,catalog,,
KR1a0105,S1a0106,周易劄記,catalog,,
KR1a0106,S1a0107,周易易簡說,catalog,,
KR1a0107,S1a0108,易義古象通,catalog,,
KR1a0108,S1a0109,周易像象述,catalog,,
KR1a0109,S1a0110,易用,catalog,,
KR1a0110,S1a0111,易象正,catalog,,
KR1a0111,S1a0112,兒易內儀以,catalog,,
KR1a0112,S1a0113,卦變考略,catalog,,
KR1a0113,S1a0114,古周易訂詁,catalog,,
KR1a0114,S1a0115,周易玩辭困學記,catalog,,
KR1a0115,S1a0116,易經通注,catalog,,
KR1a0116,S1a0117,日講易經解義,catalog,,
KR1a0117,S1a0118,御纂周易折中,catalog,,
KR1a0118,S1a0119,御纂周易述義,catalog,,
KR1a0119,S1a0120,讀易大旨,catalog,,
KR1a0120,S1a0121,周易稗疏,catalog,,
KR1a0121,S1a0122,易酌,catalog,,
KR1a0122,S1a0123,田間易學,catalog,,
KR1a0123,S1a0124,易學象數論,catalog,,
KR1a0124,S1a0125,周易象辭,catalog,,
KR1a0125,S1a0126,周易筮述,catalog,,
KR1a0126,S1a0127,仲氏易,catalog,,
KR1a0127,S1a0128,推易始末,catalog,,
KR1a0128,S1a0129,春秋占筮書,catalog,,
KR1a0129,S1a0130,易小帖,catalog,,
KR1a0130,S1a0131,易俟,catalog,,
KR1a0131,S1a0132,讀易日鈔,catalog,,
KR1a0132,S1a0133,周易通論,catalog,,
KR1a0133,S1a0134,周易觀彖,catalog,,
KR1a0134,S1a0135,周易淺述,catalog,,
KR1a0135,S1a0136,易原就正,catalog,,
KR1a0136,S1a0137,大易通解,catalog,,
KR1a0137,S1a0138,易經衷論,catalog,,
KR1a0138,S1a0139,易圖明辨,catalog,,
KR1a0139,S1a0140,合訂刪補大易集義粹言,catalog,,
KR1a0140,S1a0141,周易傳註,catalog,,
KR1a0141,S1a0142,周易劄記,catalog,,
KR1a0142,S1a0143,周易傳義合訂,catalog,,
KR1a0143,S1a0144,周易玩辭集解,catalog,,
KR1a0144,S1a0145,惠氏易說,catalog,,
KR1a0145,S1a0146,周易函書約存,catalog,,
KR1a0146,S1a0147,易箋,catalog,,
KR1a0147,S1a0148,學易初津,catalog,,
KR1a0147,S1a0148a,易翼宗,catalog,,
KR1a0147,S1a0148b,易翼說,catalog,,
KR1a0150,S1a0149,周易孔義集說,catalog,,
KR1a0151,S1a0150,易翼述信,catalog,,
KR1a0152,S1a0151,周易淺釋,catalog,,
KR1a0153,S1a0152,周易洗心,catalog,,
KR1a0154,S1a0153,豐川易說,catalog,,
KR1a0155,S1a0154,周易述,catalog,,
KR1a0156,S1a0155,易漢學,catalog,,
KR1a0157,S1a0156,易例,catalog,,
KR1a0158,S1a0157,易象大意存解,catalog,,
KR1a0159,S1a0158,大易擇言,catalog,,
KR1a0160,S1a0159,周易辨畫,catalog,,
KR1a0161,S1a0160,周易圖書質疑,catalog,,
KR1a0162,S1a0161,周易章句證異,catalog,,
KR1a0163,S1a0162,乾坤鑿度,catalog,,
KR1a0164,S1a0163,易緯稽覽圖,catalog,,
KR1a0165,S1a0164,易緯辨終備,catalog,,
KR1a0166,S1a0165,周易乾鑿度,catalog,,
KR1a0167,S1a0166,易緯通卦驗,catalog,,
KR1a0168,S1a0167,易緯乾元序制記,catalog,,
KR1a0169,S1a0168,易緯是類謀,catalog,,
KR1a0170,S1a0169,易緯坤靈圖,catalog,,
KR1b0004,S1a0170,尚書注疏,catalog,,
KR1b0005,S1a0171,洪範口義,catalog,,
KR1b0006,S1b0172,書傳,catalog,,
KR1b0007,S1b0173,尚書全解,catalog,,
KR1b0008,S1b0174,禹貢指南,catalog,,
KR1b0009,S1b0175,禹貢論,catalog,,
KR1b0010,S1b0176,尚書講義,catalog,,
KR1b0011,S1b0177,夏氏尚書詳解,catalog,,
KR1b0012,S1b0178,禹貢說斷,catalog,,
KR1b0013,S1b0179,增修東萊書說,catalog,,
KR1b0014,S1b0180,尚書說,catalog,,
KR1b0015,S1b0181,五誥解,catalog,,
KR1b0016,S1b0182,絜齋家塾書鈔,catalog,,
KR1b0017,S1b0183,書經集傳,catalog,,
KR1b0018,S1b0184,尚書精義,catalog,,
KR1b0019,S1b0185,陳氏尚書詳解,catalog,,
KR1b0020,S1b0186,融尚書解,catalog,,
KR1b0021,S1b0187,洪範統一,catalog,,
KR1b0022,S1b0188,尚書要義,catalog,,
KR1b0023,S1b0189,書集傳或問,catalog,,
KR1b0024,S1b0190,胡氏尚書詳解,catalog,,
KR1b0025,S1b0191,尚書表注,catalog,,
KR1b0026,S1b0192,書纂言,catalog,,
KR1b0027,S1b0193,書集傳纂疏,catalog,,
KR1b0028,S1b0194,讀書叢說,catalog,,
KR1b0029,S1b0195,書傳輯錄纂註,catalog,,
KR1b0030,S1b0196,尚書通考,catalog,,
KR1b0031,S1b0197,書蔡氏傳旁通,catalog,,
KR1b0032,S1b0198,讀書管見,catalog,,
KR1b0033,S1b0199,書義斷法,catalog,,
KR1b0034,S1b0200,尚書纂傳,catalog,,
KR1b0035,S1b0201,尚書句解,catalog,,
KR1b0036,S1b0202,書傳會選,catalog,,
KR1b0037,S1b0203,書經大全,catalog,,
KR1b0038,S1b0204,尚書考異,catalog,,
KR1b0039,S1b0205,尚書疑義,catalog,,
KR1b0040,S1b0206,尚書日記,catalog,,
KR1b0041,S1b0207,尚書砭蔡編,catalog,,
KR1b0042,S1b0208,尚書注考,catalog,,
KR1b0043,S1b0209,尚書疏衍,catalog,,
KR1b0044,S1b0210,洪範明義,catalog,,
KR1b0045,S1b0211,日講書經解義,catalog,,
KR1b0046,S1b0212,欽定書經傳說彙纂,catalog,,
KR1b0047,S1b0213,尚書稗疏,catalog,,
KR1b0048,S1b0214,尚書古文疏證,catalog,,
KR1b0049,S1b0215,古文尚書寃詞,catalog,,
KR1b0050,S1b0216,尚書廣聽錄,catalog,,
KR1b0051,S1b0217,尚書埤傳,catalog,,
KR1b0052,S1b0218,禹貢長箋,catalog,,
KR1b0053,S1b0219,禹貢錐指,catalog,,
KR1b0054,S1b0220,洪範正論,catalog,,
KR1b0055,S1b0221,尚書七篇解義,catalog,,
KR1b0056,S1b0222,書經衷論,catalog,,
KR1b0057,S1b0223,尚書地理今釋,catalog,,
KR1b0058,S1b0224,禹貢會箋,catalog,,
KR1b0059,S1b0225,尚書大傳,catalog,,
KR1b0060,S1b0226,書義矜式,catalog,,
KR1c0003,S1b0227,詩序,catalog,,
KR1c0004,S1b0228,毛詩注疏,catalog,,
KR1c0005,S1b0229,毛詩草木鳥獸蟲魚疏,catalog,,
KR1c0006,S1c0230,陸氏詩疏廣要,catalog,,
KR1c0007,S1c0231,毛詩指說,catalog,,
KR1c0008,S1c0232,詩本義,catalog,,
KR1c0010,S1c0233,蘇氏詩集傳,catalog,,
KR1c0011,S1c0234,毛詩名物解,catalog,,
KR1c0012,S1c0235,毛詩李黃集解,catalog,,
KR1c0013,S1c0236,詩補傳,catalog,,
KR1c0014,S1c0237,詩總聞,catalog,,
KR1c0015,S1c0238,詩經集傳,catalog,,
KR1c0016,S1c0239,慈湖詩傳,catalog,,
KR1c0017,S1c0240,呂氏家塾讀詩記,catalog,,
KR1c0018,S1c0241,續呂氏家塾讀詩記,catalog,,
KR1c0019,S1c0242,絜齋毛詩經筵講義,catalog,,
KR1c0020,S1c0243,毛詩講義,catalog,,
KR1c0021,S1c0244,詩童子問,catalog,,
KR1c0022,S1c0245,段氏毛詩集解,catalog,,
KR1c0023,S1c0246,詩緝,catalog,,
KR1c0024,S1c0247,詩傳遺說,catalog,,
KR1c0025,S1c0248,詩考,catalog,,
KR1c0026,S1c0249,詩地理考,catalog,,
KR1c0027,S1c0250,詩集傳名物鈔,catalog,,
KR1c0028,S1c0251,詩傳通釋,catalog,,
KR1c0029,S1c0252,詩傳旁通,catalog,,
KR1c0030,S1c0253,詩經疏義會通,catalog,,
KR1c0031,S1c0254,詩經欵問,catalog,,
KR1c0032,S1c0255,詩纘緖,catalog,,
KR1c0033,S1c0256,詩演義,catalog,,
KR1c0034,S1c0257,詩解頤,catalog,,
KR1c0035,S1c0258,詩傳大全,catalog,,
KR1c0036,S1c0259,詩說解頤,catalog,,
KR1c0037,S1c0260,讀詩私記,catalog,,
KR1c0038,S1c0261,詩故,catalog,,
KR1c0039,S1c0262,六家詩名物疏,catalog,,
KR1c0040,S1c0263,重訂詩經疑問,catalog,,
KR1c0041,S1c0264,詩經世本古義,catalog,,
KR1c0042,S1c0265,待軒詩記,catalog,,
KR1c0043,S1c0266,讀詩略記,catalog,,
KR1c0044,S1c0267,欽定詩經傳說彙纂,catalog,,
KR1c0045,S1c0268,御纂詩義折中,catalog,,
KR1c0046,S1c0269,田間詩學,catalog,,
KR1c0047,S1c0270,詩經稗疏,catalog,,
KR1c0048,S1c0271,詩經通義,catalog,,
KR1c0049,S1c0272,毛詩稽古編,catalog,,
KR1c0050,S1c0273,詩所,catalog,,
KR1c0051,S1c0274,毛詩寫官記,catalog,,
KR1c0051,S1c0274a,詩札,catalog,,
KR1c0053,S1c0275,詩傳詩說駁義,catalog,,
KR1c0054,S1c0276,續詩傳鳥名卷,catalog,,
KR1c0055,S1c0277,詩識名解,catalog,,
KR1c0056,S1c0278,詩傳名物集覽,catalog,,
KR1c0057,S1c0279,詩說,catalog,,
KR1c0058,S1c0280,詩經劄記,catalog,,
KR1c0059,S1c0281,讀詩質疑,catalog,,
KR1c0060,S1c0282,毛詩類釋,catalog,,
KR1c0061,S1c0283,詩欵辨證,catalog,,
KR1c0062,S1c0284,三家詩拾遺,catalog,,
KR1c0063,S1c0285,詩瀋,catalog,,
KR1c0064,S1c0286,詩序補義,catalog,,
KR1c0065,S1c0287,虞東學詩,catalog,,
KR1c0066,S1c0288,詩外外傳,catalog,,
KR1d0003,S1d0289,周禮注疏,catalog,,
KR1d0004,S1d0290,周官新義,catalog,,
KR1d0005,S1d0291,周禮詳解,catalog,,
KR1d0006,S1d0292,周禮復古編,catalog,,
KR1d0007,S1d0293,禮經會元,catalog,,
KR1d0008,S1d0294,太平經國書,catalog,,
KR1d0009,S1d0295,周官總義,catalog,,
KR1d0010,S1d0296,周禮訂義,catalog,,
KR1d0011,S1d0297,鬳齋考工記解,catalog,,
KR1d0012,S1d0298,周禮句解,catalog,,
KR1d0013,S1d0299,周禮集說,catalog,,
KR1d0014,S1d0300,周官集傳,catalog,,
KR1d0015,S1d0301,周禮傳,catalog,,
KR1d0016,S1d0302,周禮全經釋原,catalog,,
KR1d0017,S1d0303,周禮註疏刪翼,catalog,,
KR1d0018,S1d0304,欽定周官義疏,catalog,,
KR1d0019,S1d0305,周禮述註,catalog,,
KR1d0020,S1d0306,周禮纂訓,catalog,,
KR1d0021,S1d0307,周官集注,catalog,,
KR1d0022,S1d0308,禮說,catalog,,
KR1d0023,S1d0309,周官祿田考,catalog,,
KR1d0024,S1d0310,周禮疑義擧要,catalog,,
KR1d0028,S1d0311,儀禮注疏,catalog,,
KR1d0029,S1d0312,儀禮識誤,catalog,,
KR1d0030,S1d0313,儀禮集釋,catalog,,
KR1d0031,S1d0314,儀禮釋宮,catalog,,
KR1d0032,S1d0315,儀禮圖,catalog,,
KR1d0033,S1d0316,儀禮要義,catalog,,
KR1d0034,S1d0317,儀禮逸經,catalog,,
KR1d0035,S1d0318,儀禮集說,catalog,,
KR1d0036,S1d0319,經禮補逸,catalog,,
KR1d0037,S1d0320,欽定儀禮義疏,catalog,,
KR1d0038,S1d0321,儀禮鄭註句讀,catalog,,
KR1d0039,S1d0322,儀禮商,catalog,,
KR1d0040,S1d0323,儀禮述註,catalog,,
KR1d0041,S1d0324,儀禮析疑,catalog,,
KR1d0042,S1d0325,儀禮章句,catalog,,
KR1d0043,S1d0326,補饗禮,catalog,,
KR1d0044,S1d0327,禮經本義,catalog,,
KR1d0045,S1d0328,宮室考,catalog,,
KR1d0046,S1d0329,天子肆獻祼饋食禮,catalog,,
KR1d0047,S1d0330,儀禮釋宮增注,catalog,,
KR1d0048,S1d0331,儀禮小疏,catalog,,
KR1d0049,S1d0332,儀禮集編,catalog,,
KR1d0050,S1d0333,內外服制通釋,catalog,,
KR1d0051,S1d0334,讀禮通考,catalog,,
KR1d0053,S1d0335,禮記注疏,catalog,,
KR1d0056,S1d0336,月令解,catalog,,
KR1d0057,S1d0337,禮記集說,catalog,,
KR1d0058,S1d0338,禮記纂言,catalog,,
KR1d0059,S1d0339,禮記集說,catalog,,
KR1d0060,S1d0340,禮記大全,catalog,,
KR1d0062,S1d0341,月令明義,catalog,,
KR1d0063,S1d0342,表記集傳,catalog,,
KR1d0064,S1d0343,坊記集傳,catalog,,
KR1d0065,S1d0344,緇衣集傳,catalog,,
KR1d0066,S1d0345,儒行集傳,catalog,,
KR1d0067,S1d0346,日講禮記解義,catalog,,
KR1d0068,S1d0347,欽定禮記義疏,catalog,,
KR1d0069,S1d0348,深衣考,catalog,,
KR1d0070,S1d0349,陳氏禮記集說補正,catalog,,
KR1d0071,S1d0350,禮記述註,catalog,,
KR1d0072,S1d0351,禮記析疑,catalog,,
KR1d0073,S1d0352,檀弓疑問,catalog,,
KR1d0074,S1d0353,禮記訓義擇言,catalog,,
KR1d0075,S1d0354,深衣考誤,catalog,,
KR1d0076,S1d0355,大戴禮記,catalog,,
KR1d0077,S1d0356,夏小正戴氏傳,catalog,,
KR1d0078,S1d0357,三禮圖集注,catalog,,
KR1d0079,S1d0358,三禮圖,catalog,,
KR1d0080,S1d0359,學禮質疑,catalog,,
KR1d0081,S1d0360,讀禮志疑,catalog,,
KR1d0082,S1d0361,郊社禘祫問,catalog,,
KR1d0083,S1d0362,參讀禮志疑,catalog,,
KR1d0084,S1d0363,禮書,catalog,,
KR1d0085,S1d0364,儀禮經傳通解,catalog,,
KR1d0086,S1d0365,禮書綱目,catalog,,
KR1d0087,S1d0366,五禮通考,catalog,,
KR1d0088,S1d0367,書儀,catalog,,
KR1d0089,S1d0368,家禮,catalog,,
KR1d0090,S1d0369,泰泉鄉禮,catalog,,
KR1d0091,S1d0370,朱子禮纂,catalog,,
KR1d0092,S1d0371,辨定祭禮通俗譜,catalog,,
KR1e0004,S1e0372,春秋左傳注疏,catalog,,
KR1e0006,S1e0373,春秋公羊傳注疏,catalog,,
KR1e0010,S1e0374,春秋穀梁注疏,catalog,,
KR1e0011,S1e0375,箴膏肓,catalog,,
KR1e0012,S1e0376,春秋釋例,catalog,,
KR1e0013,S1e0377,春秋集傳纂例,catalog,,
KR1e0014,S1e0378,春秋集傳微旨,catalog,,
KR1e0015,S1e0379,春秋集傳辨疑,catalog,,
KR1e0016,S1e0380,春秋名號歸一圖,catalog,,
KR1e0017,S1e0381,春秋年表,catalog,,
KR1e0018,S1e0382,春秋尊王發微,catalog,,
KR1e0019,S1e0383,春秋皇綱論,catalog,,
KR1e0020,S1e0384,春秋通義,catalog,,
KR1e0021,S1e0385,春秋權衡,catalog,,
KR1e0022,S1e0386,劉氏春秋傳,catalog,,
KR1e0023,S1e0387,劉氏春秋意林,catalog,,
KR1e0024,S1e0388,春秋傳說例,catalog,,
KR1e0025,S1e0389,孫氏春秋經解,catalog,,
KR1e0026,S1e0390,蘇氏春秋集解,catalog,,
KR1e0027,S1e0391,春秋辨疑,catalog,,
KR1e0028,S1e0392,崔氏春秋經解,catalog,,
KR1e0029,S1e0393,春秋本例,catalog,,
KR1e0030,S1e0394,春秋五禮例宗,catalog,,
KR1e0031,S1e0395,春秋通訓,catalog,,
KR1e0032,S1e0396,葉氏春秋傳,catalog,,
KR1e0033,S1e0397,春秋考,catalog,,
KR1e0034,S1e0398,春秋左傳讞,catalog,,
KR1e0035,S1e0399,呂氏春秋集解,catalog,,
KR1e0036,S1e0400,胡氏春秋傳,catalog,,
KR1e0037,S1e0401,高氏春秋集註,catalog,,
KR1e0038,S1e0402,春秋後傳,catalog,,
KR1e0039,S1e0403,左氏傳說,catalog,,
KR1e0040,S1e0404,左氏傳續說,catalog,,
KR1e0041,S1e0405,左氏博議,catalog,,
KR1e0042,S1e0406,春秋比事,catalog,,
KR1e0044,S1e0407,春秋左傳要義,catalog,,
KR1e0045,S1e0408,春秋分記,catalog,,
KR1e0046,S1e0409,春秋講義,catalog,,
KR1e0047,S1e0410,春秋集義,catalog,,
KR1e0048,S1e0411,張氏春秋集注,catalog,,
KR1e0049,S1e0412,春秋王霸列國世紀編,catalog,,
KR1e0050,S1e0413,春秋通說,catalog,,
KR1e0051,S1e0414,洪氏春秋說,catalog,,
KR1e0052,S1e0415,春秋經筌,catalog,,
KR1e0053,S1e0416,春秋或問,catalog,,
KR1e0054,S1e0417,春秋集傳詳說,catalog,,
KR1e0055,S1e0418,讀春秋編,catalog,,
KR1e0056,S1e0419,春秋集傳釋義大成,catalog,,
KR1e0057,S1e0420,春秋纂言,catalog,,
KR1e0058,S1e0421,春秋提綱,catalog,,
KR1e0059,S1e0422,春秋諸國統紀,catalog,,
KR1e0060,S1e0423,春秋本義,catalog,,
KR1e0061,S1e0424,程氏春秋或問,catalog,,
KR1e0062,S1e0425,三傳辨疑,catalog,,
KR1e0063,S1e0426,春秋讞義,catalog,,
KR1e0064,S1e0427,春秋會通,catalog,,
KR1e0065,S1e0428,春秋闕欵,catalog,,
KR1e0066,S1e0429,春秋集傳,catalog,,
KR1e0067,S1e0430,春秋師說,catalog,,
KR1e0068,S1e0431,春秋左氏傳補註,catalog,,
KR1e0069,S1e0432,春秋金鎖匙,catalog,,
KR1e0070,S1e0433,春秋屬辭,catalog,,
KR1e0071,S1e0434,春秋胡傳附錄纂疏,catalog,,
KR1e0072,S1e0435,春秋春王正月考,catalog,,
KR1e0073,S1e0436,春秋書法鉤元,catalog,,
KR1e0074,S1e0437,春秋大全,catalog,,
KR1e0075,S1e0438,春秋經傳辨疑,catalog,,
KR1e0076,S1e0439,春秋正傳,catalog,,
KR1e0077,S1e0440,左傳附注,catalog,,
KR1e0078,S1e0441,春秋胡氏傳辨疑,catalog,,
KR1e0079,S1e0442,春秋明志錄,catalog,,
KR1e0080,S1e0443,春秋正旨,catalog,,
KR1e0081,S1e0444,春秋輯傳,catalog,,
KR1e0082,S1e0445,春秋億,catalog,,
KR1e0083,S1e0446,春秋事義全考,catalog,,
KR1e0084,S1e0447,春秋左傳屬事,catalog,,
KR1e0085,S1e0448,春秋胡傳考誤,catalog,,
KR1e0086,S1e0449,左氏釋,catalog,,
KR1e0087,S1e0450,春秋質疑,catalog,,
KR1e0088,S1e0451,春秋孔義,catalog,,
KR1e0089,S1e0452,春秋辯義,catalog,,
KR1e0090,S1e0453,讀春秋略記,catalog,,
KR1e0091,S1e0454,春秋四傳質,catalog,,
KR1e0092,S1e0455,左傳杜林合注,catalog,,
KR1e0093,S1e0456,日講春秋解義,catalog,,
KR1e0094,S1e0457,欽定春秋傳說彙纂,catalog,,
KR1e0095,S1e0458,御纂春秋直解,catalog,,
KR1e0096,S1e0459,左傳杜解補正,catalog,,
KR1e0097,S1e0460,春秋稗疏,catalog,,
KR1e0098,S1e0461,春秋四傳糾正,catalog,,
KR1e0099,S1e0462,春秋平議,catalog,,
KR1e0100,S1e0463,讀左日鈔,catalog,,
KR1e0101,S1e0464,左傳事緯,catalog,,
KR1e0102,S1e0465,春秋毛氏傳,catalog,,
KR1e0103,S1e0466,春秋簡書刋誤,catalog,,
KR1e0104,S1e0467,春秋屬辭比事記,catalog,,
KR1e0105,S1e0468,春秋地名考略,catalog,,
KR1e0106,S1e0469,春秋管窺,catalog,,
KR1e0107,S1e0470,三傳折諸,catalog,,
KR1e0108,S1e0471,春秋闕如編,catalog,,
KR1e0109,S1e0472,春秋宗朱辨義,catalog,,
KR1e0110,S1e0473,春秋通論,catalog,,
KR1e0111,S1e0474,春秋世族譜,catalog,,
KR1e0112,S1e0475,春秋長歷,catalog,,
KR1e0113,S1e0476,惠氏春秋說,catalog,,
KR1e0114,S1e0477,春秋大事表,catalog,,
KR1e0115,S1e0478,春秋識小錄,catalog,,
KR1e0116,S1e0479,惠氏春秋左傳補註,catalog,,
KR1e0117,S1e0480,春秋左傳小疏,catalog,,
KR1e0118,S1e0481,春秋地理考實,catalog,,
KR1e0119,S1e0482,三正考,catalog,,
KR1e0120,S1e0483,春秋究遺,catalog,,
KR1e0121,S1e0484,春秋隨筆,catalog,,
KR1e0122,S1e0485,春秋繁露,catalog,,
KR1f0003,S1f0486,古文孝經孔氏傳,catalog,,
KR1f0004,S1f0487,孝經注疏,catalog,,
KR1f0005,S1f0488,孝經指解,catalog,,
KR1f0006,S1f0489,孝經刋誤,catalog,,
KR1f0007,S1f0490,孝經大義,catalog,,
KR1f0008,S1f0491,孝經定本,catalog,,
KR1f0009,S1f0492,孝經述註,catalog,,
KR1f0010,S1f0493,孝經集傳,catalog,,
KR1f0011,S1f0494,御定孝經注,catalog,,
KR1f0012,S1f0495,御纂孝經集註,catalog,,
KR1f0013,S1f0496,孝經問,catalog,,
KR1g0001,S1g0497,駁五經異義,catalog,,
KR1g0002,S1g0498,鄭志,catalog,,
KR1g0003,S1g0499,經典釋文,catalog,,
KR1g0004,S1g0500,公是七經小傳,catalog,,
KR1g0005,S1g0501,程氏經說,catalog,,
KR1g0006,S1g0502,六經圖,catalog,,
KR1g0007,S1g0503,六經正誤,catalog,,
KR1g0008,S1g0504,九經三傳沿革例,catalog,,
KR1g0009,S1g0505,融堂四書管見,catalog,,
KR1g0010,S1g0506,四如講稿,catalog,,
KR1g0011,S1g0507,六經奧論,catalog,,
KR1g0012,S1g0508,明本排字九經直音,catalog,,
KR1g0013,S1g0509,五經說,catalog,,
KR1g0014,S1g0510,十一經問對,catalog,,
KR1g0015,S1g0511,五經蠡測,catalog,,
KR1g0016,S1g0512,簡端錄,catalog,,
KR1g0017,S1g0513,五經稽疑,catalog,,
KR1g0018,S1g0514,經典稽疑,catalog,,
KR1g0019,S1g0515,欽定繙譯五經四書,catalog,,
KR1g0020,S1g0516,七經孟子考文補遺,catalog,,
KR1g0021,S1g0517,九經誤字,catalog,,
KR1g0022,S1g0518,經問,catalog,,
KR1g0023,S1g0519,十三經義疑,catalog,,
KR1g0024,S1g0520,九經古義,catalog,,
KR1g0025,S1g0521,經稗,catalog,,
KR1g0026,S1g0522,十三經注疏正字,catalog,,
KR1g0027,S1g0523,朱子五經語類,catalog,,
KR1g0028,S1g0524,羣經補義,catalog,,
KR1g0029,S1g0525,經咫,catalog,,
KR1g0030,S1g0526,九經辨字瀆蒙,catalog,,
KR1g0031,S1g0527,古經解鉤沉,catalog,,
KR1g0032,S1g0528,古微書,catalog,,
KR1h0003,S1h0529,孟子注疏,catalog,,
KR1h0006,S1h0530,論語集解義疏,catalog,,
KR1h0007,S1h0531,論語注疏,catalog,,
KR1h0008,S1h0532,論語筆解,catalog,,
KR1h0009,S1h0533,孟子音義,catalog,,
KR1h0010,S1h0534,論語拾遺,catalog,,
KR1h0011,S1h0535,孟子解,catalog,,
KR1h0012,S1h0536,論語全解,catalog,,
KR1h0013,S1h0537,孟子傳,catalog,,
KR1h0014,S1h0538,尊孟辨,catalog,,
KR1h0015,S1h0539,大學,catalog,,
KR1h0016,S1h0540,四書或問,catalog,,
KR1h0017,S1h0541,論孟精義,catalog,,
KR1h0018,S1h0542,中庸輯略,catalog,,
KR1h0019,S1h0543,石鼓論語答問,catalog,,
KR1h0020,S1h0544,論語意原,catalog,,
KR1h0021,S1h0545,癸巳論語解,catalog,,
KR1h0022,S1h0546,癸巳孟子說,catalog,,
KR1h0023,S1h0547,蒙齋中庸講義,catalog,,
KR1h0024,S1h0548,四書集編,catalog,,
KR1h0025,S1h0549,孟子集疏,catalog,,
KR1h0026,S1h0550,論語集說,catalog,,
KR1h0027,S1h0551,中庸指歸,catalog,,
KR1h0028,S1h0552,四書纂疏,catalog,,
KR1h0029,S1h0553,大學疏義,catalog,,
KR1h0030,S1h0554,論孟集註考證,catalog,,
KR1h0031,S1h0555,四書集義精要,catalog,,
KR1h0032,S1h0556,四書辨疑,catalog,,
KR1h0033,S1h0557,讀四書叢說,catalog,,
KR1h0034,S1h0558,四書通,catalog,,
KR1h0035,S1h0559,四書通證,catalog,,
KR1h0036,S1h0560,四書疑節,catalog,,
KR1h0037,S1h0561,四書經疑貫通,catalog,,
KR1h0038,S1h0562,四書纂箋,catalog,,
KR1h0039,S1h0563,四書通旨,catalog,,
KR1h0040,S1h0564,四書管窺,catalog,,
KR1h0041,S1h0565,大學中庸集說啟蒙,catalog,,
KR1h0043,S1h0566,四書大全,catalog,,
KR1h0044,S1h0567,四書蒙引,catalog,,
KR1h0045,S1h0568,四書因問,catalog,,
KR1h0046,S1h0569,問辨錄,catalog,,
KR1h0047,S1h0570,論語類考,catalog,,
KR1h0048,S1h0571,孟子雜記,catalog,,
KR1h0049,S1h0572,學庸正說,catalog,,
KR1h0050,S1h0573,論語商,catalog,,
KR1h0051,S1h0574,論語學案,catalog,,
KR1h0052,S1h0575,四書留書,catalog,,
KR1h0053,S1h0576,日講四書解義,catalog,,
KR1h0054,S1h0577,四書近指,catalog,,
KR1h0055,S1h0578,孟子師說,catalog,,
KR1h0056,S1h0579,大學翼眞,catalog,,
KR1h0057,S1h0580,四書講義困勉錄,catalog,,
KR1h0058,S1h0581,松陽講義,catalog,,
KR1h0059,S1h0582,榕村四書說,catalog,,
KR1h0060,S1h0583,論語稽求篇,catalog,,
KR1h0061,S1h0584,四書賸言,catalog,,
KR1h0062,S1h0585,大學證文,catalog,,
KR1h0063,S1h0586,四書釋地,catalog,,
KR1h0064,S1h0587,四書劄記,catalog,,
KR1h0065,S1h0588,此木軒四書說,catalog,,
KR1h0066,S1h0589,四書逸箋,catalog,,
KR1h0067,S1h0590,鄉黨圖考,catalog,,
KR1i0001,S1i0591,皇祐新樂圖記,catalog,,
KR1i0002,S1i0592,樂書,catalog,,
KR1i0003,S1i0593,律呂新書,catalog,,
KR1i0004,S1i0594,瑟譜,catalog,,
KR1i0005,S1i0595,韶舞九成樂補,catalog,,
KR1i0006,S1i0596,律呂成書,catalog,,
KR1i0007,S1i0597,苑洛志樂,catalog,,
KR1i0008,S1i0598,鐘律通考,catalog,,
KR1i0009,S1i0599,樂律全書,catalog,,
KR1i0010,S1i0600,御製律呂正義,catalog,,
KR1i0011,S1i0601,御製律呂正義後編,catalog,,
KR1i0012,S1i0602,欽定詩經樂譜全書,catalog,,
KR1i0013,S1i0603,古樂經傳,catalog,,
KR1i0014,S1i0604,古樂書,catalog,,
KR1i0015,S1i0605,聖諭樂本解說,catalog,,
KR1i0016,S1i0606,皇言定聲錄,catalog,,
KR1i0017,S1i0607,竟山樂錄,catalog,,
KR1i0018,S1i0608,李氏學樂錄,catalog,,
KR1i0019,S1i0609,樂律表微,catalog,,
KR1i0020,S1i0610,律呂新論,catalog,,
KR1i0021,S1i0611,律呂闡微,catalog,,
KR1i0022,S1i0612,琴旨,catalog,,
KR1j0004,S1j0613,爾雅注疏,catalog,,
KR1j0005,S1j0614,爾雅註,catalog,,
KR1j0006,S1j0615,輶軒使者絕代語釋別國方言,catalog,,
KR1j0007,S1j0616,釋名,catalog,,
KR1j0008,S1j0617,廣雅,catalog,,
KR1j0009,S1j0618,匡謬正俗,catalog,,
KR1j0010,S1j0619,羣經音辨,catalog,,
KR1j0011,S1j0620,埤雅,catalog,,
KR1j0012,S1j0621,爾雅翼,catalog,,
KR1j0013,S1j0622,駢雅,catalog,,
KR1j0014,S1j0623,字詁,catalog,,
KR1j0015,S1j0624,續方言,catalog,,
KR1j0016,S1j0625,別雅,catalog,,
KR1j0017,S1j0626,急就篇,catalog,,
KR1j0018,S1j0627,說文解字,catalog,,
KR1j0019,S1j0628,說文繫傳,catalog,,
KR1j0020,S1j0629,說文繫傳考異,catalog,,
KR1j0021,S1j0630,說文解字篆韻譜,catalog,,
KR1j0022,S1j0631,重修玉篇,catalog,,
KR1j0023,S1j0632,千祿字書,catalog,,
KR1j0024,S1j0633,五經文字,catalog,,
KR1j0025,S1j0634,九經字樣,catalog,,
KR1j0026,S1j0635,汗簡,catalog,,
KR1j0027,S1j0636,佩觽,catalog,,
KR1j0028,S1j0637,古文四聲韻,catalog,,
KR1j0029,S1j0638,類篇,catalog,,
KR1j0030,S1j0639,歷代鐘鼎彝器款識法帖,catalog,,
KR1j0031,S1j0640,復古編,catalog,,
KR1j0032,S1j0641,班馬字類,catalog,,
KR1j0033,S1j0642,漢隸字源,catalog,,
KR1j0034,S1j0643,六書故,catalog,,
KR1j0035,S1j0644,字通,catalog,,
KR1j0036,S1j0645,龍龕手鑑,catalog,,
KR1j0037,S1j0646,六書統,catalog,,
KR1j0038,S1j0647,周秦刻石釋音,catalog,,
KR1j0039,S1j0648,字鑑,catalog,,
KR1j0040,S1j0649,說文字原,catalog,,
KR1j0040,S1j0649a,六書正譌,catalog,,
KR1j0042,S1j0650,漢隸分韻,catalog,,
KR1j0043,S1j0651,六書本義,catalog,,
KR1j0044,S1j0652,奇字韻,catalog,,
KR1j0045,S1j0653,古音駢字,catalog,,
KR1j0046,S1j0654,俗書刋誤,catalog,,
KR1j0047,S1j0655,字㝈,catalog,,
KR1j0048,S1j0656,御定康熙字典,catalog,,
KR1j0049,S1j0657,御製增訂清文鑑,catalog,,
KR1j0050,S1j0658,御製滿珠蒙古漢字三合切音清文鑑,catalog,,
KR1j0051,S1j0659,欽定西域同文志,catalog,,
KR1j0052,S1j0660,隸辨,catalog,,
KR1j0053,S1j0661,篆隸考異,catalog,,
KR1j0054,S1j0662,原本廣韻,catalog,,
KR1j0055,S1j0663,重修廣韻,catalog,,
KR1j0057,S1j0664,集韻,catalog,,
KR1j0058,S1j0665,切韻指掌圖,catalog,,
KR1j0059,S1j0666,韻補,catalog,,
KR1j0060,S1j0667,附釋文互註禮部韻略,catalog,,
KR1j0061,S1j0668,增修互註禮部韻略,catalog,,
KR1j0062,S1j0669,增修校正押韻釋疑,catalog,,
KR1j0063,S1j0670,九經補韻,catalog,,
KR1j0064,S1j0671,五音集韻,catalog,,
KR1j0065,S1j0672,古今韻會擧要,catalog,,
KR1j0066,S1j0673,四聲全形等子,catalog,,
KR1j0067,S1j0674,經史正音切韻指南,catalog,,
KR1j0068,S1j0675,洪武正韻,catalog,,
KR1j0069,S1j0676,古音叢目,catalog,,
KR1j0070,S1j0677,古音略例,catalog,,
KR1j0071,S1j0678,轉注古音略,catalog,,
KR1j0072,S1j0679,毛詩古音考,catalog,,
KR1j0073,S1j0680,屈宋古音義,catalog,,
KR1j0074,S1j0681,御定音韻闡微,catalog,,
KR1j0075,S1j0682,欽定同文韻統,catalog,,
KR1j0076,S1j0683,欽定叶韻彙輯,catalog,,
KR1j0077,S1j0684,欽定音韻述微,catalog,,
KR1j0078,S1j0685,音論,catalog,,
KR1j0079,S1j0686,詩本音,catalog,,
KR1j0080,S1j0687,易音,catalog,,
KR1j0081,S1j0688,唐韻正,catalog,,
KR1j0082,S1j0689,古音表,catalog,,
KR1j0083,S1j0690,韻補正,catalog,,
KR1j0084,S1j0691,古今通韻,catalog,,
KR1j0085,S1j0692,易韻,catalog,,
KR1j0086,S1j0693,孫氏唐韻考,catalog,,
KR1j0087,S1j0694,古韻標準,catalog,,
KR1j0088,S1j0695,六藝綱目,catalog,,
KR2a0001,S2a0696,史記,catalog,,
KR2a0002,S2a0697,史記集解,catalog,,
KR2a0003,S2a0698,史記索隱,catalog,,
KR2a0004,S2a0699,史記正義,catalog,,
KR2a0005,S2a0700,讀史記十表,catalog,,
KR2a0006,S2a0701,史記疑問,catalog,,
KR2a0007,S2a0702,前漢書,catalog,,
KR2a0008,S2a0703,班馬異同,catalog,,
KR2a0009,S2a0704,後漢書,catalog,,
KR2a0010,S2a0705,補後漢書年表,catalog,,
KR2a0011,S2a0706,兩漢刋誤補遺,catalog,,
KR2a0012,S2a0707,三國志,catalog,,
KR2a0013,S2a0708,三國史辨誤,catalog,,
KR2a0014,S2a0709,三國志補注,catalog,,
KR2a0015,S2a0710,晉書,catalog,,
KR2a0016,S2a0711,宋書,catalog,,
KR2a0017,S2a0712,南齊書,catalog,,
KR2a0018,S2a0713,梁書,catalog,,
KR2a0019,S2a0714,陳書,catalog,,
KR2a0020,S2a0715,魏書,catalog,,
KR2a0021,S2a0716,北齊書,catalog,,
KR2a0022,S2a0717,周書,catalog,,
KR2a0023,S2a0718,隋書,catalog,,
KR2a0024,S2a0719,南史,catalog,,
KR2a0025,S2a0720,北史,catalog,,
KR2a0026,S2a0721,舊唐書,catalog,,
KR2a0027,S2a0722,新唐書,catalog,,
KR2a0028,S2a0723,新唐書糾謬,catalog,,
KR2a0029,S2a0724,舊五代史,catalog,,
KR2a0030,S2a0725,新五代史,catalog,,
KR2a0031,S2a0726,五代史纂誤,catalog,,
KR2a0032,S2a0727,宋史,catalog,,
KR2a0033,S2a0728,遼史,catalog,,
KR2a0034,S2a0729,遼史拾遺,catalog,,
KR2a0035,S2a0730,金史,catalog,,
KR2a0036,S2a0731,元史,catalog,,
KR2a0037,S2a0732,欽定遼金元三史國語解,catalog,,
KR2a0038,S2a0733,明史,catalog,,
KR2a0039,+,清史稿,catalog,,
KR2b0001,S2b0734,竹書紀年,catalog,,
KR2b0002,S2b0735,竹書統箋,catalog,,
KR2b0003,S2b0736,前漢紀,catalog,,
KR2b0004,S2b0737,後漢紀,catalog,,
KR2b0005,S2b0738,元經,catalog,,
KR2b0006,S2b0739,唐創業起居注,catalog,,
KR2b0007,S2b0740,資治通鑑,catalog,,
KR2b0008,S2b0741,資治通鑑考異,catalog,,
KR2b0008,S2b0741a,資治通鑑釋例,catalog,,
KR2b0010,S2b0742,資治通鑑目錄,catalog,,
KR2b0011,S2b0743,通鑑地理通釋,catalog,,
KR2b0012,S2b0744,通鑑釋文辨誤,catalog,,
KR2b0013,S2b0745,通鑑胡注擧正,catalog,,
KR2b0014,S2b0746,稽古錄,catalog,,
KR2b0015,S2b0747,資治通鑑外紀,catalog,,
KR2b0017,S2b0748,皇王大紀,catalog,,
KR2b0018,S2b0749,中興小紀,catalog,,
KR2b0019,S2b0750,續資治通鑑長編,catalog,,
KR2b0020,S2b0751,綱目續麟,catalog,,
KR2b0021,S2b0752,綱目分註拾遺,catalog,,
KR2b0022,S2b0753,綱目訂誤,catalog,,
KR2b0023,S2b0754,大事記,catalog,,
KR2b0024,S2b0755,建炎以來繫年要錄,catalog,,
KR2b0025,S2b0756,九朝編年備要,catalog,,
KR2b0026,S2b0757,續宋編年資治通鑑,catalog,,
KR2b0028,S2b0758,西漢年紀,catalog,,
KR2b0029,S2b0759,靖康要錄,catalog,,
KR2b0030,S2b0760,兩朝綱目備要,catalog,,
KR2b0031,S2b0761,宋季三朝政要,catalog,,
KR2b0032,S2b0762,宋史全文,catalog,,
KR2b0033,S2b0763,資治通鑑前編,catalog,,
KR2b0034,S2b0764,通鑑續編,catalog,,
KR2b0035,S2b0765,大事記續編,catalog,,
KR2b0036,S2b0766,元史續編,catalog,,
KR2b0037,S2b0767,御批歷代通鑑輯覽,catalog,,
KR2b0038,S2b0768,御定資治通鑑綱目三編,catalog,,
KR2b0039,S2b0769,皇清開國方略,catalog,,
KR2b0040,S2b0770,資治通鑑後編,catalog,,
KR2c0001,S2c0771,通鑑紀事本末,catalog,,
KR2c0003,S2c0772,春秋左傳事類始末,catalog,,
KR2c0004,S2c0773,三朝北盟會編,catalog,,
KR2c0005,S2c0774,蜀鑑,catalog,,
KR2c0006,S2c0775,炎徼紀聞,catalog,,
KR2c0007,S2c0776,宋史紀事本末,catalog,,
KR2c0008,S2c0777,元史紀事本末,catalog,,
KR2c0009,S2c0778,平定三逆方略,catalog,,
KR2c0010,S2c0779,聖祖仁皇帝親征平定朔漠方略,catalog,,
KR2c0011,S2c0780,欽定平定金川方略,catalog,,
KR2c0012,S2c0781,平定準噶爾方略,catalog,,
KR2c0013,S2c0782,平定兩金川方略,catalog,,
KR2c0014,S2c0783,欽定剿捕臨清逆匪紀略,catalog,,
KR2c0015,S2c0784,欽定蘭州紀略,catalog,,
KR2c0016,S2c0785,欽定石峯堡紀略,catalog,,
KR2c0017,S2c0786,欽定平定臺灣紀略,catalog,,
KR2c0018,S2c0787,綏寇紀略,catalog,,
KR2c0019,S2c0788,滇考,catalog,,
KR2c0020,S2c0789,明史紀事本末,catalog,,
KR2c0021,S2c0790,繹史,catalog,,
KR2c0022,S2c0791,左傳紀事本末,catalog,,
KR2c0023,S2d0792,平臺紀略,catalog,,
KR2d0001,S2d0793,逸周書,catalog,,
KR2d0002,S2d0794,東觀漢記,catalog,,
KR2d0003,S2d0795,建康實錄,catalog,,
KR2d0004,S2d0796,隆平集,catalog,,
KR2d0005,S2d0797,古史,catalog,,
KR2d0006,S2d0798,通志,catalog,,
KR2d0007,S2d0799,東都事略,catalog,,
KR2d0008,S2d0800,路史,catalog,,
KR2d0009,S2d0801,欽定書訂契丹國志,catalog,,
KR2d0010,S2d0802,欽定重訂大金國志,catalog,,
KR2d0011,S2d0803,古今紀要,catalog,,
KR2d0012,S2d0804,蕭氏續後漢書,catalog,,
KR2d0013,S2d0805,郝氏續後漢書,catalog,,
KR2d0015,S2d0806,春秋別典,catalog,,
KR2d0019,S2d0807,御定歷代紀事年表,catalog,,
KR2d0020,S2d0808,欽定續通志,catalog,,
KR2d0021,S2d0809,補歷代史表,catalog,,
KR2d0022,S2d0810,後漢書補逸,catalog,,
KR2d0023,S2d0811,春秋戰國異辭,catalog,,
KR2d0024,S2d0812,尚史,catalog,,
KR2e0001,S2e0813,國語,catalog,,
KR2e0002,S2e0814,國語補音,catalog,,
KR2e0003,S2e0815,戰國策,catalog,,
KR2e0004,S2e0816,鮑氏戰國策注,catalog,,
KR2e0005,S2e0817,戰國策校注,catalog,,
KR2e0006,S2e0818,貞觀政要,catalog,,
KR2e0007,S2e0819,渚宮舊事,catalog,,
KR2e0008,S2e0820,東觀奏記,catalog,,
KR2e0009,S2e0821,五代史闕文,catalog,,
KR2e0010,S2e0822,五代史補,catalog,,
KR2e0011,S2e0823,北狩見聞錄,catalog,,
KR2e0012,S2e0824,松漠紀聞,catalog,,
KR2e0013,S2e0825,燕翼詒謀錄,catalog,,
KR2e0014,S2e0826,太平治迹統類,catalog,,
KR2e0015,S2e0827,咸淳遺事,catalog,,
KR2e0016,S2e0828,大金弔伐錄,catalog,,
KR2e0017,S2e0829,汝南遺事,catalog,,
KR2e0018,S2e0830,錢塘遺事,catalog,,
KR2e0019,S2e0831,平宋錄,catalog,,
KR2e0020,S2e0832,弇山堂別集,catalog,,
KR2e0021,S2e0833,革除逸史,catalog,,
KR2e0022,S2e0834,欽定蒙古源流,catalog,,
KR2f0001,S2f0835,太祖高皇帝聖訓,catalog,,
KR2f0002,S2f0836,太宗文皇帝聖訓,catalog,,
KR2f0004,S2f0837,世祖章皇帝聖訓,catalog,,
KR2f0005,S2f0838,聖祖仁皇帝聖訓,catalog,,
KR2f0006,S2f0839,世宗憲皇帝聖訓,catalog,,
KR2f0007,S2f0840,世宗憲皇帝上諭八旗,catalog,,
KR2f0008,S2f0841,世宗憲皇帝上諭內閣,catalog,,
KR2f0009,S2f0842,世宗憲皇帝硃批諭旨,catalog,,
KR2f0010,S2f0843,唐大詔令集,catalog,,
KR2f0011,S2f0844,兩漢詔令,catalog,,
KR2f0012,S2f0845,范文正奏議,catalog,,
KR2f0013,S2f0846,包孝肅奏議集,catalog,,
KR2f0014,S2f0847,盡言集,catalog,,
KR2f0015,S2f0848,讜論集,catalog,,
KR2f0016,S2f0849,左史諫草,catalog,,
KR2f0017,S2f0850,商文毅疏稿,catalog,,
KR2f0018,S2f0851,王端毅奏議,catalog,,
KR2f0019,S2f0852,馬端肅奏議,catalog,,
KR2f0020,S2f0853,關中奏議,catalog,,
KR2f0021,S2f0854,胡端敏奏議,catalog,,
KR2f0022,S2f0855,楊文忠三錄,catalog,,
KR2f0023,S2f0856,何文簡疏議,catalog,,
KR2f0024,S2f0857,垂光集,catalog,,
KR2f0025,S2f0858,孫毅菴奏議,catalog,,
KR2f0026,S2f0859,玉坡奏議,catalog,,
KR2f0027,S2f0860,南宮奏稿,catalog,,
KR2f0028,S2f0861,訥谿奏疏,catalog,,
KR2f0029,S2f0862,譚襄敏奏議,catalog,,
KR2f0030,S2f0863,潘司空奏疏,catalog,,
KR2f0031,S2f0864,兩河經略,catalog,,
KR2f0032,S2f0865,兩垣奏議,catalog,,
KR2f0033,S2f0866,周忠愍奏疏,catalog,,
KR2f0034,S2f0867,張襄壯奏疏,catalog,,
KR2f0035,S2f0868,靳文襄奏疏,catalog,,
KR2f0036,S2f0869,華野疏稿,catalog,,
KR2f0038,S2f0870,宋名臣奏議,catalog,,
KR2f0039,S2f0871,歷代名臣奏議,catalog,,
KR2f0040,S2f0872,名臣經濟錄,catalog,,
KR2f0041,S2f0873,御選明臣奏議,catalog,,
KR2g0001,S2g0874,孔子編年,catalog,,
KR2g0002,S2g0875,東家雜記,catalog,,
KR2g0003,S2g0876,晏子春秋,catalog,,
KR2g0004,S2g0877,魏鄭公諫錄,catalog,,
KR2g0005,S2g0878,李國相論事集,catalog,,
KR2g0007,S2g0879,杜工部年譜,catalog,,
KR2g0008,S2g0880,杜工部詩年譜,catalog,,
KR2g0009,S2g0881,紹陶錄,catalog,,
KR2g0010,S2g0882,金佗稡編,catalog,,
KR2g0011,S2g0883,象臺首末,catalog,,
KR2g0012,S2g0884,魏鄭公諫續錄,catalog,,
KR2g0013,S2g0885,忠貞錄,catalog,,
KR2g0014,S2g0886,諸葛忠武書,catalog,,
KR2g0015,S2g0887,寧海將軍固山貝子功績錄,catalog,,
KR2g0016,S2g0888,朱子年譜,catalog,,
KR2g0017,S2g0889,古列女傳,catalog,,
KR2g0018,S2g0890,高士傳,catalog,,
KR2g0019,S2g0891,卓異記,catalog,,
KR2g0020,S2g0892,春秋臣傳,catalog,,
KR2g0021,S2g0893,廉吏傳,catalog,,
KR2g0022,S2g0894,紹興十八年同年小錄,catalog,,
KR2g0023,S2g0895,伊洛淵源錄,catalog,,
KR2g0024,S2g0896,宋名臣言行錄前集,catalog,,
KR2g0025,S2g0897,名臣碑傳琬琰之集,catalog,,
KR2g0026,S2g0898,錢塘先賢傳贊,catalog,,
KR2g0027,S2g0899,慶元黨禁,catalog,,
KR2g0028,S2g0900,宋寶祐四年登科錄,catalog,,
KR2g0029,S2g0901,京口耆舊傳,catalog,,
KR2g0030,S2g0902,昭忠錄,catalog,,
KR2g0031,S2g0903,敬鄉錄,catalog,,
KR2g0032,S2g0904,唐才子傳,catalog,,
KR2g0033,S2g0905,元朝名臣事略,catalog,,
KR2g0034,S2g0906,浦陽人物記,catalog,,
KR2g0035,S2g0907,古今列女傳,catalog,,
KR2g0036,S2g0908,殿閣詞林記,catalog,,
KR2g0037,S2g0909,嘉靖以來首輔傳,catalog,,
KR2g0038,S2g0910,明名臣琬琰錄,catalog,,
KR2g0039,S2g0911,今獻備遺,catalog,,
KR2g0040,S2g0912,百越先賢志,catalog,,
KR2g0041,S2g0913,元儒考略,catalog,,
KR2g0042,S2g0914,欽定宗室王公幼績表傳,catalog,,
KR2g0043,S2g0915,欽定外藩蒙古囘部王公表傳,catalog,,
KR2g0044,S2g0916,欽定八旗滿州氏族通譜,catalog,,
KR2g0045,S2g0917,欽定勝朝殉節諸臣錄,catalog,,
KR2g0046,S2g0918,明儒學案,catalog,,
KR2g0047,S2g0919,中州人物考,catalog,,
KR2g0048,S2g0920,東林列傳,catalog,,
KR2g0049,S2g0921,儒林宗派,catalog,,
KR2g0050,S2g0922,明儒言行錄,catalog,,
KR2g0051,S2g0923,史傳三編,catalog,,
KR2g0052,S2g0924,閩中理學淵源考,catalog,,
KR2g0053,S2g0925,征南錄,catalog,,
KR2g0054,S2g0926,驂鸞錄,catalog,,
KR2g0055,S2g0927,吳船錄,catalog,,
KR2g0056,S2g0928,入蜀記,catalog,,
KR2g0057,S2g0929,西使記,catalog,,
KR2g0058,S2g0930,保越錄,catalog,,
KR2g0059,S2g0931,粵閩巡視紀略,catalog,,
KR2g0060,S2g0932,松亭行紀,catalog,,
KR2g0061,S2g0933,扈從西巡日錄,catalog,,
KR2h0001,S2h0934,兩漢博聞,catalog,,
KR2h0002,S2h0935,通鑑總類,catalog,,
KR2h0003,S2h0936,南史識小錄,catalog,,
KR2i0001,S2i0937,吳越春秋,catalog,,
KR2i0002,S2i0938,越絕書,catalog,,
KR2i0003,S2i0939,華陽國志,catalog,,
KR2i0004,S2i0940,鄴中記,catalog,,
KR2i0005,S2i0941,十六國春秋,catalog,,
KR2i0006,S2i0942,別本十六國春秋,catalog,,
KR2i0007,S2i0943,蠻書,catalog,,
KR2i0008,S2i0944,釣磯立談,catalog,,
KR2i0009,S2i0945,江南野史,catalog,,
KR2i0010,S2i0946,江南別錄,catalog,,
KR2i0011,S2i0947,江表志,catalog,,
KR2i0012,S2i0948,江南餘載,catalog,,
KR2i0013,S2i0949,三楚新錄,catalog,,
KR2i0014,S2i0950,錦里耆舊傳,catalog,,
KR2i0015,S2i0951,五國故事,catalog,,
KR2i0016,S2i0952,蜀檮杌,catalog,,
KR2i0017,S2i0953,馬氏南唐書,catalog,,
KR2i0018,S2i0954,陸氏南唐書,catalog,,
KR2i0019,S2i0955,吳越備史,catalog,,
KR2i0020,S2i0956,安南志略,catalog,,
KR2i0021,S2i0957,十國春秋,catalog,,
KR2i0022,S2i0958,朝鮮史略,catalog,,
KR2i0023,S2i0959,越史略,catalog,,
KR2j0001,S2j0960,歲時廣記,catalog,,
KR2j0002,S2j0961,御定月令輯要,catalog,,
KR2k0001,S2k0962,三輔黃圖,catalog,,
KR2k0002,S2k0963,禁扁,catalog,,
KR2k0003,S2k0964,元和郡縣志,catalog,,
KR2k0004,S2k0965,太平寰宇記,catalog,,
KR2k0005,S2k0966,元豐九域志,catalog,,
KR2k0006,S2k0967,輿地廣記,catalog,,
KR2k0007,S2k0968,方輿勝覽,catalog,,
KR2k0008,S2k0969,明一統志,catalog,,
KR2k0009,S2k0970,大清一統志,catalog,,
KR2k0010,S2k0971,吳群圖經續記,catalog,,
KR2k0011,S2k0972,乾道臨安志,catalog,,
KR2k0012,S2k0973,淳熙三山志,catalog,,
KR2k0013,S2k0974,吳郡志,catalog,,
KR2k0014,S2k0975,新安志,catalog,,
KR2k0015,S2k0976,剡錄,catalog,,
KR2k0016,S2k0977,會稽志,catalog,,
KR2k0017,S2k0979,赤城志,catalog,,
KR2k0018,S2k0980,寶慶四明志,catalog,,
,S2k0980,四明續志,,,
KR2k0019,S2k0982,海鹽瞰水志,catalog,,
KR2k0020,S2k0983,景定嚴州續志,catalog,,
KR2k0021,S2k0984,景定建康志,catalog,,
KR2k0022,S2k0985,咸淳臨安志,catalog,,
KR2k0023,S2k0986,至元嘉禾志,catalog,,
KR2k0024,S2k0987,昌國州圖志,catalog,,
KR2k0025,S2k0988,延祐四明志,catalog,,
KR2k0026,S2k0989,齊乘,catalog,,
KR2k0027,S2k0990,至大金陵新志,catalog,,
KR2k0028,S2k0991,無錫縣志,catalog,,
KR2k0029,S2k0992,姑蘇志,catalog,,
KR2k0030,S2k0993,武功縣志,catalog,,
KR2k0031,S2k0994,朝邑縣志,catalog,,
KR2k0032,S2k0995,嶺海輿圖,catalog,,
KR2k0033,S2k0996,滇略,catalog,,
KR2k0034,S2k0997,吳興備志,catalog,,
KR2k0035,S2k0998,欽定熱河志,catalog,,
KR2k0036,S2k0999,欽定日下舊聞考,catalog,,
KR2k0038,S2k1000,欽定滿洲源流考,catalog,,
KR2k0039,S2k1001,欽定皇輿西域圖志,catalog,,
KR2k0040,S2k1002,欽定盛京通志,catalog,,
KR2k0041,S2k1003,畿輔通志,catalog,,
KR2k0042,S2k1004,江南通志,catalog,,
KR2k0043,S2k1005,江西通志,catalog,,
KR2k0044,S2k1006,浙江通志,catalog,,
KR2k0045,S2k1007,福建通志,catalog,,
KR2k0046,S2k1008,湖廣通志,catalog,,
KR2k0047,S2k1009,河南通志,catalog,,
KR2k0048,S2k1010,山東通志,catalog,,
KR2k0049,S2k1011,山西通志,catalog,,
KR2k0050,S2k1012,陝西通志,catalog,,
KR2k0051,S2k1013,甘肅通志,catalog,,
KR2k0052,S2k1014,四川通志,catalog,,
KR2k0053,S2k1015,廣東通志,catalog,,
KR2k0054,S2k1016,廣西通志,catalog,,
KR2k0055,S2k1017,雲南通志,catalog,,
KR2k0056,S2k1018,貴州通志,catalog,,
KR2k0057,S2k1019,歷代帝王宅京記,catalog,,
KR2k0058,S2k1020,水經注,catalog,,
KR2k0059,S2k1021,水經注集釋訂訛,catalog,,
KR2k0060,S2k1022,水經注釋,catalog,,
KR2k0061,S2k1023,吳中水利書,catalog,,
KR2k0062,S2k1024,四明它山水利備覽,catalog,,
KR2k0063,S2k1025,河防通議,catalog,,
KR2k0064,S2k1026,治河圖略,catalog,,
KR2k0065,S2k1027,浙西水利書,catalog,,
KR2k0066,S2k1028,河防一覽,catalog,,
KR2k0067,S2k1029,三吳水利錄,catalog,,
KR2k0068,S2k1030,北河紀,catalog,,
KR2k0069,S2k1031,敬止集,catalog,,
KR2k0070,S2k1032,三吳水考,catalog,,
KR2k0071,S2k1033,吳中水利全書,catalog,,
KR2k0072,S2k1034,欽定河源紀略,catalog,,
KR2k0073,S2k1035,崑崙河源考,catalog,,
KR2k0074,S2k1036,兩河清彙,catalog,,
KR2k0075,S2k1037,居濟一得,catalog,,
KR2k0076,S2k1038,治河奏績書,catalog,,
KR2k0077,S2k1039,直隸河渠志,catalog,,
KR2k0078,S2k1040,行水金鑑,catalog,,
KR2k0079,S2k1041,水道提綱,catalog,,
KR2k0080,S2k1042,海塘錄,catalog,,
KR2k0081,S2k1043,籌海圖編,catalog,,
KR2k0082,S2k1044,鄭開陽雜著,catalog,,
KR2k0083,S2k1045,南嶽小錄,catalog,,
KR2k0084,S2k1046,廬山記,catalog,,
KR2k0085,S2k1047,赤松山志,catalog,,
KR2k0086,S2k1048,西湖遊覽志,catalog,,
KR2k0087,S2k1049,桂勝,catalog,,
KR2k0088,S2k1050,欽定盤山志,catalog,,
KR2k0089,S2k1051,西湖志纂,catalog,,
KR2k0090,S2k1052,洛陽伽藍記,catalog,,
KR2k0091,S2k1053,吳地記,catalog,,
KR2k0092,S2k1054,長安志,catalog,,
KR2k0093,S2k1055,洛陽名園記,catalog,,
KR2k0094,S2k1056,雍錄,catalog,,
KR2k0095,S2k1057,洞霄圖志,catalog,,
KR2k0096,S2k1058,長安志圖,catalog,,
KR2k0097,S2k1059,汴京遺蹟志,catalog,,
KR2k0098,S2k1060,武林梵志,catalog,,
KR2k0099,S2k1061,江城名蹟,catalog,,
KR2k0100,S2k1062,營平二州地名記,catalog,,
KR2k0101,S2k1063,金鰲退食筆記,catalog,,
KR2k0102,S2k1064,石柱記箋釋,catalog,,
KR2k0103,S2k1065,關中勝蹟圖志,catalog,,
KR2k0104,S2k1066,南方草木狀,catalog,,
KR2k0105,S2k1067,荊楚嵗時記,catalog,,
KR2k0106,S2k1068,北戶錄,catalog,,
KR2k0107,S2k1069,桂林風土記,catalog,,
KR2k0108,S2k1070,嶺表錄異,catalog,,
KR2k0109,S2k1071,益部方物略記,catalog,,
KR2k0110,S2k1072,岳陽風土記,catalog,,
KR2k0111,S2k1073,東京夢華錄,catalog,,
KR2k0112,S2k1074,六朝事迹編類,catalog,,
KR2k0113,S2k1075,會稽三賦,catalog,,
KR2k0114,S2k1076,中吳紀聞,catalog,,
KR2k0115,S2k1077,桂海虞衡志,catalog,,
KR2k0116,S2k1078,嶺外代答,catalog,,
KR2k0117,S2k1079,都城紀勝,catalog,,
KR2k0118,S2k1080,夢梁錄,catalog,,
KR2k0119,S2k1081,武林舊事,catalog,,
KR2k0120,S2k1082,增補武林舊事,catalog,,
KR2k0121,S2k1083,嵗華紀麗譜,catalog,,
KR2k0122,S2k1084,吳中舊事,catalog,,
KR2k0123,S2k1085,平江記事,catalog,,
KR2k0124,S2k1086,江漢叢談,catalog,,
KR2k0125,S2k1087,閩中海錯疏,catalog,,
KR2k0126,S2k1088,蜀中廣記,catalog,,
KR2k0127,S2k1089,益部談資,catalog,,
KR2k0128,S2k1090,顏山雜記,catalog,,
KR2k0129,S2k1091,嶺南風物記,catalog,,
KR2k0130,S2k1092,龍沙紀略,catalog,,
KR2k0131,S2k1093,臺海使槎錄,catalog,,
KR2k0132,S2k1094,東城雜記,catalog,,
KR2k0133,S2k1095,遊城南記,catalog,,
KR2k0134,S2k1096,河朔訪古記,catalog,,
KR2k0135,S2k1097,徐霞客遊記,catalog,,
KR2k0136,S2k1098,佛國記,catalog,,
KR2k0137,S2k1099,大唐西域記,catalog,,
KR2k0138,S2k1100,宣和奉使高麗圖經,catalog,,
KR2k0139,S2k1101,諸蕃志,catalog,,
KR2k0140,S2k1102,溪蠻叢笑,catalog,,
KR2k0141,S2k1103,眞臘風土記,catalog,,
KR2k0142,S2k1104,島夷誌略,catalog,,
KR2k0143,S2k1105,朝鮮賦,catalog,,
KR2k0144,S2k1106,海語,catalog,,
KR2k0145,S2k1107,東西洋考,catalog,,
KR2k0146,S2k1108,職方外紀,catalog,,
KR2k0147,S2k1109,赤雅,catalog,,
KR2k0148,S2k1110,朝鮮志,catalog,,
KR2k0149,S2k1111,皇清職貢圖,catalog,,
KR2k0150,S2k1112,坤輿圖說,catalog,,
KR2k0151,S2k1113,異域錄,catalog,,
KR2k0152,S2k1114,海國聞見錄,catalog,,
KR2l0001,S2l1115,唐六典,catalog,,
KR2l0002,S2l1116,翰林志,catalog,,
KR2l0003,S2l1117,麟臺故事,catalog,,
KR2l0004,S2l1118,翰苑羣書,catalog,,
KR2l0005,S2l1119,南宋館閣錄,catalog,,
KR2l0006,S2l1120,玉堂雜記,catalog,,
KR2l0007,S2l1121,宋宰輔編年錄,catalog,,
KR2l0008,S2l1122,祕書監志,catalog,,
KR2l0009,S2l1123,翰林志,catalog,,
KR2l0010,S2l1124,禮部志稿,catalog,,
KR2l0011,S2l1125,太常續考,catalog,,
KR2l0012,S2l1126,土官底簿,catalog,,
KR2l0013,S2l1127,詞林典故,catalog,,
KR2l0014,S2l1128,欽定國子監志,catalog,,
KR2l0015,S2l1129,欽定歷代職官表,catalog,,
KR2l0016,S2l1130,州縣提綱,catalog,,
KR2l0017,S2l1131,官箴,catalog,,
KR2l0018,S2l1132,百官箴,catalog,,
KR2l0020,S2l1133,晝簾緒論,catalog,,
KR2l0021,S2l1134,三事忠告,catalog,,
KR2l0022,S2l1135,御定人臣儆心錄,catalog,,
KR2m0001,S2m1136,通典,catalog,,
KR2m0002,S2m1137,唐會要,catalog,,
KR2m0003,S2m1138,五代會要,catalog,,
KR2m0004,S2m1139,宋朝事實,catalog,,
KR2m0005,S2m1140,建炎以來朝野雜記,catalog,,
KR2m0006,S2m1141,西漢會要,catalog,,
KR2m0007,S2m1142,東漢會要,catalog,,
KR2m0008,S2m1143,漢制考,catalog,,
KR2m0009,S2m1144,文獻通考,catalog,,
KR2m0010,S2m1145,明會典,catalog,,
KR2m0011,S2m1146,七國考,catalog,,
KR2m0012,S2m1147,欽定大清會典,catalog,,
KR2m0013,S2m1148,欽定大清會典則例,catalog,,
KR2m0014,S2m1149,欽定續文獻通考,catalog,,
KR2m0015,S2m1150,皇朝文獻通考,catalog,,
KR2m0016,S2m1151,欽定續通典,catalog,,
KR2m0017,S2m1152,欽定皇朝通典,catalog,,
KR2m0018,S2m1153,欽定皇朝通志,catalog,,
KR2m0019,S2m1154,元朝典故編年考,catalog,,
KR2m0020,S2m1155,漢官舊儀,catalog,,
KR2m0021,S2m1156,大唐開元禮,catalog,,
KR2m0022,S2m1157,謚法,catalog,,
KR2m0023,S2m1158,政和五禮新儀,catalog,,
KR2m0024,S2m1159,紹熙州縣釋奠儀圖,catalog,,
KR2m0025,S2m1160,大金集體,catalog,,
KR2m0026,S2m1161,大金德運圖說,catalog,,
KR2m0027,S2m1162,廟學典禮,catalog,,
KR2m0028,S2m1163,明集禮,catalog,,
KR2m0029,S2m1164,頖宮禮樂疏,catalog,,
KR2m0030,S2m1165,明臣謚考,catalog,,
KR2m0031,S2m1166,明謚紀彙編,catalog,,
KR2m0032,S2m1167,明宮史,catalog,,
KR2m0033,S2m1168,幸魯盛典,catalog,,
KR2m0034,S2m1169,萬壽盛典初集,catalog,,
KR2m0035,S2m1170,欽定大清通禮,catalog,,
KR2m0036,S2m1171,皇朝禮器圖式,catalog,,
KR2m0037,S2m1172,國朝宮史,catalog,,
KR2m0038,S2m1173,欽定滿洲祭神祭天典禮,catalog,,
KR2m0039,S2m1174,欽定南巡盛典,catalog,,
KR2m0040,S2m1175,八旬萬壽盛典,catalog,,
KR2m0041,S2m1176,歷代建元考,catalog,,
KR2m0042,S2m1177,北郊配位尊西向議,catalog,,
KR2m0043,S2m1178,廟制圖考,catalog,,
KR2m0044,S2m1179,救荒活民書,catalog,,
KR2m0045,S2m1180,熬波圖,catalog,,
KR2m0046,S2m1181,錢通,catalog,,
KR2m0047,S2m1182,捕蝗考,catalog,,
KR2m0048,S2m1183,荒政叢書,catalog,,
KR2m0049,S2m1184,欽定康濟錄,catalog,,
KR2m0050,S2m1185,歷代兵制,catalog,,
KR2m0051,S2m1186,補漢兵志,catalog,,
KR2m0052,S2m1187,馬政紀,catalog,,
KR2m0053,S2m1188,欽定八旗通志,catalog,,
KR2m0054,S2m1189,唐律疏義,catalog,,
KR2m0055,S2m1190,大清律例,catalog,,
KR2m0056,S2m1191,營造法式,catalog,,
KR2m0057,S2m1192,欽定式英殿聚珍版程式,catalog,,
KR2n0001,S2n1193,崇文總目,catalog,,
KR2n0002,S2n1194,郡齋讀書志,catalog,,
KR2n0003,S2n1195,遂初堂書目,catalog,,
KR2n0004,S2n1196,子略,catalog,,
KR2n0005,S2n1197,直齋書錄解題,catalog,,
KR2n0006,S2n1198,漢藝文志考證,catalog,,
KR2n0007,S2n1199,文淵閣書目,catalog,,
KR2n0008,S2n1200,授經圖義例,catalog,,
KR2n0009,S2n1201,欽定天祿琳琅書目,catalog,,
KR2n0010,S2n1202,千頃堂書目,catalog,,
KR2n0011,S2n1203,經義考,catalog,,
KR2n0012,S2n1204,集古錄,catalog,,
KR2n0013,S2n1205,金石錄,catalog,,
KR2n0014,S2n1206,法帖刋誤,catalog,,
KR2n0015,S2n1207,法帖釋文,catalog,,
KR2n0016,S2n1208,籀史,catalog,,
KR2n0017,S2n1209,隸釋,catalog,,
KR2n0018,S2n1210,隸續,catalog,,
KR2n0019,S2n1211,絳帖平,catalog,,
KR2n0020,S2n1212,石刻鋪敍,catalog,,
KR2n0021,S2n1213,法帖譜系,catalog,,
KR2n0022,S2n1214,蘭亭考,catalog,,
KR2n0023,S2n1215,蘭亭續考,catalog,,
KR2n0024,S2n1216,寶刻叢編,catalog,,
KR2n0025,S2n1217,輿地碑記目,catalog,,
KR2n0026,S2n1218,寶刻類編,catalog,,
KR2n0027,S2n1219,古刻叢鈔,catalog,,
KR2n0028,S2n1220,名蹟錄,catalog,,
KR2n0029,S2n1221,吳中金石新編,catalog,,
KR2n0030,S2n1222,金薤琳琅,catalog,,
KR2n0031,S2n1223,法帖釋文考異,catalog,,
KR2n0032,S2n1224,金石林時地考,catalog,,
KR2n0033,S2n1225,石墨鐫華,catalog,,
KR2n0034,S2n1226,金石史,catalog,,
KR2n0035,S2n1227,欽定重刻淳化閣帖釋文,catalog,,
KR2n0036,S2n1228,求古錄,catalog,,
KR2n0037,S2n1229,金石文字記,catalog,,
KR2n0038,S2n1230,石經考,catalog,,
KR2n0039,S2n1231,萬氏石經考,catalog,,
KR2n0040,S2n1232,來齋金石刻考略,catalog,,
KR2n0041,S2n1233,崇陽石刻集記,catalog,,
KR2n0042,S2n1234,金石文考略,catalog,,
KR2n0043,S2n1235,分隸偶存,catalog,,
KR2n0044,S2n1236,淳化祕閣法帖考正,catalog,,
KR2n0045,S2n1237,竹雲題跋,catalog,,
KR2n0046,S2n1238,金石經眼錄,catalog,,
KR2n0047,S2n1239,石經考異,catalog,,
KR2o0001,S2o1240,史通,catalog,,
KR2o0002,S2o1241,史通通釋,catalog,,
KR2o0003,S2o1242,唐鑑,catalog,,
KR2o0004,S2o1243,唐史論斷,catalog,,
KR2o0005,S2o1244,唐書直筆,catalog,,
KR2o0006,S2o1245,通鑑問疑,catalog,,
KR2o0007,S2o1246,三國雜事,catalog,,
KR2o0008,S2o1247,經幄管見,catalog,,
KR2o0009,S2o1248,涉史隨筆,catalog,,
KR2o0010,S2o1249,六朝通鑑博議,catalog,,
KR2o0011,S2o1250,宋大事記講義,catalog,,
KR2o0012,S2o1251,兩漢筆記,catalog,,
KR2o0013,S2o1252,舊聞證誤,catalog,,
KR2o0014,S2o1253,通鑑答問,catalog,,
KR2o0015,S2o1254,歷代名賢確論,catalog,,
KR2o0016,S2o1255,歷代通略,catalog,,
KR2o0017,S2o1256,十七史纂古今通要,catalog,,
KR2o0018,S2o1257,學史,catalog,,
KR2o0019,S2o1258,史糾,catalog,,
KR2o0020,S2o1259,御批資治通鑑綱目,catalog,,
KR2o0021,S2o1260,御批資治通鑑綱目前編,catalog,,
KR2o0022,S2o1261,御批續資治通鑑綱目,catalog,,
KR2o0023,S2o1262,評鑑闡要,catalog,,
KR2o0024,S2o1263,欽定古今儲貳金鑑,catalog,,
KR2o0024,,文史通義,catalog,,
KR3a0001,S3a1264,孔子家語,catalog,,
KR3a0002,S3a1265,荀子,catalog,,
KR3a0003,S3a1266,孔叢子,catalog,,
KR3a0004,S3a1267,新語,catalog,,
KR3a0005,S3a1268,新書,catalog,,
KR3a0006,S3a1269,鹽鐵論,catalog,,
KR3a0007,S3a1270,說苑,catalog,,
KR3a0008,S3a1271,新序,catalog,,
KR3a0009,S3a1272,揚子法言,catalog,,
KR3a0010,S3a1273,潛夫論,catalog,,
KR3a0011,S3a1274,申鑒,catalog,,
KR3a0012,S3a1275,中論,catalog,,
KR3a0013,S3a1276,傅子,catalog,,
KR3a0014,S3a1277,中說,catalog,,
KR3a0016,S3a1278,帝範,catalog,,
KR3a0017,S3a1279,續孟子,catalog,,
KR3a0018,S3a1280,伸蒙子,catalog,,
KR3a0019,S3a1281,素履子,catalog,,
KR3a0020,S3a1282,家範,catalog,,
KR3a0021,S3a1283,帝學,catalog,,
KR3a0022,S3a1284,儒志編,catalog,,
KR3a0023,S3a1285,太極圖說述解,catalog,,
KR3a0023,S3a0022a,西銘述解,catalog,,
KR3a0025,S3a1286,通書述解,catalog,,
KR3a0026,S3a1287,張子全書,catalog,,
KR3a0028,S3a1288,注解正蒙,catalog,,
KR3a0029,S3a1289,正蒙初義,catalog,,
KR3a0030,S3a1290,二程遺書,catalog,,
KR3a0031,S3a1291,二程外書,catalog,,
KR3a0032,S3a1292,二程粹言,catalog,,
KR3a0034,S3a1293,公是第子記,catalog,,
KR3a0035,S3a1294,節孝語錄,catalog,,
KR3a0036,S3a1295,儒言,catalog,,
KR3a0037,S3a1296,童蒙訓,catalog,,
KR3a0038,S3a1297,省心雜言,catalog,,
KR3a0039,S3a1298,上蔡語錄,catalog,,
KR3a0040,S3a1299,袁氏世範,catalog,,
KR3a0041,S3a1300,延平答問,catalog,,
KR3a0042,S3a1301,近思錄,catalog,,
KR3a0043,S3a1302,近思錄集註,catalog,,
KR3a0044,S3a1303,近思錄集註,catalog,,
KR3a0045,S3a1304,雜學辨,catalog,,
KR3a0046,S3a1305,御定小學集駐,catalog,,
KR3a0047,S3a1306,朱子語類,catalog,,
KR3a0048,S3a1307,戒子通錄,catalog,,
KR3a0049,S3a1308,知言,catalog,,
KR3a0050,S3a1309,明本釋,catalog,,
KR3a0051,S3a1310,少儀外傳,catalog,,
KR3a0052,S3a1311,麗澤論說集錄,catalog,,
KR3a0053,S3a1312,曾子全書,catalog,,
KR3a0054,S3a1313,子思子全書,catalog,,
KR3a0055,S3a1314,邇言,catalog,,
KR3a0056,S3a1315,木鍾集,catalog,,
KR3a0057,S3a1316,經濟文衡,catalog,,
KR3a0058,S3a1317,大學衍義,catalog,,
KR3a0059,S3a1318,西山讀書記,catalog,,
KR3a0060,S3a1319,心經,catalog,,
KR3a0061,S3a1320,政經,catalog,,
KR3a0062,S3a1321,項氏家說,catalog,,
KR3a0063,S3a1322,先聖大訓,catalog,,
KR3a0064,S3a1323,黃氏日抄,catalog,,
KR3a0065,S3a1324,北溪字義,catalog,,
KR3a0066,S3a1325,準齋雜說,catalog,,
KR3a0067,S3a1326,性理羣書句解,catalog,,
KR3a0068,S3a1327,東宮備覽,catalog,,
KR3a0069,S3a1328,孔子集語,catalog,,
KR3a0070,S3a1329,朱子讀書法,catalog,,
KR3a0071,S3a1330,家山圖書,catalog,,
KR3a0072,S3a1331,讀書分年日程,catalog,,
KR3a0073,S3a1332,辨惑編,catalog,,
KR3a0074,S3a1333,治世龜鑑,catalog,,
KR3a0075,S3a1334,管窺外篇,catalog,,
KR3a0076,S3a1335,內訓,catalog,,
KR3a0077,S3a1336,理學類編,catalog,,
KR3a0078,S3a1337,性理大全書,catalog,,
KR3a0079,S3a1338,讀書錄,catalog,,
KR3a0080,S3a1339,大學衍義補,catalog,,
KR3a0081,S3a1340,居業錄,catalog,,
KR3a0082,S3a1341,楓山語錄,catalog,,
KR3a0083,S3a1342,東溪日談錄,catalog,,
KR3a0084,S3a1343,因知記,catalog,,
KR3a0085,S3a1344,讀書劄記,catalog,,
KR3a0086,S3a1345,士翼,catalog,,
KR3a0087,S3a1346,涇野子內篇,catalog,,
KR3a0089,S3a1347,周子抄釋,catalog,,
KR3a0090,S3a1348,張子抄釋,catalog,,
KR3a0091,S3a1349,二程子抄釋,catalog,,
KR3a0092,S3a1350,朱子抄釋,catalog,,
KR3a0093,S3a1351,中庸衍義,catalog,,
KR3a0094,S3a1352,格物通,catalog,,
KR3a0095,S3a1353,世緯,catalog,,
KR3a0096,S3a1354,呻吟語摘,catalog,,
KR3a0097,S3a1355,劉子遺書,catalog,,
KR3a0098,S3a1356,人譜,catalog,,
KR3a0099,S3a1357,榕壇問業,catalog,,
KR3a0100,S3a1358,溫氏母訓,catalog,,
KR3a0101,S3a1359,御定資政要覽,catalog,,
KR3a0102,S3a1360,聖論廣訓,catalog,,
KR3a0103,S3a1361,聖祖仁皇帝庭訓格言,catalog,,
KR3a0104,S3a1362,日知薈說,catalog,,
KR3a0105,S3a1363,御定孝經衍義,catalog,,
KR3a0106,S3a1364,御定內則衍義,catalog,,
KR3a0107,S3a1365,御纂性理精義,catalog,,
KR3a0108,S3a1366,御纂朱子全書,catalog,,
KR3a0109,S3a1367,欽定執中成憲,catalog,,
KR3a0110,S3a1368,御覽經史講義,catalog,,
KR3a0111,S3a1369,思辨錄輯要,catalog,,
KR3a0112,S3a1370,正學隅見述,catalog,,
KR3a0113,S3a1371,雙橋隨筆,catalog,,
KR3a0114,S3a1372,榕村語錄,catalog,,
KR3a0115,S3a1373,讀朱隨筆,catalog,,
KR3a0116,S3a1374,三魚堂賸言,catalog,,
KR3a0117,S3a1375,松陽鈔存,catalog,,
KR3a0118,S3a1376,讀書偶記,catalog,,
KR3b0001,S3b1377,握奇經,catalog,,
KR3b0002,S3b1378,六韜,catalog,,
KR3b0003,S3b1379,孫子,catalog,,
KR3b0004,S3b1380,吳子,catalog,,
KR3b0005,S3b1381,司馬法,catalog,,
KR3b0006,S3b1382,尉繚子,catalog,,
KR3b0007,S3b1383,黃石公三畧,catalog,,
KR3b0008,S3b1384,三畧直解,catalog,,
KR3b0009,S3b1385,黃石公素書,catalog,,
KR3b0010,S3b1386,李衞公問對,catalog,,
KR3b0011,S3b1387,太白陰經,catalog,,
KR3b0012,S3b1388,武經總要,catalog,,
KR3b0013,S3b1389,虎鈴經,catalog,,
KR3b0014,S3b1390,何博士備論,catalog,,
KR3b0015,S3b1391,守城錄,catalog,,
KR3b0016,S3b1392,武編,catalog,,
KR3b0017,S3b1393,陣紀,catalog,,
KR3b0018,S3b1394,江南經畧,catalog,,
KR3b0019,S3b1395,紀效新書,catalog,,
KR3b0020,S3b1396,練兵實紀,catalog,,
KR3c0001,S3c1397,管子,catalog,,
KR3c0002,S3c1398,管子補注,catalog,,
KR3c0003,S3c1399,鄧子,catalog,,
KR3c0004,S3c1400,商子,catalog,,
KR3c0005,S3c1401,韓非子,catalog,,
KR3c0006,S3c1402,疑獄集,catalog,,
KR3c0007,S3c1403,折獄龜鑑,catalog,,
KR3c0008,S3c1404,棠陰比事,catalog,,
KR3d0001,S3c1405,齊民要術,catalog,,
KR3d0002,S3d1406,農書,catalog,,
KR3d0003,S3d1408,農桑輯要,catalog,,
KR3d0004,S3d1409,農桑衣食撮要,catalog,,
KR3d0005,S3d1410,農書,catalog,,
KR3d0006,S3d1411,救荒本草,catalog,,
KR3d0007,S3d1412,農政全書,catalog,,
KR3d0008,S3d1413,秦西水法,catalog,,
KR3d0009,S3d1414,野菜博錄,catalog,,
KR3d0010,S3d1415,欽定授時通考,catalog,,
KR3e0001,S3e1416,黃帝內經素問,catalog,,
KR3e0002,S3e1417,靈樞經,catalog,,
KR3e0004,S3e1418,難經本義,catalog,,
KR3e0005,S3e1419,鍼灸甲乙經,catalog,,
KR3e0006,S3e1420,金匱要畧論註,catalog,,
KR3e0008,S3e1421,傷寒論注釋,catalog,,
KR3e0010,S3e1422,肘後備急方,catalog,,
KR3e0011,S3e1423,褚氏遺書,catalog,,
KR3e0012,S3e1424,巢氏諸病源候總論,catalog,,
KR3e0013,S3e1425,備急千金要方,catalog,,
KR3e0014,S3e1426,銀海精微,catalog,,
KR3e0015,S3e1427,外臺秘要方,catalog,,
KR3e0016,S3e1428,顱顖經,catalog,,
KR3e0017,S3e1429,銅人鍼灸經,catalog,,
KR3e0018,S3e1430,明堂灸經,catalog,,
KR3e0019,S3e1431,博濟方,catalog,,
KR3e0020,S3e1432,蘇沈良方,catalog,,
KR3e0021,S3e1433,壽親養老新書,catalog,,
KR3e0022,S3e1434,腳氣治法總要,catalog,,
KR3e0023,S3e1435,旅舍備要方,catalog,,
KR3e0024,S3e1436,素問入式運氣論奧,catalog,,
KR3e0025,S3e1437,傷寒微旨論,catalog,,
KR3e0026,S3e1438,傷寒總病論,catalog,,
KR3e0027,S3e1439,聖濟總錄纂要,catalog,,
KR3e0028,S3e1440,證類本草,catalog,,
KR3e0030,S3e1441,金生指迷方,catalog,,
KR3e0031,S3e1442,小兒衞生總散論方,catalog,,
KR3e0032,S3e1443,類證普濟本事方,catalog,,
KR3e0033,S3e1444,太平惠民和劑局方,catalog,,
KR3e0034,S3e1445,傳信適用方,catalog,,
KR3e0035,S3e1446,衞濟寶書,catalog,,
KR3e0036,S3e1447,醫說,catalog,,
KR3e0037,S3e1448,鍼灸資生經,catalog,,
KR3e0038,S3e1449,婦人大全良方,catalog,,
KR3e0039,S3e1450,太醫局諸科程文格,catalog,,
KR3e0040,S3e1451,產育寶慶集,catalog,,
KR3e0041,S3e1452,三因極一病證方論,catalog,,
KR3e0042,S3e1453,集驗背疽方,catalog,,
KR3e0043,S3e1454,濟生方,catalog,,
KR3e0044,S3e1455,產寶諸寶,catalog,,
KR3e0045,S3e1456,仁齋直指,catalog,,
KR3e0046,S3e1457,急救仙方,catalog,,
KR3e0047,S3e1458,素問玄機原病式,catalog,,
KR3e0048,S3e1459,宣明方論,catalog,,
KR3e0049,S3e1460,傷寒直格方,catalog,,
KR3e0050,S3e1461,保命集,catalog,,
KR3e0051,S3e1462,儒門事親,catalog,,
KR3e0052,S3e1463,內外傷辯惑論,catalog,,
KR3e0053,S3e1464,脾胃論,catalog,,
KR3e0054,S3e1465,蘭室祕藏,catalog,,
KR3e0055,S3e1466,此事難知,catalog,,
KR3e0056,S3e1467,醫壘元戎,catalog,,
KR3e0057,S3e1468,湯液本章,catalog,,
KR3e0058,S3e1469,瑞竹堂經驗方,catalog,,
KR3e0059,S3e1470,世醫得效方,catalog,,
KR3e0060,S3e1471,格致餘論,catalog,,
KR3e0061,S3e1472,局方發揮,catalog,,
KR3e0062,S3e1473,金匱鈎玄,catalog,,
KR3e0063,S3e1474,扁鵲神應鍼灸玉龍經,catalog,,
KR3e0064,S3e1475,外科精義,catalog,,
KR3e0065,S3e1476,脉訣刊誤,catalog,,
KR3e0066,S3e1477,醫經溯洄集,catalog,,
KR3e0067,S3e1478,普濟方,catalog,,
KR3e0068,S3e1479,玉機微義,catalog,,
KR3e0069,S3e1480,仁端錄,catalog,,
KR3e0070,S3e1481,薛氏醫案,catalog,,
KR3e0071,S3e1482,推求師竟,catalog,,
KR3e0072,S3e1483,針灸問對,catalog,,
KR3e0073,S3e1484,外料理例,catalog,,
KR3e0074,S3e1485,石山醫案,catalog,,
KR3e0075,S3e1486,名醫類案,catalog,,
KR3e0076,S3e1487,赤水元珠,catalog,,
KR3e0077,S3e1488,醫旨緒餘,catalog,,
KR3e0078,S3e1489,證治準繩,catalog,,
KR3e0079,S3e1490,本草綱目,catalog,,
KR3e0080,S3e1491,奇經八脉攷,catalog,,
KR3e0081,S3e1492,瀕湖脉學,catalog,,
KR3e0082,S3e1493,傷寒論條辦,catalog,,
KR3e0083,S3e1494,先醒齋廣筆記,catalog,,
KR3e0084,S3e1495,神農本草經疏,catalog,,
KR3e0085,S3e1496,類經,catalog,,
KR3e0086,S3e1497,景岳全書,catalog,,
KR3e0087,S3e1498,瘟疫論,catalog,,
KR3e0088,S3e1499,痎瘧論疏,catalog,,
KR3e0089,S3e1500,本草乘雅半偈,catalog,,
KR3e0090,S3e1501,御纂醫宗金鑑,catalog,,
KR3e0091,S3e1502,尚論篇,catalog,,
KR3e0092,S3e1503,醫門法律,catalog,,
KR3e0093,S3e1504,傷寒舌鑑,catalog,,
KR3e0094,S3e1505,傷寒兼證析義,catalog,,
KR3e0095,S3e1506,絳雪園古方選註,catalog,,
KR3e0096,S3e1507,續名醫類案,catalog,,
KR3e0097,S3e1508,蘭臺軌範,catalog,,
KR3e0098,S3e1509,神農本草經百种錄,catalog,,
KR3e0099,S3e1510,傷寒類方,catalog,,
KR3e0100,S3e1511,醫學源流論,catalog,,
KR3f0001,S3f1512,周髀算經,catalog,,
KR3f0002,S3f1513,新儀象法要,catalog,,
KR3f0003,S3f1514,六經天法編,catalog,,
KR3f0004,S3f1515,(原本)革象新書,catalog,,
KR3f0005,S3f1516,(重修)革象新書,catalog,,
KR3f0006,S3f1517,七政推步,catalog,,
KR3f0007,S3f1518,聖壽萬年曆,catalog,,
KR3f0008,S3f1519,古今律歷考,catalog,,
KR3f0009,S3f1520,乾坤體義,catalog,,
KR3f0010,S3f1521,表度說,catalog,,
KR3f0011,S3f1522,簡平儀說,catalog,,
KR3f0012,S3f1523,天問畧,catalog,,
KR3f0013,S3f1524,新法算書,catalog,,
KR3f0014,S3f1525,測量法義,catalog,,
KR3f0015,S3f1527,渾蓋通憲圖說,catalog,,
KR3f0016,S3f1528,圜容較義,catalog,,
KR3f0017,S3f1529,歷體畧,catalog,,
KR3f0018,S3f1530,御製歷象考成,catalog,,
KR3f0019,S3f1531,御製歷象考成後編,catalog,,
KR3f0020,S3f1532,欽定儀象考成,catalog,,
KR3f0021,S3f1533,曉菴新法,catalog,,
KR3f0022,S3f1534,中星譜,catalog,,
KR3f0023,S3f1535,天經惑問,catalog,,
KR3f0024,S3f1536,天步眞原,catalog,,
KR3f0025,S3f1537,天學會通,catalog,,
KR3f0026,S3f1538,歷算全書,catalog,,
KR3f0027,S3f1539,大統歷志,catalog,,
KR3f0028,S3f1540,勿菴歷算書記,catalog,,
KR3f0029,S3f1541,中西經星同異考,catalog,,
KR3f0030,S3f1542,全史日至源流,catalog,,
KR3f0031,S3f1543,數學,catalog,,
KR3f0032,S3f1544,九章算術,catalog,,
KR3f0033,S3f1545,孫子算經,catalog,,
KR3f0034,S3f1546,數述記遺,catalog,,
KR3f0035,S3f1547,海島算經,catalog,,
KR3f0036,S3f1548,五曹算經,catalog,,
KR3f0037,S3f1549,五經算術,catalog,,
KR3f0038,S3f1550,夏侯陽算經,catalog,,
KR3f0039,S3f1551,張邱建算經,catalog,,
KR3f0040,S3f1552,緝古等經,catalog,,
KR3f0041,S3f1553,數學九章,catalog,,
KR3f0042,S3f1554,測圓海鏡,catalog,,
KR3f0043,S3f1555,測圓海鏡分類釋術,catalog,,
KR3f0044,S3f1556,益古演段,catalog,,
KR3f0045,S3f1557,弧矢筭術,catalog,,
KR3f0046,S3f1558,同文算指,catalog,,
KR3f0047,S3f1559,幾何原本,catalog,,
KR3f0048,S3f1560,御製數理精薀,catalog,,
KR3f0049,S3f1561,幾何論約,catalog,,
KR3f0050,S3f1562,數學鑰,catalog,,
KR3f0051,S3f1563,數度衍,catalog,,
KR3f0052,S3f1564,句股引蒙,catalog,,
KR3f0053,S3f1565,句股矩解原,catalog,,
KR3f0054,S3f1566,少廣補遺,catalog,,
KR3f0055,S3f1567,莊氏算學,catalog,,
KR3f0056,S3f1568,九章錄要,catalog,,
KR3g0001,S3g1569,太玄經,catalog,,
KR3g0002,S3g1570,太玄本旨,catalog,,
KR3g0003,S3g1571,元包經傳,catalog,,
KR3g0004,S3g1573,潛虛,catalog,,
KR3g0005,S3g1574,皇極經世書,catalog,,
KR3g0006,S3g1575,皇極經世索引,catalog,,
KR3g0007,S3g1576,皇極經世觀物外篇衍義,catalog,,
KR3g0008,S3g1577,易通變,catalog,,
KR3g0009,S3g1578,觀物篇解,catalog,,
KR3g0010,S3g1579,皇極經世書解,catalog,,
KR3g0011,S3g1580,易學,catalog,,
KR3g0012,S3g1581,洪範皇極內篇,catalog,,
KR3g0013,S3g1582,天原發微,catalog,,
KR3g0014,S3g1583,大衍索隱,catalog,,
KR3g0015,S3g1584,易象圖說,catalog,,
KR3g0016,S3g1585,三易洞璣,catalog,,
KR3g0017,S3g1586,靈臺祕苑,catalog,,
KR3g0018,S3g1587,唐開元占經,catalog,,
KR3g0019,S3g1588,宅經,catalog,,
KR3g0020,S3g1589,葬書,catalog,,
KR3g0021,S3g1590,撼龍經,catalog,,
KR3g0022,S3g1591,青囊序,catalog,,
KR3g0023,S3g1592,青囊奧語,catalog,,
KR3g0024,S3g1593,天玉經,catalog,,
KR3g0025,S3g1594,靈城精義,catalog,,
KR3g0026,S3g1595,催官篇,catalog,,
KR3g0027,S3g1596,發微論,catalog,,
KR3g0028,S3g1597,靈棋經,catalog,,
KR3g0029,S3g1598,焦氏易林,catalog,,
KR3g0030,S3g1599,京氏易傳,catalog,,
KR3g0031,S3g1600,六壬大全,catalog,,
KR3g0032,S3g1601,卜法詳考,catalog,,
KR3g0033,S3g1602,李虛中命書,catalog,,
KR3g0034,S3g1603,玉照定眞經,catalog,,
KR3g0035,S3g1604,星命溯源,catalog,,
KR3g0036,S3g1605,珞琭子賦註,catalog,,
KR3g0037,S3g1606,珞琭子三命消息賦註,catalog,,
KR3g0038,S3g1607,三命指迷賦,catalog,,
KR3g0039,S3g1608,星命總括,catalog,,
KR3g0040,S3g1609,演禽通纂,catalog,,
KR3g0041,S3g1610,星學大成,catalog,,
KR3g0042,S3g1611,三命通會,catalog,,
KR3g0043,S3g1612,月波洞中記,catalog,,
KR3g0044,S3g1613,玉管照神局,catalog,,
KR3g0045,S3g1614,太清神鑑,catalog,,
KR3g0046,S3g1615,人倫大統賦,catalog,,
KR3g0047,S3g1616,太乙金鏡式經,catalog,,
KR3g0048,S3g1617,遁甲演義,catalog,,
KR3g0049,S3g1618,禽星易見,catalog,,
KR3g0050,S3g1619,御定星歷考原,catalog,,
KR3g0051,S3g1620,欽定協紀辨方書,catalog,,
KR3h0001,S3h1621,古畫品錄,catalog,,
KR3h0002,S3h1622,書品,catalog,,
KR3h0003,S3h1623,續畫品,catalog,,
KR3h0004,S3h1624,貞觀公私畫史,catalog,,
KR3h0005,S3h1625,書譜,catalog,,
KR3h0006,S3h1626,書斷,catalog,,
KR3h0007,S3h1627,逑書賦,catalog,,
KR3h0008,S3h1628,法書要錄,catalog,,
KR3h0009,S3h1629,歷代名畫記,catalog,,
KR3h0010,S3h1630,唐朝名畫錄,catalog,,
KR3h0011,S3h1631,墨藪,catalog,,
KR3h0012,S3h1633,畫山水賦,catalog,,
KR3h0013,S3h1634,思陵翰墨志,catalog,,
KR3h0014,S3h1635,五代名畫補遺,catalog,,
KR3h0015,S3h1636,宋朝名畫評,catalog,,
KR3h0016,S3h1637,益州名畫錄,catalog,,
KR3h0017,S3h1638,圖畫見聞誌,catalog,,
KR3h0018,S3h1639,林泉高致集,catalog,,
KR3h0019,S3h1640,墨池編,catalog,,
KR3h0020,S3h1641,德隅齋畫品,catalog,,
KR3h0021,S3h1642,畫史,catalog,,
KR3h0022,S3h16,書史,catalog,,
KR3h0023,S3h1643,寶章待訪錄,catalog,,
KR3h0023,S3h1643a,海嶽名言,catalog,,
KR3h0025,S3h1644,宣和畫譜,catalog,,
KR3h0026,S3h1645,宣和書譜,catalog,,
KR3h0027,S3h1646,山水純全集,catalog,,
KR3h0028,S3h1647,廣川書跋,catalog,,
KR3h0029,S3h1648,廣川畫跋,catalog,,
KR3h0030,S3h1649,畫繼,catalog,,
KR3h0031,S3h1650,續書譜,catalog,,
KR3h0032,S3h1651,寶眞齋法書贊,catalog,,
KR3h0033,S3h1652,書苑菁華,catalog,,
KR3h0034,S3h1653,書小史,catalog,,
KR3h0035,S3h1654,書錄,catalog,,
KR3h0036,S3h1655,竹譜,catalog,,
KR3h0037,S3h1656,畫鑒,catalog,,
KR3h0038,S3h1657,衍極,catalog,,
KR3h0040,S3h1658,法書考,catalog,,
KR3h0041,S3h1659,圖繪寶鑑,catalog,,
KR3h0042,S3h1660,寓意編,catalog,,
KR3h0043,S3h1661,書史會要,catalog,,
KR3h0044,S3h1662,珊瑚木難,catalog,,
KR3h0045,S3h1663,趙氏鐵綱珊瑚,catalog,,
KR3h0046,S3h1664,墨池璅錄,catalog,,
KR3h0047,S3h1665,書畫跋跋,catalog,,
KR3h0048,S3h1666,書訣,catalog,,
KR3h0049,S3h1667,繪事微言,catalog,,
KR3h0050,S3h1668,書法雅言,catalog,,
KR3h0051,S3h1669,寒山帚談,catalog,,
KR3h0052,S3h1670,書法離鈎,catalog,,
KR3h0053,S3h1671,畫史會要,catalog,,
KR3h0054,S3h1672,書畫題跋記,catalog,,
KR3h0055,S3h1673,清河書畫舫,catalog,,
KR3h0056,S3h1674,眞蹟日錄,catalog,,
KR3h0057,S3h1675,清河書畫表,catalog,,
KR3h0057,S3h1675a,書畫見聞表,catalog,,
KR3h0059,S3h1676,南陽書畫集,catalog,,
KR3h0060,S3h1677,珊瑚網,catalog,,
KR3h0061,S3h1678,御定佩文齋書畫譜,catalog,,
KR3h0062,S3h1679,祕殿珠林,catalog,,
KR3h0063,S3h1680,石渠寶笈,catalog,,
KR3h0064,S3h1681,庚子銷夏記,catalog,,
KR3h0065,S3h1682,繪事備考,catalog,,
KR3h0066,S3h1683,書法正傳,catalog,,
KR3h0067,S3h1684,江村銷夏錄,catalog,,
KR3h0068,S3h1685,書畫彙考,catalog,,
KR3h0069,S3h1686,南宋院畫錄,catalog,,
KR3h0070,S3h1687,六藝之一錄,catalog,,
KR3h0071,S3h1688,小山畫譜,catalog,,
KR3h0072,S3h1689,傳神祕要,catalog,,
KR3h0073,S3h1690,琴史,catalog,,
KR3h0074,S3h1691,松絃館琴譜,catalog,,
KR3h0075,S3h1692,松風閣琴譜,catalog,,
KR3h0076,S3h1693,琴譜合璧,catalog,,
KR3h0077,S3h1694,學古編,catalog,,
KR3h0078,S3h1695,印典,catalog,,
KR3h0079,S3h1696,羯鼓錄,catalog,,
KR3h0080,S3h1697,樂府雜錄,catalog,,
KR3h0081,S3h1698,棊經,catalog,,
KR3h0082,S3h1699,棊訣,catalog,,
KR3h0083,S3h1700,古今刀劔錄,catalog,,
KR3h0084,S3h1701,鼎錄,catalog,,
KR3h0085,S3h1702,嘯堂集古錄,catalog,,
KR3h0086,S3h1703,考古圖,catalog,,
KR3h0087,S3h1704,重修宣和博古圖,catalog,,
KR3h0088,S3h1705,宣德鼎彝譜,catalog,,
KR3h0089,S3h1706,西清古鑑,catalog,,
KR3i0001,S3i1707,奇器圖說,catalog,,
KR3i0002,S3i1708,文房四譜,catalog,,
KR3i0003,S3i1709,硯史,catalog,,
KR3i0004,S3i1710,歙州硯譜,catalog,,
KR3i0005,S3i1711,歙硯說,catalog,,
KR3i0006,S3i1712,端溪硯譜,catalog,,
KR3i0007,S3i1713,硯譜,catalog,,
KR3i0008,S3i1714,硯箋,catalog,,
KR3i0009,S3i1715,欽定西清硯譜,catalog,,
KR3i0010,S3i1716,墨譜法式,catalog,,
KR3i0011,S3i1717,墨經,catalog,,
KR3i0012,S3i1718,墨史,catalog,,
KR3i0013,S3i1719,墨法集要,catalog,,
KR3i0014,S3i1720,錢錄,catalog,,
KR3i0015,S3i1721,香譜,catalog,,
KR3i0016,S3i1722,陳氏香譜,catalog,,
KR3i0017,S3i1723,香乘,catalog,,
KR3i0018,S3i1724,雲林石譜,catalog,,
KR3i0019,S3i1725,茶經,catalog,,
KR3i0020,S3i1726,茶錄,catalog,,
KR3i0021,S3i1727,品茶要錄,catalog,,
KR3i0022,S3i1728,宣和北苑貢茶錄,catalog,,
KR3i0023,S3i1729,東溪試茶錄,catalog,,
KR3i0024,S3i1730,續茶經,catalog,,
KR3i0025,S3i1731,煎茶水記,catalog,,
KR3i0026,S3i1732,北山酒經,catalog,,
KR3i0027,S3i1733,酒譜,catalog,,
KR3i0028,S3i1734,糖霜譜,catalog,,
KR3i0029,S3i1735,洛陽牡丹記,catalog,,
KR3i0030,S3i1745,揚州芍藥譜,catalog,,
KR3i0031,S3i1736,劉氏菊譜,catalog,,
KR3i0032,S3i1737,史氏菊譜,catalog,,
KR3i0033,S3i1738,范村梅譜,catalog,,
KR3i0033,S3i1738a,范村菊譜,catalog,,
KR3i0035,S3i1739,百菊集譜,catalog,,
KR3i0036,S3i1740,金漳蘭譜,catalog,,
KR3i0037,S3i1741,海棠譜,catalog,,
KR3i0038,S3i1742,荔枝譜,catalog,,
KR3i0039,S3i1743,橘錄,catalog,,
KR3i0040,S3i1744,竹譜,catalog,,
KR3i0041,S3i1746,筍譜,catalog,,
KR3i0042,S3i1747,菌譜,catalog,,
KR3i0044,S3i1748,御定佩文齋廣羣芳譜,catalog,,
KR3i0045,S3i1749,禽經,catalog,,
KR3i0046,S3i1750,蟹譜,catalog,,
KR3i0047,S3i1751,蟹畧,catalog,,
KR3i0048,S3i1752,異魚圖贊,catalog,,
KR3i0049,S3i1753,異魚圖贊箋,catalog,,
KR3i0050,S3i1754,異魚圖贊補,catalog,,
KR3j0001,S3j1755,鬻子,catalog,,
KR3j0002,S3j1756,墨子,catalog,,
KR3j0003,S3j1757,子華子,catalog,,
KR3j0004,S3j1758,尹文子,catalog,,
KR3j0005,S3j1759,愼子,catalog,,
KR3j0006,S3j1760,鶡冠子,catalog,,
KR3j0007,S3j1761,公孫龍子,catalog,,
KR3j0008,S3j1762,鬼谷子,catalog,,
KR3j0009,S3j1763,呂氏春秋,catalog,,
KR3j0010,S3j1764,淮南鴻烈解,catalog,,
KR3j0011,S3j1765,人物志,catalog,,
KR3j0012,S3j1766,金樓子,catalog,,
KR3j0013,S3j1767,劉子,catalog,,
KR3j0014,S3j1768,顏氏家訓,catalog,,
KR3j0015,S3j1769,長短經,catalog,,
KR3j0016,S3j1770,兩同書,catalog,,
KR3j0017,S3j1771,化書,catalog,,
KR3j0018,S3j1772,昭德新編,catalog,,
KR3j0019,S3j1773,芻言,catalog,,
KR3j0020,S3j1774,樂菴語錄,catalog,,
KR3j0021,S3j1775,習學記言,catalog,,
KR3j0022,S3j1776,本語,catalog,,
KR3j0023,S3j1777,白虎通義,catalog,,
KR3j0024,S3j1778,獨斷,catalog,,
KR3j0025,S3j1779,古今注,catalog,,
KR3j0026,S3j1780,資暇集,catalog,,
KR3j0027,S3j1781,刊誤,catalog,,
KR3j0028,S3j1782,蘇氏演義,catalog,,
KR3j0029,S3j1783,兼明書,catalog,,
KR3j0030,S3j1784,近事會元,catalog,,
KR3j0031,S3j1785,東觀餘論,catalog,,
KR3j0032,S3j1786,靖康緗素雜誌,catalog,,
KR3j0033,S3j1787,猗覺寮雜記,catalog,,
KR3j0034,S3j1788,能改齋漫錄,catalog,,
KR3j0035,S3j1789,雲谷雜記,catalog,,
KR3j0036,S3j1790,西溪叢語,catalog,,
KR3j0037,S3j1791,學林,catalog,,
KR3j0038,S3j1792,容齋隨筆,catalog,,
KR3j0039,S3j1793,攷古編,catalog,,
KR3j0040,S3j1794,演繁露,catalog,,
KR3j0041,S3j1795,緯略,catalog,,
KR3j0042,S3j1796,甕牖閒評,catalog,,
KR3j0043,S3j1797,芥隱筆記,catalog,,
KR3j0044,S3j1798,蘆浦日記,catalog,,
KR3j0045,S3j1799,野客叢書,catalog,,
KR3j0046,S3j1800,坦齋通編,catalog,,
KR3j0047,S3j1801,攷古質疑,catalog,,
KR3j0048,S3j1802,經外雜抄,catalog,,
KR3j0049,S3j1803,古今攷,catalog,,
KR3j0050,S3j1804,潁川語小,catalog,,
KR3j0051,S3j1805,賓退錄,catalog,,
KR3j0052,S3j1806,學齋佔畢,catalog,,
KR3j0053,S3j1807,鼠璞,catalog,,
KR3j0054,S3j1808,朝野類要,catalog,,
KR3j0055,S3j1809,果學紀聞,catalog,,
KR3j0056,S3j1810,識遺,catalog,,
KR3j0057,S3j1811,愛日齋叢抄,catalog,,
KR3j0058,S3j1812,日損齋筆記,catalog,,
KR3j0059,S3j1813,丹鉛餘錄,catalog,,
KR3j0060,S3j1814,譚苑醍醐,catalog,,
KR3j0061,S3j1815,藝彀,catalog,,
KR3j0062,S3j1816,正楊,catalog,,
KR3j0063,S3j1817,疑耀,catalog,,
KR3j0064,S3j1818,名義考,catalog,,
KR3j0065,S3j1819,徐氏筆精,catalog,,
KR3j0066,S3j1820,通雅,catalog,,
KR3j0067,S3j1821,巵林,catalog,,
KR3j0068,S3j1822,拾遺錄,catalog,,
KR3j0069,S3j1823,義府,catalog,,
KR3j0070,S3j1824,日知錄,catalog,,
KR3j0071,S3j1825,藝林彙考,catalog,,
KR3j0072,S3j1826,潛邱劄記,catalog,,
KR3j0073,S3j1827,湛園札記,catalog,,
KR3j0074,S3j1828,白田雜著,catalog,,
KR3j0075,S3j1829,樵香小記,catalog,,
KR3j0076,S3j1830,義門讀書記,catalog,,
KR3j0077,S3j1831,管城碩記,catalog,,
KR3j0078,S3j1832,訂譌雜錄,catalog,,
KR3j0079,S3j1833,識小織,catalog,,
KR3j0080,S3j1834,論衡,catalog,,
KR3j0081,S3j1835,風俗通義,catalog,,
KR3j0083,S3j1836,封氏聞見記,catalog,,
KR3j0084,S3j1837,尚書故實,catalog,,
KR3j0085,S3j1838,灌畦暇語,catalog,,
KR3j0086,S3j1839,春明退朝錄,catalog,,
KR3j0087,S3j1840,宋景文筆記,catalog,,
KR3j0088,S3j1841,東原錄,catalog,,
KR3j0089,S3j1842,王氏談錄,catalog,,
KR3j0090,S3j1843,麈史,catalog,,
KR3j0091,S3j1844,文昌雜錄,catalog,,
KR3j0092,S3j1845,夢溪筆談,catalog,,
KR3j0093,S3j1846,仇池筆記,catalog,,
KR3j0094,S3j1847,東坡志林,catalog,,
KR3j0095,S3j1848,珩璜新論,catalog,,
KR3j0096,S3j1849,晁氏客語,catalog,,
KR3j0097,S3j1850,師友談記,catalog,,
KR3j0098,S3j1851,楊公筆錄,catalog,,
KR3j0099,S3j1852,呂氏雜記,catalog,,
KR3j0100,S3j1853,冷齋夜話,catalog,,
KR3j0101,S3j1854,苗洧舊聞,catalog,,
KR3j0102,S3j1855,元城語錄解,catalog,,
KR3j0103,S3j1856,嬾眞子,catalog,,
KR3j0104,S3j1857,春渚紀聞,catalog,,
KR3j0105,S3j1858,石林燕語,catalog,,
KR3j0106,S3j1859,避暑錄話,catalog,,
KR3j0107,S3j1860,巖下放言,catalog,,
KR3j0108,S3j1861,却掃編,catalog,,
KR3j0109,S3j1862,五總志,catalog,,
KR3j0110,S3j1863,紫微雜說,catalog,,
KR3j0111,S3j1864,辯言,catalog,,
KR3j0112,S3j1865,墨莊漫錄,catalog,,
KR3j0113,S3j1866,寓簡,catalog,,
KR3j0114,S3j1867,欒城遺言,catalog,,
KR3j0115,S3j1868,東園叢說,catalog,,
KR3j0116,S3j1869,常談,catalog,,
KR3j0117,S3j1870,雲麓漫抄,catalog,,
KR3j0118,S3j1871,示兒編,catalog,,
KR3j0119,S3j1872,游宧紀聞,catalog,,
KR3j0120,S3j1873,密齋筆記,catalog,,
KR3j0121,S3j1874,梁谿漫志,catalog,,
KR3j0122,S3j1875,澗泉日記,catalog,,
KR3j0123,S3j1876,老學庵筆記,catalog,,
KR3j0124,S3j1877,愧郯錄,catalog,,
KR3j0125,S3j1878,袪疑說,catalog,,
KR3j0126,S3j1879,琴堂諭俗編,catalog,,
KR3j0127,S3j1880,鶴林玉露,catalog,,
KR3j0128,S3j1881,貴耳集,catalog,,
KR3j0129,S3j1882,吹劍錄外集,catalog,,
KR3j0130,S3j1883,腳氣集,catalog,,
KR3j0131,S3j1884,藏一話腴,catalog,,
KR3j0132,S3j1885,佩韋齋輯聞,catalog,,
KR3j0133,S3j1886,書齋夜話,catalog,,
KR3j0134,S3j1887,齊東野語,catalog,,
KR3j0135,S3j1888,困學齋雜錄,catalog,,
KR3j0136,S3j1889,隱居通義,catalog,,
KR3j0137,S3j1890,湛淵靜語,catalog,,
KR3j0138,S3j1891,敬齊古今黈,catalog,,
KR3j0139,S3j1892,日聞錄,catalog,,
KR3j0140,S3j1893,勤有堂隨錄,catalog,,
KR3j0141,S3j1894,玉堂嘉話,catalog,,
KR3j0142,S3j1895,庶齋老學叢談,catalog,,
KR3j0143,S3j1896,研北雜誌,catalog,,
KR3j0144,S3j1897,北軒筆記,catalog,,
KR3j0145,S3j1898,閒居錄,catalog,,
KR3j0146,S3j1899,雪履齋筆記,catalog,,
KR3j0147,S3j1900,霏雪錄,catalog,,
KR3j0148,S3j1901,蠡海集,catalog,,
KR3j0149,S3j1902,草木子,catalog,,
KR3j0150,S3j1903,胡文穆雜著,catalog,,
KR3j0151,S3j1904,讕言長語,catalog,,
KR3j0152,S3j1905,蟫精雋,catalog,,
KR3j0153,S3j1906,震澤長語,catalog,,
KR3j0154,S3j1907,井觀瑣言,catalog,,
KR3j0155,S3j1908,南園漫錄,catalog,,
KR3j0156,S3j1909,雨航雜錄,catalog,,
KR3j0157,S3j1910,採芹錄,catalog,,
KR3j0158,S3j1911,畫禪室隨筆,catalog,,
KR3j0159,S3j1912,六研齋筆記,catalog,,
KR3j0160,S3j1913,物理小識,catalog,,
KR3j0161,S3j1914,春明夢餘錄,catalog,,
KR3j0162,S3j1915,居易錄,catalog,,
KR3j0163,S3j1916,池北偶談,catalog,,
KR3j0164,S3j1917,香祖筆記,catalog,,
KR3j0165,S3j1918,分甘餘話,catalog,,
KR3j0166,S3j1919,古夫于亭雜錄,catalog,,
KR3j0167,S3j1920,洞天清錄,catalog,,
KR3j0168,S3j1921,負暄野錄,catalog,,
KR3j0169,S3j1922,雲烟過眼錄,catalog,,
KR3j0170,S3j1923,格古要論,catalog,,
KR3j0171,S3j1924,竹嶼山房雜部,catalog,,
KR3j0172,S3j1925,遵生八牋,catalog,,
KR3j0173,S3j1926,清祕藏,catalog,,
KR3j0174,S3j1927,長物志,catalog,,
KR3j0175,S3j1928,韻石齋筆談,catalog,,
KR3j0176,S3j1929,七頌堂識小錄,catalog,,
KR3j0177,S3j1930,硯山齋雜記,catalog,,
KR3j0178,S3j1931,意林,catalog,,
KR3j0179,S3j1932,紺珠集,catalog,,
KR3j0180,S3j1933,類說,catalog,,
KR3j0181,S3j1934,事實類苑,catalog,,
KR3j0182,S3j1935,仕學規範,catalog,,
KR3j0183,S3j1936,自警編,catalog,,
KR3j0184,S3j1937,言行龜鑑,catalog,,
KR3j0185,S3j1938,說孚,catalog,,
KR3j0186,S3j1939,玉芝堂談薈,catalog,,
KR3j0187,S3j1940,元明事類鈔,catalog,,
KR3j0188,S3j1941,儼山外集,catalog,,
KR3j0189,S3j1942,古今說海,catalog,,
KR3j0190,S3j1943,少室山房筆叢,catalog,,
KR3j0191,S3j1944,鈍吟雜錄,catalog,,
KR3k0001,S3k1945,古今同姓名錄,catalog,,
KR3k0002,S3k1946,編珠,catalog,,
KR3k0003,S3k1947,藝文類聚,catalog,,
KR3k0004,S3k1948,北堂書鈔,catalog,,
KR3k0005,S3k1949,龍筋鳳髓判,catalog,,
KR3k0006,S3k1950,初學記,catalog,,
KR3k0007,S3k1951,元和姓纂,catalog,,
KR3k0008,S3k1952,白孔六帖,catalog,,
KR3k0009,S3k1953,小名錄,catalog,,
KR3k0010,S3k1954,蒙求集註,catalog,,
KR3k0011,S3k1955,事類賦,catalog,,
KR3k0012,S3k1956,太平御覽,catalog,,
KR3k0013,S3k1957,册府元龜,catalog,,
KR3k0014,S3k1958,事物紀原,catalog,,
KR3k0015,S3k1959,實賓錄,catalog,,
KR3k0016,S3k1960,書敘指南,catalog,,
KR3k0017,S3k1961,海錄碎事,catalog,,
KR3k0018,S3k1962,古今姓氏書辯證,catalog,,
KR3k0019,S3k1963,帝王經世圖譜,catalog,,
KR3k0020,S3k1964,職官分紀,catalog,,
KR3k0021,S3k1965,歷代制度詳說,catalog,,
KR3k0022,S3k1966,八面鋒,catalog,,
KR3k0023,S3k1967,錦繡萬花谷,catalog,,
KR3k0024,S3k1968,古今事文類聚,catalog,,
KR3k0025,S3k1969,記纂淵海,catalog,,
KR3k0026,S3k1970,名賢氏族言行類稿,catalog,,
KR3k0027,S3k1971,羣書會元截江網,catalog,,
KR3k0028,S3k1972,全芳備祖集,catalog,,
KR3k0029,S3k1973,羣書考索,catalog,,
KR3k0030,S3k1974,古今合璧事類備要,catalog,,
KR3k0031,S3k1975,古今源流至論,catalog,,
KR3k0032,S3k1976,玉海,catalog,,
KR3k0033,S3k1977,小學紺珠,catalog,,
KR3k0034,S3k1978,姓氏急就篇,catalog,,
KR3k0035,S3k1979,小字錄,catalog,,
KR3k0036,S3k1980,雞肋,catalog,,
KR3k0037,S3k1981,六帖補,catalog,,
KR3k0038,S3k1982,翰苑新書,catalog,,
KR3k0039,S3k1983,韻府羣玉,catalog,,
KR3k0040,S3k1984,純正蒙求,catalog,,
KR3k0041,S3k1985,氏族大全,catalog,,
KR3k0042,S3k1986,名疑,catalog,,
KR3k0043,S3k1987,稗編,catalog,,
KR3k0044,S3k1988,萬姓統譜,catalog,,
KR3k0045,S3k1989,喻林,catalog,,
KR3k0046,S3k1990,經濟類編,catalog,,
KR3k0047,S3k1991,同姓名錄,catalog,,
KR3k0048,S3k1992,說畧,catalog,,
KR3k0049,S3k1993,天中記,catalog,,
KR3k0050,S3k1994,圖書編,catalog,,
KR3k0051,S3k1995,駢志,catalog,,
KR3k0052,S3k1996,山堂肆考,catalog,,
KR3k0053,S3k1997,古儷府,catalog,,
KR3k0054,S3k1998,廣博物志,catalog,,
KR3k0055,S3k1999,御定淵鑑類函,catalog,,
KR3k0056,S3k2000,御定駢字類編,catalog,,
KR3k0057,S3k2001,御定分類字錦,catalog,,
KR3k0058,S3k2002,御定子史精華,catalog,,
KR3k0059,S3k2003,御定佩文韻府,catalog,,
KR3k0060,S3k2004,御定韻府拾遺,catalog,,
KR3k0061,S3k2005,格致鏡原,catalog,,
KR3k0062,S3k2006,讀書紀數略,catalog,,
KR3k0063,S3k2007,花木鳥獸集類,catalog,,
KR3k0064,S3k2008,別號錄,catalog,,
KR3k0065,S3k2009,宋稗類鈔,catalog,,
KR3l0001,S3l2010,西京雜記,catalog,,
KR3l0002,S3l2011,世說新語,catalog,,
KR3l0003,S3l2012,朝野僉載,catalog,,
KR3l0004,S3l2013,唐新語,catalog,,
KR3l0005,S3l2014,次柳氏舊聞,catalog,,
KR3l0006,S3l2015,唐國史補,catalog,,
KR3l0007,S3l2016,劉賓客嘉話錄,catalog,,
KR3l0007,S3l2016a,因話錄,catalog,,
KR3l0009,S3l2017,明皇雜錄,catalog,,
KR3l0010,S3l2018,大唐傳載,catalog,,
KR3l0011,S3l2019,教坊記,catalog,,
KR3l0012,S3l2020,幽閒鼓吹,catalog,,
KR3l0013,S3l2021,松窗雜錄,catalog,,
KR3l0014,S3l2022,雲谿友議,catalog,,
KR3l0015,S3l2023,玉泉子,catalog,,
KR3l0016,S3l2024,雲仙雜記,catalog,,
KR3l0017,S3l2025,唐摭言,catalog,,
KR3l0018,S3l2026,中朝故事,catalog,,
KR3l0018,S3l2026a,金華子雜編,catalog,,
KR3l0020,S3l2027,開元天寶遺事,catalog,,
KR3l0021,S3l2028,鑒誡錄,catalog,,
KR3l0022,S3l2029,南唐近事,catalog,,
KR3l0023,S3l2030,北夢瑣言,catalog,,
KR3l0024,S3l2031,賈氏譚錄,catalog,,
KR3l0025,S3l2032,洛陽搢紳舊聞記,catalog,,
KR3l0026,S3l2033,南部新書,catalog,,
KR3l0028,S3l2034,王文正筆錄,catalog,,
KR3l0029,S3l2035,儒林公議,catalog,,
KR3l0030,S3l2036,涑水記聞,catalog,,
KR3l0031,S3l2037,澠水燕談錄,catalog,,
KR3l0032,S3l2038,歸田錄,catalog,,
KR3l0033,S3l2039,嘉祐雜誌,catalog,,
KR3l0034,S3l2040,東齋記事,catalog,,
KR3l0035,S3l2041,青箱雜記,catalog,,
KR3l0036,S3l2042,錢氏私志,catalog,,
KR3l0037,S3l2043,龍川畧志,catalog,,
KR3l0038,S3l2044,後山談叢,catalog,,
KR3l0039,S3l2045,孫公談圃,catalog,,
KR3l0040,S3l2046,談苑,catalog,,
KR3l0041,S3l2047,畫墁錄,catalog,,
KR3l0042,S3l2048,甲申雜記,catalog,,
KR3l0042,S3l2048c,聞見近錄,catalog,,
KR3l0042,S3l2048a,隨手雜錄,catalog,,
KR3l0045,S3l2049,湘山野綠,catalog,,
KR3l0046,S3l2050,王壺野史,catalog,,
KR3l0047,S3l2051,侯鯖錄,catalog,,
KR3l0048,S3l2052,東軒筆錄,catalog,,
KR3l0049,S3l2053,泊宅編,catalog,,
KR3l0050,S3l2054,珍席放談,catalog,,
KR3l0051,S3l2055,鐵圍山叢談,catalog,,
KR3l0052,S3l2056,國光談苑,catalog,,
KR3l0053,S3l2057,道山清話,catalog,,
KR3l0054,S3l2058,墨客揮犀,catalog,,
KR3l0055,S3l2059,唐語林,catalog,,
KR3l0056,S3l2060,楓窗小牘,catalog,,
KR3l0057,S3l2061,南窗記談,catalog,,
KR3l0058,S3l2062,過庭錄,catalog,,
KR3l0059,S3l2063,萍洲可談,catalog,,
KR3l0060,S3l2064,高齋漫錄,catalog,,
KR3l0061,S3l2065,默記,catalog,,
KR3l0062,S3l2066,揮塵錄,catalog,,
KR3l0063,S3l2067,玉照新志,catalog,,
KR3l0064,S3l2068,投轄錄,catalog,,
KR3l0065,S3l2069,張氏可書,catalog,,
KR3l0066,S3l2070,聞見錄,catalog,,
KR3l0067,S3l2071,清波雜誌,catalog,,
KR3l0068,S3l2072,雞肋編,catalog,,
KR3l0069,S3l2073,聞見後錄,catalog,,
KR3l0070,S3l2074,北牕炙輠錄,catalog,,
KR3l0071,S3l2075,步里客談,catalog,,
KR3l0072,S3l2076,桯史,catalog,,
KR3l0073,S3l2077,獨醒雜誌,catalog,,
KR3l0074,S3l2078,耆舊續聞,catalog,,
KR3l0075,S3l2079,四朝聞見錄,catalog,,
KR3l0076,S3l2080,癸辛雜識,catalog,,
KR3l0077,S3l2081,隨隱漫錄,catalog,,
KR3l0078,S3l2082,東南紀聞,catalog,,
KR3l0079,S3l2083,歸潛志,catalog,,
KR3l0080,S3l2084,山房隨筆,catalog,,
KR3l0081,S3l2085,山居新話,catalog,,
KR3l0082,S3l2086,遂昌雜錄,catalog,,
KR3l0082,S3l2086a,樂郊私語,catalog,,
KR3l0084,S3l2087,輟耕錄,catalog,,
KR3l0085,S3l2088,水東日記,catalog,,
KR3l0086,S3l2089,菽園雜記,catalog,,
KR3l0087,S3l2090,先進遺風,catalog,,
KR3l0088,S3l2091,觚不觚錄,catalog,,
KR3l0089,S3l2092,語林,catalog,,
KR3l0090,S3l2093,山海經,catalog,,
KR3l0091,S3l2094,山海經廣注,catalog,,
KR3l0092,S3l2095,穆天子傳,catalog,,
KR3l0093,S3l2096,神異經,catalog,,
KR3l0094,S3l2097,海內十洲記,catalog,,
KR3l0095,S3l2098,漢武故事,catalog,,
KR3l0095,S3l2098a,漢武帝內傳,catalog,,
KR3l0097,S3l2099,洞冥記,catalog,,
KR3l0098,S3l2100,拾遺記,catalog,,
KR3l0099,S3l2101,搜神記,catalog,,
KR3l0100,S3l2102,搜神後記,catalog,,
KR3l0101,S3l2103,異苑,catalog,,
KR3l0102,S3l2104,續齊諧記,catalog,,
KR3l0103,S3l2105,還冤記,catalog,,
KR3l0104,S3l2106,集異記,catalog,,
KR3l0104,S3l2106a,博異記,catalog,,
KR3l0106,S3l2107,杜陽雜編,catalog,,
KR3l0107,S3l2108,前定錄,catalog,,
KR3l0108,S3l2109,桂苑叢談,catalog,,
KR3l0109,S3l2110,劇談錄,catalog,,
KR3l0110,S3l2111,宣室志,catalog,,
KR3l0111,S3l2112,唐闕史,catalog,,
KR3l0112,S3l2113,甘澤謠,catalog,,
KR3l0113,S3l2114,開天傳信記,catalog,,
KR3l0114,S3l2115,稽神錄,catalog,,
KR3l0115,S3l2116,江淮異人錄,catalog,,
KR3l0116,S3l2117,茅亭客話,catalog,,
KR3l0118,S3l2118,太平廣記,catalog,,
KR3l0119,S3l2119,分門古今類事,catalog,,
KR3l0120,S3l2120,陶朱新錄,catalog,,
KR3l0121,S3l2121,睽車志,catalog,,
KR3l0122,S3l2122,夷堅志甲,catalog,,
KR3l0123,S3l2123,博物志,catalog,,
KR3l0124,S3l2124,述異記,catalog,,
KR3l0125,S3l2125,西陽雜俎,catalog,,
KR3l0127,S3l2126,清異錄,catalog,,
KR3l0128,S3l2127,續博物志,catalog,,
KR6r0137,S3m2128,弘明集,catalog,,
KR6r0138,S3m2129,廣弘明集,catalog,,
KR6s0002,S3m2130,法苑珠林,catalog,,
KR6s0093,S3m2131,開元釋教錄,catalog,,
KR6r0054,S3m2132,宋高僧傳,catalog,,
KR4d0007,S3m2133,法藏碎金錄,catalog,,
KR4d0008,S3m2134,道院集要,catalog,,
KR6q0040,S3m2135,禪林僧寶傳,catalog,,
KR6r0157,S3m2136,林間錄,catalog,,
KR6r0092,S3m2137,羅湖野錄,catalog,,
KR6q0012,S3m2138,五燈會元,catalog,,
KR6r0014,S3m2139,釋氏稽古畧,catalog,,
KR6r0013,S3m2140,佛祖歷代通載,catalog,,
KR5a0114,S3n2141,陰符經解,catalog,,
KR5a0114,,陰符經考異,catalog,,
KR5a0110,S3n2142,陰符經講義,catalog,,
KR5c0065,S3n2143,老子道德經,catalog,,
KR5c0078,S3n2144,道德指歸論,catalog,,
KR5c0073,S3n2145,老子道德經,catalog,,
KR5c0074,S3n2146,老子解,catalog,,
KR5c0076,S3n2147,道德寶章,catalog,,
KR5c0091,S3n2148,道德眞經注,catalog,,
KR5h0056,S3n2149,老子翼,catalog,,
KR5c0384,S3n2150,御定道德經註,catalog,,
KR5c0385,S3n2151,老子說畧,catalog,,
KR5c0077,S3n2152,道德經註,catalog,,
KR5c0048,S3n2153,關尹子,catalog,,
KR5c0125,S3n2154,列子,catalog,,
KR5c0121,S3n2155,沖虛至德眞經解,catalog,,
KR5c0138,S3n2156,莊子注,catalog,,
KR5c0136,S3n2157,南華眞經眞傳,catalog,,
KR5c0128,S3n2158,莊子口義,catalog,,
KR5c0127,S3n2159,南華眞經義海纂微,catalog,,
KR5h0057,S3n2160,莊子翼,catalog,,
KR5c0118,S3n2161,文子,catalog,,
KR5c0119,S3n2162,文子纘義,catalog,,
KR5a0306,S3n2163,列仙傳,catalog,,
KR5d0019,S3n2164,周易參同契通眞義,catalog,,
KR5d0018,S3n2165,周易參同契考異,catalog,,
KR5d0025,S3n2166,周易參同契解,catalog,,
KR5d0024,S3n2167,周易參同契發揮,catalog,,
KR5d0023,S3n2168,周易參同契分章註,catalog,,
KR5d0026,S3n2169,古文參同契集解,catalog,,
KR5f0019,S3n2170,抱朴子內外篇,catalog,,
KR5c0317,S3n2171,神仙傳,catalog,,
KR5d0036,S3n2172,眞誥,catalog,,
KR5d0037,S3n2173,亢倉子,catalog,,
KR5d0037,,亢倉子注,catalog,,
KR5d0052,S3n2174,玄眞子,catalog,,
,S3n2175,天隱子,,,
KR5d0051,S3n2176,无能子,catalog,,
KR5a0307,S3n2177,續仙傳,catalog,,
KR5d0055,S3n2178,雲笈七籤,catalog,,
KR5a0142,S3n2179,悟眞篇註疏,catalog,,
KR5d0013,S3n2180,古文龍虎經註疏,catalog,,
KR5d0028,S3n2181,易外別傳,catalog,,
KR5d0029,S3n2182,席上腐談,catalog,,
KR5g0239,S3n2183,道藏目錄詳註,catalog,,
KR4a0002,S4a2184,楚辭章句,catalog,,
KR4a0003,S4a2185,楚詞補注,catalog,,
KR4a0004,S4a2186,楚辭集注,catalog,,
KR4a0005,S4a2187,離騷草木疏,catalog,,
KR4a0006,S4a2188,欽定補繪蕭雲從離騷全圖,catalog,,
KR4a0007,S4a2189,山帶閣註楚辭,catalog,,
KR4b0001,S4b2190,揚子雲集,catalog,,
KR4b0002,S4b2191,蔡中郎集,catalog,,
KR4b0003,S4b2192,孔北海集,catalog,,
KR4b0004,S4b2193,曹子建集,catalog,,
KR4b0005,S4b2194,嵇中散集,catalog,,
KR4b0007,S4b2195,陸士龍集,catalog,,
KR4b0008,S4b2196,陶淵明集,catalog,,
KR4b0010,S4b2197,璇璣圖詩讀法,catalog,,
KR4b0011,S4b2198,鮑明遠集,catalog,,
KR4b0012,S4b2199,謝宣域集,catalog,,
KR4b0013,S4b2200,昭明太子集,catalog,,
KR4b0014,S4b2201,何水部集,catalog,,
KR4b0015,S4b2202,江文通集,catalog,,
KR4b0017,S4b2203,庾開府集箋註,catalog,,
KR4b0018,S4b2204,庾子山集,catalog,,
KR4b0019,S4b2205,徐孝穆集箋注,catalog,,
KR4c0001,S4b2206,東臯子集,catalog,,
KR4c0002,S4b2207,寒山詩集,catalog,,
KR4c0003,S4b2208,王子安集,catalog,,
KR4c0004,S4b2209,盈川集,catalog,,
KR4c0005,S4b2210,盧昇之集,catalog,,
KR4c0006,S4b2211,駱丞集,catalog,,
KR4c0008,S4b2212,陳拾遺集,catalog,,
KR4c0009,S4b2213,張燕公集,catalog,,
KR4c0010,S4b2214,李北海集,catalog,,
KR4c0011,S4b2215,曲江集,catalog,,
KR4c0012,S4b2216,李太白文集,catalog,,
KR4c0013,S4b2217,李太白集分類補註,catalog,,
KR4c0014,S4b2218,李太白集注,catalog,,
KR4c0015,S4b2219,九家集注杜詩,catalog,,
KR4c0017,S4b2220,補注杜詩,catalog,,
KR4c0018,S4b2221,集千家註杜工部詩集,catalog,,
KR4c0019,S4b2222,杜詩攟,catalog,,
KR4c0020,S4b2223,杜詩詳註,catalog,,
KR4c0022,S4b2224,王右丞集箋注,catalog,,
KR4c0023,S4b2225,高常侍集,catalog,,
KR4c0024,S4b2226,常建詩,catalog,,
KR4c0025,S4b2227,孟浩然集,catalog,,
KR4c0026,S4b2228,唐儲光羲詩集,catalog,,
KR4c0027,S4b2229,次山集,catalog,,
KR4c0028,S4b2230,顏魯公集,catalog,,
KR4c0030,S4b2231,宗玄集,catalog,,
KR4c0031,S4b2232,杼山集,catalog,,
KR4c0032,S4b2233,劉隨州集,catalog,,
KR4c0033,S4b2234,韋蘇州集,catalog,,
KR4c0034,S4b2235,毗陵集,catalog,,
KR4c0035,S4b2236,蕭茂挺文集,catalog,,
KR4c0036,S4b2237,李遐叔文集,catalog,,
KR4c0037,S4b2238,錢仲文集,catalog,,
KR4c0038,S4b2239,華陽集,catalog,,
KR4c0039,S4b2240,翰苑集,catalog,,
KR4c0040,S4b2241,權文公集,catalog,,
KR4c0042,S4b2242,韓集擧正,catalog,,
KR4c0043,S4b2243,原本韓集考異,catalog,,
KR4c0044,S4b2244,別本韓文考異,catalog,,
KR4c0045,S4b2245,五百家注昌黎文集,catalog,,
KR4c0046,S4b2246,東雅堂昌黎集註,catalog,,
KR4c0047,S4b2247,韓集點勘,catalog,,
KR4c0048,S4b2248,柳河東集,catalog,,
KR4c0049,S4b2249,柳河東集注,catalog,,
KR4c0050,S4b2250,五百家註柳先生集,catalog,,
KR4c0051,S4b2251,劉賓客文集,catalog,,
KR4c0052,S4b2252,呂衡州集,catalog,,
KR4c0053,S4b2253,張司業集,catalog,,
KR4c0054,S4b2254,皇甫持正集,catalog,,
KR4c0055,S4b2255,李文公集,catalog,,
KR4c0056,S4b2256,歐陽行周文集,catalog,,
KR4c0057,S4b2257,李元賓文編,catalog,,
KR4c0058,S4b2258,孟東野詩集,catalog,,
KR4c0059,S4b2259,長江集,catalog,,
KR4c0060,S4b2260,昌谷集,catalog,,
KR4c0062,S4b2261,箋註評點李長吉歌詩,catalog,,
KR4c0063,S4b2262,絳守居園池記,catalog,,
KR4c0064,S4b2263,王司馬集,catalog,,
KR4c0065,S4b2264,沈下賢集,catalog,,
KR4c0066,S4b2265,追昔遊集,catalog,,
KR4c0067,S4b2266,會昌一品集,catalog,,
KR4c0068,S4b2267,元氏長慶集,catalog,,
KR4c0069,S4b2268,白氏長慶集,catalog,,
KR4c0070,S4b2269,白香山詩集,catalog,,
KR4c0071,S4b2270,鮑溶詩集,catalog,,
KR4c0072,S4b2271,樊川集,catalog,,
KR4c0073,S4b2272,姚少監詩集,catalog,,
KR4c0074,S4b2273,李義山詩集,catalog,,
KR4c0075,S4b2274,李義山詩集注,catalog,,
KR4c0076,S4b2275,李義山文集箋註,catalog,,
KR4c0078,S4b2276,溫飛卿詩集箋注,catalog,,
KR4c0079,S4b2277,丁卯詩集,catalog,,
KR4c0080,S4b2278,文泉子集,catalog,,
KR4c0081,S4b2279,李羣玉詩集,catalog,,
KR4c0082,S4b2280,黎嶽集,catalog,,
KR4c0083,S4b2281,孫可之集,catalog,,
KR4c0084,S4b2282,麟角集,catalog,,
KR4c0085,S4b2283,曹祠部集,catalog,,
KR4c0088,S4b2284,文藪,catalog,,
KR4c0089,S4b2285,笠澤藂書,catalog,,
KR4c0090,S4b2286,甫里集,catalog,,
KR4c0091,S4b2287,咏史詩,catalog,,
KR4c0094,S4b2288,雲臺編,catalog,,
KR4c0095,S4b2289,司空表聖文集,catalog,,
KR4c0098,S4b2290,韓內韓別集,catalog,,
KR4c0099,S4b2291,唐風集,catalog,,
KR4c0102,S4b2292,唐英歌詩,catalog,,
KR4c0104,S4b2293,玄英集,catalog,,
KR4c0105,S4b2294,黃御史集,catalog,,
KR4c0106,S4b2295,羅昭諫集,catalog,,
KR4c0107,S4b2296,徐正字詩賦,catalog,,
KR4c0109,S4b2297,白蓮集,catalog,,
KR4c0110,S4b2298,禪月集,catalog,,
KR4c0111,S4b2299,浣花集,catalog,,
KR4c0112,S4b2300,廣成集,catalog,,
KR4d0001,S4b2301,騎省集,catalog,,
KR4d0002,S4b2302,河東集,catalog,,
KR4d0003,S4b2303,咸平集,catalog,,
KR4d0004,S4b2304,逍遙集,catalog,,
KR4d0005,S4b2305,乖崖集,catalog,,
KR4d0006,S4b2306,忠愍集,catalog,,
KR4d0009,S4b2307,小畜集,catalog,,
KR4d0011,S4b2308,南陽集,catalog,,
KR4d0012,S4b2309,武夷新集,catalog,,
KR4d0013,S4b2310,林和靖集,catalog,,
KR4d0014,S4b2311,穆參軍集,catalog,,
KR4d0016,S4b2312,元獻遺文,catalog,,
KR4d0017,S4b2313,文莊集,catalog,,
KR4d0018,S4b2314,春卿遺稿,catalog,,
KR4d0019,S4b2315,東觀集,catalog,,
KR4d0020,S4b2316,元憲集,catalog,,
KR4d0021,S4b2317,景文集,catalog,,
KR4d0022,S4b2318,文恭集,catalog,,
KR4d0023,S4b2319,武溪集,catalog,,
KR4d0024,S4b2320,安陽集,catalog,,
KR4d0025,S4b2321,范文正集,catalog,,
KR4d0026,S4b2322,河南集,catalog,,
KR4d0027,S4b2323,孫明復小集,catalog,,
KR4d0028,S4b2324,徂徠集,catalog,,
KR4d0029,S4b2325,端明集,catalog,,
KR4d0030,S4b2326,祠部集,catalog,,
KR4d0031,S4b2327,鐔津集,catalog,,
KR4d0032,S4b2328,祖英集,catalog,,
KR4d0034,S4b2329,蘇學士集,catalog,,
KR4d0035,S4b2330,蘇魏公文集,catalog,,
KR4d0037,S4b2331,伐檀集,catalog,,
KR4d0038,S4b2332,華陽集,catalog,,
KR4d0039,S4b2333,古靈集,catalog,,
KR4d0040,S4b2334,傳家集,catalog,,
KR4d0041,S4b2335,清獻集,catalog,,
KR4d0042,S4b2336,盱江集,catalog,,
KR4d0043,S4b2337,金氏文集,catalog,,
KR4d0044,S4b2338,公是集,catalog,,
KR4d0045,S4b2339,彭城集,catalog,,
KR4d0046,S4b2340,邕州小集,catalog,,
KR4d0047,S4b2341,都官集,catalog,,
KR4d0048,S4b2342,丹淵集,catalog,,
KR4d0049,S4b2343,西溪集,catalog,,
KR4d0050,S4b2344,鄖溪集,catalog,,
KR4d0051,S4b2345,錢塘集,catalog,,
KR4d0052,S4b2346,淨德集,catalog,,
KR4d0053,S4b2347,安岳集,catalog,,
KR4d0054,S4b2348,元豐類藁,catalog,,
KR4d0055,S4b2349,龍學文集,catalog,,
KR4d0056,S4b2350,宛陵集,catalog,,
KR4d0057,S4b2351,忠肅集,catalog,,
KR4d0058,S4b2352,無爲集,catalog,,
KR4d0059,S4b2353,王魏公集,catalog,,
KR4d0060,S4b2354,范太史集,catalog,,
KR4d0061,S4b2355,潞公文集,catalog,,
KR4d0062,S4b2356,擊壤集,catalog,,
KR4d0063,S4b2357,鄱陽集,catalog,,
KR4d0064,S4b2358,曲阜集,catalog,,
KR4d0065,S4b2359,周元公集,catalog,,
KR4d0066,S4b2360,南陽集,catalog,,
KR4d0067,S4b2361,節孝集,catalog,,
KR4d0068,S4b2362,文忠集,catalog,,
KR4d0069,S4b2363,歐陽文粹,catalog,,
KR4d0070,S4b2364,樂全集,catalog,,
KR4d0071,S4b2365,范忠宣集,catalog,,
KR4d0072,S4b2366,嘉祐集,catalog,,
KR4d0073,S4b2367,臨川文集,catalog,,
KR4d0074,S4b2368,王荊公詩注,catalog,,
KR4d0075,S4b2369,廣陵集,catalog,,
KR4d0076,S4b2370,東坡全集,catalog,,
KR4d0077,S4b2371,東坡詩集註,catalog,,
KR4d0080,S4b2372,施註蘇詩,catalog,,
KR4d0081,S4b2373,蘇詩補註,catalog,,
KR4d0082,S4b2374,欒城集,catalog,,
KR4d0084,S4b2375,山谷集,catalog,,
KR4d0085,S4b2376,山谷內集詩注,catalog,,
KR4d0087,S4b2377,後山集,catalog,,
KR4d0088,S4b2378,后山詩注,catalog,,
KR4d0089,S4b2379,柯山集,catalog,,
KR4d0091,S4b2380,淮海集,catalog,,
KR4d0092,S4b2381,濟南集,catalog,,
KR4d0093,S4b2382,參寥子詩集,catalog,,
KR4d0094,S4b2383,寶晉英光集,catalog,,
KR4d0095,S4b2384,石門文字禪,catalog,,
KR4d0096,S4b2385,青山集,catalog,,
KR4d0097,S4b2386,青山續集,catalog,,
KR4d0098,S4b2387,畫墁集,catalog,,
KR4d0099,S4b2388,陶山集,catalog,,
KR4d0100,S4b2389,倚松詩集,catalog,,
KR4d0101,S4b2390,長興集,catalog,,
KR4d0102,S4b2391,西塘集,catalog,,
KR4d0103,S4b2392,雲巢編,catalog,,
KR4d0104,S4b2393,景迂生集,catalog,,
KR4d0105,S4b2394,雞肋集,catalog,,
KR4d0106,S4b2395,樂圃餘藁,catalog,,
KR4d0107,S4b2396,龍雲集,catalog,,
KR4d0108,S4b2397,雲溪居士集,catalog,,
KR4d0109,S4b2398,演山集,catalog,,
KR4d0110,S4b2399,姑溪居士前集,catalog,,
KR4d0111,S4b2400,潏水集,catalog,,
KR4d0112,S4b2401,道鄉集,catalog,,
KR4d0113,S4b2402,學易集,catalog,,
KR4d0114,S4b2403,游廌山集,catalog,,
KR4d0115,S4b2404,西臺集,catalog,,
KR4d0116,S4b2405,樂靜集,catalog,,
KR4d0117,S4b2406,北湖集,catalog,,
KR4d0118,S4b2407,溪堂集,catalog,,
KR4d0119,S4b2408,竹友集,catalog,,
KR4d0120,S4b2409,日涉園集,catalog,,
KR4d0121,S4b2410,灌園集,catalog,,
KR4d0122,S4b2411,慶湖遺老詩集,catalog,,
KR4d0123,S4b2412,摛文堂集,catalog,,
KR4d0124,S4b2413,襄陵文集,catalog,,
KR4d0125,S4b2414,浮沚集,catalog,,
KR4d0126,S4b2415,東堂集,catalog,,
KR4d0127,S4b2416,給事集,catalog,,
KR4d0128,S4b2417,劉左史集,catalog,,
KR4d0129,S4b2418,竹隱畸士集,catalog,,
KR4d0130,S4b2419,眉山集,catalog,,
KR4d0131,S4b2420,洪龜父集,catalog,,
KR4d0132,S4b2421,跨鼇集,catalog,,
KR4d0133,S4b2422,忠愍集,catalog,,
KR4d0134,S4b2423,忠肅集,catalog,,
KR4d0135,S4b2424,宗忠簡集,catalog,,
KR4d0136,S4b2425,龜山集,catalog,,
KR4d0138,S4b2426,梁谿集,catalog,,
KR4d0139,S4b2427,初寮集,catalog,,
KR4d0140,S4b2428,橫塘集,catalog,,
KR4d0141,S4b2429,西渡集,catalog,,
KR4d0142,S4b2430,老圃集,catalog,,
KR4d0143,S4b2431,丹陽集,catalog,,
KR4d0144,S4b2432,毗陵集,catalog,,
KR4d0145,S4b2433,浮溪集,catalog,,
KR4d0146,S4b2434,浮溪文粹,catalog,,
KR4d0147,S4b2435,莊簡集,catalog,,
KR4d0148,S4b2436,忠正德文集,catalog,,
KR4d0149,S4b2437,東窻集,catalog,,
KR4d0150,S4b2438,忠惠集,catalog,,
KR4d0151,S4b2439,松隱集,catalog,,
KR4d0152,S4b2440,建康集,catalog,,
KR4d0153,S4b2441,簡齋集,catalog,,
KR4d0156,S4b2442,北山集,catalog,,
KR4d0157,S4b2443,檆溪居士集,catalog,,
KR4d0158,S4b2444,筠谿集,catalog,,
KR4d0159,S4b2445,華陽集,catalog,,
KR4d0160,S4b2446,忠穆集,catalog,,
KR4d0161,S4b2447,紫微集,catalog,,
KR4d0162,S4b2448,苕溪集,catalog,,
KR4d0163,S4b2449,東牟集,catalog,,
KR4d0164,S4b2450,相山集,catalog,,
KR4d0165,S4b2451,三餘集,catalog,,
KR4d0166,S4b2452,大隱集,catalog,,
KR4d0167,S4b2453,龜谿集,catalog,,
KR4d0168,S4b2454,栟櫚集,catalog,,
KR4d0169,S4b2455,默成文集,catalog,,
KR4d0170,S4b2456,鄱陽集,catalog,,
KR4d0171,S4b2457,韋齋集,catalog,,
KR4d0172,S4b2458,澹齋集,catalog,,
KR4d0173,S4b2459,陵陽集,catalog,,
KR4d0174,S4b2460,灊山集,catalog,,
KR4d0175,S4b2461,雲溪集,catalog,,
KR4d0176,S4b2462,廬溪文集,catalog,,
KR4d0177,S4b2463,屏山集,catalog,,
KR4d0178,S4b2464,北海集,catalog,,
KR4d0179,S4b2465,鴻慶居士集,catalog,,
KR4d0180,S4b2466,內簡尺牘,catalog,,
KR4d0181,S4b2467,崧菴集,catalog,,
KR4d0182,S4b2468,豫章文集,catalog,,
KR4d0183,S4b2469,藏海居士集,catalog,,
KR4d0184,S4b2470,和靖集,catalog,,
KR4d0185,S4b2471,王著作集,catalog,,
KR4d0186,S4b2472,郴江百詠,catalog,,
KR4d0187,S4b2473,雙溪集,catalog,,
KR4d0188,S4b2474,少陽集,catalog,,
KR4d0189,S4b2475,歐陽修撰集,catalog,,
KR4d0190,S4b2476,東溪集,catalog,,
KR4d0191,S4b2477,岳武穆遺文,catalog,,
KR4d0192,S4b2478,茶山集,catalog,,
KR4d0193,S4b2479,雪溪集,catalog,,
KR4d0194,S4b2480,蘆川歸來集,catalog,,
KR4d0195,S4b2481,東萊詩集,catalog,,
KR4d0196,S4b2482,澹菴文集,catalog,,
KR4d0197,S4b2483,五峯集,catalog,,
KR4d0198,S4b2484,斐然集,catalog,,
KR4d0199,S4b2485,大隱居士詩集,catalog,,
KR4d0200,S4b2486,浮山集,catalog,,
KR4d0201,S4b2487,北山集,catalog,,
KR4d0202,S4b2488,橫浦集,catalog,,
KR4d0203,S4b2489,湖山集,catalog,,
KR4d0204,S4b2490,文定集,catalog,,
KR4d0205,S4b2491,縉雲文集,catalog,,
KR4d0206,S4b2492,嵩山集,catalog,,
KR4d0207,S4b2493,默堂集,catalog,,
KR4d0208,S4b2494,知稼翁集,catalog,,
KR4d0209,S4b2495,唯室集,catalog,,
KR4d0210,S4b2496,漢濱集,catalog,,
KR4d0211,S4b2497,香溪集,catalog,,
KR4d0212,S4b2498,鄭忠肅奏議遺集,catalog,,
KR4d0213,S4b2499,雲莊集,catalog,,
KR4d0214,S4b2500,竹軒雜著,catalog,,
KR4d0215,S4b2501,拙齋文集,catalog,,
KR4d0216,S4b2502,于湖集,catalog,,
KR4d0217,S4b2503,太倉稊米集,catalog,,
KR4d0218,S4b2504,夾漈遺稿,catalog,,
KR4d0219,S4b2505,鄮峰眞隱漫錄,catalog,,
KR4d0220,S4b2506,海陵集,catalog,,
KR4d0221,S4b2507,燕堂詩稿,catalog,,
KR4d0222,S4b2508,竹洲集,catalog,,
KR4d0223,S4b2509,高峯文集,catalog,,
KR4d0224,S4b2510,羅鄂州小集,catalog,,
KR4d0225,S4b2511,艾軒集,catalog,,
KR4d0226,S4b2512,晦菴集,catalog,,
KR4d0227,S4b2513,文忠集,catalog,,
KR4d0228,S4b2514,雲山集,catalog,,
KR4d0229,S4b2515,梁谿遺稿,catalog,,
KR4d0230,S4b2516,方舟集,catalog,,
KR4d0231,S4b2517,網山集,catalog,,
KR4d0232,S4b2518,東萊集,catalog,,
KR4d0233,S4b2519,止齋集,catalog,,
KR4d0234,S4b2520,格齋四六,catalog,,
KR4d0235,S4b2521,梅溪集,catalog,,
KR4d0236,S4b2522,香山集,catalog,,
KR4d0237,S4b2523,蒙隱集,catalog,,
KR4d0238,S4b2524,宮教集,catalog,,
KR4d0239,S4b2525,倪石陵書,catalog,,
KR4d0240,S4b2526,樂軒集,catalog,,
KR4d0241,S4b2527,定庵類稿,catalog,,
KR4d0242,S4b2528,澹軒集,catalog,,
KR4d0243,S4b2529,攻媿集,catalog,,
KR4d0244,S4b2530,尊白堂集,catalog,,
KR4d0245,S4b2531,東塘集,catalog,,
KR4d0246,S4b2532,涉齋集,catalog,,
KR4d0247,S4b2533,義豐集,catalog,,
KR4d0248,S4b2534,蠹齋鉛刀編,catalog,,
KR4d0249,S4b2535,乾道稿,catalog,,
KR4d0250,S4b2536,雙溪類槀,catalog,,
KR4d0251,S4b2537,止堂集,catalog,,
KR4d0252,S4b2538,緣督集,catalog,,
KR4d0253,S4b2539,象山集,catalog,,
KR4d0254,S4b2540,慈湖遺書,catalog,,
KR4d0255,S4b2541,絜齋集,catalog,,
KR4d0256,S4b2542,雲莊集,catalog,,
KR4d0257,S4b2543,舒文靖集,catalog,,
KR4d0258,S4b2544,定齋集,catalog,,
KR4d0259,S4b2545,九華集,catalog,,
KR4d0260,S4b2546,野處類藁,catalog,,
KR4d0261,S4b2547,盤洲文集,catalog,,
KR4d0262,S4b2548,應齋雜著,catalog,,
KR4d0263,S4b2549,芸庵類藁,catalog,,
KR4d0264,S4b2550,浪語集,catalog,,
KR4d0265,S4b2551,石湖詩集,catalog,,
KR4d0266,S4b2552,誠齋集,catalog,,
KR4d0267,S4b2553,劎南詩槀,catalog,,
KR4d0268,S4b2554,渭南文集,catalog,,
KR4d0270,S4b2555,放翁詩選,catalog,,
KR4d0271,S4b2556,金陸百詠,catalog,,
KR4d0272,S4b2557,頤菴居士集,catalog,,
KR4d0273,S4b2558,水心集,catalog,,
KR4d0274,S4b2559,南湖集,catalog,,
KR4d0275,S4b2560,南澗甲乙稿,catalog,,
KR4d0276,S4b2561,自鳴集,catalog,,
KR4d0277,S4b2562,客亭類稿,catalog,,
KR4d0278,S4b2563,石屏詩集,catalog,,
KR4d0279,S4b2564,蓬峯集,catalog,,
KR4d0280,S4b2565,江湖長翁集,catalog,,
KR4d0281,S4b2566,燭湖集,catalog,,
KR4d0282,S4b2567,昌谷集,catalog,,
KR4d0283,S4b2568,省齋集,catalog,,
KR4d0284,S4b2569,南軒集,catalog,,
KR4d0285,S4b2570,勉齋集,catalog,,
KR4d0286,S4b2571,北溪大全集,catalog,,
KR4d0287,S4b2572,山房集,catalog,,
KR4d0288,S4b2573,橘山四六,catalog,,
KR4d0289,S4b2574,竹齋詩集,catalog,,
KR4d0290,S4b2575,後樂集,catalog,,
KR4d0291,S4b2576,華亭百詠,catalog,,
KR4d0292,S4b2577,梅山續藁,catalog,,
KR4d0293,S4b2578,菊磵集,catalog,,
KR4d0294,S4b2579,性善堂稿,catalog,,
KR4d0295,S4b2580,漫塘集,catalog,,
KR4d0296,S4b2581,克齋集,catalog,,
KR4d0297,S4b2582,芳蘭軒集,catalog,,
KR4d0297,S4b2582a,二薇亭詩集,catalog,,
KR4d0299,S4b2583,西巖集,catalog,,
KR4d0299,S4b2583a,清苑齋詩集,catalog,,
KR4d0301,S4b2584,瓜廬集,catalog,,
KR4d0302,S4b2585,洺水集,catalog,,
KR4d0303,S4b2586,龍川集,catalog,,
KR4d0304,S4b2587,龍洲集,catalog,,
KR4d0305,S4b2588,鶴山集,catalog,,
KR4d0306,S4b2589,西山文集,catalog,,
KR4d0307,S4b2590,方泉詩集,catalog,,
KR4d0308,S4b2591,東山詩選,catalog,,
KR4d0309,S4b2592,白石道人詩集,catalog,,
KR4d0310,S4b2593,野谷詩稿,catalog,,
KR4d0311,S4b2594,平齋集,catalog,,
KR4d0312,S4b2595,蒙齋集,catalog,,
KR4d0313,S4b2596,康範詩集,catalog,,
KR4d0314,S4b2597,清獻集,catalog,,
KR4d0315,S4b2598,鶴林集,catalog,,
KR4d0316,S4b2599,東澗集,catalog,,
KR4d0317,S4b2600,方是閒居士小稿,catalog,,
KR4d0318,S4b2601,翠微南征錄,catalog,,
KR4d0319,S4b2602,浣川集,catalog,,
KR4d0320,S4b2603,漁墅類稿,catalog,,
KR4d0321,S4b2604,安晚堂集,catalog,,
KR4d0322,S4b2605,滄洲塵罐編,catalog,,
KR4d0323,S4b2606,四六標準,catalog,,
KR4d0324,S4b2607,篔窗集,catalog,,
KR4d0325,S4b2608,友林乙稿,catalog,,
KR4d0326,S4b2609,方壺存稿,catalog,,
KR4d0327,S4b2610,鐵菴集,catalog,,
KR4d0328,S4b2611,壺山四六,catalog,,
KR4d0329,S4b2612,默齋遺稿,catalog,,
KR4d0330,S4b2613,履齋遺稿,catalog,,
KR4d0332,S4b2614,臞軒集,catalog,,
KR4d0333,S4b2615,東野農歌集,catalog,,
KR4d0334,S4b2616,敝帚藁畧,catalog,,
KR4d0335,S4b2617,清正存稿,catalog,,
,S4b2618,[[mandoku:S4b0429.org][S4b0429]] 清正存稿年譜,,,
KR4d0336,S4b2619,寒松閣集,catalog,,
KR4d0337,S4b2620,滄浪集,catalog,,
KR4d0338,S4b2621,泠然齋詩集,catalog,,
KR4d0339,S4b2622,可齋雜藁,catalog,,
KR4d0340,S4b2623,後村集,catalog,,
KR4d0342,S4b2624,澗泉集,catalog,,
KR4d0343,S4b2625,矩山存稿,catalog,,
KR4d0344,S4b2626,雪窗集,catalog,,
KR4d0345,S4b2627,文溪集,catalog,,
KR4d0346,S4b2628,庸齋集,catalog,,
KR4d0347,S4b2629,彝齋文編,catalog,,
KR4d0348,S4b2630,張氏拙軒集,catalog,,
KR4d0349,S4b2631,玉楮集,catalog,,
KR4d0350,S4b2632,靈巖集,catalog,,
KR4d0351,S4b2633,楳埜集,catalog,,
KR4d0352,S4b2634,恥堂存稿,catalog,,
KR4d0353,S4b2635,秋崖集,catalog,,
KR4d0354,S4b2636,藝隱橫舟稿,catalog,,
KR4d0355,S4b2637,蒙川遺稿,catalog,,
KR4d0356,S4b2638,雪磯叢稿,catalog,,
KR4d0357,S4b2639,北礀集,catalog,,
KR4d0358,S4b2640,西塍集,catalog,,
KR4d0359,S4b2641,梅屋集,catalog,,
KR4d0360,S4b2642,孝詩,catalog,,
KR4d0361,S4b2643,字溪集,catalog,,
KR4d0362,S4b2644,勿齋集,catalog,,
KR4d0363,S4b2645,巽齋文集,catalog,,
KR4d0364,S4b2646,雪坡集,catalog,,
KR4d0365,S4b2647,文山集,catalog,,
KR4d0366,S4b2648,文信國集杜詩,catalog,,
KR4d0367,S4b2649,叠山集,catalog,,
KR4d0368,S4b2650,本堂集,catalog,,
KR4d0369,S4b2651,端平詩雋,catalog,,
KR4d0370,S4b2652,竹溪鬳齋十一藁續集,catalog,,
KR4d0371,S4b2653,魯齋集,catalog,,
KR4d0372,S4b2654,潛山集,catalog,,
KR4d0374,S4b2655,須溪集,catalog,,
KR4d0375,S4b2656,須溪四景詩集,catalog,,
KR4d0376,S4b2657,葦航漫游稿,catalog,,
KR4d0377,S4b2658,蘭臯集,catalog,,
KR4d0378,S4b2659,雲泉詩,catalog,,
KR4d0379,S4b2660,嘉禾百咏,catalog,,
KR4d0380,S4b2661,柳塘外集,catalog,,
KR4d0381,S4b2662,碧梧玩芳集,catalog,,
KR4d0382,S4b2663,四明文獻集,catalog,,
KR4d0383,S4b2664,覆瓿集,catalog,,
KR4d0384,S4b2665,閬風集,catalog,,
KR4d0385,S4b2666,北遊集,catalog,,
KR4d0386,S4b2667,秋堂集,catalog,,
KR4d0387,S4b2668,蛟峯文集,catalog,,
KR4d0388,S4b2669,秋聲集,catalog,,
KR4d0389,S4b2670,牟氏陵陽集,catalog,,
KR4d0390,S4b2671,湖山類稿,catalog,,
KR4d0391,S4b2672,晞髮集,catalog,,
KR4d0392,S4b2673,潛齋集,catalog,,
KR4d0393,S4b2674,梅巖文集,catalog,,
KR4d0394,S4b2675,四如集,catalog,,
KR4d0395,S4b2676,霽山文集,catalog,,
KR4d0396,S4b2677,勿軒集,catalog,,
KR4d0397,S4b2678,古梅遺稿,catalog,,
KR4d0398,S4b2679,佩韋齋集,catalog,,
KR4d0399,S4b2680,廬山集,catalog,,
KR4d0400,S4b2681,西湖百詠,catalog,,
KR4d0401,S4b2682,則堂集,catalog,,
KR4d0402,S4b2683,富山遺稿,catalog,,
KR4d0403,S4b2684,眞山民集,catalog,,
KR4d0404,S4b2685,百正集,catalog,,
KR4d0405,S4b2686,月洞吟,catalog,,
KR4d0406,S4b2687,伯牙琴,catalog,,
KR4d0407,S4b2688,存雅堂遺稿,catalog,,
KR4d0408,S4b2689,吾汶藁,catalog,,
KR4d0409,S4b2690,在軒集,catalog,,
KR4d0410,S4b2691,紫巖詩選,catalog,,
KR4d0411,S4b2692,九華詩集,catalog,,
KR4d0412,S4b2693,寧極齋稿,catalog,,
KR4d0413,S4b2694,自堂存藁,catalog,,
KR4d0414,S4b2695,仁山文集,catalog,,
KR4d0415,S4b2696,心泉學詩稿,catalog,,
KR4d0416,S4b2697,拙軒集,catalog,,
KR4d0417,S4b2698,滏水集,catalog,,
KR4d0418,S4b2699,滹南集,catalog,,
KR4d0419,S4b2700,莊靖集,catalog,,
KR4d0420,S4b2701,遺山集,catalog,,
KR4d0421,S4b2702,湛然居士集,catalog,,
KR4d0422,S4b2703,藏春集,catalog,,
KR4d0423,S4b2704,淮陽集,catalog,,
KR4d0424,S4b2705,陵川集,catalog,,
KR4d0425,S4b2706,歸田類稿,catalog,,
KR4d0426,S4b2707,白雲集,catalog,,
KR4d0427,S4b2708,稼村類藁,catalog,,
KR4d0428,S4b2709,桐江續集,catalog,,
KR4d0429,S4b2710,野趣有聲畫,catalog,,
KR4d0430,S4b2711,月屋漫稿,catalog,,
KR4d0431,S4b2712,剡源文集,catalog,,
KR4d0432,S4b2713,剩語,catalog,,
KR4d0433,S4b2714,養蒙文集,catalog,,
KR4d0434,S4b2715,牆東類稿,catalog,,
KR4d0435,S4b2716,青山集,catalog,,
KR4d0436,S4b2717,桂隱文集,catalog,,
KR4d0437,S4b2718,水雲村槀,catalog,,
KR4d0438,S4b2719,巴西集,catalog,,
KR4d0439,S4b2720,屏巖小稿,catalog,,
KR4d0440,S4b2721,玉斗山人集,catalog,,
KR4d0441,S4b2722,谷響集,catalog,,
KR4d0442,S4b2723,竹素山房詩集,catalog,,
KR4d0443,S4b2724,紫山大全集,catalog,,
KR4d0444,S4b2725,松鄉集,catalog,,
KR4d0445,S4b2726,松雪齋集,catalog,,
KR4d0446,S4b2727,吳文正集,catalog,,
KR4d0447,S4b2728,金淵集,catalog,,
KR4d0448,S4b2729,山村遺集,catalog,,
KR4d0449,S4b2730,湛淵集,catalog,,
KR4d0450,S4b2731,牧潛集,catalog,,
KR4d0451,S4b2732,小亨集,catalog,,
KR4d0452,S4b2733,還山遺稿,catalog,,
KR4d0453,S4b2734,魯齋遺書,catalog,,
KR4d0454,S4b2735,靜修集,catalog,,
KR4d0455,S4b2736,青崖集,catalog,,
KR4d0456,S4b2737,養吾齋集,catalog,,
KR4d0457,S4b2738,存悔齋稿,catalog,,
KR4d0458,S4b2739,雙溪醉隱集,catalog,,
KR4d0459,S4b2740,東庵集,catalog,,
KR4d0460,S4b2741,白雲集,catalog,,
KR4d0461,S4b2742,畏齋集,catalog,,
KR4d0462,S4b2743,默庵集,catalog,,
KR4d0463,S4b2744,雲峯集,catalog,,
KR4d0464,S4b2745,秋澗集,catalog,,
KR4d0465,S4b2746,牧庵集,catalog,,
KR4d0466,S4b2747,雪樓集,catalog,,
KR4d0467,S4b2748,曹文貞公詩集,catalog,,
KR4d0468,S4b2749,芳谷集,catalog,,
KR4d0469,S4b2750,陳剛中詩集,catalog,,
KR4d0470,S4b2751,秋巖詩集,catalog,,
KR4d0471,S4b2752,玉井樵唱,catalog,,
KR4d0472,S4b2753,蘭軒集,catalog,,
KR4d0473,S4b2754,清容居士集,catalog,,
KR4d0474,S4b2755,此山詩集,catalog,,
KR4d0475,S4b2756,霞外詩集,catalog,,
KR4d0476,S4b2757,申齋集,catalog,,
KR4d0477,S4b2758,西巖集,catalog,,
KR4d0478,S4b2759,蒲室集,catalog,,
KR4d0479,S4b2760,弁山小隱吟錄,catalog,,
KR4d0480,S4b2761,續軒渠集,catalog,,
KR4d0481,S4b2762,定宇集,catalog,,
KR4d0482,S4b2764,艮齋詩集,catalog,,
KR4d0483,S4b2765,知非堂稿,catalog,,
KR4d0484,S4b2766,雲林集,catalog,,
KR4d0485,S4b2767,梅花字字香,catalog,,
KR4d0486,S4b2768,中庵集,catalog,,
KR4d0487,S4b2769,文忠集,catalog,,
KR4d0488,S4b2770,靜春堂詩集,catalog,,
KR4d0489,S4b2771,惟實集,catalog,,
KR4d0490,S4b2772,勤齋集,catalog,,
KR4d0491,S4b2773,石田文集,catalog,,
KR4d0492,S4b2774,榘菴集,catalog,,
KR4d0493,S4b2775,道園學古錄,catalog,,
KR4d0494,S4b2776,道園遺稿,catalog,,
KR4d0495,S4b2777,楊仲弘集,catalog,,
KR4d0496,S4b2778,范德機詩集,catalog,,
KR4d0497,S4b2779,文安集,catalog,,
KR4d0498,S4b2780,翠寒集,catalog,,
KR4d0499,S4b2781,檜亭集,catalog,,
KR4d0500,S4b2782,伊濱集,catalog,,
KR4d0501,S4b2783,淵穎集,catalog,,
KR4d0502,S4b2784,文獻集,catalog,,
KR4d0504,S4b2785,圭齋文集,catalog,,
KR4d0505,S4b2786,待制集,catalog,,
KR4d0506,S4b2787,所安遺集,catalog,,
KR4d0507,S4b2788,閑居叢稿,catalog,,
KR4d0508,S4b2789,至正集,catalog,,
KR4d0509,S4b2790,圭塘小藁,catalog,,
KR4d0510,S4b2791,禮部集,catalog,,
KR4d0511,S4b2792,積齋集,catalog,,
KR4d0512,S4b2793,燕石集,catalog,,
KR4d0513,S4b2794,秋聲集,catalog,,
KR4d0514,S4b2795,雁門集,catalog,,
KR4d0515,S4b2796,杏庭摘槀,catalog,,
KR4d0516,S4b2797,安雅堂集,catalog,,
KR4d0517,S4b2798,傅與礪集,catalog,,
KR4d0518,S4b2799,瓢泉吟稿,catalog,,
KR4d0521,S4b2800,筠軒集,catalog,,
KR4d0522,S4b2801,俟菴集,catalog,,
KR4d0523,S4b2802,滋溪文稿,catalog,,
KR4d0524,S4b2803,青陽集,catalog,,
KR4d0525,S4b2804,鯨背吟集,catalog,,
KR4d0526,S4b2805,經濟文集,catalog,,
KR4d0527,S4b2806,近光集,catalog,,
KR4d0528,S4b2807,純白齋類稿,catalog,,
KR4d0529,S4b2808,圭峯集,catalog,,
KR4d0530,S4b2809,蜕菴集,catalog,,
KR4d0531,S4b2810,五峰集,catalog,,
KR4d0532,S4b2811,野處集,catalog,,
KR4d0533,S4b2812,夢觀集,catalog,,
KR4d0534,S4b2813,金臺集,catalog,,
KR4d0535,S4b2814,子淵詩集,catalog,,
KR4d0536,S4b2815,午溪集,catalog,,
KR4d0537,S4b2816,葯房樵唱,catalog,,
KR4d0538,S4b2817,栲栳山人詩集,catalog,,
KR4d0539,S4b2818,梅花道人遺墨,catalog,,
KR4d0540,S4b2819,玩齋集,catalog,,
KR4d0541,S4b2820,羽庭集,catalog,,
KR4d0542,S4b2821,不繫舟漁集,catalog,,
KR4d0543,S4b2822,居竹軒詩集,catalog,,
KR4d0544,S4b2823,句曲外史集,catalog,,
KR4d0545,S4b2824,僑吳集,catalog,,
KR4d0546,S4b2825,詠物詩,catalog,,
KR4d0547,S4b2826,鹿皮子集,catalog,,
KR4d0548,S4b2827,林外野言,catalog,,
KR4d0549,S4b2828,傲軒吟稿,catalog,,
KR4d0550,S4b2829,師山集,catalog,,
KR4d0551,S4b2830,友石山人遺稿,catalog,,
KR4d0552,S4b2831,聞過齋集,catalog,,
KR4d0553,S4b2832,學言稿,catalog,,
KR4d0554,S4b2833,北郭集,catalog,,
KR4d0555,S4b2834,玉笥集,catalog,,
KR4d0556,S4b2835,青村遺稿,catalog,,
KR4d0557,S4b2836,鶴年詩集,catalog,,
KR4d0558,S4b2837,貞素齋集,catalog,,
KR4d0559,S4b2838,一山文集,catalog,,
KR4d0560,S4b2839,江月松風集,catalog,,
KR4d0561,S4b2840,龜巢稿,catalog,,
KR4d0562,S4b2841,石初集,catalog,,
KR4d0563,S4b2842,山窗餘稿,catalog,,
KR4d0564,S4b2843,梧溪集,catalog,,
KR4d0565,S4b2844,吾吾類稿,catalog,,
KR4d0566,S4b2845,樵雲獨唱,catalog,,
KR4d0567,S4b2846,桐山老農集,catalog,,
KR4d0568,S4b2847,靜思集,catalog,,
KR4d0569,S4b2848,九靈山房集,catalog,,
KR4d0570,S4b2849,灤京雜咏,catalog,,
KR4d0571,S4b2850,雲陽集,catalog,,
KR4d0572,S4b2851,南湖集,catalog,,
KR4d0573,S4b2852,佩玉齋類藁,catalog,,
KR4d0574,S4b2853,玉山璞稿,catalog,,
KR4d0576,S4b2854,清閟閣全集,catalog,,
KR4d0577,S4b2855,麟原文集,catalog,,
KR4d0578,S4b2856,來鶴亭集,catalog,,
KR4d0579,S4b2857,雲松巢集,catalog,,
KR4d0580,S4b2858,環谷集,catalog,,
KR4d0581,S4b2859,性情集,catalog,,
KR4d0582,S4b2860,花谿集,catalog,,
KR4d0583,S4b2861,樗隱集,catalog,,
KR4d0584,S4b2862,東山存稿,catalog,,
KR4d0585,S4b2863,東維子集,catalog,,
KR4d0586,S4b2864,鐵崖古樂府,catalog,,
KR4d0587,S4b2865,復古詩集,catalog,,
KR4d0589,S4b2866,麗則遺音,catalog,,
KR4d0590,S4b2867,夷白齋稿,catalog,,
KR4d0591,S4b2868,庸菴集,catalog,,
KR4d0592,S4b2869,可閒老人集,catalog,,
KR4d0594,S4b2870,石門集,catalog,,
KR4d0595,S4b2871,玉笥集,catalog,,
KR4e0001,S4b2872,明太祖文集,catalog,,
KR4e0002,S4b2873,文憲集,catalog,,
KR4e0003,S4b2874,宋景濂未刻集,catalog,,
KR4e0005,S4b2875,誠意伯文集,catalog,,
KR4e0007,S4b2876,鳳池吟稿,catalog,,
KR4e0008,S4b2877,陶學士集,catalog,,
KR4e0009,S4b2878,西隱集,catalog,,
KR4e0010,S4b2879,王忠文集,catalog,,
KR4e0011,S4b2880,翠屏集,catalog,,
KR4e0012,S4b2881,說學齋稿,catalog,,
KR4e0013,S4b2882,雲林集,catalog,,
KR4e0014,S4b2883,白雲集,catalog,,
KR4e0015,S4b2884,林登州集,catalog,,
KR4e0016,S4b2885,槎翁詩集,catalog,,
KR4e0017,S4b2886,東臯錄,catalog,,
KR4e0018,S4b2887,覆瓿集,catalog,,
KR4e0019,S4b2888,柘軒集,catalog,,
KR4e0020,S4b2889,白雲稿,catalog,,
KR4e0021,S4b2890,密庵集,catalog,,
KR4e0022,S4b2891,清江詩集,catalog,,
KR4e0024,S4b2892,蘇平仲文集,catalog,,
KR4e0025,S4b2893,胡仲子集,catalog,,
KR4e0026,S4b2894,始豐稿,catalog,,
KR4e0027,S4b2895,王常宗集,catalog,,
KR4e0028,S4b2896,白石山房逸藁,catalog,,
KR4e0031,S4b2897,滄螺集,catalog,,
KR4e0032,S4b2898,臨安集,catalog,,
KR4e0033,S4b2899,尙絅齋集,catalog,,
KR4e0034,S4b2900,趙考古文集,catalog,,
KR4e0035,S4b2901,劉彥昺集,catalog,,
KR4e0036,S4b2902,藍山集,catalog,,
KR4e0037,S4b2903,藍澗集,catalog,,
KR4e0039,S4b2904,大全集,catalog,,
KR4e0040,S4b2905,鳧藻集,catalog,,
KR4e0041,S4b2906,眉菴集,catalog,,
KR4e0042,S4b2907,靜菴集,catalog,,
KR4e0043,S4b2908,北郭集,catalog,,
KR4e0044,S4b2909,鳴盛集,catalog,,
KR4e0045,S4b2910,白雲樵唱集,catalog,,
KR4e0046,S4b2911,草澤狂歌,catalog,,
KR4e0047,S4b2912,半軒集,catalog,,
KR4e0048,S4b2913,西菴集,catalog,,
KR4e0049,S4b2914,南邨詩集,catalog,,
KR4e0050,S4b2915,望雲集,catalog,,
KR4e0051,S4b2916,蚓竅集,catalog,,
KR4e0052,S4b2917,西郊笑端集,catalog,,
KR4e0053,S4b2918,草閣詩集,catalog,,
KR4e0054,S4b2919,樗菴類藁,catalog,,
KR4e0055,S4b2920,春草齋集,catalog,,
KR4e0056,S4b2921,耕學齋詩集,catalog,,
KR4e0057,S4b2922,何傳集,catalog,,
KR4e0058,S4b2923,強齋集,catalog,,
KR4e0059,S4b2924,海桑集,catalog,,
KR4e0060,S4b2925,畦樂詩集,catalog,,
KR4e0061,S4b2926,竹齋集,catalog,,
KR4e0062,S4b2927,獨醉亭集,catalog,,
KR4e0063,S4b2928,海叟集,catalog,,
KR4e0064,S4b2929,榮進集,catalog,,
KR4e0065,S4b2930,梁園寓稿,catalog,,
KR4e0066,S4b2931,自怡集,catalog,,
KR4e0067,S4b2932,斗南老人集,catalog,,
KR4e0068,S4b2933,希澹園詩集,catalog,,
KR4e0069,S4b2934,鵞湖集,catalog,,
KR4e0070,S4b2935,榮陽外史集,catalog,,
KR4e0071,S4b2936,繼志齋集,catalog,,
KR4e0072,S4b2937,全室外集,catalog,,
KR4e0073,S4b2938,中丞集,catalog,,
KR4e0074,S4b2939,遜志齋集,catalog,,
KR4e0075,S4b2940,貞白遺稿,catalog,,
KR4e0076,S4b2941,靜學文集,catalog,,
KR4e0077,S4b2942,芻蕘集,catalog,,
KR4e0078,S4b2943,巽隱集,catalog,,
KR4e0079,S4b2944,易齋集,catalog,,
KR4e0080,S4b2945,野古集,catalog,,
KR4e0081,S4b2946,峴泉集,catalog,,
KR4e0082,S4b2947,唐愚士詩,catalog,,
KR4e0083,S4b2948,文毅集,catalog,,
KR4e0084,S4b2949,虛舟集,catalog,,
KR4e0085,S4b2950,王舍人詩集,catalog,,
KR4e0086,S4b2951,泊菴集,catalog,,
KR4e0087,S4b2952,毅齋集,catalog,,
KR4e0088,S4b2953,頤庵文選,catalog,,
KR4e0089,S4b2954,青城山人集,catalog,,
KR4e0090,S4b2955,東里集,catalog,,
KR4e0091,S4b2956,文敏集,catalog,,
KR4e0092,S4b2957,省愆集,catalog,,
KR4e0093,S4b2958,忠靖集,catalog,,
KR4e0094,S4b2959,金文靖集,catalog,,
KR4e0095,S4b2960,抑菴文集,catalog,,
KR4e0096,S4b2961,運甓漫稿,catalog,,
KR4e0097,S4b2962,梧岡集,catalog,,
KR4e0098,S4b2963,古廉文集,catalog,,
KR4e0099,S4b2964,曹月川集,catalog,,
KR4e0100,S4b2965,敬軒文集,catalog,,
KR4e0101,S4b2966,兩谿文集,catalog,,
KR4e0102,S4b2967,忠肅集,catalog,,
KR4e0103,S4b2968,蘭庭集,catalog,,
KR4e0104,S4b2969,古穰集,catalog,,
KR4e0105,S4b2970,武功集,catalog,,
KR4e0106,S4b2971,倪文僖集,catalog,,
KR4e0107,S4b2972,襄毅文集,catalog,,
KR4e0108,S4b2973,陳白沙集,catalog,,
KR4e0109,S4b2974,類博稿十卷,catalog,,
KR4e0110,S4b2975,竹巖集,catalog,,
KR4e0111,S4b2976,平橋藁,catalog,,
KR4e0112,S4b2977,彭惠安集,catalog,,
KR4e0113,S4b2978,清風亭稿,catalog,,
KR4e0114,S4b2979,方洲集,catalog,,
KR4e0115,S4b2980,重編瓊臺藁,catalog,,
KR4e0116,S4b2981,謙齋文錄,catalog,,
KR4e0117,S4b2982,椒邱文集,catalog,,
KR4e0118,S4b2983,石田詩選,catalog,,
KR4e0119,S4b2984,東園文集,catalog,,
KR4e0120,S4b2985,懷麓堂集,catalog,,
KR4e0121,S4b2986,青谿漫稿,catalog,,
KR4e0122,S4b2987,康齋集,catalog,,
KR4e0123,S4b2988,樓居雜著,catalog,,
KR4e0124,S4b2989,一峯文集,catalog,,
KR4e0125,S4b2990,篁墩文集,catalog,,
KR4e0126,S4b2991,楓山集,catalog,,
KR4e0127,S4b2992,定山集,catalog,,
KR4e0128,S4b2993,未軒文集,catalog,,
KR4e0129,S4b2994,醫閭集,catalog,,
KR4e0130,S4b2995,翠渠摘稿,catalog,,
KR4e0131,S4b2996,家藏集,catalog,,
KR4e0132,S4b2997,歸田稿,catalog,,
KR4e0133,S4b2998,震澤集,catalog,,
KR4e0134,S4b2999,鬱洲遺稿,catalog,,
KR4e0135,S4b3000,見素集,catalog,,
KR4e0136,S4b3001,古城集,catalog,,
KR4e0137,S4b3002,虛齋集,catalog,,
KR4e0138,S4b3003,容春堂集,catalog,,
KR4e0139,S4b3004,圭峯集,catalog,,
KR4e0140,S4b3005,吳文肅摘稿,catalog,,
KR4e0141,S4b3006,立齋遺文,catalog,,
KR4e0142,S4b3007,熊峯集,catalog,,
KR4e0143,S4b3008,西村集,catalog,,
KR4e0144,S4b3009,胡文敬集,catalog,,
KR4e0145,S4b3010,方簡肅文集,catalog,,
KR4e0146,S4b3011,小鳴稿,catalog,,
KR4e0147,S4b3012,懷星堂集,catalog,,
KR4e0148,S4b3013,整菴存稿,catalog,,
KR4e0149,S4b3014,東江家藏集,catalog,,
KR4e0150,S4b3015,空同集,catalog,,
KR4e0151,S4b3016,山齋文集,catalog,,
KR4e0152,S4b3017,顧華玉集,catalog,,
KR4e0153,S4b3018,華泉集,catalog,,
KR4e0154,S4b3019,東田遺稿,catalog,,
KR4e0155,S4b3020,清惠集,catalog,,
KR4e0156,S4b3021,沙溪集,catalog,,
KR4e0157,S4b3022,王文成全書,catalog,,
KR4e0158,S4b3023,雙溪集,catalog,,
KR4e0159,S4b3024,對山集,catalog,,
KR4e0160,S4b3025,柏齋集,catalog,,
KR4e0161,S4b3026,竹澗集,catalog,,
KR4e0162,S4b3027,大復集,catalog,,
KR4e0163,S4b3028,洹詞,catalog,,
KR4e0164,S4b3029,莊渠遺書,catalog,,
KR4e0165,S4b3030,儼山集,catalog,,
KR4e0166,S4b3031,迪功集,catalog,,
KR4e0167,S4b3032,太白山人漫藁,catalog,,
KR4e0168,S4b3033,少谷集,catalog,,
KR4e0169,S4b3034,苑洛集,catalog,,
KR4e0170,S4b3035,東洲初稿,catalog,,
KR4e0171,S4b3036,升菴集,catalog,,
KR4e0172,S4b3037,東巖集,catalog,,
KR4e0173,S4b3038,文簡集,catalog,,
KR4e0174,S4b3039,方齋存稿,catalog,,
KR4e0175,S4b3040,考功集,catalog,,
KR4e0176,S4b3041,雲村集,catalog,,
KR4e0177,S4b3042,小山類稿,catalog,,
KR4e0178,S4b3043,夢澤集,catalog,,
KR4e0179,S4b3044,甫田集,catalog,,
KR4e0180,S4b3045,泰泉集,catalog,,
KR4e0181,S4b3046,西村詩集,catalog,,
KR4e0182,S4b3047,天馬山房遺稿,catalog,,
KR4e0183,S4b3048,蘇門集,catalog,,
KR4e0184,S4b3049,愚谷集,catalog,,
KR4e0185,S4b3050,遵巖集,catalog,,
KR4e0186,S4b3051,陸子餘集,catalog,,
KR4e0187,S4b3052,念菴文集,catalog,,
KR4e0188,S4b3053,皇甫司勳集,catalog,,
KR4e0189,S4b3054,楊忠介集,catalog,,
KR4e0190,S4b3055,荊川集,catalog,,
KR4e0191,S4b3056,皇甫少玄集,catalog,,
KR4e0192,S4b3057,瑤石山人稿,catalog,,
KR4e0193,S4b3058,南行集,catalog,,
KR4e0194,S4b3059,張莊僖文集,catalog,,
KR4e0195,S4b3060,洞麓堂集,catalog,,
KR4e0196,S4b3061,具茨詩集,catalog,,
KR4e0197,S4b3062,青霞集,catalog,,
KR4e0198,S4b3063,滄溟集,catalog,,
KR4e0199,S4b3064,山海漫談,catalog,,
KR4e0200,S4b3065,楊忠愍集,catalog,,
KR4e0201,S4b3066,弇州四部稿,catalog,,
KR4e0202,S4b3067,讀書後,catalog,,
KR4e0203,S4b3068,方麓集,catalog,,
KR4e0204,S4b3069,存家詩稿,catalog,,
KR4e0205,S4b3070,海壑吟稿,catalog,,
KR4e0206,S4b3071,伐檀齋集,catalog,,
KR4e0207,S4b3072,備忘集,catalog,,
KR4e0208,S4b3073,石洞集,catalog,,
KR4e0209,S4b3074,宗子相集,catalog,,
KR4e0210,S4b3075,衡廬精舍藏稿,catalog,,
KR4e0211,S4b3076,薛荔園詩集,catalog,,
KR4e0212,S4b3077,鯤溟詩集,catalog,,
KR4e0213,S4b3078,亦玉堂稿,catalog,,
KR4e0214,S4b3079,溫恭毅集,catalog,,
KR4e0215,S4b3080,震川集,catalog,,
KR4e0216,S4b3081,四溟集,catalog,,
KR4e0217,S4b3082,蠛蠓集,catalog,,
KR4e0218,S4b3083,少室山房集,catalog,,
KR4e0219,S4b3084,穀城山館詩集,catalog,,
KR4e0220,S4b3085,宗伯集,catalog,,
KR4e0221,S4b3086,臨臯文集,catalog,,
KR4e0222,S4b3087,淡然軒集,catalog,,
KR4e0223,S4b3088,涇臯藏稿,catalog,,
KR4e0224,S4b3089,小辨齋偶存,catalog,,
KR4e0225,S4b3090,高子遺書,catalog,,
KR4e0226,S4b3091,少墟集,catalog,,
KR4e0227,S4b3092,石隱園藏稿,catalog,,
KR4e0228,S4b3093,仰節堂集,catalog,,
KR4e0229,S4b3094,願學集,catalog,,
KR4e0230,S4b3095,劉蕺山集,catalog,,
KR4e0231,S4b3096,學古緒言,catalog,,
KR4e0232,S4b3097,檀園集,catalog,,
KR4e0233,S4b3098,忠介燼餘集,catalog,,
KR4e0234,S4b3099,文忠集,catalog,,
KR4e0235,S4b3100,幔亭集,catalog,,
KR4e0236,S4b3101,白谷集,catalog,,
KR4e0237,S4b3102,集玉山房稿,catalog,,
KR4e0238,S4b3103,宋布衣集,catalog,,
KR4e0239,S4b3104,忠肅集,catalog,,
KR4e0240,S4b3105,倪文貞集,catalog,,
KR4e0241,S4b3106,凌忠介公集,catalog,,
KR4e0242,S4b3107,申忠愍詩集,catalog,,
KR4e0243,S4b3108,茅薝集,catalog,,
KR4e0244,S4b3109,陶菴全集,catalog,,
KR4f0001,S4b3110,聖祖仁皇帝御製文集,catalog,,
KR4f0002,S4b3111,世宗憲皇帝御製文集,catalog,,
KR4f0003,S4b3112,御製樂善堂全集定本,catalog,,
KR4f0004,S4b3113,御製文集,catalog,,
KR4f0005,S4b3114,御製詩集,catalog,,
KR4f0012,S4b3115,梅村集,catalog,,
KR4f0014,S4b3116,湯子遺書,catalog,,
KR4f0015,S4b3117,兼濟堂文集,catalog,,
KR4f0016,S4b3118,學餘堂文集,catalog,,
KR4f0017,S4b3119,范忠貞集,catalog,,
KR4f0018,S4b3120,林蕙堂全集,catalog,,
KR4f0019,S4b3121,精華錄,catalog,,
KR4f0020,S4b3122,堯峯文鈔,catalog,,
KR4f0022,S4b3123,午亭文編,catalog,,
KR4f0023,S4b3124,讀書齋偶存稿,catalog,,
KR4f0024,S4b3125,松桂堂全集,catalog,,
KR4f0025,S4b3126,曝書亭集,catalog,,
KR4f0026,S4b3127,于清端政書,catalog,,
KR4f0027,S4b3128,愚菴小集,catalog,,
KR4f0028,S4b3129,抱犢山房集,catalog,,
KR4f0029,S4b3130,文端集,catalog,,
KR4f0030,S4b3131,西河集,catalog,,
KR4f0031,S4b3132,陳檢討四六,catalog,,
KR4f0033,S4b3133,蓮洋詩鈔,catalog,,
KR4f0034,S4b3134,張文眞集,catalog,,
KR4f0035,S4b3135,西陂類稿,catalog,,
KR4f0036,S4b3136,鐵廬集,catalog,,
KR4f0037,S4b3137,湛園集,catalog,,
KR4f0038,S4b3138,古歡堂集,catalog,,
KR4f0039,S4b3139,榕村集,catalog,,
KR4f0040,S4b3140,三魚堂文集,catalog,,
KR4f0041,S4b3141,因園集,catalog,,
KR4f0042,S4b3142,懷清堂集,catalog,,
KR4f0043,S4b3143,二希堂文集,catalog,,
KR4f0044,S4b3144,敬業堂詩集,catalog,,
KR4f0045,S4b3145,望溪集,catalog,,
KR4f0046,S4b3146,存研樓文集,catalog,,
KR4f0047,S4b3147,香屑集,catalog,,
KR4f0048,S4b3148,鹿洲初集,catalog,,
KR4f0049,S4b3149,樊榭山房集,catalog,,
KR4f0050,S4b3150,果堂集,catalog,,
KR4f0051,S4b3151,松泉集,catalog,,
,S4b3151a,[[mandoku:S4b0963.org][S4b0963]] 宋文鑑,,,
KR4h0002,S4c3152,文選註,catalog,,
KR4h0003,S4c3153,六臣註文選,catalog,,
KR4h0004,S4c3154,文選顏鮑謝詩評,catalog,,
KR4h0005,S4c3155,玉臺新詠,catalog,,
KR4h0006,S4c3156,玉臺新詠考異,catalog,,
KR4h0007,S4c3157,高氏三宴詩集,catalog,,
KR4h0008,S4c3158,篋中集,catalog,,
KR4h0009,S4c3159,河嶽英靈集,catalog,,
KR4h0010,S4c3160,國秀集,catalog,,
KR4h0011,S4c3161,御覽詩,catalog,,
KR4h0012,S4c3162,中興間氣集,catalog,,
KR4h0013,S4c3163,極玄集,catalog,,
KR4h0014,S4c3164,松陵集,catalog,,
KR4h0015,S4c3165,二皇甫集,catalog,,
KR4h0016,S4c3166,唐四僧詩,catalog,,
KR4h0017,S4c3167,薛濤李冶詩集,catalog,,
KR4h0018,S4c3168,竇氏聯珠集,catalog,,
KR4h0019,S4c3169,才調集,catalog,,
KR4h0020,S4c3170,搜玉小集,catalog,,
KR4h0021,S4c3171,古文苑,catalog,,
KR4h0022,S4c3172,文苑英華,catalog,,
KR4h0022,S4c3172a,文苑英華辨證,catalog,,
KR4h0024,S4c3173,唐文粹,catalog,,
KR4h0025,S4c3174,西崑詶唱集,catalog,,
KR4h0026,S4c3175,同文館唱和詩,catalog,,
KR4h0027,S4c3176,唐百家詩選,catalog,,
KR4h0028,S4c3177,會稽掇英總集,catalog,,
KR4h0029,S4c3178,清江三孔集,catalog,,
KR4h0030,S4c3179,三劉家集,catalog,,
KR4h0031,S4c3180,二程文集,catalog,,
KR4h0032,S4c3181,宋文選,catalog,,
KR4h0033,S4c3182,坡門酬唱集,catalog,,
KR4h0034,S4c3183,樂府詩集,catalog,,
KR4h0035,S4c3184,歲時雜詠,catalog,,
KR4h0036,S4c3185,嚴陵集,catalog,,
KR4h0037,S4c3186,南嶽倡酬集,catalog,,
KR4h0038,S4c3187,萬首唐人絕句,catalog,,
KR4h0039,S4c3188,聲畫集,catalog,,
KR4h0041,S4c3189,宋文鑑,catalog,,
KR4h0041,S4c3190,古文關鍵,catalog,,
KR4h0042,S4c3191,囘文類聚,catalog,,
KR4h0043,S4c3192,五百家播芳大全文粹,catalog,,
KR4h0044,S4c3193,崇古文訣,catalog,,
KR4h0045,S4c3194,成都文類,catalog,,
KR4h0046,S4c3195,文章正宗,catalog,,
KR4h0046,S4c3195a,續文章正宗,catalog,,
KR4h0048,S4c3196,天台前集,catalog,,
KR4h0049,S4c3197,赤城集,catalog,,
KR4h0050,S4c3198,妙絕古今,catalog,,
KR4h0051,S4c3199,唐僧弘秀集,catalog,,
KR4h0052,S4c3200,衆妙集,catalog,,
KR4h0053,S4c3201,江湖小集,catalog,,
KR4h0054,S4c3202,江湖後集,catalog,,
KR4h0055,S4c3203,三體唐詩,catalog,,
KR4h0056,S4c3204,論學繩尺,catalog,,
KR4h0057,S4c3205,吳都文粹,catalog,,
KR4h0058,S4c3206,古文集成前集,catalog,,
KR4h0059,S4c3207,文章軌範,catalog,,
KR4h0060,S4c3208,月泉吟社詩,catalog,,
KR4h0061,S4c3209,文選補遺,catalog,,
KR4h0062,S4c3210,蘇門六君子文粹,catalog,,
KR4h0063,S4c3211,三國志文類,catalog,,
KR4h0064,S4c3212,增注唐策,catalog,,
KR4h0065,S4c3213,詩家鼎臠,catalog,,
KR4h0066,S4c3214,十先生奧論註,catalog,,
KR4h0067,S4c3215,兩宋名賢小集,catalog,,
KR4h0068,S4c3216,柴氏四隱集,catalog,,
KR4h0069,S4c3217,中州集,catalog,,
KR4h0070,S4c3218,唐詩鼓吹,catalog,,
KR4h0071,S4c3219,二妙集,catalog,,
KR4h0072,S4c3220,谷音,catalog,,
KR4h0073,S4c3221,河汾諸老詩集,catalog,,
KR4h0074,S4c3222,瀛奎律隨,catalog,,
KR4h0075,S4c3223,梅花百詠,catalog,,
KR4h0076,S4c3224,天下同文集,catalog,,
KR4h0077,S4c3225,古賦辯體,catalog,,
KR4h0078,S4c3226,圭塘欸乃集,catalog,,
KR4h0079,S4c3227,忠義集,catalog,,
KR4h0080,S4c3228,宛陵羣英集,catalog,,
KR4h0081,S4c3229,元文類,catalog,,
KR4h0082,S4c3230,元風雅,catalog,,
KR4h0083,S4c3231,唐音,catalog,,
KR4h0084,S4c3232,古樂府,catalog,,
KR4h0085,S4c3233,玉山名勝集,catalog,,
KR4h0086,S4c3234,草堂雅集,catalog,,
KR4h0087,S4c3235,玉山紀遊,catalog,,
KR4h0088,S4c3236,大雅集,catalog,,
KR4h0089,S4c3237,元音遺響,catalog,,
KR4h0090,S4c3238,風雅翼,catalog,,
KR4h0091,S4c3239,荊南倡和詩集,catalog,,
KR4h0092,S4c3240,乾坤清氣,catalog,,
KR4h0093,S4c3241,元音,catalog,,
KR4h0094,S4c3242,雅頌正音,catalog,,
KR4h0095,S4c3243,唐詩品彙,catalog,,
KR4h0096,S4c3244,廣州四先生詩,catalog,,
KR4h0097,S4c3245,三華集,catalog,,
KR4h0098,S4c3246,閩中十子詩,catalog,,
KR4h0099,S4c3247,滄海遺珠,catalog,,
KR4h0100,S4c3248,元詩體要,catalog,,
KR4h0101,S4c3249,中州名賢文表,catalog,,
KR4h0102,S4c3250,明文衡,catalog,,
KR4h0103,S4c3251,新安文獻志,catalog,,
KR4h0104,S4c3252,海岱會集,catalog,,
KR4h0105,S4c3253,經義模範,catalog,,
KR4h0106,S4c3254,文編,catalog,,
KR4h0107,S4c3255,古詩紀,catalog,,
KR4h0108,S4c3256,詩紀匡謬,catalog,,
KR4h0109,S4c3257,全蜀藝文志,catalog,,
KR4h0110,S4c3258,古今詩刪,catalog,,
KR4h0111,S4c3259,唐宋元名表,catalog,,
KR4h0112,S4c3260,文氏五家集,catalog,,
KR4h0113,S4c3261,宋藝圃集,catalog,,
KR4h0114,S4c3262,元藝圃集,catalog,,
KR4h0115,S4c3263,唐宋八大家文鈔,catalog,,
KR4h0116,S4c3264,吳都文粹續集,catalog,,
KR4h0117,S4c3265,石倉歷代詩選,catalog,,
KR4h0118,S4c3266,四六法海,catalog,,
KR4h0119,S4c3267,古樂苑,catalog,,
KR4h0120,S4c3268,皇霸文紀,catalog,,
KR4h0121,S4c3269,西漢文紀,catalog,,
KR4h0122,S4c3270,東漢文紀,catalog,,
KR4h0123,S4c3271,西晉文紀,catalog,,
KR4h0124,S4c3272,宋文紀,catalog,,
KR4h0125,S4c3273,南齊文紀,catalog,,
KR4h0126,S4c3274,梁文紀,catalog,,
KR4h0127,S4c3275,陳文紀,catalog,,
KR4h0128,S4c3276,北齊文紀,catalog,,
KR4h0129,S4c3277,後周文紀,catalog,,
KR4h0130,S4c3278,隋文紀,catalog,,
KR4h0131,S4c3279,釋文紀,catalog,,
KR4h0132,S4c3280,文章辨體彙選,catalog,,
KR4h0133,S4c3281,古詩鏡,catalog,,
KR4h0134,S4c3282,漢魏六朝百三家集,catalog,,
KR4h0135,S4c3283,古今禪藻集,catalog,,
KR4h0136,S4c3284,三家宮詞,catalog,,
KR4h0137,S4c3285,二家宮詞,catalog,,
KR4h0138,S4c3286,御選古文淵鑒,catalog,,
KR4h0139,S4c3287,御定歷代賦彙,catalog,,
KR4h0140,S4c3288,御定全唐詩,catalog,,
KR4h0141,S4c3289,御定佩文齋詠物詩選,catalog,,
KR4h0142,S4c3290,御定歷代題畫詩類,catalog,,
KR4h0143,S4c3291,御選宋金元明四朝詩,catalog,,
KR4h0144,S4c3292,御訂全金詩增補中州集,catalog,,
KR4h0145,S4c3293,御選唐詩,catalog,,
KR4h0146,S4c3294,御定千叟宴詩,catalog,,
KR4h0147,S4c3295,御選唐宋文醇,catalog,,
KR4h0148,S4c3296,御選唐宋詩醇,catalog,,
KR4h0149,S4c3297,皇清文頴,catalog,,
KR4h0150,S4c3298,欽定四書文,catalog,,
KR4h0151,S4c3299,欽定千叟宴詩,catalog,,
KR4h0152,S4c3300,明文海,catalog,,
KR4h0153,S4c3301,唐賢三昧集,catalog,,
KR4h0154,S4c3302,二家詩選,catalog,,
KR4h0155,S4c3303,唐人萬首絕句選,catalog,,
KR4h0156,S4c3304,明詩綜,catalog,,
KR4h0157,S4c3305,宋詩鈔,catalog,,
KR4h0158,S4c3306,宋元詩會,catalog,,
KR4h0159,S4c3307,粵西詩載,catalog,,
KR4h0160,S4c3308,元詩選,catalog,,
KR4h0161,S4c3309,御定全唐詩錄,catalog,,
KR4h0162,S4c3310,甬上耆舊詩,catalog,,
KR4h0163,S4c3311,檇李詩繫,catalog,,
KR4h0164,S4c3312,古文雅正,catalog,,
KR4h0165,S4c3313,鄱陽五家集,catalog,,
KR4h0166,S4c3314,南宋襍事詩,catalog,,
KR4h0167,S4c3315,宋百家詩存,catalog,,
KR4i0001,S4d3316,文心雕龍,catalog,,
KR4i0002,S4d3317,文心雕龍輯注,catalog,,
KR4i0003,S4d3318,詩品,catalog,,
KR4i0004,S4d3319,文章緣起,catalog,,
KR4i0005,S4d3320,本事詩,catalog,,
KR4i0006,S4d3321,六一詩話,catalog,,
KR4i0007,S4d3322,續詩話,catalog,,
KR4i0008,S4d3323,中山詩話,catalog,,
KR4i0009,S4d3324,後山詩話,catalog,,
KR4i0010,S4d3325,臨漢隱居詩話,catalog,,
KR4i0011,S4d3326,優古堂詩話,catalog,,
KR4i0012,S4d3327,詩話總龜,catalog,,
KR4i0014,S4d3328,彥周詩話,catalog,,
KR4i0015,S4d3329,紫薇詩話,catalog,,
KR4i0016,S4d3330,四六話,catalog,,
KR4i0017,S4d3331,珊瑚鉤詩話,catalog,,
KR4i0018,S4d3332,石林詩話,catalog,,
KR4i0019,S4d3333,藏海詩話,catalog,,
KR4i0020,S4d3334,風月堂詩話,catalog,,
KR4i0021,S4d3335,歲寒堂詩話,catalog,,
KR4i0022,S4d3336,庚溪詩話,catalog,,
KR4i0023,S4d3337,韻語陽秋,catalog,,
KR4i0024,S4d3338,䂬溪詩話,catalog,,
KR4i0025,S4d3339,唐詩紀事,catalog,,
KR4i0026,S4d3340,觀林詩話,catalog,,
KR4i0027,S4d3341,四六談麈,catalog,,
KR4i0028,S4d3342,環溪詩話,catalog,,
KR4i0029,S4d3343,漁隱叢話,catalog,,
KR4i0030,S4d3344,竹坡詩詩,catalog,,
KR4i0031,S4d3345,文則,catalog,,
KR4i0032,S4d3346,二老堂詩話,catalog,,
KR4i0033,S4d3347,誠齋詩話,catalog,,
KR4i0034,S4d3348,餘師錄,catalog,,
KR4i0035,S4d3349,滄浪詩話,catalog,,
KR4i0036,S4d3350,詩人玉屑,catalog,,
KR4i0037,S4d3351,後村詩話,catalog,,
KR4i0038,S4d3352,娛書堂詩話,catalog,,
KR4i0039,S4d3353,荊溪林下偶談,catalog,,
KR4i0040,S4d3354,草堂詩話,catalog,,
KR4i0041,S4d3355,竹莊詩話,catalog,,
KR4i0042,S4d3356,文章精義,catalog,,
KR4i0043,S4d3357,浩然齋雅談,catalog,,
KR4i0044,S4d3358,對床夜語,catalog,,
KR4i0045,S4d3359,詩林廣記,catalog,,
KR4i0046,S4d3360,文說,catalog,,
KR4i0047,S4d3361,修辭鑑衡,catalog,,
KR4i0048,S4d3362,金石例,catalog,,
KR4i0049,S4d3363,作義要訣,catalog,,
KR4i0050,S4d3364,墓銘舉例,catalog,,
KR4i0051,S4d3365,懷麓堂詩話,catalog,,
KR4i0052,S4d3366,頣山詩話,catalog,,
KR4i0053,S4d3367,詩話補遺,catalog,,
KR4i0054,S4d3368,秇圃擷餘,catalog,,
KR4i0055,S4d3369,唐音癸籤,catalog,,
KR4i0056,S4d3370,歷代詩話,catalog,,
KR4i0057,S4d3371,金石要例,catalog,,
KR4i0058,S4d3372,漁洋詩話,catalog,,
KR4i0058,S4d3372a,師友詩傳錄,catalog,,
KR4i0060,S4d3373,聲調譜,catalog,,
KR4i0061,S4d3374,談龍錄,catalog,,
KR4i0062,S4d3375,宋詩紀事,catalog,,
KR4i0063,S4d3376,全閩詩話,catalog,,
KR4i0064,S4d3377,五代詩話,catalog,,
KR4j0001,S4e3378,珠玉詞,catalog,,
KR4j0002,S4e3378,六一詞,catalog,,
KR4j0003,S4e3379,樂章集,catalog,,
KR4j0004,S4e3380,安陸集,catalog,,
KR4j0005,S4e3381,東坡詞,catalog,,
KR4j0006,S4e3382,山谷詞,catalog,,
KR4j0008,S4e3383,淮海詞,catalog,,
KR4j0009,S4e3384,書舟詞,catalog,,
KR4j0010,S4e3385,小山詞,catalog,,
KR4j0011,S4e3386,晁无咎詞,catalog,,
KR4j0012,S4e3387,姑溪詞,catalog,,
KR4j0012,S4e3387a,溪堂詞,catalog,,
KR4j0014,S4e3388,東堂詞,catalog,,
KR4j0015,S4e3389,片玉詞,catalog,,
KR4j0016,S4e3390,初寮詞,catalog,,
KR4j0017,S4e3390,聖求詞,catalog,,
KR4j0018,S4e3391,友古詞,catalog,,
KR4j0019,S4e3392,和清眞詞,catalog,,
KR4j0020,S4e3393,石林詞,catalog,,
KR4j0021,S4e3393,丹陽詞,catalog,,
KR4j0022,S4e3394,筠谿樂府,catalog,,
KR4j0024,S4e3395,坦菴詞,catalog,,
KR4j0025,S4e3396,酒邊詞,catalog,,
KR4j0026,S4e3397,無住詞,catalog,,
KR4j0027,S4e3397,漱玉詞,catalog,,
KR4j0028,S4e3398,竹坡詞,catalog,,
KR4j0029,S4e3399,蘆川詞,catalog,,
KR4j0030,S4e3400,東浦詞,catalog,,
KR4j0031,S4e3400,孏窟詞,catalog,,
KR4j0032,S4e3401,逃禪詞,catalog,,
KR4j0033,S4e3402,于湖詞,catalog,,
KR4j0034,S4e3403,海野詞,catalog,,
KR4j0035,S4e3403,審齋詞,catalog,,
KR4j0036,S4e3404,介菴詞,catalog,,
KR4j0037,S4e3405,歸愚詞,catalog,,
KR4j0038,S4e3405,克齋詞,catalog,,
KR4j0039,S4e3406,龍川詞,catalog,,
KR4j0040,S4e3406,稼軒詞,catalog,,
KR4j0041,S4e3407,西樵語業,catalog,,
KR4j0042,S4e3407,樵隱詞,catalog,,
KR4j0043,S4e3408,放翁詞,catalog,,
KR4j0044,S4e3409,知稼翁詞,catalog,,
KR4j0045,S4e3409,蒲江詞,catalog,,
KR4j0046,S4e3410,平齋詞,catalog,,
KR4j0047,S4e3411,白石道人歌曲,catalog,,
KR4j0048,S4e3412,夢窗稿,catalog,,
KR4j0049,S4e3413,惜香樂府,catalog,,
KR4j0050,S4e3414,龍洲詞,catalog,,
KR4j0051,S4e3415,竹屋癡語,catalog,,
KR4j0052,S4e3416,山中白雲詞,catalog,,
KR4j0053,S4e3417,竹山詞,catalog,,
KR4j0054,S4e3418,竹齋詩餘,catalog,,
KR4j0055,S4e3419,梅溪詞,catalog,,
KR4j0056,S4e3419,散花菴詞,catalog,,
KR4j0057,S4e3420,石屏詞,catalog,,
KR4j0058,S4e3420,斷腸詞,catalog,,
KR4j0059,S4e3421,天籟集,catalog,,
KR4j0060,S4e3422,蛻巖詞,catalog,,
KR4j0061,S4e3423,珂雪詞,catalog,,
KR4j0062,S4e3424,花間集,catalog,,
KR4j0063,S4e3425,尊前集,catalog,,
KR4j0064,S4e3426,梅苑,catalog,,
KR4j0065,S4e3427,樂府雅詞,catalog,,
KR4j0066,S4e3428,花菴詞選,catalog,,
KR4j0070,S4e3429,草堂詞餘,catalog,,
KR4j0071,S4e3430,絕妙好詞箋,catalog,,
KR4j0072,S4e3431,樂府補題,catalog,,
KR4j0073,S4e3432,花草稡編,catalog,,
KR4j0074,S4e3433,御選歷代詩餘,catalog,,
KR4j0075,S4e3434,詞綜,catalog,,
KR4j0076,S4e3435,十五家詞,catalog,,
KR4j0078,S4e3436,碧鷄漫志,catalog,,
KR4j0078,S4e3436a,沈氏樂府指迷,catalog,,
KR4j0083,S4e3437,渚山堂詞話,catalog,,
KR4j0084,S4e3438,西河詩話,catalog,,
KR4j0085,S4e3439,詞苑叢談,catalog,,
KR4j0086,S4e3440,御定詞譜,catalog,,
KR4j0087,S4e3441,詞律,catalog,,
KR4j0088,S4e3442,顧曲雜言,catalog,,
KR4j0089,S4e3443,御定曲譜,catalog,,
KR4j0090,S4e3444,中原音韻,catalog,,
KR4j0091,S0a3445,欽定四庫全書考證,catalog,,
KR6c0074,X25n0486,金剛經會解了義,kanripo_file_metadata,X25n0486,
KR6c0075,X25n0487,金剛新眼疏經偈合釋,kanripo_file_metadata,X25n0487,
KR6c0076,X25n0488,金剛經郢說,kanripo_file_metadata,X25n0488,
KR6c0077,X25n0489,金剛經註正訛,kanripo_file_metadata,X25n0489,
KR6c0078,X25n0490,金剛經淺解,kanripo_file_metadata,X25n0490,
KR6d0115,X35n0652,金剛三昧經通宗記,kanripo_file_metadata,X35n0652,
KR6e0017,U222n1418,華嚴經疏科,kanripo_file_metadata,U222n1418,
KR6e0017,U223n1418,華嚴經疏科,kanripo_file_metadata,U223n1418,
KR6e0018,X05n0231,華嚴經疏科文,kanripo_file_metadata,X05n0231,
KR6e0019,X05n0232,華嚴經疏鈔玄談,kanripo_file_metadata,X05n0232,
KR6e0020,X07n0234,華嚴經疏注,kanripo_file_metadata,X07n0234,
KR6e0021,L130n1557,大方廣佛華嚴經疏鈔會本,kanripo_file_metadata,L130n1557,
KR6e0021,L131n1557,大方廣佛華嚴經疏鈔會本,kanripo_file_metadata,L131n1557,
KR6e0021,L132n1557,大方廣佛華嚴經疏鈔會本,kanripo_file_metadata,L132n1557,
KR6e0021,L133n1557,大方廣佛華嚴經疏鈔會本,kanripo_file_metadata,L133n1557,
KR6e0063,X45n0753,十地經論義記,kanripo_file_metadata,X45n0753,
KR6e0064,X03n0208,華嚴經論〔卷十〕,kanripo_file_metadata,X03n0208,
KR6e0065,X03n0221,續華嚴經略疏刊定記,kanripo_file_metadata,X03n0221,
KR6e0066,X04n0223,華嚴經合論,kanripo_file_metadata,X04n0223,
KR6e0067,X04n0225,華嚴經合論簡要,kanripo_file_metadata,X04n0225,
KR6e0068,X05n0226,華嚴經合論纂要,kanripo_file_metadata,X05n0226,
KR6e0069,X05n0227,華嚴經行願品疏,kanripo_file_metadata,X05n0227,
KR6e0070,X05n0228,華嚴經行願品疏科,kanripo_file_metadata,X05n0228,
KR6e0071,X05n0229,華嚴經行願品疏鈔,kanripo_file_metadata,X05n0229,
KR6e0072,X05n0230,華嚴經普賢行願品疏科,kanripo_file_metadata,X05n0230,
KR6e0073,J15nB005,大方廣佛華嚴經普賢行願品別行疏鈔（選錄「華嚴宗七祖行蹟」及「附錄」）,kanripo_file_metadata,J15nB005,
KR6e0075,X58n0995,華嚴一乘教義分齊章義苑疏,kanripo_file_metadata,X58n0995,
KR6e0076,X58n0996,華嚴一乘教義分齊章焚薪,kanripo_file_metadata,X58n0996,
KR6e0077,X58n0997,華嚴一乘教義分齊章科,kanripo_file_metadata,X58n0997,
KR6e0078,X58n0998,華嚴一乘教義分齊章復古記,kanripo_file_metadata,X58n0998,
KR6e0079,X58n0999,五教章集成記,kanripo_file_metadata,X58n0999,
KR6e0080,X58n1000,評復古記,kanripo_file_metadata,X58n1000,
KR6e0091,X58n0993,華嚴還源觀科,kanripo_file_metadata,X58n0993,
KR6e0092,X58n0994,華嚴妄盡還源觀疏鈔補解,kanripo_file_metadata,X58n0994,
KR6e0096,T45n1879,華嚴關脈義記,kanripo_file_metadata,T45n1879,
KR6e0103,X58n1007,註華嚴法界觀科文,kanripo_file_metadata,X58n1007,
KR6e0104,X58n1008,註華嚴法界觀科文,kanripo_file_metadata,X58n1008,
KR6e0106,X58n1031,華嚴原人論發微錄,kanripo_file_metadata,X58n1031,
KR6e0107,X58n1032,華嚴原人論解,kanripo_file_metadata,X58n1032,
KR6e0108,X58n1033,華嚴原人論合解,kanripo_file_metadata,X58n1033,
KR6e0111,F28n1081,一乘法界圖合詩一印,kanripo_file_metadata,F28n1081,
KR6e0116,X03n0211,華嚴經文義記〔卷六〕,kanripo_file_metadata,X03n0211,
KR6e0117,X03n0218,華嚴經入法界品十八問答,kanripo_file_metadata,X03n0218,
KR6e0118,X03n0220,華嚴經綸貫,kanripo_file_metadata,X03n0220,
KR6e0119,X08n0235,華嚴經談玄抉擇,kanripo_file_metadata,X08n0235,
KR6e0120,X08n0236,華嚴懸談會玄記,kanripo_file_metadata,X08n0236,
KR6e0121,X08n0237,華嚴經文義要決問答,kanripo_file_metadata,X08n0237,
KR6e0122,X08n0238,華嚴經要解,kanripo_file_metadata,X08n0238,
KR6e0123,X08n0239,華嚴經吞海集,kanripo_file_metadata,X08n0239,
KR6e0124,X08n0240,華嚴綱要,kanripo_file_metadata,X08n0240,
KR6e0124,X09n0240,華嚴綱要,kanripo_file_metadata,X09n0240,
KR6e0125,X09n0241,華嚴經綱目貫攝,kanripo_file_metadata,X09n0241,
KR6e0126,X09n0242,華嚴經三十九品大意,kanripo_file_metadata,X09n0242,
KR6e0127,X58n0985,華嚴融會一乘義章明宗記,kanripo_file_metadata,X58n0985,
KR6e0128,X58n0991,華嚴經普賢觀行法門,kanripo_file_metadata,X58n0991,
KR6e0129,X58n1004,五蘊觀,kanripo_file_metadata,X58n1004,
KR6e0130,X58n1005,華嚴心要法門註,kanripo_file_metadata,X58n1005,
KR6e0131,X58n1010,勸發菩提心文,kanripo_file_metadata,X58n1010,
KR6e0132,X58n1013,華嚴法相槃節,kanripo_file_metadata,X58n1013,
KR6e0133,X58n1014,法界觀披雲集,kanripo_file_metadata,X58n1014,
KR6e0134,X58n1015,圓宗文類,kanripo_file_metadata,X58n1015,
KR6e0135,X58n1016,註華嚴同教一乘策,kanripo_file_metadata,X58n1016,
KR6e0136,X58n1017,註同教問答,kanripo_file_metadata,X58n1017,
KR6e0137,X58n1018,評金剛錍,kanripo_file_metadata,X58n1018,
KR6e0138,X58n1019,辨非集,kanripo_file_metadata,X58n1019,
KR6e0139,X58n1020,斥謬,kanripo_file_metadata,X58n1020,
KR6e0140,X58n1022,五相智識頌,kanripo_file_metadata,X58n1022,
KR6e0141,X58n1023,華嚴大意,kanripo_file_metadata,X58n1023,
KR6e0142,X58n1024,賢首五教儀,kanripo_file_metadata,X58n1024,
KR6e0143,X58n1025,賢首五教儀開蒙,kanripo_file_metadata,X58n1025,
KR6e0144,X58n1026,賢首五教斷證三覺揀濫圖,kanripo_file_metadata,X58n1026,
KR6e0145,X58n1027,法界宗蓮花章,kanripo_file_metadata,X58n1027,
KR6e0146,X58n1028,華嚴鏡燈章,kanripo_file_metadata,X58n1028,
KR6e0147,X58n1029,一乘決疑論,kanripo_file_metadata,X58n1029,
KR6e0148,X58n1030,華嚴念佛三昧論,kanripo_file_metadata,X58n1030,
KR6e0149,X74n1469,華嚴經海印道場九會請佛儀,kanripo_file_metadata,X74n1469,
KR6e0150,X74n1470,華嚴經海印道場懺儀,kanripo_file_metadata,X74n1470,
KR6e0151,X74n1471,華嚴清涼國師禮讚文,kanripo_file_metadata,X74n1471,
KR6e0152,X74n1472,華嚴普賢行願修證儀,kanripo_file_metadata,X74n1472,
KR6e0153,X74n1473,華嚴普賢行願修證儀,kanripo_file_metadata,X74n1473,
KR6e0154,X74n1474,華嚴道場起止大略,kanripo_file_metadata,X74n1474,
KR6e0155,X74n1475,圓覺經道場修證儀,kanripo_file_metadata,X74n1475,
KR6e0156,X74n1476,圓覺經道場略本修證儀,kanripo_file_metadata,X74n1476,
KR6e0157,X74n1477,首楞嚴壇場修證儀,kanripo_file_metadata,X74n1477,
KR6e0158,X74n1478,依楞嚴究竟事懺,kanripo_file_metadata,X74n1478,
KR6e0159,F28n1076,發菩提心戒,kanripo_file_metadata,F28n1076,
KR6e0160,F28n1083,漩澓偈,kanripo_file_metadata,F28n1083,
KR6e0161,F28n1082,釋華嚴漩澓偈,kanripo_file_metadata,F28n1082,
KR6e0162,F28n1084,健拏標訶一乘修行者秘密義記,kanripo_file_metadata,F28n1084,
KR6j0762,F28n1071,釋教最上乘秘密藏陀羅尼集,kanripo_file_metadata,F28n1071,
KR6r0081,X78n1550,淨土聖賢錄續編,kanripo_file_metadata,X78n1550,
KR6s0007,P181n1615,大明三藏法數,kanripo_file_metadata,P181n1615,
KR6s0007,P182n1615,大明三藏法數,kanripo_file_metadata,P182n1615,
KR6s0007,P183n1615,大明三藏法數,kanripo_file_metadata,P183n1615,
KR5a0091,DZ0090,內義丹旨綱目舉要,kanripo_file_metadata,,DZ0090
KR5a0267,DZ0263,修真十書雜著捷徑,kanripo_file_metadata,,DZ0263
KR5a0268,DZ0263,修真十書悟真篇,kanripo_file_metadata,,DZ0263
KR5a0269,DZ0263,修真十書玉隆集,kanripo_file_metadata,,DZ0263
KR5a0270,DZ0263,修真十書上清集,kanripo_file_metadata,,DZ0263
KR5a0271,DZ0263,修真十書武夷集,kanripo_file_metadata,,DZ0263
KR5a0272,DZ0263,修真十書盤山語錄,kanripo_file_metadata,,DZ0263
KR5a0273,DZ0263,修真十書黃庭內景五藏六府圖,kanripo_file_metadata,,DZ0263
KR5a0274,DZ0263,修真十書黃庭內景玉經注,kanripo_file_metadata,,DZ0263
KR5b0172,DZ0487,金籙午朝儀,kanripo_file_metadata,,DZ0487
KR5b0173,DZ0487,金籙晚朝儀,kanripo_file_metadata,,DZ0487
KR5b0179,DZ0492,金籙祈壽午朝儀,kanripo_file_metadata,,DZ0492
KR5b0180,DZ0492,金籙祈壽晚朝儀,kanripo_file_metadata,,DZ0492
KR5b0184,DZ0495,玄靈轉經午朝行道儀,kanripo_file_metadata,,DZ0495
KR5b0185,DZ0495,玄靈轉經晚朝行道儀,kanripo_file_metadata,,DZ0495
KR5b0187,DZ0496,金籙十迴度人午朝開收儀,kanripo_file_metadata,,DZ0496
KR5b0188,DZ0496,金籙十迴度人晚朝開收儀,kanripo_file_metadata,,DZ0496
KR5b0190,DZ0497,金籙十迴度人午朝轉經儀,kanripo_file_metadata,,DZ0497
KR5b0191,DZ0497,金籙十迴度人晚朝轉經儀,kanripo_file_metadata,,DZ0497
KR5b0197,DZ0502,玉籙資度午朝儀,kanripo_file_metadata,,DZ0502
KR5b0198,DZ0502,玉籙資度晚朝儀,kanripo_file_metadata,,DZ0502
KR5b0202,DZ0505,玉籙大齋第一日午朝儀,kanripo_file_metadata,,DZ0505
KR5b0203,DZ0505,玉籙大齋第一日晚朝儀,kanripo_file_metadata,,DZ0505
KR5b0204,DZ0505,玉籙大齋第二日早朝儀,kanripo_file_metadata,,DZ0505
KR5b0205,DZ0505,玉籙大齋第二日午朝儀,kanripo_file_metadata,,DZ0505
KR5b0206,DZ0505,玉籙大齋第二日晚朝儀,kanripo_file_metadata,,DZ0505
KR5b0207,DZ0505,玉籙大齋第三日早朝儀,kanripo_file_metadata,,DZ0505
KR5b0208,DZ0505,玉籙大齋第三日午朝儀,kanripo_file_metadata,,DZ0505
KR5b0249,DZ0546,靈寶玉鑒目錄,kanripo_file_metadata,,DZ0546
KR5b0265,DZ0560,靈寶淨明大法萬道玉章秘訣,kanripo_file_metadata,,DZ0560
KR5c0103,DZ0714,道德真經藏室篡微篇,kanripo_file_metadata,,DZ0714
KR5c0177,DZ0780,地祇上將溫太保傳補遺,kanripo_file_metadata,,DZ0780
KR5c0275,DZ0877,上玄高真延壽赤書,kanripo_file_metadata,,DZ0877
KR5c0313,DZ0914,金華沖碧丹經秘旨,kanripo_file_metadata,,DZ0914
KR5c0360,DZ0960,禦制真武廟碑,kanripo_file_metadata,,DZ0960
KR5d0032,DZ1012,空山先生易圖通變,kanripo_file_metadata,,DZ1012
KR5d0033,DZ1013,河圖,kanripo_file_metadata,,DZ1013
KR5d0076,DZ1053,吳尊師傳,kanripo_file_metadata,,DZ1053
KR5d0085,DZ1062,進洞天海嶽表,kanripo_file_metadata,,DZ1062
KR5e0002,DZ1101,太平經,kanripo_file_metadata,,DZ1101
KR5e0003,DZ1101,太平經複文序,kanripo_file_metadata,,DZ1101
KR5e0064,DZ1162,孫真人備急千金要方目錄,kanripo_file_metadata,,DZ1162
KR5f0020,DZ1186,抱樸子別旨,kanripo_file_metadata,,DZ1186
KR5g0031,DZ1222,上清靈寶大法目錄,kanripo_file_metadata,,DZ1222
KR5g0244,DZ1431,續道藏經目錄,kanripo_file_metadata,,DZ1431
KR5h0050,DZ1480,許真君玉匣記,kanripo_file_metadata,,DZ1480
KR6a0125,F03n0089,佛說恒水流樹經,kanripo_file_metadata,F03n0089,
KR6a0130,T02n0128,須摩提女經,kanripo_file_metadata,T02n0128,
KR6a0135,T02n0132,施食獲五福報經,kanripo_file_metadata,T02n0132,
KR6a0146,T02n0142,玉耶女經,kanripo_file_metadata,T02n0142,
KR6b0009,X20n0365,大乘本生心地觀經淺註懸示,kanripo_file_metadata,X20n0365,
KR6b0010,X20n0366,大乘本生心地觀經淺註科文,kanripo_file_metadata,X20n0366,
KR6b0011,X20n0367,大乘本生心地觀經淺註,kanripo_file_metadata,X20n0367,
KR6b0011,X21n0367,大乘本生心地觀經淺註,kanripo_file_metadata,X21n0367,
KR6b0028,T03n0175,佛說睒子經,kanripo_file_metadata,T03n0175,
KR6b0029,T03n0175,佛說睒子經,kanripo_file_metadata,T03n0175,
KR6b0036,T03n0181,佛說九色鹿經,kanripo_file_metadata,T03n0181,
KR6b0038,T03n0182,佛說鹿母經,kanripo_file_metadata,T03n0182,
KR6b0046,F02n0069,因果本起經,kanripo_file_metadata,F02n0069,
KR6c0001,T06n0220,大般若波羅蜜多經,kanripo_file_metadata,T06n0220,
KR6c0001,T07n0220,大般若波羅蜜多經,kanripo_file_metadata,T07n0220,
KR6c0006,X46n0791,大智度論疏,kanripo_file_metadata,X46n0791,
KR6c0009,X24n0451,大品經義疏,kanripo_file_metadata,X24n0451,
KR6c0025,T08n0236,金剛般若波羅蜜經,kanripo_file_metadata,T08n0236,
KR6c0029,K05n0016,能斷金剛般若波羅蜜多經,kanripo_file_metadata,K05n0016,
KR6c0031,T25n1510,金剛般若波羅蜜經論,kanripo_file_metadata,T25n1510,
KR6c0040,P187n1624,金剛經疏論纂要（選錄「釋金剛經纂要疏科」）,kanripo_file_metadata,P187n1624,
KR6c0045,X24n0454,金剛經註,kanripo_file_metadata,X24n0454,
KR6c0046,X24n0456,金剛經註疏,kanripo_file_metadata,X24n0456,
KR6c0047,X24n0459,金剛經解義,kanripo_file_metadata,X24n0459,
KR6c0048,X24n0460,金剛經口訣,kanripo_file_metadata,X24n0460,
KR6c0049,X24n0461,金剛經註,kanripo_file_metadata,X24n0461,
KR6c0050,X24n0462,金剛經會解,kanripo_file_metadata,X24n0462,
KR6c0051,X24n0463,金剛經采微科,kanripo_file_metadata,X24n0463,
KR6c0052,X24n0464,金剛經采微,kanripo_file_metadata,X24n0464,
KR6c0053,X24n0465,金剛經采微餘釋,kanripo_file_metadata,X24n0465,
KR6c0054,X24n0466,金剛疏科釋,kanripo_file_metadata,X24n0466,
KR6c0055,X24n0467,銷釋金剛經科儀會要註解,kanripo_file_metadata,X24n0467,
KR6c0056,X24n0468,金剛經註解,kanripo_file_metadata,X24n0468,
KR6c0057,X24n0469,金剛經補註,kanripo_file_metadata,X24n0469,
KR6c0058,X24n0470,金剛經註解鐵鋑錎,kanripo_file_metadata,X24n0470,
KR6c0059,X25n0471,金剛經宗通,kanripo_file_metadata,X25n0471,
KR6c0060,X25n0472,金剛經偈釋,kanripo_file_metadata,X25n0472,
KR6c0061,X25n0473,金剛經釋,kanripo_file_metadata,X25n0473,
KR6c0062,X25n0474,金剛經決疑,kanripo_file_metadata,X25n0474,
KR6c0063,X25n0475,金剛經鎞,kanripo_file_metadata,X25n0475,
KR6c0064,X25n0476,金剛經統論,kanripo_file_metadata,X25n0476,
KR6c0065,X25n0477,金剛經正眼,kanripo_file_metadata,X25n0477,
KR6c0066,X25n0478,金剛經筆記,kanripo_file_metadata,X25n0478,
KR6c0067,X25n0479,金剛經破空論,kanripo_file_metadata,X25n0479,
KR6c0068,X25n0480,金剛經觀心釋,kanripo_file_metadata,X25n0480,
KR6c0069,X25n0481,金剛經略談,kanripo_file_metadata,X25n0481,
KR6c0070,X25n0482,金剛經略疏,kanripo_file_metadata,X25n0482,
KR6c0071,X25n0483,金剛經音釋直解,kanripo_file_metadata,X25n0483,
KR6c0072,X25n0484,金剛經大意,kanripo_file_metadata,X25n0484,
KR6c0073,X25n0485,金剛經如是解,kanripo_file_metadata,X25n0485,
KR6c0079,X25n0491,金剛經疏記科會,kanripo_file_metadata,X25n0491,
KR6c0080,X25n0492,金剛經疏記會編,kanripo_file_metadata,X25n0492,
KR6c0081,X25n0493,金剛經部旨,kanripo_file_metadata,X25n0493,
KR6c0082,X25n0494,金剛經註釋,kanripo_file_metadata,X25n0494,
KR6c0083,X25n0495,金剛經演古,kanripo_file_metadata,X25n0495,
KR6c0084,X25n0496,金剛經直說,kanripo_file_metadata,X25n0496,
KR6c0085,X25n0497,金剛經石注,kanripo_file_metadata,X25n0497,
KR6c0086,X25n0498,金剛經正解,kanripo_file_metadata,X25n0498,
KR6c0087,X25n0499,金剛經法眼懸判疏鈔,kanripo_file_metadata,X25n0499,
KR6c0088,X25n0500,金剛經法眼註疏,kanripo_file_metadata,X25n0500,
KR6c0089,X25n0501,金剛經如是經義,kanripo_file_metadata,X25n0501,
KR6c0090,X25n0502,金剛經註講,kanripo_file_metadata,X25n0502,
KR6c0091,X25n0503,金剛經注解,kanripo_file_metadata,X25n0503,
KR6c0092,X25n0504,金剛經彙纂,kanripo_file_metadata,X25n0504,
KR6c0093,X25n0505,金剛經心印疏,kanripo_file_metadata,X25n0505,
KR6c0094,X25n0506,金剛經注,kanripo_file_metadata,X25n0506,
KR6c0095,X25n0507,金剛經訂義,kanripo_file_metadata,X25n0507,
KR6c0096,X25n0508,金剛經闡說,kanripo_file_metadata,X25n0508,
KR6c0097,X25n0509,金剛經解義,kanripo_file_metadata,X25n0509,
KR6c0098,X25n0510,金剛經易解,kanripo_file_metadata,X25n0510,
KR6c0099,J31nB269,金剛般若經疏論纂要刊定記會編,kanripo_file_metadata,J31nB269,
KR6c0100,F03n0100,金剛般若波羅蜜經（御注並序）,kanripo_file_metadata,F03n0100,
KR6c0116,X74n1494,金剛經科儀,kanripo_file_metadata,X74n1494,
KR6c0134,F27n1056,梵本般若波羅蜜多心經,kanripo_file_metadata,F27n1056,
KR6c0135,F27n1060,梵本般若波羅蜜多心經,kanripo_file_metadata,F27n1060,
KR6c0142,X26n0521,般若心經疏,kanripo_file_metadata,X26n0521,
KR6c0143,X26n0522,般若心經疏,kanripo_file_metadata,X26n0522,
KR6c0144,X26n0524,般若心經幽贊添改科,kanripo_file_metadata,X26n0524,
KR6c0145,X26n0525,般若心經幽贊崆峒記,kanripo_file_metadata,X26n0525,
KR6c0146,X26n0526,般若心經註,kanripo_file_metadata,X26n0526,
KR6c0147,X26n0528,般若心經略疏,kanripo_file_metadata,X26n0528,
KR6c0148,X26n0529,般若心經疏,kanripo_file_metadata,X26n0529,
KR6c0149,X26n0530,般若心經疏詒謀鈔,kanripo_file_metadata,X26n0530,
KR6c0150,X26n0531,般若心經略疏顯正記,kanripo_file_metadata,X26n0531,
KR6c0151,X26n0532,般若心經略疏小鈔,kanripo_file_metadata,X26n0532,
KR6c0152,X26n0533,般若心經三注,kanripo_file_metadata,X26n0533,
KR6c0153,X26n0534,般若心經注,kanripo_file_metadata,X26n0534,
KR6c0154,X26n0535,般若心經解義節要,kanripo_file_metadata,X26n0535,
KR6c0155,X26n0536,般若心經注解,kanripo_file_metadata,X26n0536,
KR6c0156,X26n0537,般若心經直談,kanripo_file_metadata,X26n0537,
KR6c0157,X26n0538,般若心經要論,kanripo_file_metadata,X26n0538,
KR6c0158,X26n0539,般若心經說,kanripo_file_metadata,X26n0539,
KR6c0159,X26n0540,般若心經釋義,kanripo_file_metadata,X26n0540,
KR6c0160,X26n0541,般若心經釋疑,kanripo_file_metadata,X26n0541,
KR6c0161,X26n0542,般若心經直說,kanripo_file_metadata,X26n0542,
KR6c0162,X26n0543,般若心經提綱,kanripo_file_metadata,X26n0543,
KR6c0163,X26n0544,般若心經釋略,kanripo_file_metadata,X26n0544,
KR6c0164,X26n0545,般若心經概論,kanripo_file_metadata,X26n0545,
KR6c0165,X26n0546,般若心經說,kanripo_file_metadata,X26n0546,
KR6c0166,X26n0547,般若心經註解,kanripo_file_metadata,X26n0547,
KR6c0167,X26n0548,般若心經斲輪解,kanripo_file_metadata,X26n0548,
KR6c0168,X26n0549,般若心經正眼,kanripo_file_metadata,X26n0549,
KR6c0169,X26n0550,般若心經開度,kanripo_file_metadata,X26n0550,
KR6c0170,X26n0551,般若心經發隱,kanripo_file_metadata,X26n0551,
KR6c0171,X26n0552,般若心經際決,kanripo_file_metadata,X26n0552,
KR6c0172,X26n0553,般若心經添足,kanripo_file_metadata,X26n0553,
KR6c0173,X26n0554,般若心經貫義,kanripo_file_metadata,X26n0554,
KR6c0174,X26n0555,般若心經釋要,kanripo_file_metadata,X26n0555,
KR6c0175,X26n0556,般若心經小談,kanripo_file_metadata,X26n0556,
KR6c0176,X26n0557,般若心經一貫疏,kanripo_file_metadata,X26n0557,
KR6c0177,X26n0558,般若心經指掌,kanripo_file_metadata,X26n0558,
KR6c0178,X26n0559,般若心經事觀解,kanripo_file_metadata,X26n0559,
KR6c0179,X26n0560,般若心經理性解,kanripo_file_metadata,X26n0560,
KR6c0180,X26n0561,般若心經大意,kanripo_file_metadata,X26n0561,
KR6c0181,X26n0562,般若心經解,kanripo_file_metadata,X26n0562,
KR6c0182,X26n0563,般若心經請益說,kanripo_file_metadata,X26n0563,
KR6c0183,X26n0564,般若心經註疏,kanripo_file_metadata,X26n0564,
KR6c0184,X26n0565,般若心經論,kanripo_file_metadata,X26n0565,
KR6c0185,X26n0566,般若心經彙纂,kanripo_file_metadata,X26n0566,
KR6c0186,X26n0567,般若心經如是經義,kanripo_file_metadata,X26n0567,
KR6c0187,X26n0568,般若心經註講,kanripo_file_metadata,X26n0568,
KR6c0188,X26n0569,般若心經句解易知,kanripo_file_metadata,X26n0569,
KR6c0189,X26n0570,般若心經解義,kanripo_file_metadata,X26n0570,
KR6c0190,X26n0571,般若心經註解,kanripo_file_metadata,X26n0571,
KR6c0191,X26n0572,般若心經易解,kanripo_file_metadata,X26n0572,
KR6c0192,X26n0573,般若心經註解,kanripo_file_metadata,X26n0573,
KR6c0193,X26n0574,般若心經註解,kanripo_file_metadata,X26n0574,
KR6c0194,X26n0575,般若心經註解,kanripo_file_metadata,X26n0575,
KR6c0195,X26n0576,般若心經註解,kanripo_file_metadata,X26n0576,
KR6c0209,X26n0513,仁王經合疏,kanripo_file_metadata,X26n0513,
KR6c0210,X26n0514,仁王經疏會本,kanripo_file_metadata,X26n0514,
KR6c0211,X26n0515,仁王經科疏科文,kanripo_file_metadata,X26n0515,
KR6c0212,X26n0516,仁王經科疏懸談,kanripo_file_metadata,X26n0516,
KR6c0213,X26n0517,仁王經科疏,kanripo_file_metadata,X26n0517,
KR6c0214,X26n0519,仁王經疏法衡鈔,kanripo_file_metadata,X26n0519,
KR6c0215,X26n0520,仁王經疏,kanripo_file_metadata,X26n0520,
KR6c0227,X24n0448,大般若經關法,kanripo_file_metadata,X24n0448,
KR6c0228,X24n0449,大般若經綱要,kanripo_file_metadata,X24n0449,
KR6c0229,F03n0181,大般若關,kanripo_file_metadata,F03n0181,
KR6d0008,L115n1490,妙法蓮華經玄義釋籤,kanripo_file_metadata,L115n1490,
KR6d0008,L116n1490,妙法蓮華經玄義釋籤,kanripo_file_metadata,L116n1490,
KR6d0009,X28n0588,法華經玄籤備撿,kanripo_file_metadata,X28n0588,
KR6d0010,X28n0589,法華經玄義節要,kanripo_file_metadata,X28n0589,
KR6d0011,X28n0590,法華經玄義輯略,kanripo_file_metadata,X28n0590,
KR6d0012,X28n0591,法華經釋籤緣起序指明,kanripo_file_metadata,X28n0591,
KR6d0013,X28n0592,法華經玄籤證釋,kanripo_file_metadata,X28n0592,
KR6d0016,X28n0593,法華經文句輔正記,kanripo_file_metadata,X28n0593,
KR6d0017,X29n0594,法華經疏義纘,kanripo_file_metadata,X29n0594,
KR6d0018,X29n0595,妙經文句私志諸品要義,kanripo_file_metadata,X29n0595,
KR6d0019,X29n0596,妙經文句私志記,kanripo_file_metadata,X29n0596,
KR6d0020,X29n0597,法華經文句記箋難,kanripo_file_metadata,X29n0597,
KR6d0021,X29n0598,法華經文句格言,kanripo_file_metadata,X29n0598,
KR6d0022,X29n0599,法華經文句纂要,kanripo_file_metadata,X29n0599,
KR6d0028,X34n0636,法華經玄贊攝釋,kanripo_file_metadata,X34n0636,
KR6d0029,X34n0637,法華經玄贊決擇記,kanripo_file_metadata,X34n0637,
KR6d0030,X34n0638,法華經玄贊要集,kanripo_file_metadata,X34n0638,
KR6d0031,X34n0639,法華經玄贊釋,kanripo_file_metadata,X34n0639,
KR6d0050,X35n0640,觀音經玄義記會本科,kanripo_file_metadata,X35n0640,
KR6d0051,X35n0641,觀音經玄義記條箇,kanripo_file_metadata,X35n0641,
KR6d0052,X35n0642,觀音經玄義記會本,kanripo_file_metadata,X35n0642,
KR6d0053,X35n0643,觀音經義疏記會本科,kanripo_file_metadata,X35n0643,
KR6d0054,X35n0644,觀音經義疏記條箇,kanripo_file_metadata,X35n0644,
KR6d0055,X35n0645,觀音經義疏記會本,kanripo_file_metadata,X35n0645,
KR6d0056,X35n0646,觀音經普門品重頌,kanripo_file_metadata,X35n0646,
KR6d0057,X35n0647,觀音經普門品膚說,kanripo_file_metadata,X35n0647,
KR6d0058,X27n0577,法華經疏,kanripo_file_metadata,X27n0577,
KR6d0059,X27n0582,法華統略,kanripo_file_metadata,X27n0582,
KR6d0060,X27n0583,法華經大意,kanripo_file_metadata,X27n0583,
KR6d0061,X27n0584,法華三大部科文,kanripo_file_metadata,X27n0584,
KR6d0062,X28n0585,法華經三大部讀教記,kanripo_file_metadata,X28n0585,
KR6d0063,X28n0586,法華經三大部補注,kanripo_file_metadata,X28n0586,
KR6d0064,X28n0587,大部妙玄格言,kanripo_file_metadata,X28n0587,
KR6d0065,X30n0600,法華經入疏,kanripo_file_metadata,X30n0600,
KR6d0066,X30n0601,法華經要解科,kanripo_file_metadata,X30n0601,
KR6d0067,X30n0602,法華經要解,kanripo_file_metadata,X30n0602,
KR6d0068,P184n1617,妙法蓮華經要解（選錄「要解」本文）,kanripo_file_metadata,P184n1617,
KR6d0068,P185n1617,妙法蓮華經要解（選錄「要解」本文）,kanripo_file_metadata,P185n1617,
KR6d0069,X30n0603,法華經合論,kanripo_file_metadata,X30n0603,
KR6d0070,X30n0604,法華經句解,kanripo_file_metadata,X30n0604,
KR6d0071,X30n0605,法華經科註,kanripo_file_metadata,X30n0605,
KR6d0072,X31n0606,法華經科註,kanripo_file_metadata,X31n0606,
KR6d0073,X31n0607,法華經科註,kanripo_file_metadata,X31n0607,
KR6d0074,X31n0608,法華經知音,kanripo_file_metadata,X31n0608,
KR6d0075,X31n0609,法華經大意,kanripo_file_metadata,X31n0609,
KR6d0076,X31n0610,法華經擊節,kanripo_file_metadata,X31n0610,
KR6d0077,X31n0611,法華經通義,kanripo_file_metadata,X31n0611,
KR6d0078,X31n0612,法華經精解評林,kanripo_file_metadata,X31n0612,
KR6d0079,X31n0613,法華經意語,kanripo_file_metadata,X31n0613,
KR6d0080,X31n0614,法華經大窾,kanripo_file_metadata,X31n0614,
KR6d0081,X32n0615,法華經綸貫,kanripo_file_metadata,X32n0615,
KR6d0082,X32n0616,法華經會義,kanripo_file_metadata,X32n0616,
KR6d0083,X32n0617,法華經卓解,kanripo_file_metadata,X32n0617,
KR6d0084,X32n0618,法華經大成科,kanripo_file_metadata,X32n0618,
KR6d0085,X32n0619,法華經大成,kanripo_file_metadata,X32n0619,
KR6d0086,X32n0620,法華經大成音義,kanripo_file_metadata,X32n0620,
KR6d0087,X32n0621,法華經授手〔卷首〕,kanripo_file_metadata,X32n0621,
KR6d0088,X32n0622,法華經授手科,kanripo_file_metadata,X32n0622,
KR6d0089,X32n0623,法華經授手,kanripo_file_metadata,X32n0623,
KR6d0090,X33n0624,法華經演義科,kanripo_file_metadata,X33n0624,
KR6d0091,X33n0625,法華經演義,kanripo_file_metadata,X33n0625,
KR6d0092,X33n0626,法華經科拾懸談卷首,kanripo_file_metadata,X33n0626,
KR6d0093,X33n0627,法華經科拾科,kanripo_file_metadata,X33n0627,
KR6d0094,X33n0628,法華經科拾,kanripo_file_metadata,X33n0628,
KR6d0095,X33n0629,法華經指掌疏科文,kanripo_file_metadata,X33n0629,
KR6d0096,X33n0630,法華經指掌疏懸示,kanripo_file_metadata,X33n0630,
KR6d0097,X33n0631,法華經指掌疏,kanripo_file_metadata,X33n0631,
KR6d0098,X33n0632,法華經指掌疏事義,kanripo_file_metadata,X33n0632,
KR6d0099,X33n0633,法華經為為章,kanripo_file_metadata,X33n0633,
KR6d0114,X35n0651,金剛三昧經注解,kanripo_file_metadata,X35n0651,
KR6d0122,X35n0649,普賢觀經義疏科,kanripo_file_metadata,X35n0649,
KR6d0123,X35n0650,普賢觀經義疏,kanripo_file_metadata,X35n0650,
KR6d0124,F01n0016,大王觀世音經,kanripo_file_metadata,F01n0016,
KR6d0125,X35n0648,高王觀音經註釋,kanripo_file_metadata,X35n0648,
KR6d0129,X46n0790,法華經論述記,kanripo_file_metadata,X46n0790,
KR6d0134,X55n0915,刪定止觀,kanripo_file_metadata,X55n0915,
KR6d0135,X55n0917,止觀科節,kanripo_file_metadata,X55n0917,
KR6d0136,X55n0918,止觀記中異義,kanripo_file_metadata,X55n0918,
KR6d0137,X55n0919,止觀輔行搜要記,kanripo_file_metadata,X55n0919,
KR6d0138,X55n0920,止觀輔行助覽,kanripo_file_metadata,X55n0920,
KR6d0139,X56n0921,摩訶止觀義例纂要,kanripo_file_metadata,X56n0921,
KR6d0140,X56n0922,摩訶止觀義例科,kanripo_file_metadata,X56n0922,
KR6d0141,X56n0923,摩訶止觀義例隨釋,kanripo_file_metadata,X56n0923,
KR6d0142,X56n0924,摩訶止觀貫義科,kanripo_file_metadata,X56n0924,
KR6d0153,X55n0904,大乘止觀法門宗圓記,kanripo_file_metadata,X55n0904,
KR6d0154,X55n0905,大乘止觀法門釋要,kanripo_file_metadata,X55n0905,
KR6d0159,X56n0925,十不二門義,kanripo_file_metadata,X56n0925,
KR6d0160,X56n0926,法華十妙不二門示珠指,kanripo_file_metadata,X56n0926,
KR6d0161,X56n0927,註法華本迹十不二門,kanripo_file_metadata,X56n0927,
KR6d0162,X56n0928,十不二門文心解,kanripo_file_metadata,X56n0928,
KR6d0163,X56n0929,法華玄記十不二門顯妙,kanripo_file_metadata,X56n0929,
KR6d0164,X56n0930,十不二門樞要,kanripo_file_metadata,X56n0930,
KR6d0165,X56n0931,十不二門指要鈔詳解,kanripo_file_metadata,X56n0931,
KR6d0169,X57n0976,四教儀集解,kanripo_file_metadata,X57n0976,
KR6d0170,X57n0977,四教儀備釋,kanripo_file_metadata,X57n0977,
KR6d0171,X57n0978,四教儀集註科,kanripo_file_metadata,X57n0978,
KR6d0172,P189n1629,天台四教儀集註（選錄「集註」本文）,kanripo_file_metadata,P189n1629,
KR6d0173,X57n0979,四教儀集註節義,kanripo_file_metadata,X57n0979,
KR6d0174,X57n0980,四教儀註彙補輔宏記,kanripo_file_metadata,X57n0980,
KR6d0176,X56n0932,金剛錍論私記,kanripo_file_metadata,X56n0932,
KR6d0177,X56n0933,金剛錍科,kanripo_file_metadata,X56n0933,
KR6d0178,X56n0934,金剛錍科,kanripo_file_metadata,X56n0934,
KR6d0179,X56n0935,金剛錍顯性錄,kanripo_file_metadata,X56n0935,
KR6d0180,X56n0936,金剛錍論義解,kanripo_file_metadata,X56n0936,
KR6d0181,X56n0937,金剛錍論釋文,kanripo_file_metadata,X56n0937,
KR6d0189,X57n0974,教觀綱宗釋義,kanripo_file_metadata,X57n0974,
KR6d0202,X74n1480,千手千眼大悲心咒行法,kanripo_file_metadata,X74n1480,
KR6d0203,X74n1488,得遇龍華修證懺儀,kanripo_file_metadata,X74n1488,
KR6d0204,X74n1501,釋迦如來降生禮讚文,kanripo_file_metadata,X74n1501,
KR6d0205,P167n1573,修懺要旨,kanripo_file_metadata,P167n1573,
KR6d0206,X55n0903,隨自意三昧,kanripo_file_metadata,X55n0903,
KR6d0207,X55n0907,禪門章,kanripo_file_metadata,X55n0907,
KR6d0208,X55n0908,禪門要略,kanripo_file_metadata,X55n0908,
KR6d0209,X55n0909,三觀義,kanripo_file_metadata,X55n0909,
KR6d0210,X55n0911,觀心食法,kanripo_file_metadata,X55n0911,
KR6d0211,X55n0912,觀心誦經法記,kanripo_file_metadata,X55n0912,
KR6d0212,X55n0913,天台智者大師發願文,kanripo_file_metadata,X55n0913,
KR6d0213,X55n0914,普賢菩薩發願文,kanripo_file_metadata,X55n0914,
KR6d0214,X55n0916,天台智者大師傳論,kanripo_file_metadata,X55n0916,
KR6d0215,G069n1977,科始終心要,kanripo_file_metadata,G069n1977,
KR6d0216,X56n0938,始終心要注,kanripo_file_metadata,X56n0938,
KR6d0217,X56n0939,法華五百問論,kanripo_file_metadata,X56n0939,
KR6d0218,X56n0940,學天台宗法門大意,kanripo_file_metadata,X56n0940,
KR6d0219,X56n0941,六即義,kanripo_file_metadata,X56n0941,
KR6d0220,X56n0942,天台宗未決（附釋疑）,kanripo_file_metadata,X56n0942,
KR6d0221,X56n0943,法華龍女成佛權實義,kanripo_file_metadata,X56n0943,
KR6d0222,X56n0944,寶雲振祖集,kanripo_file_metadata,X56n0944,
KR6d0223,X56n0946,螺溪振祖集,kanripo_file_metadata,X56n0946,
KR6d0224,X56n0948,四明仁岳異說叢書,kanripo_file_metadata,X56n0948,
KR6d0225,X56n0949,閑居編,kanripo_file_metadata,X56n0949,
KR6d0226,X57n0950,金園集,kanripo_file_metadata,X57n0950,
KR6d0227,X57n0951,天竺別集,kanripo_file_metadata,X57n0951,
KR6d0228,X57n0952,重編天台諸文類集,kanripo_file_metadata,X57n0952,
KR6d0229,X57n0953,別傳心法議,kanripo_file_metadata,X57n0953,
KR6d0230,X57n0954,三千有門頌略解,kanripo_file_metadata,X57n0954,
KR6d0231,X57n0955,復宗集,kanripo_file_metadata,X57n0955,
KR6d0232,X57n0956,山家義苑,kanripo_file_metadata,X57n0956,
KR6d0233,X57n0957,竹菴艸錄,kanripo_file_metadata,X57n0957,
KR6d0234,X57n0958,圓頓宗眼,kanripo_file_metadata,X57n0958,
KR6d0235,X57n0959,議中興教觀,kanripo_file_metadata,X57n0959,
KR6d0236,X57n0960,三教出興頌註,kanripo_file_metadata,X57n0960,
KR6d0237,X57n0961,施食通覽,kanripo_file_metadata,X57n0961,
KR6d0238,X57n0962,不可剎那無此君,kanripo_file_metadata,X57n0962,
KR6d0239,X57n0963,北峯教義,kanripo_file_metadata,X57n0963,
KR6d0240,X57n0964,台宗十類因革論,kanripo_file_metadata,X57n0964,
KR6d0241,X57n0965,山家緒餘集,kanripo_file_metadata,X57n0965,
KR6d0242,X57n0966,台宗精英集,kanripo_file_metadata,X57n0966,
KR6d0243,X57n0967,教觀撮要論,kanripo_file_metadata,X57n0967,
KR6d0244,X57n0968,增修教苑清規,kanripo_file_metadata,X57n0968,
KR6d0245,X57n0969,天台傳佛心印記註,kanripo_file_metadata,X57n0969,
KR6d0246,X57n0970,性善惡論,kanripo_file_metadata,X57n0970,
KR6d0247,X57n0971,書,kanripo_file_metadata,X57n0971,
KR6d0248,X57n0972,法界安立圖,kanripo_file_metadata,X57n0972,
KR6d0249,X57n0975,隨緣集,kanripo_file_metadata,X57n0975,
KR6f0007,T11n0315,佛說普門品經,kanripo_file_metadata,T11n0315,
KR6f0057,X19n0351,勝鬘經義記,kanripo_file_metadata,X19n0351,
KR6f0058,X19n0352,勝鬘經述記,kanripo_file_metadata,X19n0352,
KR6f0059,X19n0353,勝鬘經疏義私鈔,kanripo_file_metadata,X19n0353,
KR6f0104,X10n0264,大寶積經述,kanripo_file_metadata,X10n0264,
KR6g0013,X36n0656,涅槃經玄義文句,kanripo_file_metadata,X36n0656,
KR6g0014,X36n0657,涅槃經治定疏科,kanripo_file_metadata,X36n0657,
KR6g0015,X36n0658,涅槃經會疏條箇,kanripo_file_metadata,X36n0658,
KR6g0016,X36n0659,涅槃經會疏,kanripo_file_metadata,X36n0659,
KR6g0017,X37n0660,涅槃經疏私記,kanripo_file_metadata,X37n0660,
KR6g0018,X37n0661,涅槃經疏私記,kanripo_file_metadata,X37n0661,
KR6g0019,X37n0662,涅槃經疏三德指歸,kanripo_file_metadata,X37n0662,
KR6g0020,X37n0663,科南本涅槃經,kanripo_file_metadata,X37n0663,
KR6g0021,X37n0664,涅槃經會疏解,kanripo_file_metadata,X37n0664,
KR6g0042,F03n0248,佛說救護身命經,kanripo_file_metadata,F03n0248,
KR6g0046,P174n1590,佛遺教經論疏節要,kanripo_file_metadata,P174n1590,
KR6g0047,X37n0665,遺教經補註,kanripo_file_metadata,X37n0665,
KR6g0048,X37n0666,遺教經解,kanripo_file_metadata,X37n0666,
KR6g0049,X53n0845,遺教經論住法記,kanripo_file_metadata,X53n0845,
KR6g0050,X53n0846,遺教經論記,kanripo_file_metadata,X53n0846,
KR6h0001,T13n0397,大方等大集經,kanripo_file_metadata,T13n0397,
KR6h0017,X21n0382,地藏本願經科文,kanripo_file_metadata,X21n0382,
KR6h0018,X21n0383,地藏本願經綸貫,kanripo_file_metadata,X21n0383,
KR6h0019,X21n0384,地藏本願經科註,kanripo_file_metadata,X21n0384,
KR6h0020,X74n1486,讚禮地藏菩薩懺願儀,kanripo_file_metadata,X74n1486,
KR6h0021,X74n1487,慈悲地藏菩薩懺法,kanripo_file_metadata,X74n1487,
KR6h0033,A114n1510,佛說大乘僧伽吒法義經,kanripo_file_metadata,A114n1510,
KR6i0023,T14n0446,過去莊嚴劫千佛名經,kanripo_file_metadata,T14n0446,
KR6i0025,T14n0447,現在賢劫千佛名經,kanripo_file_metadata,T14n0447,
KR6i0027,T14n0448,未來星宿劫千佛名經,kanripo_file_metadata,T14n0448,
KR6i0028,F28n1072,一切佛菩薩名集,kanripo_file_metadata,F28n1072,
KR6i0029,C071n1665,菩薩名經,kanripo_file_metadata,C071n1665,
KR6i0030,L157n1651,五百羅漢尊號,kanripo_file_metadata,L157n1651,
KR6i0041,X21n0388,彌勒上生經述贊,kanripo_file_metadata,X21n0388,
KR6i0042,X21n0389,彌勒下生經述贊,kanripo_file_metadata,X21n0389,
KR6i0043,X21n0393,彌勒上生經瑞應鈔科,kanripo_file_metadata,X21n0393,
KR6i0044,X21n0394,彌勒上生經瑞應鈔,kanripo_file_metadata,X21n0394,
KR6i0045,S06n0046,上生經會古通今新抄,kanripo_file_metadata,S06n0046,
KR6i0046,S06n0047,上生經疏隨新抄科文,kanripo_file_metadata,S06n0047,
KR6i0052,F03n0088,佛說灌頂章句拔除過罪生死得度經,kanripo_file_metadata,F03n0088,
KR6i0056,X21n0381,藥師經直解,kanripo_file_metadata,X21n0381,
KR6i0057,X74n1483,藥師三昧行法,kanripo_file_metadata,X74n1483,
KR6i0058,X74n1484,慈悲藥師寶懺,kanripo_file_metadata,X74n1484,
KR6i0099,X18n0338,維摩經文疏,kanripo_file_metadata,X18n0338,
KR6i0100,X18n0340,維摩經疏記,kanripo_file_metadata,X18n0340,
KR6i0101,X19n0343,維摩經略疏,kanripo_file_metadata,X19n0343,
KR6i0102,X19n0345,維摩經疏記鈔,kanripo_file_metadata,X19n0345,
KR6i0103,X19n0347,維摩經評註,kanripo_file_metadata,X19n0347,
KR6i0104,X19n0348,維摩經無我疏,kanripo_file_metadata,X19n0348,
KR6i0105,X19n0349,維摩經疏科,kanripo_file_metadata,X19n0349,
KR6i0122,T14n0492,阿難問事佛吉凶經,kanripo_file_metadata,T14n0492,
KR6i0171,T14n0540,佛說樹提伽經,kanripo_file_metadata,T14n0540,
KR6i0187,T14n0555,五母子經,kanripo_file_metadata,T14n0555,
KR6i0219,X20n0364,思益梵天所問經簡註,kanripo_file_metadata,X20n0364,
KR6i0236,X39n0706,十善業道經節要,kanripo_file_metadata,X39n0706,
KR6i0237,X01n0026,大梵天王問佛決疑經,kanripo_file_metadata,X01n0026,
KR6i0238,X01n0027,大梵天王問佛決疑經,kanripo_file_metadata,X01n0027,
KR6i0286,X01n0015,淨度三昧經,kanripo_file_metadata,X01n0015,
KR6i0310,X20n0355,金光明經玄義科,kanripo_file_metadata,X20n0355,
KR6i0311,X20n0356,金光明經玄義拾遺記會本,kanripo_file_metadata,X20n0356,
KR6i0312,X20n0357,金光明經文句科,kanripo_file_metadata,X20n0357,
KR6i0313,X20n0358,金光明經文句文句記會本,kanripo_file_metadata,X20n0358,
KR6i0314,X20n0359,金光明經玄義順正記,kanripo_file_metadata,X20n0359,
KR6i0315,X20n0360,金光明經文句新記,kanripo_file_metadata,X20n0360,
KR6i0316,X20n0361,金光明經照解,kanripo_file_metadata,X20n0361,
KR6i0317,X20n0362,金光明經科註,kanripo_file_metadata,X20n0362,
KR6i0336,X01n0008,楞伽阿跋多羅寶經會譯,kanripo_file_metadata,X01n0008,
KR6i0337,X17n0321,楞伽經註,kanripo_file_metadata,X17n0321,
KR6i0338,X17n0322,楞伽經疏,kanripo_file_metadata,X17n0322,
KR6i0339,X17n0323,楞伽經通義,kanripo_file_metadata,X17n0323,
KR6i0340,X17n0324,楞伽經集註,kanripo_file_metadata,X17n0324,
KR6i0341,X17n0325,楞伽經纂,kanripo_file_metadata,X17n0325,
KR6i0342,C097n1821,楞伽經纂,kanripo_file_metadata,C097n1821,
KR6i0343,X17n0326,觀楞伽經記,kanripo_file_metadata,X17n0326,
KR6i0344,X17n0327,楞伽補遺,kanripo_file_metadata,X17n0327,
KR6i0345,X17n0328,楞伽經玄義,kanripo_file_metadata,X17n0328,
KR6i0346,X17n0329,楞伽經義疏,kanripo_file_metadata,X17n0329,
KR6i0347,X17n0330,楞伽經宗通,kanripo_file_metadata,X17n0330,
KR6i0348,X17n0331,楞伽經合轍,kanripo_file_metadata,X17n0331,
KR6i0349,X18n0332,楞伽經參訂疏,kanripo_file_metadata,X18n0332,
KR6i0350,X18n0333,楞伽經精解評林,kanripo_file_metadata,X18n0333,
KR6i0351,X18n0334,楞伽經心印,kanripo_file_metadata,X18n0334,
KR6i0354,X21n0369,解深密經疏,kanripo_file_metadata,X21n0369,
KR6i0361,X21n0368,大乘密嚴經疏,kanripo_file_metadata,X21n0368,
KR6i0367,X21n0372,盂蘭盆經疏新記,kanripo_file_metadata,X21n0372,
KR6i0368,X21n0373,盂蘭盆經疏會古通今記,kanripo_file_metadata,X21n0373,
KR6i0369,X21n0374,盂蘭盆經疏孝衡鈔科,kanripo_file_metadata,X21n0374,
KR6i0370,X21n0375,盂蘭盆經疏孝衡鈔,kanripo_file_metadata,X21n0375,
KR6i0371,X21n0376,盂蘭盆經疏鈔餘義,kanripo_file_metadata,X21n0376,
KR6i0372,X21n0377,盂蘭盆經新疏,kanripo_file_metadata,X21n0377,
KR6i0373,X21n0378,盂蘭盆經疏折中疏,kanripo_file_metadata,X21n0378,
KR6i0374,X21n0379,盂蘭盆經略疏,kanripo_file_metadata,X21n0379,
KR6i0375,X74n1500,蘭盆獻供儀,kanripo_file_metadata,X74n1500,
KR6i0442,T17n0747,佛說輪轉五道罪福報應經,kanripo_file_metadata,T17n0747,
KR6i0447,T17n0751,佛說五無返復經,kanripo_file_metadata,T17n0751,
KR6i0456,X01n0023,大藏正教血盆經,kanripo_file_metadata,X01n0023,
KR6i0477,X37n0672,八大人覺經略解,kanripo_file_metadata,X37n0672,
KR6i0478,X37n0673,八大人覺經疏,kanripo_file_metadata,X37n0673,
KR6i0485,X37n0669,四十二章經註,kanripo_file_metadata,X37n0669,
KR6i0486,X37n0670,四十二章經解,kanripo_file_metadata,X37n0670,
KR6i0487,X37n0671,四十二章經疏鈔,kanripo_file_metadata,X37n0671,
KR6i0488,X37n0675,佛祖三經指南,kanripo_file_metadata,X37n0675,
KR6i0499,T17n0794,佛說時非時經,kanripo_file_metadata,T17n0794,
KR6i0503,T17n0797,佛說貧窮老公經,kanripo_file_metadata,T17n0797,
KR6i0548,X21n0370,占察善惡業報經玄義,kanripo_file_metadata,X21n0370,
KR6i0549,X21n0371,占察善惡業報經義疏,kanripo_file_metadata,X21n0371,
KR6i0550,X74n1485,占察善惡業報經行法,kanripo_file_metadata,X74n1485,
KR6i0552,F12n0546,大方廣圓覺修多羅了義經（選錄「附文：金剛禮一本」）,kanripo_file_metadata,F12n0546,
KR6i0554,X01n0001,圓覺經佚文,kanripo_file_metadata,X01n0001,
KR6i0555,X09n0243,圓覺經大疏,kanripo_file_metadata,X09n0243,
KR6i0556,X09n0244,圓覺經大疏鈔科,kanripo_file_metadata,X09n0244,
KR6i0557,X09n0245,圓覺經大疏釋義鈔,kanripo_file_metadata,X09n0245,
KR6i0558,X09n0246,圓覺經略疏科,kanripo_file_metadata,X09n0246,
KR6i0559,X09n0248,圓覺經略疏鈔,kanripo_file_metadata,X09n0248,
KR6i0560,X10n0249,圓覺經鈔辨疑誤,kanripo_file_metadata,X10n0249,
KR6i0561,X10n0250,圓覺經疏鈔隨文要解,kanripo_file_metadata,X10n0250,
KR6i0562,X10n0251,御註圓覺經,kanripo_file_metadata,X10n0251,
KR6i0563,X10n0252,圓覺經類解,kanripo_file_metadata,X10n0252,
KR6i0564,X10n0253,圓覺經夾頌集解講義,kanripo_file_metadata,X10n0253,
KR6i0565,X10n0254,圓覺經心鏡,kanripo_file_metadata,X10n0254,
KR6i0566,X10n0255,圓覺經序注,kanripo_file_metadata,X10n0255,
KR6i0567,X10n0256,圓覺經略疏序注,kanripo_file_metadata,X10n0256,
KR6i0568,X10n0257,圓覺經集註,kanripo_file_metadata,X10n0257,
KR6i0569,X10n0258,圓覺經直解,kanripo_file_metadata,X10n0258,
KR6i0570,X10n0259,圓覺經近釋,kanripo_file_metadata,X10n0259,
KR6i0571,X10n0260,圓覺經要解,kanripo_file_metadata,X10n0260,
KR6i0572,X10n0261,圓覺經精解評林,kanripo_file_metadata,X10n0261,
KR6i0573,X10n0262,圓覺經句釋正白,kanripo_file_metadata,X10n0262,
KR6i0574,X10n0263,圓覺經析義疏,kanripo_file_metadata,X10n0263,
KR6i0580,X01n0010,大明仁孝皇后夢感佛說第一希有大功德經,kanripo_file_metadata,X01n0010,
KR6i0581,X01n0017,佛說長壽滅罪護諸童子陀羅尼經,kanripo_file_metadata,X01n0017,
KR6i0582,X01n0019,佛說斷溫經,kanripo_file_metadata,X01n0019,
KR6i0583,X01n0020,佛說地藏菩薩發心因緣十王經,kanripo_file_metadata,X01n0020,
KR6i0584,X01n0021,佛說預修十王生七經,kanripo_file_metadata,X01n0021,
KR6i0585,X01n0024,壽生經,kanripo_file_metadata,X01n0024,
KR6i0586,X01n0025,化珠保命真經,kanripo_file_metadata,X01n0025,
KR6i0587,X37n0674,閱經十二種,kanripo_file_metadata,X37n0674,
KR6i0588,J19nB044,諸經日誦集要,kanripo_file_metadata,J19nB044,
KR6j0009,T18n0852,大毘盧舍那成佛神變加持經蓮華胎藏悲生曼荼羅廣大成就儀軌,kanripo_file_metadata,T18n0852,
KR6j0064,T18n0894,蘇悉地羯羅供養法,kanripo_file_metadata,T18n0894,
KR6j0066,T18n0895,蘇婆呼童子請問經,kanripo_file_metadata,T18n0895,
KR6j0129,G052n1222,一字頂輪王瑜伽經,kanripo_file_metadata,G052n1222,
KR6j0153,F27n1062,佛頂尊勝陀羅尼,kanripo_file_metadata,F27n1062,
KR6j0161,F27n1048,一切如來白傘蓋大佛頂陀羅尼,kanripo_file_metadata,F27n1048,
KR6j0162,F27n1063,一切如來白傘蓋大佛頂陀羅尼,kanripo_file_metadata,F27n1063,
KR6j0222,T19n1027,金剛光焰止風雨陀羅尼經,kanripo_file_metadata,T19n1027,
KR6j0226,X02n0188,祕密要術法,kanripo_file_metadata,X02n0188,
KR6j0227,X02n0204,妙法蓮華三昧祕密三摩耶經,kanripo_file_metadata,X02n0204,
KR6j0244,T20n1045,六字神呪王經,kanripo_file_metadata,T20n1045,
KR6j0257,T20n1057,千眼千臂觀世音菩薩陀羅尼神呪經,kanripo_file_metadata,T20n1057,
KR6j0263,F24n0761,觀自在菩薩廣大圓滿無礙大悲根本陀羅尼,kanripo_file_metadata,F24n0761,
KR6j0264,F27n1050,聖千手千眼觀自在菩薩摩訶薩廣大圓滿無礙大悲心陀羅尼,kanripo_file_metadata,F27n1050,
KR6j0268,C071n1666,梵本大悲神咒,kanripo_file_metadata,C071n1666,
KR6j0270,F27n1064,大悲心陀羅尼,kanripo_file_metadata,F27n1064,
KR6j0295,L135n1571,觀自在菩薩如意輪咒課法,kanripo_file_metadata,L135n1571,
KR6j0312,T20n1103,觀自在菩薩怛嚩多唎隨心陀羅尼經,kanripo_file_metadata,T20n1103,
KR6j0330,X01n0034,觀世音菩薩救苦經,kanripo_file_metadata,X01n0034,
KR6j0331,X02n0190,阿迦陀密一印千類千轉三使者成就經法,kanripo_file_metadata,X02n0190,
KR6j0332,X02n0191,七俱胝准提陀羅尼念誦儀軌,kanripo_file_metadata,X02n0191,
KR6j0355,T20n1138,金剛祕密善門陀羅尼經,kanripo_file_metadata,T20n1138,
KR6j0367,X02n0192,佛說如意虗空藏菩薩陀羅尼經,kanripo_file_metadata,X02n0192,
KR6j0376,F27n1061,大隨求陀羅尼,kanripo_file_metadata,F27n1061,
KR6j0389,X02n0206,馬鳴菩薩成就悉地念誦,kanripo_file_metadata,X02n0206,
KR6j0425,X02n0181,大聖妙吉祥菩薩最勝威德祕密八字陀羅尼修行念誦儀軌次第法,kanripo_file_metadata,X02n0181,
KR6j0450,T21n1222,聖迦柅忿怒金剛童子菩薩成就儀軌經,kanripo_file_metadata,T21n1222,
KR6j0481,T21n1252,佛說大吉祥天女十二名號經,kanripo_file_metadata,T21n1252,
KR6j0485,T21n1255,佛說摩利支天經,kanripo_file_metadata,T21n1255,
KR6j0495,T21n1264,佛說穰麌梨童女經,kanripo_file_metadata,T21n1264,
KR6j0600,T21n1369,百千印陀羅尼經,kanripo_file_metadata,T21n1369,
KR6j0610,T21n1378,幻師颰陀神呪經,kanripo_file_metadata,T21n1378,
KR6j0650,X02n0182,正了知王藥叉眷屬法,kanripo_file_metadata,X02n0182,
KR6j0651,X02n0183,二十八夜叉大軍王名號,kanripo_file_metadata,X02n0183,
KR6j0652,X02n0184,二十八藥叉大將名號,kanripo_file_metadata,X02n0184,
KR6j0653,X02n0185,權現金色迦那婆底九目天法,kanripo_file_metadata,X02n0185,
KR6j0654,X02n0193,佛說却溫黃神咒經,kanripo_file_metadata,X02n0193,
KR6j0655,X02n0202,佛說大如意寶珠輪牛王守護神咒經,kanripo_file_metadata,X02n0202,
KR6j0656,X02n0203,作世水宅心陀羅尼,kanripo_file_metadata,X02n0203,
KR6j0659,X01n0028,造像量度經,kanripo_file_metadata,X01n0028,
KR6j0661,X02n0201,五大牛玉雨寶陀羅尼儀軌,kanripo_file_metadata,X02n0201,
KR6j0674,X10n0265,楞嚴經義疏注經科,kanripo_file_metadata,X10n0265,
KR6j0675,X11n0267,楞嚴經義疏釋要鈔,kanripo_file_metadata,X11n0267,
KR6j0676,X11n0268,楞嚴經集註,kanripo_file_metadata,X11n0268,
KR6j0677,X11n0269,楞嚴經熏聞記,kanripo_file_metadata,X11n0269,
KR6j0678,X11n0270,楞嚴經要解,kanripo_file_metadata,X11n0270,
KR6j0679,X11n0271,楞嚴經箋,kanripo_file_metadata,X11n0271,
KR6j0680,X12n0272,楞嚴經合論,kanripo_file_metadata,X12n0272,
KR6j0681,X12n0273,楞嚴經正脉疏科,kanripo_file_metadata,X12n0273,
KR6j0682,X12n0274,楞嚴經正脉疏懸示,kanripo_file_metadata,X12n0274,
KR6j0683,X12n0275,楞嚴經正脉疏,kanripo_file_metadata,X12n0275,
KR6j0684,X12n0276,楞嚴經摸象記,kanripo_file_metadata,X12n0276,
KR6j0685,X12n0277,楞嚴經懸鏡,kanripo_file_metadata,X12n0277,
KR6j0686,X12n0278,楞嚴經通議略科,kanripo_file_metadata,X12n0278,
KR6j0687,X12n0279,楞嚴經通議,kanripo_file_metadata,X12n0279,
KR6j0688,X12n0280,楞嚴經臆說,kanripo_file_metadata,X12n0280,
KR6j0689,X12n0281,楞嚴經圓通疏,kanripo_file_metadata,X12n0281,
KR6j0690,X13n0282,楞嚴經玄義,kanripo_file_metadata,X13n0282,
KR6j0691,X13n0283,楞嚴經秘錄,kanripo_file_metadata,X13n0283,
KR6j0692,X13n0284,楞嚴經玄義,kanripo_file_metadata,X13n0284,
KR6j0693,X13n0285,楞嚴經文句,kanripo_file_metadata,X13n0285,
KR6j0694,X13n0286,楞嚴經如說,kanripo_file_metadata,X13n0286,
KR6j0695,X13n0287,楞嚴經疏解蒙鈔,kanripo_file_metadata,X13n0287,
KR6j0696,X14n0288,楞嚴經證疏廣解,kanripo_file_metadata,X14n0288,
KR6j0697,X14n0289,楞嚴經合轍,kanripo_file_metadata,X14n0289,
KR6j0698,X14n0290,楞嚴經直指科文,kanripo_file_metadata,X14n0290,
KR6j0699,X14n0291,楞嚴經直指,kanripo_file_metadata,X14n0291,
KR6j0700,X14n0292,楞嚴經擊節,kanripo_file_metadata,X14n0292,
KR6j0701,X14n0293,楞嚴經懸談,kanripo_file_metadata,X14n0293,
KR6j0702,X14n0294,楞嚴經說約,kanripo_file_metadata,X14n0294,
KR6j0703,X14n0295,楞嚴經述旨,kanripo_file_metadata,X14n0295,
KR6j0704,X14n0296,楞嚴經截流,kanripo_file_metadata,X14n0296,
KR6j0705,X14n0297,楞嚴經圓通疏前茅,kanripo_file_metadata,X14n0297,
KR6j0706,X14n0298,楞嚴經直解,kanripo_file_metadata,X14n0298,
KR6j0707,X15n0299,楞嚴經講錄,kanripo_file_metadata,X15n0299,
KR6j0708,X15n0300,楞嚴經纂註,kanripo_file_metadata,X15n0300,
KR6j0709,X15n0301,楞嚴經精解評林,kanripo_file_metadata,X15n0301,
KR6j0710,X15n0302,楞嚴經略疏,kanripo_file_metadata,X15n0302,
KR6j0711,X15n0303,楞嚴經貫攝,kanripo_file_metadata,X15n0303,
KR6j0712,X15n0304,楞嚴經觀心定解科,kanripo_file_metadata,X15n0304,
KR6j0713,X15n0305,楞嚴經觀心定解大綱,kanripo_file_metadata,X15n0305,
KR6j0714,X15n0306,楞嚴經觀心定解,kanripo_file_metadata,X15n0306,
KR6j0715,X16n0307,楞嚴經指掌疏懸示,kanripo_file_metadata,X16n0307,
KR6j0716,X16n0308,楞嚴經指掌疏,kanripo_file_metadata,X16n0308,
KR6j0717,X16n0309,楞嚴經指掌疏事義,kanripo_file_metadata,X16n0309,
KR6j0718,X16n0310,楞嚴經勢至圓通章科解,kanripo_file_metadata,X16n0310,
KR6j0719,X16n0311,楞嚴經勢至圓通章疏鈔,kanripo_file_metadata,X16n0311,
KR6j0720,X16n0312,楞嚴經勢至圓通章解,kanripo_file_metadata,X16n0312,
KR6j0721,X16n0313,楞嚴經序指味疏,kanripo_file_metadata,X16n0313,
KR6j0722,X16n0314,楞嚴經寶鏡疏科文,kanripo_file_metadata,X16n0314,
KR6j0723,X16n0315,楞嚴經寶鏡疏懸談,kanripo_file_metadata,X16n0315,
KR6j0724,X16n0316,楞嚴經寶鏡疏,kanripo_file_metadata,X16n0316,
KR6j0725,X16n0317,楞嚴經正見,kanripo_file_metadata,X16n0317,
KR6j0726,X16n0318,楞嚴經宗通,kanripo_file_metadata,X16n0318,
KR6j0727,P168n1581,首楞嚴經義海,kanripo_file_metadata,P168n1581,
KR6j0728,P185n1618,大佛頂萬行首楞嚴經會解,kanripo_file_metadata,P185n1618,
KR6j0733,X23n0445,佛頂尊勝陀羅尼經釋,kanripo_file_metadata,X23n0445,
KR6j0734,X23n0438,大日經義釋,kanripo_file_metadata,X23n0438,
KR6j0735,X23n0439,大日經義釋演密鈔,kanripo_file_metadata,X23n0439,
KR6j0736,X23n0446,七俱胝佛母所說準提陀羅尼經會釋,kanripo_file_metadata,X23n0446,
KR6j0737,X23n0447,觀自在菩薩如意心陀羅尼經略疏,kanripo_file_metadata,X23n0447,
KR6j0743,X59n1043,看命一掌金,kanripo_file_metadata,X59n1043,
KR6j0744,X59n1048,持咒仙人飛鉢儀軌,kanripo_file_metadata,X59n1048,
KR6j0745,X59n1052,成就夢想法,kanripo_file_metadata,X59n1052,
KR6j0746,X59n1054,多利心菩薩念誦法,kanripo_file_metadata,X59n1054,
KR6j0747,X59n1069,釋迦牟尼如來拔除苦惱現大神變飛空大鉢法,kanripo_file_metadata,X59n1069,
KR6j0748,X59n1073,金胎兩界師資相承,kanripo_file_metadata,X59n1073,
KR6j0749,X59n1074,胎金兩界血脈,kanripo_file_metadata,X59n1074,
KR6j0750,X59n1077,準提淨業,kanripo_file_metadata,X59n1077,
KR6j0751,X59n1078,準提心要,kanripo_file_metadata,X59n1078,
KR6j0752,X59n1079,持誦準提真言法要,kanripo_file_metadata,X59n1079,
KR6j0753,X59n1080,瑜伽集要施食儀軌,kanripo_file_metadata,X59n1080,
KR6j0754,X59n1081,修設瑜伽集要施食壇儀,kanripo_file_metadata,X59n1081,
KR6j0755,X59n1082,於密滲施食旨槩,kanripo_file_metadata,X59n1082,
KR6j0756,X59n1083,修習瑜伽集要施食壇儀,kanripo_file_metadata,X59n1083,
KR6j0757,X59n1084,瑜伽燄口註集纂要儀軌,kanripo_file_metadata,X59n1084,
KR6j0758,X74n1479,佛母孔雀尊經科式,kanripo_file_metadata,X74n1479,
KR6j0759,X74n1481,准提三昧行法,kanripo_file_metadata,X74n1481,
KR6j0760,X74n1482,准提焚修悉地懺悔玄文,kanripo_file_metadata,X74n1482,
KR6j0761,J19nB047,瑜伽集要燄口施食儀,kanripo_file_metadata,J19nB047,
KR6k0003,T22n1422,五分戒本,kanripo_file_metadata,T22n1422,
KR6k0049,X39n0707,新刪定四分僧戒本,kanripo_file_metadata,X39n0707,
KR6k0050,X40n0722,四分刪定比丘尼戒本,kanripo_file_metadata,X40n0722,
KR6k0051,X40n0725,式叉摩那尼戒本,kanripo_file_metadata,X40n0725,
KR6k0052,F02n0041,比丘尼羯磨經,kanripo_file_metadata,F02n0041,
KR6k0056,T24n1467,佛說犯戒罪報輕重經,kanripo_file_metadata,T24n1467,
KR6k0073,T24n1483,佛說目連問戒律中五百輕重事經,kanripo_file_metadata,T24n1483,
KR6k0074,X44n0750,佛說目連五百問經略解,kanripo_file_metadata,X44n0750,
KR6k0075,X44n0751,佛說目連五百問戒律中輕重事經釋,kanripo_file_metadata,X44n0751,
KR6k0084,X38n0676,梵網菩薩戒經義疏,kanripo_file_metadata,X38n0676,
KR6k0085,X38n0678,梵網菩薩戒經疏註,kanripo_file_metadata,X38n0678,
KR6k0086,X38n0679,梵網菩薩戒經義疏發隱,kanripo_file_metadata,X38n0679,
KR6k0087,X38n0680,梵網菩薩戒經義疏發隱事義,kanripo_file_metadata,X38n0680,
KR6k0088,X38n0681,梵網菩薩戒經義疏發隱問辯,kanripo_file_metadata,X38n0681,
KR6k0089,X38n0682,梵網經記,kanripo_file_metadata,X38n0682,
KR6k0090,X38n0683,梵網經菩薩戒本私記,kanripo_file_metadata,X38n0683,
KR6k0091,X38n0686,梵網經菩薩戒本述記,kanripo_file_metadata,X38n0686,
KR6k0092,X38n0687,梵網經菩薩戒本疏,kanripo_file_metadata,X38n0687,
KR6k0093,X38n0690,梵網經菩薩戒疏,kanripo_file_metadata,X38n0690,
KR6k0094,X38n0691,梵網經菩薩戒注,kanripo_file_metadata,X38n0691,
KR6k0095,X38n0692,菩薩戒疏隨見錄,kanripo_file_metadata,X38n0692,
KR6k0096,X38n0693,梵網經玄義,kanripo_file_metadata,X38n0693,
KR6k0097,X38n0694,梵網經合註,kanripo_file_metadata,X38n0694,
KR6k0098,X38n0695,梵網經菩薩戒略疏,kanripo_file_metadata,X38n0695,
KR6k0099,X38n0696,半月誦菩薩戒儀式註,kanripo_file_metadata,X38n0696,
KR6k0100,X38n0697,梵網經直解,kanripo_file_metadata,X38n0697,
KR6k0101,X38n0698,梵網經直解事義,kanripo_file_metadata,X38n0698,
KR6k0102,X39n0699,梵網經順硃,kanripo_file_metadata,X39n0699,
KR6k0103,X39n0700,梵網經菩薩戒初津,kanripo_file_metadata,X39n0700,
KR6k0107,X39n0705,瓔珞本業經疏,kanripo_file_metadata,X39n0705,
KR6k0127,A114n1511,佛說清淨毘奈耶最上大乘經,kanripo_file_metadata,A114n1511,
KR6k0143,X39n0708,毗尼珍敬錄,kanripo_file_metadata,X39n0708,
KR6k0144,X39n0712,四分律含注戒本疏發揮記,kanripo_file_metadata,X39n0712,
KR6k0145,X39n0713,四分律含注戒本疏科,kanripo_file_metadata,X39n0713,
KR6k0146,X39n0714,四分律含注戒本疏行宗記,kanripo_file_metadata,X39n0714,
KR6k0146,X40n0714,四分律含注戒本疏行宗記,kanripo_file_metadata,X40n0714,
KR6k0147,X40n0715,釋四分戒本序,kanripo_file_metadata,X40n0715,
KR6k0148,X40n0716,四分戒本緣起事義,kanripo_file_metadata,X40n0716,
KR6k0149,X40n0717,四分戒本如釋,kanripo_file_metadata,X40n0717,
KR6k0150,X40n0718,四分戒本約義,kanripo_file_metadata,X40n0718,
KR6k0151,X40n0719,重治毗尼事義集要,kanripo_file_metadata,X40n0719,
KR6k0152,X40n0720,毗尼關要,kanripo_file_metadata,X40n0720,
KR6k0153,X40n0721,毗尼關要事義,kanripo_file_metadata,X40n0721,
KR6k0154,X40n0723,四分比丘尼鈔科,kanripo_file_metadata,X40n0723,
KR6k0155,X40n0724,四分比丘尼鈔,kanripo_file_metadata,X40n0724,
KR6k0156,X40n0726,四分律隨機羯磨疏正源記,kanripo_file_metadata,X40n0726,
KR6k0157,X41n0727,四分律刪補隨機羯磨疏科,kanripo_file_metadata,X41n0727,
KR6k0158,X41n0728,四分律刪補隨機羯磨疏濟緣記,kanripo_file_metadata,X41n0728,
KR6k0159,X41n0729,羯磨經序解,kanripo_file_metadata,X41n0729,
KR6k0160,X41n0730,毗尼作持續釋,kanripo_file_metadata,X41n0730,
KR6k0161,X41n0731,四分律疏,kanripo_file_metadata,X41n0731,
KR6k0162,X41n0732,四分律搜玄錄,kanripo_file_metadata,X41n0732,
KR6k0163,X42n0733,四分律疏飾宗義記,kanripo_file_metadata,X42n0733,
KR6k0164,X42n0734,四分律疏,kanripo_file_metadata,X42n0734,
KR6k0165,X42n0735,四分律開宗記,kanripo_file_metadata,X42n0735,
KR6k0166,X42n0736,四分律行事鈔批,kanripo_file_metadata,X42n0736,
KR6k0167,X43n0737,四分律行事鈔簡正記,kanripo_file_metadata,X43n0737,
KR6k0168,X43n0738,四分律行事鈔科,kanripo_file_metadata,X43n0738,
KR6k0169,X44n0740,資持記序解并五例講義,kanripo_file_metadata,X44n0740,
KR6k0170,X44n0741,行事鈔諸家記標目,kanripo_file_metadata,X44n0741,
KR6k0171,X44n0742,資持記立題拾義,kanripo_file_metadata,X44n0742,
KR6k0172,X44n0743,毗尼討要,kanripo_file_metadata,X44n0743,
KR6k0173,X44n0744,四分律名義標釋,kanripo_file_metadata,X44n0744,
KR6k0174,X44n0745,四分律藏大小持戒犍度略釋,kanripo_file_metadata,X44n0745,
KR6k0175,X44n0746,四分律拾毗尼義鈔科,kanripo_file_metadata,X44n0746,
KR6k0176,X44n0747,四分律拾毗尼義鈔,kanripo_file_metadata,X44n0747,
KR6k0177,X44n0748,四分律拾毗尼義鈔輔要記,kanripo_file_metadata,X44n0748,
KR6k0187,X59n1102,佛制六物圖辯訛,kanripo_file_metadata,X59n1102,
KR6k0195,X39n0702,菩薩戒本箋要,kanripo_file_metadata,X39n0702,
KR6k0196,X39n0703,菩薩戒羯磨文釋,kanripo_file_metadata,X39n0703,
KR6k0200,X74n1489,吳中石佛相好懺儀,kanripo_file_metadata,X74n1489,
KR6k0201,X74n1490,舍利懺法,kanripo_file_metadata,X74n1490,
KR6k0202,X74n1495,慈悲道場水懺法隨聞錄,kanripo_file_metadata,X74n1495,
KR6k0203,X74n1496,慈悲道場水懺法科註,kanripo_file_metadata,X74n1496,
KR6k0204,X74n1497,法界聖凡水陸勝會修齋儀軌,kanripo_file_metadata,X74n1497,
KR6k0205,X74n1498,法界聖凡水陸大齋普利道場性相通論,kanripo_file_metadata,X74n1498,
KR6k0206,X74n1499,法界聖凡水陸大齋法輪寶懺,kanripo_file_metadata,X74n1499,
KR6k0207,X74n1504,南山祖師禮讚文,kanripo_file_metadata,X74n1504,
KR6k0208,X74n1505,南山祖師禮讚文,kanripo_file_metadata,X74n1505,
KR6k0209,X74n1506,南山祖師禮讚文,kanripo_file_metadata,X74n1506,
KR6k0210,X74n1507,大智律師禮讚文,kanripo_file_metadata,X74n1507,
KR6k0211,X59n1096,淨心誡觀法發真鈔,kanripo_file_metadata,X59n1096,
KR6k0212,X59n1098,衣鉢名義章,kanripo_file_metadata,X59n1098,
KR6k0213,X59n1099,新受戒比丘六念五觀法,kanripo_file_metadata,X59n1099,
KR6k0214,X59n1097,釋門章服儀應法記,kanripo_file_metadata,X59n1097,
KR6k0215,X59n1100,道具賦,kanripo_file_metadata,X59n1100,
KR6k0216,X59n1104,芝園遺編,kanripo_file_metadata,X59n1104,
KR6k0217,X59n1105,芝園集,kanripo_file_metadata,X59n1105,
KR6k0218,X59n1106,補續芝園集,kanripo_file_metadata,X59n1106,
KR6k0219,X59n1109,終南家業,kanripo_file_metadata,X59n1109,
KR6k0220,X60n1110,律宗會元,kanripo_file_metadata,X60n1110,
KR6k0221,X60n1111,蓬折直辨,kanripo_file_metadata,X60n1111,
KR6k0222,X60n1112,蓬折箴,kanripo_file_metadata,X60n1112,
KR6k0223,X39n0709,毗尼止持會集,kanripo_file_metadata,X39n0709,
KR6k0224,X60n1115,毗尼日用切要,kanripo_file_metadata,X60n1115,
KR6k0225,X60n1122,沙彌尼律儀要略,kanripo_file_metadata,X60n1122,
KR6k0226,X60n1128,傳戒正範,kanripo_file_metadata,X60n1128,
KR6k0227,X60n1116,毗尼日用切要香乳記,kanripo_file_metadata,X60n1116,
KR6k0228,X60n1119,沙彌律儀要略述義,kanripo_file_metadata,X60n1119,
KR6k0229,X60n1134,二部僧授戒儀式,kanripo_file_metadata,X60n1134,
KR6k0230,X60n1135,羯磨儀式,kanripo_file_metadata,X60n1135,
KR6k0231,X60n1117,沙門日用,kanripo_file_metadata,X60n1117,
KR6k0232,X60n1118,沙彌律儀要略增註,kanripo_file_metadata,X60n1118,
KR6k0233,X60n1129,歸戒要集,kanripo_file_metadata,X60n1129,
KR6k0234,X60n1130,八關齋法,kanripo_file_metadata,X60n1130,
KR6k0235,X60n1131,比丘受戒錄,kanripo_file_metadata,X60n1131,
KR6k0236,X60n1132,比丘尼受戒錄,kanripo_file_metadata,X60n1132,
KR6k0237,X60n1133,沙彌學戒儀軌頌註,kanripo_file_metadata,X60n1133,
KR6k0238,X74n1491,禮舍利塔儀式,kanripo_file_metadata,X74n1491,
KR6k0239,X74n1492,禮佛儀式,kanripo_file_metadata,X74n1492,
KR6k0240,X74n1493,供諸天科儀,kanripo_file_metadata,X74n1493,
KR6k0241,X44n0749,佛說齋經科註,kanripo_file_metadata,X44n0749,
KR6k0242,X60n1121,沙彌十戒威儀錄要,kanripo_file_metadata,X60n1121,
KR6k0243,X60n1123,在家律要廣集,kanripo_file_metadata,X60n1123,
KR6k0244,X60n1124,律要後集,kanripo_file_metadata,X60n1124,
KR6k0245,X60n1137,梵網經懺悔行法,kanripo_file_metadata,X60n1137,
KR6k0246,X60n1126,弘戒法儀,kanripo_file_metadata,X60n1126,
KR6k0247,X60n1127,傳授三壇弘戒法儀,kanripo_file_metadata,X60n1127,
KR6k0248,X59n1085,受菩薩戒儀,kanripo_file_metadata,X59n1085,
KR6k0249,X59n1086,授菩薩戒儀,kanripo_file_metadata,X59n1086,
KR6k0250,X59n1087,略授三歸五八戒並菩薩戒,kanripo_file_metadata,X59n1087,
KR6k0251,X59n1088,受菩薩戒法,kanripo_file_metadata,X59n1088,
KR6k0252,X59n1094,釋門歸敬儀護法記,kanripo_file_metadata,X59n1094,
KR6k0253,X59n1095,釋門歸敬儀通真記,kanripo_file_metadata,X59n1095,
KR6k0254,X59n1103,三衣顯正圖,kanripo_file_metadata,X59n1103,
KR6k0255,X59n1107,律宗新學名句,kanripo_file_metadata,X59n1107,
KR6k0256,X59n1108,律宗問答,kanripo_file_metadata,X59n1108,
KR6k0257,X60n1113,律苑事規,kanripo_file_metadata,X60n1113,
KR6k0258,X60n1114,毗尼日用錄,kanripo_file_metadata,X60n1114,
KR6k0259,X60n1120,沙彌律儀毗尼日用合參,kanripo_file_metadata,X60n1120,
KR6k0260,X60n1125,律學發軔,kanripo_file_metadata,X60n1125,
KR6k0261,X60n1136,經律戒相布薩軌儀,kanripo_file_metadata,X60n1136,
KR6k0262,X60n1138,戒殺四十八問,kanripo_file_metadata,X60n1138,
KR6k0263,X60n1139,體仁要術,kanripo_file_metadata,X60n1139,
KR6l0033,X53n0843,順正理論述文記,kanripo_file_metadata,X53n0843,
KR6l0037,X53n0836,俱舍論疏,kanripo_file_metadata,X53n0836,
KR6l0038,X53n0837,俱舍論法宗原,kanripo_file_metadata,X53n0837,
KR6l0039,X53n0838,俱舍論頌疏序記,kanripo_file_metadata,X53n0838,
KR6l0040,X53n0839,俱舍論頌疏義鈔,kanripo_file_metadata,X53n0839,
KR6l0041,X53n0841,俱舍論頌疏記,kanripo_file_metadata,X53n0841,
KR6l0042,X53n0842,俱舍論頌疏,kanripo_file_metadata,X53n0842,
KR6m0005,K41n1482,大乘中觀釋論,kanripo_file_metadata,K41n1482,
KR6m0025,X46n0788,掌珍論疏,kanripo_file_metadata,X46n0788,
KR6m0041,X54n0866,肇論疏,kanripo_file_metadata,X54n0866,
KR6m0042,X54n0868,肇論疏科,kanripo_file_metadata,X54n0868,
KR6m0043,X54n0869,夾科肇論序注,kanripo_file_metadata,X54n0869,
KR6m0044,X54n0870,注肇論疏,kanripo_file_metadata,X54n0870,
KR6m0045,X54n0872,肇論新疏游刃,kanripo_file_metadata,X54n0872,
KR6m0046,X54n0873,肇論略註,kanripo_file_metadata,X54n0873,
KR6m0047,X54n0878,物不遷正量證,kanripo_file_metadata,X54n0878,
KR6m0048,X54n0879,物不遷正量論,kanripo_file_metadata,X54n0879,
KR6m0049,X54n0880,物不遷論辯解,kanripo_file_metadata,X54n0880,
KR6m0050,X46n0784,大乘四論玄義,kanripo_file_metadata,X46n0784,
KR6m0051,X54n0876,三論略章,kanripo_file_metadata,X54n0876,
KR6n0013,X39n0704,地持論義記,kanripo_file_metadata,X39n0704,
KR6n0014,X47n0794,瑜伽論劫章頌,kanripo_file_metadata,X47n0794,
KR6n0015,A120n1565,瑜伽師地論義演,kanripo_file_metadata,A120n1565,
KR6n0015,A121n1565,瑜伽師地論義演,kanripo_file_metadata,A121n1565,
KR6n0033,X48n0806,成唯識論料簡,kanripo_file_metadata,X48n0806,
KR6n0034,X48n0808,成唯識論別抄,kanripo_file_metadata,X48n0808,
KR6n0035,X49n0810,成唯識論掌中樞要記,kanripo_file_metadata,X49n0810,
KR6n0036,X49n0812,成唯識論了義燈記,kanripo_file_metadata,X49n0812,
KR6n0037,X49n0814,成唯識論義蘊,kanripo_file_metadata,X49n0814,
KR6n0038,X49n0815,成唯識論疏義演,kanripo_file_metadata,X49n0815,
KR6n0039,X50n0816,成唯識論演秘釋,kanripo_file_metadata,X50n0816,
KR6n0040,X50n0817,註成唯識論,kanripo_file_metadata,X50n0817,
KR6n0041,X50n0818,成唯識論學記,kanripo_file_metadata,X50n0818,
KR6n0042,X50n0819,成唯識論疏抄,kanripo_file_metadata,X50n0819,
KR6n0043,X50n0820,成唯識論俗詮,kanripo_file_metadata,X50n0820,
KR6n0044,X50n0821,成唯識論集解,kanripo_file_metadata,X50n0821,
KR6n0045,X50n0822,成唯識論證義,kanripo_file_metadata,X50n0822,
KR6n0045,X51n0822,成唯識論證義,kanripo_file_metadata,X51n0822,
KR6n0046,X51n0823,成唯識論自攷,kanripo_file_metadata,X51n0823,
KR6n0047,X51n0824,成唯識論觀心法要,kanripo_file_metadata,X51n0824,
KR6n0048,X51n0825,成唯識論音響補遺科,kanripo_file_metadata,X51n0825,
KR6n0049,X51n0826,成唯識論音響補遺,kanripo_file_metadata,X51n0826,
KR6n0050,X51n0827,唯識三十論約意,kanripo_file_metadata,X51n0827,
KR6n0051,X51n0828,唯識三十論直解,kanripo_file_metadata,X51n0828,
KR6n0076,X48n0797,中邊分別論疏,kanripo_file_metadata,X48n0797,
KR6n0083,X48n0796,雜集論述記,kanripo_file_metadata,X48n0796,
KR6n0092,X46n0786,大乘法界無差別論疏領要鈔科,kanripo_file_metadata,X46n0786,
KR6n0093,X46n0787,大乘法界無差別論疏領要鈔,kanripo_file_metadata,X46n0787,
KR6n0099,U205n1368,大乘百法明門論疏,kanripo_file_metadata,U205n1368,
KR6n0100,L149n1629,大乘百法明門論註,kanripo_file_metadata,L149n1629,
KR6n0101,X48n0799,百法論顯幽鈔,kanripo_file_metadata,X48n0799,
KR6n0102,L153n1635,性相通說（選錄序文）,kanripo_file_metadata,L153n1635,
KR6n0103,X48n0802,百法明門論論義,kanripo_file_metadata,X48n0802,
KR6n0104,X48n0803,百法明門論纂,kanripo_file_metadata,X48n0803,
KR6n0105,X48n0804,百法明門論贅言,kanripo_file_metadata,X48n0804,
KR6n0106,X48n0805,百法明門論直解,kanripo_file_metadata,X48n0805,
KR6n0114,X51n0830,觀所緣緣論會釋,kanripo_file_metadata,X51n0830,
KR6n0115,X51n0831,觀所緣緣論直解,kanripo_file_metadata,X51n0831,
KR6n0116,X51n0832,觀所緣緣論釋記,kanripo_file_metadata,X51n0832,
KR6n0117,X51n0833,觀所緣緣論釋直解,kanripo_file_metadata,X51n0833,
KR6n0125,X55n0882,大乘法苑義林章補闕,kanripo_file_metadata,X55n0882,
KR6n0126,X55n0883,大乘法苑義林章決擇記,kanripo_file_metadata,X55n0883,
KR6n0132,X55n0890,八識規矩補註證義,kanripo_file_metadata,X55n0890,
KR6n0133,X55n0891,八識規矩略說,kanripo_file_metadata,X55n0891,
KR6n0134,X55n0892,八識規矩頌解,kanripo_file_metadata,X55n0892,
KR6n0135,X55n0893,八識規矩通說,kanripo_file_metadata,X55n0893,
KR6n0136,X55n0894,八識規矩纂釋,kanripo_file_metadata,X55n0894,
KR6n0137,X55n0895,八識規矩直解,kanripo_file_metadata,X55n0895,
KR6n0138,X55n0896,八識規矩淺說,kanripo_file_metadata,X55n0896,
KR6n0139,X55n0897,八識規矩頌注,kanripo_file_metadata,X55n0897,
KR6n0140,X55n0898,八識規矩論義,kanripo_file_metadata,X55n0898,
KR6n0141,X55n0884,表無表章栖翫記,kanripo_file_metadata,X55n0884,
KR6n0142,X55n0888,唯識開蒙問答,kanripo_file_metadata,X55n0888,
KR6n0143,X55n0899,相宗八要,kanripo_file_metadata,X55n0899,
KR6n0144,X55n0900,相宗八要解,kanripo_file_metadata,X55n0900,
KR6n0145,X55n0901,相宗八要直解,kanripo_file_metadata,X55n0901,
KR6n0146,X55n0902,一乘佛性究竟論,kanripo_file_metadata,X55n0902,
KR6o0020,X53n0847,因明入正理門論述記,kanripo_file_metadata,X53n0847,
KR6o0021,X53n0848,因明入正理論疏,kanripo_file_metadata,X53n0848,
KR6o0022,X53n0852,因明入正理論續疏,kanripo_file_metadata,X53n0852,
KR6o0023,X53n0853,因明入正理論疏前記,kanripo_file_metadata,X53n0853,
KR6o0024,X53n0854,因明入正理論疏後記,kanripo_file_metadata,X53n0854,
KR6o0025,X53n0855,因明入正理論疏抄,kanripo_file_metadata,X53n0855,
KR6o0026,X53n0856,因明入正理論解,kanripo_file_metadata,X53n0856,
KR6o0027,X53n0857,因明入正理論集解,kanripo_file_metadata,X53n0857,
KR6o0028,X53n0858,因明入正理論直疏,kanripo_file_metadata,X53n0858,
KR6o0029,X53n0859,因明入正理論直解,kanripo_file_metadata,X53n0859,
KR6o0034,X53n0860,判比量論,kanripo_file_metadata,X53n0860,
KR6o0035,X53n0861,三支比量義鈔,kanripo_file_metadata,X53n0861,
KR6o0036,X53n0862,真唯識量略解,kanripo_file_metadata,X53n0862,
KR6o0037,A119n1553,因明論理門十四過類疏,kanripo_file_metadata,A119n1553,
KR6o0071,X46n0777,金剛頂菩提心論略記,kanripo_file_metadata,X46n0777,
KR6o0085,X45n0770,釋摩訶衍論記,kanripo_file_metadata,X45n0770,
KR6o0086,X45n0771,釋摩訶衍論疏,kanripo_file_metadata,X45n0771,
KR6o0087,X45n0772,釋摩訶衍論贊玄疏,kanripo_file_metadata,X45n0772,
KR6o0088,X46n0773,釋摩訶衍論科,kanripo_file_metadata,X46n0773,
KR6o0089,X46n0774,釋摩訶衍論記,kanripo_file_metadata,X46n0774,
KR6o0090,X46n0775,釋摩訶衍論通玄鈔,kanripo_file_metadata,X46n0775,
KR6o0099,X46n0776,大宗地玄文本論略註,kanripo_file_metadata,X46n0776,
KR6o0102,J07nA123,起信論疏（選錄「科文」）,kanripo_file_metadata,J07nA123,
KR6o0103,L141n1600,大乘起信論疏,kanripo_file_metadata,L141n1600,
KR6o0110,X45n0754,起信論一心二門大意,kanripo_file_metadata,X45n0754,
KR6o0111,X45n0755,起信論義疏,kanripo_file_metadata,X45n0755,
KR6o0112,X45n0757,起信論疏記,kanripo_file_metadata,X45n0757,
KR6o0113,X45n0759,起信論同異集,kanripo_file_metadata,X45n0759,
KR6o0114,X45n0762,起信論纂註,kanripo_file_metadata,X45n0762,
KR6o0115,X45n0763,起信論捷要,kanripo_file_metadata,X45n0763,
KR6o0116,X45n0764,起信論續疏,kanripo_file_metadata,X45n0764,
KR6o0117,X45n0765,大乘起信論疏略,kanripo_file_metadata,X45n0765,
KR6o0118,X45n0766,起信論直解,kanripo_file_metadata,X45n0766,
KR6o0119,X45n0767,起信論疏記會閱卷首,kanripo_file_metadata,X45n0767,
KR6o0120,X45n0768,起信論疏記會閱,kanripo_file_metadata,X45n0768,
KR6p0001,X01n0005,無量壽經會譯,kanripo_file_metadata,X01n0005,
KR6p0002,X22n0397,無量壽經記,kanripo_file_metadata,X22n0397,
KR6p0003,X22n0400,無量壽經起信論,kanripo_file_metadata,X22n0400,
KR6p0004,X22n0401,摩訶阿彌陀經衷論,kanripo_file_metadata,X22n0401,
KR6p0005,X22n0405,釋觀無量壽佛經記,kanripo_file_metadata,X22n0405,
KR6p0006,X22n0406,觀無量壽經疏妙宗鈔科,kanripo_file_metadata,X22n0406,
KR6p0007,X22n0407,觀無量壽佛經疏妙宗鈔,kanripo_file_metadata,X22n0407,
KR6p0008,X22n0408,觀無量壽佛經融心解,kanripo_file_metadata,X22n0408,
KR6p0009,X22n0410,觀無量壽經扶新論,kanripo_file_metadata,X22n0410,
KR6p0010,X22n0411,觀無量壽經義疏正觀記,kanripo_file_metadata,X22n0411,
KR6p0011,X22n0412,觀無量壽佛經圖頌,kanripo_file_metadata,X22n0412,
KR6p0012,X22n0413,觀無量壽經直指疏,kanripo_file_metadata,X22n0413,
KR6p0013,X22n0414,觀無量壽佛經約論,kanripo_file_metadata,X22n0414,
KR6p0014,X01n0006,阿彌陀經異本,kanripo_file_metadata,X01n0006,
KR6p0015,X22n0420,阿彌陀經義疏聞持記,kanripo_file_metadata,X22n0420,
KR6p0016,X22n0421,阿彌陀經句解,kanripo_file_metadata,X22n0421,
KR6p0017,X22n0422,阿彌陀經略解,kanripo_file_metadata,X22n0422,
KR6p0018,X22n0423,阿彌陀經略解圓中鈔,kanripo_file_metadata,X22n0423,
KR6p0019,X22n0424,阿彌陀經疏鈔,kanripo_file_metadata,X22n0424,
KR6p0020,X22n0425,阿彌陀經疏鈔事義,kanripo_file_metadata,X22n0425,
KR6p0021,X22n0426,阿彌陀經疏鈔問辯,kanripo_file_metadata,X22n0426,
KR6p0022,X22n0427,阿彌陀經疏鈔演義,kanripo_file_metadata,X22n0427,
KR6p0023,X22n0428,阿彌陀經疏鈔擷,kanripo_file_metadata,X22n0428,
KR6p0024,X22n0429,阿彌陀經已決,kanripo_file_metadata,X22n0429,
KR6p0025,X22n0430,阿彌陀經要解便蒙鈔,kanripo_file_metadata,X22n0430,
KR6p0026,X22n0431,阿彌陀經略註,kanripo_file_metadata,X22n0431,
KR6p0027,X22n0432,阿彌陀經註,kanripo_file_metadata,X22n0432,
KR6p0028,X22n0433,阿彌陀經約論,kanripo_file_metadata,X22n0433,
KR6p0029,X22n0434,阿彌陀經直解正行,kanripo_file_metadata,X22n0434,
KR6p0030,X22n0435,阿彌陀經摘要易解,kanripo_file_metadata,X22n0435,
KR6p0031,X01n0011,佛說無量壽佛名號利益大事因緣經,kanripo_file_metadata,X01n0011,
KR6p0032,X01n0012,觀世音菩薩往生淨土本緣經,kanripo_file_metadata,X01n0012,
KR6p0033,X01n0013,念佛超脫輪迴捷徑經,kanripo_file_metadata,X01n0013,
KR6p0034,X01n0014,十往生阿彌陀佛國經,kanripo_file_metadata,X01n0014,
KR6p0035,X02n0205,佛說阿彌陀佛根本祕密神咒經,kanripo_file_metadata,X02n0205,
KR6p0051,X61n1149,注十疑論,kanripo_file_metadata,X61n1149,
KR6p0059,X61n1154,淨土指歸集,kanripo_file_metadata,X61n1154,
KR6p0060,X61n1155,淨土簡要錄,kanripo_file_metadata,X61n1155,
KR6p0061,X61n1156,歸元直指集,kanripo_file_metadata,X61n1156,
KR6p0062,X61n1157,淨土決,kanripo_file_metadata,X61n1157,
KR6p0063,X61n1158,答四十八問,kanripo_file_metadata,X61n1158,
KR6p0064,X61n1160,西方願文,kanripo_file_metadata,X61n1160,
KR6p0065,X61n1162,淨土資糧全集,kanripo_file_metadata,X61n1162,
KR6p0066,X61n1163,西方直指,kanripo_file_metadata,X61n1163,
KR6p0067,X61n1164,淨土十要,kanripo_file_metadata,X61n1164,
KR6p0068,X61n1165,西方合論標註,kanripo_file_metadata,X61n1165,
KR6p0069,X61n1166,淨慈要語,kanripo_file_metadata,X61n1166,
KR6p0070,X61n1167,淨土生無生論註,kanripo_file_metadata,X61n1167,
KR6p0071,X61n1168,淨土生無生論親聞記,kanripo_file_metadata,X61n1168,
KR6p0072,X62n1207,蓮邦詩選,kanripo_file_metadata,X62n1207,
KR6p0080,X02n0057,十二禮,kanripo_file_metadata,X02n0057,
KR6p0081,X74n1464,三時繫念佛事,kanripo_file_metadata,X74n1464,
KR6p0082,X74n1465,三時繫念儀範,kanripo_file_metadata,X74n1465,
KR6p0083,X74n1466,無量壽佛讚註,kanripo_file_metadata,X74n1466,
KR6p0084,X74n1467,禮念彌陀道場懺法,kanripo_file_metadata,X74n1467,
KR6p0085,X74n1468,西歸行儀,kanripo_file_metadata,X74n1468,
KR6p0086,X61n1145,西方要決科註,kanripo_file_metadata,X61n1145,
KR6p0087,X61n1161,西方發願文註,kanripo_file_metadata,X61n1161,
KR6p0088,X61n1169,淨土生無生論會集,kanripo_file_metadata,X61n1169,
KR6p0089,X62n1170,雲棲淨土彙語,kanripo_file_metadata,X62n1170,
KR6p0090,X62n1171,淨土旨訣,kanripo_file_metadata,X62n1171,
KR6p0091,X62n1172,淨土晨鐘,kanripo_file_metadata,X62n1172,
KR6p0092,X62n1173,西歸直指,kanripo_file_metadata,X62n1173,
KR6p0093,X62n1174,淨土警語,kanripo_file_metadata,X62n1174,
KR6p0094,X62n1175,起一心精進念佛七期規式,kanripo_file_metadata,X62n1175,
KR6p0095,X62n1176,淨土全書,kanripo_file_metadata,X62n1176,
KR6p0096,X62n1177,角虎集,kanripo_file_metadata,X62n1177,
KR6p0097,X62n1178,東海若解,kanripo_file_metadata,X62n1178,
KR6p0098,X62n1179,省菴法師語錄,kanripo_file_metadata,X62n1179,
KR6p0099,X62n1180,重訂西方公據,kanripo_file_metadata,X62n1180,
KR6p0100,X62n1181,念佛警策,kanripo_file_metadata,X62n1181,
KR6p0101,X62n1182,徹悟禪師語錄,kanripo_file_metadata,X62n1182,
KR6p0102,X62n1183,淨業知津,kanripo_file_metadata,X62n1183,
KR6p0103,X62n1184,念佛百問,kanripo_file_metadata,X62n1184,
KR6p0104,X62n1185,徑中徑又徑,kanripo_file_metadata,X62n1185,
KR6p0105,X62n1186,勸修淨土切要,kanripo_file_metadata,X62n1186,
KR6p0106,X62n1187,淨土隨學,kanripo_file_metadata,X62n1187,
KR6p0107,X62n1188,淨土必求,kanripo_file_metadata,X62n1188,
KR6p0108,X62n1189,淨土承恩集,kanripo_file_metadata,X62n1189,
KR6p0109,X62n1190,念佛三昧,kanripo_file_metadata,X62n1190,
KR6p0110,X62n1191,西方確指,kanripo_file_metadata,X62n1191,
KR6p0111,X62n1192,清珠集,kanripo_file_metadata,X62n1192,
KR6p0112,X62n1193,蓮邦消息,kanripo_file_metadata,X62n1193,
KR6p0113,X62n1194,淨土極信錄,kanripo_file_metadata,X62n1194,
KR6p0114,X62n1195,念佛起緣彌陀觀偈直解,kanripo_file_metadata,X62n1195,
KR6p0115,X62n1196,淨土證心集,kanripo_file_metadata,X62n1196,
KR6p0116,X62n1197,蓮宗必讀,kanripo_file_metadata,X62n1197,
KR6p0117,X62n1198,淨土神珠,kanripo_file_metadata,X62n1198,
KR6p0118,X62n1199,淨業痛策,kanripo_file_metadata,X62n1199,
KR6p0119,X62n1200,時時好念佛,kanripo_file_metadata,X62n1200,
KR6p0120,X62n1201,啟信雜說,kanripo_file_metadata,X62n1201,
KR6p0121,X62n1202,淨土紺珠,kanripo_file_metadata,X62n1202,
KR6p0122,X62n1203,修西輯要,kanripo_file_metadata,X62n1203,
KR6p0123,X62n1204,蓮修起信錄,kanripo_file_metadata,X62n1204,
KR6p0124,X62n1205,報恩論,kanripo_file_metadata,X62n1205,
KR6p0125,X62n1206,持名四十八法,kanripo_file_metadata,X62n1206,
KR6p0126,X62n1208,唯心集,kanripo_file_metadata,X62n1208,
KR6p0127,X62n1209,影響集,kanripo_file_metadata,X62n1209,
KR6p0128,X62n1210,二林唱和詩,kanripo_file_metadata,X62n1210,
KR6p0129,X62n1211,觀河集節鈔,kanripo_file_metadata,X62n1211,
KR6p0130,X62n1212,測海集節鈔,kanripo_file_metadata,X62n1212,
KR6p0131,X62n1213,瓊樓吟稿節鈔,kanripo_file_metadata,X62n1213,
KR6p0132,X62n1214,蓮修必讀,kanripo_file_metadata,X62n1214,
KR6p0133,X62n1215,普能嵩禪師淨土詩,kanripo_file_metadata,X62n1215,
KR6p0134,X62n1216,淨土救生船詩,kanripo_file_metadata,X62n1216,
KR6q0004,X78n1553,天聖廣燈錄,kanripo_file_metadata,X78n1553,
KR6q0005,X78n1554,五家正宗贊,kanripo_file_metadata,X78n1554,
KR6q0006,X78n1555,建中靖國續燈錄目錄,kanripo_file_metadata,X78n1555,
KR6q0007,X78n1556,建中靖國續燈錄,kanripo_file_metadata,X78n1556,
KR6q0008,X79n1557,聯燈會要,kanripo_file_metadata,X79n1557,
KR6q0009,X79n1558,嘉泰普燈錄總目錄,kanripo_file_metadata,X79n1558,
KR6q0010,X79n1559,嘉泰普燈錄,kanripo_file_metadata,X79n1559,
KR6q0011,X80n1564,五燈會元目錄,kanripo_file_metadata,X80n1564,
KR6q0012,X80n1565,五燈會元,kanripo_file_metadata,X80n1565,
KR6q0013,X80n1566,五燈會元續略,kanripo_file_metadata,X80n1566,
KR6q0014,X85n1593,禪宗正脉,kanripo_file_metadata,X85n1593,
KR6q0015,X83n1572,續傳燈錄目錄,kanripo_file_metadata,X83n1572,
KR6q0017,X83n1574,增集續傳燈錄,kanripo_file_metadata,X83n1574,
KR6q0018,X80n1567,五燈嚴統目錄,kanripo_file_metadata,X80n1567,
KR6q0019,X80n1568,五燈嚴統,kanripo_file_metadata,X80n1568,
KR6q0019,X81n1568,五燈嚴統,kanripo_file_metadata,X81n1568,
KR6q0020,X81n1569,五燈嚴統解惑編,kanripo_file_metadata,X81n1569,
KR6q0021,X81n1570,五燈全書目錄,kanripo_file_metadata,X81n1570,
KR6q0022,X81n1571,五燈全書,kanripo_file_metadata,X81n1571,
KR6q0022,X82n1571,五燈全書,kanripo_file_metadata,X82n1571,
KR6q0023,X83n1578,指月錄,kanripo_file_metadata,X83n1578,
KR6q0024,X84n1579,續指月錄,kanripo_file_metadata,X84n1579,
KR6q0025,X85n1592,揞黑豆集,kanripo_file_metadata,X85n1592,
KR6q0026,X84n1580,教外別傳,kanripo_file_metadata,X84n1580,
KR6q0027,X84n1582,續燈正統目錄,kanripo_file_metadata,X84n1582,
KR6q0028,X84n1583,續燈正統,kanripo_file_metadata,X84n1583,
KR6q0029,X84n1584,續燈存稿目錄,kanripo_file_metadata,X84n1584,
KR6q0030,X84n1585,續燈存稿,kanripo_file_metadata,X84n1585,
KR6q0031,X85n1586,正源略集目錄,kanripo_file_metadata,X85n1586,
KR6q0032,X85n1587,正源略集,kanripo_file_metadata,X85n1587,
KR6q0033,X85n1588,正源略集補遺,kanripo_file_metadata,X85n1588,
KR6q0034,X85n1589,錦江禪燈目錄,kanripo_file_metadata,X85n1589,
KR6q0035,X85n1590,錦江禪燈,kanripo_file_metadata,X85n1590,
KR6q0036,X85n1591,黔南會燈錄,kanripo_file_metadata,X85n1591,
KR6q0037,X86n1609,普陀列祖錄,kanripo_file_metadata,X86n1609,
KR6q0038,X86n1605,繼燈錄,kanripo_file_metadata,X86n1605,
KR6q0039,X86n1607,居士分燈錄,kanripo_file_metadata,X86n1607,
KR6q0040,X79n1560,禪林僧寶傳,kanripo_file_metadata,X79n1560,
KR6q0041,X79n1561,僧寶正續傳,kanripo_file_metadata,X79n1561,
KR6q0042,X79n1562,南宋元明禪林僧寶傳,kanripo_file_metadata,X79n1562,
KR6q0043,X84n1581,皇明名僧輯略,kanripo_file_metadata,X84n1581,
KR6q0044,X86n1606,建州弘釋錄,kanripo_file_metadata,X86n1606,
KR6q0045,X86n1608,八十八祖道影傳贊,kanripo_file_metadata,X86n1608,
KR6q0046,X87n1616,山菴雜錄,kanripo_file_metadata,X87n1616,
KR6q0047,X87n1617,正宗心印後續聯芳,kanripo_file_metadata,X87n1617,
KR6q0048,X87n1618,祖庭指南,kanripo_file_metadata,X87n1618,
KR6q0049,X87n1619,先覺集,kanripo_file_metadata,X87n1619,
KR6q0050,X87n1620,先覺宗乘,kanripo_file_metadata,X87n1620,
KR6q0051,X87n1621,優婆夷志,kanripo_file_metadata,X87n1621,
KR6q0052,J23nB125,先覺宗乘（選錄「帝王問道錄」）,kanripo_file_metadata,J23nB125,
KR6q0062,M059n1540,大慧普覺禪師普說,kanripo_file_metadata,M059n1540,
KR6q0063,J01nA042,大慧普覺禪師年譜,kanripo_file_metadata,J01nA042,
KR6q0112,X63n1217,菩提達磨大師略辨大乘入道四行觀,kanripo_file_metadata,X63n1217,
KR6q0113,X63n1218,達磨大師血脉論,kanripo_file_metadata,X63n1218,
KR6q0114,X63n1219,達磨大師悟性論,kanripo_file_metadata,X63n1219,
KR6q0115,X63n1220,達磨大師破相論,kanripo_file_metadata,X63n1220,
KR6q0116,X63n1222,修禪要訣,kanripo_file_metadata,X63n1222,
KR6q0117,X63n1223,頓悟入道要門論,kanripo_file_metadata,X63n1223,
KR6q0118,X63n1224,諸方門人參問語錄,kanripo_file_metadata,X63n1224,
KR6q0119,X63n1225,中華傳心地禪門師資承襲圖,kanripo_file_metadata,X63n1225,
KR6q0120,X63n1226,宗門十規論,kanripo_file_metadata,X63n1226,
KR6q0121,X63n1229,定慧相資歌,kanripo_file_metadata,X63n1229,
KR6q0122,X63n1230,警世,kanripo_file_metadata,X63n1230,
KR6q0123,X63n1231,心賦注,kanripo_file_metadata,X63n1231,
KR6q0124,X63n1232,智覺禪師自行錄,kanripo_file_metadata,X63n1232,
KR6q0125,X63n1233,祇園正儀,kanripo_file_metadata,X63n1233,
KR6q0126,X63n1234,臨濟宗旨,kanripo_file_metadata,X63n1234,
KR6q0127,X63n1235,智證傳,kanripo_file_metadata,X63n1235,
KR6q0128,X63n1236,(重編)曹洞五位顯訣,kanripo_file_metadata,X63n1236,
KR6q0129,X63n1237,寶鏡三昧本義,kanripo_file_metadata,X63n1237,
KR6q0130,X63n1238,寶鏡三昧原宗辨謬說,kanripo_file_metadata,X63n1238,
KR6q0131,X63n1239,溈山警策註,kanripo_file_metadata,X63n1239,
KR6q0132,X63n1240,溈山警策句釋記,kanripo_file_metadata,X63n1240,
KR6q0133,X63n1241,證道歌註,kanripo_file_metadata,X63n1241,
KR6q0134,X63n1242,永嘉禪宗集註,kanripo_file_metadata,X63n1242,
KR6q0135,X63n1244,百丈清規證義記,kanripo_file_metadata,X63n1244,
KR6q0136,X63n1245,(重雕補註)禪苑清規,kanripo_file_metadata,X63n1245,
KR6q0137,X63n1246,入眾日用,kanripo_file_metadata,X63n1246,
KR6q0138,X63n1247,入眾須知,kanripo_file_metadata,X63n1247,
KR6q0139,X63n1248,幻住庵清規,kanripo_file_metadata,X63n1248,
KR6q0140,X63n1249,叢林校定清規總要,kanripo_file_metadata,X63n1249,
KR6q0141,X63n1250,禪林備用清規,kanripo_file_metadata,X63n1250,
KR6q0142,X63n1251,叢林兩序須知,kanripo_file_metadata,X63n1251,
KR6q0143,X63n1252,禪林疏語考證,kanripo_file_metadata,X63n1252,
KR6q0144,X63n1253,初學記,kanripo_file_metadata,X63n1253,
KR6q0145,X63n1254,正行集,kanripo_file_metadata,X63n1254,
KR6q0146,X63n1255,禪家龜鑑,kanripo_file_metadata,X63n1255,
KR6q0147,X63n1256,宗門玄鑑圖,kanripo_file_metadata,X63n1256,
KR6q0148,X63n1257,博山禪警語,kanripo_file_metadata,X63n1257,
KR6q0149,X63n1258,禪宗直指,kanripo_file_metadata,X63n1258,
KR6q0150,X63n1259,禪門鍛鍊說,kanripo_file_metadata,X63n1259,
KR6q0151,X64n1260,列祖提綱錄,kanripo_file_metadata,X64n1260,
KR6q0152,X64n1261,祖庭事苑,kanripo_file_metadata,X64n1261,
KR6q0153,X64n1262,禪林寶訓音義,kanripo_file_metadata,X64n1262,
KR6q0154,X64n1263,禪林寶訓合註,kanripo_file_metadata,X64n1263,
KR6q0155,X64n1264,禪林寶訓拈頌,kanripo_file_metadata,X64n1264,
KR6q0156,X64n1265,禪林寶訓順硃,kanripo_file_metadata,X64n1265,
KR6q0157,X64n1266,禪林寶訓筆說,kanripo_file_metadata,X64n1266,
KR6q0158,X64n1268,叢林公論,kanripo_file_metadata,X64n1268,
KR6q0159,X64n1269,十牛圖頌,kanripo_file_metadata,X64n1269,
KR6q0160,X64n1270,十牛圖頌,kanripo_file_metadata,X64n1270,
KR6q0161,X64n1271,十牛圖和頌,kanripo_file_metadata,X64n1271,
KR6q0162,X64n1276,禪門寶藏錄,kanripo_file_metadata,X64n1276,
KR6q0163,J23nB128,普明禪師牧牛圖頌,kanripo_file_metadata,J23nB128,
KR6q0164,J23nB129,牧牛圖頌,kanripo_file_metadata,J23nB129,
KR6q0165,X65n1277,高峰龍泉院因師集賢語錄,kanripo_file_metadata,X65n1277,
KR6q0166,X65n1278,禪宗雜毒海,kanripo_file_metadata,X65n1278,
KR6q0167,X65n1279,五宗原,kanripo_file_metadata,X65n1279,
KR6q0168,X65n1280,闢妄救略說,kanripo_file_metadata,X65n1280,
KR6q0169,X65n1282,五家宗旨纂要,kanripo_file_metadata,X65n1282,
KR6q0170,X65n1283,宗範,kanripo_file_metadata,X65n1283,
KR6q0171,X65n1285,慨古錄,kanripo_file_metadata,X65n1285,
KR6q0172,X65n1286,祖庭鉗鎚錄,kanripo_file_metadata,X65n1286,
KR6q0173,X65n1287,千松筆記,kanripo_file_metadata,X65n1287,
KR6q0174,X65n1288,萬法歸心錄,kanripo_file_metadata,X65n1288,
KR6q0175,X65n1289,禪宗指掌,kanripo_file_metadata,X65n1289,
KR6q0176,X65n1290,觀心玄樞,kanripo_file_metadata,X65n1290,
KR6q0177,X65n1291,證道歌頌,kanripo_file_metadata,X65n1291,
KR6q0178,X65n1292,證道歌註,kanripo_file_metadata,X65n1292,
KR6q0179,X65n1293,證道歌註,kanripo_file_metadata,X65n1293,
KR6q0180,X65n1294,溈山警策註,kanripo_file_metadata,X65n1294,
KR6q0181,J20nB090,續原教論,kanripo_file_metadata,J20nB090,
KR6q0182,J20nB091,道餘錄,kanripo_file_metadata,J20nB091,
KR6q0183,J20nB095,蕅益三頌,kanripo_file_metadata,J20nB095,
KR6q0184,J20nB096,周易禪解,kanripo_file_metadata,J20nB096,
KR6q0185,J20nB097,天樂鳴空集,kanripo_file_metadata,J20nB097,
KR6q0186,J20nB098,黃蘗無念禪師復問,kanripo_file_metadata,J20nB098,
KR6q0187,J21nB110,護法錄,kanripo_file_metadata,J21nB110,
KR6q0188,J20nB103,寒山子詩集,kanripo_file_metadata,J20nB103,
KR6q0189,J23nB118,密藏開禪師遺稿,kanripo_file_metadata,J23nB118,
KR6q0190,J23nB120,闢邪集,kanripo_file_metadata,J23nB120,
KR6q0191,J23nB122,醒世錄,kanripo_file_metadata,J23nB122,
KR6q0192,J23nB127,無依道人錄,kanripo_file_metadata,J23nB127,
KR6q0193,J23nB135,石門文字禪,kanripo_file_metadata,J23nB135,
KR6q0194,J25nB159,天真毒峰善禪師要語,kanripo_file_metadata,J25nB159,
KR6q0195,J25nB164,曹溪一滴,kanripo_file_metadata,J25nB164,
KR6q0196,J25nB165,大巍禪師竹室集,kanripo_file_metadata,J25nB165,
KR6q0197,J25nB166,浮山法句,kanripo_file_metadata,J25nB166,
KR6q0198,J25nB167,徹庸和尚谷響集,kanripo_file_metadata,J25nB167,
KR6q0199,J26nB180,天童弘覺忞禪師北遊集,kanripo_file_metadata,J26nB180,
KR6q0200,J26nB181,布水臺集,kanripo_file_metadata,J26nB181,
KR6q0201,J27nB190,石雨禪師法檀,kanripo_file_metadata,J27nB190,
KR6q0202,J28nB207,古瓶山牧道者究心錄,kanripo_file_metadata,J28nB207,
KR6q0203,J28nB214,蕅益大師佛學十種（選錄「性學開蒙」．「梵室偶談」兩種）,kanripo_file_metadata,J28nB214,
KR6q0204,J28nB215,頌古合響集,kanripo_file_metadata,J28nB215,
KR6q0205,J28nB216,絕餘編,kanripo_file_metadata,J28nB216,
KR6q0206,J29nB225,鄂州龍光達夫禪師雞肋集,kanripo_file_metadata,J29nB225,
KR6q0207,J29nB226,頌古鉤鉅,kanripo_file_metadata,J29nB226,
KR6q0208,J29nB227,集文字禪,kanripo_file_metadata,J29nB227,
KR6q0209,J29nB245,高峰三山來禪師年譜,kanripo_file_metadata,J29nB245,
KR6q0210,J30nB259,怡山禮佛發願文略釋,kanripo_file_metadata,J30nB259,
KR6q0211,J30nB260,大懺悔文略解,kanripo_file_metadata,J30nB260,
KR6q0212,J31nB267,牧雲和尚嬾齋別集,kanripo_file_metadata,J31nB267,
KR6q0213,J31nB268,牧雲和尚宗本投機頌,kanripo_file_metadata,J31nB268,
KR6q0214,J32nB277,雲棲法彙（選錄）,kanripo_file_metadata,J32nB277,
KR6q0214,J33nB277,雲棲法彙（選錄）,kanripo_file_metadata,J33nB277,
KR6q0215,J33nB279,虛舟禪師註八識規矩頌,kanripo_file_metadata,J33nB279,
KR6q0216,J33nB283,天台三聖詩集和韻,kanripo_file_metadata,J33nB283,
KR6q0217,J33nB293,擬寒山詩,kanripo_file_metadata,J33nB293,
KR6q0218,J34nB295,學佛考訓,kanripo_file_metadata,J34nB295,
KR6q0219,J34nB296,漆園指通,kanripo_file_metadata,J34nB296,
KR6q0220,J34nB304,靈樹遠禪師雲嵒集,kanripo_file_metadata,J34nB304,
KR6q0221,J34nB311,天界覺浪盛禪師全錄,kanripo_file_metadata,J34nB311,
KR6q0222,J35nB325,解惑篇,kanripo_file_metadata,J35nB325,
KR6q0223,J35nB326,木人剩稿,kanripo_file_metadata,J35nB326,
KR6q0224,J35nB338,靈瑞尼祖揆符禪師妙湛錄,kanripo_file_metadata,J35nB338,
KR6q0225,J35nB339,靈瑞禪師嵒華集,kanripo_file_metadata,J35nB339,
KR6q0226,J36nB348,靈峰蕅益大師宗論,kanripo_file_metadata,J36nB348,
KR6q0227,J36nB351,道德經順硃,kanripo_file_metadata,J36nB351,
KR6q0228,J36nB354,錦屏破石卓禪師雜著,kanripo_file_metadata,J36nB354,
KR6q0229,J37nB384,憨休禪師敲空遺響,kanripo_file_metadata,J37nB384,
KR6q0230,J38nB416,調實居士證源錄,kanripo_file_metadata,J38nB416,
KR6q0231,J38nB425,即非禪師全錄,kanripo_file_metadata,J38nB425,
KR6q0232,J39nB439,高峰三山來禪師疏語,kanripo_file_metadata,J39nB439,
KR6q0233,J39nB445,別菴禪師同門錄,kanripo_file_metadata,J39nB445,
KR6q0234,J39nB458,正覺潤光澤禪師澡雪集,kanripo_file_metadata,J39nB458,
KR6q0235,J40nB480,一貫別傳,kanripo_file_metadata,J40nB480,
KR6q0236,J40nB481,古音王傳,kanripo_file_metadata,J40nB481,
KR6q0237,J40nB484,野雲映禪師宗統頌,kanripo_file_metadata,J40nB484,
KR6q0238,J40nB491,天寧法舟濟禪師剩語,kanripo_file_metadata,J40nB491,
KR6q0239,J40nB495,天然居士懷淨土詩,kanripo_file_metadata,J40nB495,
KR6q0240,J40nB497,鶴山禪師執帚集,kanripo_file_metadata,J40nB497,
KR6q0241,G084n2084,坐禪箴,kanripo_file_metadata,G084n2084,
KR6q0242,G084n2086,三根坐禪說,kanripo_file_metadata,G084n2086,
KR6q0243,X65n1295,禪宗頌古聯珠通集,kanripo_file_metadata,X65n1295,
KR6q0244,C078n1720,禪宗頌古聯珠通集,kanripo_file_metadata,C078n1720,
KR6q0245,X66n1296,宗門拈古彙集,kanripo_file_metadata,X66n1296,
KR6q0246,X66n1297,宗鑑法林,kanripo_file_metadata,X66n1297,
KR6q0247,X66n1298,禪門諸祖師偈頌,kanripo_file_metadata,X66n1298,
KR6q0248,X67n1299,禪林類聚,kanripo_file_metadata,X67n1299,
KR6q0249,X67n1301,佛果擊節錄,kanripo_file_metadata,X67n1301,
KR6q0250,X67n1302,焭絕老人天奇直註雪竇顯和尚頌古,kanripo_file_metadata,X67n1302,
KR6q0251,X67n1303,林泉老人評唱投子青和尚頌古空谷集,kanripo_file_metadata,X67n1303,
KR6q0252,X67n1304,林泉老人評唱丹霞淳禪師頌古虗堂集,kanripo_file_metadata,X67n1304,
KR6q0253,X67n1306,焭絕老人天奇直註天童覺和尚頌古,kanripo_file_metadata,X67n1306,
KR6q0254,X67n1307,萬松老人評唱天童覺和尚拈古請益錄,kanripo_file_metadata,X67n1307,
KR6q0255,X67n1308,徑石滴乳集,kanripo_file_metadata,X67n1308,
KR6q0256,X67n1309,正法眼藏,kanripo_file_metadata,X67n1309,
KR6q0257,X67n1310,拈八方珠玉集,kanripo_file_metadata,X67n1310,
KR6q0258,X67n1312,通玄百問,kanripo_file_metadata,X67n1312,
KR6q0259,X67n1313,青州百問,kanripo_file_metadata,X67n1313,
KR6q0260,X68n1314,古尊宿語錄目錄,kanripo_file_metadata,X68n1314,
KR6q0261,X68n1315,古尊宿語錄,kanripo_file_metadata,X68n1315,
KR6q0262,X68n1316,古尊宿語要目錄,kanripo_file_metadata,X68n1316,
KR6q0263,C077n1710,古尊宿語錄,kanripo_file_metadata,C077n1710,
KR6q0264,X68n1317,續古尊宿語要目錄,kanripo_file_metadata,X68n1317,
KR6q0265,X68n1318,續古尊宿語要,kanripo_file_metadata,X68n1318,
KR6q0266,X69n1320,四家語錄（序．引．跋）,kanripo_file_metadata,X69n1320,
KR6q0267,X69n1321,馬祖道一禪師廣錄（四家語錄卷一）,kanripo_file_metadata,X69n1321,
KR6q0268,X69n1322,百丈懷海禪師語錄（四家語錄卷二）,kanripo_file_metadata,X69n1322,
KR6q0269,X69n1323,百丈懷海禪師廣錄（四家語錄卷三）,kanripo_file_metadata,X69n1323,
KR6q0270,X69n1326,五家語錄（序）,kanripo_file_metadata,X69n1326,
KR6q0271,X69n1333,雪峰義存禪師語錄（真覺禪師語錄）,kanripo_file_metadata,X69n1333,
KR6q0272,X69n1335,善慧大士語錄,kanripo_file_metadata,X69n1335,
KR6q0273,X69n1336,龐居士語錄,kanripo_file_metadata,X69n1336,
KR6q0274,X69n1338,石霜楚圓禪師語錄,kanripo_file_metadata,X69n1338,
KR6q0275,X69n1339,瑯琊慧覺禪師語錄（序）,kanripo_file_metadata,X69n1339,
KR6q0276,X69n1340,黃龍四家錄（序）,kanripo_file_metadata,X69n1340,
KR6q0277,X69n1342,雲菴克文禪師語錄（敘．疏．附錄）,kanripo_file_metadata,X69n1342,
KR6q0278,X69n1343,寶覺祖心禪師語錄（黃龍四家錄第二）,kanripo_file_metadata,X69n1343,
KR6q0279,X69n1344,死心悟新禪師語錄（黃龍四家錄第三）,kanripo_file_metadata,X69n1344,
KR6q0280,X69n1345,超宗慧方禪師語錄（黃龍四家錄第四）,kanripo_file_metadata,X69n1345,
KR6q0281,X69n1346,雪峰慧空禪師語錄,kanripo_file_metadata,X69n1346,
KR6q0282,X69n1347,長靈守卓禪師語錄,kanripo_file_metadata,X69n1347,
KR6q0283,X69n1348,雪菴從瑾禪師頌古,kanripo_file_metadata,X69n1348,
KR6q0284,X69n1350,保寧仁勇禪師語錄,kanripo_file_metadata,X69n1350,
KR6q0285,X69n1351,白雲守端禪師語錄,kanripo_file_metadata,X69n1351,
KR6q0286,X69n1352,白雲守端禪師廣錄,kanripo_file_metadata,X69n1352,
KR6q0287,X69n1353,開福道寧禪師語錄,kanripo_file_metadata,X69n1353,
KR6q0288,X69n1354,月林師觀禪師語錄,kanripo_file_metadata,X69n1354,
KR6q0289,X69n1355,無門慧開禪師語錄,kanripo_file_metadata,X69n1355,
KR6q0290,X69n1356,普菴印肅禪師語錄,kanripo_file_metadata,X69n1356,
KR6q0291,X69n1357,佛果克勤禪師心要,kanripo_file_metadata,X69n1357,
KR6q0292,X69n1358,虎丘紹隆禪師語錄,kanripo_file_metadata,X69n1358,
KR6q0293,X69n1359,應菴曇華禪師語錄,kanripo_file_metadata,X69n1359,
KR6q0294,X69n1360,瞎堂慧遠禪師廣錄,kanripo_file_metadata,X69n1360,
KR6q0295,X69n1361,濟顛道濟禪師語錄,kanripo_file_metadata,X69n1361,
KR6q0296,X69n1362,普覺宗杲禪師語錄,kanripo_file_metadata,X69n1362,
KR6q0297,X69n1363,西山亮禪師語錄,kanripo_file_metadata,X69n1363,
KR6q0298,X69n1364,率菴梵琮禪師語錄,kanripo_file_metadata,X69n1364,
KR6q0299,X69n1365,北磵居簡禪師語錄,kanripo_file_metadata,X69n1365,
KR6q0300,X69n1366,物初大觀禪師語錄,kanripo_file_metadata,X69n1366,
KR6q0301,X69n1367,笑隱大訢禪師語錄,kanripo_file_metadata,X69n1367,
KR6q0302,X69n1368,偃溪廣聞禪師語錄,kanripo_file_metadata,X69n1368,
KR6q0303,X69n1369,大川普濟禪師語錄,kanripo_file_metadata,X69n1369,
KR6q0304,X69n1370,淮海原肇禪師語錄,kanripo_file_metadata,X69n1370,
KR6q0305,X69n1371,介石智朋禪師語錄,kanripo_file_metadata,X69n1371,
KR6q0306,X69n1372,無文道燦禪師語錄,kanripo_file_metadata,X69n1372,
KR6q0307,J23nB134,五家語錄（選錄）,kanripo_file_metadata,J23nB134,
KR6q0308,X70n1374,龍源介清禪師語錄,kanripo_file_metadata,X70n1374,
KR6q0309,X70n1375,曹源道生禪師語錄,kanripo_file_metadata,X70n1375,
KR6q0310,X70n1376,癡絕道冲禪師語錄,kanripo_file_metadata,X70n1376,
KR6q0311,X70n1377,松源崇嶽禪師語錄,kanripo_file_metadata,X70n1377,
KR6q0312,X70n1378,無明慧性禪師語錄,kanripo_file_metadata,X70n1378,
KR6q0313,X70n1379,運菴普巖禪師語錄,kanripo_file_metadata,X70n1379,
KR6q0314,X70n1381,破菴祖先禪師語錄,kanripo_file_metadata,X70n1381,
KR6q0315,X70n1382,無準師範禪師語錄,kanripo_file_metadata,X70n1382,
KR6q0316,X70n1383,無準和尚奏對語錄,kanripo_file_metadata,X70n1383,
KR6q0317,X70n1384,絕岸可湘禪師語錄,kanripo_file_metadata,X70n1384,
KR6q0318,X70n1385,樵隱悟逸禪師語錄,kanripo_file_metadata,X70n1385,
KR6q0319,X70n1386,石田法薰禪師語錄,kanripo_file_metadata,X70n1386,
KR6q0320,X70n1387,劍關子益禪師語錄,kanripo_file_metadata,X70n1387,
KR6q0321,X70n1388,環溪惟一禪師語錄,kanripo_file_metadata,X70n1388,
KR6q0322,X70n1389,希叟紹曇禪師語錄,kanripo_file_metadata,X70n1389,
KR6q0323,X70n1390,希叟紹曇禪師廣錄,kanripo_file_metadata,X70n1390,
KR6q0324,X70n1391,西巖了慧禪師語錄,kanripo_file_metadata,X70n1391,
KR6q0325,X70n1392,月磵禪師語錄,kanripo_file_metadata,X70n1392,
KR6q0326,X70n1393,平石如砥禪師語錄,kanripo_file_metadata,X70n1393,
KR6q0327,X70n1394,斷橋妙倫禪師語錄,kanripo_file_metadata,X70n1394,
KR6q0328,X70n1395,方山文寶禪師語錄,kanripo_file_metadata,X70n1395,
KR6q0329,X70n1396,無見先覩禪師語錄,kanripo_file_metadata,X70n1396,
KR6q0330,X70n1397,雪巖祖欽禪師語錄,kanripo_file_metadata,X70n1397,
KR6q0331,X70n1398,海印昭如禪師語錄,kanripo_file_metadata,X70n1398,
KR6q0332,X70n1399,石屋清洪禪師語錄,kanripo_file_metadata,X70n1399,
KR6q0333,X70n1400,高峰原妙禪師語錄,kanripo_file_metadata,X70n1400,
KR6q0334,X70n1401,高峰原妙禪師禪要,kanripo_file_metadata,X70n1401,
KR6q0335,X70n1402,天目明本禪師雜錄,kanripo_file_metadata,X70n1402,
KR6q0336,X70n1403,天如惟則禪師語錄,kanripo_file_metadata,X70n1403,
KR6q0337,X71n1404,兀菴普寧禪師語錄,kanripo_file_metadata,X71n1404,
KR6q0338,X71n1405,石溪心月禪師語錄,kanripo_file_metadata,X71n1405,
KR6q0339,X71n1406,石溪心月禪師雜錄,kanripo_file_metadata,X71n1406,
KR6q0340,X71n1407,虛舟普度禪師語錄,kanripo_file_metadata,X71n1407,
KR6q0341,X71n1408,即休契了禪師拾遺集,kanripo_file_metadata,X71n1408,
KR6q0342,X71n1409,月江正印禪師語錄,kanripo_file_metadata,X71n1409,
KR6q0343,X71n1410,曇芳守忠禪師語錄,kanripo_file_metadata,X71n1410,
KR6q0344,X71n1411,橫川行珙禪師語錄,kanripo_file_metadata,X71n1411,
KR6q0345,X71n1412,古林清茂禪師語錄,kanripo_file_metadata,X71n1412,
KR6q0346,X71n1413,古林清茂禪師拾遺偈頌,kanripo_file_metadata,X71n1413,
KR6q0347,X71n1414,了菴清欲禪師語錄,kanripo_file_metadata,X71n1414,
KR6q0348,X71n1415,穆菴文康禪師語錄,kanripo_file_metadata,X71n1415,
KR6q0349,X71n1416,恕中無慍禪師語錄,kanripo_file_metadata,X71n1416,
KR6q0350,X71n1417,了堂惟一禪師語錄,kanripo_file_metadata,X71n1417,
KR6q0351,X71n1418,呆菴普莊禪師語錄,kanripo_file_metadata,X71n1418,
KR6q0352,X71n1419,元叟行端禪師語錄,kanripo_file_metadata,X71n1419,
KR6q0353,X71n1420,楚石梵琦禪師語錄,kanripo_file_metadata,X71n1420,
KR6q0354,X71n1421,愚菴智及禪師語錄,kanripo_file_metadata,X71n1421,
KR6q0355,X71n1422,南石文琇禪師語錄,kanripo_file_metadata,X71n1422,
KR6q0356,X71n1423,投子義青禪師語錄,kanripo_file_metadata,X71n1423,
KR6q0357,X71n1424,投子義青禪師語錄,kanripo_file_metadata,X71n1424,
KR6q0358,X71n1425,丹霞子淳禪師語錄,kanripo_file_metadata,X71n1425,
KR6q0359,X71n1426,真歇清了禪師語錄,kanripo_file_metadata,X71n1426,
KR6q0360,X72n1428,淨慈慧暉禪師語錄,kanripo_file_metadata,X72n1428,
KR6q0361,X72n1431,雲外雲岫禪師語錄,kanripo_file_metadata,X72n1431,
KR6q0362,X72n1432,無明慧經禪師語錄,kanripo_file_metadata,X72n1432,
KR6q0363,X72n1433,晦臺元鏡禪師語錄,kanripo_file_metadata,X72n1433,
KR6q0364,X72n1434,見如元謐禪師語錄,kanripo_file_metadata,X72n1434,
KR6q0365,X72n1435,無異元來禪師廣錄,kanripo_file_metadata,X72n1435,
KR6q0366,X72n1436,博山無異大禪語錄集要,kanripo_file_metadata,X72n1436,
KR6q0367,X72n1437,永覺元賢禪師廣錄,kanripo_file_metadata,X72n1437,
KR6q0368,X72n1438,為霖道霈禪師秉拂語錄,kanripo_file_metadata,X72n1438,
KR6q0369,X72n1439,為霖道霈禪師餐香錄,kanripo_file_metadata,X72n1439,
KR6q0370,X72n1440,為霖道霈禪師還山錄,kanripo_file_metadata,X72n1440,
KR6q0371,X72n1441,為霖禪師雲山法會錄,kanripo_file_metadata,X72n1441,
KR6q0372,X72n1442,為霖禪師旅泊菴稿,kanripo_file_metadata,X72n1442,
KR6q0373,X72n1443,宗寶道獨禪師語錄,kanripo_file_metadata,X72n1443,
KR6q0374,X72n1444,湛然圓澄禪師語錄,kanripo_file_metadata,X72n1444,
KR6q0375,X73n1445,玄沙師備禪師廣錄,kanripo_file_metadata,X73n1445,
KR6q0376,X73n1446,玄沙師備禪師語錄,kanripo_file_metadata,X73n1446,
KR6q0377,X73n1447,薦福承古禪師語錄,kanripo_file_metadata,X73n1447,
KR6q0378,X73n1448,法昌倚遇禪師語錄,kanripo_file_metadata,X73n1448,
KR6q0379,X73n1449,吳山淨端禪師語錄,kanripo_file_metadata,X73n1449,
KR6q0380,X73n1450,慧林宗本禪師別錄,kanripo_file_metadata,X73n1450,
KR6q0381,X73n1451,慈受懷深禪師廣錄,kanripo_file_metadata,X73n1451,
KR6q0382,X73n1452,紫柏尊者全集,kanripo_file_metadata,X73n1452,
KR6q0383,X73n1453,紫柏尊者別集,kanripo_file_metadata,X73n1453,
KR6q0384,X73n1454,雲谷和尚語錄,kanripo_file_metadata,X73n1454,
KR6q0385,X73n1455,聖箭堂述古,kanripo_file_metadata,X73n1455,
KR6q0386,X73n1456,憨山老人夢遊集,kanripo_file_metadata,X73n1456,
KR6q0387,X73n1457,雲門麥浪懷禪師宗門設難,kanripo_file_metadata,X73n1457,
KR6q0388,X73n1458,宗門寶積錄（序．凡例．目錄）,kanripo_file_metadata,X73n1458,
KR6q0389,J22nB116,憨山老人夢遊全集,kanripo_file_metadata,J22nB116,
KR6q0390,J10nA158,密雲禪師語錄,kanripo_file_metadata,J10nA158,
KR6q0391,J24nB137,趙州和尚語錄,kanripo_file_metadata,J24nB137,
KR6q0392,J24nB138,雲門匡真禪師語錄,kanripo_file_metadata,J24nB138,
KR6q0393,J25nB154,松隱唯菴然和尚語錄,kanripo_file_metadata,J25nB154,
KR6q0394,J25nB155,無趣老人語錄,kanripo_file_metadata,J25nB155,
KR6q0395,J25nB156,無幻禪師語錄,kanripo_file_metadata,J25nB156,
KR6q0396,J25nB163,古庭禪師語錄輯略,kanripo_file_metadata,J25nB163,
KR6q0397,J25nB171,天隱和尚語錄,kanripo_file_metadata,J25nB171,
KR6q0398,J25nB173,壽昌無明和尚語錄,kanripo_file_metadata,J25nB173,
KR6q0399,J25nB174,天界覺浪盛禪師語錄,kanripo_file_metadata,J25nB174,
KR6q0400,J25nB175,大溈五峰學禪師語錄,kanripo_file_metadata,J25nB175,
KR6q0401,J25nB176,大溈密印寺養拙明禪師語錄,kanripo_file_metadata,J25nB176,
KR6q0402,J26nB177,破山禪師語錄,kanripo_file_metadata,J26nB177,
KR6q0403,J26nB178,費隱禪師語錄,kanripo_file_metadata,J26nB178,
KR6q0404,J26nB182,萬如禪師語錄,kanripo_file_metadata,J26nB182,
KR6q0405,J26nB183,雪竇石奇禪師語錄,kanripo_file_metadata,J26nB183,
KR6q0406,J26nB184,牧雲和尚七會語錄,kanripo_file_metadata,J26nB184,
KR6q0407,J26nB185,浮石禪師語錄,kanripo_file_metadata,J26nB185,
KR6q0408,J26nB186,林野奇禪師語錄,kanripo_file_metadata,J26nB186,
KR6q0409,J26nB187,天岸昇禪師語錄,kanripo_file_metadata,J26nB187,
KR6q0410,J26nB188,入就瑞白禪師語錄,kanripo_file_metadata,J26nB188,
KR6q0411,J27nB189,三宜盂禪師語錄,kanripo_file_metadata,J27nB189,
KR6q0412,J27nB191,象田即念禪師語錄,kanripo_file_metadata,J27nB191,
KR6q0413,J27nB192,大休珠禪師語錄,kanripo_file_metadata,J27nB192,
KR6q0414,J27nB193,隱元禪師語錄,kanripo_file_metadata,J27nB193,
KR6q0415,J27nB194,昭覺丈雪醉禪師語錄,kanripo_file_metadata,J27nB194,
KR6q0416,J27nB196,鴛湖用禪師語錄,kanripo_file_metadata,J27nB196,
KR6q0417,J27nB197,博山無異大師語錄集要,kanripo_file_metadata,J27nB197,
KR6q0418,J27nB198,雪關禪師語錄,kanripo_file_metadata,J27nB198,
KR6q0419,J27nB199,雪關和尚語錄,kanripo_file_metadata,J27nB199,
KR6q0420,J27nB200,石霜爾瞻尊禪師語錄,kanripo_file_metadata,J27nB200,
KR6q0421,J28nB202,百癡禪師語錄,kanripo_file_metadata,J28nB202,
KR6q0422,J28nB203,雲峨喜禪師語錄,kanripo_file_metadata,J28nB203,
KR6q0423,J28nB204,斌雅禪師語錄,kanripo_file_metadata,J28nB204,
KR6q0424,J28nB205,介為舟禪師語錄,kanripo_file_metadata,J28nB205,
KR6q0425,J28nB206,笑堂和尚語錄,kanripo_file_metadata,J28nB206,
KR6q0426,J28nB208,古雪哲禪師語錄,kanripo_file_metadata,J28nB208,
KR6q0427,J28nB209,永濟融禪師語錄,kanripo_file_metadata,J28nB209,
KR6q0428,J28nB210,伏獅祇園禪師語錄,kanripo_file_metadata,J28nB210,
KR6q0429,J28nB211,季總徹禪師語錄,kanripo_file_metadata,J28nB211,
KR6q0430,J28nB212,二隱謐禪師語錄,kanripo_file_metadata,J28nB212,
KR6q0431,J28nB213,芝巖秀禪師語錄,kanripo_file_metadata,J28nB213,
KR6q0432,J28nB218,懶石聆禪師語錄,kanripo_file_metadata,J28nB218,
KR6q0433,J28nB219,紫竹林顓愚衡和尚語錄,kanripo_file_metadata,J28nB219,
KR6q0434,J28nB220,法璽印禪師語錄,kanripo_file_metadata,J28nB220,
KR6q0435,J28nB221,楞嚴法璽印禪師語錄,kanripo_file_metadata,J28nB221,
KR6q0436,J29nB222,夔州臥龍字水禪師語錄,kanripo_file_metadata,J29nB222,
KR6q0437,J29nB223,山暉禪師語錄,kanripo_file_metadata,J29nB223,
KR6q0438,J29nB224,嵩山野竹禪師錄,kanripo_file_metadata,J29nB224,
KR6q0439,J29nB229,法瀾澂禪師語錄,kanripo_file_metadata,J29nB229,
KR6q0440,J29nB230,天王水鑑海和尚六會錄,kanripo_file_metadata,J29nB230,
KR6q0441,J29nB231,天王水鑑海和尚五會錄,kanripo_file_metadata,J29nB231,
KR6q0442,J29nB232,天王水鑑海和尚住金粟語錄,kanripo_file_metadata,J29nB232,
KR6q0443,J29nB233,介菴進禪師語錄,kanripo_file_metadata,J29nB233,
KR6q0444,J29nB234,一初元禪師語錄,kanripo_file_metadata,J29nB234,
KR6q0445,J29nB235,蓮月禪師語錄,kanripo_file_metadata,J29nB235,
KR6q0446,J29nB236,玉泉蓮月正禪師語錄,kanripo_file_metadata,J29nB236,
KR6q0447,J29nB237,月幢了禪師語錄,kanripo_file_metadata,J29nB237,
KR6q0448,J29nB238,聚雲吹萬真禪師語錄,kanripo_file_metadata,J29nB238,
KR6q0449,J29nB239,吹萬禪師語錄,kanripo_file_metadata,J29nB239,
KR6q0450,J29nB240,慶忠鐵壁機禪師語錄,kanripo_file_metadata,J29nB240,
KR6q0451,J29nB241,慶忠鐵壁機禪師語錄,kanripo_file_metadata,J29nB241,
KR6q0452,J29nB242,鐵眉三巴掌禪師語錄,kanripo_file_metadata,J29nB242,
KR6q0453,J29nB243,耳庵嵩禪師語錄,kanripo_file_metadata,J29nB243,
KR6q0454,J29nB244,三山來禪師語錄,kanripo_file_metadata,J29nB244,
KR6q0455,J29nB246,嘉興退菴斷愚智禪師語錄,kanripo_file_metadata,J29nB246,
KR6q0456,J29nB247,普光坦菴禪師語錄,kanripo_file_metadata,J29nB247,
KR6q0457,J29nB248,達變權禪師語錄,kanripo_file_metadata,J29nB248,
KR6q0458,J29nB249,方融璽禪師語錄,kanripo_file_metadata,J29nB249,
KR6q0459,J32nB272,明州天童景德禪寺宏智覺禪師語錄,kanripo_file_metadata,J32nB272,
KR6q0460,J32nB273,千巖和尚語錄,kanripo_file_metadata,J32nB273,
KR6q0461,J32nB275,興善南明廣禪師語錄,kanripo_file_metadata,J32nB275,
KR6q0462,J32nB276,不會禪師語錄,kanripo_file_metadata,J32nB276,
KR6q0463,J33nB280,神鼎雲外澤禪師語錄,kanripo_file_metadata,J33nB280,
KR6q0464,J33nB281,壇溪梓舟船禪師語錄,kanripo_file_metadata,J33nB281,
KR6q0465,J33nB282,虛舟省禪師語錄,kanripo_file_metadata,J33nB282,
KR6q0466,J33nB284,益州嵩山野竹禪師後錄,kanripo_file_metadata,J33nB284,
KR6q0467,J33nB285,兜率不磷堅禪師語錄,kanripo_file_metadata,J33nB285,
KR6q0468,J33nB286,攖寧靜禪師語錄,kanripo_file_metadata,J33nB286,
KR6q0469,J33nB287,自閒覺禪師語錄,kanripo_file_metadata,J33nB287,
KR6q0470,J33nB288,憨予暹禪師語錄,kanripo_file_metadata,J33nB288,
KR6q0471,J33nB294,雲溪俍亭挺禪師語錄,kanripo_file_metadata,J33nB294,
KR6q0472,J34nB298,屾峰憲禪師語錄,kanripo_file_metadata,J34nB298,
KR6q0473,J34nB299,三峰藏和尚語錄,kanripo_file_metadata,J34nB299,
KR6q0474,J34nB300,朝宗禪師語錄,kanripo_file_metadata,J34nB300,
KR6q0475,J34nB301,南嶽繼起和尚語錄,kanripo_file_metadata,J34nB301,
KR6q0476,J34nB303,燮雲璣禪師國清無畏堂語錄,kanripo_file_metadata,J34nB303,
KR6q0477,J34nB305,國清大庾韜禪師語錄,kanripo_file_metadata,J34nB305,
KR6q0478,J34nB306,內紹種禪師語錄,kanripo_file_metadata,J34nB306,
KR6q0479,J34nB308,象崖珽禪師語錄,kanripo_file_metadata,J34nB308,
KR6q0480,J34nB309,雲腹智禪師語錄,kanripo_file_metadata,J34nB309,
KR6q0481,J34nB310,雲叟住禪師語錄,kanripo_file_metadata,J34nB310,
KR6q0482,J34nB312,天界覺浪盛禪師嘉禾語錄,kanripo_file_metadata,J34nB312,
KR6q0483,J34nB313,青原愚者智禪師語錄,kanripo_file_metadata,J34nB313,
KR6q0484,J35nB336,南海寶象林慧弓詗禪師語錄,kanripo_file_metadata,J35nB336,
KR6q0485,J35nB337,寶持總禪師語錄,kanripo_file_metadata,J35nB337,
KR6q0486,J35nB340,慧覺衣禪師語錄,kanripo_file_metadata,J35nB340,
KR6q0487,J35nB341,佛語御禪師語錄,kanripo_file_metadata,J35nB341,
KR6q0488,J35nB342,華嚴聖可禪師語錄,kanripo_file_metadata,J35nB342,
KR6q0489,J35nB343,廣福山勝覺寺密印禪師語錄,kanripo_file_metadata,J35nB343,
KR6q0490,J36nB345,蘇州竹庵衍禪師語錄,kanripo_file_metadata,J36nB345,
KR6q0491,J36nB346,古林如禪師語錄,kanripo_file_metadata,J36nB346,
KR6q0492,J36nB352,東山破峰重禪師語錄,kanripo_file_metadata,J36nB352,
KR6q0493,J36nB353,雲幻宸禪師語錄,kanripo_file_metadata,J36nB353,
KR6q0494,J36nB355,綠蘿恒秀林禪師語錄,kanripo_file_metadata,J36nB355,
KR6q0495,J36nB356,奇然智禪師語錄,kanripo_file_metadata,J36nB356,
KR6q0496,J36nB357,秀野林禪師語錄,kanripo_file_metadata,J36nB357,
KR6q0497,J36nB358,智覃正禪師語錄,kanripo_file_metadata,J36nB358,
KR6q0498,J36nB359,百愚禪師語錄,kanripo_file_metadata,J36nB359,
KR6q0499,J36nB362,觀濤奇禪師語錄,kanripo_file_metadata,J36nB362,
KR6q0500,J36nB363,文穆念禪師語錄,kanripo_file_metadata,J36nB363,
KR6q0501,J36nB364,佛古聞禪師語錄,kanripo_file_metadata,J36nB364,
KR6q0502,J36nB365,石璞質禪師語錄,kanripo_file_metadata,J36nB365,
KR6q0503,J36nB366,大方禪師語錄,kanripo_file_metadata,J36nB366,
KR6q0504,J36nB367,寂光豁禪師語錄,kanripo_file_metadata,J36nB367,
KR6q0505,J36nB368,天台通玄寺獨朗禪師語錄,kanripo_file_metadata,J36nB368,
KR6q0506,J36nB369,蔗菴範禪師語錄,kanripo_file_metadata,J36nB369,
KR6q0507,J37nB370,草堂耨雲實禪師語錄,kanripo_file_metadata,J37nB370,
KR6q0508,J37nB371,佛冤禪師語錄,kanripo_file_metadata,J37nB371,
KR6q0509,J37nB372,印心佛敏訥禪師語錄,kanripo_file_metadata,J37nB372,
KR6q0510,J37nB383,憨休禪師語錄,kanripo_file_metadata,J37nB383,
KR6q0511,J37nB386,遠菴僼禪師語錄,kanripo_file_metadata,J37nB386,
KR6q0512,J37nB387,古宿尊禪師語錄,kanripo_file_metadata,J37nB387,
KR6q0513,J37nB388,神鼎一揆禪師語錄,kanripo_file_metadata,J37nB388,
KR6q0514,J37nB389,洪山俞昭允汾禪師語錄,kanripo_file_metadata,J37nB389,
KR6q0515,J37nB390,北京楚林禪師語錄,kanripo_file_metadata,J37nB390,
KR6q0516,J37nB391,長目電禪師語錄,kanripo_file_metadata,J37nB391,
KR6q0517,J37nB392,寒松操禪師語錄,kanripo_file_metadata,J37nB392,
KR6q0518,J37nB393,華巖還初佛禪師語錄,kanripo_file_metadata,J37nB393,
KR6q0519,J37nB394,翼菴禪師語錄,kanripo_file_metadata,J37nB394,
KR6q0520,J37nB395,荊南內護國寺啟真誠禪師語錄,kanripo_file_metadata,J37nB395,
KR6q0521,J37nB396,終南山蟠龍子肅禪師語錄,kanripo_file_metadata,J37nB396,
KR6q0522,J37nB399,鶴林天樹植禪師語錄,kanripo_file_metadata,J37nB399,
KR6q0523,J37nB400,知空蘊禪師語錄,kanripo_file_metadata,J37nB400,
KR6q0524,J37nB401,浦峰長明炅禪師語錄,kanripo_file_metadata,J37nB401,
KR6q0525,J37nB402,浦峰法柱棟禪師語錄,kanripo_file_metadata,J37nB402,
KR6q0526,J38nB406,廬山天然禪師語錄,kanripo_file_metadata,J38nB406,
KR6q0527,J38nB407,千山剩人禪師語錄,kanripo_file_metadata,J38nB407,
KR6q0528,J38nB408,海幢阿字無禪師語錄,kanripo_file_metadata,J38nB408,
KR6q0529,J38nB409,丹霞澹歸禪師語錄,kanripo_file_metadata,J38nB409,
KR6q0530,J38nB410,蓮峰禪師語錄,kanripo_file_metadata,J38nB410,
KR6q0531,J38nB411,德風禪師般若語錄,kanripo_file_metadata,J38nB411,
KR6q0532,J38nB412,三塔主峰禪師語錄,kanripo_file_metadata,J38nB412,
KR6q0533,J38nB413,黃蓮東巖禪師語錄,kanripo_file_metadata,J38nB413,
KR6q0534,J38nB414,山鐸真在禪師語錄,kanripo_file_metadata,J38nB414,
KR6q0535,J38nB415,大悲妙雲禪師語錄,kanripo_file_metadata,J38nB415,
KR6q0536,J38nB417,天則能禪師語錄,kanripo_file_metadata,J38nB417,
KR6q0537,J38nB418,晦嶽旭禪師語錄,kanripo_file_metadata,J38nB418,
KR6q0538,J38nB419,華嚴不厭樂禪師語錄,kanripo_file_metadata,J38nB419,
KR6q0539,J38nB420,三峰半水元禪師語錄,kanripo_file_metadata,J38nB420,
KR6q0540,J38nB421,鶴峰禪師語錄,kanripo_file_metadata,J38nB421,
KR6q0541,J38nB422,林我禪師語錄,kanripo_file_metadata,J38nB422,
KR6q0542,J38nB423,石關禪師語錄,kanripo_file_metadata,J38nB423,
KR6q0543,J38nB424,香嚴禪師語錄,kanripo_file_metadata,J38nB424,
KR6q0544,J38nB427,青城竹浪生禪師語錄,kanripo_file_metadata,J38nB427,
KR6q0545,J38nB428,密行忍禪師語錄,kanripo_file_metadata,J38nB428,
KR6q0546,J38nB429,盛京奉天般若古林禪師語錄,kanripo_file_metadata,J38nB429,
KR6q0547,J38nB430,玉泉其白富禪師語錄,kanripo_file_metadata,J38nB430,
KR6q0548,J38nB431,雲峰體宗寧禪師語錄,kanripo_file_metadata,J38nB431,
KR6q0549,J38nB432,幻住明禪師語錄,kanripo_file_metadata,J38nB432,
KR6q0550,J38nB433,純備德禪師語錄,kanripo_file_metadata,J38nB433,
KR6q0551,J38nB434,法幢遠禪師語錄,kanripo_file_metadata,J38nB434,
KR6q0552,J39nB435,伏獅義公禪師語錄,kanripo_file_metadata,J39nB435,
KR6q0553,J39nB436,參同一揆禪師語錄,kanripo_file_metadata,J39nB436,
KR6q0554,J39nB438,衡山禪師語錄,kanripo_file_metadata,J39nB438,
KR6q0555,J39nB440,高峰喬松億禪師語錄,kanripo_file_metadata,J39nB440,
KR6q0556,J39nB441,萬峰童真禪師語錄,kanripo_file_metadata,J39nB441,
KR6q0557,J39nB442,大笑崇禪師語錄,kanripo_file_metadata,J39nB442,
KR6q0558,J39nB443,玉眉亮禪師語錄,kanripo_file_metadata,J39nB443,
KR6q0559,J39nB444,卓峰玨禪師語錄,kanripo_file_metadata,J39nB444,
KR6q0560,J39nB446,靈隱文禪師語錄,kanripo_file_metadata,J39nB446,
KR6q0561,J39nB447,東山梅溪度禪師語錄,kanripo_file_metadata,J39nB447,
KR6q0562,J39nB448,靈機禪師語錄,kanripo_file_metadata,J39nB448,
KR6q0563,J39nB449,祖亮啟禪師語錄,kanripo_file_metadata,J39nB449,
KR6q0564,J39nB450,敏樹禪師語錄,kanripo_file_metadata,J39nB450,
KR6q0565,J39nB451,赤松領禪師語錄,kanripo_file_metadata,J39nB451,
KR6q0566,J39nB452,侶巖荷禪師語錄,kanripo_file_metadata,J39nB452,
KR6q0567,J39nB453,元潔瑩禪師語錄,kanripo_file_metadata,J39nB453,
KR6q0568,J39nB454,頻吉祥禪師語錄,kanripo_file_metadata,J39nB454,
KR6q0569,J39nB455,通天逸叟高禪師語錄,kanripo_file_metadata,J39nB455,
KR6q0570,J39nB456,通天澹崖原禪師語錄,kanripo_file_metadata,J39nB456,
KR6q0571,J39nB457,白雲象林本真禪師語錄,kanripo_file_metadata,J39nB457,
KR6q0572,J39nB459,香巖洗心水禪師語錄,kanripo_file_metadata,J39nB459,
KR6q0573,J39nB460,灤州萬善暉州昊禪師語錄,kanripo_file_metadata,J39nB460,
KR6q0574,J39nB461,性空臻禪師語錄,kanripo_file_metadata,J39nB461,
KR6q0575,J39nB462,何一自禪師語錄,kanripo_file_metadata,J39nB462,
KR6q0576,J39nB463,溈山古梅冽禪師語錄,kanripo_file_metadata,J39nB463,
KR6q0577,J39nB464,華嚴起宗真禪師語錄,kanripo_file_metadata,J39nB464,
KR6q0578,J39nB465,子雍如禪師語錄,kanripo_file_metadata,J39nB465,
KR6q0579,J39nB466,山西柏山楷禪師語錄,kanripo_file_metadata,J39nB466,
KR6q0580,J39nB468,善一純禪師語錄,kanripo_file_metadata,J39nB468,
KR6q0581,J39nB469,善權位禪師語錄,kanripo_file_metadata,J39nB469,
KR6q0582,J39nB470,天一悅禪師語錄,kanripo_file_metadata,J39nB470,
KR6q0583,J39nB471,空谷道澄禪師語錄,kanripo_file_metadata,J39nB471,
KR6q0584,J40nB472,大博乾禪師語錄,kanripo_file_metadata,J40nB472,
KR6q0585,J40nB473,盤山朗空順禪師語錄,kanripo_file_metadata,J40nB473,
KR6q0586,J40nB474,盤山了宗禪師語錄,kanripo_file_metadata,J40nB474,
KR6q0587,J40nB475,逕庭宗禪師語錄,kanripo_file_metadata,J40nB475,
KR6q0588,J40nB476,別牧純禪師語錄,kanripo_file_metadata,J40nB476,
KR6q0589,J40nB477,天翼翔禪師語錄,kanripo_file_metadata,J40nB477,
KR6q0590,J40nB478,雲山燕居申禪師語錄,kanripo_file_metadata,J40nB478,
KR6q0591,J40nB479,昭覺竹峰續禪師語錄,kanripo_file_metadata,J40nB479,
KR6q0592,J40nB483,竺峰敏禪師語錄,kanripo_file_metadata,J40nB483,
KR6q0593,J40nB485,普門顯禪師語錄,kanripo_file_metadata,J40nB485,
KR6q0594,J40nB486,鑑堂一禪師語錄,kanripo_file_metadata,J40nB486,
KR6q0595,J40nB487,翠崖必禪師語錄,kanripo_file_metadata,J40nB487,
KR6q0596,J40nB488,斗南暐禪師語錄,kanripo_file_metadata,J40nB488,
KR6q0597,J40nB490,博山粟如瀚禪師語錄,kanripo_file_metadata,J40nB490,
KR6q0598,J40nB492,萬峰和尚語錄,kanripo_file_metadata,J40nB492,
KR6q0599,J40nB493,磬山牧亭樸夫拙禪師語錄,kanripo_file_metadata,J40nB493,
KR6q0600,J40nB494,雨山和尚語錄,kanripo_file_metadata,J40nB494,
KR6q0601,L153n1637,幻有傳禪師語錄,kanripo_file_metadata,L153n1637,
KR6q0602,L153n1638,雪嶠信禪師語錄,kanripo_file_metadata,L153n1638,
KR6q0602,L154n1638,雪嶠信禪師語錄,kanripo_file_metadata,L154n1638,
KR6q0603,L154n1639,天隱修禪師語錄,kanripo_file_metadata,L154n1639,
KR6q0604,L154n1640,密雲悟禪師語錄,kanripo_file_metadata,L154n1640,
KR6q0605,L154n1641,大覺普濟能仁琇國師語錄,kanripo_file_metadata,L154n1641,
KR6q0606,L155n1642,明道正覺森禪師語錄,kanripo_file_metadata,L155n1642,
KR6q0607,L155n1643,弘覺忞禪師語錄,kanripo_file_metadata,L155n1643,
KR6q0608,L157n1649,山茨際禪師語錄,kanripo_file_metadata,L157n1649,
KR6q0609,L158n1652,明覺聰禪師語錄,kanripo_file_metadata,L158n1652,
KR6r0006,X02n0207,十六大羅漢因果識見頌,kanripo_file_metadata,X02n0207,
KR6r0008,X53n0844,異部宗輪論疏述記,kanripo_file_metadata,X53n0844,
KR6r0017,X75n1512,隆興編年通論,kanripo_file_metadata,X75n1512,
KR6r0018,X75n1513,釋門正統,kanripo_file_metadata,X75n1513,
KR6r0019,X75n1515,續佛祖統紀,kanripo_file_metadata,X75n1515,
KR6r0020,X76n1516,釋氏通鑑,kanripo_file_metadata,X76n1516,
KR6r0021,X76n1517,歷朝釋氏資鑑,kanripo_file_metadata,X76n1517,
KR6r0022,X77n1521,(古今圖書集成)釋教部彙考,kanripo_file_metadata,X77n1521,
KR6r0023,X88n1668,西藏剌麻溯源,kanripo_file_metadata,X88n1668,
KR6r0024,X88n1671,東國僧尼錄,kanripo_file_metadata,X88n1671,
KR6r0027,X75n1508,釋迦如來成道記,kanripo_file_metadata,X75n1508,
KR6r0028,X75n1509,釋迦如來成道記註,kanripo_file_metadata,X75n1509,
KR6r0029,X75n1510,釋迦如來行蹟頌,kanripo_file_metadata,X75n1510,
KR6r0030,X75n1511,釋迦如來應化錄,kanripo_file_metadata,X75n1511,
KR6r0037,T50n2047,龍樹菩薩傳,kanripo_file_metadata,T50n2047,
KR6r0048,X88n1651,玄奘三藏師資傳叢書,kanripo_file_metadata,X88n1651,
KR6r0049,X88n1654,惠果和尚行狀,kanripo_file_metadata,X88n1654,
KR6r0050,X88n1655,得依釋序文緣起,kanripo_file_metadata,X88n1655,
KR6r0061,X77n1522,新修科分六學僧傳,kanripo_file_metadata,X77n1522,
KR6r0062,X77n1523,名僧傳抄,kanripo_file_metadata,X77n1523,
KR6r0063,X77n1524,補續高僧傳,kanripo_file_metadata,X77n1524,
KR6r0064,X77n1526,武林西湖高僧事略,kanripo_file_metadata,X77n1526,
KR6r0065,X77n1527,續武林西湖高僧事略,kanripo_file_metadata,X77n1527,
KR6r0069,X77n1535,智者大師別傳註,kanripo_file_metadata,X77n1535,
KR6r0070,X78n1539,法華靈驗傳,kanripo_file_metadata,X78n1539,
KR6r0071,X78n1540,法華經顯應錄,kanripo_file_metadata,X78n1540,
KR6r0072,X78n1541,法華經持驗記,kanripo_file_metadata,X78n1541,
KR6r0073,X78n1542,觀音經持驗記,kanripo_file_metadata,X78n1542,
KR6r0077,X78n1543,東林十八高賢傳,kanripo_file_metadata,X78n1543,
KR6r0078,X78n1546,新修往生傳,kanripo_file_metadata,X78n1546,
KR6r0079,X78n1547,諸上善人詠,kanripo_file_metadata,X78n1547,
KR6r0080,X78n1549,淨土聖賢錄,kanripo_file_metadata,X78n1549,
KR6r0082,X78n1551,西舫彙征,kanripo_file_metadata,X78n1551,
KR6r0083,X78n1552,修西聞見錄,kanripo_file_metadata,X78n1552,
KR6r0086,X77n1530,法界宗五祖略記,kanripo_file_metadata,X77n1530,
KR6r0087,X77n1532,華嚴經感應略記,kanripo_file_metadata,X77n1532,
KR6r0088,X77n1533,華嚴感應緣起傳,kanripo_file_metadata,X77n1533,
KR6r0089,X77n1534,華嚴經持驗記,kanripo_file_metadata,X77n1534,
KR6r0090,X79n1563,大光明藏,kanripo_file_metadata,X79n1563,
KR6r0091,X83n1576,雪堂行拾遺錄,kanripo_file_metadata,X83n1576,
KR6r0092,X83n1577,羅湖野錄,kanripo_file_metadata,X83n1577,
KR6r0093,X86n1610,雲臥紀譚,kanripo_file_metadata,X86n1610,
KR6r0094,X86n1611,叢林盛事,kanripo_file_metadata,X86n1611,
KR6r0095,X87n1612,人天寶鑑,kanripo_file_metadata,X87n1612,
KR6r0096,X87n1613,枯崖漫錄,kanripo_file_metadata,X87n1613,
KR6r0097,X87n1614,禪苑蒙求瑤林,kanripo_file_metadata,X87n1614,
KR6r0098,X87n1615,禪苑蒙求拾遺,kanripo_file_metadata,X87n1615,
KR6r0099,P154n1519,宗門統要正續集,kanripo_file_metadata,P154n1519,
KR6r0099,P155n1519,宗門統要正續集,kanripo_file_metadata,P155n1519,
KR6r0103,X85n1594,佛祖綱目,kanripo_file_metadata,X85n1594,
KR6r0104,X86n1595,佛祖正傳古今捷錄,kanripo_file_metadata,X86n1595,
KR6r0105,X86n1600,宗統編年,kanripo_file_metadata,X86n1600,
KR6r0106,X86n1596,南嶽單傳記,kanripo_file_metadata,X86n1596,
KR6r0107,X86n1597,定應大師布袋和尚傳,kanripo_file_metadata,X86n1597,
KR6r0108,X86n1598,曹溪大師別傳,kanripo_file_metadata,X86n1598,
KR6r0109,X86n1599,永明道蹟,kanripo_file_metadata,X86n1599,
KR6r0110,X86n1601,禪燈世譜,kanripo_file_metadata,X86n1601,
KR6r0111,X86n1602,佛祖宗派世譜,kanripo_file_metadata,X86n1602,
KR6r0112,X86n1603,緇門世譜,kanripo_file_metadata,X86n1603,
KR6r0113,X86n1604,法門鋤究,kanripo_file_metadata,X86n1604,
KR6r0114,X87n1622,朝鮮禪教考,kanripo_file_metadata,X87n1622,
KR6r0156,X87n1623,釋氏蒙求,kanripo_file_metadata,X87n1623,
KR6r0157,X87n1624,林間錄,kanripo_file_metadata,X87n1624,
KR6r0158,X87n1625,林間錄後集,kanripo_file_metadata,X87n1625,
KR6r0159,X87n1626,高僧摘要,kanripo_file_metadata,X87n1626,
KR6r0160,X87n1627,緇門崇行錄,kanripo_file_metadata,X87n1627,
KR6r0161,X87n1628,佛法金湯編,kanripo_file_metadata,X87n1628,
KR6r0162,X88n1640,心性罪福因緣集,kanripo_file_metadata,X88n1640,
KR6r0163,X88n1641,見聞錄,kanripo_file_metadata,X88n1641,
KR6r0164,X88n1642,現果隨錄,kanripo_file_metadata,X88n1642,
KR6r0165,X88n1643,兜率龜鏡集,kanripo_file_metadata,X88n1643,
KR6r0166,X88n1644,觀音慈林集,kanripo_file_metadata,X88n1644,
KR6r0167,X88n1645,六道集,kanripo_file_metadata,X88n1645,
KR6r0168,X88n1648,冥報記輯書,kanripo_file_metadata,X88n1648,
KR6r0169,X88n1649,名公法喜志,kanripo_file_metadata,X88n1649,
KR6r0170,X88n1656,伯亭大師傳記總帙,kanripo_file_metadata,X88n1656,
KR6r0171,X88n1658,重編諸天傳,kanripo_file_metadata,X88n1658,
KR6r0172,X88n1666,佛祖心燈,kanripo_file_metadata,X88n1666,
KR6r0173,X88n1667,宗教律諸宗演派,kanripo_file_metadata,X88n1667,
KR6r0174,X87n1629,金剛般若經集驗記,kanripo_file_metadata,X87n1629,
KR6r0175,X87n1630,金剛經鳩異,kanripo_file_metadata,X87n1630,
KR6r0176,X87n1631,金剛經受持感應錄,kanripo_file_metadata,X87n1631,
KR6r0177,X87n1632,金剛經感應傳,kanripo_file_metadata,X87n1632,
KR6r0178,X87n1633,金剛經新異錄,kanripo_file_metadata,X87n1633,
KR6r0179,X87n1634,金剛經靈驗傳,kanripo_file_metadata,X87n1634,
KR6r0180,X87n1635,金剛經持驗記,kanripo_file_metadata,X87n1635,
KR6r0181,X87n1636,金剛經感應分類輯要,kanripo_file_metadata,X87n1636,
KR6r0182,X87n1638,地藏菩薩像靈驗記,kanripo_file_metadata,X87n1638,
KR6r0183,X88n1660,(古今圖書集成)神異典二氏部彙考,kanripo_file_metadata,X88n1660,
KR6r0184,X88n1661,(古今圖書集成)神異典釋教部紀事,kanripo_file_metadata,X88n1661,
KR6r0185,X88n1646,居士傳,kanripo_file_metadata,X88n1646,
KR6r0186,X88n1657,善女人傳,kanripo_file_metadata,X88n1657,
KR6s0006,J21nB109,大藏一覽,kanripo_file_metadata,J21nB109,
KR6s0008,P189n1630,教乘法數（選錄序文）,kanripo_file_metadata,P189n1630,
KR6s0009,L162n1666,重訂教乘法數（選錄序文）,kanripo_file_metadata,L162n1666,
KR6s0010,C056n1163,一切經音義,kanripo_file_metadata,C056n1163,
KR6s0010,C057n1163,一切經音義,kanripo_file_metadata,C057n1163,
KR6s0011,A091n1066,新譯大方廣佛華嚴經音義,kanripo_file_metadata,A091n1066,
KR6s0012,K32n1064,新譯大方廣佛華嚴經音義,kanripo_file_metadata,K32n1064,
KR6s0015,K34n1257,新集藏經音義隨函錄,kanripo_file_metadata,K34n1257,
KR6s0015,K35n1257,新集藏經音義隨函錄,kanripo_file_metadata,K35n1257,
KR6s0016,C059n1169,紹興重雕大藏音,kanripo_file_metadata,C059n1169,
KR6s0017,J19nB048,北京五大部直音會韻,kanripo_file_metadata,J19nB048,
KR6s0057,K35n1258,御製蓮華心輪迴文偈頌,kanripo_file_metadata,K35n1258,
KR6s0058,K35n1259,御製秘藏詮,kanripo_file_metadata,K35n1259,
KR6s0059,K35n1260,御製逍遙詠,kanripo_file_metadata,K35n1260,
KR6s0060,K35n1261,御製緣識,kanripo_file_metadata,K35n1261,
KR6s0061,C073n1679,御製佛賦,kanripo_file_metadata,C073n1679,
KR6s0062,C073n1680,御製詮源歌,kanripo_file_metadata,C073n1680,
KR6s0063,P178n1610,大明太宗文皇帝御製序讚文,kanripo_file_metadata,P178n1610,
KR6s0064,P178n1611,諸佛世尊如來菩薩尊者神僧名經,kanripo_file_metadata,P178n1611,
KR6s0064,P179n1611,諸佛世尊如來菩薩尊者神僧名經,kanripo_file_metadata,P179n1611,
KR6s0065,P179n1612,諸佛世尊如來菩薩尊者名稱歌曲,kanripo_file_metadata,P179n1612,
KR6s0065,P180n1612,諸佛世尊如來菩薩尊者名稱歌曲,kanripo_file_metadata,P180n1612,
KR6s0065,P181n1612,諸佛世尊如來菩薩尊者名稱歌曲,kanripo_file_metadata,P181n1612,
KR6s0066,G083n2073,大明太宗文皇帝御製文殊讚,kanripo_file_metadata,G083n2073,
KR6s0067,G083n2075,御製釋迦牟尼佛讚,kanripo_file_metadata,G083n2075,
KR6s0068,X65n1281,御製揀魔辨異錄,kanripo_file_metadata,X65n1281,
KR6s0069,X68n1319,御選語錄,kanripo_file_metadata,X68n1319,
KR6s0070,L164n1668,御錄宗鏡大綱,kanripo_file_metadata,L164n1668,
KR6s0071,L164n1669,御錄經海一滴,kanripo_file_metadata,L164n1669,
KR6s0075,L153n1636,莊子內篇註,kanripo_file_metadata,L153n1636,
KR6s0076,F29n1098,高上玉皇本行集經髓,kanripo_file_metadata,F29n1098,
KR6s0077,F29n1099,無上玉皇心印經,kanripo_file_metadata,F29n1099,
KR6s0095,A097n1276,大唐開元釋教廣品歷章,kanripo_file_metadata,A097n1276,
KR6s0095,A098n1276,大唐開元釋教廣品歷章,kanripo_file_metadata,A098n1276,
KR6s0099,A110n1499,天聖釋教總錄,kanripo_file_metadata,A110n1499,
KR6s0100,A111n1501,大中祥符法寶錄,kanripo_file_metadata,A111n1501,
KR6s0100,A112n1501,大中祥符法寶錄,kanripo_file_metadata,A112n1501,
KR6s0101,A112n1502,景祐新修法寶錄,kanripo_file_metadata,A112n1502,
KR6s0102,L143n1608,大藏聖教法寶標目,kanripo_file_metadata,L143n1608,
KR6s0103,C106n1937,大明重刊三藏聖教目錄,kanripo_file_metadata,C106n1937,
KR6s0104,J31nB271,閱藏知津,kanripo_file_metadata,J31nB271,
KR6s0104,J32nB271,閱藏知津,kanripo_file_metadata,J32nB271,
KR6s0133,K38n1402,高麗國新雕大藏校正別錄,kanripo_file_metadata,K38n1402,
KR6v0002,W01n0001,天竺國菩提達摩禪師論,kanripo_file_metadata,W01n0001,
KR6v0003,W01n0002,禪策問答,kanripo_file_metadata,W01n0002,
KR6v0004,W01n0003,息諍論,kanripo_file_metadata,W01n0003,
KR6v0005,W01n0004,八種粗重犯墮,kanripo_file_metadata,W01n0004,
KR6v0006,W01n0005,天請問經疏,kanripo_file_metadata,W01n0005,
KR6v0007,W01n0006,《行事鈔》中分門圖錄,kanripo_file_metadata,W01n0006,
KR6v0008,W01n0007,《阿毗達磨俱舍論實義疏》,kanripo_file_metadata,W01n0007,
KR6v0009,W01n0008,佛為心王菩薩說頭陀經（附註疏）,kanripo_file_metadata,W01n0008,
KR6v0010,W01n0009,佛說孝順子修行成佛經,kanripo_file_metadata,W01n0009,
KR6v0011,W01n0010,最妙勝定經,kanripo_file_metadata,W01n0010,
KR6v0012,W01n0011,佛說水月光觀音菩薩經,kanripo_file_metadata,W01n0011,
KR6v0013,W01n0012,佛說金剛經纂,kanripo_file_metadata,W01n0012,
KR6v0014,W01n0013,大方廣華嚴十惡品經,kanripo_file_metadata,W01n0013,
KR6v0015,W01n0014,天公經,kanripo_file_metadata,W01n0014,
KR6v0016,W01n0014,佛說天公經,kanripo_file_metadata,W01n0014,
KR6v0017,W01n0014,天公經,kanripo_file_metadata,W01n0014,
KR6v0018,W01n0015,大般涅槃摩耶夫人品經,kanripo_file_metadata,W01n0015,
KR6v0019,W01n0015,大般涅槃經佛母品,kanripo_file_metadata,W01n0015,
KR6v0020,W01n0015,大般涅槃經佛母品,kanripo_file_metadata,W01n0015,
KR6v0021,W01n0015,大般涅槃經佛為摩耶夫人說偈品經,kanripo_file_metadata,W01n0015,
KR6v0022,W01n0016,關於《禪藏》與敦煌禪籍的若干問題,kanripo_file_metadata,W01n0016,
KR6v0023,W02n0017,七祖法寶記下卷,kanripo_file_metadata,W02n0017,
KR6v0024,W02n0018,天竺國菩提達摩禪師論,kanripo_file_metadata,W02n0018,
KR6v0025,W02n0018,天竺國菩提達摩禪師論,kanripo_file_metadata,W02n0018,
KR6v0026,W02n0019,淨名經集解關中疏卷上,kanripo_file_metadata,W02n0019,
KR6v0027,W02n0020,法華經文外義,kanripo_file_metadata,W02n0020,
KR6v0028,W02n0021,諦義證得經,kanripo_file_metadata,W02n0021,
KR6v0029,W02n0022,《瑜伽師地論》披尋記敘,kanripo_file_metadata,W02n0022,
KR6v0030,W03n0023,菩薩總持法,kanripo_file_metadata,W03n0023,
KR6v0031,W03n0024,大乘起世論,kanripo_file_metadata,W03n0024,
KR6v0032,W03n0025,淨名經集解關中疏卷下,kanripo_file_metadata,W03n0025,
KR6v0033,W03n0026,因緣心論頌,kanripo_file_metadata,W03n0026,
KR6v0034,W03n0027,因緣心論釋,kanripo_file_metadata,W03n0027,
KR6v0035,W03n0028,因緣心釋論開決記,kanripo_file_metadata,W03n0028,
KR6v0036,W03n0029,金剛般若經疏,kanripo_file_metadata,W03n0029,
KR6v0037,W03n0030,瑜伽論卷第十四手記,kanripo_file_metadata,W03n0030,
KR6v0038,W03n0031,佛說觀佛三昧海經本行品第八,kanripo_file_metadata,W03n0031,
KR6v0039,W03n0031,佛說相好經,kanripo_file_metadata,W03n0031,
KR6v0040,W03n0031,佛說觀佛三昧海藏經本行品第八,kanripo_file_metadata,W03n0031,
KR6v0041,W03n0031,佛說相好經,kanripo_file_metadata,W03n0031,
KR6v0042,W03n0031,觀佛三昧海經本行品第八,kanripo_file_metadata,W03n0031,
KR6v0043,W03n0032,《金藏》新資料考,kanripo_file_metadata,W03n0032,
KR6v0044,W04n0033,入菩薩行論廣解,kanripo_file_metadata,W04n0033,
KR6v0045,W04n0034,大藏佛說守護大千國土經,kanripo_file_metadata,W04n0034,
KR6v0046,W04n0035,六道輪迴圖偈頌,kanripo_file_metadata,W04n0035,
KR6v0047,W04n0036,父母恩重經變經文偈頌,kanripo_file_metadata,W04n0036,
KR6v0048,W04n0037,大方便佛報恩經變經文偈頌,kanripo_file_metadata,W04n0037,
KR6v0049,W04n0038,三聖御制佛牙贊,kanripo_file_metadata,W04n0038,
KR6v0050,W04n0039,觀經變像經文偈頌,kanripo_file_metadata,W04n0039,
KR6v0051,W04n0040,地獄變經文偈頌,kanripo_file_metadata,W04n0040,
KR6v0052,W04n0041,佛性問答,kanripo_file_metadata,W04n0041,
KR6v0053,W04n0042,大乘無盡藏法,kanripo_file_metadata,W04n0042,
KR6v0054,W04n0043,佛在金棺上囑累經,kanripo_file_metadata,W04n0043,
KR6v0055,W04n0043,如來在金棺囑累清淨莊嚴敬福經,kanripo_file_metadata,W04n0043,
KR6v0056,W04n0044,傳善無畏所譯三部密教儀軌出處及年代考,kanripo_file_metadata,W04n0044,
KR6v0057,W05n0045,小誦,kanripo_file_metadata,W05n0045,
KR6v0058,W05n0046,即興自說,kanripo_file_metadata,W05n0046,
KR6v0059,W05n0047,大隧道本生,kanripo_file_metadata,W05n0047,
KR6v0060,W05n0048,大念處經,kanripo_file_metadata,W05n0048,
KR6v0061,W05n0049,瑜伽師地開釋分門記,kanripo_file_metadata,W05n0049,
KR6v0062,W05n0050,天台教典入藏考,kanripo_file_metadata,W05n0050,
KR6v0063,W06n0051,楞嚴解冤釋結道場儀,kanripo_file_metadata,W06n0051,
KR6v0064,W06n0052,地藏慈悲救苦薦福利生道場儀,kanripo_file_metadata,W06n0052,
KR6v0065,W06n0053,銷釋金剛經科儀,kanripo_file_metadata,W06n0053,
KR6v0066,W06n0054,廣施無遮道場儀,kanripo_file_metadata,W06n0054,
KR6v0067,W06n0055,大黑天神道場儀,kanripo_file_metadata,W06n0055,
KR6v0068,W06n0056,進新譯大方廣佛花嚴經表,kanripo_file_metadata,W06n0056,
KR6v0069,W06n0057,雲南阿吒力教經典及其在中國佛教研究中的價值,kanripo_file_metadata,W06n0057,
KR6v0070,W07n0058,注心要法門,kanripo_file_metadata,W07n0058,
KR6v0071,W07n0059,姚和上金剛五禮一本,kanripo_file_metadata,W07n0059,
KR6v0072,W07n0059,金剛五禮,kanripo_file_metadata,W07n0059,
KR6v0073,W07n0060,金剛禮,kanripo_file_metadata,W07n0060,
KR6v0074,W07n0061,護國司南抄,kanripo_file_metadata,W07n0061,
KR6v0075,W07n0062,佛說消災延壽藥師灌頂章句儀,kanripo_file_metadata,W07n0062,
KR6v0076,W07n0063,淨度三昧經,kanripo_file_metadata,W07n0063,
KR6v0077,W07n0064,地藏菩薩十齋日,kanripo_file_metadata,W07n0064,
KR6v0078,W07n0064,地藏菩薩十齋日,kanripo_file_metadata,W07n0064,
KR6v0079,W07n0064,地藏菩薩十齋日,kanripo_file_metadata,W07n0064,
KR6v0080,W07n0064,地藏菩薩十齋日,kanripo_file_metadata,W07n0064,
KR6v0081,W07n0064,地藏菩薩十齋日,kanripo_file_metadata,W07n0064,
KR6v0082,W07n0064,地藏菩薩十齋日,kanripo_file_metadata,W07n0064,
KR6v0083,W07n0064,地藏菩薩十齋日,kanripo_file_metadata,W07n0064,
KR6v0084,W07n0064,地藏菩薩十齋日,kanripo_file_metadata,W07n0064,
KR6v0085,W07n0065,寧夏西夏方塔出土漢文佛典敘錄,kanripo_file_metadata,W07n0065,
KR6v0086,W07n0066,日本佛教目錄學的形成——以《東域傳燈錄》為中心,kanripo_file_metadata,W07n0066,
KR6v0087,W08n0067,華嚴略疏卷第一,kanripo_file_metadata,W08n0067,
KR6v0088,W08n0068,如來廣孝十種報恩道場儀,kanripo_file_metadata,W08n0068,
KR6v0089,W08n0069,二曜金剛合璧,kanripo_file_metadata,W08n0069,
KR6v0090,W08n0070,敦煌寺院所藏大藏經概貌,kanripo_file_metadata,W08n0070,
KR6v0091,W08n0071,《慧琳音義》與唐代大藏經,kanripo_file_metadata,W08n0071,
KR6v0092,W09n0072,佛性觀修善法,kanripo_file_metadata,W09n0072,
KR6v0093,W09n0073,金剛經讚集,kanripo_file_metadata,W09n0073,
KR6v0094,W09n0073,金剛經讚集（擬）,kanripo_file_metadata,W09n0073,
KR6v0095,W09n0073,金剛經讚集（擬）,kanripo_file_metadata,W09n0073,
KR6v0096,W09n0073,金剛經注頌釋,kanripo_file_metadata,W09n0073,
KR6v0097,W09n0073,金剛經頌（擬）,kanripo_file_metadata,W09n0073,
KR6v0098,W09n0073,梁朝傳大士頌金剛經,kanripo_file_metadata,W09n0073,
KR6v0099,W09n0073,梁朝傳大士頌金剛經,kanripo_file_metadata,W09n0073,
KR6v0100,W09n0073,梁朝傳大士夾頌金剛經,kanripo_file_metadata,W09n0073,
KR6v0101,W09n0074,寶髻大王菩薩本緣,kanripo_file_metadata,W09n0074,
KR6v0102,W09n0075,寶髻本緣,kanripo_file_metadata,W09n0075,
KR6v0103,W09n0076,三階教文獻綜述,kanripo_file_metadata,W09n0076,
KR6v0104,W09n0077,關於江泌女子僧法誦出經,kanripo_file_metadata,W09n0077,
