docclass,title,author,geo,geo_latitude,geo_longitude,docclass,doc_category_l1,doc_category_l2,doc_category_l3,time_dynasty,date_not_before,date_not_after,metadata/title.hanzi,metadata/title.hanyupinyin,metadata/Name,metadata/Name.Hanyupinyin,metadata/Function,metadata/styles.hao,metadata/CourtesyName.zi,metadata/PosthumousTitle.shi,metadata/AuthorDates,metadata/TotalJuan,metadata/Genre1,metadata/Genre2,metadata/Genre3,metadata/Place,metadata/GISCode,,metadata/Notes
DZ0001,靈寶無量度人上品妙經,葛巢甫,句容,"31,9453","119,1717",,Lingbao Canon,Canonical Lingbao Scriptures,,,,,靈寶無量度人上品妙經,Lingbao wuliang duren shangpin miaojing,葛巢甫,Ge Chaofu,,,,,402,1,Lingbao Canon,Canonical Lingbao Scriptures,,句容,PL000000011098,Just j 1 of the 61 j work ,
DZ0001,靈寶無量度人上品妙經,嚴東,,,,注,Lingbao Canon,Canonical Lingbao Scriptures,,,,,靈寶無量度人上品妙經,Lingbao wuliang duren shangpin miaojing,嚴東,Yan Dong,注,,,,,1,Lingbao Canon,Canonical Lingbao Scriptures,,,,,
DZ0002,元始無量度人上品妙經直音,,,,,,Shenxiao Fa and Related Thunder Rites,,,,,,元始無量度人上品妙經直音,Yuanshi wuliang duren shangpin miaojing zhiyin,,,,,,,,1,Shenxiao Fa and Related Thunder Rites,,,,,,
DZ0003,元始説先天道德經註解,李家謀,,,,注,Philosophy,"Commentaries on Zhengyi, Shangqing, and Lingbao Scriptures",,,,,元始説先天道德經註解,Yuanshi shuo xiantian daode jing zhujie ,李家謀,Li Jiamou,注,,,,,5,Philosophy,"Commentaries on Zhengyi, Shangqing, and Lingbao Scriptures",,,,,
DZ0003,元始説先天道德經註解,進士,,,,注,Philosophy,"Commentaries on Zhengyi, Shangqing, and Lingbao Scriptures",,,,,元始説先天道德經註解,Yuanshi shuo xiantian daode jing zhujie ,進士,jinshi,注,,,,1166,5,Philosophy,"Commentaries on Zhengyi, Shangqing, and Lingbao Scriptures",,,,,
DZ0003,元始説先天道德經註解,張善淵,,,,編、序,Philosophy,"Commentaries on Zhengyi, Shangqing, and Lingbao Scriptures",,,,,元始説先天道德經註解,Yuanshi shuo xiantian daode jing zhujie ,張善淵,Zhang Shanyuan,編、序,癸復道人,,,fl.1280-1294,5,Philosophy,"Commentaries on Zhengyi, Shangqing, and Lingbao Scriptures",,,,,
DZ0004,無上內祕真藏經,,,,,,Lingbao,Scriptures,The Long Treatises,Early Tang,618,763,無上內祕真藏經,Wushang neibi zhenzang jing,,,,,,,,10,Lingbao,Scriptures,The Long Treatises,,,,
DZ0005,太上無極總真文昌大洞仙經,文昌帝君,,,,撰,The Wenchang Cult,,,,,,太上無極總真文昌大洞仙經,Taishang wuji zongzhen Wenchang dadong xianjing,文昌帝君,Wenchang dijun,撰,,,,,5,The Wenchang Cult,,,,,,
DZ0006,上清大洞真經,朱自英,,,,序,Shangqing,Scriptures,,,,,上清大洞真經,Shangqing dadong zhenjing,朱自英,Zhu Ziying,序,觀妙先生,隱芝,,976-1029,6,Shangqing,Scriptures,,,,,
DZ0006,上清大洞真經,蔣宗瑛,,,,編,Shangqing,Scriptures,,,,,上清大洞真經,Shangqing dadong zhenjing,蔣宗瑛,Jiang Zongying,編,,,,d.1281,6,Shangqing,Scriptures,,,,,
DZ0006,上清大洞真經,程公端,,,,刊記,Shangqing,Scriptures,,,,,上清大洞真經,Shangqing dadong zhenjing,程公端,Cheng Gongduan,刊記,,,,1272,6,Shangqing,Scriptures,,,,,
DZ0006,上清大洞真經,張宇初,,,,刊記,Shangqing,Scriptures,,,,,上清大洞真經,Shangqing dadong zhenjing,張宇初,Zhang Yuchu,刊記,耆山,子璿,,1361-1410,6,Shangqing,Scriptures,,,,,
DZ0007,大洞玉經,龔德同,,,,刊記,Shangqing,Scriptures,,Early Ming,1368,1644,大洞玉經,Dadong yujing,龔德同,Gong Detong ,刊記,,,,,2,Shangqing,Scriptures,,,,,
DZ0008,太上三十六部尊經,,,,,,Shenxiao Fa and Related Thunder Rites,,,Northern Song,960,1127,太上三十六部尊經,Taishang sanshiliu bu zunjing,,,,,,,,6,Shenxiao Fa and Related Thunder Rites,,,,,,
DZ0009,太上一乘海空智藏經,,,,,,Lingbao,Scriptures,The Long Treatises,Early Tang,618,763,太上一乘海空智藏經,Taishang yicheng haikong zhizang jing,,,,,,,,10,Lingbao,Scriptures,The Long Treatises,,,,
DZ0010,高上玉皇本行集經,,,,,,The Qingwei School,,,,,,高上玉皇本行集經,Gaoshang yuhuang benxing jijing,,,,,,,,3,The Qingwei School,,,,,,
DZ0011,高上玉皇本行集經,張良,,,,撰,The Qingwei School,,,,,,高上玉皇本行集經,Gaoshang yuhuang benxing jijing,張良,Zhang Liang,撰,,,,-187,3,The Qingwei School,,,,,,
DZ0012,高上玉皇本行經髓,劉處源,,,,傳,The Qingwei School,,,,,,高上玉皇本行經髓,Gaoshang yuhuang benxing jingsui,劉處源,Liu Chuyuan,傳,,,,fl. 1344,1,The Qingwei School,,,,,,
DZ0013,高上玉皇心印經,,,,,,The Qingwei School,,,,,,高上玉皇心印經,Gaoshang yuhuang xinyin jing,,,,,,,,1,The Qingwei School,,,,,,
DZ0014,高上玉皇胎息經,,,,,,Yangsheng,Respiratory Techniques,,,,,高上玉皇胎息經,Gaoshang yuhuang taixi jing,,,,,,,,1,Yangsheng,Respiratory Techniques,,,,,
DZ0015,無上九霄玉清大梵紫微玄都雷霆玉經,,,,,,Shenxiao Fa and Related Thunder Rites,,,,,,無上九霄玉清大梵紫微玄都雷霆玉經,Wushang jiuxiao yuqing dafan ziwei xuandu leiting yujing,,,,,,,,1,Shenxiao Fa and Related Thunder Rites,,,,,,
DZ0016,九天應元雷聲普化天尊玉樞寶經,,,,,,Shenxiao Fa and Related Thunder Rites,,,,,,九天應元雷聲普化天尊玉樞寶經,Jiutian yingyuan leisheng puhua tianzun yushu baojing,,,,,,,,1,Shenxiao Fa and Related Thunder Rites,,,,,,
DZ0017,太上說朝天謝雷真經,,,,,,Shenxiao Fa and Related Thunder Rites,,,,,,太上說朝天謝雷真經,Taishang shuo chaotian xielei zhenjing,,,,,,,,1,Shenxiao Fa and Related Thunder Rites,,,,,,
DZ0018,太上虛皇天尊四十九章經,,,,,,Lingbao,Scriptures,,,,,太上虛皇天尊四十九章經,Taishang xuhuang tianzun sishijiu zhang jing,,,,,,,,1,Lingbao,Scriptures,,,,,
DZ0019,太上昇玄消災護命妙經,,,,,,Lingbao,Scriptures,Short Doctrinal and Prophylactic Texts,Tang ,618,907,太上昇玄消災護命妙經,Taishang shengxuan xiaozai huming miaojing ,,,,,,,,1,Lingbao,Scriptures,Short Doctrinal and Prophylactic Texts,,,,
DZ0019,太上昇玄消災護命妙經,宋真宗,,,,序,Lingbao,Scriptures,Short Doctrinal and Prophylactic Texts,,,,太上昇玄消災護命妙經,Taishang shengxuan xiaozai huming miaojing ,宋真宗,Song Zhenzong,序,,,,r. 997-1022,1,Lingbao,Scriptures,Short Doctrinal and Prophylactic Texts,,,,
DZ0019,太上昇玄消災護命妙經,李道純,,,,注,Lingbao,Scriptures,Short Doctrinal and Prophylactic Texts,,,,太上昇玄消災護命妙經,Taishang shengxuan xiaozai huming miaojing ,李道純,Li Daochun,注,清菴、瑩蟾,元素,,fl.1288-1306,1,Lingbao,Scriptures,Short Doctrinal and Prophylactic Texts,,,,
DZ0019,太上昇玄消災護命妙經,王玠,,,,注,Lingbao,Scriptures,Short Doctrinal and Prophylactic Texts,,,,太上昇玄消災護命妙經,Taishang shengxuan xiaozai huming miaojing ,王玠,Wang Jie,注,,,,,1,Lingbao,Scriptures,Short Doctrinal and Prophylactic Texts,,,,
DZ0019,太上昇玄消災護命妙經,張白,,,,注,Lingbao,Scriptures,Short Doctrinal and Prophylactic Texts,Second half of tenth century,951,1000,太上昇玄消災護命妙經,Taishang shengxuan xiaozai huming miaojing ,張白,Zhang Bo,注,白雲子,虛白,,,1,Lingbao,Scriptures,Short Doctrinal and Prophylactic Texts,,,,
DZ0020,三光注齡資福延壽妙經,,,,,,Other Popular Cults,The Cult of the Northern Dipper,,,,,三光注齡資福延壽妙經,Sanguang zhuling zifo yanshou miaojing,,,,,,,,1,Other Popular Cults,The Cult of the Northern Dipper,,,,,
DZ0021,太上長生延壽集福德經,,,,,,Lingbao,Scriptures,Short Doctrinal and Prophylactic Texts,Tang,618,907,太上長生延壽集福德經,Taishang changsheng yanshou ji fude jing,,,,,,,,1,Lingbao,Scriptures,Short Doctrinal and Prophylactic Texts,,,,
DZ0022,元始五老赤書玉篇真文天書經,葛巢甫,句容,"31,9453","119,1717",,Lingbao Canon,Canonical Lingbao Scriptures,,,395,405,元始五老赤書玉篇真文天書經,Yuanshi wulao chishu yupian zhenwen tianshu jing,葛巢甫,Ge Chaofu,,,,,402,3,Lingbao Canon,Canonical Lingbao Scriptures,,句容,PL000000011098,MSB Daterange,
DZ0023,太上諸天靈書度命妙經,,,,,,Lingbao Canon,Canonical Lingbao Scriptures,,,395,405,太上諸天靈書度命妙經,Taishang zhutian lingshu duming miaojing ,,,,,,,,1,Lingbao Canon,Canonical Lingbao Scriptures,,,,MSB Daterange,
DZ0024,元始天尊說生天得道經,,,,,,Lingbao,Scriptures,Short Doctrinal and Prophylactic Texts,Tang,618,907,元始天尊說生天得道經,Yuanshi tianzun shuo shengtian dedao jing,,,,,,,,1,Lingbao,Scriptures,Short Doctrinal and Prophylactic Texts,,,,
DZ0025,元始天尊説得道了身經,,,,,,The Quanzhen Order,Individual Practice,,,,,元始天尊説得道了身經,Yuanshi tianzun shuo dedao liaoshen jing,,,,,,,,1,The Quanzhen Order,Individual Practice,,,,,
DZ0026,太上九天延祥滌厄四聖妙經,,,,,,The Beidi and Xuantian Shangdi Cult,,,Fourteenth Century?,1301,1400,太上九天延祥滌厄四聖妙經,Taishang jiutian yanxiang di'e sisheng miaojing,,,,,,,,1,The Beidi and Xuantian Shangdi Cult,,,,,,
DZ0027,元始天尊說北方真武妙經,,,,,,The Beidi and Xuantian Shangdi Cult,,,Ming,1368,1644,元始天尊說北方真武妙經,Yuanshi tianzun shuo beifang zhenwu miaojing,,,,,,,,1,The Beidi and Xuantian Shangdi Cult,,,,,,
DZ0028,元始天尊說梓潼帝君應驗經,,,,,,The Wenchang Cult,,,Thirteenth century?,1201,1300,元始天尊說梓潼帝君應驗經,Yuanshi tianzun shuo Zitong dijun yingyan jing,,,,,,,,1,The Wenchang Cult,,,,,,
DZ0029,元始天尊說梓潼帝君本願經,,,,,,The Wenchang Cult,,,,1194,,元始天尊說梓潼帝君本願經,Yuanshi tianzun shuo Zitong dijun benyuan jing,,,,,,,,1,The Wenchang Cult,,,,,,
DZ0030,元始八威龍文經,,,,,,Neidan and Yangsheng,General Works and Manuals,,,,,元始八威龍文經,Yuanshi bawei Iongwen jing,,,,,,,,1,Neidan and Yangsheng,General Works and Manuals,,,,,
DZ0031,黃帝陰符經,,,,,,Philosophy,The Yinfu jing and Its Commentaries,,Eighth century?,701,800,黃帝陰符經,Huangdi yinfu jing,,,,,,,,1,Philosophy,The Yinfu jing and Its Commentaries,,,,,
DZ0032,混元陽符經,,,,,,Philosophy,Commentaries on the Yinfu jing,,,,,混元陽符經,Hunyuan yangfu jing,,,,,,,,1,Philosophy,Commentaries on the Yinfu jing,,,,,
DZ0033,上清黃氣陽精三道順行經,楊羲,句容,"31,9453","119,1717",輯佚,Shangqing,Canonical Shangqing Scriptures,,Eastern Jin ,363,370,上清黃氣陽精三道順行經,Shangqing huangqi yangjing sandao shunxing jing,楊羲,Yang Xi,輯佚,,羲和,,330-386 ,1,Shangqing,Canonical Shangqing Scriptures,,句容,PL000000011098,DZTK 148: mentioned among those revealed to YANG XI(between 364- and 370).,
DZ0034,太上開明天地本真經,通玄三教眉山師仁壽,,,,傳,Philosophy,"Commentaries on Zhengyi, Shangqing, and Lingbao Scriptures",,,,,太上開明天地本真經,Taishang kaiming tiandi benzhen jing,通玄三教眉山師仁壽,"Renshou, Meishan Master Who Penetrates the Mystery of the Three Teachings",傳,,,,,1,Philosophy,"Commentaries on Zhengyi, Shangqing, and Lingbao Scriptures",,,,,
DZ0035,太上玄都妙本清淨身心經,,,,,,Lingbao,Scriptures,Medium-Length Scriptures,Tang,618,907,太上玄都妙本清淨身心經,Taishang xuandu miaoben qingjing shenxin jing,,,,,,,,1,Lingbao,Scriptures,Medium-Length Scriptures,,,,
DZ0036,太上太玄女青三元品誡拔罪妙經,,,,,,Lingbao,Litanies,,Tang,618,907,太上太玄女青三元品誡拔罪妙經,Taishang taixuan nüqing sanyuan pinjie bazui miaojing,,,,,,,,3,Lingbao,Litanies,,,,,
DZ0037,元始天尊說變化空洞妙經,,,,,,Lingbao Canon,Other Early Lingbao Scriptures,,Six Dynasties ,220,589,元始天尊說變化空洞妙經,Yuanshi tianzun shuo bianhua kongdong miaojing,,,,,,,,1,Lingbao Canon,Other Early Lingbao Scriptures,,,,,
DZ0038,太上昇玄三一融神變化妙經,,,,,,Dongzhen Division,Scriptures ,,,,,太上昇玄三一融神變化妙經,Taishang shengxuan sanyi rongshen bianhua miaojing,,,,,,,,2,Dongzhen Division,Scriptures ,,,,,
DZ0039,太上導引三光九變妙經,,,,,,Dongzhen Division,Scriptures ,,Tang,618,907,太上導引三光九變妙經,Taishang daoyin sanguang jiubian miaojing,,,,,,,,1,Dongzhen Division,Scriptures ,,,,,
DZ0040,太上導引三光寶真妙經,,,,,,Dongzhen Division,Scriptures ,,Tang,618,907,太上導引三光寶真妙經,Taishang daoyin sanguang baozhen miaojing,,,,,,,,1,Dongzhen Division,Scriptures ,,,,,
DZ0041,太上修真體元妙道經,劉元瑞,,,,輯佚,Philosophy,Treatises and Essays,,,,,太上修真體元妙道經,Taishang xiuzhen tiyuan miaodao jing,劉元瑞,Liu Yuanrui,輯佚,,,,,1,Philosophy,Treatises and Essays,,,,,
DZ0042,玉清元始玄黃九光真經,,,,,,Other Popular Cults,The Cult of the Northern Dipper,,Ming,1368,1644,玉清元始玄黃九光真經,Yuqing yuanshi xuanhuang jiuguang zhenjing,,,,,,,,1,Other Popular Cults,The Cult of the Northern Dipper,,,,,
DZ0043,元始天尊說十一曜大消災神咒經,,,,,,Zhengyi,Scriptures,,,,,元始天尊說十一曜大消災神咒經,Yuanshi tianzun shuo shiyi yao da xiaozai shenzhou jing,,,,,,,,1,Zhengyi,Scriptures,,,,,
DZ0044,太上洞真五星祕授經,,,,,,Shangqing ,Scriptures,,,,,太上洞真五星祕授經,Taishang dongzhen wuxing bishou jing ,,,,,,,,1,Shangqing ,Scriptures,,,,,
DZ0045,玉清無上靈寶自然北斗本生真經,,,,,,Other Popular Cults,The Cult of the Northern Dipper,,,,,玉清無上靈寶自然北斗本生真經,Yuqing wushang lingbao ziran beidou bensheng zhenjing,,,,,,,,1,Other Popular Cults,The Cult of the Northern Dipper,,,,,
DZ0046,太乙元真保命長生經,,,,,,Other Popular Cults,Popular Rites,,,,,太乙元真保命長生經,Taiyi yuanzhen baoming changsheng jing,,,,,,,,1,Other Popular Cults,Popular Rites,,,,,
DZ0047,太上元始天尊證果真經,,,,,,Lingbao,Scriptures,Short Doctrinal and Prophylactic Texts,Tang,618,907,太上元始天尊證果真經,Taishang yuanshi tianzun zhengguo zhenjing,,,,,,,,1,Lingbao,Scriptures,Short Doctrinal and Prophylactic Texts,,,,
DZ0048,太上元始天尊說續命妙經,,,,,,Lingbao,Scriptures,Short Doctrinal and Prophylactic Texts,Tang,618,907,太上元始天尊說續命妙經,Taishang yuanshi tianzun shuo xuming miaojing,,,,,,,,1,Lingbao,Scriptures,Short Doctrinal and Prophylactic Texts,,,,
DZ0049,洞真太極北帝紫微神咒妙經,,,,,,Other Revealed Scriptures,-,,Eastern Jin ,317,420,洞真太極北帝紫微神咒妙經,Dongzhen taiji beidi ziwei shenzhou miaojing,,,,,,,,1,Other Revealed Scriptures,-,,,,DZTK 273,
DZ0050,太上說六甲直符保胎護命經,,,,,,The Orthodox One Way of the Heavenly Master ,Miscellaneous ,,Tang,618,907,太上說六甲直符保胎護命經,Taishang shuo liujia zhifu baotai huming miaojing ,,,,,,,,1,The Orthodox One Way of the Heavenly Master ,Miscellaneous ,,,,,
DZ0051,太上元始天尊說大雨龍王經,,,,,,Lingbao,Scriptures,Short Doctrinal and Prophylactic Texts,Tang,618,907,太上元始天尊說大雨龍王經,Taishang yuanshi tianzun shuo dayu longwang jing,,,,,,,,1,Lingbao,Scriptures,Short Doctrinal and Prophylactic Texts,,,,
DZ0052,太上護國祈雨消魔經,,,,,,Lingbao,Scriptures,Short Doctrinal and Prophylactic Texts,Tang,618,907,太上護國祈雨消魔經,Taishang huguo qiyu xiaomo jing,,,,,,,,1,Lingbao,Scriptures,Short Doctrinal and Prophylactic Texts,,,,
DZ0053,太上洞淵北帝天蓬護命消災神咒妙經,,,,,,Dongyuan and Shengxuan Scriptures and Rituals,The Dongyuan shenzhou jing,,Late Tang,764,907,太上洞淵北帝天蓬護命消災神咒妙經,Taishang dongyuan beidi tianpeng huming xiaozai shenzhou miaojing,,,,,,,,1,Dongyuan and Shengxuan Scriptures and Rituals,The Dongyuan shenzhou jing,,,,,
DZ0054,太上洞淵辭瘟神咒妙經,,,,,,Dongyuan and Shengxuan Scriptures and Rituals,The Dongyuan shenzhou jing,,Tang,618,907,太上洞淵辭瘟神咒妙經,Taishang dongyuan ciwen shenzhou miaojing ,,,,,,,,1,Dongyuan and Shengxuan Scriptures and Rituals,The Dongyuan shenzhou jing,,,,,
DZ0055,高上太霄琅書瓊文帝章經,,,,,,Shangqing,Canonical Shangqing Scriptures,,Six Dynasties,220,589,高上太霄琅書瓊文帝章經,Gaoshang taixiao langshu qiongwen dizhang jing,,,,,,,,1,Shangqing,Canonical Shangqing Scriptures,,,,,
DZ0056,太上玉佩金璫太極金書上經,楊羲,句容,"31,9453","119,1717",,Shangqing,Canonical Shangqing Scriptures,,Eastern Jin,363,370,太上玉佩金璫太極金書上經,Taishang Yupei Jindang taiji jinshu shangjing,楊羲,Yang Xi,,,羲和,,330-386,1,Shangqing,Canonical Shangqing Scriptures,,句容,PL000000011098,"DZTK 176: The present text, is an original Shangqing version that was rewritten during the revelation.",
DZ0057,上方天尊說真元通仙道經,,,,,,The Zhenyuan Scriptures,,,,,,上方天尊說真元通仙道經,Shangfang tianzun shuo zhenyuan tongxian daojing,,,,,,,,1,The Zhenyuan Scriptures,,,,,,
DZ0058,無上大乘要訣妙經,,,,,,Lingbao,Scriptures,Medium-Length Scriptures,Tang,618,907,無上大乘要訣妙經,Wushang dacheng yaojue miaojing ,,,,,,,,1,Lingbao,Scriptures,Medium-Length Scriptures,,,,
DZ0059,元始洞真決疑經,,,,,,Lingbao,Scriptures,The Long Treatises,Early seventh century,601,650,元始洞真決疑經,Yuanshi dongzhen jueyi jing,,,,,,,,1,Lingbao,Scriptures,The Long Treatises,,,,
DZ0060,元始天尊說玄微妙經,,,,,,Shangqing,Other Early Shangqing Scriptures,,Six Dynasties ,220,589,元始天尊說玄微妙經,Yuanshi tianzun shuo xuanwei miaojing ,,,,,,,,1,Shangqing,Other Early Shangqing Scriptures,,,,,
DZ0061,太上洞真賢門經,,,,,,Lingbao,Litanies,,Tang,618,907,太上洞真賢門經,Taishang dongzhen xianmen jing ,,,,,,,,1,Lingbao,Litanies,,,,,
DZ0062,元始天王歡樂經,,,,,,Lingbao,Scriptures,Medium-Length Scriptures,Tang,618,907,元始天王歡樂經,Yuanshi tianwang huanle jing,,,,,,,,1,Lingbao,Scriptures,Medium-Length Scriptures,,,,
DZ0063,玉清胎元內養真經,,,,,,Other Popular Cults,The Cult of the Northern Dipper,,,,,玉清胎元內養真經,Yuqing taiyuan neiyang zhenjing ,,,,,,,,1,Other Popular Cults,The Cult of the Northern Dipper,,,,,
DZ0064,玉清無上內景真經,,,,,,Other Popular Cults,The Cult of the Northern Dipper,,,,,玉清無上內景真經,Yuqing wushang neijing zhenjing ,,,,,,,,1,Other Popular Cults,The Cult of the Northern Dipper,,,,,
DZ0065,太上真一報父母恩重經,,,,,,Lingbao,Scriptures,Short Doctrinal and Prophylactic Texts,Tang,618,907,太上真一報父母恩重經,Taishang zhenyi baofumu enzhong jing ,,,,,,,,1,Lingbao,Scriptures,Short Doctrinal and Prophylactic Texts,,,,
DZ0066,元始洞真慈善孝子報恩成道經,,,,,,Lingbao,Scriptures,Medium-Length Scriptures,Tang,618,907,元始洞真慈善孝子報恩成道經,Yuanshi dongzhen cishan xiaozi baoen chengdao jing ,,,,,,,,1,Lingbao,Scriptures,Medium-Length Scriptures,,,,
DZ0067,太上元始天尊說消殄蟲蝗經,,,,,,Zhengyi,Scriptures,,,,,太上元始天尊說消殄蟲蝗經,Taishang yuanshi tianzun shuo xiaotian chonghuang jing,,,,,,,,1,Zhengyi,Scriptures,,,,,
DZ0068,太上安鎮九壘龍神妙經,,,,,,Zhengyi,Scriptures,,,,,太上安鎮九壘龍神妙經,Taishang anzhen jiulei Iongshen miaojing,,,,,,,,1,Zhengyi,Scriptures,,,,,
DZ0069,太上洞真安竈經,,,,,,Zhengyi,Scriptures,,,,,太上洞真安竈經,Taishang dongzhen anzao jing ,,,,,,,,1,Zhengyi,Scriptures,,,,,
DZ0070,太上元始天尊説金光明經,,,,,,Zhengyi,Scriptures,,,,,太上元始天尊説金光明經,Taishang yuanshi tianzun shuo jin guangming jing,,,,,,,,1,Zhengyi,Scriptures,,,,,
DZ0071,元始天尊說三官寶號經,,,,,,Zhengyi,Scriptures,,,,,元始天尊說三官寶號經,Yuanshi tianzun shuo sanguan baohao jing,,,,,,,,1,Zhengyi,Scriptures,,,,,
DZ0072,元始天尊濟度血湖真經,,,,,,Lingbao,Scriptures,,,,,元始天尊濟度血湖真經,Yuanshi tianzun jidu xuehu zhenjing,,,,,,,,3,Lingbao,Scriptures,,,,,
DZ0073,元始天尊說酆都滅罪經,,,,,,Lingbao,Scriptures,Medium-Length Scriptures,,,,元始天尊說酆都滅罪經,Yuanshi tianzun shuo Fengdu miezui jing,,,,,,,,1,Lingbao,Scriptures,Medium-Length Scriptures,,,,
DZ0074,太上說九幽拔罪心印妙經,,,,,,Lingbao,Scriptures,,,,,太上說九幽拔罪心印妙經,Taishang shuo jiuyou bazui xinyin miaojing,,,,,,,,1,Lingbao,Scriptures,,,,,
DZ0075,元始天尊說甘露昇天神咒妙經,,,,,,Lingbao,Scriptures,,,,,元始天尊說甘露昇天神咒妙經,Yuanshi tianzun shuo ganlu shengtian shenzhou miaojing,,,,,,,,1,Lingbao,Scriptures,,,,,
DZ0076,元始說功德法食往生經,,,,,,Lingbao,Scriptures,,,,,元始說功德法食往生經,Yuanshi shuo gongde fashi wangsheng jing,,,,,,,,1,Lingbao,Scriptures,,,,,
DZ0077,太上玉華洞章拔亡度世昇仙妙經,,,,,,Lingbao,Scriptures,,,1143,,太上玉華洞章拔亡度世昇仙妙經,Taishang yuhua dongzhang bawang dushi shengxian miaojing,,,,,,,,1,Lingbao,Scriptures,,,,,
DZ0078,太上三洞神咒,,,,,,Lingbao,Manuals,,Ming,1386,1644,太上三洞神咒,Taishang sandong shenzhou,,,,,,,,12,Lingbao,Manuals,,,,,
DZ0079,三洞神符記,,,,,,The Qingwei School,,,,,,三洞神符記,Sandong shenfu ji ,,,,,,,,1,The Qingwei School,,,,,,
DZ0080,雲篆度人妙經,,,,,,The Qingwei School,,,,,,雲篆度人妙經,Yunzhuan duren miaojing,,,,,,,,1,The Qingwei School,,,,,,
DZ0081,洞真太微黃書天帝君石景金陽素經,,,,,,Shangqing,Other Early Shangqing Scriptures,,Six Dynasties,220,589,洞真太微黃書天帝君石景金陽素經,Dongzhen taiwei huangshu tiandijun shijing jinyang sujing,,,,,,,,1,Shangqing,Other Early Shangqing Scriptures,,,,DZTK 192: The colophon is of the kind written by Xu RONGDI,
DZ0082,上清洞真元經五籍符,,,,,,Shangqing,Canonical Shangqing Scriptures,,Six Dynasties,220,589,上清洞真元經五籍符,Shangqing dongzhen yuanjing wuji fu,,,,,,,,1,Shangqing,Canonical Shangqing Scriptures,,,,,
DZ0083,白羽黑翮靈飛玉符,,,,,,Shangqing,Canonical Shangqing Scriptures,,Six Dynasties,220,589,白羽黑翮靈飛玉符,Boyu heihe lingfei yufu,,,,,,,,1,Shangqing,Canonical Shangqing Scriptures,,,,,
DZ0084,上清瓊宮靈飛六甲左右上符,楊羲,句容,"31,9453","119,1717",,Shangqing,Canonical Shangqing Scriptures,,Eastern Jin,363,370,上清瓊宮靈飛六甲左右上符,Shangqing qionggong lingfei liujia zuoyou shangfu,楊羲,Yang Xi,,,羲和,,330-386,1,Shangqing,Canonical Shangqing Scriptures,,句容,PL000000011098,DZTK 174: This scripture is authenticated by a quotation in 1016 Zhengao 14.15a-16a,
DZ0085,太上洞真經洞章符,,,,,,Dongzhen Division,"Manuals, Anthologies, and Encyclopedias",Practices,Tang,618,907,太上洞真經洞章符,Taishang dongzhen jing dongzhang fu ,,,,,,,,1,Dongzhen Division,"Manuals, Anthologies, and Encyclopedias",Practices,,,,
DZ0086,太上祕法鎮宅靈符,,,,,,Other Popular Cults,Popular Rites,,Ming,1386,1644,太上祕法鎮宅靈符,Taishang bifa zhenzhai lingfu ,,,,,,,,1,Other Popular Cults,Popular Rites,,,,,
DZ0087,元始無量度人上品妙經四註,陳景元,,,,撰,Philosophy,"Commentaries on Zhengyi, Shangqing, and Lingbao Scriptures",,,1067,,元始無量度人上品妙經四註,Yuanshi wuliang duren shangpin miaojing sizhu,陳景元,Chen Jingyuan ,撰,碧虛、真靖,太初,,1025-1094,4,Philosophy,"Commentaries on Zhengyi, Shangqing, and Lingbao Scriptures",,,,,
DZ0088,元始無量度人上品妙經註,東海青元真人,,,,注,Philosophy,"Commentaries on Zhengyi, Shangqing, and Lingbao Scriptures",,,,,元始無量度人上品妙經註,Yuanshi wuliang duren shangpin miaojing zhu,東海青元真人,Donghai Qingyuan zhenren,注,,,,,3,Philosophy,"Commentaries on Zhengyi, Shangqing, and Lingbao Scriptures",,,,,
DZ0088,元始無量度人上品妙經註,清河老人,,,,,Philosophy,"Commentaries on Zhengyi, Shangqing, and Lingbao Scriptures",,,,,元始無量度人上品妙經註,Yuanshi wuliang duren shangpin miaojing zhu,清河老人,Qinghe laoren,,,,,,3,Philosophy,"Commentaries on Zhengyi, Shangqing, and Lingbao Scriptures",,,,,
DZ0088,元始無量度人上品妙經註,淨明道子郭罔鳳,,,,編、讚,Philosophy,"Commentaries on Zhengyi, Shangqing, and Lingbao Scriptures",,,,,元始無量度人上品妙經註,Yuanshi wuliang duren shangpin miaojing zhu,淨明道子郭罔鳳,Jingming daozi Guo Wangfeng,編、讚,,,,,3,Philosophy,"Commentaries on Zhengyi, Shangqing, and Lingbao Scriptures",,,,,
DZ0089,元始無量度人上品妙經通義,張宇初,,,,撰,Philosophy,"Commentaries on Zhengyi, Shangqing, and Lingbao Scriptures",,,,,元始無量度人上品妙經通義,Yuanshi wuliang duren shangpin miaojing tongyi,張宇初,Zhang Yuchu,撰,耆山,子璿,,1361-1410,4,Philosophy,"Commentaries on Zhengyi, Shangqing, and Lingbao Scriptures",,,,,
DZ0090,元始無量度人上品妙經內義,蕭應叟,,,,撰,Philosophy,"Commentaries on Zhengyi, Shangqing, and Lingbao Scriptures",,,1226,,元始無量度人上品妙經內義,Yuanshi wuliang duren shangpin miaojing neiyi,蕭應叟,Xiao Yingsou,撰,,,,,5,Philosophy,"Commentaries on Zhengyi, Shangqing, and Lingbao Scriptures",,,,,
DZ0091,太上洞玄靈寶無量度人上品妙經註解,陳致虛,,,,撰、序,Philosophy,"Commentaries on Zhengyi, Shangqing, and Lingbao Scriptures",,,1336,,太上洞玄靈寶無量度人上品妙經註解,Taishang dongxuan lingbao wuliang duren shangpin miaojing zhujie,陳致虛,Chen Zhixu,撰、序,上陽子,觀吾,,b.1290,3,Philosophy,"Commentaries on Zhengyi, Shangqing, and Lingbao Scriptures",,,,,
DZ0092,元始無量度人上品妙經註解,薛季昭,廬山,"29,568309","115,999139",撰,Philosophy,"Commentaries on Zhengyi, Shangqing, and Lingbao Scriptures",,,,,元始無量度人上品妙經註解,Yuanshi wuliang duren shangpin miaojing zhujie,薛季昭,Xue Jizhao,撰,顯翁,,,,3,Philosophy,"Commentaries on Zhengyi, Shangqing, and Lingbao Scriptures",,廬山,PL000000018775,,
DZ0093,太上洞玄靈寶無量度人上品經法,陳春榮,,,,纂、注,Philosophy,"Commentaries on Zhengyi, Shangqing, and Lingbao Scriptures",,Southern Song ,1127,1279,太上洞玄靈寶無量度人上品經法,Taishang dongxuan lingbao wuliang duren shangpin jingfa ,陳春榮,Chen Chunrong,纂、注,,,,,5,Philosophy,"Commentaries on Zhengyi, Shangqing, and Lingbao Scriptures",,,,,
DZ0094,洞玄靈寶度人經大梵隱語疏義,,,,,,Philosophy,"Commentaries on Zhengyi, Shangqing, and Lingbao Scriptures",,,,,洞玄靈寶度人經大梵隱語疏義,Dongxuan lingbao duren jing dafan yinyu shuyi,,,,,,,,1,Philosophy,"Commentaries on Zhengyi, Shangqing, and Lingbao Scriptures",,,,,
DZ0095,洞玄靈寶無量度人經訣音義,張萬福,,,,撰,Philosophy,Commentaries on Lingbao Scriptures,,,,,洞玄靈寶無量度人經訣音義,Dongxuan lingbao wuliang duren jingjue yinyi,張萬福,Zhang Wanfu ,撰,,,,fl. 711-713,1,Philosophy,Commentaries on Lingbao Scriptures,,,,,
DZ0096,真藏經要訣,,,,,,Lingbao,Scriptures,Short Doctrinal and Prophylactic Texts,Tang,618,907,真藏經要訣,Zhenzang jing yaojue,,,,,,,,1,Lingbao,Scriptures,Short Doctrinal and Prophylactic Texts,,,,
DZ0097,太上靈寶諸天內音自然玉字,葛巢甫,句容,"31,9453","119,1717",,Lingbao Canon,Canonical Lingbao Scriptures,,,395,405,太上靈寶諸天內音自然玉字,Taishang lingbao zhutian neiyin ziran yuzi ,葛巢甫,Ge Chaofu,,,,,402,4,Lingbao Canon,Canonical Lingbao Scriptures,,句容,PL000000011098,MSB Daterange,
DZ0098,諸天靈書度命妙經義疏,,,,,,2.A.2 Divination and Numerology,,,Tang,618,907,諸天靈書度命妙經義疏,Zhutian lingshu duming miaojing yishu,,,,,,,,1,2.A.2 Divination and Numerology,,,,,,
DZ0099,九天應元雷聲普化天尊玉樞寶經集註,徐道齡,,,,撰,Shenxiao Fa and Related Thunder Rites,,,,1333,,九天應元雷聲普化天尊玉樞寶經集註,Jiutian yingyuan leisheng puhua tianzun yushu baojing jizhu ,徐道齡,Xu Daoling,撰,玄陽子,,,,2,Shenxiao Fa and Related Thunder Rites,,,,,,
DZ0099,九天應元雷聲普化天尊玉樞寶經集註,張嗣成,,,,刊記,Shenxiao Fa and Related Thunder Rites,,,,,,九天應元雷聲普化天尊玉樞寶經集註,Jiutian yingyuan leisheng puhua tianzun yushu baojing jizhu ,張嗣成,Zhang Sicheng,刊記,太玄子,,,d. 1344,2,Shenxiao Fa and Related Thunder Rites,,,,,,
DZ0100,太上昇玄說消災護命妙經註,王玠,,,,撰,Philosophy,"Commentaries on Zhengyi, Shangqing, and Lingbao Scriptures",,Yuan,1279,1368,太上昇玄說消災護命妙經註,Taishang shengxuan shuo xiaozai huming miaojing zhu,王玠,Wang Jie,撰,混然子,道淵,,fl.1331,1,Philosophy,"Commentaries on Zhengyi, Shangqing, and Lingbao Scriptures",,,,,
DZ0101,太上昇玄消災護命妙經註,李道純,,,,撰,Philosophy,"Commentaries on Zhengyi, Shangqing, and Lingbao Scriptures",,,,,太上昇玄消災護命妙經註,Taishang shengxuan xiaozai huming miaojing zhu,李道純,Li Daochun,撰,清菴、瑩蟾,元素,,fl.1288-1306,1,Philosophy,"Commentaries on Zhengyi, Shangqing, and Lingbao Scriptures",,,,,
DZ0102,元始天尊說太古經註,長荃子,,,,撰,Philosophy,"Commentaries on Zhengyi, Shangqing, and Lingbao Scriptures",,Thirteenth century,1201,1300,元始天尊說太古經註,Yuanshi tianzun shuo taigu jing zhu,長荃子,"Master Fish Trap, Changquan zi",撰,,,,,1,Philosophy,"Commentaries on Zhengyi, Shangqing, and Lingbao Scriptures",,,,,
DZ0103,玉清無極總真文昌大洞仙經註,衛琪,蓬萊山，四川,,,撰、序,Philosophy,"Commentaries on Zhengyi, Shangqing, and Lingbao Scriptures",,,1309,,玉清無極總真文昌大洞仙經註,Yuqing wuji zongzhen Wenchang dadong xianjing zhu ,衛琪,Wei Qi,撰、序,中陽子,,,,10,Philosophy,"Commentaries on Zhengyi, Shangqing, and Lingbao Scriptures",,蓬萊山，四川,,,
DZ0104,上清大洞真經玉訣音義,陳景元,,,,撰,Shangqing,Scriptures,,,,,上清大洞真經玉訣音義,Shangqing dadong zhenjing yujue yinyi,陳景元,Chen Jingyuan ,撰,碧虛、真靖,太初,,1025-1094,1,Shangqing,Scriptures,,,,,
DZ0105,太上大通經註,李道純,,,,注,Philosophy,"Commentaries on Zhengyi, Shangqing, and Lingbao Scriptures",,,,,太上大通經註,Taishang datong jingzhu,李道純,Li Daochun,注,清菴、瑩蟾,元素,,fl.1288-1306,1,Philosophy,"Commentaries on Zhengyi, Shangqing, and Lingbao Scriptures",,,,,
DZ0106,太上赤文洞古經註,長荃子,,,,注,Philosophy,"Commentaries on Zhengyi, Shangqing, and Lingbao Scriptures",,Thirteenth century,1201,1300,太上赤文洞古經註,Taishang chiwen donggu jing zhu,長荃子,"Master Fish Trap, Changquan zi",注,,,,,1,Philosophy,"Commentaries on Zhengyi, Shangqing, and Lingbao Scriptures",,,,,
DZ0107,無上赤文洞古真經註,李道純,,,,注,Philosophy,"Commentaries on Zhengyi, Shangqing, and Lingbao Scriptures",,,,,無上赤文洞古真經註,Wushang chiwen donggu zhenjing zhu,李道純,Li Daochun,注,清菴、瑩蟾,元素,,fl.1288-1306,1,Philosophy,"Commentaries on Zhengyi, Shangqing, and Lingbao Scriptures",,,,,
DZ0108,黃帝陰符經集註,李荃,,,,撰,Philosophy,The Yinfu jing and Its Commentaries,,,,,黃帝陰符經集註,Huangdi yinfu jing jizhu,李荃,Li Quan,撰,達觀子,,,fl. 713-741,1,Philosophy,The Yinfu jing and Its Commentaries,,,,,
DZ0109,黃帝陰符經講義,夏元鼎,,,,撰,Philosophy,Commentaries on the Yinfu jing,,,1227,,黃帝陰符經講義,Huangdi yinfu jing jiangyi,夏元鼎,Xia Yuanding,撰,雲峰散人,宗瑀,,,4,Philosophy,Commentaries on the Yinfu jing,,,,,
DZ0110,黃帝陰符經疏,李荃,,,,撰,Philosophy,Commentaries on the Yinfu jing,,Eleventh century,1001,1100,黃帝陰符經疏,Huangdi yinfu jing shu,李荃,Li Quan,撰,達觀子,,,fl. 713-741,3,Philosophy,Commentaries on the Yinfu jing,,,,,
DZ0111,黃帝陰符經集解,曹希蘊,,,,纂,Philosophy,Commentaries on the Yinfu jing,,,,,黃帝陰符經集解,Huangdi yinfu jing jijie,曹希蘊,Cao Xiyun,纂,,道沖,,Eleventh century,3,Philosophy,Commentaries on the Yinfu jing,,,,,
DZ0112,黃帝陰符經註,張果,,,,撰,Philosophy,The Yinfu jing and Its Commentaries,,,,,黃帝陰符經註,Huangdi yinfu jing zhu,張果,Zhang Guo,撰,通玄子,,,d. ca. 742,1,Philosophy,The Yinfu jing and Its Commentaries,,,,,
DZ0113,黃帝陰符經解,蹇昌辰,,,,撰,Philosophy,Commentaries on the Yinfu jing,,,,,黃帝陰符經解,Huangdi yinfu jing jie,蹇昌辰,Jian Changchen,撰,寶寧大師,,,Eleventh century,1,Philosophy,Commentaries on the Yinfu jing,,,,,
DZ0114,黃帝陰符經註解,任照一,,,,撰,Philosophy,Commentaries on the Yinfu jing,,Northern Song,960,1127,黃帝陰符經註解,Huangdi yinfu jing zhujie,任照一,Ren Zhaoyi,撰,,,,,1,Philosophy,Commentaries on the Yinfu jing,,,,,
DZ0115,黃帝陰符經註,黃居真,,,,撰,Philosophy,Commentaries on the Yinfu jing,,Northern Song,960,1127,黃帝陰符經註,Huangdi yinfu jing zhu ,黃居真,Huang Juzhen,撰,虛靖大師,,,,1,Philosophy,Commentaries on the Yinfu jing,,,,,
DZ0116,黃帝陰符經註,沈亞夫,,,,撰,Philosophy,Commentaries on the Yinfu jing,,,,,黃帝陰符經註,Huangdi yinfu jing zhu ,沈亞夫,Shen Yafu,撰,,,,Eleventh or early twelfth century?,1,Philosophy,Commentaries on the Yinfu jing,,,,,
DZ0117,黃帝陰符經註,蔡氏,,,,撰,Philosophy,Commentaries on the Yinfu jing,,,,,黃帝陰符經註,Huangdi yinfu jing zhu ,蔡氏,Cai Shi,撰,,,,Twelfth century,1,Philosophy,Commentaries on the Yinfu jing,,,,,
DZ0118,黃帝陰符經解義,蕭真宰,,,,撰,Philosophy,Commentaries on the Yinfu jing,,,,,黃帝陰符經解義,Huangdi yinfu jing jieyi,蕭真宰,Xiao Zhenzai,撰,,,,Twelfth century,1,Philosophy,Commentaries on the Yinfu jing,,,,,
DZ0119,陰符經三皇玉訣,,,,,,Philosophy,Commentaries on the Yinfu jing,,Eleventh or twelfth century?,1001,1200,陰符經三皇玉訣,Yinfu jing sanhuang yujue ,,,,,,,,3,Philosophy,Commentaries on the Yinfu jing,,,,,
DZ0120,黃帝陰符經心法,胥元一,潼川,"31,0943",105096,撰,Philosophy,Commentaries on the Yinfu jing,,,,,黃帝陰符經心法,Huangdi yinfu jing xinfa ,胥元一,Xu Yuanyi,撰,六虛散人,,,fl. 1291,3,Philosophy,Commentaries on the Yinfu jing,,潼川,PL000000035484,,
DZ0121,黃帝陰符經註,唐淳,,,,撰,Philosophy,Commentaries on the Yinfu jing,,,,,黃帝陰符經註,Huangdi yinfu jing zhu ,唐淳,Tang Chun,撰,金陵道人,,,,2,Philosophy,Commentaries on the Yinfu jing,,,,,
DZ0122,黃帝陰符經註,劉處玄,,,,撰,Philosophy,Commentaries on the Yinfu jing,,,1191,,黃帝陰符經註,Huangdi yinfu jing zhu ,劉處玄,Liu Chuxuan,撰,長生,通妙,,1147-1203,1,Philosophy,Commentaries on the Yinfu jing,,,,,
DZ0123,黃帝陰符經註,侯善淵,,,,撰,Philosophy,Commentaries on the Yinfu jing,,Jurchen Jin,1115,1234,黃帝陰符經註,Huangdi yinfu jing zhu ,侯善淵,Hou Shanyuan,撰,太玄子,,,,1,Philosophy,Commentaries on the Yinfu jing,,,,,
DZ0124,黃帝陰符經註解,鄒訢（朱熹）pseudonym,崆峒,"25,751487","115,010668",撰,Philosophy,Commentaries on the Yinfu jing,,,1305,,黃帝陰符經註解,Huangdi yinfu jing zhujie,鄒訢（朱熹）pseudonym,Zou Xin (Zhu Xi),撰,,,,1130-1200,1,Philosophy,Commentaries on the Yinfu jing,,崆峒,PL000000019101,,
DZ0125,黃帝陰符經註,俞琰,,,,撰,Philosophy,Commentaries on the Yinfu jing,,,1348,,黃帝陰符經註,Huangdi yinfu jing zhu ,俞琰,Yu Yan,撰,全陽子、林屋山人、石洞道人,玉吾,,1258-1314,1,Philosophy,Commentaries on the Yinfu jing,,,,,
DZ0125,黃帝陰符經註,師餘,,,,序,Philosophy,Commentaries on the Yinfu jing,,,1348,,黃帝陰符經註,Huangdi yinfu jing zhu ,師餘,Shi Yu,序,,,,,1,Philosophy,Commentaries on the Yinfu jing,,,,,
DZ0126,黃帝陰符經夾頌解註,王玠,南昌,"28,6738","115,9064",撰,Philosophy,Commentaries on the Yinfu jing,,,,,黃帝陰符經夾頌解註,Huangdi yinfu jing jiasong jiezhu,王玠,Wang Jie,撰,混然子,道淵,,fl. 1331-1380,3,Philosophy,Commentaries on the Yinfu jing,,南昌,PL000000018617,,
DZ0127,黃帝陰符經集解,袁淑真,長沙,"28,1973","112,9867",撰,Philosophy,Commentaries on the Yinfu jing,,,,,黃帝陰符經集解,Huangdi yinfu jing jijie,袁淑真,Yuan Shuzhen,撰,,,,Eleventh century?,3,Philosophy,Commentaries on the Yinfu jing,,長沙,PL000000028660,,
DZ0128,太上求仙定錄尺素真訣玉文,,,,,,Shangqing,Rituals and Rules,,Six Dynasties,220,589,太上求仙定錄尺素真訣玉文,Taishang qiuxian dinglu chisu zhenjue yuwen,,,,,,,,1,Shangqing,Rituals and Rules,,,,"DZTK 209: A collection of sacred writs from a number of ancient scriptures of the Shangqing and Lingbao canons, unlikely a product of theTang",
DZ0129,太霄琅書瓊文帝章訣,,,,,,Shangqing,Canonical Shangqing Scriptures,,Six Dynasties,220,589,太霄琅書瓊文帝章訣,Taixiao langshu qiongwen dizhang jue ,,,,,,,,1,Shangqing,Canonical Shangqing Scriptures,,,,,
DZ0130,胎息經註,幻真先生,,,,注,Yangsheng,Respiratory Techniques,,,,,胎息經註,Taixi jing zhu,幻真先生,Huanzhen Xiansheng,注,,,,Late ninth century?,1,Yangsheng,Respiratory Techniques,,,,,
DZ0131,胎息祕要歌訣,,,,,,Yangsheng,Respiratory Techniques,,Tang,618,907,胎息祕要歌訣,Taixi biyao gejue,,,,,,,,1,Yangsheng,Respiratory Techniques,,,,,
DZ0132,太清真人絡命訣,,,,,,Yangsheng,-,,Third or fourth century,,,太清真人絡命訣,Taiqing zhenren luoming jue,,,,,,,,1,Yangsheng,-,,,,DZTK,
DZ0133,太上洞房內經注,,,,,,Shangqing,Other Early Shangqing Scriptures,,Six Dynasties,220,589,太上洞房內經注,Taishang dongfang neijing zhu,,,,,,,,1,Shangqing,Other Early Shangqing Scriptures,,,,,
DZ0134,陰真君還丹歌註,陳摶,,,,撰,Neidan and Yangsheng,Other Neidan Traditions,,Five Dynasties,907,960,陰真君還丹歌註,Yinzhen jun huandan gezhu ,陳摶,Chen Tuan,撰,扶搖、白雲先生、希夷先生,圖南,,871?-989,1,Neidan and Yangsheng,Other Neidan Traditions,,,,Poem Layer,
DZ0134,陰真君還丹歌註,陳摶,,,,撰,Neidan and Yangsheng,Other Neidan Traditions,,Early Song,960,1127,陰真君還丹歌註,Yinzhen jun huandan gezhu ,陳摶,Chen Tuan,撰,扶搖、白雲先生、希夷先生,圖南,,871?-989,1,Neidan and Yangsheng,Other Neidan Traditions,,,,Commentary Layer,
DZ0135,崔公入藥鏡註解,王玠,,,,撰,Neidan and Yangsheng,Other Neidan Traditions,,,,,崔公入藥鏡註解,Cuigong ruyao jing zhujie ,王玠,Wang Jie,撰,混然子,道淵,,fl. 1331-1380,1,Neidan and Yangsheng,Other Neidan Traditions,,,,,
DZ0136,呂純陽真人沁園春丹詞註解,呂喦,,,,撰,Neidan and Yangsheng,Other Neidan Traditions,,,,,呂純陽真人沁園春丹詞註解,Lü Chunyang zhenren Qinyuan chun danci zhujie,呂喦,Lü Yan,撰,純陽,洞賓,,,1,Neidan and Yangsheng,Other Neidan Traditions,,,,,
DZ0136,呂純陽真人沁園春丹詞註解,俞琰,,,,注,Neidan and Yangsheng,Other Neidan Traditions,,,,,呂純陽真人沁園春丹詞註解,Lü Chunyang zhenren Qinyuan chun danci zhujie,俞琰,Yu Yan,注,全陽子、林屋山人、石洞道人,玉吾,,1258-1314,1,Neidan and Yangsheng,Other Neidan Traditions,,,,,
DZ0137,青天歌註釋,王玠,,,,注,The Quanzhen Order,Individual Practice,,,,,青天歌註釋,Qingtian ge zhushi ,王玠,Wang Jie,注,混然子,道淵,,fl. 1331-1380,1,The Quanzhen Order,Individual Practice,,,,,
DZ0138,學仙辨真訣,,,,,,Alchemy,,,Northern Song ,960,1127,學仙辨真訣,Xuexian bianzhen jue ,,,,,,,,1,Alchemy,,,,,,
DZ0139,太上洞真凝神修行經訣,,,,,,Neidan and Yangsheng,The Wuzhen pian and the Southern School (Nanzong),,Late Song  or early Yuan  ,960-1279,or 1279-1368,太上洞真凝神修行經訣,Taishang dongzhen ningshen xiuxing jingjue,,,,,,,,1,Neidan and Yangsheng,The Wuzhen pian and the Southern School (Nanzong),,,,,
DZ0140,上清握中訣,陶弘景,,,,撰,Dongzhen Division,"Manuals, Anthologies, and Encyclopedias",Encyclopedias,,,,上清握中訣,Shangqing wozhong jue,陶弘景,Tao Hongjing,撰,華陽隱居,通明,貞白先生,456-536,3,Dongzhen Division,"Manuals, Anthologies, and Encyclopedias",Encyclopedias,,,,
DZ0141,紫陽真人悟真篇註疏,張伯端,,,,撰,Neidan and Yangsheng,The Wuzhen pian and the Southern School (Nanzong),,,,,紫陽真人悟真篇註疏,Ziyang zhenren Wuzhen pian zhushu ,張伯端,Zhang Boduan,撰,紫陽,平叔,,984-1082,8,Neidan and Yangsheng,The Wuzhen pian and the Southern School (Nanzong),,,,,
DZ0141,紫陽真人悟真篇註疏,翁葆光,,,,注,Neidan and Yangsheng,The Wuzhen pian and the Southern School (Nanzong),,,,,紫陽真人悟真篇註疏,Ziyang zhenren Wuzhen pian zhushu ,翁葆光,Weng Baoguang,注,無名子、象川翁,淵明,,1173,8,Neidan and Yangsheng,The Wuzhen pian and the Southern School (Nanzong),,,,,
DZ0141,紫陽真人悟真篇註疏,陳達靈,,,,傳,Neidan and Yangsheng,The Wuzhen pian and the Southern School (Nanzong),,,,,紫陽真人悟真篇註疏,Ziyang zhenren Wuzhen pian zhushu ,陳達靈,Chen Daling,傳,紫陽翁,,,1174,8,Neidan and Yangsheng,The Wuzhen pian and the Southern School (Nanzong),,,,,
DZ0141,紫陽真人悟真篇註疏,戴起宗,,,,編、注,Neidan and Yangsheng,The Wuzhen pian and the Southern School (Nanzong),,,,,紫陽真人悟真篇註疏,Ziyang zhenren Wuzhen pian zhushu ,戴起宗,Dai Qizong ,編、注,空玄子,同甫,,1337,8,Neidan and Yangsheng,The Wuzhen pian and the Southern School (Nanzong),,,,,
DZ0142,紫陽真人悟真篇三註,陳致虛,,,,撰,Neidan and Yangsheng,The Wuzhen pian and the Southern School (Nanzong),,,,,紫陽真人悟真篇三註,Ziyang zhenren Wuzhen pian sanzhu ,陳致虛,Chen Zhixu,撰,上陽子,觀吾,,b.1290,5,Neidan and Yangsheng,The Wuzhen pian and the Southern School (Nanzong),,,,,
DZ0142,紫陽真人悟真篇三註,陸墅,,,,撰,Neidan and Yangsheng,The Wuzhen pian and the Southern School (Nanzong),,,,,紫陽真人悟真篇三註,Ziyang zhenren Wuzhen pian sanzhu ,陸墅,Lu Shu,撰,,,,fl. thirteenth century?,5,Neidan and Yangsheng,The Wuzhen pian and the Southern School (Nanzong),,,,,
DZ0142,紫陽真人悟真篇三註,薛氏alias薛道光,,,,撰,Neidan and Yangsheng,The Wuzhen pian and the Southern School (Nanzong),,,,,紫陽真人悟真篇三註,Ziyang zhenren Wuzhen pian sanzhu ,薛氏alias薛道光,Xue Daoguang,撰,紫賢、毗陵禪師,道源,,dated 1169,5,Neidan and Yangsheng,The Wuzhen pian and the Southern School (Nanzong),,,,,
DZ0142,紫陽真人悟真篇三註,張士弘,,,,編、刊印,Neidan and Yangsheng,The Wuzhen pian and the Southern School (Nanzong),,,,,紫陽真人悟真篇三註,Ziyang zhenren Wuzhen pian sanzhu ,張士弘,Zhang Shihong,編、刊印,,,,fl. fourteenth century,5,Neidan and Yangsheng,The Wuzhen pian and the Southern School (Nanzong),,,,,
DZ0143,紫陽真人悟真直指詳說三乘祕要,,,,,,Neidan and Yangsheng,The Wuzhen pian and the Southern School (Nanzong),,,,,紫陽真人悟真直指詳說三乘祕要,Ziyang zhenren Wuzhen zhizhi xiangshuo sancheng biyao ,,,,,,,,1,Neidan and Yangsheng,The Wuzhen pian and the Southern School (Nanzong),,,,,
DZ0144,紫陽真人悟真篇拾遺,張伯端,,,,撰,Neidan and Yangsheng,The Wuzhen pian and the Southern School (Nanzong),,,,,紫陽真人悟真篇拾遺,Ziyang zhenren Wuzhen pian shiyi ,張伯端,Zhang Boduan,撰,紫陽,平叔,,984-1082,1,Neidan and Yangsheng,The Wuzhen pian and the Southern School (Nanzong),,,,,
DZ0145,悟真篇註釋,張伯端,,,,撰,Neidan and Yangsheng,The Wuzhen pian and the Southern School (Nanzong),,,,,悟真篇註釋,Wuzhen pian zhushi,張伯端,Zhang Boduan,撰,紫陽,平叔,,984-1082,3,Neidan and Yangsheng,The Wuzhen pian and the Southern School (Nanzong),,,,,
DZ0145,悟真篇註釋,翁葆光,,,,注,Neidan and Yangsheng,The Wuzhen pian and the Southern School (Nanzong),,,,,悟真篇註釋,Wuzhen pian zhushi,翁葆光,Weng Baoguang,注,無名子、象川翁,淵明,,fl. 1173,3,Neidan and Yangsheng,The Wuzhen pian and the Southern School (Nanzong),,,,,
DZ0146,紫陽真人悟真篇講義,張伯端,,,,撰,Neidan and Yangsheng,The Wuzhen pian and the Southern School (Nanzong),,,,,紫陽真人悟真篇講義,Ziyang zhenren Wuzhen pian jiangyi,張伯端,Zhang Boduan,撰,紫陽,平叔,,984-1082,7,Neidan and Yangsheng,The Wuzhen pian and the Southern School (Nanzong),,,,,
DZ0146,紫陽真人悟真篇講義,夏元鼎,,,,注,Neidan and Yangsheng,The Wuzhen pian and the Southern School (Nanzong),,,,,紫陽真人悟真篇講義,Ziyang zhenren Wuzhen pian jiangyi,夏元鼎,Xia Yuanding,注,雲峰散人,宗瑀,,ca 1226,7,Neidan and Yangsheng,The Wuzhen pian and the Southern School (Nanzong),,,,,
DZ0147,靈寶無量度人上品妙經符圖,徽宗,,,,序,Shenxiao Fa and Related Thunder Rites,,,,,,靈寶無量度人上品妙經符圖,Lingbao wuliang duren shangpin miaojing futu ,徽宗,Emperor Huizong of the Song,序,,,,r. 1100-1125,3,Shenxiao Fa and Related Thunder Rites,,,,,,
DZ0148,無量度人上品妙經旁通圖,劉元道,,,,纂,Philosophy,"Commentaries on Zhengyi, Shangqing, and Lingbao Scriptures",,,,,無量度人上品妙經旁通圖,Wuliang duren shangpin miaojing pangtong tu,劉元道,Liu Yuandao,纂,守一大師,,,,2,Philosophy,"Commentaries on Zhengyi, Shangqing, and Lingbao Scriptures",,,,,
DZ0149,修真太極混元圖,蕭道存,,,,撰,Neidan and Yangsheng,The Zhong-Lü Tradition,,Northern Song,960,1127,修真太極混元圖,Xiuzhen taiji hunyuan tu,蕭道存,Xiao Daocun,撰,混一子,,,,1,Neidan and Yangsheng,The Zhong-Lü Tradition,,,,,
DZ0150,修真太極混元指玄圖,,,,,,Neidan and Yangsheng,The Zhong-Lü Tradition,,Song ,960,1279,修真太極混元指玄圖,Xiuzhen taiji hunyuan zhixuan tu ,,,,,,,,1,Neidan and Yangsheng,The Zhong-Lü Tradition,,,,,
DZ0151,金液還丹印證圖,龍眉子,,,,撰,Neidan and Yangsheng,The Wuzhen pian and the Southern School (Nanzong),,,1222,,金液還丹印證圖,Jinyi huandan yinzheng tu,龍眉子,Longmei zi ,撰,,,,,1,Neidan and Yangsheng,The Wuzhen pian and the Southern School (Nanzong),,,,,
DZ0152,修真歷驗鈔圖,,,,,,Alchemy ,Inner Alchemy,,Tang,618,907,修真歷驗鈔圖,Xiuzhen liyan chaotu,,,,,,,,1,Alchemy ,Inner Alchemy,,,,,
DZ0153,龍虎手鑑圖,,,,,,Philosophy,Commentaries on the Zhouyi cantong qi and Related Scriptures,,,,,龍虎手鑑圖,Longhu shoujian tu,,,,,,,,1,Philosophy,Commentaries on the Zhouyi cantong qi and Related Scriptures,,,,,
DZ0154,上清太玄九陽圖,侯善淵,神居洞，姑射山,"36,677122","111,263801",撰,Neidan and Yangsheng,The Wuzhen pian and the Southern School (Nanzong),,End of the twelfth century,1151,1200,上清太玄九陽圖,Shangqing Taixuan jiuyang tu,侯善淵,Hou Shanyuan,撰,太玄子,,,,1,Neidan and Yangsheng,The Wuzhen pian and the Southern School (Nanzong),,神居洞，姑射山,PL000000005965,,
DZ0155,三才定位圖,張商英,,,,撰,Sacred History and Geography,Sacred Histories and Records,,,,,三才定位圖,Sancai dingwei tu,張商英,Zhang Shangying,撰,無盡居士,天覺,,1043-1121,1,Sacred History and Geography,Sacred Histories and Records,,,,,
DZ0156,上清洞真九宮紫房圖,,,,,,Dongzhen Division,"Manuals, Anthologies, and Encyclopedias",Practices,Tang,618,907,上清洞真九宮紫房圖,Shangqing dongzhen jiugong zifang tu,,,,,,,,1,Dongzhen Division,"Manuals, Anthologies, and Encyclopedias",Practices,,,,
DZ0157,周易圖,,,,,,Divination and Numerology,,,Southern Song ,1127,1279,周易圖,Zhouyi tu,,,,,,,,3,Divination and Numerology,,,,,,
DZ0158,大易象數鉤深圖,,,,,,Divination and Numerology,,,,,,大易象數鉤深圖,Dayi xiangshu goushen tu,,,,,,,,3,Divination and Numerology,,,,,,
DZ0159,易數鉤隱圖,劉牧,,,,撰,Divination and Numerology,,,,,,易數鉤隱圖,Yishu gouyin tu,劉牧,Liu Mu,撰,,,,1011-1064,3,Divination and Numerology,,,,,,
DZ0160,易數鉤隱圖遺論九事,劉牧,,,,撰,Divination and Numerology,,,,,,易數鉤隱圖遺論九事,Yishu gouyin tu yilun jiushi ,劉牧,Liu Mu,撰,,,,1011-1064,1,Divination and Numerology,,,,,,
DZ0161,易象圖說內篇,張理,,,,撰、序,Divination and Numerology,,,,,,易象圖說內篇,Yixiang tushuo neipian,張理,Zhang Li,撰、序,,,,fl. 1314-1364,3,Divination and Numerology,,,,,,
DZ0161,易象圖說內篇,黃鎮成,,,,序,Divination and Numerology,,,,1357,,易象圖說內篇,Yixiang tushuo neipian,黃鎮成,Huang Zhencheng,序,,,,,3,Divination and Numerology,,,,,,
DZ0162,易象圖說外篇,張理,,,,撰、序,Divination and Numerology,,,,,,易象圖說外篇,Yixiang tushuo waipian,張理,Zhang Li,撰、序,,,,fl. 1314-1364,3,Divination and Numerology,,,,,,
DZ0163,玄元十子圖,趙孟頫,,,,撰、刊記,Sacred History and Geography,Hagiographies,,,1286,,玄元十子圖,Xuanyuan shizi tu ,趙孟頫,Zhao Mengfu,撰、刊記,松雪道人、水晶宮道人,子昂,,1254-1322,1,Sacred History and Geography,Hagiographies,,,,,
DZ0164,上清三尊譜錄,,,,,,Sacred History and Geography,Sacred Annals and Records,,,,,上清三尊譜錄,Shangqing sanzun pulu,,,,,,,,1,Sacred History and Geography,Sacred Annals and Records,,,,,
DZ0165,靈寶自然九天生神三寶大有金書,葛巢甫,句容,"31,9453","119,1717",,Lingbao Canon,Canonical Lingbao Scriptures,,,395,405,靈寶自然九天生神三寶大有金書,Lingbao ziran jiutian shengshen sanbao dayou jinshu,葛巢甫,Ge Chaofu,,,,,402,1,Lingbao Canon,Canonical Lingbao Scriptures,,句容,PL000000011098,MSB Daterange,
DZ0166,元始上真眾仙記,葛洪,,,,,Sacred History and Geography ,Cosmogony and the Pantheon,,Six Dynasties,220,589,元始上真眾仙記,Yuanshi shangzhen zhongxian ji,葛洪,Ge Hong,,抱朴,稚川,,283-343,1,Sacred History and Geography ,Cosmogony and the Pantheon,,,,"DZTK It refers to 許穆 i.e. Xu Mi, but is attrib. to Ge Hong.",
DZ0167,洞玄靈寶真靈位業圖,陶弘景,茅山,,,,Sacred History and Geography ,Cosmogony and the Pantheon,,,498,510,洞玄靈寶真靈位業圖,Dongxuan lingbao zhenling weiye tu ,陶弘景,Tao Hongjing,,華陽隱居,通明,,456-536,1,Sacred History and Geography ,Cosmogony and the Pantheon,,茅山,,MSB Daterange,
DZ0167,洞玄靈寶真靈位業圖,閭丘放遠,,,,改訂,Sacred History and Geography ,Cosmogony and the Pantheon,,,800,893,洞玄靈寶真靈位業圖,Dongxuan lingbao zhenling weiye tu ,閭丘放遠,Lüqiu Fangyuan,改訂,妙有大師、玄洞先生,大方,,?-902 ,1,Sacred History and Geography ,Cosmogony and the Pantheon,,,,MSB Start Date,
DZ0168,元始高上玉檢大錄,,,,,,Dongzhen Division,The Shangqing Registers,,Tang,618,907,元始高上玉檢大錄,Yuanshi gaoshang yujian dalu ,,,,,,,,1,Dongzhen Division,The Shangqing Registers,,,,,
DZ0169,清河內傳,,,,,,The Wenchang Cult,,,Ming,1368,1644,清河內傳,Qinghe neizhuan,,,,,,,,1,The Wenchang Cult,,,,,,
DZ0170,梓潼帝君化書,,,,,,The Wenchang Cult,,,,1316,,梓潼帝君化書,Zitong dijun huashu,,,,,,,,4,The Wenchang Cult,,,,,,
DZ0171,清微仙譜,黃舜申,,,,撰,The Qingwei School,,,,,,清微仙譜,Qingwei xianpu ,黃舜申,Huang Shunshen,撰,雷淵、碧水雷淵真人,,,fl. 1224-1286,1,The Qingwei School,,,,,,
DZ0171,清微仙譜,陳采,,,,序,The Qingwei School,,,,1293,,清微仙譜,Qingwei xianpu ,陳采,Chen Cai,序,,,,,1,The Qingwei School,,,,,,
DZ0172,三茅真君加封事典,張大淳,,,,編、纂,Sacred History and Geography,Sacred Histories and Records,,,1267,,三茅真君加封事典,San Mao zhenjun jiafeng shidian,張大淳,Zhang Dachun,編、纂,沖靖明真徽妙大師,,,,2,Sacred History and Geography,Sacred Histories and Records,,,,,
DZ0173,金蓮正宗紀,秦志安,,,,撰,The Quanzhen Order,Hapiography and Biography,,,1241,,金蓮正宗紀,Jinlian zhengzong ji ,秦志安,Qin Zhian ,撰,長春壺天、林間羽客、樗櫟道人,,,,5,The Quanzhen Order,Hapiography and Biography,,,,,
DZ0174,金蓮正宗仙源像傳,劉志玄,,,,纂,The Quanzhen Order,Hapiography and Biography,,,,,金蓮正宗仙源像傳,Jinlian zhengzong xianyuan xiangzhuan,劉志玄,Liu Zhixuan ,纂,廬山清溪道人,,,,1,The Quanzhen Order,Hapiography and Biography,,,,,
DZ0174,金蓮正宗仙源像傳,謝西蟾,,,,纂,The Quanzhen Order,Hapiography and Biography,,,1326,,金蓮正宗仙源像傳,Jinlian zhengzong xianyuan xiangzhuan,謝西蟾,Xie Xichan,纂,,,,,1,The Quanzhen Order,Hapiography and Biography,,,,,
DZ0175,七真年譜,李道謙,,,,纂,The Quanzhen Order,Hapiography and Biography,,,1271,,七真年譜,Qjzhen nianpu,李道謙,Li Daoqian,纂,和甫,,,,1,The Quanzhen Order,Hapiography and Biography,,,,,
DZ0176,玄風慶會錄,移剌楚才,,,,撰,The Quanzhen Order,Hapiography and Biography,,,1232,,玄風慶會錄,Xuanfeng qinghui lu,移剌楚才,Yila Chucai ,撰,,,,,1,The Quanzhen Order,Hapiography and Biography,,,,,
DZ0177,太上洞真智慧上品大戒,葛巢甫,句容,"31,9453","119,1717",,Lingbao Canon,Canonical Lingbao Scriptures,,,395,405,太上洞真智慧上品大戒,Taishang dongzhen zhihui shangpin dajie,葛巢甫,Ge Chaofu,,,,,402,1,Lingbao Canon,Canonical Lingbao Scriptures,,句容,PL000000011098,MSB Daterange,
DZ0178,三洞眾戒文,張萬福,,,,纂,The General Liturgical Organization of the Tang,,,,,,三洞眾戒文,Sandong zhongjie wen,張萬福,Zhang Wanfu ,纂,,,,fl. 711-713,2,The General Liturgical Organization of the Tang,,,,,,
DZ0179,太微靈書紫文仙忌真記上經,楊羲,句容,"31,9453","119,1717",,Shangqing,Canonical Shangqing Scriptures,,Eastern Jin ,363,370,太微靈書紫文仙忌真記上經,Taiwei lingshu ziwen xianji zhenji shangjing,楊羲,Yang Xi,,,羲和,,330-386,1,Shangqing,Canonical Shangqing Scriptures,,句容,PL000000011098,DZTK 152: This is a fragment of the Lingshu ziwen and one of the rare scriptures among the original Shangqing revelations,
DZ0180,虛皇天尊初真十戒文,,,,,,Lingbao,Rituals and Rules ,,,,,虛皇天尊初真十戒文,Xuhuang tianzun chuzhen shijie wen,,,,,,,,1,Lingbao,Rituals and Rules ,,,,,
DZ0181,太上九真妙戒金籙度命拔罪妙經,,,,,,Lingbao,Scriptures,Medium-Length Scriptures,Tang,618,907,太上九真妙戒金籙度命拔罪妙經,Taishang jiuzhen miaojie jinlu duming bazui miaojing,,,,,,,,1,Lingbao,Scriptures,Medium-Length Scriptures,,,,
DZ0182,太上十二上品飛天法輪勸戒妙經,,,,,,Lingbao,Scriptures,Medium-Length Scriptures,Tang,618,907,太上十二上品飛天法輪勸戒妙經,Taishang shier shangpin feitian falun quanjie miaojing,,,,,,,,1,Lingbao,Scriptures,Medium-Length Scriptures,,,,
DZ0183,太極真人說二十四門戒經,,,,,,Lingbao,Scriptures,Medium-Length Scriptures,Tang,618,907,太極真人說二十四門戒經,Taiji zhenren shuo ershisi men jie jing ,,,,,,,,1,Lingbao,Scriptures,Medium-Length Scriptures,,,,
DZ0184,太真玉帝四極明科經,,,,,,Shangqing,Other Early Shangqing Scriptures,,Six Dynasties,220,589,太真玉帝四極明科經,Taizhen yudi siji mingke jing,,,,,,,,5,Shangqing,Other Early Shangqing Scriptures,,,,,
DZ0185,赤松子中誡經,,,,,,Philosophy,Tang Philosophical Texts (General) ,,Tenth century,901,1000,赤松子中誡經,Chisong zi zhongjie jing ,,,,,,,,1,Philosophy,Tang Philosophical Texts (General) ,,,,,
DZ0186,太微仙君功過格,又玄子,,,,,The Jingming Zhongxiao School,,,,1171,,太微仙君功過格,Taiwei xianjun gongguo ge,又玄子,Youxuan zi,,,,,,1,The Jingming Zhongxiao School,,,,,,
DZ0187,太清五十八願文,,,,,,Lingbao Canon,Canonical Lingbao Scriptures,,Six Dynasties,220,589,太清五十八願文,Taiqing wushiba yuanwen,,,,,,,,1,Lingbao Canon,Canonical Lingbao Scriptures,,,,,
DZ0188,玄都律文,,,,,,The Orthodox One Way of the Heavenly Master  ,Liturgical Organization,,Seventh century,601,700,玄都律文,Xuandu lüwen,,,,,,,,1,The Orthodox One Way of the Heavenly Master  ,Liturgical Organization,,,,,
DZ0189,太上靈寶朝天謝罪大懺,,,,,,The Qingwei School,,,,,,太上靈寶朝天謝罪大懺,Taishang lingbao chaotian xiezui dachan,,,,,,,,10,The Qingwei School,,,,,,
DZ0190,太上玉清謝罪登真寶懺,,,,,,Lingbao,Litanies,,,,,太上玉清謝罪登真寶懺,Taishang yuqing xiezui dengzhen baochan,,,,,,,,1,Lingbao,Litanies,,,,,
DZ0191,太上上清禳災延壽寶懺,,,,,,Lingbao,Litanies,,,,,太上上清禳災延壽寶懺,Taishang shangqing rangzai yanshou baochan,,,,,,,,1,Lingbao,Litanies,,,,,
DZ0192,太上泰清拔罪昇天寶懺,,,,,,Lingbao,Litanies,,,,,太上泰清拔罪昇天寶懺,Taishang taiqing bazui shengtian baochan,,,,,,,,1,Lingbao,Litanies,,,,,
DZ0193,玉皇宥罪錫福寶懺,辛漢臣,,,,,The Qingwei School,,,Fourteenth century ,1301,1400,玉皇宥罪錫福寶懺,Yuhuang youzui xifu baochan,辛漢臣,Xin Hanchen ,,,,,,1,The Qingwei School,,,,,,
DZ0194,高上玉皇滿願寶懺,,,,,,The Qingwei School,,,Fourteenth century,1301,1400,高上玉皇滿願寶懺,Gaoshang yuhuang manyuan baochan,,,,,,,,10,The Qingwei School,,,,,,
DZ0195,九天應元雷聲普化天尊玉樞寶懺,,,,,,Shenxiao Fa and Related Thunder Rites,,,,,,九天應元雷聲普化天尊玉樞寶懺,Jiutian yingyuan leisheng puhua tianzun yushu baochan,,,,,,,,1,Shenxiao Fa and Related Thunder Rites,,,,,,
DZ0196,雷霆玉樞宥罪法懺,,,,,,Shenxiao Fa and Related Thunder Rites,,,,,,雷霆玉樞宥罪法懺,Leiting yushu youzui fachan,,,,,,,,1,Shenxiao Fa and Related Thunder Rites,,,,,,
DZ0197,玉皇十七慈光燈儀,,,,,,Zhengyi,Lamp Rituals,,,,,玉皇十七慈光燈儀,Yuhuang shiqi ciguang dengyi,,,,,,,,1,Zhengyi,Lamp Rituals,,,,,
DZ0198,上清十一大曜燈儀,,,,,,Zhengyi,Lamp Rituals,,,,,上清十一大曜燈儀,Shangqing shiyi dayao dengyi,,,,,,,,1,Zhengyi,Lamp Rituals,,,,,
DZ0199,南斗延壽燈儀,,,,,,Zhengyi,Lamp Rituals,,,,,南斗延壽燈儀,Nandou yanshou dengyi,,,,,,,,1,Zhengyi,Lamp Rituals,,,,,
DZ0200,北斗七元星燈儀,,,,,,Zhengyi,Lamp Rituals,,,,,北斗七元星燈儀,Beidou qiyuan xing dengyi,,,,,,,,1,Zhengyi,Lamp Rituals,,,,,
DZ0201,北斗本命延壽燈儀,,,,,,Zhengyi,Lamp Rituals,,,,,北斗本命延壽燈儀,Beidou benming yanshou dengyi ,,,,,,,,1,Zhengyi,Lamp Rituals,,,,,
DZ0202,三官燈儀,,,,,,Zhengyi,Lamp Rituals,,,,,三官燈儀,Sanguan dengyi ,,,,,,,,1,Zhengyi,Lamp Rituals,,,,,
DZ0203,玄帝燈儀,,,,,,Zhengyi,Lamp Rituals,,,,,玄帝燈儀,Xuandi dengyi ,,,,,,,,1,Zhengyi,Lamp Rituals,,,,,
DZ0204,九天三茅司命仙燈儀,,,,,,Zhengyi,Lamp Rituals,,,,,九天三茅司命仙燈儀,"
Jiutian San Mao siming xian dengyi ",,,,,,,,1,Zhengyi,Lamp Rituals,,,,,
DZ0205,萬靈燈儀,,,,,,Zhengyi,Lamp Rituals,,,,,萬靈燈儀,Wanling dengyi ,,,,,,,,1,Zhengyi,Lamp Rituals,,,,,
DZ0206,五顯靈觀大帝燈儀,,,,,,Zhengyi,Lamp Rituals,,,,,五顯靈觀大帝燈儀,Wuxian lingguan dadi dengyi ,,,,,,,,1,Zhengyi,Lamp Rituals,,,,,
DZ0207,土司燈儀,,,,,,Zhengyi,Lamp Rituals,,,,,土司燈儀,Tusi dengyi,,,,,,,,1,Zhengyi,Lamp Rituals,,,,,
DZ0208,東厨司命燈儀,,,,,,Zhengyi,Lamp Rituals,,,,,東厨司命燈儀,Dongchu siming dengyi ,,,,,,,,1,Zhengyi,Lamp Rituals,,,,,
DZ0209,正一瘟司辟毒神燈儀,,,,,,Zhengyi,Lamp Rituals,,,,,正一瘟司辟毒神燈儀,Zhengyi wensi bidu shen dengyi,,,,,,,,1,Zhengyi,Lamp Rituals,,,,,
DZ0210,離明瑞象燈儀,,,,,,Zhengyi,Lamp Rituals,,,,,離明瑞象燈儀,Liming ruixiang dengyi,,,,,,,,1,Zhengyi,Lamp Rituals,,,,,
DZ0211,黃籙九陽梵炁燈儀,,,,,,Zhengyi,Lamp Rituals,,,,,黃籙九陽梵炁燈儀,Huanglu jiuyang fanqi dengyi,,,,,,,,1,Zhengyi,Lamp Rituals,,,,,
DZ0212,黃籙九卮燈儀,,,,,,Zhengyi,Lamp Rituals,,,,,黃籙九卮燈儀,Huanglu jiuzhi dengyi,,,,,,,,1,Zhengyi,Lamp Rituals,,,,,
DZ0213,黃籙破獄燈儀,,,,,,Zhengyi,Lamp Rituals,,,,,黃籙破獄燈儀,Huanglu poyu dengyi,,,,,,,,1,Zhengyi,Lamp Rituals,,,,,
DZ0214,黃籙五苦輪燈儀,,,,,,Zhengyi,Lamp Rituals,,,,,黃籙五苦輪燈儀,Huanglu wuku lundeng yi,,,,,,,,1,Zhengyi,Lamp Rituals,,,,,
DZ0215,地府十王拔度儀,,,,,,Lingbao,Rituals,,Song,960,1279,地府十王拔度儀,Difu shiwang badu yi,,,,,,,,1,Lingbao,Rituals,,,,,
DZ0216,上清天寶齋初夜儀,,,,,,Dongzhen Division,"Manuals, Anthologies, and Encyclopedias",Liturgy,,,,上清天寶齋初夜儀,Shangqing tianbao zhai chuyeyi,,,,,,,,1,Dongzhen Division,"Manuals, Anthologies, and Encyclopedias",Liturgy,,,,
DZ0217,太乙火府奏吿祈禳儀,,,,,,Shenxiao Fa and Related Thunder Rites,,,,,,太乙火府奏吿祈禳儀,Taiyi huofu zougao qirangyi ,,,,,,,,1,Shenxiao Fa and Related Thunder Rites,,,,,,
DZ0218,清微玄樞奏告儀,葉雲來,,,,撰,The Qingwei School,,,Yuan ,1279,1368,清微玄樞奏告儀,Qingwei xuanshu zougao yi ,葉雲來,School of Ye Yunlai ,撰,,,,,1,The Qingwei School,,,,,,
DZ0219,靈寶無量度人上經大法,,,,,,Lingbao,Manuals,,,1200,,靈寶無量度人上經大法,Lingbao wuliang duren shangjing dafa ,,,,,,,,73,Lingbao,Manuals,,,,,
DZ0220,無上玄元三天玉堂大法,路時中,,,,撰、刊記,Tianxin Zhengfa and Related Rites,,,,1158,1200,無上玄元三天玉堂大法,Wushang xuanyuan santian yutang dafa,路時中,Lu Shizhong,撰、刊記,,當可,,fl. first half of the twelfth century,30,Tianxin Zhengfa and Related Rites,,,,,,
DZ0221,無上三天玉堂正宗高奔內景玉書,,,,,,Tianxin Zhengfa and Related Rites,,,First half of the twelfth century,1101,1150,無上三天玉堂正宗高奔內景玉書,Wushang santian yutang zhengzong gaoben neijing yushu,,,,,,,,2,Tianxin Zhengfa and Related Rites,,,,,,
DZ0222,清微神烈祕法,,,,,,The Qingwei School,,,Fourteenth century,1301,1400,清微神烈祕法,Qjngwei shenlie bifa,,,,,,,,2,The Qingwei School,,,,,,
DZ0223,清微元降大法,,,,,,The Qingwei School,,,,,,清微元降大法,Qingwei yuanjiang dafa ,,,,,,,,25,The Qingwei School,,,,,,
DZ0224,清微齋法,,,,,,The Qingwei School,,,Fourteenth century,1301,1400,清微齋法,Qingwei zhaifa,,,,,,,,2,The Qingwei School,,,,,,
DZ0225,太上九要心印妙經,張果老,,,,撰,Neidan and Yangsheng,The Zhong-Lü Tradition,,Song ,960,1279,太上九要心印妙經,Taishang jiuyao xinyin miaojing,張果老,Zhang Guolao,撰,通玄子,,,ca. 742,1,Neidan and Yangsheng,The Zhong-Lü Tradition,,,,,
DZ0226,紫元君授道傳心法,陰長生,,,,注,Alchemy,Inner Alchemy,,Tang,618,907,紫元君授道傳心法,Ziyuanjun shoudao chuanxin fa,陰長生,Yin Changsheng,注,,,,,1,Alchemy,Inner Alchemy,,,,,
DZ0227,真龍虎九仙經,葉法善,,,,注,Alchemy,Inner Alchemy,,,,,真龍虎九仙經,Zhen longhu jiuxian jing,葉法善,Ye Fashan,注,,道元,,616?-720,1,Alchemy,Inner Alchemy,,,,,
DZ0227,真龍虎九仙經,羅公遠,,,,注,Alchemy,Inner Alchemy,,Before the ninth century,,,真龍虎九仙經,Zhen longhu jiuxian jing,羅公遠,Luo Gongyuan,注,,,,,1,Alchemy,Inner Alchemy,,,,,
DZ0228,龍虎中丹訣,,,,,,Neidan and Yangsheng,Other Neidan Traditions,,,,,龍虎中丹訣,Longhu zhongdan jue,,,,,,,,1,Neidan and Yangsheng,Other Neidan Traditions,,,,,
DZ0229,九還七返龍虎金丹析理真訣,程昭,,,,撰,Neidan and Yangsheng,General Works and Manuals,,Northern Song,960,1127,九還七返龍虎金丹析理真訣,Jiuhuan qifan longhu jindan xili zhenjue,程昭,Cheng Zhao,撰,,士明,,,1,Neidan and Yangsheng,General Works and Manuals,,,,,
DZ0230,諸真論還丹訣,,,,,,Neidan and Yangsheng,The Zhong-Lü Tradition,,Northern Song,960,1127,諸真論還丹訣,Zhuzhen lun huandan jue,,,,,,,,1,Neidan and Yangsheng,The Zhong-Lü Tradition,,,,,
DZ0231,真一金丹訣,王常,,,,撰,Neidan and Yangsheng,The Zhong-Lü Tradition,,Song ,960,1279,真一金丹訣,Zhenyi jindan jue ,王常,Wang Chang,撰,,,,,1,Neidan and Yangsheng,The Zhong-Lü Tradition,,,,,
DZ0232,還丹祕訣養赤子神方,許子微,,,,撰,Neidan and Yangsheng,Other Neidan Traditions,,End of the twelfth century,1151,1200,還丹祕訣養赤子神方,Huandan bijue yang chizi shenfang,許子微,Xu Ziwei ,撰,,明道,,,1,Neidan and Yangsheng,Other Neidan Traditions,,,,,
DZ0233,還丹眾仙論,楊在,,,,撰,Alchemy,,,,1052,,還丹眾仙論,Huandan zhongxian lun,楊在,Yang Zai ,撰,抱腹山人,,,,1,Alchemy,,,,,,
DZ0234,修丹妙用至理論,,,,,,Neidan and Yangsheng,General Works and Manuals,,Northern Song,960,1127,修丹妙用至理論,Xiudan miaoyong zhili lun,,,,,,,,1,Neidan and Yangsheng,General Works and Manuals,,,,,
DZ0235,丹經極論,,,,,,Neidan and Yangsheng,The Wuzhen pian and the Southern School (Nanzong),,Southern Song ,1127,1279,丹經極論,Danjing jilun,,,,,,,,1,Neidan and Yangsheng,The Wuzhen pian and the Southern School (Nanzong),,,,,
DZ0236,金晶論,,,,,,Neidan and Yangsheng,General Works and Manuals,,Northern Song,960,1127,金晶論,Jinjing lun,,,,,,,,1,Neidan and Yangsheng,General Works and Manuals,,,,,
DZ0237,還丹顯妙通幽集,潛真子,,,,撰,Neidan and Yangsheng,General Works and Manuals,,Northern Song,960,1127,還丹顯妙通幽集,Huandan xianmiao tongyou ji ,潛真子,Qianzhen zi ,撰,,,,,1,Neidan and Yangsheng,General Works and Manuals,,,,,
DZ0238,元陽子金液集,,,,,,Alchemy,Inner Alchemy,,Ninth to tenth century,801,1000,元陽子金液集,Yuanyang zi jinyi ji ,,,,,,,,1,Alchemy,Inner Alchemy,,,,,
DZ0239,還丹金液歌註,元陽子,,,,撰,Alchemy,Inner Alchemy,,,,,還丹金液歌註,Huandan jinyige zhu,元陽子,Yuanyang zi,撰,,,,,1,Alchemy,Inner Alchemy,,,,,
DZ0239,還丹金液歌註,張果,,,,注,Alchemy,Inner Alchemy,,Five Dynasties,907,960,還丹金液歌註,Huandan jinyige zhu,張果,Zhang Guo,注,通玄子,,,d. ca. 742,1,Alchemy,Inner Alchemy,,,,,
DZ0240,玉清金笥青華祕文金寶內鍊丹訣,張伯端,,,,撰,Neidan and Yangsheng,The Wuzhen pian and the Southern School (Nanzong),,,,,玉清金笥青華祕文金寶內鍊丹訣,Yuqing jinsi qinghua biwen jinbao neilian danjue ,張伯端,Zhang Boduan,撰,紫陽,平叔,,984-1082,3,Neidan and Yangsheng,The Wuzhen pian and the Southern School (Nanzong),,,,,
DZ0241,碧虛子親傳直指,楊明真,,,,撰,Neidan and Yangsheng,The Wuzhen pian and the Southern School (Nanzong),,,1150,1228,碧虛子親傳直指,Bixu zi qinchuan zhizhi,楊明真,Yang Mingzhen ,撰,碧虛子,,,,1,Neidan and Yangsheng,The Wuzhen pian and the Southern School (Nanzong),,,,,
DZ0242,紙舟先生全真直指,金月嚴,,,,纂,The Quanzhen Order,Individual Practice,,,,,紙舟先生全真直指,Zhizhou xiansheng quanzhen zhizhi,金月嚴,Jin Yueyan,纂,,,,,1,The Quanzhen Order,Individual Practice,,,,,
DZ0242,紙舟先生全真直指,黃公望,,,,傳,The Quanzhen Order,Individual Practice,,,,,紙舟先生全真直指,Zhizhou xiansheng quanzhen zhizhi,黃公望,Huang Gongwang,傳,大癡,,,1269-1354,1,The Quanzhen Order,Individual Practice,,,,,
DZ0243,陳虛白䂓中指南,陳沖素,,,,撰,Neidan and Yangsheng,The Wuzhen pian and the Southern School (Nanzong),,,,,陳虛白䂓中指南,Chen Xubo guizhong zhinan ,陳沖素,Chen Chongsu,撰,虛白子,,,,2,Neidan and Yangsheng,The Wuzhen pian and the Southern School (Nanzong),,,,,
DZ0244,大丹直指,丘處機,,,,撰,The Quanzhen Order,Individual Practice,,Early Yuan,1271,1320,大丹直指,Dadan zhizhi,丘處機,Qiu Chuji,撰,長春,通密,,1148-1227,2,The Quanzhen Order,Individual Practice,,,,,
DZ0245,玉谿子丹經指要,李簡易,,,,撰,Neidan and Yangsheng,The Wuzhen pian and the Southern School (Nanzong),,,,,玉谿子丹經指要,Yuqi zi danjing zhiyao,李簡易,Li Jianyi ,撰,玉谿子,,,fl. 1264,3,Neidan and Yangsheng,The Wuzhen pian and the Southern School (Nanzong),,,,,
DZ0246,西山群仙會真記,施肩吾,,,,撰,Neidan and Yangsheng,The Zhong-Lü Tradition,,,,,西山群仙會真記,Xishan qunxian huizhen ji,施肩吾,Shi Jianwu ,撰,栖真子、清虛洞天華陽真人,希聖,,fl . 820 ,5,Neidan and Yangsheng,The Zhong-Lü Tradition,,,,,
DZ0246,西山群仙會真記,李竦,,,,纂,Neidan and Yangsheng,The Zhong-Lü Tradition,,Northern Song,960,1127,西山群仙會真記,Xishan qunxian huizhen ji,李竦,Li Song,纂,三仙門弟子天下都閑客,全美,,,5,Neidan and Yangsheng,The Zhong-Lü Tradition,,,,,
DZ0247,會真集,王吉昌,,,,撰,The Quanzhen Order,Logia and Collected Works,,,,,會真集,Huizhen ji ,王吉昌,Wang Jichang,撰,超然子,,,active early thirteenth century,5,The Quanzhen Order,Logia and Collected Works,,,,,
DZ0248,啓真集,劉志淵,,,,撰,The Quanzhen Order,Logia and Collected Works,,,,,啓真集,Qjzhen ji,劉志淵,Liu Zhiyuan,撰,通玄子,,,,3,The Quanzhen Order,Logia and Collected Works,,,,,
DZ0249,中和集,李道純,,,,撰,The Quanzhen Order,Individual Practice,,,1306,,中和集,Zhonghe ji ,李道純,Li Daochun,撰,清菴、瑩蟾,元素,,fl.1288-1306,6,The Quanzhen Order,Individual Practice,,,,,
DZ0249,中和集,蔡志頤,,,,編,The Quanzhen Order,Individual Practice,,,,,中和集,Zhonghe ji ,蔡志頤,Cai Zhiyi,編,寶蟾子,損菴,,late thirteenth century,6,The Quanzhen Order,Individual Practice,,,,,
DZ0249,中和集,杜道堅,玄元真館，錢塘,"30,2928","120,1775",序,The Quanzhen Order,Individual Practice,,,,,中和集,Zhonghe ji ,杜道堅,Du Daojian ,序,南谷子、輔教大師,處逸,,1237-1318,6,The Quanzhen Order,Individual Practice,,玄元真館，錢塘,PL000000011502,,
DZ0250,三天易髓,李道純,,,,撰,The Quanzhen Order,Individual Practice,,,,,三天易髓,Santian yisui ,李道純,Li Daochun,撰,清菴、瑩蟾,元素,,fl.1288-1306,1,The Quanzhen Order,Individual Practice,,,,,
DZ0251,全真集玄祕要,李道純,,,,撰,The Quanzhen Order,Individual Practice,,,,,全真集玄祕要,Quanzhen ji xuan biyao ,李道純,Li Daochun,撰,清菴、瑩蟾,元素,,fl.1288-1306,1,The Quanzhen Order,Individual Practice,,,,,
DZ0252,谷神篇,林轅,,,,撰,Neidan and Yangsheng ,Other Neidan Traditions,,,1304,,谷神篇,Gushen pian,林轅,Lin Yuan,撰,玄巢子,神鳳,,,2,Neidan and Yangsheng ,Other Neidan Traditions,,,,,
DZ0253,金闕帝君三元真一經,,,,,,Dongzhen Division,Scriptures ,,Tang,618,907,金闕帝君三元真一經,Jinjue dijun sanyuan zhenyi jing,,,,,,,,1,Dongzhen Division,Scriptures ,,,,,
DZ0254,大洞金華玉經,,,,,,Shangqing,Other Early Shangqing Scriptures,,Six Dynasties,220,589,大洞金華玉經,Dadong jinhua yujing,,,,,,,,1,Shangqing,Other Early Shangqing Scriptures,,,,,
DZ0255,太微靈書紫文琅玕華丹神真上經,楊羲,句容,"31,9453","119,1717",,Shangqing,Canonical Shangqing Scriptures,,Eastern Jin ,363,370,太微靈書紫文琅玕華丹神真上經,Taiwei lingshu ziwen langgan huadan shenzhen shangjing,楊羲,Yang Xi,,,羲和,,330-386,1,Shangqing,Canonical Shangqing Scriptures,,句容,PL000000011098,"DZTK 151: This text is linked to the Lingshu ziwen group (DZ0639, DZ0255, DZ0179, DZ0442)and probably formed a single work with this group. ",
DZ0256,玉景九天金霄威神王祝太元上經,,,,,,Dongzhen Division,Scriptures ,,Tang,618,907,玉景九天金霄威神王祝太元上經,Yujing jiutian jinxiao weishen wangzhu taiyuan shangjing,,,,,,,,1,Dongzhen Division,Scriptures ,,,,,
DZ0257,洞真太微黃書九天八籙真文,,,,,,Shangqing,Other Early Shangqing Scriptures,,Six Dynasties,220,589,洞真太微黃書九天八籙真文,Dongzhen taiwei huangshu jiutian balu zhenwen,,,,,,,,1,Shangqing,Other Early Shangqing Scriptures,,,,,
DZ0258,太玄八景籙,,,,,,Lingbao,Rituals and Rules ,,Tang,618,907,太玄八景籙,Taixuan bajing lu ,,,,,,,,1,Lingbao,Rituals and Rules ,,,,,
DZ0259,陶真人內丹賦,陶植,,,,撰,Alchemy,Inner Alchemy,,Five Dynasties ,907,960,陶真人內丹賦,Tao zhenren neidanfu,陶植,Tao Zhi ,撰,,,,d. 825,1,Alchemy,Inner Alchemy,,,,,
DZ0260,擒玄賦,,,,,,Neidan and Yangsheng,Other Neidan Traditions,,,,,擒玄賦,Qinxuan fu ,,,,,,,,1,Neidan and Yangsheng,Other Neidan Traditions,,,,,
DZ0261,金丹賦,馬蒞昭,,,,注,Philosophy,Treatises and Essays,,Yuan,1279,1368,金丹賦,Jindan fu,馬蒞昭,Ma Lizhao ,注,,,,,1,Philosophy,Treatises and Essays,,,,,
DZ0262,谷神賦,趙德,,,,撰,Philosophy,Tang Philosophical Texts (General) ,,Early ninth century,801,850,谷神賦,Gushen fu,趙德,Zhao De ,撰,大水逸人,大信,,,1,Philosophy,Tang Philosophical Texts (General) ,,,,,
DZ0263,修真十書,,,,,,Handbooks and Anthologies,,,,1340,,修真十書,Xiuzhen shishu,,,,,,,,60,Handbooks and Anthologies,,,,,,
DZ0263.01,雜著指玄篇（修真十書1-8）,白玉蟾,,,,撰,Neidan and Yangsheng,The Wuzhen pian and the Southern School (Nanzong),,,1225,,雜著指玄篇（修真十書1-8）,Zazhu zhixuan pian (Xiuzhen shishu 1-8),白玉蟾,Bo Yuchan ,撰,海瓊,如晦、紫清、白叟,,fl. 1194-1229,8,Neidan and Yangsheng,The Wuzhen pian and the Southern School (Nanzong),,,,,
DZ0263.09,金丹大成集（修真十書9-13）,蕭廷芝,,,,撰,Neidan and Yangsheng,The Wuzhen pian and the Southern School (Nanzong),,,,,金丹大成集（修真十書9-13）,Jindan dacheng ji (Xiuzhen shishu 9-13),蕭廷芝,Xiao Tingzhi ,撰,了真子,元瑞,,fl. 1260,5,Neidan and Yangsheng,The Wuzhen pian and the Southern School (Nanzong),,,,,
DZ0263.14,鍾呂傳道集（修真十書14-16）,鍾離權,,,,撰,Neidan and Yangsheng,The Zhong-Lü Tradition,,Northern Song ,960,1127,鍾呂傳道集（修真十書14-16）,Zhong-Lü chuandao ji (Xiuzhen shishu 14-16) ,鍾離權,Zhong Liquan,撰,正陽,雲房,,,3,Neidan and Yangsheng,The Zhong-Lü Tradition,,,,,
DZ0263.14,鍾呂傳道集（修真十書14-16）,呂喦,,,,纂,Neidan and Yangsheng,The Zhong-Lü Tradition,,,,,鍾呂傳道集（修真十書14-16）,Zhong-Lü chuandao ji (Xiuzhen shishu 14-16) ,呂喦,Lü Yan,纂,純陽,洞賓,,,3,Neidan and Yangsheng,The Zhong-Lü Tradition,,,,,
DZ0263.14,鍾呂傳道集（修真十書14-16）,施肩吾,,,,傳,Neidan and Yangsheng,The Zhong-Lü Tradition,,,,,鍾呂傳道集（修真十書14-16）,Zhong-Lü chuandao ji (Xiuzhen shishu 14-16) ,施肩吾,Shi Jianwu ,傳,栖真子、清虛洞天華陽真人,希聖,,fl . 820 ,3,Neidan and Yangsheng,The Zhong-Lü Tradition,,,,,
DZ0263.17,雜著捷徑（修真十書17-25）,,,,,,Neidan and Yangsheng,General Works and Manuals,,Yuan,1279,1368,雜著捷徑（修真十書17-25）,Zazhu jiejing (Xiuzhen shishu 17-25),,,,,,,,9,Neidan and Yangsheng,General Works and Manuals,,,,,
DZ0263.26,悟真篇（修真十書26-30）,張伯端,,,,撰,Neidan and Yangsheng,General Works and Manuals,,,,,悟真篇（修真十書26-30）,Wuzhen pian (Xiuzhen shishu 26-30) ,張伯端,Zhang Boduan,撰,紫陽,平叔,,984-1082,5,Neidan and Yangsheng,General Works and Manuals,,,,,
DZ0263.26,悟真篇（修真十書26-30）,葉士表,,,,注,Neidan and Yangsheng,General Works and Manuals,,,,,悟真篇（修真十書26-30）,Wuzhen pian (Xiuzhen shishu 26-30) ,葉士表,Ye Shibiao,注,,文叔,,dated 1161,5,Neidan and Yangsheng,General Works and Manuals,,,,,
DZ0263.26,悟真篇（修真十書26-30）,遠公輔,,,,注,Neidan and Yangsheng,General Works and Manuals,,,,,悟真篇（修真十書26-30）,Wuzhen pian (Xiuzhen shishu 26-30) ,遠公輔,Yuan Gongfu,注,,,,dated 1202,5,Neidan and Yangsheng,General Works and Manuals,,,,,
DZ0263.31,玉隆集（修真十書31-36）,白玉蟾,,,,撰,Collectanea,Collected Works,,,1225,,玉隆集（修真十書31-36）,Yulong ji (Xiuzhen shishu 31-36),白玉蟾,Bo Yuchan ,撰,海瓊,如晦、紫清、白叟,,fl. 1194-1229,6,Collectanea,Collected Works,,,,,
DZ0263.37,上清集（修真十書37-44）,,,,,,Collectanea,Collected Works,,,,,上清集（修真十書37-44）,Shangqing ji (Xiuzhen shishu 37-44),,,,,,,,,Collectanea,Collected Works,,,,,
DZ0263.45,武夷集（修真十書45-52）,白玉蟾,,,,撰,Collectanea,Collected Works,,,1216,,武夷集（修真十書45-52）,Wuyi ji (Xiuzhen shishu 45-52) ,白玉蟾,Bo Yuchan ,撰,海瓊,如晦、紫清、白叟,,fl. 1194-1229,8,Collectanea,Collected Works,,,,,
DZ0263.53,盤山語錄（修真十書53）,,,,,,The Quanzhen Order,Logia and Collected Works,,,,,盤山語錄（修真十書53）,Panshan yulu (Xiuzhen shishu 53),,,,,,,,1,The Quanzhen Order,Logia and Collected Works,,,,,
DZ0263.58,黃庭外景玉經註（修真十書58-60）,白履忠,,,,撰,Yangsheng,Miscellaneous Practices,,,,,黃庭外景玉經註（修真十書58-60）,Huangting waijing yujing zhu (Xiuzhen shishu 58-60),白履忠,Bo Lüzhong ,撰,梁丘子,,,fl.722-729,2,Yangsheng,Miscellaneous Practices,,,,,
DZ0264,真氣還元銘,強名子,,,,撰,Yangsheng,Respiratory Techniques,,First half of the tenth century,901,950,真氣還元銘,Zhenqi huanyuan ming,強名子,Qiangming zi ,撰,,,,,1,Yangsheng,Respiratory Techniques,,,,,
DZ0265,還丹歌訣,元陽子,,,,纂,Alchemy,,,Song or later,960,1279,還丹歌訣,Huandan gejue,元陽子,Yuanyang zi,纂,,,,,2,Alchemy,,,,,,
DZ0266,金液還丹百問訣,,,,,,Alchemy,,,Five Dynasties,907,960,金液還丹百問訣,Jinyi huandan baiwen jue ,,,,,,,,1,Alchemy,,,,,,
DZ0267,上乘修真三要,高道寬,終南山,"33,924406","109,045332",撰,The Quanzhen Order,Individual Practice,,,,,上乘修真三要,Shangcheng xiuzhen sanyao ,高道寬,Gao Daokuan,撰,圓明老人,,,1195-1277,2,The Quanzhen Order,Individual Practice,,終南山,PL000000042627,,
DZ0268,乾元子三始論,,,,,,Philosophy,Treatises and Essays,,,,,乾元子三始論,Qjanyuan zi sanshi lun,,,,,,,,1,Philosophy,Treatises and Essays,,,,,
DZ0269,至真子龍虎大丹詩,周方,少室山,"34,475579","112,936004",撰,Neidan and Yangsheng,General Works and Manuals,,,1026,,至真子龍虎大丹詩,Zhizhen zi longhu dadan shi ,周方,Zhou Fang ,撰,至真子,歸一,,,1,Neidan and Yangsheng,General Works and Manuals,,少室山,PL000000023252,,
DZ0270,破迷正道歌,鍾離權,,,,撰,Neidan and Yangsheng,The Wuzhen pian and the Southern School (Nanzong),,Mid-eleventh century,,,破迷正道歌,Pomi zhengdao ge,鍾離權,Zhong Liquan,撰,正陽,雲房,,,1,Neidan and Yangsheng,The Wuzhen pian and the Southern School (Nanzong),,,,,
DZ0271,太玄朗然子進道詩,劉希岳,通玄觀，洛陽,"34,6719","112,5056",撰,Collectanea ,Collected Works,,,988,,太玄朗然子進道詩,Taixuan langran zi jindao shi,劉希岳,Liu Xiyue,撰,太玄朗然子,秀峰,,,1,Collectanea ,Collected Works,,通玄觀，洛陽,PL000000023602,,
DZ0272,了明篇,宋先生,,,,撰,Neidan and Yangsheng,The Zhong-Lü Tradition,,,1168,,了明篇,Liaoming pian,宋先生,Master Song xiansheng,撰,,,,,1,Neidan and Yangsheng,The Zhong-Lü Tradition,,,,,
DZ0272,了明篇,毛日新,,,,纂,Neidan and Yangsheng,The Zhong-Lü Tradition,,,,,了明篇,Liaoming pian,毛日新,Mao Rixin ,纂,,,,,1,Neidan and Yangsheng,The Zhong-Lü Tradition,,,,,
DZ0273,明道篇,王維一,,,,撰,Neidan and Yangsheng,The Wuzhen pian and the Southern School (Nanzong),,,,,明道篇,Mingdao pian ,王維一,Wang Weiyi ,撰,景陽子,,,1304,1,Neidan and Yangsheng,The Wuzhen pian and the Southern School (Nanzong),,,,,
DZ0274,真仙祕傳火候法,,,,,,Neidan and Yangsheng,The Zhong-Lü Tradition,,Late Song,1127,1279,真仙祕傳火候法,Zhenxian bichuan huohou fa ,,,,,,,,1,Neidan and Yangsheng,The Zhong-Lü Tradition,,,,,
DZ0275,三極至命筌蹄,王慶升,,,,撰,Neidan and Yangsheng,The Wuzhen pian and the Southern School (Nanzong),,,1244,,三極至命筌蹄,Sanji zhiming quanti,王慶升,Wang Qingsheng ,撰,愛清子,果齋,,,1,Neidan and Yangsheng,The Wuzhen pian and the Southern School (Nanzong),,,,,
DZ0276,析疑指迷論,牛道淳,,,,撰、序,The Quanzhen Order,Individual Practice,,,1299,,析疑指迷論,Xiyi zhimi lun,牛道淳,Niu Daochun ,撰、序,神峰逍遙大師、逍遙子,,,fl. 1296,1,The Quanzhen Order,Individual Practice,,,,,
DZ0276,析疑指迷論,劉道真,,,,刊記,The Quanzhen Order,Individual Practice,,,1298,,析疑指迷論,Xiyi zhimi lun,劉道真,Liu Daozhen,刊記,,,,,1,The Quanzhen Order,Individual Practice,,,,,
DZ0276,析疑指迷論,王道亨,,,,序,The Quanzhen Order,Individual Practice,,,,,析疑指迷論,Xiyi zhimi lun,王道亨,Wang Daoheng,序,,,,,1,The Quanzhen Order,Individual Practice,,,,,
DZ0277,修真精義雜論,司馬承禎,,,,撰,Yangsheng,Respiratory Techniques,,,,,修真精義雜論,Xiuzhen jingyi zalun,司馬承禎,Sima Chengzhen ,撰,白雲子,子微,貞一,647-735,1,Yangsheng,Respiratory Techniques,,,,,
DZ0278,清微丹訣,,,,,,The Qingwei School,,,,,,清微丹訣,Qjngwei danjue,,,,,,,,1,The Qingwei School,,,,,,
DZ0279,先天金丹大道玄奧口訣,霍濟之,,,,撰、後記,Neidan and Yangsheng,Other Neidan Traditions,,,,1249,先天金丹大道玄奧口訣,Xiantian jindan dadao xuanao koujue ,霍濟之,Huo Jizhi ,撰、後記,,巨川,,,1,Neidan and Yangsheng,Other Neidan Traditions,,,,,
DZ0279,先天金丹大道玄奧口訣,劉子澄,,,,序,Neidan and Yangsheng,Other Neidan Traditions,,,1251,,先天金丹大道玄奧口訣,Xiantian jindan dadao xuanao koujue ,劉子澄,Liu Zicheng,序,,,,,1,Neidan and Yangsheng,Other Neidan Traditions,,,,,
DZ0279,先天金丹大道玄奧口訣,尤焴,,,,序,Neidan and Yangsheng,Other Neidan Traditions,,,1249,,先天金丹大道玄奧口訣,Xiantian jindan dadao xuanao koujue ,尤焴,You Yu,序,,,,,1,Neidan and Yangsheng,Other Neidan Traditions,,,,,
DZ0279,先天金丹大道玄奧口訣,郭三益,,,,序,Neidan and Yangsheng,Other Neidan Traditions,,,1119,,先天金丹大道玄奧口訣,Xiantian jindan dadao xuanao koujue ,郭三益,Guo Sanyi,序,,,,,1,Neidan and Yangsheng,Other Neidan Traditions,,,,,
DZ0280,金液大丹口訣,鄭德安,,,,,Neidan and Yangsheng,The Wuzhen pian and the Southern School (Nanzong),,,,,金液大丹口訣,Jinyi dadan koujue ,鄭德安,Zheng Dean,,沖虛妙靜寧真子,,,,1,Neidan and Yangsheng,The Wuzhen pian and the Southern School (Nanzong),,,,,
DZ0281,抱一子三峰老人丹訣,金月嚴,,,,纂,The Quanzhen Order,Individual Practice,,,,,抱一子三峰老人丹訣,Baoyi zi sanfeng laoren danjue,金月嚴,Jin Yueyan,纂,,,,,1,The Quanzhen Order,Individual Practice,,,,,
DZ0281,抱一子三峰老人丹訣,黃公望,,,,傳,The Quanzhen Order,Individual Practice,,,,,抱一子三峰老人丹訣,Baoyi zi sanfeng laoren danjue,黃公望,Huang Gongwang,傳,大癡,,,1269-1354,1,The Quanzhen Order,Individual Practice,,,,,
DZ0282,黃帝宅經,,,,,,2.A.2 Divination and Numerology,,,Late Tang,764,907,黃帝宅經,Huangdi zhaijing,,,,,,,,2,2.A.2 Divination and Numerology,,,,,,
DZ0283,黃帝龍首經,洪頤暄,,,,序,Divination,-,,Han,-206,220,黃帝龍首經,Huangdi longshou jing ,洪頤暄,Hong Yixuan,序,,,,,2,Divination,-,,,,DZTK,
DZ0284,黃帝金匱玉衡經,孫星衍,,,,注,Divination,-,,Six Dynasties,220,589,黃帝金匱玉衡經,Huangdi jinkui yuheng jing,孫星衍,Sun Xingyan,注,,,,,1,Divination,-,,,,DZTK 82,
DZ0285,黃帝授三子玄女經,,,,,,Divination,-,,Six Dynasties,220,589,黃帝授三子玄女經,Huangdi shou sanzi xuannü jing,,,,,,,,1,Divination,-,,,,DZTK,
DZ0286,太上登真三矯靈應經,,,,,,Other Popular Cults,Popular Rites,,Song ,960,1279,太上登真三矯靈應經,Taishang dengzhen sanjiao lingying jing ,,,,,,,,1,Other Popular Cults,Popular Rites,,,,,
DZ0287,通占大象歷星經,,,,,,2.A.2 Divination and Numerology,,,Tang,618,907,通占大象歷星經,Tongzhan daxiang li xingjing,,,,,,,,2,2.A.2 Divination and Numerology,,,,,,
DZ0288,靈臺經,,,,,,2.A.2 Divination and Numerology,,,Tang,618,907,靈臺經,Lingtai jing,,,,,,,,1,2.A.2 Divination and Numerology,,,,,,
DZ0289,秤星靈臺祕要經,,,,,,2.A.2 Divination and Numerology,,,Tang,618,907,秤星靈臺祕要經,Chengxing lingtai biyao jing,,,,,,,,1,2.A.2 Divination and Numerology,,,,,,
DZ0290,廣皇帝本行記,王瓘,,,,撰,Sacred History and Geography,Hagiographies,,,881,,廣皇帝本行記,Guang huangdi benxing ji,王瓘,Wang Guan,撰,,,,,1,Sacred History and Geography,Hagiographies,,,,,
DZ0291,穆天子傳,,魏襄王墓,,,,Sacred History and Geography ,Mythology and Hagiography,,,-400,-350,穆天子傳,Mu tianzi zhuan,,,,,,,,6,Sacred History and Geography ,Mythology and Hagiography,,魏襄王墓,,discovered in A.D. 281,
DZ0291,穆天子傳,郭璞,,,,注,Sacred History and Geography ,Mythology and Hagiography,,,276,324,穆天子傳,Mu tianzi zhuan,郭璞,Guo Pu,注,,,,276-324,6,Sacred History and Geography ,Mythology and Hagiography,,,,,
DZ0291,穆天子傳,荀勗,,,,序,Sacred History and Geography ,Mythology and Hagiography,,,,,穆天子傳,Mu tianzi zhuan,荀勗,Xun Xu,序,,,,,6,Sacred History and Geography ,Mythology and Hagiography,,,,,
DZ0291,穆天子傳,王漸,,,,序,Sacred History and Geography ,Mythology and Hagiography,,,1350,,穆天子傳,Mu tianzi zhuan,王漸,Wang Jian,序,,玄翰,,,6,Sacred History and Geography ,Mythology and Hagiography,,,,,
DZ0292,漢武帝內傳,,,,,,Sacred History and Geography ,Mythology and Hagiography,,,500,600,漢武帝內傳,Han Wudi neizhuan,,,,,,,,1,Sacred History and Geography ,Mythology and Hagiography,,,,,
DZ0293,漢武帝外傳,,,,,,Sacred History and Geography ,Mythology and Hagiography,,,,,漢武帝外傳,Han Wudi waizhuan,,,,,,,,1,Sacred History and Geography ,Mythology and Hagiography,,,,,
DZ0294,列仙傳,劉向,,,,撰,Sacred History and Geography ,Mythology and Hagiography,,,-77,-6,列仙傳,Liexian zhuan,劉向,Liu Xiang,撰,,,, -77- -6,2,Sacred History and Geography ,Mythology and Hagiography,,,,,
DZ0294,列仙傳,孫綽,,,,讚,Sacred History and Geography ,Mythology and Hagiography,,,314,371,列仙傳,Liexian zhuan,孫綽,Sun Chuo,讚,,,,314-371,2,Sacred History and Geography ,Mythology and Hagiography,,,,,
DZ0294,列仙傳,郭元祖,,,,讚,Sacred History and Geography ,Mythology and Hagiography,,,,,列仙傳,Liexian zhuan,郭元祖,Guo Yuanzu,讚,,,,,2,Sacred History and Geography ,Mythology and Hagiography,,,,,
DZ0295,續仙傳,沈汾,,,,纂,Sacred History and Geography,Hagiographies,,Southern Tang,937,975,續仙傳,Xu xian zhuan ,沈汾,Shen Fen,纂,,,,,3,Sacred History and Geography,Hagiographies,,,,,
DZ0296,歷世真仙體道通鑑,趙道一,,,,撰,Sacred History and Geography,Hagiographies,,,,,歷世真仙體道通鑑,Lishi zhenxian tidao tongjian,趙道一,Zhao Daoyi,撰,,,,,53,Sacred History and Geography,Hagiographies,,,,,
DZ0296,歷世真仙體道通鑑,劉辰翁,,,,刊記,Sacred History and Geography,Hagiographies,,,1294,,歷世真仙體道通鑑,Lishi zhenxian tidao tongjian,劉辰翁,Liu Chenweng,刊記,,,,1232-1297,53,Sacred History and Geography,Hagiographies,,,,,
DZ0296,歷世真仙體道通鑑,鄧光薦,,,,序,Sacred History and Geography,Hagiographies,,,1294,,歷世真仙體道通鑑,Lishi zhenxian tidao tongjian,鄧光薦,Deng Guangjian ,序,,,,1232-1303,53,Sacred History and Geography,Hagiographies,,,,,
DZ0297,歷世真仙體道通鑑續篇,趙道一,,,,撰,Sacred History and Geography,Hagiographies,,Fourteenth or fifteenth century?,1301,1500,歷世真仙體道通鑑續篇,Lishi zhenxian tidao tongjian xupian,趙道一,Zhao Daoyi,撰,,,,,5,Sacred History and Geography,Hagiographies,,,,,
DZ0298,歷世真仙體道通鑑後集,趙道一,,,,撰,Sacred History and Geography,Hagiographies,,,1294,,歷世真仙體道通鑑後集,Lishi zhenxian tidao tongjian houji ,趙道一,Zhao Daoyi,撰,,,,,6,Sacred History and Geography,Hagiographies,,,,,
DZ0299,疑仙傳,隱夫玉簡,,,,撰,Sacred History and Geography,Hagiographies,,Five Dynasties ,907,960,疑仙傳,Yixian zhuan ,隱夫玉簡,Yinfu yujian,撰,,,,,3,Sacred History and Geography,Hagiographies,,,,,
DZ0300,華陽陶隱居內傳,賈嵩,,,,撰,Sacred History and Geography,Hagiographies,,,,,華陽陶隱居內傳,Huayang Tao yinju neizhuan,賈嵩,Jia Song,撰,薛蘿孺子,,,,3,Sacred History and Geography,Hagiographies,,,,,
DZ0301,桓真人升仙記,,,,,,Sacred History and Geography,Hagiographies,,,,,桓真人升仙記,Huan zhenren shengxian ji ,,,,,,,,1,Sacred History and Geography,Hagiographies,,,,,
DZ0302,周氏冥通記,周子良,茅山,,,撰,Shangqing,Anthologies,,,497,516,周氏冥通記,Zhoushi mingtong ji,周子良,Zhou Ziliang,撰,,,,497-516,4,Shangqing,Anthologies,,茅山,,,
DZ0302,周氏冥通記,陶弘景,,,,注、編,Shangqing,Anthologies,,,517,,周氏冥通記,Zhoushi mingtong ji,陶弘景,Tao Hongjing,注、編,華陽隱居,通明,,456-536,4,Shangqing,Anthologies,,,,,
DZ0303,紫陽真人內傳,華僑,句容,"31,9453","119,1717",,Shangqing,Early Shangqing Hagiographies,,Six Dynasties,220,589,紫陽真人內傳,Ziyang zhenren neizhuan,華僑,,,,,,,1,Shangqing,Early Shangqing Hagiographies,,句容,PL000000011098,,
DZ0304,茅山志,劉大彬,,,,纂、序,Sacred History and Geography,Mountain and Temple Monographs,,,1330,,茅山志,Maoshan zhi ,劉大彬,Liu Dabin,纂、序,玉虛子,,,,33,Sacred History and Geography,Mountain and Temple Monographs,,,,,
DZ0304,茅山志,趙世延,,,,序,Sacred History and Geography,Mountain and Temple Monographs,,,,,茅山志,Maoshan zhi ,趙世延,Zhao Shiyan,序,,,,1324,33,Sacred History and Geography,Mountain and Temple Monographs,,,,,
DZ0304,茅山志,吳全節,,,,序,Sacred History and Geography,Mountain and Temple Monographs,,,,,茅山志,Maoshan zhi ,吳全節,Wu Quanjie,序,閑閑,成季,,1269-1346,33,Sacred History and Geography,Mountain and Temple Monographs,,,,,
DZ0305,純陽帝君神化妙通紀,苗善時,,,,撰,The Quanzhen Order,Hapiography and Biography,,,,,純陽帝君神化妙通紀,Chunyang dijun shenhua miaotong ji,苗善時,Miao Shanshi ,撰,實庵,太素,,fl. 1324,7,The Quanzhen Order,Hapiography and Biography,,,,,
DZ0306,太華希夷志,張輅,,,,纂,Sacred History and Geography,Hagiographies,,,1314,,太華希夷志,Taihua Xiyi zhi,張輅,Zhang Lu,纂,,,,,2,Sacred History and Geography,Hagiographies,,,,,
DZ0307,西嶽華山誌,王處一,,,,撰,Sacred History and Geography,Mountain and Temple Monographs,,,,,西嶽華山誌,Xiyue Huashan zhi ,王處一,Wang Chuyi,撰,蓮峰逸士,子淵,,,1,Sacred History and Geography,Mountain and Temple Monographs,,,,,
DZ0307,西嶽華山誌,劉大用,,,,序,Sacred History and Geography,Mountain and Temple Monographs,,,,,西嶽華山誌,Xiyue Huashan zhi ,劉大用,Liu Dayong ,序,,器之,,1183,1,Sacred History and Geography,Mountain and Temple Monographs,,,,,
DZ0308,凝陽董真人遇仙記,祿昭聞,,,,撰,Sacred History and Geography,Hagiographies,,,1238,,凝陽董真人遇仙記,Ningyang Dong zhenren yuxianji ,祿昭聞,Lu Zhaowen,撰,,,,,1,Sacred History and Geography,Hagiographies,,,,,
DZ0309,諸師真誥,,,,,,Lingbao,Hymnology,,Yuan (1279-1368) or Ming (1368-1644),,,諸師真誥,Zhushi zhengao ,,,,,,,,1,Lingbao,Hymnology,,,,,
DZ0310,金籙齋三洞讚詠儀,張商英,,,,纂,Lingbao,Hymnology,,,1100,1125,金籙齋三洞讚詠儀,Jinlu zhai sandong zanyong yi,張商英,Zhang Shangying,纂,無盡居士,天覺,,1043-112I,3,Lingbao,Hymnology,,,,,
DZ0311,黃帝陰符經頌,元陽子,,,,撰,Philosophy,The Yinfu jing and Its Commentaries,,Tang,618,907,黃帝陰符經頌,Huangdi yinfu jingsong,元陽子,Yuanyang zi ,撰,,,,,1,Philosophy,The Yinfu jing and Its Commentaries,,,,,
DZ0312,太上昇玄消災護命妙經頌,張白,,,,撰,Philosophy,"Commentaries on Zhengyi, Shangqing, and Lingbao Scriptures",,Second half of tenth century,951,1000,太上昇玄消災護命妙經頌,Taishang shengxuan xiaozai huming miaojing song ,張白,Zhang Bo,撰,白雲子,虛白,,,1,Philosophy,"Commentaries on Zhengyi, Shangqing, and Lingbao Scriptures",,,,,
DZ0313,生天經頌解,王吉昌,,,,撰,Philosophy,"Commentaries on Zhengyi, Shangqing, and Lingbao Scriptures",,Early thirteenth century,1201,1250,生天經頌解,Shengtianjing songjie ,王吉昌,Wang Jichang,撰,超然子,,,active early thirteenth century,1,Philosophy,"Commentaries on Zhengyi, Shangqing, and Lingbao Scriptures",,,,,
DZ0314,三洞讚頌靈章,,,,,,Lingbao,Hymnology,,Yuan,1279,1368,三洞讚頌靈章,Sandong zansong lingzhang,,,,,,,,3,Lingbao,Hymnology,,,,,
DZ0315,宋真宗玉製玉京集,趙德昌,,,,撰,Lingbao,Manuals,,,,,宋真宗玉製玉京集,Song Zhenzong yuzhi yujing ji,趙德昌,Zhao Dechang ,撰,,,,r. 997-1022,6,Lingbao,Manuals,,,,,
DZ0316,太上濟度章赦,,,,,,Lingbao,Manuals,,,,,太上濟度章赦,Taishang jidu zhangshe ,,,,,,,,3,Lingbao,Manuals,,,,,
DZ0317,靈寶天尊說洪恩靈濟真君妙經,永樂帝,,,,序,The Hongen Lingji Zhenjun Cult,,,,1420,,靈寶天尊說洪恩靈濟真君妙經,Lingbao tianzun shuo Hongen lingji zhenjun miaojing,永樂帝,Yongle emperor,序,,,,,2fols. + 3fasc.,The Hongen Lingji Zhenjun Cult,,,,,,
DZ0318,洞玄靈寶自然九天生神章經,葛巢甫,句容,"31,9453","119,1717",,Lingbao Canon,Canonical Lingbao Scriptures,,,395,405,洞玄靈寶自然九天生神章經,Dongxuan lingbao ziran jiutian shengshen zhang jing,葛巢甫,Ge Chaofu,,,,,402,1,Lingbao Canon,Canonical Lingbao Scriptures,,句容,PL000000011098,MSB Daterange,
DZ0319,洞玄靈寶本相運度劫期經,,,,,,Lingbao Canon,Other Early Lingbao Scriptures,,,500,600,洞玄靈寶本相運度劫期經,Dongxuan lingbao benxiang yundu jieqi jing,,,,,,,,1,Lingbao Canon,Other Early Lingbao Scriptures,,,,,
DZ0320,洞玄靈寶丹水飛術運度小劫妙經,,,,,,Lingbao Canon,Other Early Lingbao Scriptures,,,500,600,洞玄靈寶丹水飛術運度小劫妙經,Dongxuan lingbao danshui feishu yundu xiaojie miaojing,,,,,,,,1,Lingbao Canon,Other Early Lingbao Scriptures,,,,,
DZ0321,洞玄靈寶諸天世界造化經,,,,,,Lingbao,Scriptures,Medium-Length Scriptures,Tang,618,907,洞玄靈寶諸天世界造化經,Dongxuan lingbao zhutian shije zaohua jing ,,,,,,,,1,Lingbao,Scriptures,Medium-Length Scriptures,,,,
DZ0322,太上靈寶天地運度自然妙經,,,,,,Lingbao Canon,Other Early Lingbao Scriptures,,,500,600,太上靈寶天地運度自然妙經,Taishang lingbao tiandi yundu ziran miaojing ,,,,,,,,1,Lingbao Canon,Other Early Lingbao Scriptures,,,,,
DZ0323,太上洞玄靈寶三元無量壽經,,,,,,Lingbao,Scriptures,Medium-Length Scriptures,Tang,618,907,太上洞玄靈寶三元無量壽經,Taishang dongxuan lingbao sanyuan wuliang shou jing,,,,,,,,1,Lingbao,Scriptures,Medium-Length Scriptures,,,,
DZ0324,上清五常變通萬化鬱冥經,,,,,,Shangqing,Canonical Shangqing Scriptures,,Six Dynasties,220,589,上清五常變通萬化鬱冥經,Shangqing wuchang biantong wanhua yuming jing,,,,,,,,1,Shangqing,Canonical Shangqing Scriptures,,,,"DZTK 173: The compilation is probably later than the Shangqing revelation, for the foreword testifies to a more metaphysical approach than is usual for that corpus.",
DZ0325,太上洞玄靈寶智慧定志通微經,葛巢甫,句容,"31,9453","119,1717",,Lingbao Canon,Canonical Lingbao Scriptures,,,395,405,太上洞玄靈寶智慧定志通微經,Taishang dongxuan lingbao zhihui dingzhi tongwei jing,葛巢甫,Ge Chaofu,,,,,402,1,Lingbao Canon,Canonical Lingbao Scriptures,,句容,PL000000011098,MSB Daterange,
DZ0326,太上洞玄靈寶觀妙經,,,,,,Lingbao,Scriptures,Short Doctrinal and Prophylactic Texts,Tang,618,907,太上洞玄靈寶觀妙經,Taishang dongxuan lingbao guanmiao jing,,,,,,,,1,Lingbao,Scriptures,Short Doctrinal and Prophylactic Texts,,,,
DZ0327,太上洞玄靈寶天尊說大通經,,,,,,Philosophy,Treatises and Essays,,Song,960,1279,太上洞玄靈寶天尊說大通經,Taishang dongxuan lingbao tianzun shuo datong jing ,,,,,,,,1,Philosophy,Treatises and Essays,,,,,
DZ0328,太上洞玄靈寶護諸童子經,,,,,,Lingbao,Scriptures,Short Doctrinal and Prophylactic Texts,Tang,618,907,太上洞玄靈寶護諸童子經,Taishang dongxuan lingbao hu zhu tongzi jing ,,,,,,,,1,Lingbao,Scriptures,Short Doctrinal and Prophylactic Texts,,,,
DZ0329,太上洞玄靈寶開演祕密藏經,,,,,,Lingbao,Scriptures,The Long Treatises,Early seventh century,601,650,太上洞玄靈寶開演祕密藏經,Taishang dongxuan lingbao kaiyan bimi zang jing,,,,,,,,1,Lingbao,Scriptures,The Long Treatises,,,,
DZ0330,太上洞玄靈寶真文要解上經,,,,,,Lingbao Canon,Canonical Lingbao Scriptures,,Six Dynasties,220,589,太上洞玄靈寶真文要解上經,Taishang dongxuan lingbao zhenwen yaojie shangjing,,,,,,,,1,Lingbao Canon,Canonical Lingbao Scriptures,,,,"DZTK 235: This text belongs to the early Lingbao canon, the eleven juan of texts purportedly transmitted to GE XUAN.",
DZ0331,太上黃庭內景玉經,楊羲,句容,"31,9453","119,1717",,Shangqing,Canonical Shangqing Scriptures,,Eastern Jin ,363,370,太上黃庭內景玉經,Taishang huangting neijing yujing,楊羲,Yang Xi,,,羲和,,330-386,1,Shangqing,Canonical Shangqing Scriptures,,句容,PL000000011098,"DZTK 184: It has not beenestablished that this song existed before the revelations to YANG XI, but it is firmly linked to that early development of the Shangqing tradition.",
DZ0331,太上黃庭內景玉經,陶弘景,,,,注,Shangqing,Canonical Shangqing Scriptures,,,,,太上黃庭內景玉經,Taishang huangting neijing yujing,陶弘景,Tao Hongjing,注,華陽隱居,通明,,456-536,1,Shangqing,Canonical Shangqing Scriptures,,,,,
DZ0332,太上黃庭外景玉經,,,,,,Yangsheng,-,,,180,255,太上黃庭外景玉經,Taishang huangting waijing yujing,,,,,,,,3,Yangsheng,-,,,,MSB Date range,
DZ0333,靈寶天尊說祿庫受生經,,,,,,Lingbao,Scriptures,,Twelfth or thirteenth century,1101,1300,靈寶天尊說祿庫受生經,Lingbao tianzun shuo luku shousheng jing,,,,,,,,1,Lingbao,Scriptures,,,,,
DZ0334,太上靈寶元陽妙經,,,,,,Lingbao Canon,Other Early Lingbao Scriptures,,Six Dynasties,220,589,太上靈寶元陽妙經,Taishang lingbao yuanyang miaojing,,,,,,,,10,Lingbao Canon,Other Early Lingbao Scriptures,,,,,
DZ0335,太上洞淵神咒經,,,,,,Other Revealed Scriptures,-,,Late Eastern Jin,316,420,太上洞淵神咒經,Taishang dongyuan shenzhou jing,,,,,,,,20,Other Revealed Scriptures,-,,,,,
DZ0335,太上洞淵神咒經,杜光庭,,,,序,Other Revealed Scriptures,-,,Late Tang,850,933,太上洞淵神咒經,Taishang dongyuan shenzhou jing,杜光庭,Du Guangting,序,廣成先生、東瀛子、華頂、天姥峰羽人,賓聖,,850=933,20,Other Revealed Scriptures,-,,,,,
DZ0336,太上洞玄靈寶業報因緣經,,,,,,Lingbao,Scriptures,2.B.7.a.l The Long Treatises,Sui (581-618) or early Tang (618-907),,,太上洞玄靈寶業報因緣經,Taishang dongxuan lingbao yebao yinyuan jing ,,,,,,,,10,Lingbao,Scriptures,2.B.7.a.l The Long Treatises,,,,
DZ0337,太上洞玄靈寶十號功德因緣妙經,,,,,,Lingbao,Scriptures,Medium-Length Scriptures,Tang,618,907,太上洞玄靈寶十號功德因緣妙經,Taishang dongxuan lingbao shihao gongde yinyuan miaojing,,,,,,,,1,Lingbao,Scriptures,Medium-Length Scriptures,,,,
DZ0338,太上洞玄靈寶宿命因緣明經,,,,,,Lingbao,Scriptures,Medium-Length Scriptures,Tang,618,907,太上洞玄靈寶宿命因緣明經,Taishang dongxuan lingbao  suming yinyuan mingjing ,,,,,,,,1,Lingbao,Scriptures,Medium-Length Scriptures,,,,
DZ0339,太上洞玄靈寶出家因緣經,,,,,,Lingbao,Scriptures,Medium-Length Scriptures,Seventh century,601,700,太上洞玄靈寶出家因緣經,Taishang dongxuan lingbao chujia yinyuan jing ,,,,,,,,1,Lingbao,Scriptures,Medium-Length Scriptures,,,,
DZ0340,太上洞玄靈寶轉神度命經,,,,,,Lingbao,Scriptures,,,,,太上洞玄靈寶轉神度命經,Taishang dongxuan lingbao zhuanshen duming jing,,,,,,,,1,Lingbao,Scriptures,,,,,
DZ0341,太上洞玄靈寶十師度人妙經,,,,,,Lingbao,Scriptures,,,,,太上洞玄靈寶十師度人妙經,Taishang dongxuan lingbao shishi duren miaojing,,,,,,,,1,Lingbao,Scriptures,,,,,
DZ0342,太上洞玄靈寶太玄普慈勸世經,,,,,,Lingbao,Scriptures,,,,,太上洞玄靈寶太玄普慈勸世經,Taishang dongxuan lingbao taixuan puci quanshi jing ,,,,,,,,1,Lingbao,Scriptures,,,,,
DZ0343,太上洞玄靈寶四方大願經,,,,,,Lingbao,Scriptures,Short Doctrinal and Prophylactic Texts,Tang,618,907,太上洞玄靈寶四方大願經,Taishang dongxuan lingbao sifang dayuan jing,,,,,,,,1,Lingbao,Scriptures,Short Doctrinal and Prophylactic Texts,,,,
DZ0344,太上洞玄靈寶智慧本願大戒上品經,葛玄,,,,輯佚,Lingbao Canon,Canonical Lingbao Scriptures,,,164,244,太上洞玄靈寶智慧本願大戒上品經,Taishang dongxuan lingbao zhihui benyuan dajie shanpin jing,葛玄,Ge Xuan,輯佚,左仙公、左仙翁、葛仙公,教先,,,1,Lingbao Canon,Canonical Lingbao Scriptures,,,,"DZTK 238: text belongs to the group of ""new scriptures""",
DZ0345,太上洞玄靈寶誡業本行上品妙經,,,,,,Lingbao Canon,Other Early Lingbao Scriptures,,Six Dynasties,220,589,太上洞玄靈寶誡業本行上品妙經,Taishang dongxuan lingbao jieye benxing shangpin miaojing,,,,,,,,1,Lingbao Canon,Other Early Lingbao Scriptures,,,,,
DZ0346,太上洞玄靈寶真一勸誡法輪妙經,葛巢甫,句容,"31,9453","119,1717",,Lingbao Canon,Canonical Lingbao Scriptures,,Six Dynasties,220,589,太上洞玄靈寶真一勸誡法輪妙經,Taishang dongxuan lingbao zhenyi quanjie falun miaojing,葛巢甫,Ge Chaofu,,,,,402,1,Lingbao Canon,Canonical Lingbao Scriptures,,句容,PL000000011098,,
DZ0347,太上玄一真人說妙通轉神入定經,,,,,,Lingbao Canon,Canonical Lingbao Scriptures,,Six Dynasties,220,589,太上玄一真人說妙通轉神入定經,Taishang xuanyi zhenren shuo miaotong zhuanshen ruding jing,,,,,,,,1,Lingbao Canon,Canonical Lingbao Scriptures,,,,,
DZ0348,太上玄一真人說勸誡法輪妙經,,,,,,Lingbao Canon,Canonical Lingbao Scriptures,,Six Dynasties,220,589,太上玄一真人說勸誡法輪妙經,Taishang xuanyi zhenren shuo quanjie falun miaojing,,,,,,,,1,Lingbao Canon,Canonical Lingbao Scriptures,,,,,
DZ0349,太上洞玄靈寶法燭經,陸修靜,,,,撰,Lingbao Canon,Doctrinal and Liturgical Works,,,406,477,太上洞玄靈寶法燭經,Taishang dongxuan lingbao fazhu jing,陸修靜,Lu Xiujing,撰,,元德,簡寂先生、丹元真人,407-477,1,Lingbao Canon,Doctrinal and Liturgical Works,,,,,
DZ0350,太上靈寶智慧觀身經,,,,,,Lingbao,Scriptures,Short Doctrinal and Prophylactic Texts,First half of the Tang,618,763,太上靈寶智慧觀身經,Taishang lingbao zhihui guanshen jing ,,,,,,,,1,Lingbao,Scriptures,Short Doctrinal and Prophylactic Texts,,,,
DZ0351,太一救苦護身妙經,,,,,,Lingbao,Scriptures,Medium-Length Scriptures,Tang,618,907,太一救苦護身妙經,Taiyi jiuku hushen miao jing ,,,,,,,,1,Lingbao,Scriptures,Medium-Length Scriptures,,,,
DZ0352,太上洞玄靈寶赤書玉訣妙經,葛巢甫,句容,"31,9453","119,1717",,Lingbao Canon,Canonical Lingbao Scriptures,,,395,405,太上洞玄靈寶赤書玉訣妙經,Taishang dongxuan lingbao chishu yujue miaojing,葛巢甫,Ge Chaofu,,,,,402,2,Lingbao Canon,Canonical Lingbao Scriptures,,句容,PL000000011098,MSB Daterange,
DZ0353,上清金匱玉鏡修真指玄妙經,,,,,,Lingbao,Scriptures,Medium-Length Scriptures,Tang,618,907,上清金匱玉鏡修真指玄妙經,Shangqing jinkui yujing xiuzhen zhixuan miaojing,,,,,,,,1,Lingbao,Scriptures,Medium-Length Scriptures,,,,
DZ0354,上清三元玉檢三元布經,,,,,,Shangqing,Canonical Shangqing Scriptures,,Eastern Jin,410,420,上清三元玉檢三元布經,Shangqing sanyuan yujian sanyuan bujing,,,,,,,,1,Shangqing,Canonical Shangqing Scriptures,,,,DZTK 157: hybrid from perhaps a half century later than the original Shangqing revelation,
DZ0355,太上洞玄靈寶福日妙經,,,,,,Lingbao,Scriptures,Short Doctrinal and Prophylactic Texts,Tang,618,907,太上洞玄靈寶福日妙經,Taishang dongxuan lingbao furi miaojing,,,,,,,,1,Lingbao,Scriptures,Short Doctrinal and Prophylactic Texts,,,,
DZ0356,洞玄靈寶上師說救護身命經,,,,,,Lingbao Canon,Other Early Lingbao Scriptures,,Six Dynasties,220,589,洞玄靈寶上師說救護身命經,Dongxuan lingbao shangshi shuo jiuhu shenming jing,,,,,,,,1,Lingbao Canon,Other Early Lingbao Scriptures,,,,,
DZ0357,太上靈寶天尊說禳災度厄經,,,,,,Lingbao,Scriptures,,,,,太上靈寶天尊說禳災度厄經,Taishang lingbao tianzun shuo rangzai due jing,,,,,,,,1,Lingbao,Scriptures,,,,,
DZ0358,太上神咒延壽妙經,,,,,,Lingbao,Scriptures,Short Doctrinal and Prophylactic Texts,Tang,618,907,太上神咒延壽妙經,Taishang shenzhou yanshou miaojing,,,,,,,,1,Lingbao,Scriptures,Short Doctrinal and Prophylactic Texts,,,,
DZ0359,太上洞玄靈寶消禳火災經,,,,,,Lingbao,Scriptures,,Song or later,960,1279,太上洞玄靈寶消禳火災經,Taishang dongxuan lingbao xiaorang huozai jing,,,,,,,,1,Lingbao,Scriptures,,,,,
DZ0360,太上洞玄靈寶天尊說養蠶營種經,,,,,,Zhengyi,Scriptures,,,,,太上洞玄靈寶天尊說養蠶營種經,Taishang dongxuan lingbao tianzun shuo yangcan yingzhong jing,,,,,,,,1,Zhengyi,Scriptures,,,,,
DZ0361,太上洞玄靈寶八威召龍妙經,,,,,,Lingbao Canon,Other Early Lingbao Scriptures,,Sixth century,,,太上洞玄靈寶八威召龍妙經,Taishang dongxuan lingbao bawei zhaolong miaojing ,,,,,,,,2,Lingbao Canon,Other Early Lingbao Scriptures,,,,,
DZ0362,太上洞玄說請雨龍王經,,,,,,Dongyuan and Shengxuan Scriptures and Rituals,The Dongyuan shenzhou jing,,,,,太上洞玄說請雨龍王經,Taishang dongxuan shuo qingyu longwang jing,,,,,,,,1,Dongyuan and Shengxuan Scriptures and Rituals,The Dongyuan shenzhou jing,,,,,
DZ0363,太上召諸神龍安鎮墳墓經,,,,,,Zhengyi,Scriptures,,,,,太上召諸神龍安鎮墳墓經,Taishang zhao zhu shenlong anzhen fenmu jing,,,,,,,,1,Zhengyi,Scriptures,,,,,
DZ0364,太上靈寶補謝竈王經,,,,,,Zhengyi,Scriptures,,,,,太上靈寶補謝竈王經,Taishang linghao buxie zaowang jing ,,,,,,,,1,Zhengyi,Scriptures,,,,,
DZ0365,太上說利益蠶王妙經,,,,,,Zhengyi,Scriptures,,,,,太上說利益蠶王妙經,Taishang shuo liyi canwang miaojing,,,,,,,,1,Zhengyi,Scriptures,,,,,
DZ0366,太上說牛癀妙經,,,,,,Zhengyi,Scriptures,,,,,太上說牛癀妙經,Taishang shuo niuhuang miaojing,,,,,,,,1,Zhengyi,Scriptures,,,,,
DZ0367,上清洞玄明燈上經,,,,,,Zhengyi,Lamp Rituals,,,,,上清洞玄明燈上經,Shangqing dongxuan mingdeng shangjing,,,,,,,,1,Zhengyi,Lamp Rituals,,,,,
DZ0368,太上洞玄寶元上經,,,,,,Philosophy,Treatises and Essays,,,,,太上洞玄寶元上經,Taishang dongxuan baoyuan shangjing ,,,,,,,,1,Philosophy,Treatises and Essays,,,,,
DZ0369,太上洞玄靈寶滅度五鍊生尸妙經,,,,,,Lingbao Canon,Canonical Lingbao Scriptures,,Six Dynasties,220,589,太上洞玄靈寶滅度五鍊生尸妙經,Taishang dongxuan lingbao miedu wulian shengshi miaojing,,,,,,,,1,Lingbao Canon,Canonical Lingbao Scriptures,,,,,
DZ0370,太上洞玄靈寶三元玉京玄都大獻經,,,,,,Lingbao Canon,Other Early Lingbao Scriptures,,Six Dynasties,220,589,太上洞玄靈寶三元玉京玄都大獻經,Taishang dongxuan lingbao sanyuan yujing xuandu daxian jing,,,,,,,,1,Lingbao Canon,Other Early Lingbao Scriptures,,,,,
DZ0371,太上洞玄靈寶三塗五苦拔度生死妙經,,,,,,Lingbao,Scriptures,Medium-Length Scriptures,Tang,618,907,太上洞玄靈寶三塗五苦拔度生死妙經,Taishang dongxuan lingbao santu wuku badu shengsi miaojing,,,,,,,,1,Lingbao,Scriptures,Medium-Length Scriptures,,,,
DZ0372,太上道君說解冤拔度妙經,,,,,,Lingbao,Scriptures,Short Doctrinal and Prophylactic Texts,Tang,618,907,太上道君說解冤拔度妙經,Taishang daojun shuo jieyuan badu miaojing,,,,,,,,1,Lingbao,Scriptures,Short Doctrinal and Prophylactic Texts,,,,
DZ0373,太上洞玄靈寶往生救苦妙經,,,,,,Lingbao,Scriptures,Medium-Length Scriptures,Tang,618,907,太上洞玄靈寶往生救苦妙經,Taishang dongxuan lingbao wangsheng jiuku miaojing,,,,,,,,1,Lingbao,Scriptures,Medium-Length Scriptures,,,,
DZ0374,太上洞玄靈寶救苦妙經,趙子俅,,,,後記,Lingbao,Scriptures,,,1124,,太上洞玄靈寶救苦妙經,Taishang dongxuan lingbao jiuku miaojing,趙子俅,Zhao Ziqiu,後記,,,,,1,Lingbao,Scriptures,,,,,
DZ0375,太上洞玄靈寶天尊說濟苦經,,,,,,Lingbao,Scriptures,Short Doctrinal and Prophylactic Texts,Tang,618,907,太上洞玄靈寶天尊說濟苦經,Taishang dongxuan lingbao tianzun shuo jiku jing,,,,,,,,1,Lingbao,Scriptures,Short Doctrinal and Prophylactic Texts,,,,
DZ0376,太上洞玄靈寶凈供妙經,葛玄,句容,"31,9453","119,1717",輯佚,Lingbao,Scriptures,Medium-Length Scriptures,Tang,618,907,太上洞玄靈寶凈供妙經,Taishang dongxuan lingbao jinggong miaojing,葛玄,Ge Xuan,輯佚,,教先,,164-244,1,Lingbao,Scriptures,Medium-Length Scriptures,句容,PL000000011100,,
DZ0377,太上靈寶洪福滅罪像名經,,,,,,The Qingwei School,,,,,,太上靈寶洪福滅罪像名經,Taishang linghao hongfu miezui xiangming jing,,,,,,,,1,The Qingwei School,,,,,,
DZ0378,太上救苦天尊說消愆滅罪經,,,,,,Lingbao,Scriptures,,,,,太上救苦天尊說消愆滅罪經,Taishang jiuku tianzun shuo xiaoqian miezui jing,,,,,,,,1,Lingbao,Scriptures,,,,,
DZ0379,太上說酆都拔苦愈樂妙經,,,,,,Lingbao,Scriptures,,,,,太上說酆都拔苦愈樂妙經,Taishang shuo Fengdu baku yule miaojing,,,,,,,,1,Lingbao,Scriptures,,,,,
DZ0380,洞玄靈寶道要經,,,,,,Lingbao,Scriptures,Medium-Length Scriptures,Tang,618,907,洞玄靈寶道要經,Dongxuan lingbao daoyao jing,,,,,,,,1,Lingbao,Scriptures,Medium-Length Scriptures,,,,
DZ0381,洞玄靈寶飛仙上品妙經,,,,,,Other Revealed Scriptures,-,,Six Dynasties,220,589,洞玄靈寶飛仙上品妙經,Dongxuan lingbao feixian shangpin miaojing,,,,,,,,1,Other Revealed Scriptures,-,,,,,
DZ0382,太上靈寶天尊說延壽妙經,,,,,,Lingbao,Scriptures,,,,,太上靈寶天尊說延壽妙經,Taishang lingbao tianzun shuo yanshou miaojing ,,,,,,,,1,Lingbao,Scriptures,,,,,
DZ0383,太上七星神咒經,,,,,,Zhengyi,Scriptures,,,,,太上七星神咒經,Taishang qixing shenzhou jing,,,,,,,,1,Zhengyi,Scriptures,,,,,
DZ0384,太上虛皇保生神咒經,,,,,,Zhengyi,Scriptures,,,,,太上虛皇保生神咒經,Taishang xuhuang baosheng shenzhou jing,,,,,,,,1,Zhengyi,Scriptures,,,,,
DZ0385,太上洞玄三洞開天風雷禹步制魔神咒經,,,,,,Lingbao,"
Rituals and Rules",,Tang,618,907,太上洞玄三洞開天風雷禹步制魔神咒經,Taishang dongxuan sandong kaitian fenglei yubu zhimo shenzhou jing,,,,,,,,1,Lingbao,"
Rituals and Rules",,,,,
DZ0386,太上洞淵三昧帝心光明正印太極紫微伏魔制鬼拯救惡道集福吉祥神咒,,,,,,Dongyuan and Shengxuan Scriptures and Rituals,The Dongyuan shenzhou jing,,Tang,618,907,太上洞淵三昧帝心光明正印太極紫微伏魔制鬼拯救惡道集福吉祥神咒,Taishang dongyuan sanmei dixin guangming zhengyin taiji ziwei fumo zhigui zhengjiu edao jifu jixiang shenzhou,,,,,,,,1,Dongyuan and Shengxuan Scriptures and Rituals,The Dongyuan shenzhou jing,,,,,
DZ0387,太上三生解冤妙經,,,,,,Zhengyi,Scriptures,,,,,太上三生解冤妙經,Taishang sansheng jieyuan miaojing,,,,,,,,1,Zhengyi,Scriptures,,,,,
DZ0388,太上靈寶五符序,,,,,,Lingbao Canon,Canonical Lingbao Scriptures,,Eastern Jin,317,420,太上靈寶五符序,Taishang lingbao wufu xu,,,,,,,,3,Lingbao Canon,Canonical Lingbao Scriptures,,,,,
DZ0389,太上洞玄靈寶素靈真符,陸修靜,,,,撰,The Orthodox One Way of the Heavenly Master ,Rituals,,,,,太上洞玄靈寶素靈真符,Taishang dongxuan lingbao suling zhenfu,陸修靜,Lu Xiujing,撰,,元德,簡寂先生、丹元真人,406-477,3,The Orthodox One Way of the Heavenly Master ,Rituals,,,,,
DZ0389,太上洞玄靈寶素靈真符,杜光庭,,,,撰、序,The Orthodox One Way of the Heavenly Master ,Rituals,,,913,,太上洞玄靈寶素靈真符,Taishang dongxuan lingbao suling zhenfu,杜光庭,Du Guangting ,撰、序,廣成先生；東瀛子；華頂、天姥峰羽人,賓聖,,850-933,3,The Orthodox One Way of the Heavenly Master ,Rituals,,,,,
DZ0390,太上洞玄靈寶五嶽神符,,,,,,Lingbao,Rituals and Rules ,,Tang,618,907,太上洞玄靈寶五嶽神符,Taishang dongxuan lingbao wuyue shenfu ,,,,,,,,1,Lingbao,Rituals and Rules ,,,,,
DZ0391,上清金母求仙上法,李玄真,遼東,,,撰,Dongzhen Division,"Manuals, Anthologies, and Encyclopedias",Practices,Tang,618,907,上清金母求仙上法,Shangqing jinmu qiuxian shangfa,李玄真,Li Xuanzhen,撰,,,,,1,Dongzhen Division,"Manuals, Anthologies, and Encyclopedias",Practices,遼東,,,
DZ0392,上清豁落七元符,,,,,,Dongzhen Division,The Shangqing Registers,,Tang,618,907,上清豁落七元符,Shangqing huoluo qiyuan fu ,,,,,,,,1,Dongzhen Division,The Shangqing Registers,,,,,
DZ0393,太上洞玄靈寶大綱鈔,閭丘方遠,,,,撰,Philosophy,Commentaries on Lingbao Scriptures,,,,,太上洞玄靈寶大綱鈔,Taishang dongxuan lingbao dagang chao,閭丘方遠,Lüqiu Fangyuan,撰,妙有大師、玄洞先生,大方,,902,1,Philosophy,Commentaries on Lingbao Scriptures,,,,,
DZ0394,上清太一金闕玉璽金真紀,,,,,,Dongzhen Division,"Manuals, Anthologies, and Encyclopedias",Practices,Tang,618,907,上清太一金闕玉璽金真紀,Shangqing taiyi jinque yuxi jinzhen ji,,,,,,,,1,Dongzhen Division,"Manuals, Anthologies, and Encyclopedias",Practices,,,,
DZ0395,太上洞玄靈寶投簡符文要訣,,,,,,Lingbao Canon,Doctrinal and Liturgical Works,,Six Dynasties,220,589,太上洞玄靈寶投簡符文要訣,Taishang dongxuan lingbao toujian fuwen yaojue,,,,,,,,1,Lingbao Canon,Doctrinal and Liturgical Works,,,,"The work, based exclusively on the literature of the ancient Lingbao canon, may have been compiled at a considerably earlier date",
DZ0396,洞玄靈寶自然九天生神章經解義,董思靖,天慶觀，清源,"37,6107","112,3491",撰,Philosophy,"Commentaries on Zhengyi, Shangqing, and Lingbao Scriptures",,,1252,,洞玄靈寶自然九天生神章經解義,Dongxuan lingbao ziran jiutian shengshen zhang jing jieyi,董思靖,Dong Sijing,撰,圭山,,,,4,Philosophy,"Commentaries on Zhengyi, Shangqing, and Lingbao Scriptures",,天慶觀，清源,PL000000003828,,
DZ0397,洞玄靈寶自然九天生神玉章經解,王希巢,沖虛觀，緜州，四川,"31,4587","104,7578",撰,Philosophy,"Commentaries on Zhengyi, Shangqing, and Lingbao Scriptures",,,1205,,洞玄靈寶自然九天生神玉章經解,Dongxuan lingbao ziran jiutian shengshen yuzhang jing jie,王希巢,Wang Xichao,撰,,隱賢,,,3,Philosophy,"Commentaries on Zhengyi, Shangqing, and Lingbao Scriptures",,沖虛觀，緜州，四川,PL000000035413,,
DZ0398,洞玄靈寶自然九天生神玉章經註,華陽復,,,,撰,Philosophy,"Commentaries on Zhengyi, Shangqing, and Lingbao Scriptures",,,,,洞玄靈寶自然九天生神玉章經註,Dongxuan lingbao ziran jiutian shengshen zhang jing zhu,華陽復,Hua Yangfu,撰,,,,,3,Philosophy,"Commentaries on Zhengyi, Shangqing, and Lingbao Scriptures",,,,,
DZ0399,太上洞玄靈寶天尊說救苦妙經註解,呂氏,四明，浙江,"29,8649","121,5515",撰,Philosophy,"Commentaries on Zhengyi, Shangqing, and Lingbao Scriptures",,,,,太上洞玄靈寶天尊說救苦妙經註解,Taishang dongxuan lingbao tianzun shuo jiuku miaojing zhujie,呂氏,Lü Dongyang Zi,撰,洞陽子,,,,1,Philosophy,"Commentaries on Zhengyi, Shangqing, and Lingbao Scriptures",,四明，浙江,PL000000012199,,
DZ0400,洞玄靈寶定觀經註,,,,,,Philosophy,Commentaries on Lingbao Scriptures,,Tang,618,907,洞玄靈寶定觀經註,Dongxuan lingbao dingguan jing zhu,,,,,,,,1,Philosophy,Commentaries on Lingbao Scriptures,,,,,
DZ0401,黃庭內景玉經註,劉處玄,東萊,"37,1743","119,9476",撰,Neidan and Yangsheng,General Works and Manuals,,,,,黃庭內景玉經註,Huangting neijing yujing zhu,劉處玄,Liu Chuxuan,撰,長生,通妙,,1147-1203,1,Neidan and Yangsheng,General Works and Manuals,,東萊,PL000000020932,,
DZ0402,黃庭內景玉經註,白履忠,,,,撰,Yangsheng,Miscellaneous Practices,,,,,黃庭內景玉經註,Huangting neijing yujing zhu,白履忠,Bo Lüzhong ,撰,梁丘子,,,fl.722-729,3,Yangsheng,Miscellaneous Practices,,,,,
DZ0403,黃庭內外玉景經解,白履忠,,,,撰,Yangsheng,Miscellaneous Practices,,,,,黃庭內外玉景經解,Huangting neiwai yujing jingjie ,白履忠,Bo Lüzhong ,撰,梁丘子,,,fl.722-729,2,Yangsheng,Miscellaneous Practices,,,,,
DZ0404,上清丹元玉真帝皇飛仙上經,,,,,,Shangqing,Scriptures,,,,,上清丹元玉真帝皇飛仙上經,Shangqing danyuan yuzhen dihuang feixian shangjing,,,,,,,,1,Shangqing,Scriptures,,,,,
DZ0405,上清紫精君皇初紫靈道君洞房上經,,,,,,Shangqing,Canonical Shangqing Scriptures,,Six Dynasties,220,589,上清紫精君皇初紫靈道君洞房上經,Shangqing zijing jun huangchu ziling daojun dongfang shangjing,,,,,,,,1,Shangqing,Canonical Shangqing Scriptures,,,,DZTK,
DZ0406,上清紫微帝君南極元君玉經寶訣,,,,,,Dongzhen Division,"Manuals, Anthologies, and Encyclopedias",Practices,Tang,618,907,上清紫微帝君南極元君玉經寶訣,Shangqing ziwei dijun nanji yuanjun yujing baojue ,,,,,,,,,Dongzhen Division,"Manuals, Anthologies, and Encyclopedias",Practices,,,,
DZ0407,靈寶大鍊內旨行持機要,,,,,,Lingbao,Manuals,,,,,靈寶大鍊內旨行持機要,Lingbao dalian neizhi xingchi jiyao ,,,,,,,,1,Lingbao,Manuals,,,,,
DZ0408,上清胎精記解結行事訣,楊羲,句容,"31,9453","119,1717",,Shangqing,Canonical Shangqing Scriptures,,Eastern Jin,363,370,上清胎精記解結行事訣,Shangjing taijing ji jiejie xingshi jue,楊羲,Yang Xi,,,羲和,,330-386,1,Shangqing,Canonical Shangqing Scriptures,,句容,PL000000011098,DZTK 165: it reproduces the essential passages from DZ1382,
DZ0409,上清華晨三奔玉訣,,,,,,Dongzhen Division,"Manuals, Anthologies, and Encyclopedias",Practices,Tang,618,907,上清華晨三奔玉訣,Shangqing huachen sanben yujue,,,,,,,,1,Dongzhen Division,"Manuals, Anthologies, and Encyclopedias",Practices,,,,
DZ0410,太上洞玄靈寶眾簡文,陸修靜,,,,撰,Lingbao Canon,Doctrinal and Liturgical Works,,,406,477,太上洞玄靈寶眾簡文,Taishang dongxuan lingbao zhongjian wen,陸修靜,Lu Xiujing,撰,,元德,簡寂先生、丹元真人,406-477,1,Lingbao Canon,Doctrinal and Liturgical Works,,,,,
DZ0411,太上洞玄靈寶五帝醮祭招真玉訣,張承先,,,,編,Lingbao,Rituals and Rules ,,Tang,618,907,太上洞玄靈寶五帝醮祭招真玉訣,Taishang dongxuan lingbao wudi jiaoji zhaozhen yujue,張承先,Zhang Chengxian,編,,,,,1,Lingbao,Rituals and Rules ,,,,,
DZ0412,上清佩符文青券訣,,,,,,Dongzhen Division,"Manuals, Anthologies, and Encyclopedias",Practices,,,,上清佩符文青券訣,Shangqing pei fuwen qingquan jue,,,,,,,,1,Dongzhen Division,"Manuals, Anthologies, and Encyclopedias",Practices,,,,
DZ0413,上清佩符文白券訣,,,,,,Dongzhen Division,"Manuals, Anthologies, and Encyclopedias",Practices,,,,上清佩符文白券訣,Shangqing pei fuwen boquan jue,,,,,,,,1,Dongzhen Division,"Manuals, Anthologies, and Encyclopedias",Practices,,,,
DZ0414,上清佩符文絳券訣,,,,,,Dongzhen Division,"Manuals, Anthologies, and Encyclopedias",Practices,,,,上清佩符文絳券訣,Shangqing pei fuwen jiangquan jue,,,,,,,,1,Dongzhen Division,"Manuals, Anthologies, and Encyclopedias",Practices,,,,
DZ0415,上清佩符文黑券訣,,,,,,Dongzhen Division,"Manuals, Anthologies, and Encyclopedias",Practices,,,,上清佩符文黑券訣,Shangqing pei fuwen heiquan jue,,,,,,,,1,Dongzhen Division,"Manuals, Anthologies, and Encyclopedias",Practices,,,,
DZ0416,上清佩符文黃券訣,,,,,,Dongzhen Division,"Manuals, Anthologies, and Encyclopedias",Practices,,,,上清佩符文黃券訣,Shangqing pei fuwen huangquan jue,,,,,,,,1,Dongzhen Division,"Manuals, Anthologies, and Encyclopedias",Practices,,,,
DZ0417,太上大道三元品誡謝罪上法,,,,,,Lingbao Canon,Doctrinal and Liturgical Works,,Six Dynasties,220,589,太上大道三元品誡謝罪上法,Taishang dadao sanyuan pinjie xiezui shangfa,,,,,,,,1,Lingbao Canon,Doctrinal and Liturgical Works,,,,,
DZ0418,固氣還神九轉瓊丹論,,,,,,Yangsheng,Miscellaneous Practices,,Five Dynasties,907,960,固氣還神九轉瓊丹論,Guqi huanshen jiuzhuan qiongdan lun ,,,,,,,,1,Yangsheng,Miscellaneous Practices,,,,,
DZ0419,靈寶眾真丹訣,,,,,,Alchemy ,Laboratory Alchemy,,Tang,618,907,靈寶眾真丹訣,Lingbao zhongzhen danjue ,,,,,,,,1,Alchemy ,Laboratory Alchemy,,,,,
DZ0420,神仙服餌丹石行藥法,京里先生,,,,撰,Alchemy,-,,Six Dynasties,220,589,神仙服餌丹石行藥法,Shenxian fuer danshi xingyao fa,京里先生,Jingli Xiansheng,撰,,,,,1,Alchemy,-,,,,DZTK,
DZ0421,登真隱訣,陶弘景,,,,纂、注,Shangqing,Anthologies,,,492,514,登真隱訣,Dengzhen yinjue,陶弘景,Tao Hongjing,纂、注,華陽隱居,通明,,456-536,3,Shangqing,Anthologies,,,,,
DZ0422,上清三真旨要玉訣,,,,,,Dongzhen Division,"Manuals, Anthologies, and Encyclopedias",Practices,Tang,618,907,上清三真旨要玉訣,Shangqing sanzhen zhiyao yujue,,,,,,,,1,Dongzhen Division,"Manuals, Anthologies, and Encyclopedias",Practices,,,,
DZ0423,上清洞真解過訣,,,,,,Dongzhen Division,"Manuals, Anthologies, and Encyclopedias",Practices,Tang,618,907,上清洞真解過訣,Shangqing dongzhen jieguo jue,,,,,,,,1,Dongzhen Division,"Manuals, Anthologies, and Encyclopedias",Practices,,,,
DZ0424,上清明堂元真經訣,楊羲,句容,"31,9453","119,1717",,Shangqing,Anthologies,,Six Dynasties,363,370,上清明堂元真經訣,Shangqing mingtang yuanzhen jingjue,楊羲,Yang Xi,,,羲和,,330-386,1,Shangqing,Anthologies,,句容,PL000000011098,DZTK 206: We conclude that the present text is in all likelihood a fragment of 421 Dengzhen yinjue.,
DZ0425,上清太極隱注玉經寶訣,,,,,,Lingbao Canon,Canonical Lingbao Scriptures,,Six Dynasties ,220,589,上清太極隱注玉經寶訣,Shangqing taiji yinzhu yujing baojue,,,,,,,,1,Lingbao Canon,Canonical Lingbao Scriptures,,,,DZTK 234: belongs to those of the Lingbao canon transmitted to GE XUAN in eleven juan,
DZ0426,上清太上八素真經,,句容,"31,9453","119,1717",,Shangqing,Canonical Shangqing Scriptures,,Eastern Jin,317,420,上清太上八素真經,Shangqing taishang basu zhenjing,,,,,,,,1,Shangqing,Canonical Shangqing Scriptures,,句容,PL000000011098,"dztk 141: this text should have been incorporated
into 1323 Huanghua jue.",
DZ0427,上清修行經訣,,,,,,Dongzhen Division,"Manuals, Anthologies, and Encyclopedias",Practices,Tang,618,907,上清修行經訣,Shangqing xiuxing jingjue,,,,,,,,1,Dongzhen Division,"Manuals, Anthologies, and Encyclopedias",Practices,,,,
DZ0428,太上飛行九晨玉經,,,,,,Shangqing,Canonical Shangqing Scriptures,,Six Dynasties,220,589,太上飛行九晨玉經,Taishang feixing jiuchen yujing,,,,,,,,1,Shangqing,Canonical Shangqing Scriptures,,,,DZTK 170: quoted in WSBYand SDZN,
DZ0429,上清長生寶鑑圖,,,,,,Dongzhen Division,"Manuals, Anthologies, and Encyclopedias",Practices,Tang,618,907,上清長生寶鑑圖,Shangqing changsheng baojian tu,,,,,,,,1,Dongzhen Division,"Manuals, Anthologies, and Encyclopedias",Practices,,,,
DZ0430,上清八道祕言圖,,,,,,Dongzhen Division,"Manuals, Anthologies, and Encyclopedias",Practices,Tang,618,907,上清八道祕言圖,Shangqing badao biyan tu,,,,,,,,1,Dongzhen Division,"Manuals, Anthologies, and Encyclopedias",Practices,,,,
DZ0431,上清含象劍鑑圖,司馬承禎,,,,撰,Dongzhen Division,"Manuals, Anthologies, and Encyclopedias",Practices,,,,上清含象劍鑑圖,Shangqing hanxiang jianjian tu,司馬承禎,Sima Chengzhen ,撰,白雲子,子微,貞一,647-735,1,Dongzhen Division,"Manuals, Anthologies, and Encyclopedias",Practices,,,,
DZ0432,黃庭內景五臟六腑補瀉圖,胡愔,,,,撰,Yangsheng,Miscellaneous Practices,,,848,,黃庭內景五臟六腑補瀉圖,Huangting neijing wuzang liufu buxie tu,胡愔,Hu Yin ,撰,,,,,1,Yangsheng,Miscellaneous Practices,,,,,
DZ0433,七域修真證品圖,,,,,,Dongzhen Division,"Manuals, Anthologies, and Encyclopedias",Practices,Tang,618,907,七域修真證品圖,Qiyu xiuzhen zhengpin tu,,,,,,,,1,Dongzhen Division,"Manuals, Anthologies, and Encyclopedias",Practices,,,,
DZ0434,玄覽人鳥山經圖,,,,,,Sacred History and Geography,Sacred Annals and Records,,,,,玄覽人鳥山經圖,Xuanlan renniao shan jingtu ,,,,,,,,1,Sacred History and Geography,Sacred Annals and Records,,,,,
DZ0435,太上玉晨鬱儀結璘奔日月圖,,,,,,Shangqing,Scriptures,,Southern Song,1127,1279,太上玉晨鬱儀結璘奔日月圖,Taishang yuchen yuyi jielin ben riyue tu,,,,,,,,1,Shangqing,Scriptures,,,,,
DZ0436,上方大洞真元妙經品,明皇,,,,序,The Zhenyuan Scriptures,,,,,,上方大洞真元妙經品,Shangfang dadong zhenyuan miaojing pin ,明皇,Tang Minghuang (Emperor Xuanzong),序,,,,r. 712-7S6,1,The Zhenyuan Scriptures,,,,,,
DZ0437,上方大洞真元妙經圖,,,,,,The Zhenyuan Scriptures,,,,,,上方大洞真元妙經圖,Shangfang dadong zhenyuan miaojing tu ,,,,,,,,1,The Zhenyuan Scriptures,,,,,,
DZ0438,上方大洞真元陰陽陟降圖書後解,,,,,,The Zhenyuan Scriptures,,,,,,上方大洞真元陰陽陟降圖書後解,Shangfang dadong zhenyuan yinyang zhijiang tushu houjie,,,,,,,,1,The Zhenyuan Scriptures,,,,,,
DZ0439,上方大洞真元圖書繼說終篇,,,,,,The Zhenyuan Scriptures,,,,,,上方大洞真元圖書繼說終篇,Shangfang dadong zhenyuan tushu jishuo zhongpian,,,,,,,,6ff.,The Zhenyuan Scriptures,,,,,,
DZ0440,許太史真君圖傳,,,,,,Sacred History and Geography,Hagiographies,,,,,許太史真君圖傳,Xu taishi zhenjun tuzhuan,,,,,,,,2,Sacred History and Geography,Hagiographies,,,,,
DZ0441,洞玄靈寶五嶽古本真形圖,東方朔,,,,撰,Other Popular Cults,Popular Rites,,Ming,1368,1644,洞玄靈寶五嶽古本真形圖,Dongxuan lingbao wuyue guben zhenxing tu,東方朔,Dongfang Shuo ,撰,,,,145-93 b.c.,1,Other Popular Cults,Popular Rites,,,,,
DZ0442,上清後聖道君列紀,楊羲,句容,"31,9453","119,1717",,Shangqing,Canonical Shangqing Scriptures,,Eastern Jin ,363,370,上清後聖道君列紀,Shangqing housheng daojun lieji,楊羲,Yang Xi,,,羲和,,330-386,1,Shangqing,Canonical Shangqing Scriptures,,句容,PL000000011098,DZTK 152: constitutes an important part of the original Shangqing revelation,
DZ0443,上清高上玉真眾道綜監寶諱,,,,,,Lingbao,Rituals and Rules ,,Tang,618,907,上清高上玉真眾道綜監寶諱,Shangqing gaoshang yuzhen zhongdao zongjian baohui ,,,,,,,,1,Lingbao,Rituals and Rules ,,,,,
DZ0444,洞玄靈寶三師記,劉處靜,,,,撰,Sacred History and Geography,Sacred Annals and Records,,,,,洞玄靈寶三師記,Dongxuan lingbao sanshi ji,劉處靜, Liu Chujing,撰,廣成先生,,,,1,Sacred History and Geography,Sacred Annals and Records,,,,,
DZ0445,洞玄靈寶三師名諱形狀居觀方所文,張萬福,,,,撰,The General Liturgical Organization of the Tang,,,,,,洞玄靈寶三師名諱形狀居觀方所文,Dongxuan lingbao sanshi minghui xingzhuang juguan fangsuo wen,張萬福,Zhang Wanfu ,撰,,,,fl. 711-713,1,The General Liturgical Organization of the Tang,,,,,,
DZ0446,上清眾經諸真聖祕,,,,,,Dongzhen Division,The Shangqing Registers,,,,,上清眾經諸真聖祕,Shangqing zhongjing zhuzhen shengbi,,,,,,,,8,Dongzhen Division,The Shangqing Registers,,,,,
DZ0447,許真君仙傳,,,,,,Sacred History and Geography,Hagiographies,,Yuan,1279,1368,許真君仙傳,Xu zhenjun xianzhuan,,,,,,,,1,Sacred History and Geography,Hagiographies,,,,,
DZ0448,西山許真人八十五化錄,,,,,,Sacred History and Geography,Hagiographies,,,,,西山許真人八十五化錄,Xishan Xu zhenren bashiwu hualu,,,,,,,,3fols. + 3juan,Sacred History and Geography,Hagiographies,,,,,
DZ0449,孝道吳許二真君傳,,,,,,Sacred History and Geography,Hagiographies,,,,,孝道吳許二真君傳,Xiaodao Wu Xu er zhenjun zhuan,,,,,,,,1,Sacred History and Geography,Hagiographies,,,,,
DZ0450,太極葛仙公傳,譚嗣先,青元觀,,,纂,Sacred History and Geography,Hagiographies,,,,,太極葛仙公傳,Taiji Ge xiangong zhuan,譚嗣先,Tan Sixian,纂,,道林,,,1,Sacred History and Geography,Hagiographies,,青元觀,,,
DZ0450,太極葛仙公傳,朱綽,平陰，山東,36286,"116,4581",序、改訂,Sacred History and Geography,Hagiographies,,,,,太極葛仙公傳,Taiji Ge xiangong zhuan,朱綽,Zhu Chuo,序、改訂,,,,1377,1,Sacred History and Geography,Hagiographies,,平陰，山東,PL000000020334,,
DZ0451,雲埠山申仙翁傳,,,,,,Sacred History and Geography,Hagiographies,,First half of the fourteenth century,1301,1350,雲埠山申仙翁傳,Yunfu shan Shen xianweng zhuan,,,,,,,,1,Sacred History and Geography,Hagiographies,,,,,
DZ0452,南嶽九真人傳,廖侁,,,,編,Sacred History and Geography,Hagiographies,,Northern Song,960,1127,南嶽九真人傳,Nanyue jiu zhenren zhuan,廖侁,Liao Shen ,編,,,,,1,Sacred History and Geography,Hagiographies,,,,,
DZ0453,南嶽小錄,李沖昭,,,,撰,Sacred History and Geography,The Zhenyuan ScripturesMountain and Temple Monographs; Epigraphy,,,902,,南嶽小錄,Nanyue xiaolu,李沖昭,Li Chongzao,撰,,,,,1,Sacred History and Geography,The Zhenyuan ScripturesMountain and Temple Monographs; Epigraphy,,,,,
DZ0454,太上洞玄靈寶上品戒經,,,,,,Lingbao,Rituals and Rules ,,Tang,618,907,太上洞玄靈寶上品戒經,Taishang dongxuan lingbao shangpin jiejing,,,,,,,,1,Lingbao,Rituals and Rules ,,,,,
DZ0455,太上玄一真人說三途五苦勸戒經,,,,,,Lingbao Canon,Canonical Lingbao Scriptures,,Six Dynasties,220,589,太上玄一真人說三途五苦勸戒經,Taishang xuanyi zhenren shuo santu wuku quanjie jing,,,,,,,,1,Lingbao Canon,Canonical Lingbao Scriptures,,,,,
DZ0456,太上洞玄靈寶三元品戒功德輕重經,,,,,,Lingbao Canon,Canonical Lingbao Scriptures,,Six Dynasties ,220,589,太上洞玄靈寶三元品戒功德輕重經,Taishang dongxuan lingbao sanyuan pinjie gongde qingzhong jing,,,,,,,,1,Lingbao Canon,Canonical Lingbao Scriptures,,,,,
DZ0457,太上洞玄靈寶智慧罪根上品大戒經,葛巢甫,句容,"31,9453","119,1717",,Lingbao Canon,Canonical Lingbao Scriptures,,,395,405,太上洞玄靈寶智慧罪根上品大戒經,Taishang dongxuan lingbao zhihui zuigen shangpin dajie jing,葛巢甫,Ge Chaofu,,,,,402,2,Lingbao Canon,Canonical Lingbao Scriptures,,句容,PL000000011098,MSB Daterange,
DZ0458,上清眾真教戒德行經,,,,,,Dongzhen Division,"Manuals, Anthologies, and Encyclopedias",Practices,,,,上清眾真教戒德行經,Shangqing zhongzhen jiaojie dexing jing ,,,,,,,,2,Dongzhen Division,"Manuals, Anthologies, and Encyclopedias",Practices,,,,
DZ0459,洞玄靈寶天尊說十戒經,,,,,,Lingbao,Rituals and Rules ,,Sixth century,501,600,洞玄靈寶天尊說十戒經,Dongxuan lingbao tianzun shuo shijie jing,,,,,,,,1,Lingbao,Rituals and Rules ,,,,,
DZ0460,太上洞玄靈寶宣戒首悔眾罪保護經,,,,,,Dongyuan and Shengxuan Scriptures and Rituals,The Shengxuan neijiao jing,,Tang,618,907,太上洞玄靈寶宣戒首悔眾罪保護經,Taishang dongxuan lingbao xuanjie shouhui zhongzui baohu jing,,,,,,,,3,Dongyuan and Shengxuan Scriptures and Rituals,The Shengxuan neijiao jing,,,,,
DZ0461,上清骨髓靈文鬼律,饒洞天,,,,撰,Tianxin Zhengfa and Related Rites,,,,,,上清骨髓靈文鬼律,Shangqing gusui lingwen guilü,饒洞天,Rao Dongtian,撰,,,,fl. 994,3,Tianxin Zhengfa and Related Rites,,,,,,
DZ0461,上清骨髓靈文鬼律,鄧有功,華蓋山，江西,,,編,Tianxin Zhengfa and Related Rites,,,,,,上清骨髓靈文鬼律,Shangqing gusui lingwen guilü,鄧有功,Deng Yougong,編,月巢,子大,,1210-1279,3,Tianxin Zhengfa and Related Rites,,,華蓋山，江西,,,
DZ0462,太上洞玄靈寶法身製論,,,,,,Philosophy,Tang Philosophical Texts (General) ,,Tang,618,907,太上洞玄靈寶法身製論,Taishang dongxuan lingbao fashen zhilun,,,,,,,,1,Philosophy,Tang Philosophical Texts (General) ,,,,,
DZ0463,要修科儀戒律鈔,朱君緒,,,,撰,The General Liturgical Organization of the Tang,,,Early eighth century,701,750,要修科儀戒律鈔,Yaoxiu keyi jielü chao ,朱君緒,Zhu Junxu ,撰,,法滿,,,16,The General Liturgical Organization of the Tang,,,,,,
DZ0464,齋戒籙,,,,,,The General Liturgical Organization of the Tang,,,Ninth to tenth century,801,1000,齋戒籙,Zhaijie lu,,,,,,,,1,The General Liturgical Organization of the Tang,,,,,,
DZ0465,靈寶領教濟度金書目錄,,,,,,Lingbao,Manuals,,,,,靈寶領教濟度金書目錄,Lingbao lingjiao jidu jinshu mulu,,,,,,,,1,Lingbao,Manuals,,,,,
DZ0466,靈寶領教濟度金書,寧全真,,,,傳,Lingbao,Manuals,,,,,靈寶領教濟度金書,Lingbao lingjiao jidu jinshu,寧全真,Ning Quanzhen ,傳,,,,1101-1181,10 fols. + 320 juan,Lingbao,Manuals,,,,,
DZ0466,靈寶領教濟度金書,林靈真,,,,纂,Lingbao,Manuals,,,,,靈寶領教濟度金書,Lingbao lingjiao jidu jinshu,林靈真,Lin Lingzhen,纂,,,,1239-1302,10 fols. + 320 juan,Lingbao,Manuals,,,,,
DZ0467,大明玄教立成齋醮儀,宋宗真,,,,纂,Lingbao,Manuals,,,1374,,大明玄教立成齋醮儀,Da Ming xuanjiao licheng zhaijiao yi,宋宗真,Song Zongzhen,纂,,,,,1,Lingbao,Manuals,,,,,
DZ0468,洪恩靈濟真君自然行道儀,,,,,,The Hongen Lingji Zhenjun Cult,,,,,,洪恩靈濟真君自然行道儀,Hongen lingji zhenjun ziran xingdao yi,,,,,,,,1,The Hongen Lingji Zhenjun Cult,,,,,,
DZ0469,洪恩靈濟真君集福宿啓儀,,,,,,The Hongen Lingji Zhenjun Cult,,,,,,洪恩靈濟真君集福宿啓儀,Hongen lingji zhenjun jifu suqi yi,,,,,,,,1,The Hongen Lingji Zhenjun Cult,,,,,,
DZ0470,洪恩靈濟真君集福早朝儀,,,,,,The Hongen Lingji Zhenjun Cult,,,,,,洪恩靈濟真君集福早朝儀,Hongen lingji zhenjun jifu zaochao yi,,,,,,,,1,The Hongen Lingji Zhenjun Cult,,,,,,
DZ0471,洪恩靈濟真君集福午朝儀,,,,,,The Hongen Lingji Zhenjun Cult,,,,,,洪恩靈濟真君集福午朝儀,Hongen lingji zhenjun jifu wuchao yi,,,,,,,,1,The Hongen Lingji Zhenjun Cult,,,,,,
DZ0472,洪恩靈濟真君集福晚朝儀,,,,,,The Hongen Lingji Zhenjun Cult,,,,,,洪恩靈濟真君集福晚朝儀,Hongen lingji zhenjun jifu wanchao yi,,,,,,,,1,The Hongen Lingji Zhenjun Cult,,,,,,
DZ0473,洪恩靈濟真君祈謝設醮科,,,,,,The Hongen Lingji Zhenjun Cult,,,,,,洪恩靈濟真君祈謝設醮科,Hongen lingji zhenjun qixie shejiao ke,,,,,,,,1,The Hongen Lingji Zhenjun Cult,,,,,,
DZ0474,洪恩靈濟真君禮願文,,,,,,The Hongen Lingji Zhenjun Cult,,,,,,洪恩靈濟真君禮願文,Hongen lingji zhenjun liyuan wen,,,,,,,,44,The Hongen Lingji Zhenjun Cult,,,,,,
DZ0475,洪恩靈濟真君七政星燈儀,,,,,,The Hongen Lingji Zhenjun Cult,,,,1397,,洪恩靈濟真君七政星燈儀,Hongen lingji zhenjun qizheng xing dengyi ,,,,,,,,1,The Hongen Lingji Zhenjun Cult,,,,,,
DZ0476,洪恩靈濟真君事實,,,,,,The Hongen Lingji Zhenjun Cult,,,Ming,1368,1644,洪恩靈濟真君事實,Hongen lingji zhenjun shishi ,,,,,,,,1,The Hongen Lingji Zhenjun Cult,,,,,,
DZ0477,羅天大醮早朝科,,,,,,Lingbao,Rituals,,,,,羅天大醮早朝科,Luotian dajiao zaochao ke,,,,,,,,1,Lingbao,Rituals,,,,,
DZ0478,羅天大醮午朝科,,,,,,Lingbao,Rituals,,,,,羅天大醮午朝科,Luotian dajiao wuchao ke,,,,,,,,1,Lingbao,Rituals,,,,,
DZ0479,羅天大醮晚朝科,,,,,,Lingbao,Rituals,,,,,羅天大醮晚朝科,Luotian dajiao wanchao ke,,,,,,,,1,Lingbao,Rituals,,,,,
DZ0480,羅天大醮設醮儀,,,,,,Lingbao,Rituals,,,,,羅天大醮設醮儀,Luotian dajiao shejiao yi,,,,,,,,1,Lingbao,Rituals,,,,,
DZ0481,玄門報孝追薦儀,,,,,,The Jingming Zhongxiao School,,,Ming,1368,1644,玄門報孝追薦儀,Xuanmen baoxiao zhuijian yi,,,,,,,,1,The Jingming Zhongxiao School,,,,,,
DZ0482,諸師聖誕沖舉酌獻儀,,,,,,Zhengyi,Scriptures,,,,,諸師聖誕沖舉酌獻儀,Zhushi shengdan chongju zhuoxian yi,,,,,,,,1,Zhengyi,Scriptures,,,,,
DZ0483,金籙齋啓壇儀,杜光庭,,,,撰,Lingbao,Rituals and Rules ,,,,,金籙齋啓壇儀,Jinlu zhai qitanyi ,杜光庭,Du Guangting ,撰,廣成先生；東瀛子；華頂、天姥峰羽人,賓聖,,850-933,1,Lingbao,Rituals and Rules ,,,,,
DZ0484,金籙大齋宿啓儀,,,,,,Lingbao,Rituals,,,,,金籙大齋宿啓儀,Jinlu dazhai suqi yi ,,,,,,,,1,Lingbao,Rituals,,,,,
DZ0485,金籙大齋啓盟儀,,,,,,Lingbao,Rituals,,,,,金籙大齋啓盟儀,Jinlu dazhai qimeng yi ,,,,,,,,1,Lingbao,Rituals,,,,,
DZ0486,金籙大齋補職說戒儀,,,,,,Lingbao,Rituals,,,,,金籙大齋補職說戒儀,Jinlu dazhai buzhi shuojie yi,,,,,,,,1,Lingbao,Rituals,,,,,
DZ0487,金籙早午晚朝儀,,,,,,Lingbao,Rituals,,,,,金籙早午晚朝儀,"Jinlu zaochao yi, Jinlu wuchao yi, Jinlu wanchao yi ",,,,,,,,,Lingbao,Rituals,,,,,
DZ0488,金籙齋懺方儀,杜光庭,,,,撰,Lingbao,Rituals,,,,,金籙齋懺方儀,Jinlu zhai chanfang yi ,杜光庭,Du Guangting ,撰,廣成先生；東瀛子；華頂、天姥峰羽人,賓聖,,850-933,1,Lingbao,Rituals,,,,,
DZ0489,金籙解壇儀,,,,,,Lingbao,Rituals,,,,,金籙解壇儀,Jinlu jietan yi,,,,,,,,1,Lingbao,Rituals,,,,,
DZ0490,金籙設醮儀,,,,,,Lingbao,Rituals,,,,,金籙設醮儀,Jinlu shejiao yi ,,,,,,,,1,Lingbao,Rituals,,,,,
DZ0491,金籙放生儀,,,,,,Lingbao,Rituals,,,,,金籙放生儀,Jinlu fangsheng yi,,,,,,,,1,Lingbao,Rituals,,,,,
DZ0492,金籙祈壽早午晚朝儀,,,,,,Lingbao,Rituals,,,,,金籙祈壽早午晚朝儀,"Jinlu qishou zao, wu, wanchao yi",,,,,,,,1,Lingbao,Rituals,,,,,
DZ0493,金籙上壽三獻儀,,,,,,Lingbao,Rituals,,,,,金籙上壽三獻儀,Jinlu shangshou sanxian yi ,,,,,,,,1,Lingbao,Rituals,,,,,
DZ0494,金籙延壽設醮儀,,,,,,Lingbao,Rituals,,Ming,1368,1644,金籙延壽設醮儀,Jinlu yanshou shejiao yi ,,,,,,,,1,Lingbao,Rituals,,,,,
DZ0495,金籙玄靈轉經早午晚朝行道儀,,,,,,Lingbao,Rituals,,Ming,1368,1644,金籙玄靈轉經早午晚朝行道儀,"Jinlu xuanling zhuanjing zao,wu,wanchao xingdao yi",,,,,,,,1,Lingbao,Rituals,,,,,
DZ0496,金籙十迴度人早午晚朝開收儀,,,,,,Lingbao,Rituals,,Ming,1368,1644,金籙十迴度人早午晚朝開收儀,"Jinlu shihui duren zao, wu, wanchao kaishou yi ",,,,,,,,1,Lingbao,Rituals,,,,,
DZ0497,金籙十迴度人三朝轉經儀,,,,,,Lingbao,Rituals,,Ming,1368,1644,金籙十迴度人三朝轉經儀,"Jinlu shihui duren zao, wu, wanchao zhuanjingyi",,,,,,,,1,Lingbao,Rituals,,,,,
DZ0498,金籙齋投簡儀,張商英,,,,編,Lingbao,Rituals,,,,,金籙齋投簡儀,Jinlu zhai toujian yi ,張商英,Zhang Shangying,編,無盡居士,天覺,,1043-112I,1,Lingbao,Rituals,,,,,
DZ0499,玉籙資度宿啓儀,,,,,,Lingbao,Rituals,,,,,玉籙資度宿啓儀,Yulu zidu suqi yi ,,,,,,,,1,Lingbao,Rituals,,,,,
DZ0500,玉籙資度解壇儀,,,,,,Lingbao,Rituals,,,,,玉籙資度解壇儀,Yulu zidu jietan yi ,,,,,,,,1,Lingbao,Rituals,,,,,
DZ0501,玉籙資度設醮儀,,,,,,Lingbao,Rituals,,,,,玉籙資度設醮儀,Yulu zidu shejiao yi,,,,,,,,1,Lingbao,Rituals,,,,,
DZ0502,玉籙資度早午晚朝儀,,,,,,Lingbao,Rituals,,,,,玉籙資度早午晚朝儀,"Yulu zidu zao, wu, wanchao yi ",,,,,,,,1,Lingbao,Rituals,,,,,
DZ0503,玉籙生神資度轉經儀,,,,,,Lingbao,Rituals,,,,,玉籙生神資度轉經儀,Yulu shengshen zidu zhuanjing yi ,,,,,,,,1,Lingbao,Rituals,,,,,
DZ0504,玉籙生神資度開收儀,,,,,,Lingbao,Rituals,,Ming,1368,1644,玉籙生神資度開收儀,Yulu shengshen zidu kaishou yi,,,,,,,,1,Lingbao,Rituals,,,,,
DZ0505,玉籙三日九朝儀,,,,,,Lingbao,Rituals,,,,,玉籙三日九朝儀,Yulu sanri jiuchao yi,,,,,,,,3,Lingbao,Rituals,,,,,
DZ0506,玉籙濟幽判斛儀,,,,,,Lingbao,Rituals,,,,,玉籙濟幽判斛儀,Yulu jiyou panhu yi,,,,,,,,1,Lingbao,Rituals,,,,,
DZ0507,太上黃籙齋儀,杜光庭,,,,撰,Lingbao,Rituals and Rules,,,,,太上黃籙齋儀,Taishang huanglu zhaiyi ,杜光庭,Du Guangting ,撰,廣成先生；東瀛子；華頂、天姥峰羽人,賓聖,,850-933,58,Lingbao,Rituals and Rules,,,,,
DZ0508,無上黃籙大齋立成儀,蔣叔與,,,,撰,Lingbao,Manuals,,,,,無上黃籙大齋立成儀,Wushang huanglu dazhai licheng yi ,蔣叔與,Jiang Shuyu,撰,存齋,德詹,,1162-1223,57,Lingbao,Manuals,,,,,
DZ0508,無上黃籙大齋立成儀,蔣焈,,,,後記,Lingbao,Manuals,,,,,無上黃籙大齋立成儀,Wushang huanglu dazhai licheng yi ,蔣焈,Jiang Xi,後記,,,,,57,Lingbao,Manuals,,,,,
DZ0508,無上黃籙大齋立成儀,蔣焱,,,,後記,Lingbao,Manuals,,,,,無上黃籙大齋立成儀,Wushang huanglu dazhai licheng yi ,蔣焱,Jiang Yan,後記,,,,dated 1223,57,Lingbao,Manuals,,,,,
DZ0508,無上黃籙大齋立成儀,高文虎,,,,後記,Lingbao,Manuals,,,,,無上黃籙大齋立成儀,Wushang huanglu dazhai licheng yi ,高文虎,Gao Wenhu,後記,,,,,57,Lingbao,Manuals,,,,,
DZ0509,黃籙救苦十齋轉經儀,,,,,,Lingbao,Rituals,,Southern Song,1127,1279,黃籙救苦十齋轉經儀,Huanglu jiuku shizhai zhuanjing yi,,,,,,,,1,Lingbao,Rituals,,,,,
DZ0510,黃籙十念儀,,,,,,Lingbao,Rituals,,,,,黃籙十念儀,Huanglu shinian yi,,,,,,,,1,Lingbao,Rituals,,,,,
DZ0511,黃籙五老悼亡儀,,,,,,Lingbao,Rituals,,,,,黃籙五老悼亡儀,Huanglu wulao daowang yi ,,,,,,,,1,Lingbao,Rituals,,,,,
DZ0512,黃籙齋十天尊儀,,,,,,Lingbao,Rituals,,,,,黃籙齋十天尊儀,Huanglu zhai shi tianzun yi ,,,,,,,,1,Lingbao,Rituals,,,,,
DZ0513,黃籙齋十洲三島拔度儀,,,,,,Lingbao,Rituals,,,,,黃籙齋十洲三島拔度儀,Huanglu zhai shizhou sandao badu yi ,,,,,,,,1,Lingbao,Rituals,,,,,
DZ0514,黃籙九幽醮無礙夜齋次第儀,,,,,,Lingbao,Rituals,,Southern Song,1127,1279,黃籙九幽醮無礙夜齋次第儀,Huanglu jiuyou jiao wuai yezhai cidi yi ,,,,,,,,1,Lingbao,Rituals,,,,,
DZ0515,洞玄靈寶河圖仰謝三十六天齋儀,,,,,,Sanhuang Scriptures and Rituals,,,,,,洞玄靈寶河圖仰謝三十六天齋儀,Dongxuan lingbao hetu yangxie sanshiliu tian zhaiyi,,,,,,,,4,Sanhuang Scriptures and Rituals,,,,,,
DZ0516,洞玄靈寶河圖仰謝三十六土皇齋儀,,,,,,Sanhuang Scriptures and Rituals,,,Late Tang,764,907,洞玄靈寶河圖仰謝三十六土皇齋儀,Dongxuan lingbao hetu yangxie sanshiliu tuhuang zhaiyi,,,,,,,,4,Sanhuang Scriptures and Rituals,,,,,,
DZ0517,靈寶半景齋儀,,,,,,Lingbao,Rituals and Rules ,,Tang,618,907,靈寶半景齋儀,Lingbao banjing zhaiyi,,,,,,,,1,Lingbao,Rituals and Rules ,,,,,
DZ0518,神功妙濟真君禮文,,,,,,The Jingming Zhongxiao School,,,,,,神功妙濟真君禮文,Shengong miaoji zhenjun liwen,,,,,,,,1,The Jingming Zhongxiao School,,,,,,
DZ0519,太上靈寶玉匱明真齋懺方儀,,,,,,Lingbao,Rituals and Rules ,,,,,太上靈寶玉匱明真齋懺方儀,Taishang lingbao yugui mingzhen zhai chanfang yi,,,,,,,,1,Lingbao,Rituals and Rules ,,,,,
DZ0520,太上靈寶玉匱明真大齋懺方儀,,,,,,Lingbao,Rituals and Rules ,,,,,太上靈寶玉匱明真大齋懺方儀,Taishang lingbao yugui mingzhen dazhai chanfang yi ,,,,,,,,1,Lingbao,Rituals and Rules ,,,,,
DZ0521,太上靈寶玉匱明真大齋言功儀,杜光庭,,,,撰,Lingbao,Rituals and Rules ,,,,,太上靈寶玉匱明真大齋言功儀,Taishang lingbao yugui mingzhen dazhai yangong yi ,杜光庭,Du Guangting ,撰,廣成先生；東瀛子；華頂、天姥峰羽人,賓聖,,850-933,1,Lingbao,Rituals and Rules ,,,,,
DZ0522,洞玄度靈寶自然券儀,,,,,,Lingbao,Rituals and Rules ,,,,,洞玄度靈寶自然券儀,Dongxuan du lingbao ziran quanyi,,,,,,,,1,Lingbao,Rituals and Rules ,,,,,
DZ0523,洞玄靈寶自然齋儀,,,,,,Lingbao,Rituals and Rules ,,Early Tang ,618,763,洞玄靈寶自然齋儀,Dongxuan lingbao ziran zhaiyi ,,,,,,,,1,Lingbao,Rituals and Rules ,,,,,
DZ0524,洞玄靈寶齋說光燭戒罰燈祝願儀,陸修靜,,,,撰,Lingbao Canon,Doctrinal and Liturgical Works,,,406,477,洞玄靈寶齋說光燭戒罰燈祝願儀,Dongxuan lingbao zhai shuo guang zhu jie fa deng zhuyuan yi,陸修靜,Lu Xiujing,撰,,元德,簡寂先生、丹元真人,406-477,1,Lingbao Canon,Doctrinal and Liturgical Works,,,,,
DZ0525,太上洞淵三昧神咒齋懺謝儀,杜光庭,,,,編,Dongyuan and Shengxuan Scriptures and Rituals,The Dongyuan shenzhou jing,,,,,太上洞淵三昧神咒齋懺謝儀,Taishang dongyuan sanmei shenzhou zhai chanxie yi ,杜光庭,Du Guangting ,編,廣成先生；東瀛子；華頂、天姥峰羽人,賓聖,,850-933,1,Dongyuan and Shengxuan Scriptures and Rituals,The Dongyuan shenzhou jing,,,,,
DZ0526,太上洞淵三昧神咒齋清旦行道儀,杜光庭,,,,編,Dongyuan and Shengxuan Scriptures and Rituals,The Dongyuan shenzhou jing,,,,,太上洞淵三昧神咒齋清旦行道儀,Taishang dongyuan sanmei shenzhou zhai qingdan xingdao yi ,杜光庭,Du Guangting ,編,廣成先生；東瀛子；華頂、天姥峰羽人,賓聖,,850-933,1,Dongyuan and Shengxuan Scriptures and Rituals,The Dongyuan shenzhou jing,,,,,
DZ0527,太上洞淵三昧神咒齋十方懺儀,杜光庭,,,,撰,Dongyuan and Shengxuan Scriptures and Rituals,The Dongyuan shenzhou jing,,,,,太上洞淵三昧神咒齋十方懺儀,Taishang dongyuan sanmei shenzhou zhai shifang chanyi,杜光庭,Du Guangting ,撰,廣成先生；東瀛子；華頂、天姥峰羽人,賓聖,,850-933,1,Dongyuan and Shengxuan Scriptures and Rituals,The Dongyuan shenzhou jing,,,,,
DZ0528,太上洞玄靈寶授度儀,陸修靜,,,,撰,Lingbao Canon,Doctrinal and Liturgical Works,,,406,477,太上洞玄靈寶授度儀,Taishang dongxuan lingbao shoudu yi,陸修靜,Lu Xiujing,撰,,元德,簡寂先生、丹元真人,406-477,1,Lingbao Canon,Doctrinal and Liturgical Works,,,,,
DZ0529,靈寶五經提綱,,,,,,Lingbao,Rituals,,Twelfth or thirteenth century,1101,1300,靈寶五經提綱,Lingbao wujing tigang,,,,,,,,1,Lingbao,Rituals,,,,,
DZ0530,洞玄靈寶玉籙簡文三元威儀自然真經,葛巢甫,句容,"31,9453","119,1717",,Lingbao Canon,Canonical Lingbao Scriptures,,,395,405,洞玄靈寶玉籙簡文三元威儀自然真經,Dongxuan lingbao yulu jianwen sanyuan weiyi ziran zhenjing,葛巢甫,Ge Chaofu,,,,,402,1,Lingbao Canon,Canonical Lingbao Scriptures,,句容,PL000000011098,MSB Daterange,
DZ0531,洞玄靈寶鍾磬威儀經,,,,,,Lingbao,Scriptures,Medium-Length Scriptures,Tang,618,907,洞玄靈寶鍾磬威儀經,Dongxuan lingbao zhongqing weiyi jing,,,,,,,,1,Lingbao,Scriptures,Medium-Length Scriptures,,,,
DZ0532,太極真人敷靈寶齋戒威儀諸經要訣,,,,,,Lingbao Canon,Canonical Lingbao Scriptures,,Six Dynasties ,220,589,太極真人敷靈寶齋戒威儀諸經要訣,Taiji zhenren fu lingbao zhaijie weiyi zhujing yaojue ,,,,,,,,1,Lingbao Canon,Canonical Lingbao Scriptures,,,,,
DZ0533,太上靈寶上元天官消愆滅罪懺,,,,,,Lingbao,Litanies,,,,,太上靈寶上元天官消愆滅罪懺,Taishang lingbao shangyuan tianguan xiaoqian miezui chan ,,,,,,,,1,Lingbao,Litanies,,,,,
DZ0534,太上靈寶中元地官消愆滅罪懺,,,,,,Lingbao,Litanies,,,,,太上靈寶中元地官消愆滅罪懺,Taishang lingbao zhongyuan diguan xiaoqian miezui chan,,,,,,,,1,Lingbao,Litanies,,,,,
DZ0535,太上靈寶下元水官消愆滅罪懺,,,,,,Lingbao,Litanies,,,,,太上靈寶下元水官消愆滅罪懺,Taishang lingbao xiayuan shuiguan xiaoqian miezui chan,,,,,,,,1,Lingbao,Litanies,,,,,
DZ0536,太上玄司滅罪紫府消災法懺,,,,,,Shenxiao Fa and Related Thunder Rites,,,,,,太上玄司滅罪紫府消災法懺,Taishang xuansi miezui zifu xiaozai fachan,,,,,,,,1,Shenxiao Fa and Related Thunder Rites,,,,,,
DZ0537,太上消滅地獄昇陟天堂懺,,,,,,Lingbao,"
Litanies",,,,,太上消滅地獄昇陟天堂懺,Taishang xiaomie diyu shengzhi tiantang chan,,,,,,,,1,Lingbao,"
Litanies",,,,,
DZ0538,太一救苦天尊說拔度血糊寶懺,,,,,,Lingbao,Litanies,,,,,太一救苦天尊說拔度血糊寶懺,Taiyi jiuku tianzun shuo badu xuehu baochan,,,,,,,,1,Lingbao,Litanies,,,,,
DZ0539,青玄救苦寶懺,,,,,,Lingbao,Litanies,,,,,青玄救苦寶懺,Qingxuan jiuku baochan,,,,,,,,1,Lingbao,Litanies,,,,,
DZ0540,慈尊昇度寶懺,,,,,,Lingbao,Litanies,,,,,慈尊昇度寶懺,Cizun shengdu baochan,,,,,,,,1,Lingbao,Litanies,,,,,
DZ0541,東嶽大生寶懺,,,,,,Lingbao,Litanies,,,,,東嶽大生寶懺,Dongyue dasheng baochan,,,,,,,,1,Lingbao,Litanies,,,,,
DZ0542,太上靈寶十方應號天尊懺,,,,,,Lingbao,Litanies,,Tang,618,907,太上靈寶十方應號天尊懺,Taishang lingbao shifang yinghao tianzun chan ,,,,,,,,10,Lingbao,Litanies,,,,,
DZ0543,太上慈悲道場消災九幽懺,葛玄,句容,"31,9453","119,1717",撰,Lingbao,Litanies,,,,,太上慈悲道場消災九幽懺,Taishang cibei daochang xiaozai jiuyou chan,葛玄,Ge Xuan,撰,,教先,,164-244,10,Lingbao,Litanies,,句容,PL000000011100,,
DZ0544,太上慈悲九幽拔罪懺,,,,,,Lingbao,Litanies,,Tang,618,907,太上慈悲九幽拔罪懺,Taishang cibei jiuyou bazui chan,,,,,,,,10,Lingbao,Litanies,,,,,
DZ0545,太上慈悲道場滅罪水懺,,,,,,Lingbao,Litanies,,Tang,618,907,太上慈悲道場滅罪水懺,Taishang cibei daochang miezui shuichan,,,,,,,,3,Lingbao,Litanies,,,,,
DZ0546,靈寶玉鑑目錄,,,,,,Lingbao,Manuals,,,,,靈寶玉鑑目錄,Lingbao yujian mulu,,,,,,,,1,Lingbao,Manuals,,,,,
DZ0547,靈寶玉鑑,,,,,,Lingbao,Manuals,,,,,靈寶玉鑑,Lingbao yujian ,,,,,,,,43,Lingbao,Manuals,,,,,
DZ0548,太極祭鍊內法,鄭思肖,,,,撰,Lingbao,Rituals,,,,,太極祭鍊內法,Taiji jilian neifa ,鄭思肖,Zheng Sixiao,撰,所南,,,1241-1318,3,Lingbao,Rituals,,,,,
DZ0549,上清天樞院回車畢道正法,,,,,,Tianxin Zhengfa and Related Rites,,,Probably late Song,1127,1279,上清天樞院回車畢道正法,Shangqing tianshu yuan huiju bidao zhengfa,,,,,,,,3,Tianxin Zhengfa and Related Rites,,,,,,
DZ0550,許真君受鍊形神上清畢道法要節文,,,,,,The Jingming Zhongxiao School,,,,,,許真君受鍊形神上清畢道法要節文,Xu zhenjun shoulian xingshen Shangqing bidao fayao jiewen,,,,,,,,1,The Jingming Zhongxiao School,,,,,,
DZ0551,天樞院都司須知令,,,,,,The Jingming Zhongxiao School,,,,,,天樞院都司須知令,Tianshu yuan dusi xuzhi ling,,,,,,,,1,The Jingming Zhongxiao School,,,,,,
DZ0552,天樞院都司須知格,,,,,,The Jingming Zhongxiao School,,,,,,天樞院都司須知格,Tianshu yuan dusi xuzhi ge,,,,,,,,1,The Jingming Zhongxiao School,,,,,,
DZ0553,靈寶凈明天樞院都司法院須知法文,,,,,,The Jingming Zhongxiao School,,,,,,靈寶凈明天樞院都司法院須知法文,Lingbao jingming tianshu yuan dusi fayuan xuzhi fawen ,,,,,,,,1,The Jingming Zhongxiao School,,,,,,
DZ0554,靈寶凈明院教師周真公起請畫一,周方文,,,,撰,The Jingming Zhongxiao School,,,,,,靈寶凈明院教師周真公起請畫一,Lingbao jingming yuan jiaoshi Zhou zhengong qiqing huayi,周方文,Zhou Fangwen ,撰,,,,,1,The Jingming Zhongxiao School,,,,,,
DZ0555,高上月官太陰元君孝道仙王靈寶凈明黃素書,傅飛卿,,,,注,The Jingming Zhongxiao School,,,,,,高上月官太陰元君孝道仙王靈寶凈明黃素書,"Gaoshang yuegong taiyin yuanjun xiaodao xianwang lingbao jingming huangsu
shu",傅飛卿,Fu Feiqing ,注,,,,,10,The Jingming Zhongxiao School,,,,,,
DZ0556,靈寶凈明黃素書釋義祕訣,周方文,,,,撰,The Jingming Zhongxiao School,,,,,,靈寶凈明黃素書釋義祕訣,Lingbao jingming huangsu shu shiyi bijue,周方文,Zhou Fangwen ,撰,,,,,1,The Jingming Zhongxiao School,,,,,,
DZ0557,太上靈寶凈明入道品,,,,,,The Jingming Zhongxiao School,,,,,,太上靈寶凈明入道品,Taishang lingbao jingming rudao pin,,,,,,,,1,The Jingming Zhongxiao School,,,,,,
DZ0558,靈寶凈明院真師密誥,,,,,,The Jingming Zhongxiao School,,,,,,靈寶凈明院真師密誥,Lingbao jingming yuan zhenshi migao,,,,,,,,1,The Jingming Zhongxiao School,,,,,,
DZ0559,太上靈寶凈明法印式,,,,,,The Jingming Zhongxiao School,,,,,,太上靈寶凈明法印式,Taishang lingbao jingming fa yinshi,,,,,,,,1,The Jingming Zhongxiao School,,,,,,
DZ0560,靈寶凈明大法萬道玉章祕訣,,,,,,The Jingming Zhongxiao School,,,,,,靈寶凈明大法萬道玉章祕訣,Lingbao jingming dafa wandao yuzhang bijue ,,,,,,,,1,The Jingming Zhongxiao School,,,,,,
DZ0561,太上靈寶凈明祕法篇,,,,,,The Jingming Zhongxiao School,,,,,,太上靈寶凈明祕法篇,Taishang lingbao jingming bifa pian,,,,,,,,2,The Jingming Zhongxiao School,,,,,,
DZ0562,靈寶凈明新修九老神印伏魔祕法,何守證,,,,撰,The Jingming Zhongxiao School,,,,1131,,靈寶凈明新修九老神印伏魔祕法,Lingbao jingming xinxiu jiulao shenyin fumo bifa,何守證,He Shouzheng,撰,,,,,1,The Jingming Zhongxiao School,,,,,,
DZ0563,太上靈寶凈明飛仙度人經法,,,,,,The Jingming Zhongxiao School,,,,,,太上靈寶凈明飛仙度人經法,Taishang lingbao jingming feixian duren jingfa ,,,,,,,,5,The Jingming Zhongxiao School,,,,,,
DZ0564,太上靈寶凈明飛仙度人經法釋例,許旌陽,,,,注,The Jingming Zhongxiao School,,,,,,太上靈寶凈明飛仙度人經法釋例,Taishang lingbao jingming feixian duren jingfa shili,許旌陽,Xu Jingyang,注,仙都太使,敬之,,,1,The Jingming Zhongxiao School,,,,,,
DZ0565,太上凈明院補奏職局太玄都省須知,許旌陽,,,,注,The Jingming Zhongxiao School,,,,,,太上凈明院補奏職局太玄都省須知,Taishang jingming yuan buzou zhiju taixuan dusheng xuzhi,許旌陽,Xu Jingyang,注,仙都太使,敬之,,,1,The Jingming Zhongxiao School,,,,,,
DZ0566,上清天心正法,鄧有功,,,,撰,Tianxin Zhengfa and Related Rites,,,Not earlier than the mid-twelfth century,,,上清天心正法,Shangqing tianxin zhengfa ,鄧有功,Deng Yougong,撰,月巢,子大,,1210-1279,7,Tianxin Zhengfa and Related Rites,,,,,,
DZ0567,上清北極天心正法,,,,,,Tianxin Zhengfa and Related Rites,,,Southern Song,1127,1279,上清北極天心正法,Shangqing beiji tianxin zhengfa,,,,,,,,1,Tianxin Zhengfa and Related Rites,,,,,,
DZ0568,靈寶歸空訣,趙宜真,,,,撰,Neidan and Yangsheng,General Works and Manuals,,,,,靈寶歸空訣,Lingbao guikong jue,趙宜真,Zhao Yizhen,撰,原陽子,,,1382,1,Neidan and Yangsheng,General Works and Manuals,,,,,
DZ0569,上清大洞九宮朝修祕訣上道,周德大,,,,纂,Dongzhen Division,"Manuals, Anthologies, and Encyclopedias",Practices,,,,上清大洞九宮朝修祕訣上道,Shangqing dadong jiugong chaoxiu bijue shangdao,周德大,Zhou Deda,纂,,,,,1,Dongzhen Division,"Manuals, Anthologies, and Encyclopedias",Practices,,,,
DZ0570,靈劍子,許遜,,,,撰,Neidan and Yangsheng,General Works and Manuals,,Northern Song,960,1127,靈劍子,Lingjian zi,許遜,Xu Xun ,撰,仙都太使,敬之、旌陽,,,1,Neidan and Yangsheng,General Works and Manuals,,,,,
DZ0571,靈劍子引導子午紀,許遜,,,,撰,Neidan and Yangsheng,General Works and Manuals,,Northern Song,960,1127,靈劍子引導子午紀,Lingjian zi yindao ziwu ji,許遜,Xu Xun ,撰,仙都太使,敬之、旌陽,,,1,Neidan and Yangsheng,General Works and Manuals,,,,,
DZ0572,養命機關金丹真訣,,,,,,Neidan and Yangsheng,General Works and Manuals,,,,,養命機關金丹真訣,Yangming jiguan jindan zhenjue,,,,,,,,1,Neidan and Yangsheng,General Works and Manuals,,,,,
DZ0573,玄珠歌,通玄先生,,,,撰,Philosophy,Tang Philosophical Texts (General) ,,Tenth century,901,1000,玄珠歌,Xuanzhu ge,通玄先生,Tongxuan xiansheng,撰,,,,,1,Philosophy,Tang Philosophical Texts (General) ,,,,,
DZ0574,玄珠心鏡註,衡嶽真子,,,,撰,Philosophy,Tang Philosophical Texts (General) ,,Five Dynasties,907,960,玄珠心鏡註,Xuanzhu xinjing zhu,衡嶽真子,Hengyue zhenzi,撰,,,,,1,Philosophy,Tang Philosophical Texts (General) ,,,,,
DZ0575,玄珠心鏡註,王損之,,,,注,Philosophy,Tang Philosophical Texts (General) ,,Tang,618,907,玄珠心鏡註,Xuanzhu xinjing zhu,王損之,Wang Sunzhi ,注,,,,,1,Philosophy,Tang Philosophical Texts (General) ,,,,,
DZ0575,玄珠心鏡註,長孫子,,,,編,Philosophy,Tang Philosophical Texts (General) ,,,,,玄珠心鏡註,Xuanzhu xinjing zhu,長孫子,Zhangsun Zi ,編,巨澤,,,,1,Philosophy,Tang Philosophical Texts (General) ,,,,,
DZ0576,抱一函三祕訣,金月嚴,,,,纂,The Quanzhen Order,Individual Practice,,,,,抱一函三祕訣,Baoyi hansan bijue,金月嚴,Jin Yueyan,纂,,,,,1,The Quanzhen Order,Individual Practice,,,,,
DZ0576,抱一函三祕訣,黃公望,,,,傳,The Quanzhen Order,Individual Practice,,,,,抱一函三祕訣,Baoyi hansan bijue,黃公望,Huang Gongwang,傳,大癡,,,1269-1354,1,The Quanzhen Order,Individual Practice,,,,,
DZ0577,存神固氣論,,,,,,Neidan and Yangsheng,The Zhong-Lü Tradition,,,,,存神固氣論,Cunshen guqi lun,,,,,,,,1,Neidan and Yangsheng,The Zhong-Lü Tradition,,,,,
DZ0578,攝生纂錄,,,,,,Yangsheng,Miscellaneous Practices,,Tang,618,907,攝生纂錄,Shesheng zuanlu ,,,,,,,,1,Yangsheng,Miscellaneous Practices,,,,,
DZ0579,養生祕錄,,,,,,Neidan and Yangsheng,Other Neidan Traditions,,Early Yuan,1271,1320,養生祕錄,Yangsheng bilu ,,,,,,,,1,Neidan and Yangsheng,Other Neidan Traditions,,,,,
DZ0580,玄圃山靈（匚金）祕籙,皇甫朋,,,,序,Other Popular Cults,Popular Rites,,Tang,618,907,玄圃山靈（匚金）祕籙,Xuanpu shan lingqin bilu,皇甫朋,Huangfu Peng ,序,,,,,3,Other Popular Cults,Popular Rites,,,,,
DZ0581,靈寶六丁祕法,,,,,,Divination and Numerology,,,,,,靈寶六丁祕法,Lingbao liuding bifa,,,,,,,,1,Divination and Numerology,,,,,,
DZ0582,魁罡六鎖祕法,,,,,,Other Popular Cults,Popular Rites,,,,,魁罡六鎖祕法,Kuigang liusuo bifa,,,,,,,,1,Other Popular Cults,Popular Rites,,,,,
DZ0583,太上三辟五解祕法,,,,,,Other Popular Cults,Popular Rites,,,,,太上三辟五解祕法,Taishang sanbi wujie bifa ,,,,,,,,1,Other Popular Cults,Popular Rites,,,,,
DZ0584,上清六甲祈禱祕法,,,,,,Other Popular Cults,Popular Rites,,,,,上清六甲祈禱祕法,Shangqing liujia qidao bifa,,,,,,,,1,Other Popular Cults,Popular Rites,,,,,
DZ0585,貫斗中校五雷武侯祕法,吳昇,,,,撰,Tianxin Zhengfa and Related Rites,,,Late fourteenth century,1351,1400,貫斗中校五雷武侯祕法,Guandou zhongxiao wulei wuhou bifa,吳昇,Wu Sheng,撰,,,,,1,Tianxin Zhengfa and Related Rites,,,,,,
DZ0586,黃帝太乙八門入式訣,,,,,,Divination and Numerology,,,,,,黃帝太乙八門入式訣,Huangdi taiyi bamen rushi jue,,,,,,,,3,Divination and Numerology,,,,,,
DZ0587,黃帝太乙八門入式祕訣,,,,,,Divination and Numerology,,,,,,黃帝太乙八門入式祕訣,Huangdi taiyi bamen rushi bijue,,,,,,,,1,Divination and Numerology,,,,,,
DZ0588,黃帝太乙八門逆順生死訣,,,,,,Divination and Numerology,,,,,,黃帝太乙八門逆順生死訣,Huangdi taiyi bamen nishun shengsi jue,,,,,,,,1,Divination and Numerology,,,,,,
DZ0589,太上赤文洞神三籙,陶弘景,,,,撰,Sanhuang,,,Song,960,1279,太上赤文洞神三籙,Taishang chiwen dongshen sanlu,陶弘景,Tao Hongjing,撰,華陽隱居,通明,貞白先生,456-536,1,Sanhuang,,,,,,
DZ0590,道教靈驗記,杜光庭,,,,撰,Sacred History and Geography,Sacred Annals and Records,,,905,,道教靈驗記,Daojiao lingyan ji ,杜光庭,Du Guangting ,撰,廣成先生；東瀛子；華頂、天姥峰羽人,賓聖,,850-933,15,Sacred History and Geography,Sacred Annals and Records,,,,,
DZ0591,錄異記,杜光庭,,,,撰,Sacred History and Geography,Sacred Annals and Records,,,921,925,錄異記,Luyi ji,杜光庭,Du Guangting ,撰,廣成先生；東瀛子；華頂、天姥峰羽人,賓聖,,850-933,8,Sacred History and Geography,Sacred Annals and Records,,,,,
DZ0592,神仙感遇傳,杜光庭,,,,撰,Sacred History and Geography,Hagiographies,,,904,,神仙感遇傳,Shenxian ganyu zhuan ,杜光庭,Du Guangting ,撰,廣成先生；東瀛子；華頂、天姥峰羽人,賓聖,,850-933,5,Sacred History and Geography,Hagiographies,,,,,
DZ0593,歷代崇道記,杜光庭,,,,撰,Sacred History and Geography,Sacred Annals and Records,,,885,,歷代崇道記,Lidai chongdao ji,杜光庭,Du Guangting ,撰,廣成先生；東瀛子；華頂、天姥峰羽人,賓聖,,850-933,1,Sacred History and Geography,Sacred Annals and Records,,,,,
DZ0594,體玄真人顯異錄,,,,,,The Quanzhen Order,Hapiography and Biography,,Thirteenth century,1201,1300,體玄真人顯異錄,Tixuan zhenren xianyi lu,,,,,,,,1,The Quanzhen Order,Hapiography and Biography,,,,,
DZ0595,江淮異人錄,吳淑,丹陽，江西,,,撰,Sacred History and Geography,Hagiographies,,,,,江淮異人錄,Jiang-Huai yiren lu,吳淑,Wu Shu,撰,,,,947-1002,1,Sacred History and Geography,Hagiographies,,丹陽，江西,,,
DZ0596,仙苑編珠,王松年,,,,纂,Sacred History and Geography,Hagiographies,,Tenth century,901,1000,仙苑編珠,Xianyuan bianzhu ,王松年,Wang Songnian ,纂,,,,,3,Sacred History and Geography,Hagiographies,,,,,
DZ0597,道跡靈仙記,,,,,,Shangqing,Anthologies,,Six Dynasties ,370,589,道跡靈仙記,Daoji lingxian ji,,,,,,,,1,Shangqing,Anthologies,,,,DZTK 201: It is entirely composed of texts found in 1016 Zhengao 14-16.,
DZ0598,十洲記,,,,,,Sacred History and Geography ,Mythology and Hagiography,,,500,600,十洲記,Shizhou ji ,,,,,,,,1,Sacred History and Geography ,Mythology and Hagiography,,,,,
DZ0599,洞天福地嶽瀆名山記,杜光庭,成都，四川,"30,6501","104,0864",撰,Sacred History and Geography ,Sacred Annals and Records,,,901,,洞天福地嶽瀆名山記,Dongtian fudi yuedu mingshan ji ,杜光庭,Du Guangting ,撰,廣成先生；東瀛子；華頂、天姥峰羽人,賓聖,,850-933,1,Sacred History and Geography ,Sacred Annals and Records,,成都，四川,PL000000034785,,
DZ0600,梅仙觀記,,,,,,Sacred History and Geography,Mountain and Temple Monographs,,,1296,,梅仙觀記,Meixian guan ji,,,,,,,,1,Sacred History and Geography,Mountain and Temple Monographs,,,,,
DZ0601,金華赤松山志,倪守約,金華山,29177,119658,撰,Sacred History and Geography ,Mountain and Temple Monographs,,Second half of the thirteenth century,1251,1300,金華赤松山志,Jinhua Chisong shan zhi,倪守約,Ni Shouyue ,撰,,竹泉,,,2,Sacred History and Geography ,Mountain and Temple Monographs,,金華山,PL000000013486,,
DZ0602,仙都志,陳性定,,,,撰,Sacred History and Geography ,Mountain and Temple Monographs,,,1348,,仙都志,Xiandu zhi,陳性定,Chen Xingding,撰,,此一,,,2,Sacred History and Geography ,Mountain and Temple Monographs,,,,,
DZ0602,仙都志,吳明義,,,,編,Sacred History and Geography ,Mountain and Temple Monographs,,,,,仙都志,Xiandu zhi,吳明義,Wu Mingyi,編,,中誼,,,2,Sacred History and Geography ,Mountain and Temple Monographs,,,,,
DZ0603,天台山志,,,,,,Sacred History and Geography ,Mountain and Temple Monographs,,,1368,,天台山志,Tiantai shan zhi ,,,,,,,,1,Sacred History and Geography ,Mountain and Temple Monographs,,,,,
DZ0604,龍瑞觀禹穴陽明洞天圖經,葉樞,,,,撰,Sacred History and Geography ,Mountain and Temple Monographs,,,1114,,龍瑞觀禹穴陽明洞天圖經,Longrui guan Yuxue Yangming dongtian tujing,葉樞,Ye Shu ,撰,,,,,1,Sacred History and Geography ,Mountain and Temple Monographs,,,,,
DZ0605,四明洞天丹山圖詠集,曾堅,,,,撰,Sacred History and Geography ,Mountain and Temple Monographs,,,1362,,四明洞天丹山圖詠集,Siming dongtian danshan tuyong ji,曾堅,Zeng Jian,撰,,子白,,,1,Sacred History and Geography ,Mountain and Temple Monographs,,,,,
DZ0606,南嶽總勝集,,,,,,Sacred History and Geography ,Mountain and Temple Monographs,,,,,南嶽總勝集,Nanyue zongsheng ji,,,,,,,,1,Sacred History and Geography ,Mountain and Temple Monographs,,,,,
DZ0607,玉音法事,,,,,,Lingbao,Hymnology,,Ming,1368,1644,玉音法事,Yuyin fashi,,,,,,,,3,Lingbao,Hymnology,,,,,
DZ0608,上清諸真章頌,,,,,,Dongzhen Division,"Manuals, Anthologies, and Encyclopedias",Liturgy,Tang,618,907,上清諸真章頌,Shangqing zhuzhen zhangsong ,,,,,,,,1,Dongzhen Division,"Manuals, Anthologies, and Encyclopedias",Liturgy,,,,
DZ0609,太上洞玄靈寶智慧禮讚,,,,,,Shangqing,Hymnology,,Ming,1368,1644,太上洞玄靈寶智慧禮讚,Taishang dongxuan lingbao zhihui lizan,,,,,,,,1,Shangqing,Hymnology,,,,,
DZ0610,靈寶九幽長夜起尸度亡玄章,,,,,,Lingbao,Rituals and Rules ,,Tang,618,907,靈寶九幽長夜起尸度亡玄章,Lingbao jiuyou changye qishi duwang xuanzhang,,,,,,,,1,Lingbao,Rituals and Rules ,,,,,
DZ0611,洞玄靈寶六甲玉女上宮歌章,楊羲,句容,"31,9453","119,1717",,Shangqing,Canonical Shangqing Scriptures,,Eastern Jin,363,370,洞玄靈寶六甲玉女上宮歌章,Dongxuan lingbao liujia yunü shanggong gezhang,楊羲,Yang Xi,,,羲和,,330-386,1,Shangqing,Canonical Shangqing Scriptures,,句容,PL000000011098,DZTK 175:The present work belongs to the Shangqing corpus,
DZ0612,上清侍帝晨桐伯真人真圖讚,司馬承禎,,,,纂,Sacred History and Geography,Hagiographies,,,,,上清侍帝晨桐伯真人真圖讚,Shangqing shi dichen Tongbo zhenren zhen tuzan,司馬承禎,Sima Chengzhen ,纂,白雲子,子微,貞一,647-735,1,Sacred History and Geography,Hagiographies,,,,,
DZ0613,眾仙讚頌靈章,,,,,,Dongzhen Division,"Manuals, Anthologies, and Encyclopedias",Liturgy,Tang,618,907,眾仙讚頌靈章,Zhongxian zansong lingzhang ,,,,,,,,1,Dongzhen Division,"Manuals, Anthologies, and Encyclopedias",Liturgy,,,,
DZ0614,洞玄靈寶昇玄步虛章序疏,,,,,,Lingbao Canon,Doctrinal and Liturgical Works,,,,,洞玄靈寶昇玄步虛章序疏,Dongxuan lingbao shengxuan buxu zhangxu shu,,,,,,,,1,Lingbao Canon,Doctrinal and Liturgical Works,,,,,
DZ0615,赤松子章曆,,,,,,Way of the Heavenly Master,Rituals and Rules,,Six Dynasties with some later additions,220,589,赤松子章曆,Chisong zi zhangli ,,,,,,,,6,Way of the Heavenly Master,Rituals and Rules,,,,,
DZ0616,廣成集,杜光庭,,,,撰,Collected Works,,,,,,廣成集,Guangcheng ji,杜光庭,Du Guangting ,撰,廣成先生；東瀛子；華頂、天姥峰羽人,賓聖,,850-933,17,Collected Works,,,,,,
DZ0617,太上宣慈助化章,杜光庭,,,,纂,The Orthodox One Way of the Heavenly Master ,Rituals,,,,,太上宣慈助化章,Taishang xuanci zhuhua zhang,杜光庭,Du Guangting ,纂,廣成先生；東瀛子；華頂、天姥峰羽人,賓聖,,850-933,5,The Orthodox One Way of the Heavenly Master ,Rituals,,,,,
DZ0618,靈寶凈明院行遣式,周方文,,,,撰,The Jingming Zhongxiao School,,,Southern Song,1127,1279,靈寶凈明院行遣式,Lingbao jingming yuan xingqian shi,周方文,Zhou Fangwen,撰,,,,,1,The Jingming Zhongxiao School,,,,,,
DZ0619,天樞院都司須知行遣式,,,,,,The Jingming Zhongxiao School,,,,,,天樞院都司須知行遣式,Tianshu yuan dusi xuzhi xingqian shi,,,,,,,,1,The Jingming Zhongxiao School,,,,,,
DZ0620,太上老君說常清靜妙經,,,,,,Lingbao,Scriptures,Short Doctrinal and Prophylactic Texts,First half of the Tang ,618,763,太上老君說常清靜妙經,Taishang laojun shuo changqing jing miaojing,,,,,,,,1,Lingbao,Scriptures,Short Doctrinal and Prophylactic Texts,,,,
DZ0621,太上玄靈斗姆大聖元君本命延生心經,,,,,,Zhengyi,Scriptures,,Southern Song ,1127,1279,太上玄靈斗姆大聖元君本命延生心經,Taishang xuanling doumu dasheng yuanjun benming yansheng xinjing,,,,,,,,1,Zhengyi,Scriptures,,,,,
DZ0622,太上玄靈北斗本命延生真經,,,,,,Zhengyi,Scriptures,,,,,太上玄靈北斗本命延生真經,Taishang xuanling beidou benming yansheng zhenjing,,,,,,,,1,Zhengyi,Scriptures,,,,,
DZ0623,太上玄靈北斗本命長生妙經,,,,,,Zhengyi,Scriptures,,,,,太上玄靈北斗本命長生妙經,Taishang xuanling beidou benming changsheng miaojing ,,,,,,,,1,Zhengyi,Scriptures,,,,,
DZ0624,太上說南斗六司延壽度人妙經,,,,,,Zhengyi,Scriptures,,,,,太上說南斗六司延壽度人妙經,Taishang shuo nandou liusi yanshou duren miaojing,,,,,,,,1,Zhengyi,Scriptures,,,,,
DZ0625,太上說東斗主筭護命妙經,,,,,,Zhengyi,Scriptures,,,,,太上說東斗主筭護命妙經,Taishang shuo dongdou zhusuan huming miaojing,,,,,,,,1,Zhengyi,Scriptures,,,,,
DZ0626,太上說西斗記名護身妙經,,,,,,Zhengyi,Scriptures,,,,,太上說西斗記名護身妙經,Taishang shuo xidou jiming hushen miaojing,,,,,,,,1,Zhengyi,Scriptures,,,,,
DZ0627,太上說中斗大魁保命妙經,,,,,,Zhengyi,Scriptures,,,,,太上說中斗大魁保命妙經,Taishang shuo zhongdou dakui baoming miaojing,,,,,,,,1,Zhengyi,Scriptures,,,,,
DZ0628,太上說中斗大魁掌筭伏魔神咒經,,,,,,Zhengyi,Scriptures,,,,,太上說中斗大魁掌筭伏魔神咒經,Taishang shuo zhongdou dakui zhangsuan fumo shenzhou jing,,,,,,,,1,Zhengyi,Scriptures,,,,,
DZ0629,太上北斗二十八章經,,,,,,Zhengyi,Scriptures,,,,,太上北斗二十八章經,Taishang beidou ershiba zhang jing,,,,,,,,1,Zhengyi,Scriptures,,,,,
DZ0630,太上老君說救生真經,,,,,,Other Popular Cults,Popular Rites,,,,,太上老君說救生真經,Taishang laojun shuo jiusheng zhenjing,,,,,,,,1,Other Popular Cults,Popular Rites,,,,,
DZ0631,太上老君說救消災經,,,,,,Lingbao,Scriptures,Short Doctrinal and Prophylactic Texts,Tang,618,907,太上老君說救消災經,Taishang laojun shuo xiaozai jing,,,,,,,,1,Lingbao,Scriptures,Short Doctrinal and Prophylactic Texts,,,,
DZ0632,太上太清天童護命妙經,,,,,,Shangqing,Scriptures,,,,,太上太清天童護命妙經,Taishang taiqing tiantong huming miaojing,,,,,,,,1,Shangqing,Scriptures,,,,,
DZ0633,太上泰清皇老帝君運雷天童隱梵仙經,梁光映,,,,撰,Shangqing,Scriptures,,,,,太上泰清皇老帝君運雷天童隱梵仙經,Taishang taiqing huanglao dijun yunlei tiantong yinfan xianjing ,梁光映,Liang Guangying,撰,,,,,1,Shangqing,Scriptures,,,,,
DZ0634,太上老君說安宅八陽經,,,,,,Lingbao ,Scriptures,Short Doctrinal and Prophylactic Texts,Tang,618,907,太上老君說安宅八陽經,Taishang laojun shuo anzhai bayang jing ,,,,,,,,1,Lingbao ,Scriptures,Short Doctrinal and Prophylactic Texts,,,,
DZ0635,太上老君說補謝八陽經,,,,,,Lingbao ,Scriptures,Short Doctrinal and Prophylactic Texts,Tang,618,907,太上老君說補謝八陽經,Taishang laojun shuo buxie bayang jing ,,,,,,,,1,Lingbao ,Scriptures,Short Doctrinal and Prophylactic Texts,,,,
DZ0636,太上說十鍊生神救護經,,,,,,Lingbao,Scriptures,,,,,太上說十鍊生神救護經,Taishang shuo shilian shengshen jiuhu jing,,,,,,,,1,Lingbao,Scriptures,,,,,
DZ0637,太上飛步五星經,,,,,,Dongzhen Division,"Manuals, Anthologies, and Encyclopedias",Liturgy,Tang,618,907,太上飛步五星經,Taishang feibu wuxing jing ,,,,,,,,1,Dongzhen Division,"Manuals, Anthologies, and Encyclopedias",Liturgy,,,,
DZ0638,太上飛步南斗太微玉經,赤松子,,,,傳,Dongzhen Division,"Manuals, Anthologies, and Encyclopedias",Liturgy,Tang,618,907,太上飛步南斗太微玉經,Taishang feibu nandou taiwei yujing,赤松子,Chi Songzi,傳,,,,,1,Dongzhen Division,"Manuals, Anthologies, and Encyclopedias",Liturgy,,,,
DZ0639,皇天上清金闕帝君靈書紫文上經,楊羲,句容,"31,9453","119,1717",,Shangqing,Canonical Shangqing Scriptures,,Eastern Jin,363,370,皇天上清金闕帝君靈書紫文上經,Huangtian shangqing jinque dijun lingshu ziwen shangjing,楊羲,Yang Xi,,,羲和,,330-386,1,Shangqing,Canonical Shangqing Scriptures,,句容,PL000000011098,DZTK 150: This is one of the texts that most surely belongs to the original Shangqing revelation (364-370).,
DZ0640,洞神八帝妙精經,,,,,,Dongshen Division,-,,,500,600,洞神八帝妙精經,Dongshen badi miaojing jing,,,,,,,,1,Dongshen Division,-,,,,DZTK 266: Probably sixth century,
DZ0641,太上老君內觀經,,,,,,The Taixuan Division,,,Early Tang,618,763,太上老君內觀經,Taishang laojun neiguan jing,,,,,,,,1,The Taixuan Division,,,,,,
DZ0642,太上老君説了心經,,,,,,Philosophy,Treatises and Essays,,,,,太上老君説了心經,Taishang laojun shuoliao xinjing ,,,,,,,,1,Philosophy,Treatises and Essays,,,,,
DZ0643,太上老君內丹經,,,,,,Alchemy,Inner Alchemy,,,,,太上老君內丹經,Taishang laojun neidan jing,,,,,,,,1,Alchemy,Inner Alchemy,,,,,
DZ0644,太上內丹守一真定經,,,,,,Other Popular Cults,The Cult of the Northern Dipper,,,,,太上內丹守一真定經,Taishang neidan shouyi zhending jing,,,,,,,,1,Other Popular Cults,The Cult of the Northern Dipper,,,,,
DZ0645,太上老君內日用妙經,,,,,,The Quanzhen Order,Individual Practice,,,,,太上老君內日用妙經,Taishang laojun nei riyong miaojing ,,,,,,,,1,The Quanzhen Order,Individual Practice,,,,,
DZ0646,太上老君外日用妙經,,,,,,The Quanzhen Order,Individual Practice,,,,,太上老君外日用妙經,Taishang laojun wai riyong miaojing,,,,,,,,1,The Quanzhen Order,Individual Practice,,,,,
DZ0647,太上說轉輪五道宿命因緣經,,,,,,Lingbao,Scriptures,Medium-Length Scriptures,,,,太上說轉輪五道宿命因緣經,Taishang shuo zhuanlun wudao suming yinyuan jing ,,,,,,,,1,Lingbao,Scriptures,Medium-Length Scriptures,,,,
DZ0648,太上化道度世仙經,,,,,,Neidan and Yangsheng,The Zhong-Lü Tradition,,,,,太上化道度世仙經,Taishang huadao dushi xianjing,,,,,,,,1,Neidan and Yangsheng,The Zhong-Lü Tradition,,,,,
DZ0649,太上老君說天妃救苦靈驗經,,,,,,Other Popular Cults,Scriptures of Popular Cults,,,1409,1413,太上老君說天妃救苦靈驗經,Taishang laojun shuo Tianfei jiuku lingyan jing,,,,,,,,1,Other Popular Cults,Scriptures of Popular Cults,,,,,
DZ0650,太上老君說長生益筭妙經,,,,,,Lingbao,Scriptures,Medium-Length Scriptures,Early Tang,618,763,太上老君說長生益筭妙經,Taishang laojun shuo changsheng yisuan miaojing ,,,,,,,,1,Lingbao,Scriptures,Medium-Length Scriptures,,,,
DZ0651,太上洞神三元妙本福壽真經,苗善時,,,,編,Sanhuang,,,,1324,,太上洞神三元妙本福壽真經,"
Taishang dongshen sanyuan miaoben fushou zhenjing",苗善時,Miao Shanshi ,編,實庵,太素,,fl. 1324,1,Sanhuang,,,,,,
DZ0652,太上老君說解釋咒詛經,,,,,,The Orthodox One Way of the Heavenly Master ,Miscellaneous ,,Tang,618,907,太上老君說解釋咒詛經,Taishang laojun shuo jieshi zhouzu jing,,,,,,,,1,The Orthodox One Way of the Heavenly Master ,Miscellaneous ,,,,,
DZ0653,太上老君說五斗金章受生經,,,,,,Lingbao,Scriptures,,,,,太上老君說五斗金章受生經,Taishang laojun shuo wudou jinzhang shousheng jing,,,,,,,,1,Lingbao,Scriptures,,,,,
DZ0654,太上洞神天公消魔護國經,,,,,,The Orthodox One Way of the Heavenly Master ,Miscellaneous ,,,,,太上洞神天公消魔護國經,Taishang dongshen tiangong xiaomo huguo jing,,,,,,,,3,The Orthodox One Way of the Heavenly Master ,Miscellaneous ,,,,,
DZ0655,太上說紫微神兵消魔護國經,,,,,,The Beidi and Xuantian Shangdi Cult,,,Song,960,1279,太上說紫微神兵消魔護國經,Taishang shuo ziwei shenbing huguo xiaomo jing,,,,,,,,1,The Beidi and Xuantian Shangdi Cult,,,,,,
DZ0656,太上日月混元經,,,,,,Neidan and Yangsheng,General Works and Manuals,,,,,太上日月混元經,Taishang riyue hunyuan jing ,,,,,,,,1,Neidan and Yangsheng,General Works and Manuals,,,,,
DZ0657,太上洞神五星諸宿日月混常經,,,,,,Sanhuang,,,,,,太上洞神五星諸宿日月混常經,Taishang dongshen wuxing zhusu riyue hunchang jing ,,,,,,,,1,Sanhuang,,,,,,
DZ0658,太上妙始經,,,,,,Way of the Heavenly Master,Didactic and Doctrinal Treatises,,,400,500,太上妙始經,Taishang miaoshi jing,,,,,,,,1,Way of the Heavenly Master,Didactic and Doctrinal Treatises,,,,,
DZ0659,太上浩元經,,,,,,Neidan and Yangsheng,General Works and Manuals,,,,,太上浩元經,Taishang haoyuan jing,,,,,,,,1,Neidan and Yangsheng,General Works and Manuals,,,,,
DZ0660,混元八景真經,,,,,,Neidan and Yangsheng,The Wuzhen pian and the Southern School (Nanzong),,First half of the twelfth century,1101,1150,混元八景真經,Hunyuan bajing zhenjing,,,,,,,,5,Neidan and Yangsheng,The Wuzhen pian and the Southern School (Nanzong),,,,,
DZ0661,老子像名經,,,,,,Lingbao,Litanies,,Tang,618,907,老子像名經,Laozi xiangming jing ,,,,,,,,10,Lingbao,Litanies,,,,,
DZ0662,太上老君說報父母恩重經,,,,,,Lingbao,Scriptures,Medium-Length Scriptures,Tang,618,907,太上老君說報父母恩重經,Taishang laojun shuo bao fumu enzhong jing,,,,,,,,1,Lingbao,Scriptures,Medium-Length Scriptures,,,,
DZ0663,玄天上帝說報父母恩重經,趙宜真,,,,撰,The Beidi and Xuantian Shangdi Cult,,,,,,玄天上帝說報父母恩重經,Xuantian shangdi shuo baofumu enzhong jing,趙宜真,Zhao Yizhen,撰,原陽子,,,1382,1,The Beidi and Xuantian Shangdi Cult,,,,,,
DZ0664,道德真經,老子,,,,撰,Philosophy,Texts,,Warring States,-475,-221,道德真經,Daode zhenjing,老子,Laozi,撰,,,,,2,Philosophy,Texts,,,,DZTK,
DZ0665,道德經古本篇,傅奕,彭城項羽墓,,,编,Philosophy,Texts,,,555,639,道德經古本篇,Daode jing guben pian,傅奕,Fu Yi,编,,,,555-639,2,Philosophy,Texts,,彭城項羽墓,,DZTK,
DZ0666,西昇經,宋徽宗,,,,注,Philosophy,Commentaries on Ancient Philosophers,Others,,,,西昇經,Xisheng jing,宋徽宗,Song Huizong ,注,,,,,3,Philosophy,Commentaries on Ancient Philosophers,Others,,,,
DZ0667,無上妙道文始真經,,,,,,Philosophy,Treatises and Essays,,Twelfth century,1101,1200,無上妙道文始真經,Wushang miaodao wenshi zhenjing,,,,,,,,1,Philosophy,Treatises and Essays,,,,,
DZ0668,沖虛至德真經,列禦寇,,,,撰,Philosophy,Texts,,,400,450,沖虛至德真經,Chongxu zhide zhenjing,列禦寇,Lie Yukou,撰,,,,,3,Philosophy,Texts,,,,DZTK 62,
DZ0668,沖虛至德真經,张湛,,,,注,Philosophy,Texts,,,350,400,沖虛至德真經,Chongxu zhide zhenjing,张湛,Zhang Zhan,注,,,,fl. 370,3,Philosophy,Texts,,,,,
DZ0669,洞靈真經,庚桑楚,,,,,Philosophy,Tang Philosophical Texts (General) ,,,,,洞靈真經,Dongling zhenjing,庚桑楚,Gengsang Chu,,,,,,1,Philosophy,Tang Philosophical Texts (General) ,,,,,
DZ0670,南華真經,莊周 and his followers,齊,,,撰,Philosophy,Texts,,,-350,-300,南華真經,Nanhua zhenjing ,莊周 and his followers,Zhuang Zhou and his followers,撰,,,,,5,Philosophy,Texts,,齊,,"Watson, 1994",
DZ0670,南華真經,郭象,,,,编,Philosophy,Texts,,,250,312,南華真經,Nanhua zhenjing ,郭象,Guo Xiang,编,,子玄,,d. 312,5,Philosophy,Texts,,,,,
DZ0671,太上無極大道自然真一五稱符上經,葛巢甫,句容,"31,9453","119,1717",,Lingbao Canon,Canonical Lingbao Scriptures,,,395,405,太上無極大道自然真一五稱符上經,Taishang wuji dadao ziran zhenyi wucheng fu shangjing,葛巢甫,Ge Chaofu,,,,,402,2,Lingbao Canon,Canonical Lingbao Scriptures,,句容,PL000000011098,MSB Daterange,
DZ0672,太上老君說益筭神符妙經,,,,,,Lingbao,Scriptures,Medium-Length Scriptures,Tang,618,907,太上老君說益筭神符妙經,Taishang laojun shuo yisuan shenfu miaojing,,,,,,,,1,Lingbao,Scriptures,Medium-Length Scriptures,,,,
DZ0673,太上老君混元三部符,,,,,,The Orthodox One Way of the Heavenly Master ,Rituals,,Tang,618,907,太上老君混元三部符,Taishang laojun hunyuan sanbu fu,,,,,,,,3,The Orthodox One Way of the Heavenly Master ,Rituals,,,,,
DZ0674,無上三元鎮宅靈籙,金明七真,,,,撰,The Orthodox One Way of the Heavenly Master ,Liturgical Organization,,Early Tang,618,763,無上三元鎮宅靈籙,Wushang sanyuan zhenzhai linglu ,金明七真,Jinming Qizhen,撰,,,,,1,The Orthodox One Way of the Heavenly Master ,Liturgical Organization,,,,,
DZ0675,上清丹天三氣玉皇六辰飛綱司命大籙,,,,,,Shangqing,Registers,,,,,上清丹天三氣玉皇六辰飛綱司命大籙,Shangqing dantian sanqi yuhuang liuchen feigang siming dalu,,,,,,,,1,Shangqing,Registers,,,,,
DZ0676,大明太祖高皇帝御註道德真經,太祖,,,,撰,Philosophy,Commentaries on Ancient Philosophers,The Daodejing,,1374,,大明太祖高皇帝御註道德真經,Da Ming Taizu gao huangdi yuzhu Daode zhenjing,太祖,Emperor Taizu of the Ming Dynasty,撰,,,,,2,Philosophy,Commentaries on Ancient Philosophers,The Daodejing,,,,
DZ0677,唐玄宗御註道德真經,玄宗,,,,撰,Philosophy,Commentaries on Ancient Philosophers,,,732,735,唐玄宗御註道德真經,Tang Xuanzong yuzhu Daode zhenjing,玄宗,Emperor Xuanzong,撰,,,,,4,Philosophy,Commentaries on Ancient Philosophers,,,,,
DZ0678,唐玄宗御製道德真經疏,玄宗,,,,撰,Philosophy,Commentaries on Ancient Philosophers,,,,,唐玄宗御製道德真經疏,Tang Xuanzong yuzhi Daode zhenjing shu ,玄宗,Emperor Xuanzong,撰,,,,r. 712-756,10,Philosophy,Commentaries on Ancient Philosophers,,,,,
DZ0679,唐玄宗御製道德真經疏,玄宗,,,,撰,Philosophy,Commentaries on Ancient Philosophers,,,,,唐玄宗御製道德真經疏,Tang Xuanzong yuzhi Daode zhenjing shu ,玄宗,Emperor Xuanzong,撰,,,,r. 712-756,4,Philosophy,Commentaries on Ancient Philosophers,,,,,
DZ0680,宋徽宗御解道德真經,徽宗,,,,撰,Philosophy,Commentaries on Ancient Philosophers,The Daodejing,,1111,1118,宋徽宗御解道德真經,Song Huizong yujie Daode zhenjing,徽宗,Emperor Huizong of the Song,撰,,,,,4,Philosophy,Commentaries on Ancient Philosophers,The Daodejing,,,,
DZ0681,宋徽宗道德真經解義,章安,,,,注,Philosophy,Commentaries on Ancient Philosophers,The Daodejing,,1025,1125,宋徽宗道德真經解義,Song Huizong Daode zhenjing jieyi,章安,Zhang An ,注,,,,,10,Philosophy,Commentaries on Ancient Philosophers,The Daodejing,,,,
DZ0682,道德真經註,河上公,,,,撰,Philosophy,Commentaries,,Later Han,25,220,道德真經註,Daode zhenjing zhu,河上公,Heshang Gong,撰,,,,,4,Philosophy,Commentaries,,,,DZTK 72,
DZ0683,道德真經解,陳象古,,,,撰,Philosophy,Commentaries on Ancient Philosophers,The Daodejing,,1101,,道德真經解,Daode zhenjing jie,陳象古,Chen Xianggu ,撰,,,,,2,Philosophy,Commentaries on Ancient Philosophers,The Daodejing,,,,
DZ0684,道德真經四子古道集解,寇才質,,,,撰,Philosophy,Commentaries on Ancient Philosophers,The Daodejing,,1179,1180,道德真經四子古道集解,Daode zhenjing sizi gudao jijie,寇才質,Kou Caizhi ,撰,,,,,10,Philosophy,Commentaries on Ancient Philosophers,The Daodejing,,,"preface dated 1179, postface dated 1180",
DZ0685,道德真經傳,陸希聲,,,,撰,Philosophy,Commentaries on Ancient Philosophers,,,,,道德真經傳,Daode zhenjing zhuan,陸希聲,Lu Xisheng,撰,,,,fl. 889-904,4,Philosophy,Commentaries on Ancient Philosophers,,,,,
DZ0686,道德真經傳,呂惠卿,,,,撰,Philosophy,Commentaries on Ancient Philosophers,The Daodejing,,1078,,道德真經傳,Daode zhenjing zhuan,呂惠卿,Lü Huiqing ,撰,,吉甫,,1032-1111,4,Philosophy,Commentaries on Ancient Philosophers,The Daodejing,,,,
DZ0687,道德真經三解,鄧錡,,,,撰,Philosophy,Commentaries on Ancient Philosophers,The Daodejing,,1298,,道德真經三解,Daode zhenjing san jie,鄧錡,Deng Yi,撰,玉賓子,,,,4,Philosophy,Commentaries on Ancient Philosophers,The Daodejing,,,,
DZ0688,道德真經直解,邵若愚,,,,撰,Philosophy,Commentaries on Ancient Philosophers,The Daodejing,,1159,,道德真經直解,Daode zhenjing zhijie,邵若愚,Shao Ruoyu,撰,本來子,,,,4,Philosophy,Commentaries on Ancient Philosophers,The Daodejing,,,,
DZ0688,道德真經直解,張知新,,,,改訂,Philosophy,Commentaries on Ancient Philosophers,The Daodejing,,,,道德真經直解,Daode zhenjing zhijie,張知新,Zhang Zhixin,改訂,清河居士,,,,4,Philosophy,Commentaries on Ancient Philosophers,The Daodejing,,,,
DZ0689,道德真經論,司馬光,,,,撰,Philosophy,Commentaries on Ancient Philosophers,The Daodejing,,,,道德真經論,Daode zhenjing lun,司馬光,Sima Guang,撰,,,,1019-1086,4,Philosophy,Commentaries on Ancient Philosophers,The Daodejing,,,,
DZ0690,道德真經註,王弼,,,,注,Philosophy,Commentaries,,,226,249,道德真經註,Daode zhenjing zhu,王弼,Wang Bi,注,,輔嗣,,226-249,4,Philosophy,Commentaries,,,,DZTK 78,
DZ0691,道德真經註,蘇轍,,,,撰,Philosophy,Commentaries on Ancient Philosophers,The Daodejing,,1100,,道德真經註,Daode zhenjing zhu,蘇轍,Su Che,撰,,,,,4,Philosophy,Commentaries on Ancient Philosophers,The Daodejing,,,,
DZ0692,道德真經新註,李約,,,,撰,Philosophy,Commentaries on Ancient Philosophers,,,,,道德真經新註,Daode zhenjing xinzhu,李約,Li Yue,撰,,,,fl.. 810,4,Philosophy,Commentaries on Ancient Philosophers,,,,,
DZ0693,道德真經指歸,嚴遵,,,,撰,Philosophy,Commentaries on Ancient Philosophers,,,,,道德真經指歸,Daode zhenjing zhigui,嚴遵,Yan Zun,撰,,君平,,59-24 B.C.,7,Philosophy,Commentaries on Ancient Philosophers,,,,,
DZ0693,道德真經指歸,谷神子,,,,增補,Philosophy,Commentaries on Ancient Philosophers,,,,,道德真經指歸,Daode zhenjing zhigui,谷神子,Gushen zi,增補,,,,,7,Philosophy,Commentaries on Ancient Philosophers,,,,,
DZ0694,道德真經疏義,江瀓,,,,撰,Philosophy,Commentaries on Ancient Philosophers,The Daodejing,,,,道德真經疏義,Daode zhenjing shuyi,江瀓,Jiang Zheng,撰,,,,,14,Philosophy,Commentaries on Ancient Philosophers,The Daodejing,,,,
DZ0695,道德真經集解,趙秉文,,,,撰,Philosophy,Commentaries on Ancient Philosophers,The Daodejing,,,,道德真經集解,Daode zhenjing jijie,趙秉文,Zhao Bingwen ,撰,,,,fl. 1185-1232,4,Philosophy,Commentaries on Ancient Philosophers,The Daodejing,,,,
DZ0696,道德真經全解,時雍,,,,撰,Philosophy,Commentaries on Ancient Philosophers,The Daodejing,,1159,,道德真經全解,Daode zhenjing quanjie,時雍,Shi Yong,撰,逍遙,,,,2,Philosophy,Commentaries on Ancient Philosophers,The Daodejing,,,,
DZ0697,道德真經次解,,龍興觀，遂州,,,,Philosophy,Commentaries on Ancient Philosophers,The Daodejing,Ming,1368,1644,道德真經次解,Daode zhenjing cijie,,,,,,,,2,Philosophy,Commentaries on Ancient Philosophers,The Daodejing,龍興觀，遂州,,,
DZ0698,道德真經章句訓頌,張嗣成,,,,撰,Philosophy,Commentaries on Ancient Philosophers,The Daodejing,,1322,,道德真經章句訓頌,Daode zhenjing zhangju xunsong,張嗣成,Zhang Sicheng,撰,,,,d. 1343,2,Philosophy,Commentaries on Ancient Philosophers,The Daodejing,,,,
DZ0699,道德會元,李道純,,,,撰,Philosophy,Commentaries on Ancient Philosophers,The Daodejing,,1290,,道德會元,Daode huiyuan,李道純,Li Daochun,撰,清菴、瑩蟾,元素,,fl.1288-1306,2,Philosophy,Commentaries on Ancient Philosophers,The Daodejing,,,,
DZ0700,道德真經解,,,,,,Philosophy,Commentaries on Ancient Philosophers,The Daodejing,Southern Song ,1127,1279,道德真經解,Daode zhenjing jie,,,,,,,,3,Philosophy,Commentaries on Ancient Philosophers,The Daodejing,,,,
DZ0701,道德真經口義,林希逸,,,,撰,Philosophy,Commentaries on Ancient Philosophers,The Daodejing,,1261,,道德真經口義,Daode zhenjing kouyi,林希逸,Lin Xiyi ,撰,鬳齋、竹溪,肅翁,,fl.1234-1263,4,Philosophy,Commentaries on Ancient Philosophers,The Daodejing,,,,
DZ0702,道德玄經原旨,杜道堅,當塗，安徽,"31,5545","118,4924",撰,Philosophy,Commentaries on Ancient Philosophers,The Daodejing,,1305,,道德玄經原旨,Daode xuanjing yuanzhi,杜道堅,Du Daojian ,撰,南谷子、輔教大師,處逸,,1237-1318,4,Philosophy,Commentaries on Ancient Philosophers,The Daodejing,當塗，安徽,PL000000015321,,
DZ0703,玄經原旨發揮,杜道堅,,,,撰,Philosophy,Commentaries on Ancient Philosophers,The Daodejing,,1306,,玄經原旨發揮,Xuanjing yuanzhi fahui ,杜道堅,Du Daojian ,撰,南谷子、輔教大師,處逸,,1237-1318,2,Philosophy,Commentaries on Ancient Philosophers,The Daodejing,,,,
DZ0704,道德真經註,吳澄,,,,撰,Philosophy,Commentaries on Ancient Philosophers,The Daodejing,,,,道德真經註,Daode zhenjing zhu,吳澄,Wu Cheng ,撰,草廬,幼請,,1249-1333,4,Philosophy,Commentaries on Ancient Philosophers,The Daodejing,,,,
DZ0705,道德真經集解,董思靖,,,,撰,Philosophy,Commentaries on Ancient Philosophers,The Daodejing,,1246,,道德真經集解,Daode zhenjing jijie,董思靖,Dong Sijing,撰,,,,,4,Philosophy,Commentaries on Ancient Philosophers,The Daodejing,,,,
DZ0706,道德真經集註,梁迥,,,,刊記,Philosophy,Commentaries on Ancient Philosophers,The Daodejing,,1098,,道德真經集註,Daode zhenjing jizhu,梁迥,Liang Jiong,刊記,,,,,10,Philosophy,Commentaries on Ancient Philosophers,The Daodejing,,,,
DZ0707,道德真經集註,彭耜,,,,撰,Philosophy,Commentaries on Ancient Philosophers,The Daodejing,,1229,,道德真經集註,Daode zhenjing jizhu,彭耜,Peng Si ,撰,鶴林真逸,,,1185-after 1251,18,Philosophy,Commentaries on Ancient Philosophers,The Daodejing,,,,
DZ0708,道德真經集註釋文,彭耜,,,,撰,Philosophy,Commentaries on Ancient Philosophers,The Daodejing,,,,道德真經集註釋文,Daode zhenjing jizhu shiwen,彭耜,Peng Si ,撰,鶴林真逸,,,1185-after 1251,1,Philosophy,Commentaries on Ancient Philosophers,The Daodejing,,,,
DZ0709,道德真經集註雜說,彭耜,,,,撰,Philosophy,Commentaries on Ancient Philosophers,The Daodejing,,,,道德真經集註雜說,Daode zhenjing jizhu zashuo,彭耜,Peng Si ,撰,鶴林真逸,,,1185-after 1251,2,Philosophy,Commentaries on Ancient Philosophers,The Daodejing,,,,
DZ0710,道德真經註疏,顧歡 and others,,,,撰,Philosophy,Commentaries on Ancient Philosophers,The Daodejing,,,,道德真經註疏,Daode zhenjing zhushu,顧歡 and others,Gu Huan and others,撰,玄平,景怡,,420-483,8,Philosophy,Commentaries on Ancient Philosophers,The Daodejing,,,,
DZ0711,道德真經玄德纂疏,強思齊,,,,纂,Philosophy,Commentaries on Ancient Philosophers,,,,,道德真經玄德纂疏,Daode zhenjing xuande zuanshu ,強思齊,Qiang Siqi ,纂,,,,Ninth century,20,Philosophy,Commentaries on Ancient Philosophers,,,,,
DZ0712,道德真經集義,危大有,,,,撰,Philosophy,Commentaries on Ancient Philosophers,The Daodejing,,1387,,道德真經集義,Daode zhenjing jiyi,危大有,Wei Dayou ,撰,,,,,10,Philosophy,Commentaries on Ancient Philosophers,The Daodejing,,,,
DZ0713,道德經論兵要義述,王真,,,,撰,Philosophy,Commentaries on Ancient Philosophers,,,809,,道德經論兵要義述,Daode jing lunbing yaoyi shu,王真,Wang Zhen ,撰,,,,,4,Philosophy,Commentaries on Ancient Philosophers,,,,,
DZ0714,道德真經藏室纂微篇,陳景元,,,,撰,Philosophy,Commentaries on Ancient Philosophers,The Daodejing,,1072,,道德真經藏室纂微篇,Daode zhenjing cangshi zuanwei pian,陳景元,Chen Jingyuan ,撰,碧虛、真靖,太初,,1025-1094,10,Philosophy,Commentaries on Ancient Philosophers,The Daodejing,,,,
DZ0715,道德真經藏室纂微開題科文疏,薛致玄,,,,撰,Philosophy,Commentaries on Ancient Philosophers,The Daodejing,,1249,,道德真經藏室纂微開題科文疏,Daode zhenjing cangshi zuanwei kaiti kewen shu,薛致玄,Xue Zhixuan ,撰,太霞老人,庸齊,,,5,Philosophy,Commentaries on Ancient Philosophers,The Daodejing,,,,
DZ0716,道德真經藏室纂微手鈔,薛致玄,,,,撰,Philosophy,Commentaries on Ancient Philosophers,The Daodejing,,,,道德真經藏室纂微手鈔,Daode zhenjing cangshi zuanwei shouchao,薛致玄,Xue Zhixuan ,撰,太霞老人,庸齊,,,2,Philosophy,Commentaries on Ancient Philosophers,The Daodejing,,,,
DZ0717,道德真經衍義手鈔,王守正,,,,撰,Philosophy,Commentaries on Ancient Philosophers,The Daodejing,Early Yuan,1271,1320,道德真經衍義手鈔,Daode zhenjing yanyi shouchao,王守正,Wang Shouzheng,撰,五峰清安逸士,,,,20,Philosophy,Commentaries on Ancient Philosophers,The Daodejing,,,,
DZ0718,道德真經取善集,李霖,饒陽,"38,2452","115,7457",撰,Philosophy,Commentaries on Ancient Philosophers,The Daodejing,,1172,,道德真經取善集,Daode zhenjing qushan ji,李霖,Li Lin ,撰,,宗傅,,,12,Philosophy,Commentaries on Ancient Philosophers,The Daodejing,饒陽,PL000000003528,,
DZ0719,道德真經疏義,趙志堅,,,,撰,Philosophy,Commentaries on Ancient Philosophers,,Tang,618,907,道德真經疏義,Daode zhenjing shuyi ,趙志堅,Zhao Zhijian ,撰,,,,,3,Philosophy,Commentaries on Ancient Philosophers,,,,,
DZ0720,道德真經註,林志堅,廣林,,,撰,Philosophy,Commentaries on Ancient Philosophers,The Daodejing,,1354,,道德真經註,Daode zhenjing zhu,林志堅,Lin Zhijian ,撰,玄門開真弘教大真人,仁齋,,,2,Philosophy,Commentaries on Ancient Philosophers,The Daodejing,廣林,,,
DZ0721,道德真經義解,息齋道人,,,,撰,Philosophy,Commentaries on Ancient Philosophers,The Daodejing,,,,道德真經義解,Daode zhenjing yijie ,息齋道人,Xizhai daoren ,撰,,,,,4,Philosophy,Commentaries on Ancient Philosophers,The Daodejing,,,,
DZ0722,道德真經註,李榮,,,,撰,Philosophy,Commentaries on Ancient Philosophers,,Seventh century,601,700,道德真經註,Daode zhenjing zhu,李榮,Li Rong ,撰,,,,,4,Philosophy,Commentaries on Ancient Philosophers,,,,,
DZ0723,道德真經集義大旨,劉惟永,,,,撰,Philosophy,Commentaries on Ancient Philosophers,The Daodejing,,1299,,道德真經集義大旨,Daode zhenjing jiyi dazhi,劉惟永,Liu Weiyong ,撰,,,,,3,Philosophy,Commentaries on Ancient Philosophers,The Daodejing,,,,
DZ0723,道德真經集義大旨,丁易東and others,,,,撰,Philosophy,Commentaries on Ancient Philosophers,The Daodejing,,,,道德真經集義大旨,Daode zhenjing jiyi dazhi,丁易東and others,Ding Yidong and others,撰,,,,,3,Philosophy,Commentaries on Ancient Philosophers,The Daodejing,,,,
DZ0724,道德真經集義,劉惟永,,,,撰,Philosophy,Commentaries on Ancient Philosophers,The Daodejing,,1299,,道德真經集義,Daode zhenjing jiyi ,劉惟永,Liu Weiyong ,撰,,,,,17,Philosophy,Commentaries on Ancient Philosophers,The Daodejing,,,,
DZ0724,道德真經集義,丁易東and others,,,,撰,Philosophy,Commentaries on Ancient Philosophers,The Daodejing,,,,道德真經集義,Daode zhenjing jiyi ,丁易東and others,Ding Yidong and others,撰,,,,,17,Philosophy,Commentaries on Ancient Philosophers,The Daodejing,,,,
DZ0725,道德真經廣聖義,杜光庭,,,,撰,Philosophy,Commentaries on Ancient Philosophers,,,901,,道德真經廣聖義,Daode zhenjing guangsheng yi ,杜光庭,Du Guangting ,撰,廣成先生；東瀛子；華頂、天姥峰羽人,賓聖,,850-933,50,Philosophy,Commentaries on Ancient Philosophers,,,,,
DZ0726,西昇經集註,陳景元,,,,撰,Philosophy,Commentaries on Ancient Philosophers,Others,,,,西昇經集註,Xisheng jing jizhu,陳景元,Chen Jingyuan ,撰,碧虛、真靖,太初,,1025-1094,6,Philosophy,Commentaries on Ancient Philosophers,Others,,,,
DZ0727,文始真經註,牛道淳,,,,撰,Philosophy,Commentaries on Ancient Philosophers,Others,,,,文始真經註,Wenshi zhenjing zhu,牛道淳,Niu Daochun ,撰,神峰逍遙大師、逍遙子,,,fl. 1296,9,Philosophy,Commentaries on Ancient Philosophers,Others,,,,
DZ0728,文始真經言外旨,陳顯微,,,,撰,Philosophy,Commentaries on Ancient Philosophers,Others,,1254,,文始真經言外旨,Wenshi zhenjing yanwai zhi,陳顯微,Chen Xianwei ,撰,抱一子,宗道,,fl. 1223-1254,9,Philosophy,Commentaries on Ancient Philosophers,Others,,,,
DZ0729,沖虛至德真經鬳齋口義,林希逸,,,,撰,Philosophy,Commentaries on Ancient Philosophers,The Liezi,,1260,,沖虛至德真經鬳齋口義,Chongxu zhide zhenjing Juanzhai kouyi,林希逸,Lin Xiyi ,撰,鬳齋、竹溪,肅翁,,fl.1234-1263,8,Philosophy,Commentaries on Ancient Philosophers,The Liezi,,,,
DZ0730,沖虛至德真經解,江遹,,,,撰,Philosophy,Commentaries on Ancient Philosophers,The Liezi,,1110,,沖虛至德真經解,Chongxu zhide zhenjingjie ,江遹,Jiang Yu,撰,,,,,20,Philosophy,Commentaries on Ancient Philosophers,The Liezi,,,,
DZ0731,沖虛至德真經義解,宋徽宗,,,,撰,Philosophy,Commentaries on Ancient Philosophers,The Liezi,,1118,,沖虛至德真經義解,Chongxu zhide zhenjing yijie,宋徽宗,Song Huizong ,撰,,,,,6,Philosophy,Commentaries on Ancient Philosophers,The Liezi,,,,
DZ0732,沖虛至德真經四解,高守元,,,,纂,Philosophy,Commentaries on Ancient Philosophers,The Liezi,,1189,,沖虛至德真經四解,Chongxu zhide zhenjing sijie,高守元,Gao Shouyuan,纂,和光散人,善長,,,20,Philosophy,Commentaries on Ancient Philosophers,The Liezi,,,,
DZ0733,列子沖虛至德真經釋文,殷敬順,,,,撰,Philosophy,Commentaries on Ancient Philosophers,The Liezi,Tang,618,907,列子沖虛至德真經釋文,Liezi chongxu zhide zhenjing shiwen,殷敬順,Yin Jingshun,撰,,,,,2,Philosophy,Commentaries on Ancient Philosophers,The Liezi,,,,
DZ0733,列子沖虛至德真經釋文,陳景元,,,,增補,Philosophy,Commentaries on Ancient Philosophers,The Liezi,,1069,,列子沖虛至德真經釋文,Liezi chongxu zhide zhenjing shiwen,陳景元,Chen Jingyuan ,增補,碧虛、真靖,太初,,1025-1094,2,Philosophy,Commentaries on Ancient Philosophers,The Liezi,,,,
DZ0734,南華真經義海纂微,褚伯秀,,,,撰,Philosophy,Commentaries on Ancient Philosophers,The Zhuangzi,,1265,,南華真經義海纂微,Nanhua zhenjing yihai zuanwei,褚伯秀,Chu Boxiu ,撰,,雪巘,,,106,Philosophy,Commentaries on Ancient Philosophers,The Zhuangzi,,,,
DZ0735,南華真經口義,林希逸,,,,撰,Philosophy,Commentaries on Ancient Philosophers,The Zhuangzi,,,,南華真經口義,Nanhua zhenjing kouyi,林希逸,Lin Xiyi ,撰,鬳齋、竹溪,肅翁,,fl.1234-1263,32,Philosophy,Commentaries on Ancient Philosophers,The Zhuangzi,,,,
DZ0735,南華真經口義,林經德,,,,後記,Philosophy,Commentaries on Ancient Philosophers,The Zhuangzi,,1260,,南華真經口義,Nanhua zhenjing kouyi,林經德,Lin Jingde,後記,,,,,32,Philosophy,Commentaries on Ancient Philosophers,The Zhuangzi,,,,
DZ0736,南華真經章句音義,陳景元,,,,撰,Philosophy,Commentaries on Ancient Philosophers,The Zhuangzi,,1084,,南華真經章句音義,Nanhua zhenjing zhangju yinyi,陳景元,Chen Jingyuan ,撰,碧虛、真靖,太初,,1025-1094,14,Philosophy,Commentaries on Ancient Philosophers,The Zhuangzi,,,,
DZ0737,南華真經章句餘事,陳景元,,,,撰,Philosophy,Commentaries on Ancient Philosophers,The Zhuangzi,,,,南華真經章句餘事,Nanhua zhenjing zhangju yushi,陳景元,Chen Jingyuan ,撰,碧虛、真靖,太初,,1025-1094,1,Philosophy,Commentaries on Ancient Philosophers,The Zhuangzi,,,,
DZ0738,南華真經餘事雜錄,陳景元,,,,撰,Philosophy,Commentaries on Ancient Philosophers,The Zhuangzi,,,,南華真經餘事雜錄,Nanhua zhenjing yushi zalu ,陳景元,Chen Jingyuan ,撰,碧虛、真靖,太初,,1025-1094,2,Philosophy,Commentaries on Ancient Philosophers,The Zhuangzi,,,,
DZ0739,南華真經直音,賈善翔,,,,撰,Philosophy,Commentaries on Ancient Philosophers,The Zhuangzi,,1086,,南華真經直音,Nanhua zhenjing zhiyin,賈善翔,Jia Shanxiang,撰,崇德悟真大師,鴻舉,,1081-1121,1,Philosophy,Commentaries on Ancient Philosophers,The Zhuangzi,,,,
DZ0740,南華邈,,,,,,Philosophy,Commentaries on Ancient Philosophers,The Zhuangzi,Song,960,1279,南華邈,Nanhua miao,,,,,,,,1,Philosophy,Commentaries on Ancient Philosophers,The Zhuangzi,,,,
DZ0741,莊子內篇訂正,吳澄,,,,撰,Philosophy,Commentaries on Ancient Philosophers,The Zhuangzi,,,,莊子內篇訂正,Zhuangzi neipian dingzheng ,吳澄,Wu Cheng ,撰,草廬,幼請,,1249-1333,2,Philosophy,Commentaries on Ancient Philosophers,The Zhuangzi,,,,
DZ0742,南華真經循本,羅勉道,,,,撰,Philosophy,Commentaries on Ancient Philosophers,The Zhuangzi,,,,南華真經循本,Nanhua zhenjing xunben ,羅勉道,Luo Miandao ,撰,,,,1367,30,Philosophy,Commentaries on Ancient Philosophers,The Zhuangzi,,,,
DZ0742,南華真經循本,彭祥,,,,纂,Philosophy,Commentaries on Ancient Philosophers,The Zhuangzi,,,,南華真經循本,Nanhua zhenjing xunben ,彭祥,Peng Xiang,纂,,,,,30,Philosophy,Commentaries on Ancient Philosophers,The Zhuangzi,,,,
DZ0743,南華真經新傳,王雱,,,,撰,Philosophy,Commentaries on Ancient Philosophers,The Zhuangzi,,,,南華真經新傳,Nanhua zhenjing xinzhuan ,王雱,Wang Zhi ,撰,,元澤,,1044-1076,20,Philosophy,Commentaries on Ancient Philosophers,The Zhuangzi,,,,
DZ0744,南華真經拾遺,王雱,,,,撰,Philosophy,Commentaries on Ancient Philosophers,The Zhuangzi,,,,南華真經拾遺,Nanhua zhenjing shiyi ,王雱,Wang Zhi ,撰,,元澤,,,1,Philosophy,Commentaries on Ancient Philosophers,The Zhuangzi,,,,
DZ0745,南華真經註疏,郭象,,,,撰,Philosophy,Commentaries on Ancient Philosophers,,,,,南華真經註疏,Nanhua zhenjing zhushu ,郭象,Guo Xiang ,撰,,子玄,,252-312,35,Philosophy,Commentaries on Ancient Philosophers,,,,,
DZ0745,南華真經註疏,成玄英,,,,撰,Philosophy,Commentaries on Ancient Philosophers,,,,,南華真經註疏,Nanhua zhenjing zhushu ,成玄英,Cheng Xuanying,撰,,子實,,fl. 650,35,Philosophy,Commentaries on Ancient Philosophers,,,,,
DZ0746,通玄真經,徐靈府,,,,注,Philosophy,Commentaries on Ancient Philosophers,,,809,815,通玄真經,Tongxuan zhenjing,徐靈府,Xu Lingfu,注,默希子,,,,2,Philosophy,Commentaries on Ancient Philosophers,,,,DZTK.297,
DZ0747,洞靈真經,何璨,,,,撰,Philosophy,Tang Philosophical Texts (General) ,,,,,洞靈真經,Dongling zhenjing ,何璨,He Can,撰,,,,,3,Philosophy,Tang Philosophical Texts (General) ,,,,,
DZ0748,通玄真經纘義,杜道堅,杭州,"30,2928","120,1775",撰,Philosophy,Commentaries on Ancient Philosophers,Others,,1310,,通玄真經纘義,Tongxuan zhenjing zuanyi ,杜道堅,Du Daojian ,撰,南谷子、輔教大師,處逸,,1237-1318,12,Philosophy,Commentaries on Ancient Philosophers,Others,杭州,PL000000011513,,
DZ0749,通玄真經,朱弁,,,,撰,Philosophy,Commentaries on Ancient Philosophers,,,,,通玄真經,Tongxuan zhenjing ,朱弁,Zhu Bian,撰,正儀,,,,7,Philosophy,Commentaries on Ancient Philosophers,,,,,
DZ0750,太上玄靈北斗本命延生真經註,徐道齡,,,,撰,Philosophy,"Commentaries on Zhengyi, Shangqing, and Lingbao Scriptures",,,1334,,太上玄靈北斗本命延生真經註,Taishang xuanling beidou benming yansheng zhenjing zhu ,徐道齡,Xu Daoling,撰,玄陽子,,,,5,Philosophy,"Commentaries on Zhengyi, Shangqing, and Lingbao Scriptures",,,,,
DZ0750,太上玄靈北斗本命延生真經註,徐道玄,,,,校正,Philosophy,"Commentaries on Zhengyi, Shangqing, and Lingbao Scriptures",,,,,太上玄靈北斗本命延生真經註,Taishang xuanling beidou benming yansheng zhenjing zhu ,徐道玄,Xu Daoxuan,校正,乾陽子,,,,5,Philosophy,"Commentaries on Zhengyi, Shangqing, and Lingbao Scriptures",,,,,
DZ0751,太上玄靈北斗本命延生真經註解,玄元真人,崆峒山,"25,751487","115,010668",撰,Philosophy,"Commentaries on Zhengyi, Shangqing, and Lingbao Scriptures",,,,,太上玄靈北斗本命延生真經註解,Taishang xuanling beidou benming yansheng zhenjing zhujie ,玄元真人,Xuanyuan zhenren ,撰,,,,,3,Philosophy,"Commentaries on Zhengyi, Shangqing, and Lingbao Scriptures",,崆峒山,PL000000019101,,
DZ0752,太上玄靈北斗本命延生經註,傅洞真,,,,撰,Philosophy,"Commentaries on Zhengyi, Shangqing, and Lingbao Scriptures",,,,,太上玄靈北斗本命延生經註,Taishang xuanling beidou benming yansheng jingzhu ,傅洞真,Fu Dongzhen,撰,,,,,3,Philosophy,"Commentaries on Zhengyi, Shangqing, and Lingbao Scriptures",,,,,
DZ0753,北斗七元金玄羽章,,,,,,Philosophy,"Commentaries on Zhengyi, Shangqing, and Lingbao Scriptures",,,,,北斗七元金玄羽章,Beidou qiyuan jinxuan yuzhang ,,,,,,,,1,Philosophy,"Commentaries on Zhengyi, Shangqing, and Lingbao Scriptures",,,,,
DZ0754,太上說玄天大聖真武本傳神咒妙經,陳伀,,,,撰,The Beidi and Xuantian Shangdi Cult,,,Yuan,1279,1368,太上說玄天大聖真武本傳神咒妙經,Taishang shuo Xuantian dasheng zhenwu benchuan shenzhou miaojing ,陳伀,Chen Zhong,撰,田方子,,,,6,The Beidi and Xuantian Shangdi Cult,,,,,,
DZ0755,太上老君說常清靜經註,李道純,,,,撰,Philosophy,"Commentaries on Zhengyi, Shangqing, and Lingbao Scriptures",,,,,太上老君說常清靜經註,Taishang laojun shuochang qingjing jingzhu ,李道純,Li Daochun,撰,清菴、瑩蟾,元素,,fl.1288-1306,1,Philosophy,"Commentaries on Zhengyi, Shangqing, and Lingbao Scriptures",,,,,
DZ0756,太上老君說常清靜經註,,,,,,Philosophy,"Commentaries on Zhengyi, Shangqing, and Lingbao Scriptures",,Yuan,1279,1368,太上老君說常清靜經註,Taishang laojun shuochang qingjing jingzhu ,,,,,,,,1,Philosophy,"Commentaries on Zhengyi, Shangqing, and Lingbao Scriptures",,,,,
DZ0757,太上老君說常清靜經註,白玉蟾,,,,改訂,Philosophy,"Commentaries on Zhengyi, Shangqing, and Lingbao Scriptures",,,1312,,太上老君說常清靜經註,Taishang laojun shuochang qingjing jingzhu ,白玉蟾,Bo Yuchan ,改訂,海瓊,如晦、紫清、白叟,,fl. 1194-1229,1,Philosophy,"Commentaries on Zhengyi, Shangqing, and Lingbao Scriptures",,,,,
DZ0757,太上老君說常清靜經註,王元暉,,,,注,Philosophy,"Commentaries on Zhengyi, Shangqing, and Lingbao Scriptures",,,,,太上老君說常清靜經註,Taishang laojun shuochang qingjing jingzhu ,王元暉,Wang Yuanhui,注,隱微子,,,,1,Philosophy,"Commentaries on Zhengyi, Shangqing, and Lingbao Scriptures",,,,,
DZ0758,太上老君說常清靜經註,侯善淵,,,,撰,Philosophy,"Commentaries on Zhengyi, Shangqing, and Lingbao Scriptures",,"Jin dynasty , second half of twelfth century",1115,1234,太上老君說常清靜經註,Taishang laojun shuochang qingjing jingzhu ,侯善淵,Hou Shanyuan,撰,太玄子,,,,1,Philosophy,"Commentaries on Zhengyi, Shangqing, and Lingbao Scriptures",,,,,
DZ0758,太上老君說常清靜經註,毛麾,,,,序,Philosophy,"Commentaries on Zhengyi, Shangqing, and Lingbao Scriptures",,,,,太上老君說常清靜經註,Taishang laojun shuochang qingjing jingzhu ,毛麾,Mao Hui,序,,,,fl.1187,1,Philosophy,"Commentaries on Zhengyi, Shangqing, and Lingbao Scriptures",,,,,
DZ0759,太上老君說常清靜經註,杜光庭,,,,撰,Philosophy,Commentaries on Lingbao Scriptures,,,,,太上老君說常清靜經註,Taishang laojun shuochang qingjing jingzhu ,杜光庭,Du Guangting ,撰,廣成先生；東瀛子；華頂、天姥峰羽人,賓聖,,850-933,1,Philosophy,Commentaries on Lingbao Scriptures,,,,,
DZ0760,太上老君說常清靜妙經纂圖解註,王玠,,,,撰,Philosophy,"Commentaries on Zhengyi, Shangqing, and Lingbao Scriptures",,,,,太上老君說常清靜妙經纂圖解註,Taishang laojun shuo chang qingjing miaojing zuantu jiezhu ,王玠,Wang Jie,撰,混然子,道淵,,fl. 1331-1380,1,Philosophy,"Commentaries on Zhengyi, Shangqing, and Lingbao Scriptures",,,,,
DZ0761,太上老君元道真經註解,隱芝,,,,撰,Philosophy,"Commentaries on Zhengyi, Shangqing, and Lingbao Scriptures",,,,,太上老君元道真經註解,Taishang laojun yuandao zhenjing zhujie ,隱芝,Yin Zhi ,撰,合明子,內秀,,fl. thirteenth century,1,Philosophy,"Commentaries on Zhengyi, Shangqing, and Lingbao Scriptures",,,,,
DZ0762,太上太清天童護命妙經註,侯善淵,,,,撰,Philosophy,"Commentaries on Zhengyi, Shangqing, and Lingbao Scriptures",,Jurchen Jin ,1115,1234,太上太清天童護命妙經註,Taishang taiqing tiantong huming miaojing zhu ,侯善淵,Hou Shanyuan,撰,太玄子,,,,1,Philosophy,"Commentaries on Zhengyi, Shangqing, and Lingbao Scriptures",,,,,
DZ0763,老子說五廚經註,尹愔,,,,撰,Yangsheng,Miscellaneous Practices,,,736,,老子說五廚經註,Laozi shuo wuchu jing zhu ,尹愔,Yin Yin,撰,,,,,1,Yangsheng,Miscellaneous Practices,,,,,
DZ0764,太上三元飛星冠禁金書玉籙圖,,,,,,Tianxin Zhengfa and Related Rites,,,,,,太上三元飛星冠禁金書玉籙圖,Taishang sanyuan feixing guanjin jinshu yulu tu ,,,,,,,,1,Tianxin Zhengfa and Related Rites,,,,,,
DZ0765,上清金闕帝君五斗三一圖訣,,,,,,Shangqing,Other Early Shangqing Scriptures,,Six Dynasties,220,589,上清金闕帝君五斗三一圖訣,Shangqing jinque dijun wudou sanyi tujue,,,,,,,,1,Shangqing,Other Early Shangqing Scriptures,,,,,
DZ0766,四氣攝生圖,,,,,,Yangsheng,Miscellaneous Practices,,Tang,618,907,四氣攝生圖,Siqi shesheng tu ,,,,,,,,1,Yangsheng,Miscellaneous Practices,,,,,
DZ0767,太上通靈八史聖文真形圖,,,,,,Dongshen Division,-,,,200,400,太上通靈八史聖文真形圖,Taishang tongling bashi shengwen zhenxing tu,,,,,,,,1,Dongshen Division,-,,,,,
DZ0768,圖經衍義本草,寇宗奭,,,,纂,Medicine and Pharmacology,,,,1116,,圖經衍義本草,Tujing yanyi bencao ,寇宗奭,Kou Zongshi,纂,,,,,47,Medicine and Pharmacology,,,,,,
DZ0768,圖經衍義本草,許洪,,,,改訂,Medicine and Pharmacology,,,,,,圖經衍義本草,Tujing yanyi bencao ,許洪,Xu Hong,改訂,,,,f l . 1208 ,47,Medicine and Pharmacology,,,,,,
DZ0769,圖經衍義本草,寇宗奭,,,,纂,Medicine and Pharmacology,,,,,,圖經衍義本草,Tujing yanyi bencao ,寇宗奭,Kou Zongshi,纂,,,,,47,Medicine and Pharmacology,,,,,,
DZ0769,圖經衍義本草,許洪,,,,改訂,Medicine and Pharmacology,,,,,,圖經衍義本草,Tujing yanyi bencao ,許洪,Xu Hong,改訂,,,,f l . 1208 ,47,Medicine and Pharmacology,,,,,,
DZ0770,混元聖紀,謝守灝,,,,撰,Sacred History and Geography,Sacred Histories and Records,,,1191,,混元聖紀,Hunyuan shengji ,謝守灝,Xie Shouhao ,撰,觀復大師,懷英,,1134-1212,9,Sacred History and Geography,Sacred Histories and Records,,,,,
DZ0770,混元聖紀,陳傅良,,,,序,Sacred History and Geography,Sacred Histories and Records,,,,,混元聖紀,Hunyuan shengji ,陳傅良,Chen Fuliang,序,,,,dated 1193,9,Sacred History and Geography,Sacred Histories and Records,,,,,
DZ0771,太上老君年譜要略,謝守灝,,,,纂,Sacred History and Geography,Sacred Histories and Records,,,,,太上老君年譜要略,Taishang laojun nianpu yaolüe ,謝守灝,Xie Shouhao ,纂,觀復大師,懷英,,1134-1212,1,Sacred History and Geography,Sacred Histories and Records,,,,,
DZ0771,太上老君年譜要略,李致道,隱山,,,改訂,Sacred History and Geography,Sacred Histories and Records,,,,,太上老君年譜要略,Taishang laojun nianpu yaolüe ,李致道,Li Zhidao,改訂,,,,,1,Sacred History and Geography,Sacred Histories and Records,,隱山,,,
DZ0772,太上老君金書內序,,,,,,Sacred History and Geography,Sacred Annals and Records,,,,,太上老君金書內序,Taishang laojun jinshu neixu ,,,,,,,,1,Sacred History and Geography,Sacred Annals and Records,,,,,
DZ0773,太上混元老子史略,謝守灝,,,,撰,Sacred History and Geography,Sacred Histories and Records,,,,,太上混元老子史略,Taishang hunyuan laozi shilüe ,謝守灝,Xie Shouhao ,撰,觀復大師,懷英,,1134-1212,3,Sacred History and Geography,Sacred Histories and Records,,,,,
DZ0774,猶龍傳,賈善翔,,,,撰,Sacred History and Geography,Sacred Histories and Records,,,1086,1110,猶龍傳,Youlong zhuan ,賈善翔,Jia Shanxiang,撰,崇德悟真大師,鴻舉,,1081-1121,6,Sacred History and Geography,Sacred Histories and Records,,,,,
DZ0775,太上說玄天大聖真武本傳神咒妙經,陳伀,,,,撰,The Beidi and Xuantian Shangdi Cult,,,Yuan,1279,1368,太上說玄天大聖真武本傳神咒妙經,Taishang shuo Xuantian dasheng zhenwu benchuan shenzhou miaojing ,陳伀,Chen Zhong,撰,田方子,,,,6,The Beidi and Xuantian Shangdi Cult,,,,,,
DZ0776,真武靈應真君增上佑聖尊號冊文,徽宗,,,,撰,The Beidi and Xuantian Shangdi Cult,,,,1108,,真武靈應真君增上佑聖尊號冊文,Zhenwu lingying zhenjun zengshang yousheng zunhao cewen ,徽宗,Emperor Huizong of the Song,撰,,,,,1,The Beidi and Xuantian Shangdi Cult,,,,,,
DZ0777,章獻明肅皇后受上清畢法籙記,朱自英,,,,撰,Sacred History and Geography,Sacred Histories and Records,,,1024,,章獻明肅皇后受上清畢法籙記,Zhangxian mingsu huanghou shou shangqing bifa lu ji ,朱自英,Zhu Ziying,撰,觀妙先生,隱芝,,976-1029,1,Sacred History and Geography,Sacred Histories and Records,,,,,
DZ0778,華蓋山浮丘王郭三真君事實,章元樞,,,,撰,Sacred History and Geography,Sacred Histories and Records,,,,,華蓋山浮丘王郭三真君事實,Huagai shan Fuqiu Wang Guo san zhenjun shishi ,章元樞,Zhang Yuanshu,撰,,,,fl 1180,6,Sacred History and Geography,Sacred Histories and Records,,,,,
DZ0778,華蓋山浮丘王郭三真君事實,黃彌堅,,,,撰,Sacred History and Geography,Sacred Histories and Records,,,,,華蓋山浮丘王郭三真君事實,Huagai shan Fuqiu Wang Guo san zhenjun shishi ,黃彌堅,Huang Mijian,撰,,,,Twelfth through fourteenth centuries,6,Sacred History and Geography,Sacred Histories and Records,,,,,
DZ0778,華蓋山浮丘王郭三真君事實,劉祥,,,,纂,Sacred History and Geography,Sacred Histories and Records,,,1261,,華蓋山浮丘王郭三真君事實,Huagai shan Fuqiu Wang Guo san zhenjun shishi ,劉祥,Liu Xiang,纂,,,,,6,Sacred History and Geography,Sacred Histories and Records,,,,,
DZ0778,華蓋山浮丘王郭三真君事實,王克明,,,,纂,Sacred History and Geography,Sacred Histories and Records,,,,,華蓋山浮丘王郭三真君事實,Huagai shan Fuqiu Wang Guo san zhenjun shishi ,王克明,Wang Keming,纂,,,,,6,Sacred History and Geography,Sacred Histories and Records,,,,,
DZ0779,唐葉真人傳,馬光祖,,,,序,Sacred History and Geography,Hagiographies,,,,,唐葉真人傳,Tang Ye zhenren zhuan ,馬光祖,Ma Guangzu,序,裕齋,,,,1,Sacred History and Geography,Hagiographies,,,,,
DZ0780,地祇上將溫太保傳,黃公瑾,,,,編,Sacred History and Geography,Hagiographies,,,1274,,地祇上將溫太保傳,Diqi shangjiang Wen taibao zhuan ,黃公瑾,Huang Gongjin ,編,,,,,1,Sacred History and Geography,Hagiographies,,,,,
DZ0781,玄品錄,張天雨,,,,撰,Sacred History and Geography,Hagiographies,,,1335,,玄品錄,Xuanpin lu ,張天雨,Zhang Tianyu ,撰,句曲外史,,,,5,Sacred History and Geography,Hagiographies,,,,,
DZ0782,大滌洞天記,鄧牧,,,,撰,Sacred History and Geography,Mountain and Temple Monographs,,,,,大滌洞天記,Dadi dongtian ji ,鄧牧,Deng Mu ,撰,牧心,,,1247-1306,3,Sacred History and Geography,Mountain and Temple Monographs,,,,,
DZ0783,墉城集仙錄,杜光庭,,,,撰,Sacred History and Geography,Hagiographies,,,,,墉城集仙錄,Yongcheng jixian lu ,杜光庭,Du Guangting ,撰,廣成先生；東瀛子；華頂、天姥峰羽人,賓聖,,850-933,6,Sacred History and Geography,Hagiographies,,,,,
DZ0784,太上老君戒經,,,,,,Sanhuang Scriptures and Rituals,,,Early Tang ,618,763,太上老君戒經,Taishang laojun jiejing ,,,,,,,,1,Sanhuang Scriptures and Rituals,,,,,,
DZ0785,老君音誦誡經,寇謙之,嵩山,"34,519744","113,003188",撰,Way of the Heavenly Master,Didactic and Doctrinal Treatises,,,365,448,老君音誦誡經,Laojun yinsong jiejing,寇謙之,Kou Qianzhi ,撰,,輔真,,365-448,1,Way of the Heavenly Master,Didactic and Doctrinal Treatises,,嵩山,PL000000023253,,
DZ0786,太上老君經律,,,,,,Way of the Heavenly Master,Rituals and Rules,,,200,300,太上老君經律,Taishang laojun jinglü,,,,,,,,1,Way of the Heavenly Master,Rituals and Rules,,,,,
DZ0787,太上經戒,,,,,,The General Liturgical Organization of the Tang,,,Tang,618,907,太上經戒,Taishang jingjie ,,,,,,,,1,The General Liturgical Organization of the Tang,,,,,,
DZ0788,三洞法服科戒文,張萬福,,,,撰,The General Liturgical Organization of the Tang,,,,,,三洞法服科戒文,Sandong fafu kejie wen ,張萬福,Zhang Wanfu,撰,,,,fl. 711-713,1,The General Liturgical Organization of the Tang,,,,,,
DZ0789,正一法文天師教戒科經 ,,,,,,Way of the Heavenly Master,Didactic and Doctrinal Treatises,,Wei dynasty,250,260,正一法文天師教戒科經 ,Zhengyi fawen tianshi jiaojie kejing,,,,,,,,1,Way of the Heavenly Master,Didactic and Doctrinal Treatises,,,,ca. 255,
DZ0790,女青鬼律,,,,,,Way of the Heavenly Master,Rituals and Rules,,,200,300,女青鬼律,Nüqing guilü,,,,,,,,6,Way of the Heavenly Master,Rituals and Rules,,,,,
DZ0791,正一威儀經,,,,,,The Orthodox One Way of the Heavenly Master ,Liturgical Organization,,Eighth century,701,800,正一威儀經,Zhengyi weiyi jing ,,,,,,,,1,The Orthodox One Way of the Heavenly Master ,Liturgical Organization,,,,,
DZ0792,玄門十事威儀,,,,,,The General Liturgical Organization of the Tang,,,Tang,618,907,玄門十事威儀,Xuanmen shishi weiyi ,,,,,,,,1,The General Liturgical Organization of the Tang,,,,,,
DZ0793,太清道德顯化儀,,,,,,Zhengyi,Lamp Rituals,,Ming,1318,1644,太清道德顯化儀,Taiqing daode xianhua yi ,,,,,,,,1,Zhengyi,Lamp Rituals,,,,,
DZ0794,正一解戹醮儀,,,,,,The Orthodox One Way of the Heavenly Master  ,Rituals,,Early Tang ,618,763,正一解戹醮儀,Zhengyi jiee jiaoyi ,,,,,,,,1,The Orthodox One Way of the Heavenly Master  ,Rituals,,,,,
DZ0795,正一出官章儀,,,,,,The Orthodox One Way of the Heavenly Master  ,Rituals,,Tang,618,907,正一出官章儀,Zhengyi chuguan zhangyi ,,,,,,,,1,The Orthodox One Way of the Heavenly Master  ,Rituals,,,,,
DZ0796,太上三五正一盟威閱籙醮儀,杜光庭,,,,編,The Orthodox One Way of the Heavenly Master  ,Rituals,,,,,太上三五正一盟威閱籙醮儀,Taishang sanwu zhengyi mengwei yuelu jiaoyi ,杜光庭,Du Guangting ,編,廣成先生；東瀛子；華頂、天姥峰羽人,賓聖,,850-933,1,The Orthodox One Way of the Heavenly Master  ,Rituals,,,,,
DZ0797,太上正一閱籙儀,杜光庭,,,,纂,The Orthodox One Way of the Heavenly Master  ,Rituals,,,,,太上正一閱籙儀,Taishang zhengyi yuelu yi ,杜光庭,Du Guangting ,纂,廣成先生；東瀛子；華頂、天姥峰羽人,賓聖,,850-933,1,The Orthodox One Way of the Heavenly Master  ,Rituals,,,,,
DZ0798,正一旨教齋儀,,,,,,The Orthodox One Way of the Heavenly Master  ,Rituals,,,,,正一旨教齋儀,Zhengyi zhijiao zhai yi ,,,,,,,,1,The Orthodox One Way of the Heavenly Master  ,Rituals,,,,,
DZ0799,正一旨教齋清旦行道儀,,,,,,The Orthodox One Way of the Heavenly Master  ,Rituals,,Tang,618,907,正一旨教齋清旦行道儀,Zhengyi zhijiao zhai qingdan xingdao yi ,,,,,,,,1,The Orthodox One Way of the Heavenly Master  ,Rituals,,,,,
DZ0800,正一敕壇儀,,,,,,The Orthodox One Way of the Heavenly Master  ,Rituals,,Tang,618,907,正一敕壇儀,Zhengyi chitan yi ,,,,,,,,1,The Orthodox One Way of the Heavenly Master  ,Rituals,,,,,
DZ0801,正一醮宅儀,,,,,,The Orthodox One Way of the Heavenly Master  ,Rituals,,Tang,618,907,正一醮宅儀,Zhengyi jiaozhai yi ,,,,,,,,1,The Orthodox One Way of the Heavenly Master  ,Rituals,,,,,
DZ0802,正一醮墓儀,,,,,,The Orthodox One Way of the Heavenly Master  ,Rituals,,Tang,618,907,正一醮墓儀,Zhengyi jiaomu yi ,,,,,,,,1,The Orthodox One Way of the Heavenly Master  ,Rituals,,,,,
DZ0803,太上洞神三皇儀,,,,,,Sanhuang Scriptures and Rituals,,,Early Tang ,618,763,太上洞神三皇儀,Taishang dongshen sanhuang yi ,,,,,,,,1,Sanhuang Scriptures and Rituals,,,,,,
DZ0804,洞神三皇七十二君齋方懺儀,杜光庭,,,,編,Sanhuang Scriptures and Rituals,,,,,,洞神三皇七十二君齋方懺儀,Dongshen sanhuang qishier jun zhai fangchan yi ,杜光庭,Du Guangting ,編,廣成先生；東瀛子；華頂、天姥峰羽人,賓聖,,850-933,1,Sanhuang Scriptures and Rituals,,,,,,
DZ0805,太上洞神太元河圖三元仰謝儀,杜光庭,,,,編,Sanhuang Scriptures and Rituals,,,,,,太上洞神太元河圖三元仰謝儀,Taishang dongshen taiyuan hetu sanyuan yangxie yi ,杜光庭,Du Guangting ,編,廣成先生；東瀛子；華頂、天姥峰羽人,賓聖,,850-933,1,Sanhuang Scriptures and Rituals,,,,,,
DZ0806,太上金書玉牒寶章儀,,,,,,The Orthodox One Way of the Heavenly Master  ,Rituals,,Tang,618,907,太上金書玉牒寶章儀,Taishang jinshu yudie baozhang yi ,,,,,,,,1,The Orthodox One Way of the Heavenly Master  ,Rituals,,,,,
DZ0807,天心正法修真道場設醮儀,,,,,,Tianxin Zhengfa and Related Rites,,,,,,天心正法修真道場設醮儀,Tianxin zhengfa xiuzhen daochang shejiao yi ,,,,,,,,1,Tianxin Zhengfa and Related Rites,,,,,,
DZ0808,太上三洞傳授道德經紫虛籙拜表儀,杜光庭,,,,編,The Taixuan Division,,,,,,太上三洞傳授道德經紫虛籙拜表儀,Taishang sandong chuanshou daode jing zixu lu baibiao yi ,杜光庭,Du Guangting ,編,廣成先生；東瀛子；華頂、天姥峰羽人,賓聖,,850-933,1,The Taixuan Division,,,,,,
DZ0809,太上三五傍救醮五帝斷瘟儀,,,,,,Dongyuan and Shengxuan Scriptures and Rituals,The Dongyuan shenzhou jing,,Tang,618,907,太上三五傍救醮五帝斷瘟儀,Taishang sanwu bangjiu jiao wudi duanwen yi ,,,,,,,,1,Dongyuan and Shengxuan Scriptures and Rituals,The Dongyuan shenzhou jing,,,,,
DZ0810,太上消災祈福醮儀,,,,,,Other Popular Cults,Popular Rites,,,,,太上消災祈福醮儀,Taishang xiaozai qifu jiaoyi ,,,,,,,,1,Other Popular Cults,Popular Rites,,,,,
DZ0811,太上金櫃玉鏡延生洞玄燭幽懺,,,,,,Other Popular Cults,Popular Rites,,Song,960,1279,太上金櫃玉鏡延生洞玄燭幽懺,Taishang jingui yujing yansheng dongxuan zhuyou chan ,,,,,,,,1,Other Popular Cults,Popular Rites,,,,,
DZ0812,太上瑤臺益算寶籍延年懺,,,,,,Lingbao,Litanies,,,,,太上瑤臺益算寶籍延年懺,Taishang yaotai yisuan baoji yannian chan ,,,,,,,,1,Lingbao,Litanies,,,,,
DZ0813,太上正一朝天三八謝罪法懺,,,,,,Zhengyi,Scriptures,,Yuan (1279-1368) or early Ming (1368-1644),,,太上正一朝天三八謝罪法懺,Taishang zhengyi chaotian sanba xiezui fachan ,,,,,,,,1,Zhengyi,Scriptures,,,,,
DZ0814,真武靈應護世消災滅罪寶懺,,,,,,The Beidi and Xuantian Shangdi Cult,,,Song,960,1279,真武靈應護世消災滅罪寶懺,Zhenwu lingying hushi xiaozai miezui baochan,,,,,,,,1,The Beidi and Xuantian Shangdi Cult,,,,,,
DZ0815,北極真武普慈度世法懺,,,,,,The Beidi and Xuantian Shangdi Cult,,,Ming,1368,1644,北極真武普慈度世法懺,Beiji zhenwu puci dushi fachan ,,,,,,,,10,The Beidi and Xuantian Shangdi Cult,,,,,,
DZ0816,北極真武佑聖真君禮文,,,,,,The Beidi and Xuantian Shangdi Cult,,,Ming,1368,1644,北極真武佑聖真君禮文,Beiji zhenwu yousheng zhenjun liwen ,,,,,,,,1,The Beidi and Xuantian Shangdi Cult,,,,,,
DZ0817,太清中黃真經,九仙君,,,,撰,Yangsheng,Miscellaneous Practices,,Tang,618,907,太清中黃真經,Taiqing zhonghuang zhenjing ,九仙君,Jiuxian jun,撰,,,,,2,Yangsheng,Miscellaneous Practices,,,,,
DZ0817,太清中黃真經,中黃真人,,,,注,Yangsheng,Miscellaneous Practices,,,,,太清中黃真經,Taiqing zhonghuang zhenjing ,中黃真人,Zhonghuang zhenren,注,,,,,2,Yangsheng,Miscellaneous Practices,,,,,
DZ0818,太清導引養生經,,,,,,Yangsheng,-,,,300,400,太清導引養生經,Taiqing daoyin yangsheng jing,,,,,,,,1,Yangsheng,-,,,,DZTK,
DZ0819,太上養生胎息氣經,,,,,,Yangsheng,Respiratory Techniques,,Tang,618,907,太上養生胎息氣經,Taishang yangsheng taixi qijing ,,,,,,,,1,Yangsheng,Respiratory Techniques,,,,,
DZ0820,太清調氣經,,,,,,Yangsheng,Respiratory Techniques,,Tang,618,907,太清調氣經,Taiqing tiaoqi jing ,,,,,,,,1,Yangsheng,Respiratory Techniques,,,,,
DZ0821,太上老君養生訣,,,,,,Yangsheng,Miscellaneous Practices,,Early Tang,618,763,太上老君養生訣,Taishang laojun yangsheng jue ,,,,,,,,1,Yangsheng,Miscellaneous Practices,,,,,
DZ0822,太清服氣口訣,,,,,,Yangsheng,Respiratory Techniques,,Tang,618,907,太清服氣口訣,Taiqing fuqi koujue ,,,,,,,,1,Yangsheng,Respiratory Techniques,,,,,
DZ0823,莊周氣訣解,,,,,,Yangsheng,Respiratory Techniques,,Tang,618,907,莊周氣訣解,Zhuang Zhou qijue jie ,,,,,,,,1,Yangsheng,Respiratory Techniques,,,,,
DZ0824,嵩山太無先生氣經,,,,,,Yangsheng ,Respiratory Techniques,,Eighth to ninth century,701,900,嵩山太無先生氣經,Songshan Taiwu xiansheng qijing ,,,,,,,,2,Yangsheng ,Respiratory Techniques,,,,,
DZ0825,延陵先生集新舊服氣經,桑榆子,,,,注,Yangsheng ,Respiratory Techniques,,Late Tang (618-907) or Five Dynasties (907- 960),,,延陵先生集新舊服氣經,Yanling xiansheng ji xinjiu fuqi jing ,桑榆子,Sangyu zi,注,,,,,1,Yangsheng ,Respiratory Techniques,,,,,
DZ0826,諸真聖胎神用訣,,,,,,Neidan and Yangsheng,General Works and Manuals,,Song,960,1279,諸真聖胎神用訣,Zhuzhen shengtai shenyong jue ,,,,,,,,1,Neidan and Yangsheng,General Works and Manuals,,,,,
DZ0827,胎息抱一歌,,,,,,Neidan and Yangsheng,General Works and Manuals,,Northern Song,960,1127,胎息抱一歌,Taixi baoyi ge ,,,,,,,,1,Neidan and Yangsheng,General Works and Manuals,,,,,
DZ0828,幻真先生服內元氣訣,,,,,,Yangsheng,Respiratory Techniques,,,,,幻真先生服內元氣訣,Huanzhen xiansheng funa yuanqi jue ,,,,,,,,1,Yangsheng,Respiratory Techniques,,,,,
DZ0829,胎息精微論,,,,,,Yangsheng,Respiratory Techniques,,Tang,618,907,胎息精微論,Taixi jingwei lun ,,,,,,,,1,Yangsheng,Respiratory Techniques,,,,,
DZ0830,服氣精義論,司馬承禎,,,,撰,Yangsheng,Respiratory Techniques,,,,,服氣精義論,Fuqi jingyi lun ,司馬承禎,Sima Chengzhen ,撰,白雲子,子微,貞一,647-735,1,Yangsheng,Respiratory Techniques,,,,,
DZ0831,氣法要妙至訣,,,,,,Yangsheng,Respiratory Techniques,,Late Tang,764,907,氣法要妙至訣,Qifa yaomiao zhijue ,,,,,,,,1,Yangsheng,Respiratory Techniques,,,,,
DZ0832,上清司命茅真君修行指迷訣,,,,,,Yangsheng,Respiratory Techniques,,Tang,618,907,上清司命茅真君修行指迷訣,shang qing si ming mao zhen jun xiu xing zhi mi jue ,,,,,,,,1,Yangsheng,Respiratory Techniques,,,,,
DZ0833,神氣養形論,,,,,,Yangsheng,Respiratory Techniques,,,,,神氣養形論,shen qi yang xing lun ,,,,,,,,1,Yangsheng,Respiratory Techniques,,,,,
DZ0834,存神鍊氣銘,孫思邈,,,,撰,Yangsheng,Respiratory Techniques,,,,,存神鍊氣銘,cun shen lian qi ming ,孫思邈,Sun Simo,撰,,,,581-682,1,Yangsheng,Respiratory Techniques,,,,,
DZ0835,保生銘,孫思邈,,,,撰,Yangsheng,Miscellaneous Practices,,,,,保生銘,bao sheng ming ,孫思邈,Sun Simo,撰,,,,581-682,1,Yangsheng,Miscellaneous Practices,,,,,
DZ0836,神仙食氣金櫃妙錄,京里先生,,,,撰,Yangsheng,Miscellaneous Practices,,,,,神仙食氣金櫃妙錄,shen xian shi qi jin gui miao lu ,京里先生,Jingli Xiansheng ,撰,,,,,1,Yangsheng,Miscellaneous Practices,,,,,
DZ0837,枕中記,,,,,,Yangsheng,Miscellaneous Practices,,Tang,618,907,枕中記,zhen zhong ji ,,,,,,,,1,Yangsheng,Miscellaneous Practices,,,,,
DZ0838,養性延命錄,陶弘景,,,,撰,Yangsheng,Miscellaneous Practices,,,,,養性延命錄,yang xing yan ming lu ,陶弘景,Tao Hongjing,撰,華陽隱居,通明,貞白先生,456-536,2,Yangsheng,Miscellaneous Practices,,,,,
DZ0839,三洞樞機雜說,,,,,,Yangsheng,Miscellaneous Practices,,Tang,618,907,三洞樞機雜說,san dong shu ji za shuo ,,,,,,,,1,Yangsheng,Miscellaneous Practices,,,,,
DZ0840,彭祖攝生養性論,,,,,,Yangsheng,Miscellaneous Practices,,Tang,618,907,彭祖攝生養性論,peng zu she sheng yang xing lun ,,,,,,,,1,Yangsheng,Miscellaneous Practices,,,,,
DZ0841,孫真人攝養論,孫思邈,,,,撰,Yangsheng,Miscellaneous Practices,,,,,孫真人攝養論,sun zhen ren she yang lun ,孫思邈,Sun Simo,撰,,,,581-682,1,Yangsheng,Miscellaneous Practices,,,,,
DZ0842,抱朴子養生論,,,,,,Yangsheng,Miscellaneous Practices,,Tang,618,907,抱朴子養生論,bao pu zi yang sheng lun ,,,,,,,,1,Yangsheng,Miscellaneous Practices,,,,,
DZ0843,養生詠玄集,,,,,,Yangsheng,Respiratory Techniques,,Song,960,1279,養生詠玄集,yang sheng yong xuan ji ,,,,,,,,1,Yangsheng,Respiratory Techniques,,,,,
DZ0844,神仙服食靈草菖蒲丸方,,,,,,Medicine and Pharmacology,,,Tang,618,907,神仙服食靈草菖蒲丸方,shen xian fu shi ling cao chang pu wan fang ,,,,,,,,1,Medicine and Pharmacology,,,,,,
DZ0845,上清經真丹祕訣,,,,,,Alchemy,,,,,,上清經真丹祕訣,shang qing jing zhen dan 祕 jue ,,,,,,,,1,Alchemy,,,,,,
DZ0846,太清經斷穀法,,,,,,Yangsheng,-,,,500,589,太清經斷穀法,Taiqing jing duangu fa,,,,,,,,1,Yangsheng,-,,,,DZTK the end of the Six Dynasties,
DZ0847,太上肘後玉經方,盧遵元,,,,撰,Medicine and Pharmacology,,,Ninth century,801,900,太上肘後玉經方,Taishang zhouhou yujing fang ,盧遵元,Lu Zunyuan ,撰,霞栖子,,,,1,Medicine and Pharmacology,,,,,,
DZ0848,混俗頤生錄,劉詞,茅山，江蘇,"31,784118","119,310228",撰,Yangsheng,Miscellaneous Practices,,Tenth century,901,1000,混俗頤生錄,Hunsu yisheng lu ,劉詞,Liu Ci ,撰,,,,,2,Yangsheng,Miscellaneous Practices,,茅山，江蘇,PL000000011072,,
DZ0849,保生要錄,蒲虔貫,,,,撰,Yangsheng,Miscellaneous Practices,,,,,保生要錄,Baosheng yaolu ,蒲虔貫,Pu Qianguan,撰,,,,fl. 934-965,1,Yangsheng,Miscellaneous Practices,,,,,
DZ0850,修真祕籙,符度仁,,,,撰,Medicine and Pharmacology,,,,1061,,修真祕籙,Xiuzhen bilu ,符度仁,Fu Duren ,撰,,,,,1,Medicine and Pharmacology,,,,,,
DZ0851,三元延壽參贊書,李鵬飛,,,,撰,Neidan and Yangsheng,General Works and Manuals,,,1291,,三元延壽參贊書,Sanyuan yanshou canzan shu ,李鵬飛,Li Pengfei ,撰,九華澄心老人,,,,5,Neidan and Yangsheng,General Works and Manuals,,,,,
DZ0852,太上保真養生論,,,,,,Yangsheng,Miscellaneous Practices,,Five Dynasties,907,960,太上保真養生論,Taishang baozhen yangsheng lun ,,,,,,,,1,Yangsheng,Miscellaneous Practices,,,,,
DZ0853,養生辯疑訣,施肩吾,,,,撰,Yangsheng,Miscellaneous Practices,,,806,,養生辯疑訣,Yangsheng bianyi jue ,施肩吾,Shi Jianwu ,撰,栖真子、清虛洞天華陽真人,希聖,,fl . 820 ,1,Yangsheng,Miscellaneous Practices,,,,,
DZ0854,太上三皇寶齋神仙上錄經,,,,,,Sanhuang Scriptures and Rituals,,,Tang,618,907,太上三皇寶齋神仙上錄經,Taishang sanhuang baozhai shenxian shanglu jing ,,,,,,,,1,Sanhuang Scriptures and Rituals,,,,,,
DZ0855,太清金闕玉華仙書八極神章三皇內祕文,,,,,,Sanhuang,,,,,,太清金闕玉華仙書八極神章三皇內祕文,Taiqing jinque yuhua xianshu baji shenzhang sanhuang neibi wen ,,,,,,,,3,Sanhuang,,,,,,
DZ0856,三皇內文遺祕,,,,,,Sanhuang,,,,,,三皇內文遺祕,Sanhuang neiwen yibi ,,,,,,,,1,Sanhuang,,,,,,
DZ0857,祕藏通玄變化六陰洞微遁甲真經,,,,,,Divination and Numerology,,,Song,960,1279,祕藏通玄變化六陰洞微遁甲真經,Bizang tongxuan bianhua liuyin dongwei dunjia zhenjing ,,,,,,,,3,Divination and Numerology,,,,,,
DZ0858,太上洞神玄妙白猿真經,,,,,,Sanhuang,,,,,,太上洞神玄妙白猿真經,Taishang dongshen xuanmiao boyuan zhenjing ,,,,,,,,1,Sanhuang,,,,,,
DZ0859,太上通玄靈印經,,,,,,Sanhuang,,,,,,太上通玄靈印經,Taishang tongxuan lingyin jing ,,,,,,,,1,Sanhuang,,,,,,
DZ0860,上清鎮元榮靈經,,,,,,Zhengyi,Scriptures,,Northern Song,960,1127,上清鎮元榮靈經,Shangqing zhenyuan rongling jing ,,,,,,,,1,Zhengyi,Scriptures,,,,,
DZ0861,太上六壬明鑑符陰經,,,,,,Sanhuang,,,,,,太上六壬明鑑符陰經,Taishang liuren mingjian fuyin jing ,,,,,,,,4,Sanhuang,,,,,,
DZ0862,顯道經,,,,,,Yangsheng,-,,,200,300,顯道經,Xiandao jing,,,,,,,,1,Yangsheng,-,,,,DZTK,
DZ0863,神仙鍊丹點鑄三元寶照法,,,,,,Alchemy,Laboratory Alchemy,,,902,,神仙鍊丹點鑄三元寶照法,Shenxian liandan dianzhu sanyuan baozhao fa ,,,,,,,,1,Alchemy,Laboratory Alchemy,,,,,
DZ0864,元陽子五假論,,,,,,Other Popular Cults,Popular Rites,,,,,元陽子五假論,Yuanyang zi wujia lun ,,,,,,,,1,Other Popular Cults,Popular Rites,,,,,
DZ0865,太清元極至妙神珠玉顆經,,,,,,Neidan and Yangsheng,Other Neidan Traditions,,,,,太清元極至妙神珠玉顆經,Taiqing yuanji zhimiao shenzhu yuke jing ,,,,,,,,1,Neidan and Yangsheng,Other Neidan Traditions,,,,,
DZ0866,天老神光經,李靖,,,,撰,Other Popular Cults,Popular Rites,,,,,天老神光經,Tianlao shenguang jing ,李靖,Li Jing,撰,,,,571-649,1,Other Popular Cults,Popular Rites,,,,,
DZ0867,鬼谷子天髓靈文,,,,,,Other Popular Cults,Popular Rites,,Southern Song or later,1127,1279,鬼谷子天髓靈文,Guigu zi tiansui lingwen ,,,,,,,,2,Other Popular Cults,Popular Rites,,,,,
DZ0868,先天玄妙玉女太上聖母資傳仙道,,,,,,Yangsheng,Miscellaneous Practices,,Tang,618,907,先天玄妙玉女太上聖母資傳仙道,Xiantian Xuanmiao yunü Taishang shengmu zichuan xiandao ,,,,,,,,1,Yangsheng,Miscellaneous Practices,,,,,
DZ0869,思印氣訣法,,,,,,The Orthodox One Way of the Heavenly Master ,Rituals,,Tang,618,907,思印氣訣法,Siyin qi juefa ,,,,,,,,1,The Orthodox One Way of the Heavenly Master ,Rituals,,,,,
DZ0870,北斗治法武威經,,,,,,Other Popular Cults,The Cult of the Northern Dipper,,,,,北斗治法武威經,Beidou zhifa wuwei jing ,,,,,,,,1,Other Popular Cults,The Cult of the Northern Dipper,,,,,
DZ0871,太上除三尸九蟲保生經,,,,,,Yangsheng,Miscellaneous Practices,,Five Dynasties ,907,960,太上除三尸九蟲保生經,Taishang chu sanshi jiuchong baosheng jing ,,,,,,,,1,Yangsheng,Miscellaneous Practices,,,,,
DZ0872,太上老君玄妙枕中內德神咒經,,,,,,The Taixuan Division,,,Tang,618,907,太上老君玄妙枕中內德神咒經,Taishang laojun xuanmiao zhenzhong neide shenzhou jing ,,,,,,,,1,The Taixuan Division,,,,,,
DZ0873,黃庭遁甲緣身經,,,,,,Yangsheng,Miscellaneous Practices,,Tang,618,907,黃庭遁甲緣身經,Huangting dunjia yuanshen jing ,,,,,,,,1,Yangsheng,Miscellaneous Practices,,,,,
DZ0874,紫庭內祕訣修行法,,,,,,Dongzhen Division,"Manuals, Anthologies, and Encyclopedias",Practices,Tang,618,907,紫庭內祕訣修行法,Ziting neibi jue xiuxing fa ,,,,,,,,1,Dongzhen Division,"Manuals, Anthologies, and Encyclopedias",Practices,,,,
DZ0875,太上老君大存思圖注訣,,,,,,The Taixuan Division,,,Early Tang ,618,763,太上老君大存思圖注訣,Taishang laojun da cunsi tu zhujue ,,,,,,,,1,The Taixuan Division,,,,,,
DZ0876,太上五星七元空常訣,,,,,,Shangqing,Canonical Shangqing Scriptures,,Six Dynasties ,220,589,太上五星七元空常訣,Taishang wuxing qiyuan kongchang jue,,,,,,,,1,Shangqing,Canonical Shangqing Scriptures,,,,,
DZ0877,上玄高真延壽赤書,,,,,,Dongzhen Division,"Manuals, Anthologies, and Encyclopedias",Practices,,,,上玄高真延壽赤書,Shangxuan gaozhen Yanshou chishu ,,,,,,,,1,Dongzhen Division,"Manuals, Anthologies, and Encyclopedias",Practices,,,,
DZ0878,紫團丹經,,,,,,Neidan and Yangsheng,Other Neidan Traditions,,Southern Song,1127,1279,紫團丹經,Zituan danjing ,,,,,,,,1,Neidan and Yangsheng,Other Neidan Traditions,,,,,
DZ0879,上清金書玉字上經,楊羲,句容,"31,9453","119,1717",輯佚,Shangqing,Other Early Shangqing Scriptures,,Six Dynasties ,363,370,上清金書玉字上經,Shangqing jinshu yuzi shangjing,楊羲,Yang Xi,輯佚,,羲和,,330-386,1,Shangqing,Other Early Shangqing Scriptures,,句容,PL000000011098,,
DZ0880,太清金液神丹經,張道陵,,,,撰,Alchemy,-,,,100,200,太清金液神丹經,Taiqing jinyi shendan jing,張道陵,Zhang Daoling,撰,,,,,3,Alchemy,-,,,,"DZTK Layer A: Juan 1 Zhang Daoling; Layer 2, Juan 2 陰長;Layer 3 Ge Hong.",
DZ0880,太清金液神丹經,陰長生,,,,撰,Alchemy,-,,,0,100,太清金液神丹經,Taiqing jinyi shendan jing,陰長生,Yin Changsheng,撰,,,,,3,Alchemy,-,,,,,
DZ0880,太清金液神丹經,葛洪,,,,撰,Alchemy,-,,,283,343,太清金液神丹經,Taiqing jinyi shendan jing,葛洪,Ge Hong ,撰,抱朴,稚川,,283-343,3,Alchemy,-,,,,,
DZ0881,太清石壁記,楚澤先生,,,,撰,Alchemy,Laboratory Alchemy,,,,,太清石壁記,Taiqing shibi ji ,楚澤先生,Chuze xiansheng,撰,,,,,3,Alchemy,Laboratory Alchemy,,,,compiled in 758 or 759 on the basis of an earlier version,
DZ0882,太清金液神氣經,,,,,,Shangqing,Anthologies,,Six Dynasties,220,589,太清金液神氣經,Taiqing jinyi shenqi jing,,,,,,,,3,Shangqing,Anthologies,,,,,
DZ0883,太清經天師口訣,,,,,,Alchemy,-,,Six Dynasties,220,589,太清經天師口訣,Taiqing jing tianshi koujue,,,,,,,,1,Alchemy,-,,,,DZTK,
DZ0884,太清修丹祕訣,,,,,,Alchemy,Laboratory Alchemy,,Tang,618,907,太清修丹祕訣,Taiqing xiudan bijue ,,,,,,,,1,Alchemy,Laboratory Alchemy,,,,,
DZ0885,黃帝九鼎神丹經訣,,,,,,Alchemy,Laboratory Alchemy,,"Juan 1, presumably Han (206 B.C.-A.D. 220); juan 2-20, Tang (618-907)",,,黃帝九鼎神丹經訣,Huangdi jiuding shendan jingjue ,,,,,,,,20,Alchemy,Laboratory Alchemy,,,,,
DZ0886,九轉靈砂大丹資聖玄經,,,,,,Alchemy,Laboratory Alchemy,,Tang,618,907,九轉靈砂大丹資聖玄經,Jiuzhuan lingsha dadan zisheng xuanjing ,,,,,,,,1,Alchemy,Laboratory Alchemy,,,,,
DZ0887,張真人金石靈砂論,張隱居,,,,撰,Alchemy,Laboratory Alchemy,,,742,770,張真人金石靈砂論,Zhang zhenren jinshi lingsha lun ,張隱居,Zhang yinju ,撰,,,,,1,Alchemy,Laboratory Alchemy,,,,,
DZ0888,魏伯陽七返丹砂訣,黃童君,,,,注,Alchemy,Inner Alchemy,,Tang,618,907,魏伯陽七返丹砂訣,Wei Boyang qifan dansha jue ,黃童君,Huang Tongjun ,注,,,,,1,Alchemy,Inner Alchemy,,,,,
DZ0889,太極真人九轉還丹經要訣,,,,,,Alchemy,-,,Early Six Dynasties ,220,450,太極真人九轉還丹經要訣,Taiji zhenren jiuzhuan huandan jing yaojue,,,,,,,,1,Alchemy,-,,,,DZTK,
DZ0890,大洞鍊真寶經修伏靈砂妙訣,陳少衛,,,,撰,Alchemy,Laboratory Alchemy,,,,,大洞鍊真寶經修伏靈砂妙訣,Dadong lian zhenbao jing xiufu lingsha miaojue ,陳少衛,Chen Shaowei,撰,衡嶽真人,子明,,fl.712-734,1,Alchemy,Laboratory Alchemy,,,,,
DZ0891,大洞鍊真寶經九還金丹妙訣,陳少衛,,,,撰,Alchemy,Laboratory Alchemy,,,712,734,大洞鍊真寶經九還金丹妙訣,Dadong lian zhenbao jing jiuhuan jindan miaojue ,陳少衛,Chen Shaowei,撰,衡嶽真人,子明,,fl.712-734,1,Alchemy,Laboratory Alchemy,,,,,
DZ0892,太上衛靈神化九轉丹砂法,,,,,,Alchemy,Laboratory Alchemy,,Seventh or eighth century,,,太上衛靈神化九轉丹砂法,Taishang weiling shenhua jiuzhuan dansha fa,,,,,,,,1,Alchemy,Laboratory Alchemy,,,,,
DZ0893,九轉靈砂大丹,,,,,,Alchemy,,,Song,960,1279,九轉靈砂大丹,Jiuzhuan lingsha dadan ,,,,,,,,1,Alchemy,,,,,,
DZ0894,九轉青金靈砂丹,,,,,,Alchemy,,,Song,960,1279,九轉青金靈砂丹,Jiuzhuan qingjin lingsha dan ,,,,,,,,1,Alchemy,,,,,,
DZ0895,陰陽九轉成紫金點化還丹訣,,,,,,Alchemy,,,Tenth century,901,1000,陰陽九轉成紫金點化還丹訣,Yinyang jiuzhuan cheng zijin dianhua huandan jue ,,,,,,,,1,Alchemy,,,,,,
DZ0896,玉洞大神丹砂真要訣,張果,,,,撰,Alchemy,Laboratory Alchemy,,,,,玉洞大神丹砂真要訣,Yudong dashen dansha zhenyao jue ,張果,Zhang Guo,撰,通玄子,,,d. ca. 742,1,Alchemy,Laboratory Alchemy,,,,,
DZ0897,靈砂大丹祕訣,,,,,,Alchemy,,,Southern Song,1127,1279,靈砂大丹祕訣,Lingsha dadan bijue ,,,,,,,,1,Alchemy,,,,,,
DZ0898,碧玉朱砂寒林玉樹匱,西蜀陳大師,,,,撰,Alchemy,,,Southern Song,1127,1279,碧玉朱砂寒林玉樹匱,Biyu zhusha hanlin yushu kui ,西蜀陳大師,Chen Dashi of Western Shu,撰,,,,,1,Alchemy,,,,,,
DZ0899,大丹記,魏伯陽,,,,撰,Alchemy,,,,,,大丹記,Dadan ji ,魏伯陽,Wei Boyang,撰,雲牙、太素真人,,,,1,Alchemy,,,,,,
DZ0900,丹房須知,吳悞,,,,撰,Alchemy,,,,1163,,丹房須知,Danfang xuzhi ,吳悞,Wu Wu,撰,自然子,,,,1,Alchemy,,,,,,
DZ0901,石藥爾雅,梅彪,,,,撰,Alchemy,Laboratory Alchemy,,,806,,石藥爾雅,Shiyao erya ,梅彪,Mei Biao,撰,,,,,2,Alchemy,Laboratory Alchemy,,,,,
DZ0902,稚川真人校證術,,,,,,Neidan and Yangsheng,General Works and Manuals,,Song,960,1279,稚川真人校證術,Zhichuan zhenren jiaozheng shu ,,,,,,,,1,Neidan and Yangsheng,General Works and Manuals,,,,,
DZ0903,純陽呂真人藥石製,呂洞賓,,,,撰,Alchemy,,,Fourteenth or fifteenth century,1301,1500,純陽呂真人藥石製,Chunyang Lü zhenren yaoshi zhi ,呂洞賓,Lü Dongbin,撰,純陽真人,,,,1,Alchemy,,,,,,
DZ0904,金碧五相類參同契,陰長生,,,,序、注,Neidan and Yangsheng,The Zhong-Lü Tradition,,,947,,金碧五相類參同契,Jinbi wu xianglei cantong qi ,陰長生,Yin Changsheng,序、注,,,,206 B.C.-A.D. 9,3,Neidan and Yangsheng,The Zhong-Lü Tradition,,,,,
DZ0905,參同契五相類祕要,魏伯陽,,,,撰,Alchemy,,,,,,參同契五相類祕要,Cantong qi wu xianglei biyao ,魏伯陽,Wei Boyang,撰,雲牙、太素真人,,,,1,Alchemy,,,,,,
DZ0906,陰真君金石五相類,陰長生,,,,撰,Alchemy,Laboratory Alchemy,,"before 1052, probably Five Dynasties (907-960)",,,陰真君金石五相類,Yin zhenjun jinshi wu xianglei ,陰長生,Yin Changsheng,撰,,,,206 B.C.-A.D. 9,1,Alchemy,Laboratory Alchemy,,,,,
DZ0907,金石簿五九數訣,,,,,,Alchemy,Laboratory Alchemy,,Tang,618,907,金石簿五九數訣,Jinshi bu wujiu shu jue ,,,,,,,,1,Alchemy,Laboratory Alchemy,,,,,
DZ0908,上清九真中經內訣,赤松子,,,,撰,Alchemy,-,,Early Six Dynasties ,220,450,上清九真中經內訣,Shangqing jiuzhen zhongjing neijue,赤松子,Chi Songzi,撰,,,,,1,Alchemy,-,,,,DZTK,
DZ0909,龍虎還丹訣,金陵子,,,,撰,Alchemy,Laboratory Alchemy,,Tang or Song (compiled before 1042),,,龍虎還丹訣,Longhu huandan jue ,金陵子,Jinling zi,撰,,,,,2,Alchemy,Laboratory Alchemy,,,,,
DZ0910,金華玉液大丹,,,,,,Alchemy,,,Song,960,1279,金華玉液大丹,Jinhua yuyi dadan ,,,,,,,,1,Alchemy,,,,,,
DZ0911,感氣十六轉金丹,,,,,,Alchemy,,,Song,960,1279,感氣十六轉金丹,Ganqi shiliu zhuan jindan ,,,,,,,,1,Alchemy,,,,,,
DZ0912,修練大丹要旨,,,,,,Alchemy,,,Southern Song,1127,1279,修練大丹要旨,Xiulian dadan yaozhi ,,,,,,,,2,Alchemy,,,,,,
DZ0913,通幽訣,,,,,,Alchemy,Laboratory Alchemy,,Tang,618,907,通幽訣,Tongyou jue ,,,,,,,,1,Alchemy,Laboratory Alchemy,,,,,
DZ0914,金華沖碧丹經祕旨,白玉蟾,,,,傳,Alchemy,,,,,,金華沖碧丹經祕旨,Jinhua chongbi danjing bizhi ,白玉蟾,Bo Yuchan ,傳,海瓊,如晦、紫清、白叟,,fl. 1194-1229,2,Alchemy,,,,,,
DZ0914,金華沖碧丹經祕旨,彭耜,,,,傳,Alchemy,,,,,,金華沖碧丹經祕旨,Jinhua chongbi danjing bizhi ,彭耜,Peng Si ,傳,鶴林真逸,,,1185-1251,2,Alchemy,,,,,,
DZ0914,金華沖碧丹經祕旨,蘭元白,,,,傳,Alchemy,,,,,,金華沖碧丹經祕旨,Jinhua chongbi danjing bizhi ,蘭元白,Lan Yuanbo,傳,,,,,2,Alchemy,,,,,,
DZ0914,金華沖碧丹經祕旨,孟煦,,,,序,Alchemy,,,,,,金華沖碧丹經祕旨,Jinhua chongbi danjing bizhi ,孟煦,Meng Xu,序,,,,dated 1225,2,Alchemy,,,,,,
DZ0915,還丹肘後訣,,,,,,Neidan and Yangsheng,General Works and Manuals,,Tenth or eleventh century,901,1100,還丹肘後訣,Huandan zhouhou jue ,,,,,,,,3,Neidan and Yangsheng,General Works and Manuals,,,,,
DZ0916,蓬萊山西灶還丹歌,黃玄鍾,,,,撰,Alchemy,Laboratory Alchemy,,Tang,618,907,蓬萊山西灶還丹歌,Penglai shan xizao huandan ge ,黃玄鍾,Huang Xuanzhong ,撰,,,,,2,Alchemy,Laboratory Alchemy,,,,,
DZ0917,抱朴子神仙金汋經,葛洪,,,,撰,Alchemy,-,,From the Han to the Six Dynasties ,-206,450,抱朴子神仙金汋經,Baopu zi shenxian jinzhuo jing,葛洪,Ge Hong ,撰,抱朴,稚川,,283-343,3,Alchemy,-,,,,DZTK,
DZ0918,諸家神品丹法,孟要甫,,,,編、纂,Alchemy,,,Song,960,1279,諸家神品丹法,Zhujia shenpin danfa ,孟要甫,Meng Yaofu ,編、纂,玄真子,,,,6,Alchemy,,,,,,
DZ0919,鉛汞甲庚至寶集成,,,,,,Alchemy,Laboratory Alchemy,,Tang,618,907,鉛汞甲庚至寶集成,Qiangong jiageng zhibao jicheng ,,,,,,,,5,Alchemy,Laboratory Alchemy,,,,,
DZ0920,丹房奧論,程了一,,,,撰,Alchemy,,,,1020,,丹房奧論,Danfang aolun ,程了一,Cheng Liaoyi ,撰,學仙子,,,,1,Alchemy,,,,,,
DZ0921,指歸集,吳悞,,,,撰,Alchemy,,,,1163,,指歸集,Zhigui ji ,吳悞,Wu Wu ,撰,自然子,,,,1,Alchemy,,,,,,
DZ0922,還金述,陶埴,,,,撰,Alchemy,Inner Alchemy,,,825,,還金述,Huanjin shu ,陶埴,Tao Zhi ,撰,,,,d. 825,1,Alchemy,Inner Alchemy,,,,,
DZ0923,大丹鉛汞論,金竹坡,,,,撰,Alchemy,,,Eleventh century or later,1001,1100,大丹鉛汞論,Dadan qiangong lun ,金竹坡,Jin Zhupo,撰,,,,,1,Alchemy,,,,,,
DZ0924,真元妙道要略,鄭隱,,,,撰,Alchemy,Inner Alchemy,,Five Dynasties,907,960,真元妙道要略,Zhenyuan miaodao yaolüe ,鄭隱,Zheng Yin ,撰,,思遠,,,1,Alchemy,Inner Alchemy,,,,,
DZ0925,丹方鑑源,獨孤滔,,,,撰,Alchemy,Laboratory Alchemy,,,836,,丹方鑑源,Danfang jianyuan ,獨孤滔,Du Gutao ,撰,紫閣山叟,,,,3,Alchemy,Laboratory Alchemy,,,,,
DZ0926,大還丹照鑑,,,,,,Alchemy,Inner Alchemy,,,962,,大還丹照鑑,Da huandan zhaojian ,,,,,,,,1,Alchemy,Inner Alchemy,,,,,
DZ0927,太清玉碑子,,,,,,Alchemy,,,,,,太清玉碑子,Taiqing yubei zi ,,,,,,,,1,Alchemy,,,,,,
DZ0928,懸解錄,,,,,,Alchemy,Laboratory Alchemy,,,855,,懸解錄,Xuanjie lu ,,,,,,,,1,Alchemy,Laboratory Alchemy,,,,,
DZ0929,軒轅黃帝水經藥法,,,,,,Alchemy,Laboratory Alchemy,,Five Dynasties,907,960,軒轅黃帝水經藥法,Xuanyuan huangdi shuijing yaofa ,,,,,,,,1,Alchemy,Laboratory Alchemy,,,,,
DZ0930,三十六水法,劉安,壽春,"32,5747","116,7861",撰,Alchemy,-,,,-179,-122,三十六水法,Sanshiliu shuifa,劉安,Liu An,撰,,,, -179-122,1,Alchemy,-,,壽春,PL000000016358,DZTK 101. Not definite attribution.  Likely took its current shape in the Song. Ding Xun: Daoist Canon attributes to 2 different authors according to different tradition. ,
DZ0930,三十六水法,陶弘景,,,,撰,Alchemy,-,,,456,536,三十六水法,Sanshiliu shuifa,陶弘景,Tao Hongjing,撰,華陽隱居,通明,,456-536,1,Alchemy,-,,,,,
DZ0931,巨勝歌,柳沖用,,,,撰,Alchemy,Inner Alchemy,,,,,巨勝歌,Jusheng ge ,柳沖用,Liu Chongyong,撰,玄明子,,,,1,Alchemy,Inner Alchemy,,,,,
DZ0932,白雲仙人靈草歌,,,,,,Medicine and Pharmacology,,,Tang (618-907) or Five Dynasties (907-960),,,白雲仙人靈草歌,Boyun xianren lingcao ge ,,,,,,,,1,Medicine and Pharmacology,,,,,,
DZ0933,種芝草法,,,,,,Medicine and Pharmacology,,,Tang,618,907,種芝草法,Zhong zhicao fa ,,,,,,,,1,Medicine and Pharmacology,,,,,,
DZ0934,太白經,,,,,,Neidan and Yangsheng,General Works and Manuals,,,,,太白經,Taibo jing ,,,,,,,,1,Neidan and Yangsheng,General Works and Manuals,,,,,
DZ0935,丹論訣旨心鑑,張玄德,,,,撰,Alchemy,Inner Alchemy,,Five Dynasties,907,960,丹論訣旨心鑑,Danlun juezhi xinjian ,張玄德,Zhang Xuande ,撰,,,,,1,Alchemy,Inner Alchemy,,,,,
DZ0936,大還心鑑,,,,,,Alchemy,Inner Alchemy,,Five Dynasties,907,960,大還心鑑,Dahuan xinjian ,,,,,,,,1,Alchemy,Inner Alchemy,,,,,
DZ0937,大還丹金虎白龍論,還陽子,,,,撰,Alchemy,Inner Alchemy,,Ninth or tenth century,801,1000,大還丹金虎白龍論,Da huandan jinhu bolong lun ,還陽子,Huanyang zi ,撰,,,,,1,Alchemy,Inner Alchemy,,,,,
DZ0938,大丹篇,,,,,,Alchemy,Laboratory Alchemy,,Tenth century?,901,1000,大丹篇,Dadan pian ,,,,,,,,1,Alchemy,Laboratory Alchemy,,,,,
DZ0939,大丹問答,,,,,,Alchemy,Laboratory Alchemy,,Tang,618,907,大丹問答,Dadan wenda ,,,,,,,,1,Alchemy,Laboratory Alchemy,,,,,
DZ0940,金木萬靈論,葛洪,,,,撰,Alchemy,Laboratory Alchemy,,Tang,618,907,金木萬靈論,Jinmu wanling lun ,葛洪,Ge Hong ,撰,抱朴,稚川,,283-343,1,Alchemy,Laboratory Alchemy,,,,,
DZ0941,紅鉛入黑鉛訣,,,,,,Alchemy,Laboratory Alchemy,,Tang,618,907,紅鉛入黑鉛訣,Hongqian ru heiqian jue ,,,,,,,,1,Alchemy,Laboratory Alchemy,,,,,
DZ0942,通玄祕術,沈知言,,,,編,Alchemy,Laboratory Alchemy,,Late ninth century,851,900,通玄祕術,Tongxuan bishu ,沈知言,Shen Zhiyan ,編,布衣,,,,1,Alchemy,Laboratory Alchemy,,,,,
DZ0943,靈飛散傳信錄,齊推,,,,撰,Alchemy,Laboratory Alchemy,,,812,,靈飛散傳信錄,Lingfei san chuanxin lu ,齊推,Qi Tui,撰,,,,,1,Alchemy,Laboratory Alchemy,,,,,
DZ0944,鴈門公妙解錄,,,,,,Alchemy,Laboratory Alchemy,,Tang,618,907,鴈門公妙解錄,Yanmen gong miaojie lu ,,,,,,,,1,Alchemy,Laboratory Alchemy,,,,,
DZ0945,玄霜掌上錄,,,,,,Alchemy,Laboratory Alchemy,,Tang,618,907,玄霜掌上錄,Xuanshuang zhangshang lu ,,,,,,,,1,Alchemy,Laboratory Alchemy,,,,,
DZ0946,太極真人雜丹藥方,,,,,,Alchemy,Laboratory Alchemy,,Tang,618,907,太極真人雜丹藥方,Taiji zhenren zadan yaofang ,,,,,,,,1,Alchemy,Laboratory Alchemy,,,,,
DZ0947,玉清內書,,,,,,Alchemy,Laboratory Alchemy,,Tang,618,907,玉清內書,Yuqing neishu ,,,,,,,,1,Alchemy,Laboratory Alchemy,,,,,
DZ0948,神仙養生祕術,陳顯微,,,,編,Alchemy,,,,,,神仙養生祕術,Shenxian yangsheng bishu ,陳顯微,Chen Xianwei ,編,抱一子,宗道,,fl. 1223-1254,1,Alchemy,,,,,,
DZ0949,太古土兌經,,,,,,Alchemy,Laboratory Alchemy,,Tang,618,907,太古土兌經,Taigu tudui jing ,,,,,,,,3,Alchemy,Laboratory Alchemy,,,,,
DZ0950,上洞心丹經訣,,,,,,Alchemy,,,Northern Song,960,1127,上洞心丹經訣,Shangdong xindan jingjue ,,,,,,,,3,Alchemy,,,,,,
DZ0951,許真君石函記,許遜,,,,撰,Neidan and Yangsheng,General Works and Manuals,,Southern Song,1127,1279,許真君石函記,Xu zhenjun shihan ji ,許遜,Xu Xun ,撰,仙都太使,敬之、旌陽,,,2,Neidan and Yangsheng,General Works and Manuals,,,,,
DZ0952,九轉流珠神仙九丹經,,,,,,Alchemy,Laboratory Alchemy,,Tang,618,907,九轉流珠神仙九丹經,Jiuzhuan liuzhu shenxian jiudan jing ,,,,,,,,2,Alchemy,Laboratory Alchemy,,,,,
DZ0953,庚道集,,,,,,Alchemy,,,"Southern Song to Yuan (1127-1368), with possible Ming (1368-1644) additions",,,庚道集,Gengdao ji ,,,,,,,,9,Alchemy,,,,,,
DZ0954,太上混元真錄,,,,,,Sacred History and Geography,Sacred Annals and Records,,Tang,618,907,太上混元真錄,Taishang hunyuan zhenlu ,,,,,,,,1,Sacred History and Geography,Sacred Annals and Records,,,,,
DZ0955,終南山祖庭仙真內傳,李道謙,,,,撰,The Quanzhen Order,Hapiography and Biography,,,,,終南山祖庭仙真內傳,Zhongnan shan zuting xianzhen neizhuan ,李道謙,Li Daoqian,撰,和甫,,,,3,The Quanzhen Order,Hapiography and Biography,,,,,
DZ0955,終南山祖庭仙真內傳,王道明,,,,序,The Quanzhen Order,Hapiography and Biography,,,1284,,終南山祖庭仙真內傳,Zhongnan shan zuting xianzhen neizhuan ,王道明,Wang Daoming,序,,,,,3,The Quanzhen Order,Hapiography and Biography,,,,,
DZ0956,終南山說經臺歷代真仙碑記,朱象先,,,,撰,Sacred History and Geography,Hagiographies,,End of thirteenth century,1251,1300,終南山說經臺歷代真仙碑記,Zhongnan shan shuojing tai lidai zhenxian beiji,朱象先,Zhu Xiangxian ,撰,,一虛叟,,,1,Sacred History and Geography,Hagiographies,,,,,
DZ0957,古樓觀紫雲衍慶集,朱象先,,,,撰,Sacred History and Geography,Mountain and Temple Monographs,,,1308,,古樓觀紫雲衍慶集,Gu Louguan ziyun yanqing ji ,朱象先,Zhu Xiangxian ,撰,,一虛叟,,,3,Sacred History and Geography,Mountain and Temple Monographs,,,,,
DZ0958,玄天上帝啟聖錄,,,,,,The Beidi and Xuantian Shangdi Cult,,,Yuan,1279,1368,玄天上帝啟聖錄,Xuantian shangdi qisheng lu ,,,,,,,,8,The Beidi and Xuantian Shangdi Cult,,,,,,
DZ0959,大明玄天上帝瑞應圖錄,,,,,,The Beidi and Xuantian Shangdi Cult,,,,,,大明玄天上帝瑞應圖錄,Da Ming xuantian shangdi ruiying tulu ,,,,,,,,1,The Beidi and Xuantian Shangdi Cult,,,,,,
DZ0960,御製真武廟碑,明成祖,,,,撰,The Beidi and Xuantian Shangdi Cult,,,,1415,,御製真武廟碑,Yuzhi Zhenwu miao bei ,明成祖,Emperor Ming Chengzu ,撰,,,,,1,The Beidi and Xuantian Shangdi Cult,,,,,,
DZ0961,玄天上帝啟聖靈異錄,,,,,,The Beidi and Xuantian Shangdi Cult,,,Ming,1368,1644,玄天上帝啟聖靈異錄,Xuantian shangdi qisheng lingyi lu ,,,,,,,,1,The Beidi and Xuantian Shangdi Cult,,,,,,
DZ0962,武當福地總真集,劉道明,武當山,"32,400756","111,004508",撰,The Beidi and Xuantian Shangdi Cult,,,,1291,,武當福地總真集,Wudang fudi zongzhen ji ,劉道明,Liu Daoming,撰,洞陽子,,,,3,The Beidi and Xuantian Shangdi Cult,,,武當山,PL000000026781,,
DZ0963,武當紀勝集,羅霆震,,,,撰,Sacred History and Geography,Mountain and Temple Monographs,,Yuan,1279,1368,武當紀勝集,Wudang jisheng ji ,羅霆震,Luo Tingzhen ,撰,雲麓樵翁,,,,1,Sacred History and Geography,Mountain and Temple Monographs,,,,,
DZ0964,西川青羊宮碑銘,樂朋龜,,,,撰,Sacred History and Geography,The Zhenyuan ScripturesMountain and Temple Monographs; Epigraphy,,,884,,西川青羊宮碑銘,Xichuan Qingyang gong beiming ,樂朋龜,Yue Penggui ,撰,,,,,1,Sacred History and Geography,The Zhenyuan ScripturesMountain and Temple Monographs; Epigraphy,,,,,
DZ0965,宋東太乙宮碑銘,扈蒙,,,,撰,Sacred History and Geography,Mountain and Temple Monographs,,,984,,宋東太乙宮碑銘,Song dong Taiyi gong beiming ,扈蒙,Hu Meng ,撰,,日用,,,1,Sacred History and Geography,Mountain and Temple Monographs,,,,,
DZ0966,宋西太乙宮碑銘,宋綬,,,,撰,Sacred History and Geography,Mountain and Temple Monographs,,,1029,,宋西太乙宮碑銘,Song xi Taiyi gong beiming ,宋綬,Song Shou,撰,,公垂,,,1,Sacred History and Geography,Mountain and Temple Monographs,,,,,
DZ0967,宋中太乙宮碑銘,呂惠卿,,,,撰,Sacred History and Geography,Mountain and Temple Monographs,,,1074,,宋中太乙宮碑銘,Song zhong Taiyi gong beiming ,呂惠卿,Lü Huiqing ,撰,,吉甫,,1032-1111,1,Sacred History and Geography,Mountain and Temple Monographs,,,,,
DZ0968,龍角山記,,,,,,Sacred History and Geography,Mountain and Temple Monographs,,Later part of the twelfth century,1151,1200,龍角山記,Longjiao shan ji ,,,,,,,,1,Sacred History and Geography,Mountain and Temple Monographs,,,,,
DZ0969,天壇王屋山聖跡記,杜光庭,,,,序,Sacred History and Geography,The Zhenyuan ScripturesMountain and Temple Monographs; Epigraphy,,,,,天壇王屋山聖跡記,Tiantan Wangwu shan shengji ji ,杜光庭,Du Guangting ,序,廣成先生；東瀛子；華頂、天姥峰羽人,賓聖,,850-933,1,Sacred History and Geography,The Zhenyuan ScripturesMountain and Temple Monographs; Epigraphy,,,,,
DZ0970,唐王屋山中巖臺正一先生廟碣,衛𨸦,,,,撰,Sacred History and Geography,The Zhenyuan ScripturesMountain and Temple Monographs; Epigraphy,,,,,唐王屋山中巖臺正一先生廟碣,Tang Wangwu shan Zhongyan tai Zhengyi xiansheng miaojie ,衛𨸦,Wei Ping ,撰,,,,,1,Sacred History and Geography,The Zhenyuan ScripturesMountain and Temple Monographs; Epigraphy,,,,,
DZ0971,唐嵩高山啟母廟碑銘,崔融,,,,撰,Sacred History and Geography,The Zhenyuan ScripturesMountain and Temple Monographs; Epigraphy,,,,,唐嵩高山啟母廟碑銘,Tang Songgao shan Qimu miao beiming ,崔融,Cui Rong,撰,,,,652-703,1,Sacred History and Geography,The Zhenyuan ScripturesMountain and Temple Monographs; Epigraphy,,,,,
DZ0972,宮觀碑誌,,,,,,Sacred History and Geography,Mountain and Temple Monographs,,Ming,1368,1644,宮觀碑誌,Gongguan beizhi,,,,,,,,1,Sacred History and Geography,Mountain and Temple Monographs,,,,,
DZ0973,甘水仙源錄,李道謙,,,,撰,The Quanzhen Order,Hapiography and Biography,,,1289,,甘水仙源錄,Ganshui xianyuan lu ,李道謙,Li Daoqian,撰,和甫,,,,10,The Quanzhen Order,Hapiography and Biography,,,,,
DZ0973,甘水仙源錄,張好古,,,,後記,The Quanzhen Order,Hapiography and Biography,,,,,甘水仙源錄,Ganshui xianyuan lu ,張好古,Zhang Haogu,後記,,,,,10,The Quanzhen Order,Hapiography and Biography,,,,,
DZ0974,太上老君說常清靜經頌註,劉通微,掖城,,,撰,Philosophy,"Commentaries on Zhengyi, Shangqing, and Lingbao Scriptures",,,,,太上老君說常清靜經頌註,Taishang laojun shuo chang qingjing jing songzhu ,劉通微,Liu Tongwei,撰,默然子,,,1167-1196,1,Philosophy,"Commentaries on Zhengyi, Shangqing, and Lingbao Scriptures",,掖城,,,
DZ0975,北斗七元金玄羽章,,,,,,Philosophy,"Commentaries on Zhengyi, Shangqing, and Lingbao Scriptures",,,,,北斗七元金玄羽章,Beidou qiyuan jinxuan yuzhang ,,,,,,,,1,Philosophy,"Commentaries on Zhengyi, Shangqing, and Lingbao Scriptures",,,,,
DZ0976,太上洞神五星讚,張衡,,,,撰,Sanhuang Scriptures and Rituals,,,,,,太上洞神五星讚,Taishang dongshen wuxing zan ,張衡,Zhang Heng,撰,,平子,,78-139,1,Sanhuang Scriptures and Rituals,,,,,,
DZ0977,道德篇章玄頌,宋鸞,,,,撰,Philosophy,Commentaries on Ancient Philosophers,,Tang,618,907,道德篇章玄頌,Daode pianzhang xuansong ,宋鸞,Song Luan ,撰,,,,,2,Philosophy,Commentaries on Ancient Philosophers,,,,,
DZ0978,道德真經頌,蔣融庵,,,,撰,Philosophy,Commentaries on Ancient Philosophers,The Daodejing,Ming,1368,1644,道德真經頌,Daode zhenjing song ,蔣融庵,Jiang Rongan ,撰,,,,,1,Philosophy,Commentaries on Ancient Philosophers,The Daodejing,,,,
DZ0979,明真破妄章頌,張繼先,,,,撰,Shenxiao Fa and Related Thunder Rites,,,,,,明真破妄章頌,Mingzhen powang zhangsong ,張繼先,Zhang Jixian,撰,續靜真人,,,1092-1126,1,Shenxiao Fa and Related Thunder Rites,,,,,,
DZ0980,諸真歌頌,,,,,,Dongzhen Division,"Manuals, Anthologies, and Encyclopedias",Liturgy,Tang,618,907,諸真歌頌,Zhuzhen gesong ,,,,,,,,1,Dongzhen Division,"Manuals, Anthologies, and Encyclopedias",Liturgy,,,,
DZ0981,大明御製玄教樂章,,,,,,Shangqing,Hymnology,,First half of the fifteenth century,1401,1450,大明御製玄教樂章,Da Ming yuzhi xuanjiao yuezhang ,,,,,,,,1,Shangqing,Hymnology,,,,,
DZ0982,太上三洞表文,,,,,,Lingbao,Manuals,,Ming,1368,1644,太上三洞表文,Taishang sandong biaowen ,,,,,,,,3,Lingbao,Manuals,,,,,
DZ0983,萃善錄,,,,,,Zhengyi,Miscellanea,,Ming,1368,1644,萃善錄,Cuishan lu ,,,,,,,,2,Zhengyi,Miscellanea,,,,,
DZ0984,玄精碧匣靈寶聚玄經,,,,,,Divination and Numerology,,,Song,960,1279,玄精碧匣靈寶聚玄經,Xuanjing bixia lingbao juxuan jing ,,,,,,,,3,Divination and Numerology,,,,,,
DZ0985,太上洞玄靈寶三一五氣真經,,,,,,Lingbao Canon,Other Early Lingbao Scriptures,,Six Dynasties,220,589,太上洞玄靈寶三一五氣真經,Taishang dongxuan lingbao sanyi wuqi zhenjing,,,,,,,,1,Lingbao Canon,Other Early Lingbao Scriptures,,,,,
DZ0986,太上清靜元洞真文玉字妙經,,,,,,The Zhenyuan Scriptures,,,,,,太上清靜元洞真文玉字妙經,Taishang qingjing yuandong zhenwen yuzi miaojing ,,,,,,,,1,The Zhenyuan Scriptures,,,,,,
DZ0987,太上洞玄靈寶天關經,,,,,,Lingbao,Scriptures,Medium-Length Scriptures,Tang,618,907,太上洞玄靈寶天關經,Taishang dongxuan lingbao tianguan jing ,,,,,,,,1,Lingbao,Scriptures,Medium-Length Scriptures,,,,
DZ0988,上清無英真童合遊內變玉經,,,,,,Shangqing,Scriptures,,,,,上清無英真童合遊內變玉經,Shangqing wuying zhentong heyou neibian yujing ,,,,,,,,1,Shangqing,Scriptures,,,,,
DZ0989,上清神寶洞房真諱上經,,,,,,Shangqing,Scriptures,,,,,上清神寶洞房真諱上經,Shangqing shenbao dongfang zhenhui shangjing ,,,,,,,,1,Shangqing,Scriptures,,,,,
DZ0990,洞玄靈寶九真人五復三歸行道觀門經,,,,,,Lingbao,Scriptures,Medium-Length Scriptures,Tang,618,907,洞玄靈寶九真人五復三歸行道觀門經,Dongxuan lingbao jiu zhenren wufu sangui xingdao guanmen jing ,,,,,,,,1,Lingbao,Scriptures,Medium-Length Scriptures,,,,
DZ0991,太上長文大洞靈寶幽玄上品妙經,,,,,,Neidan and Yangsheng,The Zhong-Lü Tradition,,,,,太上長文大洞靈寶幽玄上品妙經,Taishang changwen dadong lingbao youxuan shangpin miaojing ,,,,,,,,1,Neidan and Yangsheng,The Zhong-Lü Tradition,,,,,
DZ0992,太上長文大洞靈寶幽玄上品妙經發揮,,,,,,Neidan and Yangsheng,The Zhong-Lü Tradition,,,,,太上長文大洞靈寶幽玄上品妙經發揮,Taishang changwen dadong lingbao youxuan shangpin miaojing fahui ,,,,,,,,1,Neidan and Yangsheng,The Zhong-Lü Tradition,,,,,
DZ0993,上清祕道九精回曜合神上真玉經,,,,,,Shangqing,Scriptures,,,,,上清祕道九精回曜合神上真玉經,Shangqing bidao jiujing huiyao heshen shangzhen yujing ,,,,,,,,1,Shangqing,Scriptures,,,,,
DZ0994,上清太淵神龍瓊胎乘景上玄玉章,,,,,,Shangqing,Scriptures,,,,,上清太淵神龍瓊胎乘景上玄玉章,Shangqing taiyuan shenlong qiongtai chengjing shangxuan yuzhang ,,,,,,,,1,Shangqing,Scriptures,,,,,
DZ0995,淵源道妙洞真繼篇,李景元,,,,撰,The Zhenyuan Scriptures,,,,,,淵源道妙洞真繼篇,Yuanyuan daomiao dongzhen jipian ,李景元,Li Jingyuan ,撰,,,,,3,The Zhenyuan Scriptures,,,,,,
DZ0996,古文龍虎經註疏,王道,,,,撰,Philosophy,Commentaries on the Zhouyi cantong qi and Related Scriptures,,,,,古文龍虎經註疏,Guwen longhu jing zhushu ,王道,Wang Dao ,撰,,,,,3,Philosophy,Commentaries on the Zhouyi cantong qi and Related Scriptures,,,,,
DZ0997,古文龍虎上經註,,,,,,Philosophy,Commentaries on the Zhouyi cantong qi and Related Scriptures,,Song,960,1279,古文龍虎上經註,Guwen longhu shangjing zhu ,,,,,,,,1,Philosophy,Commentaries on the Zhouyi cantong qi and Related Scriptures,,,,,
DZ0998,讀龍虎經,,,,,,Philosophy,Commentaries on the Zhouyi cantong qi and Related Scriptures,,Song,960,1279,讀龍虎經,Du longhu jing ,,,,,,,,1,Philosophy,Commentaries on the Zhouyi cantong qi and Related Scriptures,,,,,
DZ0999,周易參同契,陰長生,,,,撰,Philosophy,2.A.1.d Commentaries on the Zhouyi cantong qi and Related Scriptures,,Tang,618,907,周易參同契,Zhouyi cantong qi ,陰長生,Yin Changsheng,撰,,,,206 B.C.-A.D. 9,3,Philosophy,2.A.1.d Commentaries on the Zhouyi cantong qi and Related Scriptures,,,,,
DZ1000,周易參同契註,,,,,,Philosophy,Commentaries on the Zhouyi cantong qi and Related Scriptures,,Twelfth century or later,1101,1200,周易參同契註,Zhouyi cantong qi zhu ,,,,,,,,3,Philosophy,Commentaries on the Zhouyi cantong qi and Related Scriptures,,,,,
DZ1001,周易參同契,朱熹alias 空洞道士鄒訢,,,,撰,Philosophy,"3.A.1.c Commentaries on the Zhouyi cantong qi
and Related Scriptures",,,,,周易參同契,Zhouyi cantong qi ,朱熹alias 空洞道士鄒訢,Zhu Xi,撰,,,,1130-1200,3,Philosophy,"3.A.1.c Commentaries on the Zhouyi cantong qi
and Related Scriptures",,,,,
DZ1001,周易參同契,黃瑞節,,,,編,Philosophy,"3.A.1.c Commentaries on the Zhouyi cantong qi
and Related Scriptures",,,,,周易參同契,Zhouyi cantong qi ,黃瑞節,Huang Ruijie,編,,,,,3,Philosophy,"3.A.1.c Commentaries on the Zhouyi cantong qi
and Related Scriptures",,,,,
DZ1002,周易參同契分章通真義,彭曉,,,,撰,Philosophy,2.A.1.d Commentaries on the Zhouyi cantong qi and Related Scriptures,,,947,,周易參同契分章通真義,Zhouyi cantong qi fenzhang tongzhen yi ,彭曉,Peng Xiao,撰,真一,秀川,,955,3,Philosophy,2.A.1.d Commentaries on the Zhouyi cantong qi and Related Scriptures,,,,,
DZ1003,周易參同契鼎器歌明鏡圖,彭曉,,,,撰,Philosophy,2.A.1.d Commentaries on the Zhouyi cantong qi and Related Scriptures,,,947,,周易參同契鼎器歌明鏡圖,Zhouyi cantong qi dingqi ge mingjing tu ,彭曉,Peng Xiao,撰,真一,秀川,,955,1,Philosophy,2.A.1.d Commentaries on the Zhouyi cantong qi and Related Scriptures,,,,,
DZ1004,周易參同契註,,,,,,Philosophy,2.A.1.d Commentaries on the Zhouyi cantong qi and Related Scriptures,,Five Dynasties ,907,960,周易參同契註,Zhouyi cantong qi zhu ,,,,,,,,2,Philosophy,2.A.1.d Commentaries on the Zhouyi cantong qi and Related Scriptures,,,,,
DZ1005,周易參同契發揮,俞琰,,,,撰、序,Philosophy,Commentaries on the Zhouyi cantong qi and Related Scriptures,,,128,,周易參同契發揮,Zhouyi cantong qi fahui ,俞琰,Yu Yan,撰、序,全陽子、林屋山人、石洞道人,玉吾,,1258-1314,9,Philosophy,Commentaries on the Zhouyi cantong qi and Related Scriptures,,,,,
DZ1005,周易參同契發揮,阮登炳,,,,序,Philosophy,Commentaries on the Zhouyi cantong qi and Related Scriptures,,,,,周易參同契發揮,Zhouyi cantong qi fahui ,阮登炳,Ruan Dengbing,序,,,,1284,9,Philosophy,Commentaries on the Zhouyi cantong qi and Related Scriptures,,,,,
DZ1005,周易參同契發揮,張與才,,,,序,Philosophy,Commentaries on the Zhouyi cantong qi and Related Scriptures,,,,,周易參同契發揮,Zhouyi cantong qi fahui ,張與才,Zhang Yucai,序,,,,1310,9,Philosophy,Commentaries on the Zhouyi cantong qi and Related Scriptures,,,,,
DZ1005,周易參同契發揮,杜道堅,,,,序,Philosophy,Commentaries on the Zhouyi cantong qi and Related Scriptures,,,,,周易參同契發揮,Zhouyi cantong qi fahui ,杜道堅,Du Daojian ,序,南谷子、輔教大師,處逸,,1237-1318,9,Philosophy,Commentaries on the Zhouyi cantong qi and Related Scriptures,,,,,
DZ1006,周易參同契釋疑,俞琰,,,,撰,Philosophy,Commentaries on the Zhouyi cantong qi and Related Scriptures,,,1281,,周易參同契釋疑,Zhouyi cantong qi shiyi ,俞琰,Yu Yan,撰,全陽子、林屋山人、石洞道人,玉吾,,1258-1314,1,Philosophy,Commentaries on the Zhouyi cantong qi and Related Scriptures,,,,,
DZ1007,周易參同契解,陳顯微,佑聖觀，臨安,,,撰,Philosophy,Commentaries on the Zhouyi cantong qi and Related Scriptures,,,1234,,周易參同契解,Zhouyi cantong qi jie ,陳顯微,Chen Xianwei ,撰,抱一子,宗道,,fl. 1223-1254,3,Philosophy,Commentaries on the Zhouyi cantong qi and Related Scriptures,,佑聖觀，臨安,,,
DZ1008,周易參同契,儲華谷,,,,撰,Philosophy,Commentaries on the Zhouyi cantong qi and Related Scriptures,,Southern Song ,1127,1279,周易參同契,Zhouyi cantong qi ,儲華谷,Chu Huagu ,撰,,,,,3,Philosophy,Commentaries on the Zhouyi cantong qi and Related Scriptures,,,,,
DZ1009,易外別傳,俞琰,,,,撰,Divination and Numerology,,,,1284,,易外別傳,Yiwai biezhuan ,俞琰,Yu Yan,撰,全陽子、林屋山人、石洞道人,玉吾,,1258-1314,25,Divination and Numerology,,,,,,
DZ1010,玄牝之門賦,俞琰,,,,撰,Divination and Numerology,,,,1284,1296,玄牝之門賦,Xuanpin zhi men fu ,俞琰,Yu Yan,撰,全陽子、林屋山人、石洞道人,玉吾,,1258-1314,1,Divination and Numerology,,,,,,
DZ1011,易筮通變,雷思齊,,,,撰,Divination and Numerology,,,,,,易筮通變,Yishi tongbian ,雷思齊,Lei Siqi ,撰,,,,1223-1301,3,Divination and Numerology,,,,,,
DZ1012,空山先生易圖通變序,雷思齊,,,,撰,Divination and Numerology,,,,1300,,空山先生易圖通變序,Kongshan xiansheng Yitu tongbian xu ,雷思齊,Lei Siqi ,撰,,,,,1,Divination and Numerology,,,,,,
DZ1013,河圖,,,,,,Divination and Numerology,,,,,,河圖,Hetu ,,,,,,,,1,Divination and Numerology,,,,,,
DZ1014,易圖通變,雷思齊,,,,撰,Divination and Numerology,,,,,1330,易圖通變,Yitu tongbian ,雷思齊,Lei Siqi ,撰,,,,,5,Divination and Numerology,,,,,,
DZ1015,金鎖流珠引,李淳風,,,,撰,Tianxin Zhengfa and Related Rites,,,,,,金鎖流珠引,Jinsuo liuzhu yin ,李淳風,Li Chunfeng ,撰,,,,602-670,29,Tianxin Zhengfa and Related Rites,,,,,,
DZ1016,真誥,陶弘景,局容,,,纂、注,Shangqing,Anthologies,,,,499,真誥,Zhen'gao,陶弘景,Tao Hongjing,纂、注,華陽隱居,通明,,456-536,20,Shangqing,Anthologies,,局容,,,
DZ1016,真誥,高似孫,,,,序,Shangqing,Anthologies,,,1223,,真誥,Zhen'gao,高似孫,Gao Sisun,序,,,,,20,Shangqing,Anthologies,,,,,
DZ1017,道樞,曾慥,,,,纂,Neidan and Yangsheng,General Works and Manuals,,,1151,,道樞,Daoshu ,曾慥,Zeng Zao,纂,至游、至淑,端伯,,1091-1155,42,Neidan and Yangsheng,General Works and Manuals,,,,,
DZ1018,黃帝內經素問補註釋文,王冰,,,,注、編、序,Medicine and Pharmacology,-,,,762,,黃帝內經素問補註釋文,Huangdi neijing suwen buzhu shiwen ,王冰,Wang Bing ,注、編、序,啓玄子,,,762,50,Medicine and Pharmacology,-,,,,MSB,
DZ1018,黃帝內經素問補註釋文,林億 and others,,,,校正,Medicine and Pharmacology,-,,,1058,1064,黃帝內經素問補註釋文,Huangdi neijing suwen buzhu shiwen ,林億 and others,Lin Yi and others,校正,,,,1058-1064,50,Medicine and Pharmacology,-,,,,,
DZ1018,黃帝內經素問補註釋文,孫兆,,,,校正,Medicine and Pharmacology,-,,,,,黃帝內經素問補註釋文,Huangdi neijing suwen buzhu shiwen ,孫兆,Sun Zhao,校正,,,,,50,Medicine and Pharmacology,-,,,,,
DZ1019,黃帝內經靈樞略,,,,,,Medicine and Pharmacology,,,,,,黃帝內經靈樞略,Huangdi neijing lingshu lüe ,,,,,,,,1,Medicine and Pharmacology,,,,,,
DZ1020,黃帝素問靈樞集註,史崧,,,,編、序,Medicine and Pharmacology,-,,,1155,,黃帝素問靈樞集註,Huangdi suwen lingshu jizhu,史崧,Shi Song,編、序,,,,,23,Medicine and Pharmacology,-,,,,MSB,
DZ1021,黃帝內經素問遺篇,,,,,,Medicine and Pharmacology,,,,,,黃帝內經素問遺篇,Huangdi neijing suwen yipian ,,,,,,,,5,Medicine and Pharmacology,,,,,,
DZ1022,素問入式運氣論奧,劉溫舒,,,,撰,Medicine and Pharmacology,,,,1099,,素問入式運氣論奧,Suwen rushi yunqi lun'ao ,劉溫舒,Liu Wenshu ,撰,,,,,3,Medicine and Pharmacology,,,,,,
DZ1023,素問六氣玄珠密語,王冰,,,,撰,Medicine and Pharmacology,,,,762,,素問六氣玄珠密語,Suwen liuqi xuanzhu miyu ,王冰,Wang Bing ,撰,啓玄子,,,fl. 762,17,Medicine and Pharmacology,,,,,,
DZ1024,黃帝八十一難經纂圖句解,李駉,,,,撰,Medicine and Pharmacology,,,,1269,,黃帝八十一難經纂圖句解,Huangdi bashiyi nan jing zuantu jujie ,李駉,Li Jiong,撰,唏范子,子埜,,,7,Medicine and Pharmacology,,,,,,
DZ1025,鬼谷子,鬼谷子,登封,"34,45511","113,03374",撰,Philosophy,Texts,,,-400,-300,鬼谷子,Guigu zi ,鬼谷子,Gui Guzi,撰,,,,,3,Philosophy,Texts,,登封,PL000000023289,DZTK 66,
DZ1026,天隱子,司馬承禎,,,,撰,Philosophy,Tang Philosophical Texts (General) ,,,,,天隱子,Tianyin zi ,司馬承禎,Sima Chengzhen ,撰,白雲子,子微,貞一,647-735,1,Philosophy,Tang Philosophical Texts (General) ,,,,,
DZ1027,素履子,張弧,,,,撰,Philosophy,Tang Philosophical Texts (General) ,,Tang ,618,907,素履子,Sulü zi ,張弧,Zhang Hu ,撰,,,,,3,Philosophy,Tang Philosophical Texts (General) ,,,,,
DZ1028,無能子,,,,,,Philosophy,Tang Philosophical Texts (General) ,,,887,,無能子,Wuneng zi ,,,,,,,,3,Philosophy,Tang Philosophical Texts (General) ,,,,,
DZ1029,玄真子外篇,張志和,,,,撰,Philosophy,Tang Philosophical Texts (General) ,,,,,玄真子外篇,Xuanzhen zi waipian ,張志和,Zhang Zhihe ,撰,,,,fl. 757-762,3,Philosophy,Tang Philosophical Texts (General) ,,,,,
DZ1030,劉子,袁孝政,,,,注,Philosophy,Tang Philosophical Texts (General) ,,,,,劉子,Liuzi ,袁孝政,Yuan Xiaozheng,注,,,,,10,Philosophy,Tang Philosophical Texts (General) ,,,,,
DZ1031,山海經,,,,,,Sacred History and Geography ,Mythology and Hagiography,,Probably fourth century B.C.,-400,-300,山海經,Shanhai jing,,,,,,,,18,Sacred History and Geography ,Mythology and Hagiography,,,,,
DZ1031,山海經,郭璞,,,,注,Sacred History and Geography ,Mythology and Hagiography,,,,,山海經,Shanhai jing,郭璞,Guo Pu,注,,,,276-324,18,Sacred History and Geography ,Mythology and Hagiography,,,,,
DZ1031,山海經,劉歆,,,,編,Sacred History and Geography ,Mythology and Hagiography,,,,,山海經,Shanhai jing,劉歆,Liu Xin,編,,,,d. 23 B.C.,18,Sacred History and Geography ,Mythology and Hagiography,,,,,
DZ1032,雲笈七籤,張君房,,,,纂,Handbooks and Anthologies,,,,,,雲笈七籤,Yunji qiqian ,張君房,Zhang Junfang,纂,,尹房,,fl. 1008-1025,122,Handbooks and Anthologies,,,,,,
DZ1032.105,清靈真人裴君傳,鄭雲子,,,,撰,Shangqing,Early Shangqing Haiographies,,Six Dynasties,220,589,清靈真人裴君傳,Qingling zhenren Pei jun zhuan,鄭雲子,Zheng Yunzi,撰,,,,,1,Shangqing,Early Shangqing Haiographies,,,,,
DZ1032.27,天地宮府圖,司馬承禎,,,,撰,Sacred History and Geography,Sacred Annals and Records,,,,,天地宮府圖,Tiandi gongfu tu ,司馬承禎,Sima Chengzhen ,撰,白雲子,子微,貞一,647-735,1,Sacred History and Geography,Sacred Annals and Records,,,,,
DZ1032.28,二十四治,,,,,,The Orthodox One Way of the Heavenly Master ,Liturgical Organization,,Seventh to tenth century,601,1000,二十四治,Ershishi zhi ,,,,,,,,1,The Orthodox One Way of the Heavenly Master ,Liturgical Organization,,,,,
DZ1032.56,元氣論,,,,,,Yangsheng,Miscellaneous Practices,,Tang,618,907,元氣論,Yuanqi lun ,,,,,,,,1,Yangsheng,Miscellaneous Practices,,,,,
DZ1033,至言總,范翛然,,,,撰,Handbooks and Encyclopedias,,,Late Tang,764,907,至言總,Zhiyan zong ,范翛然,Fan Xiaoran ,撰,,,,,5,Handbooks and Encyclopedias,,,,,,
DZ1034,太玄寶典,,,,,,Neidan and Yangsheng,General Works and Manuals,,Song,960,1279,太玄寶典,Taixuan baodian ,,,,,,,,3,Neidan and Yangsheng,General Works and Manuals,,,,,
DZ1035,道體論,通玄先生,,,,傳,Philosophy,Tang Philosophical Texts (General) ,,Tenth century?,901,1000,道體論,Daoti lun ,通玄先生,Tongxuan xiansheng ,傳,,,,,1,Philosophy,Tang Philosophical Texts (General) ,,,,,
DZ1036,坐忘論,司馬承禎,,,,撰,Philosophy,Tang Philosophical Texts (General) ,,,,,坐忘論,Zuowang lun ,司馬承禎,Sima Chengzhen ,撰,白雲子,子微,貞一,647-735,1,Philosophy,Tang Philosophical Texts (General) ,,,,,
DZ1037,大道論,周固樸,,,,撰,Philosophy,Treatises and Essays,,Song,960,1279,大道論,Dadao lun ,周固樸,Zhou Gupu ,撰,,,,,1,Philosophy,Treatises and Essays,,,,,
DZ1038,心目論,,,,,,Philosophy,Tang Philosophical Texts (General) ,,,,,心目論,Xinmu lun ,,,,,,,,1,Philosophy,Tang Philosophical Texts (General) ,,,,,
DZ1039,三論元旨,,,,,,Philosophy,Tang Philosophical Texts (General) ,,Late Tang (618-907) or Five Dynasties (907-960)?,,,三論元旨,Sanlun yuanzhi ,,,,,,,,1,Philosophy,Tang Philosophical Texts (General) ,,,,,
DZ1040,皇極經世,邵雍,,,,撰,Divination and Numerology,,,,,,皇極經世,Huangji jingshi ,邵雍,Shao Yong ,撰,康節,堯夫,,1012-1077,12,Divination and Numerology,,,,,,
DZ1041,靈棋本章正經,顏幼明,,,,注,Divination,-,,Jin ,265,420,靈棋本章正經,Lingqi benzhang zhengjing,顏幼明,Yan Youming,注,,,,265-420,2,Divination,-,,,,"DZTK.82-84. 顏幼明： 注,265-420 晉； 何成天：注,370-447. Other commentaries and prefaces dated to post-Six Dynasties.",
DZ1041,靈棋本章正經,何成天,,,,注,Divination,-,,Liu Song Dynasty,370,447,靈棋本章正經,Lingqi benzhang zhengjing,何成天,He Chengtian,注,,,,370-447,2,Divination,-,,,,,
DZ1041,靈棋本章正經,劉基,,,,解,Divination,-,,,1311,1375,靈棋本章正經,Lingqi benzhang zhengjing,劉基,Liu Ji,解,,,,1311-1375,2,Divination,-,,,,,
DZ1041,靈棋本章正經,李遠,,,,序,Divination,-,,Tang period,618,907,靈棋本章正經,Lingqi benzhang zhengjing,李遠,Li Yuan,序,,,,,2,Divination,-,,,,,
DZ1041,靈棋本章正經,王胤,,,,序,Divination,-,,,,,靈棋本章正經,Lingqi benzhang zhengjing,王胤,Wang Yin,序,,,,,2,Divination,-,,,,,
DZ1042,伊川擊壤集,邵雍,,,,撰,Collectanea,Collected Works,,,,,伊川擊壤集,Yichuan jirang ji ,邵雍,Shao Yong ,撰,康節,堯夫,,1012-1077,20,Collectanea,Collected Works,,,,,
DZ1043,太上修真玄章,,,,,,Neidan and Yangsheng,General Works and Manuals,,Yuan ,1279,1368,太上修真玄章,Tai shang xiuzhen xuanzhang ,,,,,,,,1,Neidan and Yangsheng,General Works and Manuals,,,,,
DZ1044,化書,覃峭,,,,撰,Philosophy,Tang Philosophical Texts (General) ,,,,,化書,Huashu ,覃峭,Tan Qiao ,撰,,景昇,,fl. ca. 880-950,6,Philosophy,Tang Philosophical Texts (General) ,,,,,
DZ1045,海客論,,,,,,Philosophy,Tang Philosophical Texts (General) ,,,,,海客論,Haike lun ,,,,,,,,1,Philosophy,Tang Philosophical Texts (General) ,,,,,
DZ1046,悟玄篇,余洞真,,,,撰,Neidan and Yangsheng,General Works and Manuals,,,1229,,悟玄篇,Wuxuan pian ,余洞真,Yu Dongzhen,撰,,,,,1,Neidan and Yangsheng,General Works and Manuals,,,,,
DZ1047,太虛心淵篇,,,,,,Philosophy,Treatises and Essays,,,,,太虛心淵篇,Taixu xinyuan pian ,,,,,,,,1,Philosophy,Treatises and Essays,,,,,
DZ1048,玄珠錄,王暉,,,,撰,Philosophy,Tang Philosophical Texts (General) ,,,,,玄珠錄,Xuanzhu lu ,王暉,Wang Hui,撰,玄覽,,,626-697,2,Philosophy,Tang Philosophical Texts (General) ,,,,,
DZ1048,玄珠錄,王大霄,,,,纂,Philosophy,Tang Philosophical Texts (General) ,,,,,玄珠錄,Xuanzhu lu ,王大霄,Wang Daxiao,纂,,太霄,,b. ca. 671,2,Philosophy,Tang Philosophical Texts (General) ,,,,,
DZ1049,雲宮法語,汪可孫,,,,撰,Philosophy,"Commentaries on Zhengyi, Shangqing, and Lingbao Scriptures",,,1298,,雲宮法語,Yungong fayu ,汪可孫,Wang Kesun ,撰,,,,,2,Philosophy,"Commentaries on Zhengyi, Shangqing, and Lingbao Scriptures",,,,,
DZ1050,華陽陶隱居集,陶弘景,,,,撰,Collected Works,-,,,456,536,華陽陶隱居集,Huayang Tao yinju ji,陶弘景,Tao Hongjing,撰,華陽隱居,通明,,456-536,2,Collected Works,-,,,,,
DZ1050,華陽陶隱居集,傅霄,,,,纂,Collected Works,-,,,1100,1159,華陽陶隱居集,Huayang Tao yinju ji,傅霄,Fu Xiao,纂,昭臺弟子,,,d. 1159,2,Collected Works,-,,,,,
DZ1050,華陽陶隱居集,陳桷,,,,纂,Collected Works,-,,,1100,1162,華陽陶隱居集,Huayang Tao yinju ji,陳桷,Chen Jue,纂,大洞弟子,,,fl. 1131,2,Collected Works,-,,,,,
DZ1051,宗玄先生文集,吳筠,,,,撰,Collected Works,,,,,,宗玄先生文集,Zongxuan xiansheng wenji ,吳筠,Wu Yun ,撰,洞陽子,貞節,洞陽子、宗玄先生,d.778,3,Collected Works,,,,,,
DZ1052,宗玄先生玄綱論,吳筠,,,,撰,Philosophy,Tang Philosophical Texts (General) ,,,,,宗玄先生玄綱論,Zongxuan xiansheng xuangang lun ,吳筠,Wu Yun ,撰,洞陽子,貞節,洞陽子、宗玄先生,d.778,1,Philosophy,Tang Philosophical Texts (General) ,,,,,
DZ1053,吳尊師傳,權德輿,,,,撰,Philosophy,Tang Philosophical Texts (General) ,,,,,吳尊師傳,Wu zunshi zhuan ,權德輿,Quan Deyu ,撰,,載之,,759-818,1,Philosophy,Tang Philosophical Texts (General) ,,,,,
DZ1054,南統大君內丹九章經,吳筠,,,,撰,Yangsheng,Miscellaneous Practices,,Five Dynasties,907,960,南統大君內丹九章經,Nantong dajun neidan jiuzhang jing ,吳筠,Wu Yun ,撰,洞陽子,貞節,洞陽子、宗玄先生,,1,Yangsheng,Miscellaneous Practices,,,,,
DZ1055,純陽真人渾成集,何志淵,,,,纂,Collectanea,Collected Works,,,1251,,純陽真人渾成集,Chunyang zhenren huncheng ji ,何志淵,He Zhiyuan ,纂,清真道人,,,,2,Collectanea,Collected Works,,,,,
DZ1056,晉真人語錄,,,,,,The Quanzhen Order,Logia and Collected Works,,Thirteenth century,1201,1300,晉真人語錄,Jin zhenren yulu ,,,,,,,,1,The Quanzhen Order,Logia and Collected Works,,,,,
DZ1057,丹陽真人語錄,王頤中,,,,撰,The Quanzhen Order,Logia and Collected Works,,Twelfth century,1101,1200,丹陽真人語錄,Danyang zhenren yulu ,王頤中,Wang Yizhong ,撰,靈隱子,,,,1,The Quanzhen Order,Logia and Collected Works,,,,,
DZ1058,無為清靜長生真人至真語錄,劉處玄,,,,撰,The Quanzhen Order,Logia and Collected Works,,,1202,,無為清靜長生真人至真語錄,Wuwei qingjing Changsheng zhenren zhizhen yulu ,劉處玄,Liu Chuxuan,撰,長生,通妙,,1147-1203,1,The Quanzhen Order,Logia and Collected Works,,,,,
DZ1059,盤山棲雲王真人語錄,論志煥,盤山，山西,,,纂,The Quanzhen Order,Logia and Collected Works,,,1247,,盤山棲雲王真人語錄,Panshan Qiyun Wang zhenren yulu ,論志煥,Lun Zhihuan,纂,,,,,1,The Quanzhen Order,Logia and Collected Works,,盤山，山西,,,
DZ1060,清庵瑩蟾子語錄,柴元皋 and others,,,,撰,The Quanzhen Order,Logia and Collected Works,,,1288,,清庵瑩蟾子語錄,Qing'an Yingchan zi yulu ,柴元皋 and others,Chai Yuangao and others,撰,廣蟾子,嘿庵,,,6,The Quanzhen Order,Logia and Collected Works,,,,,
DZ1060,清庵瑩蟾子語錄,王玠,,,,刊記,The Quanzhen Order,Logia and Collected Works,,,,,清庵瑩蟾子語錄,Qing'an Yingchan zi yulu ,王玠,Wang Jie,刊記,混然子,道淵,,fl. 1331-1380,6,The Quanzhen Order,Logia and Collected Works,,,,,
DZ1061,上清太玄集,侯善淵,,,,撰,Collectanea,Collected Works,,Jurchen Jin,1115,1234,上清太玄集,Shangqing Taixuan ji ,侯善淵,Hou Shanyuan,撰,太玄子,,,,10,Collectanea,Collected Works,,,,,
DZ1062,進洞天海嶽表,,,,,,Sacred History and Geography,Sacred Histories and Records,,,,,進洞天海嶽表,Jin dongtian haiyue biao ,,,,,,,,1,Sacred History and Geography,Sacred Histories and Records,,,,,
DZ1063,洞淵集,李思聰,虔州,"25,8586","115,0101",撰,Sacred History and Geography,Sacred Histories and Records,,,1050,,洞淵集,Dongyuan ji ,李思聰,Li Sicong ,撰,,,,,9,Sacred History and Geography,Sacred Histories and Records,,虔州,PL000000019142,,
DZ1064,洞淵集,長筌子,龜山,"30,514676","117,752884",撰,The Quanzhen Order,Logia and Collected Works,,,,,洞淵集,Dongyuan ji ,長筌子,Changquan zi ,撰,,,,fl. 1231,5,The Quanzhen Order,Logia and Collected Works,,龜山,PL000000015387,,
DZ1065,玄教大公案,苗善時,,,,撰,The Quanzhen Order,Individual Practice,,,,,玄教大公案,Xuanjiao da gongan ,苗善時,Miao Shanshi ,撰,實庵,太素,,fl. 1324,2,The Quanzhen Order,Individual Practice,,,,,
DZ1066,玄宗直指萬法同歸,牧常晁,,,,撰,Collectanea,Collected Works,,,,,玄宗直指萬法同歸,Xuanzong zhizhi wanfa tonggui ,牧常晁,Mu Changchao,撰,,,,,7,Collectanea,Collected Works,,,,,
DZ1067,上陽子金丹大要,陳致虛,,,,撰,The Quanzhen Order,Individual Practice,,,1331,,上陽子金丹大要,Shangyang zi jindan dayao ,陳致虛,Chen Zhixu,撰,上陽子,觀吾,,b.1290,16,The Quanzhen Order,Individual Practice,,,,,
DZ1068,上陽子金丹大要圖,陳致虛,,,,撰,The Quanzhen Order,Individual Practice,,,1331,,上陽子金丹大要圖,Shangyang zi jindan dayao tu ,陳致虛,Chen Zhixu,撰,上陽子,觀吾,,b.1290,1,The Quanzhen Order,Individual Practice,,,,,
DZ1069,上陽子金丹大要列仙誌,陳致虛,,,,撰,The Quanzhen Order,Individual Practice,,,1331,,上陽子金丹大要列仙誌,Shangyang zi jindan dayao liexian zhi ,陳致虛,Chen Zhixu,撰,上陽子,觀吾,,b.1290,1,The Quanzhen Order,Individual Practice,,,,,
DZ1070,上陽子金丹大要仙派,陳致虛,,,,撰,The Quanzhen Order,Individual Practice,,,1331,,上陽子金丹大要仙派,Shangyang zi jindan dayao xianpai ,陳致虛,Chen Zhixu,撰,上陽子,觀吾,,b.1290,1,The Quanzhen Order,Individual Practice,,,,,
DZ1071,原陽子法語,趙宜真,,,,撰,Collectanea,Collected Works,,,,,原陽子法語,Yuanyang zi fayu ,趙宜真,Zhao Yizhen,撰,原陽子,,,1382,2,Collectanea,Collected Works,,,,,
DZ1072,金丹直指,周無所住,永嘉,"28,0169","120,6619",撰,Neidan and Yangsheng,The Wuzhen pian and the Southern School (Nanzong),,,1250,,金丹直指,Jindan zhizhi ,周無所住,Zhou Wusuozhu ,撰,,,,,1,Neidan and Yangsheng,The Wuzhen pian and the Southern School (Nanzong),,永嘉,PL000000012516,,
DZ1073,道禪集,王志坦,,,,撰,The Quanzhen Order,Logia and Collected Works,,,,,道禪集,Daochan ji ,王志坦,Wang Zhitan ,撰,淳和真人,公平,,1200-1272,1,The Quanzhen Order,Logia and Collected Works,,,,,
DZ1074,還真集,王玠,,,,撰,The Quanzhen Order,Logia and Collected Works,,,,,還真集,Huanzhen ji ,王玠,Wang Jie,撰,混然子,道淵,,fl. 1331-1380,3,The Quanzhen Order,Logia and Collected Works,,,,,
DZ1074,還真集,張宇初,,,,序,The Quanzhen Order,Logia and Collected Works,,,1392,,還真集,Huanzhen ji ,張宇初,Zhang Yuchu,序,耆山,子璿,,1361-1410,3,The Quanzhen Order,Logia and Collected Works,,,,,
DZ1075,道玄篇,王玠,,,,撰,The Quanzhen Order,Logia and Collected Works,,Fourteenth century,1301,1400,道玄篇,Daoxuan pian ,王玠,Wang Jie,撰,混然子,道淵,,fl. 1331-1380,1,The Quanzhen Order,Logia and Collected Works,,,,,
DZ1076,隨機應化錄,何道全,,,,撰,The Quanzhen Order,Logia and Collected Works,,,,,隨機應化錄,Suiji yinghua lu ,何道全,He Daoquan,撰,無垢子,,,1399,2,The Quanzhen Order,Logia and Collected Works,,,,,
DZ1076,隨機應化錄,賈道玄,,,,編,The Quanzhen Order,Logia and Collected Works,,,,,隨機應化錄,Suiji yinghua lu ,賈道玄,Jia Daoxuan,編,,,,,2,The Quanzhen Order,Logia and Collected Works,,,,,
DZ1076,隨機應化錄,靈通子,,,,序,The Quanzhen Order,Logia and Collected Works,,,1401,,隨機應化錄,Suiji yinghua lu ,靈通子,Lingtong zi,序,,,,,2,The Quanzhen Order,Logia and Collected Works,,,,,
DZ1077,修練須知,,,,,,The Quanzhen Order,Logia and Collected Works,,Yuan,1279,1368,修練須知,Xiulian xuzhi ,,,,,,,,1,The Quanzhen Order,Logia and Collected Works,,,,,
DZ1078,玉室經,李成之,草潭，德州,,,撰,Neidan and Yangsheng,General Works and Manuals,,Yuan,1279,1368,玉室經,Yushi jing ,李成之,Li Chengzhi ,撰,,,,,1,Neidan and Yangsheng,General Works and Manuals,,草潭，德州,,,
DZ1079,真人高象先金丹歌,高先,,,,撰,Neidan and Yangsheng,General Works and Manuals,,,1014,,真人高象先金丹歌,Zhenren Gao Xiangxian jindan ge ,高先,Gao Xian ,撰,,,,,1,Neidan and Yangsheng,General Works and Manuals,,,,,
DZ1080,金丹真一論,百玄子,,,,撰,Neidan and Yangsheng,General Works and Manuals,,Late Northern Song ,1064,1127,金丹真一論,Jindan zhenyi lun ,百玄子,Bo Xuanzi ,撰,,,,,1,Neidan and Yangsheng,General Works and Manuals,,,,,
DZ1081,金丹四百字,張伯瑞,,,,撰,Neidan and Yangsheng,The Wuzhen pian and the Southern School (Nanzong),,,,,金丹四百字,Jindan sibai zi ,張伯瑞,Zhang Borui ,撰,,,,984-1082,1,Neidan and Yangsheng,The Wuzhen pian and the Southern School (Nanzong),,,,,
DZ1081,金丹四百字,黃自如,,,,注,Neidan and Yangsheng,The Wuzhen pian and the Southern School (Nanzong),,,1241,,金丹四百字,Jindan sibai zi ,黃自如,Huang Ziru,注,,,,,1,Neidan and Yangsheng,The Wuzhen pian and the Southern School (Nanzong),,,,,
DZ1082,龍虎還丹訣頌,林太古,,,,撰,Alchemy,,,Northern Song,960,1127,龍虎還丹訣頌,Longhu huandan jue song ,林太古,Lin Taigu ,撰,,,,,1,Alchemy,,,,,,
DZ1082,龍虎還丹訣頌,谷神子,,,,注,Alchemy,,,,,,龍虎還丹訣頌,Longhu huandan jue song ,谷神子,Gushen zi,注,,,,,1,Alchemy,,,,,,
DZ1083,龍虎元旨,青霞子,,,,撰,Alchemy,Inner Alchemy,,Ninth century or later,801,900,龍虎元旨,Longhu yuanzhi ,青霞子,Qing Xiazi ,撰,,,,,1,Alchemy,Inner Alchemy,,,,,
DZ1084,龍虎還丹訣,李真人,,,,注,Alchemy,,,Northern Song,960,1127,龍虎還丹訣,Longhu huandan jue ,李真人,Li zhenren ,注,,,,,1,Alchemy,,,,,,
DZ1085,內丹祕訣,,,,,,Neidan and Yangsheng,The Zhong-Lü Tradition,,Song,960,1279,內丹祕訣,Neidan bijue ,,,,,,,,1,Neidan and Yangsheng,The Zhong-Lü Tradition,,,,,
DZ1086,漁莊邂逅錄,吳悞,高蓋,"25,889395","118,82679",撰,Alchemy,,,,1187,,漁莊邂逅錄,Yuzhuang xiehou lu ,吳悞,Wu Wu ,撰,自然子,,,,1,Alchemy,,,高蓋,PL000000056853,,
DZ1087,金丹正宗,胡混成,五陵，河南,"35,8587","114,5838",撰,Neidan and Yangsheng,The Zhong-Lü Tradition,,,,,金丹正宗,Jindan zhengzong ,胡混成,Hu Huncheng ,撰,玄學進士,,,,1,Neidan and Yangsheng,The Zhong-Lü Tradition,,五陵，河南,PL000000024127,,
DZ1088,還丹復命篇,薛道光alias 式,,,,撰,Neidan and Yangsheng,The Wuzhen pian and the Southern School (Nanzong),,,1126,,還丹復命篇,Huandan fuming pian ,薛道光alias 式,Xue Daoguang,撰,紫賢、毗陵禪師,道源,,,1,Neidan and Yangsheng,The Wuzhen pian and the Southern School (Nanzong),,,,,
DZ1089,爰清子至命篇,王慶升,,,,撰,Neidan and Yangsheng,The Wuzhen pian and the Southern School (Nanzong),,,1249,,爰清子至命篇,Yuanqing zi zhiming pian ,王慶升,Wang Qingsheng ,撰,爰清子,果齋,,,2,Neidan and Yangsheng,The Wuzhen pian and the Southern School (Nanzong),,,,,
DZ1090,翠虛篇,陳楠,,,,撰,Neidan and Yangsheng,The Wuzhen pian and the Southern School (Nanzong),,,,,翠虛篇,Cuixu pian ,陳楠,Chen Nan ,撰,翠虛翁、泥丸先生,南木,,1213,1,Neidan and Yangsheng,The Wuzhen pian and the Southern School (Nanzong),,,,,
DZ1090,翠虛篇,王思誠,,,,纂,Neidan and Yangsheng,The Wuzhen pian and the Southern School (Nanzong),,,,,翠虛篇,Cuixu pian ,王思誠,Wang Sicheng,纂,,真息子,,1217,1,Neidan and Yangsheng,The Wuzhen pian and the Southern School (Nanzong),,,,,
DZ1091,還源篇,石泰,,,,撰,Neidan and Yangsheng,The Wuzhen pian and the Southern School (Nanzong),,,,,還源篇,Huanyuan pian ,石泰,Shi Tai ,撰,杏林、翠玄子,得之,,1158,1,Neidan and Yangsheng,The Wuzhen pian and the Southern School (Nanzong),,,,,
DZ1092,還丹至藥篇,王賢芝,,,,撰,Neidan and Yangsheng,General Works and Manuals,,Song,960,1279,還丹至藥篇,Huandan zhiyao pian ,王賢芝,Wang Xianzhi ,撰,悟玄子,膺圖,,,1,Neidan and Yangsheng,General Works and Manuals,,,,,
DZ1093,亶甲集,趙民,,,,撰,Neidan and Yangsheng,General Works and Manuals,,Song,960,1279,亶甲集,Danjia ji ,趙民,Zhao Min ,撰,降真子,,,,1,Neidan and Yangsheng,General Works and Manuals,,,,,
DZ1094,金液大丹詩,,,,,,Neidan and Yangsheng,General Works and Manuals,,Song,960,1279,金液大丹詩,Jinyi dadan shi ,,,,,,,,1,Neidan and Yangsheng,General Works and Manuals,,,,,
DZ1095,證道歌,左掌子,,,,撰,Neidan and Yangsheng,The Zhong-Lü Tradition,,Northern Song,960,1127,證道歌,Zhengdao ge ,左掌子,Zuozhang zi ,撰,,,,,1,Neidan and Yangsheng,The Zhong-Lü Tradition,,,,,
DZ1096,陳先生內丹訣,陳朴,,,,撰,Neidan and Yangsheng,Other Neidan Traditions,,,1078,,陳先生內丹訣,Chen xiansheng neidan jue ,陳朴,Chen Pu,撰,,沖用,,,1,Neidan and Yangsheng,Other Neidan Traditions,,,,,
DZ1097,洞元子內丹訣,,,,,,Neidan and Yangsheng,Other Neidan Traditions,,Northern Song,960,1127,洞元子內丹訣,Dongyuan zi neidan jue ,,,,,,,,2,Neidan and Yangsheng,Other Neidan Traditions,,,,,
DZ1098,內丹還元訣,,,,,,Neidan and Yangsheng,General Works and Manuals,,Yuan,1279,1368,內丹還元訣,Neidan huanyuan jue ,,,,,,,,1,Neidan and Yangsheng,General Works and Manuals,,,,,
DZ1099,長生指要篇,林自然,,,,撰,Neidan and Yangsheng,The Wuzhen pian and the Southern School (Nanzong),,,1250,,長生指要篇,Changsheng zhiyao pian ,林自然,Lin Ziran ,撰,回陽子,,,,1,Neidan and Yangsheng,The Wuzhen pian and the Southern School (Nanzong),,,,,
DZ1100,鳴鶴餘音,彭致中,,,,編,The Quanzhen Order,Logia and Collected Works,,,1347,,鳴鶴餘音,Minghe yuyin ,彭致中,Peng Zhizhong,編,,,,,9,The Quanzhen Order,Logia and Collected Works,,,,,
DZ1100,鳴鶴餘音,虞集,,,,序,The Quanzhen Order,Logia and Collected Works,,,,,鳴鶴餘音,Minghe yuyin ,虞集,Yu Ji,序,,,,1272-1348,9,The Quanzhen Order,Logia and Collected Works,,,,,
DZ1101.a,太平經,,,,,,Taiping jing,-,,late Six Dynasties ,220,589,太平經,Taiping jing,,,,,,,,170,Taiping jing,-,,,,,
DZ1101.b,太平經鈔,,,,,,The Taiping Division,,,Tang,618,907,太平經鈔,Taiping jing chao,,,,,,,,10,The Taiping Division,,,,,,
DZ1102,太平經聖君祕旨,,,,,,The Taiping Division,,,Tang,618,907,太平經聖君祕旨,Taiping jing shengjun bizhi ,,,,,,,,1,The Taiping Division,,,,,,
DZ1103,太上靈寶淨明洞神上品經,,,,,,The Jingming Zhongxiao School,,,,,,太上靈寶淨明洞神上品經,Taishang lingbao jingming dongshen shangpin jing ,,,,,,,,2,The Jingming Zhongxiao School,,,,,,
DZ1104,太上靈寶淨明玉真樞真經,,,,,,The Jingming Zhongxiao School,,,,,,太上靈寶淨明玉真樞真經,Taishang lingbao jingming yuzhen shuzhen jing ,,,,,,,,1,The Jingming Zhongxiao School,,,,,,
DZ1105,太上靈寶淨明道元正印經,,,,,,The Jingming Zhongxiao School,,,,,,太上靈寶淨明道元正印經,Taishang lingbao jingming daoyuan zhengyin jing ,,,,,,,,1,The Jingming Zhongxiao School,,,,,,
DZ1106,太上靈寶淨明天尊說禦瘟經,,,,,,The Jingming Zhongxiao School,,,,,,太上靈寶淨明天尊說禦瘟經,Taishang lingbao jingming tianzun shuo yuwen jing ,,,,,,,,1,The Jingming Zhongxiao School,,,,,,
DZ1107,太上靈寶首入淨明四規明鑑經,,,,,,The Jingming Zhongxiao School,,,,,,太上靈寶首入淨明四規明鑑經,Taishang lingbao shouru jingming sigui mingjian jing ,,,,,,,,1,The Jingming Zhongxiao School,,,,,,
DZ1108,太上靈寶淨明九仙水經,,,,,,The Jingming Zhongxiao School,,,,,,太上靈寶淨明九仙水經,Taishang lingbao jingming jiuxian shuijing ,,,,,,,,1,The Jingming Zhongxiao School,,,,,,
DZ1109,太上靈寶淨明中黃八柱經,,,,,,The Jingming Zhongxiao School,,,,,,太上靈寶淨明中黃八柱經,Taishang lingbao jingming zhonghuang bazhu jing ,,,,,,,,1,The Jingming Zhongxiao School,,,,,,
DZ1110,淨明忠孝全書,黃元吉,,,,撰,The Jingming Zhongxiao School,,,,,,淨明忠孝全書,Jingming zhongxiao quanshu ,黃元吉,Huang Yuanji,撰,中黃先生,,,1271-1325,6,The Jingming Zhongxiao School,,,,,,
DZ1110,淨明忠孝全書,徐慧,,,,編,The Jingming Zhongxiao School,,,,1327,,淨明忠孝全書,Jingming zhongxiao quanshu ,徐慧,Xu Hui,編,丹扁真人,,,,6,The Jingming Zhongxiao School,,,,,,
DZ1111,太玄真一本際妙經,,,,,,Lingbao,Scriptures,The Long Treatises,Early seventh century,601,650,太玄真一本際妙經,Taixuan zhenyi benji miaojing ,,,,,,,,1,Lingbao,Scriptures,The Long Treatises,,,,
DZ1112,太上洞玄靈寶八仙王教誡經,,,,,,Lingbao,Scriptures,Medium-Length Scriptures,Tang,618,907,太上洞玄靈寶八仙王教誡經,Taishang dongxuan lingbao baxian wang jiaojie jing ,,,,,,,,1,Lingbao,Scriptures,Medium-Length Scriptures,,,,
DZ1113,太上洞玄靈寶國王行道經,,,,,,Lingbao,Scriptures,Medium-Length Scriptures,Tang,618,907,太上洞玄靈寶國王行道經,Taishang dongxuan lingbao guowang xingdao jing ,,,,,,,,1,Lingbao,Scriptures,Medium-Length Scriptures,,,,
DZ1114,太上洞玄靈寶本行宿緣經,,,,,,Lingbao Canon,Canonical Lingbao Scriptures,,Six Dynasties,220,589,太上洞玄靈寶本行宿緣經,Taishang dongxuan lingbao benxing suyuan jing,,,,,,,,1,Lingbao Canon,Canonical Lingbao Scriptures,,,,"DZTK 238: text belongs to the group of ""new scriptures""",
DZ1115,太上洞玄靈寶本行因緣經,葛玄,,,,輯佚,Lingbao Canon,Canonical Lingbao Scriptures,,Six Dynasties ,220,589,太上洞玄靈寶本行因緣經,Taishang dongxuan lingbao benxing yinyuan jing,葛玄,Ge Xuan,輯佚,左仙公、左仙翁、葛仙公,教先,,,1,Lingbao Canon,Canonical Lingbao Scriptures,,,,"DZTK 240: one of the ""new scriptures"" revealed to GE XUAN.",
DZ1116,洞玄靈寶太上真人問疾經,,,,,,Lingbao,Scriptures,Medium-Length Scriptures,Tang,618,907,洞玄靈寶太上真人問疾經,Dongxuan lingbao taishang zhenren wenji jing ,,,,,,,,1,Lingbao,Scriptures,Medium-Length Scriptures,,,,
DZ1117,太極左仙公說神符經,,,,,,Lingbao,Scriptures,Short Doctrinal and Prophylactic Texts,,,,太極左仙公說神符經,Taiji Zuo xiangong shuo shenfu jing ,,,,,,,,1,Lingbao,Scriptures,Short Doctrinal and Prophylactic Texts,,,,
DZ1118,太上洞玄靈寶飛行三界通微內思妙經,,,,,,Lingbao Canon,Other Early Lingbao Scriptures,,Six Dynasties,220,589,太上洞玄靈寶飛行三界通微內思妙經,Taishang dongxuan lingbao feixing sanjie tongwei neisi miaojing,,,,,,,,1,Lingbao Canon,Other Early Lingbao Scriptures,,,,,
DZ1119,洞玄靈寶玄一真人說生死輪轉因緣經,,,,,,Lingbao Canon,Other Early Lingbao Scriptures,,Six Dynasties,220,589,洞玄靈寶玄一真人說生死輪轉因緣經,Dongxuan lingbao xuanyi zhenren shuo shengsi lunzhuan yinyuan jing,,,,,,,,1,Lingbao Canon,Other Early Lingbao Scriptures,,,,DZTK: Xuanyi zhenren answers the questions raised by the immortal Yundu 雲度 in A. D. 260,
DZ1120,太上洞玄靈寶中和經,,,,,,Other Revealed Scriptures,-,,Six Dynasties,220,589,太上洞玄靈寶中和經,Taishang dongxuan lingbao zhonghe jing,,,,,,,,10,Other Revealed Scriptures,-,,,,,
DZ1121,太上洞玄靈寶三十二天尊應號經,,,,,,Lingbao,Litanies,,Tang,618,907,太上洞玄靈寶三十二天尊應號經,Taishang dongxuan lingbao sanshier tianzun yinghao jing ,,,,,,,,2,Lingbao,Litanies,,,,,
DZ1122,太上靈寶昇玄內教經中和品述議疏,,,,,,Other Revealed Scriptures,-,,Six Dynasties,220,589,太上靈寶昇玄內教經中和品述議疏,Taishang lingbao shengxuan neijiao jing zhonghe pin shuyi shu,,,,,,,,1,Other Revealed Scriptures,-,,,,,
DZ1123,一切道經音義妙門由起,史崇alias 史崇玄,,,,撰,Handbooks and Encyclopedias,,,,712,713,一切道經音義妙門由起,Yiqie daojing yinyi miaomen youqi ,史崇alias 史崇玄,Shi Chong and others,撰,,,,713,1,Handbooks and Encyclopedias,,,,,,
DZ1124,洞玄靈寶玄門大義,,,,,,Handbooks and Encyclopedias,,,Seventh century,601,700,洞玄靈寶玄門大義,Dongxuan lingbao xuanmen dayi ,,,,,,,,1,Handbooks and Encyclopedias,,,,,,
DZ1125,洞玄靈寶三洞奉道科戒營始,金明七真,,,,撰,The General Liturgical Organization of the Tang,,,Early Tang,618,763,洞玄靈寶三洞奉道科戒營始,Dongxuan lingbao sandong fengdao kejie yingshi ,金明七真,Jinming Qizhen,撰,,,,,6,The General Liturgical Organization of the Tang,,,,,,
DZ1126,洞玄靈寶道學科儀,太極太虛真人（赤松子）,,,,撰,The General Liturgical Organization of the Tang,,,Tang,618,907,洞玄靈寶道學科儀,Dongxuan lingbao daoxue keyi ,太極太虛真人（赤松子）,Taiji taixu zhenren ,撰,,,,,2,The General Liturgical Organization of the Tang,,,,,,
DZ1127,陸先生道門科略,陸修靜,,,,撰,Way of the Heavenly Master,Didactic and Doctrinal Treatises,,,406,477,陸先生道門科略,Lu xiansheng daomen kelüe,陸修靜,Lu Xiujing,撰,,元德,簡寂先生、丹元真人,406-477,1,Way of the Heavenly Master,Didactic and Doctrinal Treatises,,,,,
DZ1128,道門經法相承次序,潘師正,,,,撰,The General Liturgical Organization of the Tang,,,,680,,道門經法相承次序,Daomen jingfa xiangcheng cixu ,潘師正,Pan Shizheng ,撰,體玄先生,子真,,584-682,3,The General Liturgical Organization of the Tang,,,,,,
DZ1129,道教義樞,孟安排,青溪，湖北,"30,3907","112,1153",撰,Handbooks and Encyclopedias,,,,,,道教義樞,Daojiao yishu ,孟安排,Meng Anpai ,撰,,,,fl. 699,10,Handbooks and Encyclopedias,,,青溪，湖北,PL000000027731,,
DZ1130,道典論,,,,,,Handbooks and Encyclopedias,,,Tang,618,907,道典論,Daodian lun ,,,,,,,,4,Handbooks and Encyclopedias,,,,,,
DZ1131,太上妙法本相經,,,,,,Lingbao,Scriptures,The Long Treatises,Sui (581-618) or early Tang (618-907),,,太上妙法本相經,Taishang miaofa benxiang jing ,,,,,,,,3,Lingbao,Scriptures,The Long Treatises,,,,
DZ1132,上清道類事相,王懸河,,,,撰,Dongzhen Division,"Manuals, Anthologies, and Encyclopedias",Encyclopedias,,,,上清道類事相,Shangqing dao leishi xiang ,王懸河,Wang Xuanhe ,撰,陸海羽客,,,fl. 683,4,Dongzhen Division,"Manuals, Anthologies, and Encyclopedias",Encyclopedias,,,,
DZ1133,上方靈寶無極至道開化真經,,,,,,The Zhenyuan Scriptures,,,,,,上方靈寶無極至道開化真經,Shangfang lingbao wuji zhidao kaihua zhenjing ,,,,,,,,3,The Zhenyuan Scriptures,,,,,,
DZ1134,上方鈞天演範真經,,,,,,The Zhenyuan Scriptures,,,,,,上方鈞天演範真經,Shangfang juntian yanfan zhenjing ,,,,,,,,1,The Zhenyuan Scriptures,,,,,,
DZ1135,太平兩同書,羅隱,,,,撰,Philosophy,Tang Philosophical Texts (General) ,,,,,太平兩同書,Taiping liangtong shu ,羅隱,Luo Yin,撰,,昭諫,,833-910,2,Philosophy,Tang Philosophical Texts (General) ,,,,,
DZ1136,洞玄靈寶左玄論,,,,,,Handbooks and Encyclopedias,,,Seventh century or earlier,601,700,洞玄靈寶左玄論,Dongxuan lingbao Zuoxuan lun ,,,,,,,,4,Handbooks and Encyclopedias,,,,,,
DZ1137,上清太玄鑑誡論,侯善淵,,,,撰,Collectanea,Logia (Yulu),,Jurchen Jin,1115,1234,上清太玄鑑誡論,Shangqing Taixuan jianjie lun ,侯善淵,Hou Shanyuan,撰,太玄子,,,,1,Collectanea,Logia (Yulu),,,,,
DZ1138,無上祕要,,,,,,Compendiums and Encyclopedias,-,,,550,600,無上祕要,Wushang biyao,,,,,,,,100,Compendiums and Encyclopedias,-,,,,,
DZ1139,三洞珠囊,王懸河,,,,纂,Handbooks and Encyclopedias,,,,680,,三洞珠囊,Sandong zhunang ,王懸河,Wang Xuanhe ,纂,陸海羽客,,,fl. 683,10,Handbooks and Encyclopedias,,,,,,
DZ1140,雲山集,姬志真,,,,撰,The Quanzhen Order,Logia and Collected Works,,,,,雲山集,Yunshan ji ,姬志真,Ji Zhizhen,撰,,,,,8,The Quanzhen Order,Logia and Collected Works,,,,,
DZ1140,雲山集,裴憲,,,,序,The Quanzhen Order,Logia and Collected Works,,,1250,,雲山集,Yunshan ji ,裴憲,Pei Xian,序,,子法,,,8,The Quanzhen Order,Logia and Collected Works,,,,,
DZ1140,雲山集,王鶚,,,,序,The Quanzhen Order,Logia and Collected Works,,,1265,,雲山集,Yunshan ji ,王鶚,Wang E,序,,,,,8,The Quanzhen Order,Logia and Collected Works,,,,,
DZ1141,仙樂集,劉處玄,,,,撰,The Quanzhen Order,Logia and Collected Works,,,,,仙樂集,Xianle ji ,劉處玄,Liu Chuxuan,撰,長生,通妙,,1147-1203,5,The Quanzhen Order,Logia and Collected Works,,,,,
DZ1142,漸悟集,馬丹陽（馬從義）,,,,撰,The Quanzhen Order,Logia and Collected Works,,,,,漸悟集,Jianwu ji ,馬丹陽（馬從義）,Ma Danyang ,撰,丹陽,宜甫,,1123-1184,2,The Quanzhen Order,Logia and Collected Works,,,,,
DZ1143,草堂集,王丹桂,,,,撰,The Quanzhen Order,Logia and Collected Works,,Late twelfth century,1151,1200,草堂集,Caotang ji ,王丹桂,Wang Dangui ,撰,白雲子,昌齡,,,1,The Quanzhen Order,Logia and Collected Works,,,,,
DZ1144,自然集,,,,,,The Quanzhen Order,Logia and Collected Works,,Jurchen Jin (1115-1234) or Yuan (1279-1368),,,自然集,Ziran ji ,,,,,,,,1,The Quanzhen Order,Logia and Collected Works,,,,,
DZ1145,玄虛子鳴真集,玄沖師,,,,撰,The Quanzhen Order,Logia and Collected Works,,,,,玄虛子鳴真集,Xuanxu zi mingzhen ji ,玄沖師,Xuan Chongshi ,撰,,,,,1,The Quanzhen Order,Logia and Collected Works,,,,,
DZ1145,玄虛子鳴真集,張志明,,,,序,The Quanzhen Order,Logia and Collected Works,,,1251,,玄虛子鳴真集,Xuanxu zi mingzhen ji ,張志明,Zhang Zhiming,序,,,,,1,The Quanzhen Order,Logia and Collected Works,,,,,
DZ1146,葆光集,尹志平,,,,撰,The Quanzhen Order,Logia and Collected Works,,,,,葆光集,Baoguang ji ,尹志平,Yin Zhiping ,撰,Qinghe zi,Dahe or Taihe,,1169-1251,3,The Quanzhen Order,Logia and Collected Works,,,,,
DZ1146,葆光集,煙霞真人,,,,序,The Quanzhen Order,Logia and Collected Works,,,1299,,葆光集,Baoguang ji ,煙霞真人,Yanxia zhenren,序,,,,,3,The Quanzhen Order,Logia and Collected Works,,,,,
DZ1147,西雲集,郭志誠,,,,撰,The Quanzhen Order,Logia and Collected Works,,,,,西雲集,Xiyun ji ,郭志誠,Guo Zhicheng,撰,洞明子,,,1219-1293,3,The Quanzhen Order,Logia and Collected Works,,,,,
DZ1148,勿齋先生文集,楊至質,,,,撰,Collectanea,Collected Works,,,,,勿齋先生文集,Wuzhai xiansheng wenji ,楊至質,Yang Zhizhi,撰,勿齋,休文,,fl. 1228-1252,2,Collectanea,Collected Works,,,,,
DZ1149,洞玄金玉集,馬丹陽（馬從義）,崑崳,,,撰,The Quanzhen Order,Logia and Collected Works,,,,,洞玄金玉集,Dongxuan jinyu ji ,馬丹陽（馬從義）,Ma Danyang ,撰,丹陽,宜甫,,1123-1184,10,The Quanzhen Order,Logia and Collected Works,,崑崳,,,
DZ1150,丹陽神光燦,馬玨,,,,撰,The Quanzhen Order,Logia and Collected Works,,,,,丹陽神光燦,Danyang shenguang can ,馬玨,Ma Jue,撰,,,,,1,The Quanzhen Order,Logia and Collected Works,,,,,
DZ1150,丹陽神光燦,甯師常,,,,序,The Quanzhen Order,Logia and Collected Works,,,1175,,丹陽神光燦,Danyang shenguang can ,甯師常,Ning Shichang,序,,,,,1,The Quanzhen Order,Logia and Collected Works,,,,,
DZ1151,悟真集,李先生,錦屏,"30,008475","122,390101",撰,The Quanzhen Order,Logia and Collected Works,,Thirteenth century,1201,1300,悟真集,Wuzhen ji ,李先生,Master Li xiansheng,撰,通玄子,,,,2,The Quanzhen Order,Logia and Collected Works,,錦屏,PL000000013964,,
DZ1152,雲光集,王處一,,,,撰,The Quanzhen Order ,Logia and Collected Works,,,1213,1217,雲光集,Yunguang ji ,王處一,Wang Chuyi,撰,,,,,4,The Quanzhen Order ,Logia and Collected Works,,,,,
DZ1153,重陽全真集,王嚞,,,,撰,The Quanzhen Order,Logia and Collected Works,,,1188,,重陽全真集,Chongyang quanzhen ji ,王嚞,Wang Zhe,撰,重陽子,允卿,,1113-1170,13,The Quanzhen Order,Logia and Collected Works,,,,,
DZ1153,重陽全真集,范懌,,,,序,The Quanzhen Order,Logia and Collected Works,,,,,重陽全真集,Chongyang quanzhen ji ,范懌,Fan Yi,序,,,,,13,The Quanzhen Order,Logia and Collected Works,,,,,
DZ1154,重陽教化集,王嚞,,,,撰,The Quanzhen Order,Logia and Collected Works,,,1183,,重陽教化集,Chongyang jiaohua ji ,王嚞,Wang Zhe,撰,重陽子,允卿,,1113-1170,3,The Quanzhen Order,Logia and Collected Works,,,,,
DZ1155,重陽分梨十化集,王嚞,,,,撰,The Quanzhen Order,Logia and Collected Works,,,,,重陽分梨十化集,Chongyang fenli shihua ji ,王嚞,Wang Zhe,撰,重陽子,允卿,,1113-1170,2,The Quanzhen Order,Logia and Collected Works,,,,,
DZ1155,重陽分梨十化集,馬大辯,,,,序,The Quanzhen Order,Logia and Collected Works,,,1183,,重陽分梨十化集,Chongyang fenli shihua ji ,馬大辯,Ma Dabian,序,,,,,2,The Quanzhen Order,Logia and Collected Works,,,,,
DZ1156,重陽真人金關玉鎖訣,王嚞,,,,撰,The Quanzhen Order,Logia and Collected Works,,,,,重陽真人金關玉鎖訣,Chongyang zhenren jinguan yusuo jue ,王嚞,Wang Zhe,撰,重陽子,允卿,,1113-1170,1,The Quanzhen Order,Logia and Collected Works,,,,,
DZ1157,馬自然金丹口訣,馬自然,,,,撰,Neidan and Yangsheng,General Works and Manuals,,Northern Song,960,1127,馬自然金丹口訣,Ma Ziran jindan koujue ,馬自然,Ma Ziran,撰,,,,,1,Neidan and Yangsheng,General Works and Manuals,,,,,
DZ1158,重陽真人授丹陽二十四訣,,,,,,The Quanzhen Order,Logia and Collected Works,,,,,重陽真人授丹陽二十四訣,Chongyang zhenren shou Danyang ershisi jue ,,,,,,,,1,The Quanzhen Order,Logia and Collected Works,,,,,
DZ1159,磻溪集,丘處機,,,,撰,The Quanzhen Order,Logia and Collected Works,,,1186,1208,磻溪集,Panxi ji ,丘處機,Qiu Chuji,撰,長春,通密,,1148-1227,6,The Quanzhen Order,Logia and Collected Works,,,,,
DZ1160,水雲集,譚處端,,,,撰,The Quanzhen Order,Logia and Collected Works,,,1229,,水雲集,Shuiyun ji ,譚處端,Tan Chuduan,撰,長真子,伯玉,,1123-1185,3,The Quanzhen Order,Logia and Collected Works,,,,,
DZ1161,太古集,郝大通,,,,撰,The Quanzhen Order,Logia and Collected Works,,,,,太古集,Taigu ji ,郝大通,Hao Datong,撰,廣寧子,太古,,1140-1213,4,The Quanzhen Order,Logia and Collected Works,,,,,
DZ1161,太古集,范圓曦and others,,,,序,The Quanzhen Order,Logia and Collected Works,,,1178,1236,太古集,Taigu ji ,范圓曦and others,Fan Yuanxi and others,序,,,,,4,The Quanzhen Order,Logia and Collected Works,,,,,
DZ1162,孫真人備急千金要方目錄,,,,,,Medicine and Pharmacology,,,,,,孫真人備急千金要方目錄,Sun zhenren beiji qianjin yaofang mulu ,,,,,,,,2,Medicine and Pharmacology,,,,,,
DZ1163,孫真人備急千金要方,孫思邈,,,,撰,Medicine and Pharmacology,,,,,,孫真人備急千金要方,Sun zhenren beiji qianjin yaofang ,孫思邈,Sun Simo,撰,,,,581-682,93,Medicine and Pharmacology,,,,,,
DZ1163,孫真人備急千金要方,林億and others,,,,改訂,Medicine and Pharmacology,,,Eleventh century,1001,1100,孫真人備急千金要方,Sun zhenren beiji qianjin yaofang ,林億and others,Lin Yi and others,改訂,,,,,93,Medicine and Pharmacology,,,,,,
DZ1164,急救仙方,,,,,,Medicine and Pharmacology,,,,1444,1445,急救仙方,Jijiu xianfang ,,,,,,,,11,Medicine and Pharmacology,,,,,,
DZ1165,仙傳外科祕方,趙宜真,,,,撰,Medicine and Pharmacology,,,,1382,,仙傳外科祕方,Xianchuan waike bifang ,趙宜真,Zhao Yizhen,撰,原陽子,,,1382,12,Medicine and Pharmacology,,,,,,
DZ1165,仙傳外科祕方,劉淵,,,,編,Medicine and Pharmacology,,,,,,仙傳外科祕方,Xianchuan waike bifang ,劉淵,Liu Yuan,編,,,,1351-1431,12,Medicine and Pharmacology,,,,,,
DZ1166,法海遺珠,,,,,,Shenxiao Fa and Related Thunder Rites,,,Ming,1368,1644,法海遺珠,Fahai yizhu ,,,,,,,,46,Shenxiao Fa and Related Thunder Rites,,,,,,
DZ1167,太上感應篇,李昌齡,,,,撰,Philosophy,Treatises and Essays,,,,,太上感應篇,Taishang ganying pian ,李昌齡,Li Changling,撰,,,,937-1008,30,Philosophy,Treatises and Essays,,,,,
DZ1168,太上老君中經,,,,,,Yangsheng,-,,Later Han,25,220？,太上老君中經,Taishang laojun zhongjing ,,,,,,,,2,Yangsheng,-,,,,DZTK,
DZ1169,太上老君清靜心經,,,,,,Philosophy,Tang Philosophical Texts (General) ,,,,,太上老君清靜心經,Taishang laojun qingjing xin jing ,,,,,,,,1,Philosophy,Tang Philosophical Texts (General) ,,,,,
DZ1170,太上老君說上七滅罪集福妙經,,,,,,Lingbao,Scriptures,Short Doctrinal and Prophylactic Texts,Tang,618,907,太上老君說上七滅罪集福妙經,Taishang laojun shuo shangqi miezui jifu miaojing ,,,,,,,,1,Lingbao,Scriptures,Short Doctrinal and Prophylactic Texts,,,,
DZ1171,鬻子,鬻熊,,,,撰,Philosophy,Texts,,Eleventh century B.C.,-1100,-1000,鬻子,Yuzi,鬻熊,Yu Xiong,撰,,,,,2,Philosophy,Texts,,,,DZTK 69,
DZ1171,鬻子,逢行珪,,,,注,Philosophy,Texts,,,,,鬻子,Yuzi,逢行珪,Feng Xinggui,注,,,,,2,Philosophy,Texts,,,,,
DZ1172,公孫龍子,公孫龍,,,,撰,Philosophy,Texts,,,-498,,公孫龍子,Gongsun Long zi,公孫龍,Gongsun Long,撰,,,,,3,Philosophy,Texts,,,,DZTK 68,
DZ1172,公孫龍子,謝絳,,,,注,Philosophy,Texts,,,995,1039,公孫龍子,Gongsun Long zi,謝絳,Xie Jiang,注,,希深,,,3,Philosophy,Texts,,,,,
DZ1173,尹文子,尹文,,,,撰,Philosophy,Texts,,,-450,-400,尹文子,Yin Wen zi,尹文,Yin Wen,撰,,,,,2,Philosophy,Texts,,,,DZTK 62,
DZ1173,尹文子,仲長氏,,,,序,Philosophy,Texts,,,,,尹文子,Yin Wen zi,仲長氏,Zhong Chang Shi,序,,,,,2,Philosophy,Texts,,,,,
DZ1174,子華子,程本,,,,撰,Philosophy,Commentaries on Ancient Philosophers,Others,Late eleventh or early twelfth century,1051,1150,子華子,Zihua zi ,程本,Cheng Ben,撰,,子華,,770--475 B.c.,10,Philosophy,Commentaries on Ancient Philosophers,Others,,,,
DZ1175,鴞冠子,陸佃,,,,注,Philosophy,Commentaries on Ancient Philosophers,Others,,,,鴞冠子,Heguan zi ,陸佃,Lu Dian,注,,,,1042-1102,3,Philosophy,Commentaries on Ancient Philosophers,Others,,,,
DZ1176,墨子,墨翟and his followers,,,,撰,Philosophy,Texts,,,-470,-391,墨子,Mozi ,墨翟and his followers,Mo Di and his followers,撰,,,, -470 - 391,15,Philosophy,Texts,,,,DZTK,
DZ1177,韓非子,韓非,,,,撰,Philosophy,Texts,,,-300,-233,韓非子,Han Fei zi ,韓非,Han Fei,撰,,,, -280-233,20,Philosophy,Texts,,,,DZTK,
DZ1177,韓非子,何犿 ,,,,編、序,Philosophy,Texts,,,1267,,韓非子,Han Fei zi ,何犿 ,He Fan,編、序,,,,,20,Philosophy,Texts,,,,,
DZ1178,黃石公素書,魏魯,,,,序、注,Philosophy,Commentaries on Ancient Philosophers,Others,,,,黃石公素書,Huangshi gong sushu ,魏魯,Wei Lu,序、注,,,,,1,Philosophy,Commentaries on Ancient Philosophers,Others,,,,
DZ1179,黃石公素書,張尚英,,,,序、注,Philosophy,Texts,,,1043,1121,黃石公素書,Huangshi gong sushu,張尚英,Zhang Shangying,序、注,,天覺,,1043-1121,1,Philosophy,Texts,,,,DZTK 65,
DZ1180,孫子註解,曹操,,,,注,Philosophy,Texts,,,155,200,孫子註解,Sunzi zhujie ,曹操,Cao Cao,注,,,,155-200,13,Philosophy,Texts,,,,Loewe 449,
DZ1180,孫子註解,孟氏,,,,注,Philosophy,Texts,,Liang dynasty,,,孫子註解,Sunzi zhujie ,孟氏,Meng Shi,注,,,,,13,Philosophy,Texts,,,,,
DZ1180,孫子註解,李荃,,,,注,Philosophy,Texts,,,720,780,孫子註解,Sunzi zhujie ,李荃,Li Quan,注,,,,fl. 750,13,Philosophy,Texts,,,,,
DZ1180,孫子註解,杜佑,,,,注,Philosophy,Texts,,,735,812,孫子註解,Sunzi zhujie ,杜佑,Du You,注,,,,735-812,13,Philosophy,Texts,,,,,
DZ1180,孫子註解,杜牧,,,,注,Philosophy,Texts,,,803,852,孫子註解,Sunzi zhujie ,杜牧,Du Mu,注,,,,803-852,13,Philosophy,Texts,,,,,
DZ1180,孫子註解,陳皥,,,,注,Philosophy,Texts,,,,,孫子註解,Sunzi zhujie ,陳皥,Chen Hao,注,,,,,13,Philosophy,Texts,,,,,
DZ1180,孫子註解,賈林,,,,注,Philosophy,Texts,,,,,孫子註解,Sunzi zhujie ,賈林,Jia Lin,注,,,,,13,Philosophy,Texts,,,,,
DZ1180,孫子註解,梅堯臣,,,,注,Philosophy,Texts,,,1002,1060,孫子註解,Sunzi zhujie ,梅堯臣,Mei Yaochen,注,,,,1002-1060,13,Philosophy,Texts,,,,,
DZ1180,孫子註解,王皙,,,,注,Philosophy,Texts,,,,,孫子註解,Sunzi zhujie ,王皙,Wang Xi,注,,,,,13,Philosophy,Texts,,,,,
DZ1180,孫子註解,何延錫,,,,注,Philosophy,Texts,,,,,孫子註解,Sunzi zhujie ,何延錫,He Yanxi,注,,,,,13,Philosophy,Texts,,,,,
DZ1180,孫子註解,張預,,,,注,Philosophy,Texts,,,,,孫子註解,Sunzi zhujie ,張預,Zhang Yu,注,,,,,13,Philosophy,Texts,,,,,
DZ1181,孫子遺說,鄭友賢,,,,撰,Philosophy,Commentaries on Ancient Philosophers,Others,Late eleventh or early twelfth century,1051,1150,孫子遺說,Sunzi yishuo ,鄭友賢,Zheng Youxian,撰,,,,,1,Philosophy,Commentaries on Ancient Philosophers,Others,,,,
DZ1182,天原發微,鮑雲龍,,,,撰,Philosophy,Treatises and Essays,,,,,天原發微,Tianyuan fawei ,鮑雲龍,Bao Yunlong,撰,,景翔,,1226-1296,18,Philosophy,Treatises and Essays,,,,,
DZ1182,天原發微,方回,,,,編,Philosophy,Treatises and Essays,,,,,天原發微,Tianyuan fawei ,方回,Fang Hui,編,,萬里,,1227-1307,18,Philosophy,Treatises and Essays,,,,,
DZ1183,集註太玄經,揚雄,,,,撰,Divination,-,,,-53,18,集註太玄經,Jizhu taixuan jing,揚雄,Yang Xiong,撰,,,,53B.C-A.D.18,6,Divination,-,,,,DZTK 79,
DZ1183,集註太玄經,司馬光,,,,注,Divination,-,,,1019,1086,集註太玄經,Jizhu taixuan jing,司馬光,Si Maguang,注,,,,1019-1086,6,Divination,-,,,,,
DZ1184,淮南鴻烈解,許慎,壽春,"32,5747","116,7861",注,Philosophy,Texts,,,,,淮南鴻烈解,Huainan honglie jie,許慎,Xu Shen,注,,,,d.A.D.124,28,Philosophy,Texts,,壽春,PL000000016358,DZTK.  Location: Liu An's capital when he was 淮南王 (Wiki). d.A.D. 124,
DZ1185,抱朴子內篇,葛洪,羅浮山,"23,283448","114,016525",撰,Philosophy,Texts,,,283,343,抱朴子內篇,Baopu zi neipian ,葛洪,Ge Hong,撰,抱樸子,稚川,,283-343,20,Philosophy,Texts,,羅浮山,PL000000031276,DZTK ,
DZ1186,抱朴子別旨,葛洪,,,,撰,Yangsheng,Respiratory Techniques,,Tang,618,907,抱朴子別旨,Baopu zi biezhi ,葛洪,Ge Hong ,撰,抱朴,稚川,,283-343,1,Yangsheng,Respiratory Techniques,,,,,
DZ1187,抱朴子外篇,葛洪,羅浮山,"23,283448","114,016525",撰,Philosophy,Texts,,,283,343,抱朴子外篇,Baopu zi waipian,葛洪,Ge Hong,撰,抱樸子,稚川,,283-343,50,Philosophy,Texts,,羅浮山,PL000000031276,DZTK ,
DZ1188,橐籥子,祝洞天,,,,撰,Neidan and Yangsheng,General Works and Manuals,,,,,橐籥子,Tuoyue zi ,祝洞天,Zhu Dongtian,撰,橐籥子,,,fl. 1350,1,Neidan and Yangsheng,General Works and Manuals,,,,,
DZ1189,陰丹內篇,,,,,,Neidan and Yangsheng,General Works and Manuals,,,,,陰丹內篇,Yindan neipian ,,,,,,,,1,Neidan and Yangsheng,General Works and Manuals,,,,,
DZ1190,天機經,,,,,,Philosophy,The Yinfu jing and Its Commentaries,,Tang,618,907,天機經,Tianji jing ,,,,,,,,1,Philosophy,The Yinfu jing and Its Commentaries,,,,,
DZ1191,祕傳正陽真人靈寶畢法,鍾離權,,,,撰,Neidan and Yangsheng,The Zhong-Lü Tradition,,Northern Song,960,1127,祕傳正陽真人靈寶畢法,Bichuan Zhengyang zhenren lingbao bifa ,鍾離權,Zhong Liquan,撰,正陽,雲房,,,3,Neidan and Yangsheng,The Zhong-Lü Tradition,,,,,
DZ1191,祕傳正陽真人靈寶畢法,呂喦,,,,纂,Neidan and Yangsheng,The Zhong-Lü Tradition,,,,,祕傳正陽真人靈寶畢法,Bichuan Zhengyang zhenren lingbao bifa ,呂喦,Lü Yan,纂,純陽,洞賓,,,3,Neidan and Yangsheng,The Zhong-Lü Tradition,,,,,
DZ1191,祕傳正陽真人靈寶畢法,施肩吾,,,,傳,Neidan and Yangsheng,The Zhong-Lü Tradition,,,,,祕傳正陽真人靈寶畢法,Bichuan Zhengyang zhenren lingbao bifa ,施肩吾,Shi Jianwu ,傳,栖真子、清虛洞天華陽真人,希聖,,fl . 820 ,3,Neidan and Yangsheng,The Zhong-Lü Tradition,,,,,
DZ1192,大惠靜慈妙樂天尊說福德五聖經,,,,,,Other Popular Cults,Scriptures of Popular Cults,,,,,大惠靜慈妙樂天尊說福德五聖經,Dahui jingci miaole tianzun shuo fude wusheng jing ,,,,,,,,1,Other Popular Cults,Scriptures of Popular Cults,,,,,
DZ1193,太上正一咒鬼經,,,,,,The Orthodox One Way of the Heavenly Master ,Miscellaneous ,,Tang,618,907,太上正一咒鬼經,Taishang zhengyi zhougui jing ,,,,,,,,1,The Orthodox One Way of the Heavenly Master ,Miscellaneous ,,,,,
DZ1194,太上洞玄靈寶天尊說羅天大醮上品妙經,,,,,,Lingbao,Scriptures,,Song or later,960,1279,太上洞玄靈寶天尊說羅天大醮上品妙經,Taishang dongxuan lingbao tianzun shuo luotian dajiao shangpin miaojing ,,,,,,,,1,Lingbao,Scriptures,,,,,
DZ1195,老君變化無極經,,,,,,Way of the Heavenly Master,Didactic and Doctrinal Treatises,,Eastern Jin ,317,420,老君變化無極經,Laojun bianhua wuji jing,,,,,,,,1,Way of the Heavenly Master,Didactic and Doctrinal Treatises,,,,,
DZ1196,太上金華天尊救劫護命妙經,,,,,,Zhengyi,Scriptures,,,,,太上金華天尊救劫護命妙經,Taishang jinhua tianzun jiujie huming miaojing ,,,,,,,,1,Zhengyi,Scriptures,,,,,
DZ1197,無上三天法師說廕育眾生妙經,,,,,,The Orthodox One Way of the Heavenly Master ,Miscellaneous ,,Tang,618,907,無上三天法師說廕育眾生妙經,Wushang santian fashi shuo yinyu zhongsheng miaojing ,,,,,,,,1,The Orthodox One Way of the Heavenly Master ,Miscellaneous ,,,,,
DZ1198,太上說青玄雷令法行因地妙經,,,,,,Other Popular Cults,Scriptures of Popular Cults,,,,,太上說青玄雷令法行因地妙經,Taishang shuo Qingxuan leiling faxing yindi miaojing ,,,,,,,,1,Other Popular Cults,Scriptures of Popular Cults,,,,,
DZ1199,上清太霄隱書元真洞飛二景經,,,,,,Dongzhen Division,Scriptures ,,Tang,618,907,上清太霄隱書元真洞飛二景經,Shangqing taixiao yinshu yuanzhen dongfei erjing jing ,,,,,,,,1,Dongzhen Division,Scriptures ,,,,,
DZ1200,洞玄靈寶太上六齋十直聖紀經,,,,,,Lingbao,Scriptures,Medium-Length Scriptures,Eighth to tenth century,701,1000,洞玄靈寶太上六齋十直聖紀經,Dongxuan lingbao taishang liuzhai shizhi shengji jing ,,,,,,,,1,Lingbao,Scriptures,Medium-Length Scriptures,,,,
DZ1201,道要靈祇神鬼品經,,,,,,The Orthodox One Way of the Heavenly Master ,Miscellaneous ,,Sixth to seventh century,501,700,道要靈祇神鬼品經,Daoyao lingqi shengui pin jing ,,,,,,,,1,The Orthodox One Way of the Heavenly Master ,Miscellaneous ,,,,,
DZ1202,洞神八帝元變經,,,,,,Sanhuang Scriptures and Rituals,,,Eighth or ninth century?,701,900,洞神八帝元變經,Dongshen badi yuanbian jing ,,,,,,,,1,Sanhuang Scriptures and Rituals,,,,,,
DZ1203,太上三天正法經,,,,,,Dongzhen Division,Scriptures,,Tang,618,907,太上三天正法經,Taishang santian zhengfa jing ,,,,,,,,1,Dongzhen Division,Scriptures,,,,,
DZ1204,太上正一法文經,,,,,,The Orthodox One Way of the Heavenly Master ,Miscellaneous ,,Tang,618,907,太上正一法文經,Tai shang zheng yi fa wen jing ,,,,,,,,1,The Orthodox One Way of the Heavenly Master ,Miscellaneous ,,,,,
DZ1205,三天內解經,徐氏,,,,撰,Way of the Heavenly Master,Didactic and Doctrinal Treatises,,,400,478,三天內解經,Santian neijie jing ,徐氏,Xu Shi,撰,三天弟子,,,fl. 421-478,2,Way of the Heavenly Master,Didactic and Doctrinal Treatises,,,,,
DZ1206,上清明鑑要經,,,,,,Medicine and Pharmacology,,,Tang,618,907,上清明鑑要經,Shangqing mingjian yaojing ,,,,,,,,1,Medicine and Pharmacology,,,,,,
DZ1207,太上明鑑真經,,,,,,Yangsheng,-,,,,,太上明鑑真經,Taishang mingjian zhenjing ,,,,,,,,1,Yangsheng,-,,,,DZTK,
DZ1208,太上三五正一盟威籙,,,,,,Zhengyi,Registers and Talismans,,,,,太上三五正一盟威籙,Taishang sanwu zhengyi mengwei lu,,,,,,,,6,Zhengyi,Registers and Talismans,,,,,
DZ1209,太上正一盟威法籙一部,,,,,,The Orthodox One Way of the Heavenly Master ,Liturgical Organization,,Tang,618,907,太上正一盟威法籙一部,Taishang zhengyi mengwei falu yibu ,,,,,,,,1,The Orthodox One Way of the Heavenly Master ,Liturgical Organization,,,,,
DZ1210,正一法文十籙召儀,,,,,,The Orthodox One Way of the Heavenly Master  ,Liturgical Organization,,Early Tang ,618,763,正一法文十籙召儀,Zhengyi fawen shilu zhaoyi ,,,,,,,,1,The Orthodox One Way of the Heavenly Master  ,Liturgical Organization,,,,,
DZ1211,正一法文傳都功版儀,,,,,,The Orthodox One Way of the Heavenly Master  ,Liturgical Organization,,Early Tang ,618,763,正一法文傳都功版儀,Zhengyi fawen chuan dugong ban yi ,,,,,,,,1,The Orthodox One Way of the Heavenly Master  ,Liturgical Organization,,,,,
DZ1212,醮三洞真文五法正一盟威籙立成儀,張萬福,,,,撰,The General Liturgical Organization of the Tang,,,,,,醮三洞真文五法正一盟威籙立成儀,Jiao sandong zhenwen wufa zhengyi mengwei lu licheng yi ,張萬福,Zhang Wanfu ,撰,,,,fl. 711-713,1,The General Liturgical Organization of the Tang,,,,,,
DZ1213,太上玄天真武無上將軍籙,,,,,,The Beidi and Xuantian Shangdi Cult,,,,,,太上玄天真武無上將軍籙,Taishang xuantian zhenwu wushang jiangjun lu,,,,,,,,1,The Beidi and Xuantian Shangdi Cult,,,,,,
DZ1214,高上大洞文昌司祿紫陽寶籙,,,,,,The Wenchang Cult,,,Fifteenth century?,1401,1500,高上大洞文昌司祿紫陽寶籙,Gaoshang dadong Wenchang silu ziyang baolu,,,,,,,,3,The Wenchang Cult,,,,,,
DZ1215,太上北極伏魔神咒殺鬼籙,,,,,,The Beidi and Xuantian Shangdi Cult,,,Ming,1368,1644,太上北極伏魔神咒殺鬼籙,Taishang beiji fumo shenzhou shagui lu ,,,,,,,,1,The Beidi and Xuantian Shangdi Cult,,,,,,
DZ1216,太上正一延生保命籙,,,,,,Zhengyi,Registers and Talismans,,,,,太上正一延生保命籙,Taishang zhengyi yansheng baoming lu,,,,,,,,1,Zhengyi,Registers and Talismans,,,,,
DZ1217,太上正一解五音咒詛祕籙,,,,,,Zhengyi,Registers and Talismans,,,,,太上正一解五音咒詛祕籙,Taishang zhengyi jie wuyin zhouzu bilu ,,,,,,,,1,Zhengyi,Registers and Talismans,,,,,
DZ1218,正一法文經章官品,,,,,,Way of the Heavenly Master,Rituals and Rules,,Six Dynasties ,220,589,正一法文經章官品,Zhengyi fawen jing zhangguan pin,,,,,,,,4,Way of the Heavenly Master,Rituals and Rules,,,,,
DZ1219,高上神霄玉清真王紫書大法,,,,,,Shenxiao Fa and Related Thunder Rites,,,Ming,1368,1644,高上神霄玉清真王紫書大法,Gaoshang shenxiao yuqing zhenwang zishu dafa ,,,,,,,,12,Shenxiao Fa and Related Thunder Rites,,,,,,
DZ1220,道法會元,,,,,,The Qingwei School,,,,,,道法會元,Daofa huiyuan ,,,,,,,,268,The Qingwei School,,,,,,
DZ1221,上清靈寶大法,王契真,,,,纂,Lingbao,Manuals,,,,,上清靈寶大法,Shangqing lingbao dafa ,王契真,Wang Qizhen ,纂,,,,,67,Lingbao,Manuals,,,,,
DZ1221,上清靈寶大法,寧全真,,,,傳,Lingbao,Manuals,,,,,上清靈寶大法,Shangqing lingbao dafa ,寧全真,Ning Quanzhen,傳,,,,1101-1181,67,Lingbao,Manuals,,,,,
DZ1222,上清靈寶大法目錄,,,,,,Lingbao,Manuals,,,,,上清靈寶大法目錄,Shangqing lingbao dafa mulu ,,,,,,,,1,Lingbao,Manuals,,,,,
DZ1223,上清靈寶大法,金允中,,,,撰,Lingbao,Manuals,,,,,上清靈寶大法,Shangqing lingbao dafa ,金允中,Jin Yunzhong,撰,,,,fl.1224-1225,44,Lingbao,Manuals,,,,,
DZ1224,道門定制,呂元素,,,,纂,Lingbao,Manuals,,,1188,,道門定制,Daomen dingzhi ,呂元素,Lü Yuansu ,纂,,,,,10juan+1folio,Lingbao,Manuals,,,,,
DZ1224,道門定制,胡湘龍,,,,編,Lingbao,Manuals,,,,,道門定制,Daomen dingzhi ,胡湘龍,Hu Xianglong,編,,,,,10juan+1folio,Lingbao,Manuals,,,,,
DZ1225,道門科範大全集,杜光庭,,,,撰,Lingbao,Rituals,,,,,道門科範大全集,Daomen kefan daquan ji ,杜光庭,Du Guangting ,撰,廣成先生；東瀛子；華頂、天姥峰羽人,賓聖,,850-933,86,Lingbao,Rituals,,,,,
DZ1225,道門科範大全集,仲勵,,,,編,Lingbao,Rituals,,,,,道門科範大全集,Daomen kefan daquan ji ,仲勵,Zhong Li,編,,,,Early fifteenth century,86,Lingbao,Rituals,,,,,
DZ1226,道門通教必用集,呂太古,,,,纂,Lingbao,Manuals,,,1201,,道門通教必用集,Daomen tongjiao biyong ji ,呂太古,Lü Taigu,纂,,,,,9juan+8folios,Lingbao,Manuals,,,,,
DZ1227,太上助國救民總真祕要,元妙宗,,,,撰,Tianxin Zhengfa and Related Rites,,,,1116,,太上助國救民總真祕要,Taishang zhuguo jiumin zongzhen biyao ,元妙宗,Yuan Miaozong ,撰,,,,,10juan+2 fol,Tianxin Zhengfa and Related Rites,,,,,,
DZ1228,正一論,,,,,,The Orthodox One Way of the Heavenly Master  ,Miscellaneous,,Tang,618,907,正一論,Zhengyi lun ,,,,,,,,1,The Orthodox One Way of the Heavenly Master  ,Miscellaneous,,,,,
DZ1229,全真坐缽捷法,,,,,,The Quanzhen Order,Rules and Organization,,Yuan,1279,1368,全真坐缽捷法,Quanzhen zuobo jiefa ,,,,,,,,1,The Quanzhen Order,Rules and Organization,,,,,
DZ1230,太平御覽,李昉,,,,纂,Handbooks and Anthologies,,,,983,,太平御覽,Taiping yulan ,李昉,Li Fang,纂,,,,,3,Handbooks and Anthologies,,,,,,
DZ1231,道書援神契,,,,,,Philosophy,Treatises and Essays,,,1305,,道書援神契,Daoshu yuanshen qi ,,,,,,,,1,Philosophy,Treatises and Essays,,,,,
DZ1232,道門十規,張宇初,,,,撰,Zhengyi,Miscellanea,,,1406,,道門十規,Daomen shigui ,張宇初,Zhang Yuchu ,撰,耆山,子璿,,1361-1410,1,Zhengyi,Miscellanea,,,,,
DZ1233,重陽立教十五論,王嚞,,,,撰,The Quanzhen Order,Rules and Organization,,,,,重陽立教十五論,Chongyang lijiao shiwu lun ,王嚞,Wang Zhe,撰,重陽子,允卿,,1113-1170,1,The Quanzhen Order,Rules and Organization,,,,,
DZ1234,丹陽真人直言,,,,,,The Quanzhen Order,Logia and Collected Works,,Twelfth century,1101,1200,丹陽真人直言,Danyang zhenren zhiyan ,,,,,,,,1,The Quanzhen Order,Logia and Collected Works,,,,,
DZ1235,全真清規,陸道和,,,,纂,The Quanzhen Order,Rules and Organization,,Fourteenth century,1301,1400,全真清規,Quanzhen qinggui ,陸道和,Lu Daohe ,纂,通玄子,,,,1,The Quanzhen Order,Rules and Organization,,,,,
DZ1236,太上出家傳度儀,賈善翔,,,,撰,Lingbao,Rituals,,,,,太上出家傳度儀,Taishang chujia chuandu yi ,賈善翔,Jia Shanxiang,撰,崇德悟真大師,鴻舉,,1081-1121,1,Lingbao,Rituals,,,,,
DZ1237,三洞修道儀,孫夷中,,,,撰,Zhengyi,Miscellanea,,,1003,,三洞修道儀,Sandong xiudao yi ,孫夷中,Sun Yizhong ,撰,葆光子,,,,1,Zhengyi,Miscellanea,,,,,
DZ1238,傳授經戒儀註訣,,,,,,The Taixuan Division,,,Early Tang,618,763,傳授經戒儀註訣,Chuanshou jingjie yi zhujue ,,,,,,,,1,The Taixuan Division,,,,,,
DZ1239,正一修真略儀,,,,,,The Orthodox One Way of the Heavenly Master ,Liturgical Organization,,Tang,618,907,正一修真略儀,Zhengyi xiuzhen lüeyi ,,,,,,,,1,The Orthodox One Way of the Heavenly Master ,Liturgical Organization,,,,,
DZ1240,洞玄靈寶道士受三洞經誡法籙擇日曆,張萬福,,,,撰,The General Liturgical Organization of the Tang,,,,,,洞玄靈寶道士受三洞經誡法籙擇日曆,Dongxuan lingbao daoshi shou sandong jingjie falu zeri li ,張萬福,Zhang Wanfu ,撰,,,,fl. 711-713,1,The General Liturgical Organization of the Tang,,,,,,
DZ1241,傳授三洞經戒法籙略說,張萬福,,,,撰,The General Liturgical Organization of the Tang,,,,,,傳授三洞經戒法籙略說,Chuanshou sandong jingjie falu lüeshuo ,張萬福,Zhang Wanfu ,撰,,,,fl. 711-713,2,The General Liturgical Organization of the Tang,,,,,,
DZ1242,正一法文法籙部儀,,,,,,The Orthodox One Way of the Heavenly Master ,Liturgical Organization,,Early Tang,618,763,正一法文法籙部儀,Zhengyi fawen falu buyi ,,,,,,,,1,The Orthodox One Way of the Heavenly Master ,Liturgical Organization,,,,,
DZ1243,正一法文太上外籙儀,,,,,,Way of the Heavenly Master,Rituals and Rules,,Six Dynasties ,220,589,正一法文太上外籙儀,Zhengyi fawen taishang wailu yi,,,,,,,,1,Way of the Heavenly Master,Rituals and Rules,,,,,
DZ1244,受籙次第法信儀,,,,,,The General Liturgical Organization of the Tang,,,Mid-Tang ,618,907,受籙次第法信儀,Shoulu cidi faxin yi ,,,,,,,,,The General Liturgical Organization of the Tang,,,,,,
DZ1245,洞玄靈寶道士明鏡法,,,,,,Yangsheng,Respiratory Techniques,,Tang,618,907,洞玄靈寶道士明鏡法,Dongxuan lingbao daoshi mingjing fa ,,,,,,,,1,Yangsheng,Respiratory Techniques,,,,,
DZ1246,洞玄靈寶課中法,,,,,,The Orthodox One Way of the Heavenly Master ,Liturgical Organization,,Early Tang,618,763,洞玄靈寶課中法,Dongxuan lingbao kezhong fa ,,,,,,,,1,The Orthodox One Way of the Heavenly Master ,Liturgical Organization,,,,,
DZ1247,太清玉司左院祕要上法,霞映,,,,撰,Shenxiao Fa and Related Thunder Rites,,,,,,太清玉司左院祕要上法,Taiqing yusi zuoyuan biyao shangfa ,霞映,Xia Ying,撰,洞山真人,,,,1,Shenxiao Fa and Related Thunder Rites,,,,,,
DZ1248,三洞群仙錄,陳葆光,,,,纂,Sacred History and Geography,Hagiographies,,,,,三洞群仙錄,Sandong qunxian lu ,陳葆光,Chen Baoguang ,纂,,,,,20,Sacred History and Geography,Hagiographies,,,,,
DZ1248,三洞群仙錄,林季仲,,,,序,Sacred History and Geography,Hagiographies,,,1154,,三洞群仙錄,Sandong qunxian lu ,林季仲,Lin Jizhong,序,,竹軒,,,20,Sacred History and Geography,Hagiographies,,,,,
DZ1249,三十代天師虛靖真君語錄,張繼先,,,,撰,Collectanea,Collected Works,,,1395,,三十代天師虛靖真君語錄,Sanshi dai tianshi Xujing zhenjun yulu ,張繼先,Zhang Jixian ,撰,續靜真人,,,1092-1126,7,Collectanea,Collected Works,,,,,
DZ1249,三十代天師虛靖真君語錄,張宇初,,,,纂,Collectanea,Collected Works,,,,,三十代天師虛靖真君語錄,Sanshi dai tianshi Xujing zhenjun yulu ,張宇初,Zhang Yuchu,纂,耆山,子璿,,1361-1410,7,Collectanea,Collected Works,,,,,
DZ1250,沖虛通妙侍宸王先生家話,袁庭植,,,,撰,Collectanea,Logia (Yulu),,,,,沖虛通妙侍宸王先生家話,Chongxu tongmiao sichen Wang xiansheng jiahua ,袁庭植,Yuan Tingzhi ,撰,,,,fl. 1153,1,Collectanea,Logia (Yulu),,,,,
DZ1251,虛靜沖和先生徐神翁語錄,苗希頤,,,,纂,Collectanea,Logia (Yulu),,,1131,,虛靜沖和先生徐神翁語錄,Xujing chonghe xiansheng Xu shenweng yulu ,苗希頤,Miao Xiyi ,纂,,,,,2,Collectanea,Logia (Yulu),,,,,
DZ1251,虛靜沖和先生徐神翁語錄,朱翌,,,,編,Collectanea,Logia (Yulu),,,1158,,虛靜沖和先生徐神翁語錄,Xujing chonghe xiansheng Xu shenweng yulu ,朱翌,Zhu Yi,編,,,,,2,Collectanea,Logia (Yulu),,,,,
DZ1251,虛靜沖和先生徐神翁語錄,朱宋卿,,,,改訂,Collectanea,Logia (Yulu),,,1187,,虛靜沖和先生徐神翁語錄,Xujing chonghe xiansheng Xu shenweng yulu ,朱宋卿,Zhu Songqing,改訂,,,,,2,Collectanea,Logia (Yulu),,,,,
DZ1253,道法心傳,王惟一,,,,撰,Collectanea,Collected Works,,,,,道法心傳,Daofa xinchuan ,王惟一,Wang Weiyi ,撰,景陽子,,,d. 1326,1,Collectanea,Collected Works,,,,,
DZ1254,雷法議玄篇,萬宗師,,,,撰,Shenxiao Fa and Related Thunder Rites,,,,,,雷法議玄篇,Leifa yixuan pian ,萬宗師,Patriarch Wan zongshi ,撰,元虛真人,,,,1,Shenxiao Fa and Related Thunder Rites,,,,,,
DZ1255,老子微旨例略,王弼,,,,撰,Philosophy,Commentaries,,,226,249,老子微旨例略,Laozi weizhi lilüe,王弼,Wang Bi,撰,,輔嗣,,226-249,1,Philosophy,Commentaries,,,,DZTK 78,
DZ1256,真仙直指語錄,玄全子,,,,纂,The Quanzhen Order,Logia and Collected Works,,Yuan,1279,1368,真仙直指語錄,Zhenxian zhizhi yulu ,玄全子,Xuan Quanzi ,纂,海天秋月道人,,,,2,The Quanzhen Order,Logia and Collected Works,,,,,
DZ1257,群仙要語纂集,董漌醇,,,,纂,Handbooks and Anthologies,,,Late Yuan (1279-1368) or early Ming (1368-1644),,,群仙要語纂集,Qunxian yaoyu zuanji ,董漌醇,Dong Jinchun ,纂,還初道人,,,,2,Handbooks and Anthologies,,,,,,
DZ1258,諸真內丹集要,玄全子,,,,纂,The Quanzhen Order,Individual Practice,,Yuan,1279,1368,諸真內丹集要,Zhuzhen neidan jiyao ,玄全子,Xuan Quanzi,纂,海天秋月道人,,,,3,The Quanzhen Order,Individual Practice,,,,,
DZ1259,龍虎精微論,,,,,,Neidan and Yangsheng,General Works and Manuals,,,,,龍虎精微論,Longhu jingwei lun ,,,,,,,,1,Neidan and Yangsheng,General Works and Manuals,,,,,
DZ1260,三要達道篇,,,,,,Philosophy,Treatises and Essays,,Yuan,1279,1368,三要達道篇,Sanyao dadao pian ,,,,,,,,1,Philosophy,Treatises and Essays,,,,,
DZ1261,六根歸道篇,,,,,,Philosophy,Treatises and Essays,,Yuan,1279,1368,六根歸道篇,Liugen guidao pian,,,,,,,,1,Philosophy,Treatises and Essays,,,,,
DZ1262,意林,馬總,,,,撰,Handbooks and Encyclopedias,,,,787,,意林,Yilin ,馬總,Ma Zong ,撰,,元會,,,5,Handbooks and Encyclopedias,,,,,,
DZ1263,莊列十論,李元卓,,,,撰,Philosophy,Commentaries on Ancient Philosophers,The Zhuangzi,Song,960,1279,莊列十論,Zhuanglie shilun ,李元卓,Li Yuanzhuo ,撰,,士表,,,1,Philosophy,Commentaries on Ancient Philosophers,The Zhuangzi,,,,
DZ1264,離峰老人集,于道顯,,,,撰,The Quanzhen Order,Logia and Collected Works,,,,,離峰老人集,Lifeng laoren ji ,于道顯,Yu Daoxian,撰,離峰子,,,1168-1232,2,The Quanzhen Order,Logia and Collected Works,,,,,
DZ1265,北帝七元紫庭延生祕訣,,,,,,The Orthodox One Way of the Heavenly Master ,Rituals,,Tang or Five Dynasties (seventh to tenth century)?,,,北帝七元紫庭延生祕訣,Beidi qiyuan ziting yansheng bijue ,,,,,,,,1,The Orthodox One Way of the Heavenly Master ,Rituals,,,,,
DZ1266,鄧天君玄靈八門報應內旨,,,,,,Shenxiao Fa and Related Thunder Rites,,,,,,鄧天君玄靈八門報應內旨,Deng tianjun xuanling bamen baoying neizhi ,,,,,,,,1,Shenxiao Fa and Related Thunder Rites,,,,,,
DZ1267,九天上聖祕傳金符經,,,,,,Other Popular Cults,Popular Rites,,,,,九天上聖祕傳金符經,Jiutian shangsheng bizhuan jinfu jing ,,,,,,,,1,Other Popular Cults,Popular Rites,,,,,
DZ1268,天皇太一神律避穢經,,,,,,Other Popular Cults,Popular Rites,,,,,天皇太一神律避穢經,Tianhuang taiyi shenlü bihui jing ,,,,,,,,1,Other Popular Cults,Popular Rites,,,,,
DZ1269,上清修身要事經,,,,,,Dongzhen Division,"Manuals, Anthologies, and Encyclopedias",Practices,Tang,618,907,上清修身要事經,Shangqing xiushen yaoshi jing ,,,,,,,,1,Dongzhen Division,"Manuals, Anthologies, and Encyclopedias",Practices,,,,
DZ1270,正一法文修真旨要,,,,,,The Orthodox One Way of the Heavenly Master ,Miscellaneous ,,Tang,618,907,正一法文修真旨要,Zhengyi fawen xiuzhen zhiyao ,,,,,,,,1,The Orthodox One Way of the Heavenly Master ,Miscellaneous ,,,,,
DZ1271,洞玄靈寶真人修行延年益算法,,,,,,Shangqing,Rituals,,,,,洞玄靈寶真人修行延年益算法,Dongxuan lingbao zhenren xiuxing yannian yisuan fa ,,,,,,,,1,Shangqing,Rituals,,,,,
DZ1272,三洞道士居山修練科,,,,,,Yangsheng,Miscellaneous Practices,,Tang,618,907,三洞道士居山修練科,Sandong daoshi jushan xiulian ke ,,,,,,,,1,Yangsheng,Miscellaneous Practices,,,,,
DZ1273,正一天師告趙昇口訣,,,,,,Way of the Heavenly Master,Didactic and Doctrinal Treatises,,Eastern Jin ,317,420,正一天師告趙昇口訣,Zhengyi tianshi gao ZhaoSheng koujue,,,,,,,,1,Way of the Heavenly Master,Didactic and Doctrinal Treatises,,,,,
DZ1274,玄和子十二月卦金訣,,,,,,Neidan and Yangsheng,General Works and Manuals,,,,,玄和子十二月卦金訣,Xuanhe zi shier yue gua jin jue ,,,,,,,,3,Neidan and Yangsheng,General Works and Manuals,,,,,
DZ1275,雨暘氣候親機,,,,,,Divination and Numerology,,,,,,雨暘氣候親機,Yuyang qihou qinji ,,,,,,,,1,Divination and Numerology,,,,,,
DZ1276,盤天經,,,,,,Divination and Numerology,,,,,,盤天經,Pantian jing ,,,,,,,,1,Divination and Numerology,,,,,,
DZ1277,道法宗旨圖衍義,鄧柟,,,,撰,Tianxin Zhengfa and Related Rites,,,,1299,,道法宗旨圖衍義,Daofa zongzhi tu yanyi ,鄧柟,Deng Nan,撰,鐵崖子,以正,,,2,Tianxin Zhengfa and Related Rites,,,,,,
DZ1277,道法宗旨圖衍義,章希賢,,,,撰,Tianxin Zhengfa and Related Rites,,,,,,道法宗旨圖衍義,Daofa zongzhi tu yanyi ,章希賢,Zhang Xixian,撰,養吾,,,,2,Tianxin Zhengfa and Related Rites,,,,,,
DZ1278,洞玄靈寶五感文,陸修靜,,,,撰,Lingbao Canon,Doctrinal and Liturgical Works,,,406,477,洞玄靈寶五感文,Dongxuan lingbao wugan wen ,陸修靜,Lu Xiujing,撰,,元德,簡寂先生、丹元真人,406-477,1,Lingbao Canon,Doctrinal and Liturgical Works,,,,,
DZ1279,靈書肘後鈔,,,,,,Tianxin Zhengfa and Related Rites,,,Song,960,1279,靈書肘後鈔,Lingshu zhouhou chao,,,,,,,,1,Tianxin Zhengfa and Related Rites,,,,,,
DZ1280,玄壇刊誤論,張若海,,,,撰,The General Liturgical Organization of the Tang,,,,,,玄壇刊誤論,Xuantan kanwu lun ,張若海,Zhang Ruohai ,撰,悟微子,,,fl. 943,1,The General Liturgical Organization of the Tang,,,,,,
DZ1281,五嶽真形圖序論 ,,,,,,Dongshen Division,-,,Late Six Dynasties,220,589,五嶽真形圖序論 ,Wuyue zhenxing xulun,,,,,,,,1,Dongshen Division,-,,,,DZTK 265: Late Six Dynasties,
DZ1282,高上神霄宗師受經式,,,,,,Shenxiao Fa and Related Thunder Rites ,,,Southern Song,1127,1279,高上神霄宗師受經式,Gaoshang shenxiao zongshi shoujing shi ,,,,,,,,1,Shenxiao Fa and Related Thunder Rites ,,,,,,
DZ1283,太上洞神行道授度儀,,,,,,Sanhuang Scriptures and Rituals,,,Tang,618,907,太上洞神行道授度儀,Taishang dongshen xingdao shoudu yi ,,,,,,,,1,Sanhuang Scriptures and Rituals,,,,,,
DZ1284,太上洞神三皇傳授儀,,,,,,Sanhuang Scriptures and Rituals,,,Early Tang,618,763,太上洞神三皇傳授儀,Taishang dongshen sanhuang chuanshou yi ,,,,,,,,1,Sanhuang Scriptures and Rituals,,,,,,
DZ1285,翊聖保德傳,王欽若,,,,撰,Sacred History and Geography,Sacred Histories and Records,,,1016,,翊聖保德傳,Yisheng baode zhuan ,王欽若,Wang Qinruo ,撰,,定國,,962-1025,3,Sacred History and Geography,Sacred Histories and Records,,,,,
DZ1286,廬山太平興國宮採訪真君事實,葉義問,,,,纂,Sacred History and Geography,Sacred Histories and Records,,,1154,,廬山太平興國宮採訪真君事實,Lushan Taiping xingguo gong Caifang zhenjun shishi ,葉義問,Ye Yiwen,纂,,,,,7,Sacred History and Geography,Sacred Histories and Records,,,,,
DZ1287,正一法文經護國醮海品,,,,,,The Orthodox One Way of the Heavenly Master  ,Rituals,,Tang,618,907,正一法文經護國醮海品,Zhengyi fawen jing huguo jiaohai pin ,,,,,,,,1,The Orthodox One Way of the Heavenly Master  ,Rituals,,,,,
DZ1288,元辰章醮立成曆,,,,,,Way of the Heavenly Master,Rituals and Rules,,Six Dynasties ,220,589,元辰章醮立成曆,Yuanchen zhangjiao licheng Ii ,,,,,,,,2,Way of the Heavenly Master,Rituals and Rules,,,,,
DZ1289,六十甲子本命元辰曆,,,,,,Way of the Heavenly Master,Rituals and Rules,,Six Dynasties,220,589,六十甲子本命元辰曆,Liushi jiazi benming yuanchen Ii ,,,,,,,,1,Way of the Heavenly Master,Rituals and Rules,,,,,
DZ1290,太上洞神洞淵神咒治病口章,,,,,,Other Revealed Scriptures,-,,Six Dynasties,220,589,太上洞神洞淵神咒治病口章,Taishang dongshen dongyuan shenzhou zhibing kouzhang,,,,,,,,1,Other Revealed Scriptures,-,,,,"If it is 神咒經tradition, then it should share the same beginning date.",
DZ1291,上清經祕訣,,,,,,The General Liturgical Organization of the Tang,,,Tang,618,907,上清經祕訣,Shangqing jing bijue ,,,,,,,,1,The General Liturgical Organization of the Tang,,,,,,
DZ1292,靈寶鍊度五仙安靈鎮神黃繪章法,,,,,,Lingbao,Rituals and Rules ,,Tang,618,907,靈寶鍊度五仙安靈鎮神黃繪章法,Lingbao liandu wuxian anling zhenshen huangzeng zhangfa ,,,,,,,,1,Lingbao,Rituals and Rules ,,,,,
DZ1293,上清太微帝君結帶真文法,陸修靜,,,,撰,Shangqing,Rituals and Rules,,,406,477,上清太微帝君結帶真文法,Shangqing taiwei dijun jiedai zhenwen fa ,陸修靜,Lu Xiujing,撰,,元德,簡寂先生、丹元真人,406-477,1,Shangqing,Rituals and Rules,,,,,
DZ1294,上清黃書過度儀,,,,,,Way of the Heavenly Master,Rituals and Rules,,,200,300,上清黃書過度儀,Shangqing huangshu guodu yi ,,,,,,,,1,Way of the Heavenly Master,Rituals and Rules,,,,,
DZ1295,太上洞玄靈寶二部傳授儀,,,,,,Lingbao Canon,Doctrinal and Liturgical Works,,Six Dynasties,220,589,太上洞玄靈寶二部傳授儀,Taishang dongxuan lingbao erbu chuanshou yi,,,,,,,,1,Lingbao Canon,Doctrinal and Liturgical Works,,,,,
DZ1296,洞玄靈寶八節齋宿啟儀,,,,,,Dongyuan and Shengxuan Scriptures and Rituals,The Dongyuan shenzhou jing,,Tang,618,907,洞玄靈寶八節齋宿啟儀,Dongxuan lingbao bajie zhai suqi yi ,,,,,,,,1,Dongyuan and Shengxuan Scriptures and Rituals,The Dongyuan shenzhou jing,,,,,
DZ1297,洞玄靈寶五老攝召北豐鬼魔赤書玉訣,葛巢甫,句容,"31,9453","119,1717",,Lingbao Canon,Canonical Lingbao Scriptures,,,395,405,洞玄靈寶五老攝召北豐鬼魔赤書玉訣,Dongxuan lingbao wulao shezhao beifeng guimo chishu yujue,葛巢甫,Ge Chaofu,,,,,402,1,Lingbao Canon,Canonical Lingbao Scriptures,,句容,PL000000011098,MSB Daterange,
DZ1298,四聖真君靈籤,,,,,,Other Popular Cults,Divination Slips,,,,,四聖真君靈籤,Sisheng zhenjun lingqian ,,,,,,,,1,Other Popular Cults,Divination Slips,,,,,
DZ1299,玄真靈應寶籤,,,,,,Other Popular Cults,Divination Slips,,,,,玄真靈應寶籤,Xuanzhen lingying baoqian ,,,,,,,,3,Other Popular Cults,Divination Slips,,,,,
DZ1300,大慈好生九天衛房聖母元君靈應寶籤,,,,,,Other Popular Cults,Divination Slips,,,,,大慈好生九天衛房聖母元君靈應寶籤,Daci haosheng jiutian weifang shengmu yuanjun lingying baoqian ,,,,,,,,1,Other Popular Cults,Divination Slips,,,,,
DZ1301,洪恩靈濟真君靈籤,,,,,,The Hongen Lingji Zhenjun Cult,,,,,,洪恩靈濟真君靈籤,Hongen lingji zhenjun lingqian ,,,,,,,,1,The Hongen Lingji Zhenjun Cult,,,,,,
DZ1302,靈濟真君注生堂靈籤,,,,,,The Hongen Lingji Zhenjun Cult,,,,,,靈濟真君注生堂靈籤,Lingji zhenjun Zhusheng tang lingqian ,,,,,,,,1,The Hongen Lingji Zhenjun Cult,,,,,,
DZ1303,扶天廣聖如意靈籤,,,,,,Other Popular Cults,Divination Slips,,,,,扶天廣聖如意靈籤,Futian guangsheng ruyi lingqian ,,,,,,,,1,Other Popular Cults,Divination Slips,,,,,
DZ1304,贛州聖濟廟靈跡理,宋濓,,,,撰,Other Popular Cults,Divination Slips,,,1371,,贛州聖濟廟靈跡理,Ganzhou Shengji miao lingji li ,宋濓,Song Lian,撰,,,,,1,Other Popular Cults,Divination Slips,,,,,
DZ1305,護國嘉濟江東王靈籤,傅燁var傅煜,,,,撰,Other Popular Cults,Divination Slips,,,1225,1227,護國嘉濟江東王靈籤,Huguo Jiaji Jiangdong wang lingqian ,傅燁var傅煜,Fu Ye var Fu Yu,撰,,,,,1,Other Popular Cults,Divination Slips,,,,,
DZ1306,葛仙翁肘後備急方,葛洪,羅浮山,"23,283448","114,016525",撰、序,Medicine and Pharmacology,-,,,283,343,葛仙翁肘後備急方,Ge xianweng zhouhou beiji fang,葛洪,Ge Hong,撰、序,抱朴,稚川,,283-343,8,Medicine and Pharmacology,-,,羅浮山,PL000000031276,MSB,
DZ1306,葛仙翁肘後備急方,陶弘景,,,,撰、序,Medicine and Pharmacology,-,,,456,536,葛仙翁肘後備急方,Ge xianweng zhouhou beiji fang,陶弘景,Tao Hongjing,撰、序,華陽隱居,通明,,456-536,8,Medicine and Pharmacology,-,,,,,
DZ1306,葛仙翁肘後備急方,楊用道,,,,撰、序,Medicine and Pharmacology,-,,,1144,,葛仙翁肘後備急方,Ge xianweng zhouhou beiji fang,楊用道,Yang Yongdao,撰、序,,,,1144,8,Medicine and Pharmacology,-,,,,,
DZ1306,葛仙翁肘後備急方,段成已,,,,編、序,Medicine and Pharmacology,-,,,1276,,葛仙翁肘後備急方,Ge xianweng zhouhou beiji fang,段成已,Duan Chengyi,編、序,菊軒先生,,,1276,8,Medicine and Pharmacology,-,,,,,
DZ1307,海瓊白真人語錄,白玉蟾,,,,撰,Collectanea,Logia (Yulu),,,,,海瓊白真人語錄,Haiqiong Bo zhenren yulu ,白玉蟾,Bo Yuchan ,撰,海瓊,如晦、紫清、白叟,,fl. 1194-1229,4,Collectanea,Logia (Yulu),,,,,
DZ1307,海瓊白真人語錄,彭耜,,,,編,Collectanea,Logia (Yulu),,,1251,,海瓊白真人語錄,Haiqiong Bo zhenren yulu ,彭耜,Peng Si ,編,鶴林真逸,,,1185-after 1251,4,Collectanea,Logia (Yulu),,,,,
DZ1307,海瓊白真人語錄,方從義,,,,刊印,Collectanea,Logia (Yulu),,,1302,,海瓊白真人語錄,Haiqiong Bo zhenren yulu ,方從義,Fang Congyi,刊印,,,,,4,Collectanea,Logia (Yulu),,,,,
DZ1308,海瓊問道集,白玉蟾,,,,撰,Collectanea,Logia (Yulu),,,,,海瓊問道集,Haiqiong wendao ji ,白玉蟾,Bo Yuchan ,撰,海瓊,如晦、紫清、白叟,,fl. 1194-1229,1,Collectanea,Logia (Yulu),,,,,
DZ1308,海瓊問道集,劉元長,,,,序,Collectanea,Logia (Yulu),,,,,海瓊問道集,Haiqiong wendao ji ,劉元長,Liu Yuanchang,序,,,,fl. 1192-1217,1,Collectanea,Logia (Yulu),,,,,
DZ1309,海瓊傳道集,白玉蟾,,,,撰,Collectanea,Logia (Yulu),,,,,海瓊傳道集,Haiqiong chuandao ji ,白玉蟾,Bo Yuchan ,撰,海瓊,如晦、紫清、白叟,,fl. 1194-1229,1,Collectanea,Logia (Yulu),,,,,
DZ1310,清和真人北遊語錄,尹志平,,,,撰,The Quanzhen Order,Logia and Collected Works,,,,,清和真人北遊語錄,Qinghe zhenren beiyou yulu ,尹志平,Yin Zhiping ,撰,清和,,,1169-1251,4,The Quanzhen Order,Logia and Collected Works,,,,,
DZ1310,清和真人北遊語錄,段志堅,,,,纂,The Quanzhen Order,Logia and Collected Works,,,1237,,清和真人北遊語錄,Qinghe zhenren beiyou yulu ,段志堅,Duan Zhijian,纂,,,,,4,The Quanzhen Order,Logia and Collected Works,,,,,
DZ1311,峴泉集,張宇初,,,,撰,Collectanea,Collected Works,,,1407,,峴泉集,Xianquan ji ,張宇初,Zhang Yuchu,撰,耆山,子璿,,1361-1410,12,Collectanea,Collected Works,,,,,
DZ1312,太上大道玉清經,,,,,,Lingbao,Scriptures,The Long Treatises,Eighth century,701,800,太上大道玉清經,Taishang dadao yuqing jing ,,,,,,,,10,Lingbao,Scriptures,The Long Treatises,,,,
DZ1313,洞真高上玉帝大洞雌一玉檢五老寶經,,,,,,Dongzhen Division,Scriptures ,,Tang,618,907,洞真高上玉帝大洞雌一玉檢五老寶經,Dongzhen gaoshang yudi dadong ciyi yujian wulao baojing ,,,,,,,,1,Dongzhen Division,Scriptures ,,,,,
DZ1314,洞真太上素靈洞元大有妙經,,,,,,Shangqing,Other Early Shangqing Scriptures,,Six Dynasties,220,589,洞真太上素靈洞元大有妙經,Dongzhen taishang suling dongyuan dayou miaojing,,,,,,,,1,Shangqing,Other Early Shangqing Scriptures,,,,DZTK 188: It seems that none of the texts are much 1ater than the beginning of the Lingbao movement (ear1y 5th century) .,
DZ1315,洞真上清青要紫書金根眾經,,句容,"31,9453","119,1717",,Shangqing,Canonical Shangqing Scriptures,,Six Dynasties ,220,589,洞真上清青要紫書金根眾經,Dongzhen shangqing qingyao zishu jingen zhongjing,,,,,,,,2,Shangqing,Canonical Shangqing Scriptures,,句容,PL000000011098,"DZTK 155: At least partially revealed to YANG XI in 365, but DZ 596 3.15a says revealed 2nd century.",
DZ1316,洞真上清太微帝君步天綱飛地紀金簡玉字上經,,,,,,Shangqing,Canonical Shangqing Scriptures,,Six Dynasties,220,589,洞真上清太微帝君步天綱飛地紀金簡玉字上經,Dongzhen shangqing taiwei dijun bu tiangang fei diji jinjian yuzi shangjing,,,,,,,,29,Shangqing,Canonical Shangqing Scriptures,,,,"DZTK 144: colophon by Xu Rongdi that was perhaps originally attached to this work, according to which the text was transmitted to Xu Yuanyou in A.D. 345.",
DZ1317,洞真上清開天三圖七星移度經,,,,,,Shangqing,The Canonical Shangqing Scriptures,,Six Dynasties,220,589,洞真上清開天三圖七星移度經,Dongzhen shangqing kaitian santu qixing yidu jing ,,,,,,,,2,Shangqing,The Canonical Shangqing Scriptures,,,,,
DZ1318,洞真太上三元流珠經,,,,,,Dongzhen Division,Scriptures ,,Tang,618,907,洞真太上三元流珠經,Dongzhen taishang sanyuan liuzhu jing ,,,,,,,,1,Dongzhen Division,Scriptures ,,,,,
DZ1319,洞真西王母寶神起居經,,,,,,Dongzhen Division,Scriptures ,,Tang,618,907,洞真西王母寶神起居經,Dongzhen xi wang mu baoshen qiju jing ,,,,,,,,1,Dongzhen Division,Scriptures ,,,,,
DZ1320,洞真太上八素真經精耀三景妙訣,,,,,,Dongzhen Division,"Manuals, Anthologies, and Encyclopedias",Practices,Tang,618,907,洞真太上八素真經精耀三景妙訣,Dongzhen taishang basu zhenjing jingyao sanjing miaojue ,,,,,,,,1,Dongzhen Division,"Manuals, Anthologies, and Encyclopedias",Practices,,,,
DZ1321,洞真太上八素真經修習功業妙訣,,,,,,Dongzhen Division,"Manuals, Anthologies, and Encyclopedias",Practices,Tang,618,907,洞真太上八素真經修習功業妙訣,Dongzhen taishang basu zhenjing xiuxi gongye miaojue ,,,,,,,,1,Dongzhen Division,"Manuals, Anthologies, and Encyclopedias",Practices,,,,
DZ1322,洞真太上八素真經三五行化妙訣,,,,,,Dongzhen Division,"Manuals, Anthologies, and Encyclopedias",Practices,Tang,618,907,洞真太上八素真經三五行化妙訣,Dongzhen taishang basu zhenjing sanwu xinghua miaojue ,,,,,,,,1,Dongzhen Division,"Manuals, Anthologies, and Encyclopedias",Practices,,,,
DZ1323,洞真太上八素真經服食日月皇華訣,,句容,"31,9453","119,1717",,Shangqing,Canonical Shangqing Scriptures,,Eastern Jin,317,420,洞真太上八素真經服食日月皇華訣,Dongzhen taishang basu zhenjing fushi riyue huanghua jue,,,,,,,,1,Shangqing,Canonical Shangqing Scriptures,,句容,PL000000011098,"DZTK 142: It was probably joined to DZ426 Shangqing
taishang basu zhenjing",
DZ1324,洞真太上八素真經登壇符札妙訣,,,,,,Dongzhen Division,"Manuals, Anthologies, and Encyclopedias",Liturgy,Tang,618,907,洞真太上八素真經登壇符札妙訣,Dongzhen taishang basu zhenjing dengtan fuzha miaojue ,,,,,,,,1,Dongzhen Division,"Manuals, Anthologies, and Encyclopedias",Liturgy,,,,
DZ1325,洞真太上八素真經占候入定妙訣,,,,,,Dongzhen Division,"Manuals, Anthologies, and Encyclopedias",Practices,Tang,618,907,洞真太上八素真經占候入定妙訣,Dongzhen taishang basu zhenjing zhanhou ruding miaojue ,,,,,,,,1,Dongzhen Division,"Manuals, Anthologies, and Encyclopedias",Practices,,,,
DZ1326,洞真上清龍飛九道尺素隱訣,,,,,,Shangqing,Canonical Shangqing Scriptures,,Six Dynasties ,220,589,洞真上清龍飛九道尺素隱訣,Dongzhen shangqing longfei jiudao chisu yinjue,,,,,,,,1,Shangqing,Canonical Shangqing Scriptures,,,,,
DZ1327,洞真太上三九素語玉精真訣,,句容,"31,9453","119,1717",,Shangqing,Canonical Shangqing Scriptures,,Six Dynasties,220,589,洞真太上三九素語玉精真訣,Dongzhen taishang sanjiu suyu yujing zhenjue,,,,,,,,1,Shangqing,Canonical Shangqing Scriptures,,句容,PL000000011098,"DZTK 156: Shangqing apocryphal work, must have appeared sometime around the end of the fourth century (Shangqing revelation) and the beginning of the fifth century",
DZ1328,洞真太上八道命籍經,,,,,,Dongzhen Division,Scriptures ,,,,,洞真太上八道命籍經,Dongzhen taishang badao mingji jing ,,,,,,,,2,Dongzhen Division,Scriptures ,,,,,
DZ1329,太上九赤班符五帝內真經,楊羲,句容,"31,9453","119,1717",,Shangqing,Canonical Shangqing Scriptures,,Eastern Jin ,363,370,太上九赤班符五帝內真經,Taishang jiuchi banfu wudi neizhen jing,楊羲,Yang Xi,,,羲和,,330-386,1,Shangqing,Canonical Shangqing Scriptures,,句容,PL000000011098,DZTK 166: The present text belongs to the original Shangqing revelation,
DZ1330,洞真太一帝君太丹隱書洞真玄經,,,,,,Shangqing,Canonical Shangqing Scriptures,,Six Dynasties,220,589,洞真太一帝君太丹隱書洞真玄經,Dongzhen taiyi dijun taidan yinshu dongzhen xuanjing,,,,,,,,1,Shangqing,Canonical Shangqing Scriptures,,,,,
DZ1331,洞真上清神州七轉七變舞天經,,,,,,Shangqing,Canonical Shangqing Scriptures,,Six Dynasties,220,589,洞真上清神州七轉七變舞天經,Dongzhen shangqing shenzhou qizhuan qibian wutian jing,,,,,,,,1,Shangqing,Canonical Shangqing Scriptures,,,,,
DZ1332,洞真太上紫度炎光神元變經,,,,,,Shangqing,Canonical Shangqing Scriptures,,Six Dynasties,220,589,洞真太上紫度炎光神元變經,Dongzhen taishang zidu yanguang shenyuan bian jing,,,,,,,,1,Shangqing,Canonical Shangqing Scriptures,,,,DZTK 153: could date from beginning of 5th century.,
DZ1333,洞真太上神虎玉經,,,,,,Shangqing,Canonical Shangqing Scriptures,,Six Dynasties,220,589,洞真太上神虎玉經,Dongzhen taishang shenhu yujing,,,,,,,,1,Shangqing,Canonical Shangqing Scriptures,,,,DZTK 184: The text bears a colophon by Xu RONGDI,
DZ1334,洞真太上神虎隱文,楊羲,句容,"31,9453","119,1717",,Shangqing,Canonical Shangqing Scriptures,,Eastern Jin,363,370,洞真太上神虎隱文,Dongzhen taishang shenhu yinwen,楊羲,Yang Xi,,,羲和,,330-386,1,Shangqing,Canonical Shangqing Scriptures,,句容,PL000000011098,DZTK 167: This text is said to have been revealed to YANG XI inA.D. 365 (see 1016 Zhengao 1.12a),
DZ1335,洞真太上紫文丹章,,,,,,Shangqing,Canonical Shangqing Scriptures,,Six Dynasties,220,589,洞真太上紫文丹章,Dongzhen taishang ziwen danzhang,,,,,,,,1,Shangqing,Canonical Shangqing Scriptures,,,,,
DZ1336,洞真太上金篇虎符真文經,,,,,,Shangqing,Canonical Shangqing Scriptures,,Six Dynasties ,220,589,洞真太上金篇虎符真文經,Dongzhen taishang jinpian hufu zhenwen jing,,,,,,,,1,Shangqing,Canonical Shangqing Scriptures,,,,,
DZ1337,洞真太微金虎真符,,,,,,Shangqing,Canonical Shangqing Scriptures,,Six Dynasties,220,589,洞真太微金虎真符,Dongzhen taiwei jinhu zhenfu,,,,,,,,1,Shangqing,Canonical Shangqing Scriptures,,,,,
DZ1338,洞真太上太素玉籙,,,,,,Dongzhen Division,The Shangqing Registers,,Tang,618,907,洞真太上太素玉籙,Dongzhen taishang taisu yulu ,,,,,,,,1,Dongzhen Division,The Shangqing Registers,,,,,
DZ1339,洞真八景玉籙晨圖隱符,,,,,,Shangqing,Canonical Shangqing Scriptures,,Six Dynasties,220,589,洞真八景玉籙晨圖隱符,Dongzhen bajing yulu chentu yinfu,,,,,,,,1,Shangqing,Canonical Shangqing Scriptures,,,,,
DZ1340,洞真太上倉元上錄,,,,,,Dongzhen Division,The Shangqing Registers,,Tang,618,907,洞真太上倉元上錄,Dongzhen taishang cangyuan shanglu ,,,,,,,,1,Dongzhen Division,The Shangqing Registers,,,,,
DZ1341,洞真太上上皇民籍定真玉籙,,,,,,Shangqing,Rituals and Rules,,,,,洞真太上上皇民籍定真玉籙,Dongzhen taishang shanghuang minji dingzhen yulu,,,,,,,,1,Shangqing,Rituals and Rules,,,,,
DZ1342,洞真太上紫書籙傳,,,,,,Dongzhen Division,Scriptures ,,Tang,618,907,洞真太上紫書籙傳,Dongzhen taishang zishu luchuan ,,,,,,,,1,Dongzhen Division,Scriptures ,,,,,
DZ1343,洞真黃書,,,,,,Way of the Heavenly Master,Rituals and Rules,,Third century?,,,洞真黃書,Dongzhen huangshu,,,,,,,,1,Way of the Heavenly Master,Rituals and Rules,,,,,
DZ1344,洞真太上說智慧消魔真經,,,,,,Dongzhen Division,Scriptures ,,Tang,618,907,洞真太上說智慧消魔真經,Dongzhen taishang shuo zhihui xiaomo zhenjing,,,,,,,,5,Dongzhen Division,Scriptures ,,,,,
DZ1345,洞真太上道君元丹上經,,,,,,Dongzhen Division,Scriptures ,,,,,洞真太上道君元丹上經,Dongzhen taishang daojun yuandan shangjing ,,,,,,,,1,Dongzhen Division,Scriptures ,,,,,
DZ1346,洞真金房度命籙字迴年三華寶曜內真上經,,,,,,Shangqing,Other Early Shangqing Scriptures,,Six Dynasties,220,589,洞真金房度命籙字迴年三華寶曜內真上經,Dongzhen jinfang duming luzi huinian sanhua baoyao neizhen shangjing ,,,,,,,,1,Shangqing,Other Early Shangqing Scriptures,,,,,
DZ1347,洞真太上上清內經,,,,,,Dongzhen Division,"Manuals, Anthologies, and Encyclopedias",Practices,Tang,618,907,洞真太上上清內經,Dongzhen taishang shangqing neijing ,,,,,,,,1,Dongzhen Division,"Manuals, Anthologies, and Encyclopedias",Practices,,,,
DZ1348,洞真太上丹景道精經,,,,,,Shangqing,Other Early Shangqing Scriptures,,Six Dynasties,220,589,洞真太上丹景道精經,Dongzhen taishang danjing daojing jing,,,,,,,,1,Shangqing,Other Early Shangqing Scriptures,,,,"DZTK 193: Although the title is borrowed from a Shangqing work (I359 Shangqing danjing daojing yindi bashu jing) , the present text (Ib) states that it is distinct from the latter. Therefore it is later.",
DZ1349,洞真太上青牙始生經,,,,,,Shangqing,Other Early Shangqing Scriptures,,Six Dynasties,220,589,洞真太上青牙始生經,Dongzhen taishang qingya shisheng jing,,,,,,,,1,Shangqing,Other Early Shangqing Scriptures,,,,,
DZ1350,洞真三天祕諱,,,,,,The Orthodox One Way of the Heavenly Master ,Miscellaneous ,,Tang,618,907,洞真三天祕諱,Dongzhen santian bihui ,,,,,,,,1,The Orthodox One Way of the Heavenly Master ,Miscellaneous ,,,,,
DZ1351,洞真太上飛行羽經九真昇玄上記,,,,,,Shangqing,Canonical Shangqing Scriptures,,Six Dynasties,220,589,洞真太上飛行羽經九真昇玄上記,Dongzhen taishang feixing yujing jiuzhen shengxuan shangji ,,,,,,,,1,Shangqing,Canonical Shangqing Scriptures,,,,DZTK 169: the present work is nowhere authenticated.,
DZ1352,洞真太上太霄琅書,,,,,,Dongzhen Division,"Manuals, Anthologies, and Encyclopedias",Liturgy,,,,洞真太上太霄琅書,Dongzhen taishang taixiao langshu ,,,,,,,,10,Dongzhen Division,"Manuals, Anthologies, and Encyclopedias",Liturgy,,,,
DZ1353,上清道寶經,,,,,,Shangqing,Scriptures,,Song,960,1279,上清道寶經,Shangqing daobao jing ,,,,,,,,5,Shangqing,Scriptures,,,,,
DZ1354,上清太上開天龍蹻經,,,,,,Shangqing,Scriptures,,Song,960,1279,上清太上開天龍蹻經,Shangqing taishang kaitian longlie jing ,,,,,,,,5,Shangqing,Scriptures,,,,,
DZ1355,上清太上玉清隱書滅魔神慧高玄真經,,句容,"31,9453","119,1717",,Shangqing,Canonical Shangqing Scriptures,,Eastern Jin,317,420,上清太上玉清隱書滅魔神慧高玄真經,Shangqing taishang yuqing yinshu miemo shenhui gaoxuan zhenjing,,,,,,,,1,Shangqing,Canonical Shangqing Scriptures,,句容,PL000000011098,"DZTK 139: one of the Secret Scriptures of the Yuqing Heaven of the Shangqing school,",
DZ1356,上清高上滅魔玉帝神慧玉清隱書,,,,,,Shangqing,Canonical Shangqing Scriptures,,Six Dynasties ,220,589,上清高上滅魔玉帝神慧玉清隱書,Shangqing gaoshang miemo yudi shenhui yuqing yinshu,,,,,,,,1,Shangqing,Canonical Shangqing Scriptures,,,,,
DZ1357,上清高上滅魔洞景金元玉清隱書經,,,,,,Shangqing,Canonical Shangqing Scriptures,,Six Dynasties,220,589,上清高上滅魔洞景金元玉清隱書經,Shangqing gaoshang miemo dongjing jinyuan yuqing yinshu jing,,,,,,,,1,Shangqing,Canonical Shangqing Scriptures,,,,,
DZ1358,上清高上金元羽章玉清隱書經,,,,,,Shangqing,Canonical Shangqing Scriptures,,Six Dynasties,220,589,上清高上金元羽章玉清隱書經,Shangqing gaoshang jinyuan yuzhang yuqing yinshu jing,,,,,,,,1,Shangqing,Canonical Shangqing Scriptures,,,,,
DZ1359,上清丹景道精隱地八術經,,句容,"31,9453","119,1717",,Shangqing,Canonical Shangqing Scriptures,,Eastern Jin,317,420,上清丹景道精隱地八術經,Shangqing danjing daojing yindi bashu jing,,,,,,,,2,Shangqing,Canonical Shangqing Scriptures,,句容,PL000000011098,"DZTK 157-8: mentioned by many of the original Shangqing texts. It may go back earlier, it mentions (2.4a-5a) more or less legendary persons who followed its practice, e.g. Liu Yi 劉翊 (A.D. 184; Hou Han shu 111).",
DZ1360,上清九天上帝祝百神內名經,,,,,,Shangqing,Canonical Shangqing Scriptures,,Eastern Jin,317,420,上清九天上帝祝百神內名經,Shangqing jiutian shangdi zhu baishen neiming jing,,,,,,,,1,Shangqing,Canonical Shangqing Scriptures,,,,"DZTK 139: fragments of original Shangqing texts,",
DZ1361,上清七聖玄紀經,,,,,,Shangqing,Canonical Shangqing Scriptures,,Eastern Jin,317,420,上清七聖玄紀經,Shangqing qisheng xuanji jing,,,,,,,,1,Shangqing,Canonical Shangqing Scriptures,,,,DZTK 179: fragment from the original version of I379,
DZ1362,上清太上迴元隱道除罪籍經,,,,,,Shangqing,Canonical Shangqing Scriptures,,Eastern Jin,317,420,上清太上迴元隱道除罪籍經,Shangqing taishang huiyuan yindao chu zuiji jing ,,,,,,,,1,Shangqing,Canonical Shangqing Scriptures,,,,,
DZ1363,上清太極真人撰所施行祕要經,,,,,,Dongzhen Division,Scriptures ,,Tang,618,907,上清太極真人撰所施行祕要經,Shangqing taiji zhenren zhuansuo shixing biyao jing ,,,,,,,,1,Dongzhen Division,Scriptures ,,,,,
DZ1364,上清洞真智慧觀身大戒文,,,,,,Shangqing,Rituals and Rules,,Six Dynasties,220,589,上清洞真智慧觀身大戒文,Shangqing dongzhen zhihui guanshen dajie wen,,,,,,,,1,Shangqing,Rituals and Rules,,,,,
DZ1365,上清元始譜錄太真玉訣,,,,,,Shangqing,Rituals and Rules,,Six Dynasties ,220,589,上清元始譜錄太真玉訣,Shangqing yuanshi pulu taizhen yujue,,,,,,,,1,Shangqing,Rituals and Rules,,,,DZTK 251: The work probably existed already in the fifth century,
DZ1366,上清天關三圖經,,,,,,Shangqing,Canonical Shangqing Scriptures,,Six Dynasties,220,589,上清天關三圖經,Shangqing tianguan santu jing,,,,,,,,1,Shangqing,Canonical Shangqing Scriptures,,,,"DZTK 164: the present text must date, at the latest, from the end of the fifth or the beginning of the sixth century",
DZ1367,上清河圖內玄經,,,,,,Dongzhen Division,Scriptures ,,Tang,618,907,上清河圖內玄經,Shangqing hetu neixuan jing ,,,,,,,,2,Dongzhen Division,Scriptures ,,,,,
DZ1368,上清迴神飛霄登空招五星上法經,,,,,,Shangqing,Canonical Shangqing Scriptures,,Six Dynasties,220,589,上清迴神飛霄登空招五星上法經,Shangqing huishen feixiao dengkong zhao wuxing shangfa jing,,,,,,,,1,Shangqing,Canonical Shangqing Scriptures,,,,"DZTK 154: Corresponds to DZ 1332, and Denghzhen yinjue lists as apocrypha",
DZ1369,上清化形隱景登昇保仙上經,,,,,,Dongzhen Division,Scriptures ,,,,,上清化形隱景登昇保仙上經,Shangqing huaxing yinjing dengsheng baoxian shangjing ,,,,,,,,1,Dongzhen Division,Scriptures ,,,,,
DZ1370,上清迴耀飛光日月精華上經,,,,,,Dongzhen Division,Scriptures ,,,,,上清迴耀飛光日月精華上經,Shangqing huiyao feiguang riyue jinghua shangjing ,,,,,,,,1,Dongzhen Division,Scriptures ,,,,,
DZ1371,上清素靈上篇,,,,,,Shangqing,Other Early Shangqing Scriptures,,Six Dynasties ,220,589,上清素靈上篇,Shangqing suling shangpian,,,,,,,,1,Shangqing,Other Early Shangqing Scriptures,,,,,
DZ1372,上清高上玉晨鳳臺曲素上經,楊羲,句容,"31,9453","119,1717",,Shangqing,Canonical Shangqing Scriptures,,Eastern Jin ,363,370,上清高上玉晨鳳臺曲素上經,Shangqing gaoshang yuchen fengtai qusu shangjing,楊羲,Yang Xi,,,羲和,,330-386,1,Shangqing,Canonical Shangqing Scriptures,,句容,PL000000011098,DZTK 168: is part of the original Shangqing revelations,
DZ1373,上清外國放品青童內文,,,,,,Shangqing,Canonical Shangqing Scriptures,,Six Dynasties,220,589,上清外國放品青童內文,Shangqing waiguo fangpin qingtong neiwen,,,,,,,,2,Shangqing,Canonical Shangqing Scriptures,,,,DZTK,
DZ1374,上清諸真人授經時頌金真章,,,,,,Dongzhen Division,"Manuals, Anthologies, and Encyclopedias",Liturgy,Tang,618,907,上清諸真人授經時頌金真章,Shangqing zhu zhenren shoujing shi song jinzhen zhang ,,,,,,,,1,Dongzhen Division,"Manuals, Anthologies, and Encyclopedias",Liturgy,,,,
DZ1375,上清無上金元玉清金真飛元步虛玉章,,,,,,Dongzhen Division,"Manuals, Anthologies, and Encyclopedias",Liturgy,Tang,618,907,上清無上金元玉清金真飛元步虛玉章,Shangqing wushang jinyuan yuqing jinzhen feiyuan buxu yuzhang ,,,,,,,,1,Dongzhen Division,"Manuals, Anthologies, and Encyclopedias",Liturgy,,,,
DZ1376,上清太上帝君九真中經,,,,,,Shangqing,Canonical Shangqing Scriptures,,Six Dynasties,220,589,上清太上帝君九真中經,Shangqing taishang dijun jiuzhen zhongjing,,,,,,,,2,Shangqing,Canonical Shangqing Scriptures,,,,DZTK,
DZ1377,上清太上九真中經降生神丹訣,楊羲,句容,"31,9453","119,1717",,Shangqing,Canonical Shangqing Scriptures,,Eastern Jin,363,370,上清太上九真中經降生神丹訣,Shangqing taishang jiuzhen zhongjing jiangsheng shendan jue,楊羲,Yang Xi,,,羲和,,330-386,1,Shangqing,Canonical Shangqing Scriptures,,句容,PL000000011098,"DZTK 146: our text is composed
of several parts, all belonging to the original Shangqing revelation (364-370).",
DZ1378,上清金真玉光八景飛經,,句容,"31,9453","119,1717",,Shangqing,Canonical Shangqing Scriptures,,Six Dynasties,220,589,上清金真玉光八景飛經,Shangqing jinzhen yuguang bajing feijing,,,,,,,,1,Shangqing,Canonical Shangqing Scriptures,,句容,PL000000011098,DZTK 141: colophon by Xu RONGDI (d. 435) It should therefore date to the beginning of the fifth century.,
DZ1379,上清玉帝七聖玄紀迴天九霄經,楊羲,句容,"31,9453","119,1717",,Shangqing,Canonical Shangqing Scriptures,,Eastern Jin,363,370,上清玉帝七聖玄紀迴天九霄經,Shangqing yudi qisheng xuanji huitian jiuxiao jing,楊羲,Yang Xi,,,羲和,,330-386,1,Shangqing,Canonical Shangqing Scriptures,,句容,PL000000011098,DZTK 178: belongs to the original Shangqing corpus,
DZ1380,上清太上黃素四十四方經,,,,,,Shangqing,Canonical Shangqing Scriptures,,Six Dynasties,220,589,上清太上黃素四十四方經,Shangqing taishang huangsu sishisi fang jing,,,,,,,,1,Shangqing,Canonical Shangqing Scriptures,,,,,
DZ1381,上清明堂玄丹真經,,,,,,Shangqing,Anthologies,,Six Dynasties ,220,589,上清明堂玄丹真經,Shangqing mingtang xuandan zhenjing,,,,,,,,1,Shangqing,Anthologies,,,,,
DZ1382,上清九丹上化胎精中記經,楊羲,句容,"31,9453","119,1717",,Shangqing,Canonical Shangqing Scriptures,,Eastern Jin,363,370,上清九丹上化胎精中記經,Shangqing jiudan shanghua taijing zhongji jing,楊羲,Yang Xi,,,羲和,,330-386,1,Shangqing,Canonical Shangqing Scriptures,,句容,PL000000011098,DZTK 165: The present text is part of the original Shangqing revelations.,
DZ1383,上清太上元始耀光金虎鳳文章寶經,,,,,,Shangqing,Other Early Shangqing Scriptures,,Six Dynasties ,220,589,上清太上元始耀光金虎鳳文章寶經,Shangqing taishang yuanshi yaoguang jinhu fengwen zhang baojing,,,,,,,,1,Shangqing,Other Early Shangqing Scriptures,,,,DZTK 195: The present text has a colophon stating that it was transmitted in 365 to Xu Yuanyou. This colophon belongs to the kind that Xu RONGDI is reputed to have added to the scriptures he possessed or forged.,
DZ1384,上清太一帝君太丹隱書解胞十二結節圖訣,,,,,,Shangqing,Canonical Shangqing Scriptures,,Six Dynasties,220,589,上清太一帝君太丹隱書解胞十二結節圖訣,Shangqing taiyi dijun taidan yinshu jiebao shier jiejie tujue,,,,,,,,1,Shangqing,Canonical Shangqing Scriptures,,,,,
DZ1385,上清洞真天寶大洞三景寶籙,,,,,,Dongzhen Division,The Shangqing Registers,,,,,上清洞真天寶大洞三景寶籙,Shangqing dongzhen tianbao dadong sanjing baolu,,,,,,,,2,Dongzhen Division,The Shangqing Registers,,,,,
DZ1386,上清大洞三景玉清隱書訣籙,,,,,,Dongzhen Division,The Shangqing Registers,,Tang,618,907,上清大洞三景玉清隱書訣籙,Shangqing dadong sanjing yuqing yinshu juelu,,,,,,,,1,Dongzhen Division,The Shangqing Registers,,,,,
DZ1387,上清元始高上玉皇九天譜錄,,,,,,Dongzhen Division,The Shangqing Registers,,Tang,618,907,上清元始高上玉皇九天譜錄,Shangqing yuanshi gaoshang yuhuang jiutian pulu,,,,,,,,1,Dongzhen Division,The Shangqing Registers,,,,,
DZ1388,上清金真玉皇上元九天真靈三百六十五部元錄,金明七真,,,,撰,Dongzhen Division,The Shangqing Registers,,Early Tang,618,763,上清金真玉皇上元九天真靈三百六十五部元錄,Shangqing jinzhen yuhuang shangyuan jiutian zhenling sanbai liushiwu bu yuanlu ,金明七真,Jinming Qizhen,撰,,,,,1,Dongzhen Division,The Shangqing Registers,,,,,
DZ1389,上清高聖太上大道君洞真金元八景玉錄,,句容,"31,9453","119,1717",,Shangqing,Canonical Shangqing Scriptures,,Eastern Jin ,317,420,上清高聖太上大道君洞真金元八景玉錄,Shangqing gaosheng taishang dadao jun dongzhen jinyuan bajing yulu,,,,,,,,1,Shangqing,Canonical Shangqing Scriptures,,句容,PL000000011098,DZTK 140: colophon recording the transmission by the Ziwei furen  to YANG XI in A. D. 355,
DZ1390,上清洞天三五金剛玄籙儀經,,,,,,Dongzhen Division,Scriptures ,,Tang,618,907,上清洞天三五金剛玄籙儀經,Shangqing dongtian sanwu jin'gang xuanlu yijing ,,,,,,,,1,Dongzhen Division,Scriptures ,,,,,
DZ1391,上清瓊宮靈飛六甲錄,楊羲,句容,"31,9453","119,1717",,Shangqing,Canonical Shangqing Scriptures,,Eastern Jin,363,370,上清瓊宮靈飛六甲錄,Shangqing qionggong lingfei liujia lu,楊羲,Yang Xi,,,羲和,,330-386,1,Shangqing,Canonical Shangqing Scriptures,,句容,PL000000011098,DZTK 175:This text duplicates DZ 84,
DZ1392,上清曲素訣辭籙,,,,,,Dongzhen Division,The Shangqing Registers,,Tang,618,907,上清曲素訣辭籙,Shangqing qusu jueci lu ,,,,,,,,1,Dongzhen Division,The Shangqing Registers,,,,,
DZ1393,上清元始變化寶真上經九靈太妙龜山玄籙,,,,,,Shangqing,Canonical Shangqing Scriptures,,Six Dynasties,220,589,上清元始變化寶真上經九靈太妙龜山玄籙,Shangqing yuanshi bianhua baozhen shangjing jiuling taimiao Guishan xuanlu,,,,,,,,3,Shangqing,Canonical Shangqing Scriptures,,,,DZTK 177: quotations in the encyclopedias WSBY and SDZN,
DZ1394,上清高上龜山玄籙,,,,,,Dongzhen Division,The Shangqing Registers,,Tang,618,907,上清高上龜山玄籙,Shangqing gaoshang Guishan xuanlu ,,,,,,,,1,Dongzhen Division,The Shangqing Registers,,,,,
DZ1395,上清大洞九微八道大經妙籙,,,,,,Dongzhen Division,The Shangqing Registers,,Tang,618,907,上清大洞九微八道大經妙籙,Shangqing dadong jiuwei badao dajing miaolu ,,,,,,,,1,Dongzhen Division,The Shangqing Registers,,,,,
DZ1396,上清河圖寶籙,,,,,,Dongzhen Division,The Shangqing Registers,,Tang,618,907,上清河圖寶籙,Shangqing hetu baolu ,,,,,,,,1,Dongzhen Division,The Shangqing Registers,,,,,
DZ1397,四斗二十八宿天帝大籙,,,,,,Zhengyi,Registers and Talismans,,,,,四斗二十八宿天帝大籙,Sidou ershiba xiu tiandi dalu ,,,,,,,,1,Zhengyi,Registers and Talismans,,,,,
DZ1398,大乘妙林經,,,,,,Lingbao,Scriptures,Medium-Length Scriptures,Early Tang,618,763,大乘妙林經,Dacheng miaolin jing ,,,,,,,,3,Lingbao,Scriptures,Medium-Length Scriptures,,,,
DZ1399,太上元寶金庭無為妙經,,,,,,Neidan and Yangsheng,General Works and Manuals,,,,,太上元寶金庭無為妙經,Taishang yuanbao jinting wuwei miaojing ,,,,,,,,1,Neidan and Yangsheng,General Works and Manuals,,,,,
DZ1400,上清黃庭養神經,,,,,,Yangsheng ,Miscellaneous Practices,,Tang,618,907,上清黃庭養神經,Shangqing huangting yangshen jing ,,,,,,,,1,Yangsheng ,Miscellaneous Practices,,,,,
DZ1401,太上黃庭中景經,李千乘,,,,注,Yangsheng ,Miscellaneous Practices,,Late Tang,764,907,太上黃庭中景經,Taishang huangting zhongjing jing ,李千乘,Li Qiancheng,注,,,,,1,Yangsheng ,Miscellaneous Practices,,,,,
DZ1402,上清黃庭五藏六府真人玉軸經,,,,,,Yangsheng ,Miscellaneous Practices,,Tang,618,907,上清黃庭五藏六府真人玉軸經,Shangqing huangting wuzang liufu zhenren yuzhou jing ,,,,,,,,1,Yangsheng ,Miscellaneous Practices,,,,,
DZ1403,上清僊府瓊林經,,,,,,Dongzhen Division,"Manuals, Anthologies, and Encyclopedias",Practices,,,,上清僊府瓊林經,Shangqing xianfu qionglin jing ,,,,,,,,1,Dongzhen Division,"Manuals, Anthologies, and Encyclopedias",Practices,,,,
DZ1404,上清太極真人神仙經,,,,,,Dongzhen Division,"Manuals, Anthologies, and Encyclopedias",Practices,Tang,618,907,上清太極真人神仙經,Shangqing taiji zhenren shenxian jing ,,,,,,,,1,Dongzhen Division,"Manuals, Anthologies, and Encyclopedias",Practices,,,,
DZ1405,長生胎元神用經,,,,,,Yangsheng,Miscellaneous Practices,,Tang,618,907,長生胎元神用經,Changsheng taiyuan shenyong jing ,,,,,,,,1,Yangsheng,Miscellaneous Practices,,,,,
DZ1406,太上靈寶芝草品,,,,,,Medicine and Pharmacology,,,Song,960,1279,太上靈寶芝草品,Taishang lingbao zhicao pin ,,,,,,,,1,Medicine and Pharmacology,,,,,,
DZ1407,洞玄靈寶二十四生圖經,葛巢甫,句容,"31,9453","119,1717",,Lingbao Canon,Canonical Lingbao Scriptures,,,395,405,洞玄靈寶二十四生圖經,Dongxuan lingbao ershisi sheng tujing,葛巢甫,Ge Chaofu,,,,,402,1,Lingbao Canon,Canonical Lingbao Scriptures,,句容,PL000000011098,MSB Daterange,
DZ1408,玉清上宮科太真文,,,,,,Other Popular Cults,Popular Rites,,Ming,1368,1644,玉清上宮科太真文,Yuqing shanggong ke taizhen wen ,,,,,,,,1,Other Popular Cults,Popular Rites,,,,,
DZ1409,太上九真明科,,,,,,Shangqing,Rituals and Rules,,Six Dynasties,220,589,太上九真明科,Taishang jiuzhen mingke,,,,,,,,1,Shangqing,Rituals and Rules,,,,,
DZ1410,洞玄靈寶千真科,,,,,,Lingbao,Rituals and Rules ,,Seventh century,601,700,洞玄靈寶千真科,Dongxuan lingbao qianzhen ke ,,,,,,,,1,Lingbao,Rituals and Rules ,,,,,
DZ1411,洞玄靈寶長夜之府九幽玉匱明真科,葛巢甫,句容,"31,9453","119,1717",,Lingbao Canon,Canonical Lingbao Scriptures,,,395,405,洞玄靈寶長夜之府九幽玉匱明真科,Dongxuan lingbao changye zhi fu jiuyou yugui mingzhen ke,葛巢甫,Ge Chaofu,,,,,402,1,Lingbao Canon,Canonical Lingbao Scriptures,,句容,PL000000011098,MSB Daterange,
DZ1412,太上元始天尊說北帝伏魔神咒妙經,歐陽雯,,,,纂,The Beidi and Xuantian Shangdi Cult,,,Song,960,1279,太上元始天尊說北帝伏魔神咒妙經,Taishang yuanshi tianzun shuo beidi fumo shenzhou miaojing ,歐陽雯,Ou Yangwen ,纂,,,,,10,The Beidi and Xuantian Shangdi Cult,,,,,,
DZ1413,北帝伏魔經法建壇儀,盧中苓,,,,撰,The Beidi and Xuantian Shangdi Cult,,,Ming,1368,1644,北帝伏魔經法建壇儀,Beidi fumo jing fa jiantan yi ,盧中苓,Lu Zhongling ,撰,,,,,1,The Beidi and Xuantian Shangdi Cult,,,,,,
DZ1414,伏魔經壇謝恩醮儀,,,,,,The Beidi and Xuantian Shangdi Cult,,,Ming,1368,1644,伏魔經壇謝恩醮儀,Fumo jing tan xieen jiaoyi ,,,,,,,,1,The Beidi and Xuantian Shangdi Cult,,,,,,
DZ1415,北帝說豁落七元經,,,,,,The Beidi and Xuantian Shangdi Cult,,,,,,北帝說豁落七元經,Beidi shuo huoluo qiyuan jing ,,,,,,,,1,The Beidi and Xuantian Shangdi Cult,,,,,,
DZ1416,七元真訣語驅疫祕經,,,,,,The Beidi and Xuantian Shangdi Cult,,,,,,七元真訣語驅疫祕經,Qiyuan zhen jueyu quyi bijing ,,,,,,,,1,The Beidi and Xuantian Shangdi Cult,,,,,,
DZ1417,七元璇璣召魔品經,,,,,,The Beidi and Xuantian Shangdi Cult,,,,,,七元璇璣召魔品經,Qiyuan xuanji zhaomo pinjing ,,,,,,,,1,The Beidi and Xuantian Shangdi Cult,,,,,,
DZ1418,元始說度豐都經,,,,,,The Beidi and Xuantian Shangdi Cult,,,,,,元始說度豐都經,Yuanshi shuo du Fengdu jing ,,,,,,,,1,The Beidi and Xuantian Shangdi Cult,,,,,,
DZ1419,七元召魔伏六天神咒經,,,,,,The Beidi and Xuantian Shangdi Cult,,,,,,七元召魔伏六天神咒經,Qiyuan zhaomo fu liutian shenzhou jing ,,,,,,,,1,The Beidi and Xuantian Shangdi Cult,,,,,,
DZ1420,七元真人說神真靈符經,,,,,,The Beidi and Xuantian Shangdi Cult,,,,,,七元真人說神真靈符經,Qiyuan zhenren shuo shenzhen lingfu jing ,,,,,,,,1,The Beidi and Xuantian Shangdi Cult,,,,,,
DZ1421,太上紫微中天七元真經,,,,,,The Beidi and Xuantian Shangdi Cult,,,,,,太上紫微中天七元真經,Taishang ziwei zhongtian qiyuan zhenjing ,,,,,,,,1,The Beidi and Xuantian Shangdi Cult,,,,,,
DZ1422,枕中經,,,,,,The Taixuan Division,,,Tang,618,907,枕中經,Zhenzhong jing ,,,,,,,,1,The Taixuan Division,,,,,,
DZ1423,太清元道真經,,,,,,Yangsheng,Respiratory Techniques,,Ninth century,801,900,太清元道真經,Taiqing yuandao zhenjing ,,,,,,,,3,Yangsheng,Respiratory Techniques,,,,,
DZ1424,太上老君太素經,,,,,,Other Popular Cults,Popular Rites,,,,,太上老君太素經,Taishang laojun taisu jing ,,,,,,,,1,Other Popular Cults,Popular Rites,,,,,
DZ1425,靈信經旨,,,,,,Divination and Numerology,,,Song,960,1279,靈信經旨,Lingxin jingzhi ,,,,,,,,1,Divination and Numerology,,,,,,
DZ1426,唐太古妙應孫真人福壽論,孫思邈,,,,撰,Philosophy,Treatises and Essays,,,,,唐太古妙應孫真人福壽論,Tang taigu miaoying Sun zhenren fushou lun ,孫思邈,Sun Simo,撰,,,,581-682,1,Philosophy,Treatises and Essays,,,,,
DZ1427,太清道林攝生論,,,,,,Yangsheng,Miscellaneous Practices,,Tang,618,907,太清道林攝生論,Taiqing Daolin shesheng lun ,,,,,,,,1,Yangsheng,Miscellaneous Practices,,,,,
DZ1428,侍帝晨東華上佐司命楊君傳記,,,,,,Shangqing,Scriptures,,Song,960,1279,侍帝晨東華上佐司命楊君傳記,Shi dichen Donghua shangzuo siming Yangjun zhuanji ,,,,,,,,1,Shangqing,Scriptures,,,,,
DZ1429,長春真人西遊記,李志常,,,,撰,The Quanzhen Order,Hapiography and Biography,,,,,長春真人西遊記,Changchun zhenren xiyou ji ,李志常,Li Zhichang ,撰,真常子、通玄大師,浩然,,1193-1256,2,The Quanzhen Order,Hapiography and Biography,,,,,
DZ1429,長春真人西遊記,孫錫,,,,序,The Quanzhen Order,Hapiography and Biography,,,1228,,長春真人西遊記,Changchun zhenren xiyou ji ,孫錫,Sun Xi,序,,,,,2,The Quanzhen Order,Hapiography and Biography,,,,,
DZ1430,道藏闕經目錄,,,,,纂,Tables of Contents,,,Fifteenth century,1401,1500,道藏闕經目錄,Daozang quejing mulu ,,the editors of the Da Ming Daozang jing,纂,,,,,2,Tables of Contents,,,,,,
DZ1431,大明道藏經目錄，續道藏經目錄,,,,,,Tables of Contents,,,,,,大明道藏經目錄，續道藏經目錄,"Da Ming Daozang jing mulu, Xu Daozang jing mulu",,,,,,,,4,Tables of Contents,,,,,,
DZ1432,太上中道妙法蓮華經,,,,,,Other Popular Cults,Popular Rites,,,,,太上中道妙法蓮華經,Taishang zhongdao miaofa lianhua jing ,,,,,,,,10,Other Popular Cults,Popular Rites,,,,,
DZ1433,太上元始天尊說寶月光皇后聖母天尊孔雀明王經,,,,,,Other Popular Cults,The Cult of the Northern Dipper,,,,,太上元始天尊說寶月光皇后聖母天尊孔雀明王經,Taishang yuanshi tianzun shuo Bao yueguang huanghou shengmu tianzun kongque mingwang jing ,,,,,,,,1,Other Popular Cults,The Cult of the Northern Dipper,,,,,
DZ1434,聖母孔雀明王尊經啟白儀,,,,,,Other Popular Cults,The Cult of the Northern Dipper,,,,,聖母孔雀明王尊經啟白儀,Shengmu kongque mingwang zunjing qibo yi,,,,,,,,1,Other Popular Cults,The Cult of the Northern Dipper,,,,,
DZ1435,太上元始天尊說孔雀經白文,,,,,,Other Popular Cults,The Cult of the Northern Dipper,,,,,太上元始天尊說孔雀經白文,Taishang yuanshi tianzun shuo kongque jing bowen ,,,,,,,,1,Other Popular Cults,The Cult of the Northern Dipper,,,,,
DZ1436,上清元始變化寶真上經,,,,,,Shangqing,Canonical Shangqing Scriptures,,Six Dynasties,220,589,上清元始變化寶真上經,Shangqing yuanshi bianhua baozhen shangjing ,,,,,,,,1,Shangqing,Canonical Shangqing Scriptures,,,,DZTK 178: duplicate of dz 1393,
DZ1437,太上老君開天經,張泮,,,,撰,Sacred History and Geography ,Cosmogony and the Pantheon,,Six Dynasties,220,589,太上老君開天經,Taishang laojun kaitian jing,張泮,Zhang Pan,撰,,,,,1,Sacred History and Geography ,Cosmogony and the Pantheon,,,,DZTK：Attributed to 張泮.,
DZ1438,太上老君虛無自然本起經,,,,,,Lingbao,Scriptures,Medium-Length Scriptures,Tang,618,907,太上老君虛無自然本起經,Taishang laojun xuwu ziran benqi jing ,,,,,,,,1,Lingbao,Scriptures,Medium-Length Scriptures,,,,
DZ1439,洞玄靈寶玉京山步虛經,葛巢甫,句容,"31,9453","119,1717",,Lingbao Canon,Canonical Lingbao Scriptures,,,395,405,洞玄靈寶玉京山步虛經,Dongxuan lingbao yujing shan buxu jing,葛巢甫,Ge Chaofu,,,,,402,1,Lingbao Canon,Canonical Lingbao Scriptures,,句容,PL000000011098,MSB Daterange,
DZ1440,皇經集註（高上玉皇本行集經註）,周玄貞,,,,纂,The Qingwei School,,,,1585,,皇經集註（高上玉皇本行集經註）,Huangjing jizhu (Gaoshang yuhuang benxing jijing zhu) ,周玄貞,Zhou Xuanzhen,纂,,,,,10,The Qingwei School,,,,,,
DZ1441,元始天尊說東嶽化身濟生度死拔罪解冤保命玄範誥咒妙經,,,,,,Other Popular Cults,Scriptures of Popular Cults,,,,,元始天尊說東嶽化身濟生度死拔罪解冤保命玄範誥咒妙經,Yuanshi tianzun shuo dongyue huashen jisheng dusi bazui jieyuan baoming xuanfan gaozhou miaojing ,,,,,,,,1,Other Popular Cults,Scriptures of Popular Cults,,,,,
DZ1442,太上三元賜福赦罪解厄消災延生保命妙經,,,,,,Other Popular Cults,Scriptures of Popular Cults,,Southern Song,1127,1279,太上三元賜福赦罪解厄消災延生保命妙經,Taishang sanyuan cifu shezui jie'e xiaozai yansheng baoming miaojing ,,,,,,,,1,Other Popular Cults,Scriptures of Popular Cults,,,,,
DZ1443,太上元陽上帝無始天尊說火車王靈官真經,,,,,,Other Popular Cults,Scriptures of Popular Cults,,Ming ,1368,1644,太上元陽上帝無始天尊說火車王靈官真經,Taishang yuanyang shangdi wushi tianzun shuo huoche Wang lingguan zhenjing,,,,,,,,1,Other Popular Cults,Scriptures of Popular Cults,,,,,
DZ1444,元始天尊說藥王救八十一難真經,,,,,,Other Popular Cults,Scriptures of Popular Cults,,,,,元始天尊說藥王救八十一難真經,Yuanshi tianzun shuo yaowang jiu bashiyi nan zhenjing ,,,,,,,,1,Other Popular Cults,Scriptures of Popular Cults,,,,,
DZ1445,碧霞元君護國庇民普濟保生妙經,,,,,,Other Popular Cults,Scriptures of Popular Cults,,,,,碧霞元君護國庇民普濟保生妙經,Bixia yuanjun huguo bimin puji baosheng miaojing ,,,,,,,,1,Other Popular Cults,Scriptures of Popular Cults,,,,,
DZ1446,太上大聖朗靈上將護國妙經,,,,,,Other Popular Cults,Scriptures of Popular Cults,,,,,太上大聖朗靈上將護國妙經,Taishang dasheng langling shangjiang huguo miaojing ,,,,,,,,1,Other Popular Cults,Scriptures of Popular Cults,,,,,
DZ1447,太上老君說城隍感應消災集福妙經（護國保寧佑聖王威靈公感應城隍經）,,,,,,Other Popular Cults,Scriptures of Popular Cults,,,,,太上老君說城隍感應消災集福妙經（護國保寧佑聖王威靈公感應城隍經）,Taishang laojun shuo chenghuang ganying xiaozai jifu miaojing (Huguo baoning yousheng wang weiling gong ganying chenghuang jing) ,,,,,,,,1,Other Popular Cults,Scriptures of Popular Cults,,,,,
DZ1448,太上洞玄靈寶五顯觀華光本行妙經,,,,,,Other Popular Cults,Scriptures of Popular Cults,,,,,太上洞玄靈寶五顯觀華光本行妙經,Taishang dongxuan lingbao Wuxian guan Huaguang benxing miaojing ,,,,,,,,1,Other Popular Cults,Scriptures of Popular Cults,,,,,
DZ1449,太上說通真高皇解冤經,,,,,,Lingbao,Scriptures,Short Doctrinal and Prophylactic Texts,Tang,618,907,太上說通真高皇解冤經,Taishang shuo tongzhen gaohuang jieyuan jing ,,,,,,,,1,Lingbao,Scriptures,Short Doctrinal and Prophylactic Texts,,,,
DZ1450,中天紫微星真寶懺,,,,,,Zhengyi,Scriptures,,,,,中天紫微星真寶懺,Zhongtian ziwei xingzhen baochan ,,,,,,,,1,Zhengyi,Scriptures,,,,,
DZ1451,紫皇鍊度玄科,,,,,,The Qingwei School ,,,,,,紫皇鍊度玄科,Zihuang liandu xuanke ,,,,,,,,1,The Qingwei School ,,,,,,
DZ1452,先天斗母奏告玄科,,,,,,Other Popular Cults,The Cult of the Northern Dipper,,,,,先天斗母奏告玄科,Xiantian doumu zougao xuanke ,,,,,,,,1,Other Popular Cults,The Cult of the Northern Dipper,,,,,
DZ1453,朝真發願懺悔文,,,,,,Lingbao,Rituals,,,,,朝真發願懺悔文,Chaozhen fayuan chanhui wen ,,,,,,,,1,Lingbao,Rituals,,,,,
DZ1454,靈寶施食法,,,,,,Lingbao,Rituals,,Thirteenth century or later,1201,1300,靈寶施食法,Lingbao shishi fa ,,,,,,,,1,Lingbao,Rituals,,,,,
DZ1455,太微帝君二十四神回元經,,,,,,Dongzhen Division,Scriptures ,,Tang,618,907,太微帝君二十四神回元經,Taiwei dijun ershisi shen huiyuan jing ,,,,,,,,1,Dongzhen Division,Scriptures ,,,,,
DZ1456,北斗九皇隱諱經,,,,,,Lingbao,Scriptures,Short Doctrinal and Prophylactic Texts,Tang,618,907,北斗九皇隱諱經,Beidou jiuhuang yinhui jing ,,,,,,,,1,Lingbao,Scriptures,Short Doctrinal and Prophylactic Texts,,,,
DZ1457,高上玉宸憂樂章,楊羲,句容,"31,9453","119,1717",,Shangqing,Canonical Shangqing Scriptures,,Eastern Jin ,363,370,高上玉宸憂樂章,Gaoshang yuchen youle zhang,楊羲,Yang Xi,,,羲和,,330-386,1,Shangqing,Canonical Shangqing Scriptures,,句容,PL000000011098,DZTK: 168: these pages are an excerpt of DZ 1372.,
DZ1458,太上洞真徊玄章,,,,,,Dongzhen Division,"Manuals, Anthologies, and Encyclopedias",Liturgy,Tang,618,907,太上洞真徊玄章,Taishang dongzhen huixuan zhang ,,,,,,,,1,Dongzhen Division,"Manuals, Anthologies, and Encyclopedias",Liturgy,,,,
DZ1459,上清金章十二篇,,,,,,Dongzhen Division,"Manuals, Anthologies, and Encyclopedias",Liturgy,Tang,618,907,上清金章十二篇,Shangqing jinzhang shier pian ,,,,,,,,1,Dongzhen Division,"Manuals, Anthologies, and Encyclopedias",Liturgy,,,,
DZ1460,太上洞玄濟眾經,,,,,,Lingbao,Scriptures,Short Doctrinal and Prophylactic Texts,Tang,618,907,太上洞玄濟眾經,Taishang dongxuan jizhong jing ,,,,,,,,1,Lingbao,Scriptures,Short Doctrinal and Prophylactic Texts,,,,
DZ1461,大洞經吉祥神咒法,,,,,,Other Popular Cults,Popular Rites,,,,,大洞經吉祥神咒法,Dadong jing jixiang shenzhou fa ,,,,,,,,1,Other Popular Cults,Popular Rites,,,,,
DZ1462,皇明恩命世錄,,,,,,Sacred History and Geography,Sacred Histories and Records,,,1567,1607,皇明恩命世錄,Huang Ming enming shilu ,,,,,,,,9,Sacred History and Geography,Sacred Histories and Records,,,,,
DZ1463,漢天師世家,張國祥,,,,編,Sacred History and Geography,Hagiographies,,,1607,,漢天師世家,Han tianshi shijia ,張國祥,Zhang Guoxiang ,編,,,,,4,Sacred History and Geography,Hagiographies,,,,,
DZ1464,弘道錄,邵經邦,,,,撰,Philosophy,Treatises and Essays,,,,,弘道錄,Hongdao lu ,邵經邦,Shao Jingbang,撰,,,,1491- 1565,56,Philosophy,Treatises and Essays,,,,,
DZ1465,消搖墟經,洪應明,,,,撰,Sacred History and Geography,Hagiographies,,,1600,,消搖墟經,Xiaoyao xu jing ,洪應明,Hong Yingming ,撰,,自誠,,,2,Sacred History and Geography,Hagiographies,,,,,
DZ1466,長生詮經,,,,,,Sacred History and Geography,Hagiographies,,,,,長生詮經,Changsheng quanjing ,,,,,,,,1,Sacred History and Geography,Hagiographies,,,,,
DZ1467,無生訣經,,,,,,Sacred History and Geography,Hagiographies,,,,,無生訣經,Wusheng juejing ,,,,,,,,1,Sacred History and Geography,Hagiographies,,,,,
DZ1468,徐仙翰藻,,,,,,The Hongen Lingji Zhenjun Cult,,,,,,徐仙翰藻,Xuxian hanzao ,,,,,,,,14,The Hongen Lingji Zhenjun Cult,,,,,,
DZ1469,贊靈集,,,,,,The Hongen Lingji Zhenjun Cult,,,Ming,1368,1644,贊靈集,Zanling ji ,,,,,,,,4,The Hongen Lingji Zhenjun Cult,,,,,,
DZ1470,徐仙真錄,黃恒,,,,纂,The Hongen Lingji Zhenjun Cult,,,,,,徐仙真錄,Xuxian zhenlu ,黃恒,Huang Heng ,纂,林丘散人,,,1424,4,The Hongen Lingji Zhenjun Cult,,,,,,
DZ1470,徐仙真錄,孫景康,,,,刊印,The Hongen Lingji Zhenjun Cult,,,,,,徐仙真錄,Xuxian zhenlu ,孫景康,Sun Jingkang,刊印,,,,1443,4,The Hongen Lingji Zhenjun Cult,,,,,,
DZ1471,儒門崇理折衷堪輿完孝錄,,,,,,Divination and Numerology,,,,1583,1607,儒門崇理折衷堪輿完孝錄,Rumen chongli zhezhong kanyu wanxiao lu ,,,,,,,,8,Divination and Numerology,,,,,,
DZ1472,岱史,查志隆,,,,撰,Sacred History and Geography,Mountain and Temple Monographs,,,1586,,岱史,Daishi ,查志隆,Cha Zhilong ,撰,紹庭/庭,鳴治,,1558,18,Sacred History and Geography,Mountain and Temple Monographs,,,,,
DZ1473,易因上下經（李氏易因）,李贄,,,,撰,Divination and Numerology,,,,,,易因上下經（李氏易因）,Yiyin shangxia jing,李贄,Li Zhi,撰,,,,1527-1602,6,Divination and Numerology,,,,,,
DZ1474,古易考原,,,,,,Divination and Numerology,,,Early sixteenth century,1501,1550,古易考原,Guyi kaoyuan ,,,,,,,,3,Divination and Numerology,,,,,,
DZ1475,易林上下經（焦氏易林）,焦贛,,,,撰,Divination,-,,,50,100,易林上下經（焦氏易林）,Yilin shangxia jing,焦贛,Jiao Gan,撰,,,,,10,Divination,-,,,,DZTK 80,
DZ1475,易林上下經（焦氏易林）,王俞,,,,序,Divination,-,,,846,,易林上下經（焦氏易林）,Yilin shangxia jing,王俞,Wang Yu,序,,,,846,10,Divination,-,,,,,
DZ1476,搜神記,,,,,,Sacred History and Geography,Hagiographies,,,,,搜神記,Soushen ji ,,,,,,,,6,Sacred History and Geography,Hagiographies,,,,,
DZ1477,太初元氣接要保生之論,,,,,,Divination and Numerology,,,,,,太初元氣接要保生之論,Taichu yuanqi jieyao baosheng zhi lun ,,,,,,,,1,Divination and Numerology,,,,,,
DZ1478,化書（譚子化書）,覃峭,,,,撰,Philosophy,Tang Philosophical Texts (General) ,,,,,化書（譚子化書）,Huashu ,覃峭,Tan Qiao ,撰,,景昇,,fl. ca. 880-950,6,Philosophy,Tang Philosophical Texts (General) ,,,,,
DZ1479,水鏡錄,,,,,,Philosophy,Treatises and Essays,,Ming,1368,1644,水鏡錄,Shuijing lu ,,,,,,,,1,Philosophy,Treatises and Essays,,,,,
DZ1480,許真君玉匣記,,,,,,Divination and Numerology,,,,1433,,許真君玉匣記,Xu zhenjun yuxia ji ,,,,,,,,1,Divination and Numerology,,,,,,
DZ1481,法師選擇記,,,,,,Divination and Numerology,,,,1488,,法師選擇記,Fashi xuanze ji ,,,,,,,,1,Divination and Numerology,,,,,,
DZ1482,玄天上帝百字聖號（玄帝感應靈籤）,,,,,,The Beidi and Xuantian Shangdi Cult,,,,,,玄天上帝百字聖號（玄帝感應靈籤）,Xuantian shangdi baizi shenghao,,,,,,,,1,The Beidi and Xuantian Shangdi Cult,,,,,,
DZ1483,天皇至道太清玉冊,朱權alias 南極沖虛妙道真君,,,,撰,Handbooks and Anthologies,,,,1444,,天皇至道太清玉冊,Tianhuang zhidao taiqing yuce ,朱權alias 南極沖虛妙道真君,Zhu Quan,撰,臞仙、遐齡老人,,,1378-1448,8,Handbooks and Anthologies,,,,,,
DZ1484,呂祖志,,,,,,Collectanea,Collected Works,,,,,呂祖志,Lüzu zhi ,,,,,,,,6,Collectanea,Collected Works,,,,,
DZ1485,紫微斗數,,,,,,Divination and Numerology,,,,,,紫微斗數,Ziwei doushu ,,,,,,,,3,Divination and Numerology,,,,,,
DZ1486,老子翼,焦竤,,,,撰,Philosophy,Commentaries on Ancient Philosophers,The Daodejing,,,,老子翼,Laozi yi ,焦竤,Jiao Hong,撰,澹園,弱侯,,1541-1620,6,Philosophy,Commentaries on Ancient Philosophers,The Daodejing,,,,
DZ1487,莊子翼,焦竤,,,,撰,Philosophy,Commentaries on Ancient Philosophers,The Zhuangzi,,1588,,莊子翼,Zhuangzi yi ,焦竤,Jiao Hong,撰,澹園,弱侯,,1541-1620,8,Philosophy,Commentaries on Ancient Philosophers,The Zhuangzi,,,,
DZXXX1,神仙傳,葛洪,句容,"31,9453","119,1717",撰,Sacred History and Geography ,Mythology and Hagiography,,,,,神仙傳,Shenxian zhuan,葛洪,Ge Hong,撰,抱朴,稚川,,283-343,10,Sacred History and Geography ,Mythology and Hagiography,,句容,PL000000011098,,
"P.,S., and DX fragments",太上洞玄靈寶昇玄內教經,,,,,,Other Revealed Scriptures,,,,,,太上洞玄靈寶昇玄內教經,Taishang dongxuan lingbao shengxuan neijiao jing,,,,,,,,10,Other Revealed Scriptures,,,,,,
Pelliot 2356,太上太極太虛上真人演太上靈寶威儀洞玄真一自然經訣,,,,,,Lingbao,The Canonical Lingbao Scriptures,,Six Dynasties,220,589,太上太極太虛上真人演太上靈寶威儀洞玄真一自然經訣,Taishang taiji taixu shang zhenren yan taishang Lingbao weiyi dongxuan zhenyi ziran jingjue,,,,,,,,,Lingbao,The Canonical Lingbao Scriptures,,,,,
Pelliot 2403,太上太極太虛上真人演太上靈寶威儀洞玄真一自然經訣,,,,,,Lingbao,The Canonical Lingbao Scriptures,,,,,太上太極太虛上真人演太上靈寶威儀洞玄真一自然經訣,Taishang taiji taixu shang zhenren yan taishang Lingbao weiyi dongxuan zhenyi ziran jingjue,,,,,,,,,Lingbao,The Canonical Lingbao Scriptures,,,,,
Pelliot 2452,太上太極太虛上真人演太上靈寶威儀洞玄真一自然經訣,,,,,,Lingbao,The Canonical Lingbao Scriptures,,,,,太上太極太虛上真人演太上靈寶威儀洞玄真一自然經訣,Taishang taiji taixu shang zhenren yan taishang Lingbao weiyi dongxuan zhenyi ziran jingjue,,,,,,,,,Lingbao,The Canonical Lingbao Scriptures,,,,,
Pelliot 2559、Stein 3750,授受三皇法,,,,,,Texts of the Dongshen Division,,,Sixth century,,,授受三皇法,Shoushou sanhuang fa,,,,,,,,,Texts of the Dongshen Division,,,,,,
Pelliot2399,太上洞玄靈寶空洞靈章,葛巢甫,句容,"31,9453","119,1717",,Lingbao Canon,Canonical Lingbao Scriptures,,Six Dynasties ,220,589,太上洞玄靈寶空洞靈章,Taishang dongxuan lingbao kongdong lingzhang,葛巢甫,Ge Chaofu,,,,,402,1,Lingbao Canon,Canonical Lingbao Scriptures,,句容,PL000000011098,,
Stein6825,老子想爾注,張道陵,,,,,Philosophy,Commentaries,,Later Han,25,220,老子想爾注,Lanzi Xiang'er zhu,張道陵,Zhang Daoling,,,,,,2,Philosophy,Commentaries,,,,Pregadio 2008,
,,樓昉,興化,"25,5955","118,8346",序,,,,,1226,,,,樓昉,Lou Fang,序,,,,,,,,,興化,PL000000017624,,
,,王九萬,,,,後記,,,,,1227,,,,王九萬,Wang Jiuwan,後記,,,,,,,,,,,,
,,王玠,,,,改訂,,,,,,,,,王玠,Wang Jie,改訂,混然子,道淵,,fl. 1331-1380,,,,,,,,
,,張守清,武當山,"32,400756","111,004508",序,,,,,1332,,,,張守清,Zhang Shouqing,序,月峽叟,,,1254-1336,,,,,武當山,PL000000026781,,
,,周準,錦江，上饒,"28,369235","115,794388",序,,,,,,,,,周準,Zhou Zhun,序,葆真子,,,,,,,,錦江，上饒,PL000000059373,,
,,李含光,,,,序,,,,Eighth century,701,800,,,李含光,Li Hanguang,序,,,,683-769,,,,,,,,
,,盧天驥,,,,呈送者,,,,,,,,,盧天驥,Lu Tianji,呈送者,,,,fl.1111-1117,,,,,,,,
,,劉景先,,,,撰,,,,,,,,,劉景先,Liu Jingxian,撰,,,,fl. 351,,,,,,,,
,,王志道,,,,編,,,,,1324,,,,王志道,Wang Zhidao,編,,誠菴,,,,,,,,,,
,,黃本仁,,,,纂,,,,,1294,,,,黃本仁,Huang Benren,纂,,,,,,,,,,,,
,,劉淵然,,,,編,,,,,,,,,劉淵然,Liu Yuanran,編,體玄子,,,1351-1432,,,,,,,,
