KR_ID,text_title,files,file_size,character_count,person_name,DYNASTY,FUNCTION
KR1a0001,周易,69,156754,21584,,,
KR1a0030,周易古占法,3,44756,12740,程迥,宋,撰
KR1a0105,周易劄記,4,118471,34742,逯中立,明,撰
KR1a0111,兒易內儀以,25,299922,88469,倪元璐,明,撰
KR1a0124,周易象辭,28,1125753,344084,黃宗炎,清,撰
KR1a0141,周易劄記,3,74183,21955,楊名時,清,撰
KR1a0145,周易函書約存,53,2003742,599958,胡煦,清,撰
KR1a0146,易箋,9,474739,134483,陳法,清,撰
KR1a0147,學易初津,3,102738,30581,晏斯盛,清,撰
KR1a0149,易翼說,9,390120,108063,,,
KR1a0152,周易淺釋,6,342481,101691,潘思榘,清,撰
KR1a0155,周易述,24,831557,257400,惠棟,清,撰
KR1a0159,大易擇言,37,1014804,296824,程廷祚,清,撰
KR1a0160,周易辨畫,41,808225,246340,連斗山,清,撰
KR1a0161,周易圖書質疑,25,362107,98930,趙繼序,清,撰
KR1b0001,尚書,59,187979,28352,,,
KR1b0009,禹貢論,9,193994,56134,程大昌,宋,撰
KR1b0022,尚書要義,21,372532,108909,魏了翁,宋,撰
KR1b0053,禹貢錐指,21,1436921,398308,胡渭,清,撰
KR1c0001,毛詩,30,290929,41223,,,
KR1c0018,續呂氏家塾讀詩記,4,148910,44233,戴溪,宋,撰
KR1c0051,毛詩寫官記,5,85452,25014,毛奇齡,清,撰
KR1d0001,周禮,6,236630,49343,,,
KR1d0015,周禮傳,17,1176933,344279,王應電,明,撰
KR1d0018,欽定周官義疏,2,70562,17898,高宗弘曆,清,敕撰
KR1d0032,儀禮圖,19,683813,193118,楊復,宋,撰
KR1d0037,欽定儀禮義疏,51,2873470,794838,高宗弘曆,清,敕撰
KR1d0052,禮記,50,866063,98094,,,
KR1d0085,儀禮經傳通解,37,1817867,555858,楊復,宋,撰
KR1d0086,禮書綱目,91,3655893,1035286,江永,清,撰
KR1d0087,五禮通考,273,16066215,4577110,泰蕙田,清,撰
KR1d0088,書儀,11,182263,52198,司馬光,宋,撰
KR1d0089,家禮,7,145455,40804,朱熹,宋,撰
KR1d0090,泰泉鄉禮,8,147668,38976,黃佐,明,撰
KR1d0091,朱子禮纂,6,170615,48208,李光地,清,編
KR1d0092,辨定祭禮通俗譜,6,113691,31392,毛奇齡,清,撰
KR1e0001,春秋左傳,12,1671082,198192,,,
KR1e0002,春秋經傳集解,32,1357046,404348,,,
KR1e0003,春秋正義,37,2342033,711714,,,
KR1e0004,春秋左傳注疏,63,3692628,1069207,齊召南,清,撰
KR1e0006,春秋公羊傳注疏,30,1427606,410421,陳浩,清,撰
KR1e0007,春秋公羊經傳解詁,13,453108,133169,,,
KR1e0008,春秋穀梁傳,12,340931,41978,,,
KR1e0009,春秋穀梁傳,13,318494,91548,,,
KR1e0010,春秋穀梁傳注疏,22,780426,221447,陳浩,清,撰
KR1e0011,箴膏肓,3,11470,2938,鄭玄,漢,撰
KR1e0012,春秋釋例,17,522061,133404,杜預,晉,撰
KR1e0013,春秋集傳纂例,11,339821,91457,陸淳,唐,撰
KR1e0014,春秋集傳微旨,4,104253,30043,陸淳,唐,撰
KR1e0015,春秋集傳辨疑,11,156849,43787,陸淳,唐,撰
KR1e0016,春秋名號歸一圖,3,74262,19771,岳珂,宋,重編
KR1e0017,春秋年表,1,1661,334,闕名,,撰
KR1e0018,春秋尊王發微,14,209816,56789,孫復,宋,撰
KR1e0019,春秋皇綱論,6,63937,18205,王晳,宋,撰
KR1e0020,春秋通義,2,18741,5104,闕名,宋,撰
KR1e0021,春秋權衡,18,377848,110885,劉敞,宋,撰
KR1e0022,劉氏春秋傳,16,245802,71918,劉敞,宋,撰
KR1e0023,劉氏春秋意林,3,112964,32017,劉敞,宋,撰
KR1e0024,春秋傳說例,1,14702,3940,劉敞,宋,撰
KR1e0025,孫氏春秋經解,15,446444,124796,孫覺,宋,撰
KR1e0026,蘇氏春秋集解,13,186368,51736,蘇轍,宋,撰
KR1e0027,春秋辨疑,5,150597,44701,蕭楚,宋,撰
KR1e0028,崔氏春秋經解,15,279320,77054,崔子方,宋,撰
KR1e0029,春秋本例,21,178480,41348,崔子方,宋,撰
KR1e0030,"春秋五禮例宗,卷五,卷四,卷六",11,164640,41433,張大亨,宋,撰
KR1e0031,春秋通訓,7,206722,57710,張大亨,宋,撰
KR1e0032,葉氏春秋傳,21,460114,128075,葉夢得,宋,撰
KR1e0033,春秋考,18,520870,154609,葉夢得,宋,撰
KR1e0034,春秋三傳讞,11,839444,228334,葉夢得,宋,撰
KR1e0035,呂氏春秋集解,31,1072509,286241,呂本中,宋,撰
KR1e0036,胡氏春秋傳,31,692763,199120,胡安國,宋,撰
KR1e0037,高氏春秋集註,41,602850,165702,高閌,宋,撰
KR1e0038,陳氏春秋後傳,13,242448,67351,陳傳良,宋,撰
KR1e0039,左氏傳說,21,281902,81401,呂祖謙,宋,撰
KR1e0040,左氏傳續說,13,263394,72117,呂祖謙,宋,撰
KR1e0041,左氏博議,26,644332,187480,呂祖謙,宋,撰
KR1e0042,春秋比事,21,523590,152622,沈棐,宋,撰
KR1e0043,東萊呂太史春秋左傳類編,2,257619,72848,,,
KR1e0044,春秋左傳要義,33,558961,160010,魏了翁,宋,撰
KR1e0045,春秋分記,91,1879868,503411,程公說,宋,撰
KR1e0046,春秋講義,5,300116,83577,戴溪,宋,撰
KR1e0047,春秋集義,55,1233183,345106,李明復,宋,撰
KR1e0048,張氏春秋集注,12,668430,201465,張洽,宋,撰
KR1e0049,春秋王霸列國世紀編,4,214241,53854,李琪,宋,撰
KR1e0050,春秋通說,14,309835,86679,黃仲炎,宋,撰
KR1e0051,洪氏春秋說,31,468270,129832,洪咨虁,宋,撰
KR1e0052,春秋經筌,17,920539,258576,趙鵬飛,宋,撰
KR1e0053,春秋或問,23,407399,118412,呂大圭,宋,撰
KR1e0054,春秋集傳詳說,32,987391,277099,家鉉翁,宋,撰
KR1e0055,讀春秋編,13,562764,167859,陳深,宋,撰
KR1e0056,春秋集傳釋義大成,13,1241168,375679,俞皋,元,撰
KR1e0057,春秋纂言,20,1185082,318055,吳澄,元,撰
KR1e0058,春秋提綱,11,221766,59500,陳則通,元,撰
KR1e0059,春秋諸國統紀,8,117712,31163,齊履謙,元,撰
KR1e0060,春秋本義,31,1005086,280037,程端學,元,撰
KR1e0061,程氏春秋或問,11,338968,95551,程端學,元,撰
KR1e0062,三傳辨疑,21,985877,266196,程端學,元,撰
KR1e0063,春秋讞義,10,278482,72876,王元杰,元,撰
KR1e0064,春秋會通,25,1510282,435913,李廉,元,撰
KR1e0065,春秋闕疑,47,1339700,375814,鄭玉,元,撰
KR1e0066,春秋集傳,17,440795,121627,趙汸,元,撰
KR1e0067,春秋師說,7,148829,43596,趙汸,元,撰
KR1e0068,春秋左氏傳補註,11,317173,95081,趙汸,元,撰
KR1e0069,春秋金鎖匙,2,54066,14990,趙汸,元,撰
KR1e0070,春秋屬辭,16,669134,185902,趙汸,元,撰
KR1e0071,春秋胡傳附錄纂疏,33,2486932,728078,汪克寬,元,撰
KR1e0072,春秋春王正月考,3,100075,28130,張以寧,明,撰
KR1e0073,春秋書法鉤元,5,202512,55964,石光霽,明,撰
KR1e0074,春秋大全,38,3063902,905763,胡廣,明,奉敕撰
KR1e0075,春秋經傳辨疑,4,65264,18478,童品,明,撰
KR1e0076,春秋正傳,40,1282591,360294,湛若水,明,撰
KR1e0077,左傳附注,7,187321,55178,陸粲,明,撰
KR1e0078,春秋胡氏傳辨疑,3,52430,14687,陸粲,明,撰
KR1e0079,春秋明志錄,13,585017,162660,熊過,明,撰
KR1e0080,春秋正旨,2,21546,6223,高拱,明,撰
KR1e0081,春秋輯傳,16,1462473,409039,王樵,明,撰
KR1e0082,春秋億,7,167645,48907,徐學謨,明,撰
KR1e0083,春秋事義全考,18,790622,220314,姜寶,明,撰
KR1e0084,春秋左傳屬事,23,1131370,338166,傳遜,明,撰
KR1e0085,春秋胡傳考誤,2,30398,8371,袁仁,明,撰
KR1e0086,左氏釋,3,44973,12602,馮時可,明,撰
KR1e0087,春秋質疑,13,95536,26250,楊于庭,明,撰
KR1e0088,春秋孔義,13,215954,57664,高攀龍,明,撰
KR1e0089,春秋辯義,31,1599524,453280,卓爾康,明,撰
KR1e0090,讀春秋略記,13,418113,115911,朱朝瑛,明,撰
KR1e0091,春秋四傳質,3,198620,56259,王介之,明,撰
KR1e0092,左傳杜林合注,51,1723571,496775,趙如源,明,編
KR1e0093,日講春秋解義,65,1928198,525486,李光地,清,奉敕撰
KR1e0094,欽定春秋傳說彙纂,41,3356700,979016,張廷玉,清,奉敕撰
KR1e0095,御纂春秋直解,13,472902,129900,傳恒,清,奉敕撰
KR1e0096,左傳杜解補正,4,94994,26160,顧炎武,清,撰
KR1e0097,春秋稗疏,3,87718,24584,王夫之,清,撰
KR1e0098,春秋四傳糾正,2,44180,12516,俞汝言,清,撰
KR1e0099,春秋平義,13,324394,87142,俞汝言,清,撰
KR1e0100,讀左日鈔,15,468021,128954,朱鶴齡,清,撰
KR1e0101,左傳事緯,22,1077040,309835,馬驌,清,撰
KR1e0102,春秋毛氏傳,37,769446,212597,毛奇齡,清,撰
KR1e0103,春秋簡書刊誤,3,46142,11666,毛奇齡,清,撰
KR1e0104,春秋屬辭比事記,5,57855,15754,毛奇齡,清,撰
KR1e0105,春秋地名考略,15,701946,200808,高士奇,清,撰
KR1e0106,春秋管窺,13,275595,75462,徐庭垣,清,撰
KR1e0107,三傳折諸,6,304220,89549,張尚瑗,清,撰
KR1e0108,春秋闕如編,9,337937,93606,焦袁熹,清,撰
KR1e0109,春秋宗朱辨義,13,851277,248353,張自超,清,撰
KR1e0110,春秋通論,5,120568,35138,方苞,清,撰
KR1e0111,春秋世族譜,3,36086,8575,陳厚耀,清,撰
KR1e0112,春秋長歷,11,332866,76176,陳厚耀,清,撰
KR1e0113,惠氏春秋說,16,758899,211464,惠士奇,清,撰
KR1e0114,春秋大事表,54,1076386,282175,顧棟高,清,撰
KR1e0115,春秋識小錄,10,166515,36584,程廷祚,清,撰
KR1e0116,惠氏春秋左傳補註,7,217397,59745,惠棟,清,撰
KR1e0117,春秋左傳小疏,2,25322,7022,沈彤,清,撰
KR1e0118,春秋地理考實,5,294773,88466,江永,清,撰
KR1e0119,三正考,3,32042,8715,吳鼐,清,撰
KR1e0120,春秋究遺,17,551905,152472,葉酉,清,撰
KR1e0121,春秋隨筆,3,73496,21363,顧奎光,清,撰
KR1e0122,春秋繁露,18,232245,66867,董仲舒,漢,撰
KR1f0001,孝經,18,13709,1857,,,
KR1f0002,孝經,2,19247,5393,,,
KR1f0003,古文孝經孔氏傳,3,59625,17459,太宰純,日本,音
KR1f0004,孝經注疏,11,180028,52827,李清植,清,考證
KR1f0005,孝經指解,2,52234,15124,范祖禹,宋,說
KR1f0006,孝經刊誤,2,15830,4310,朱熹,宋,撰
KR1f0007,孝經大義,2,52741,15687,董鼎,元,撰
KR1f0008,孝經定本,2,41115,11883,吳澄,元,撰
KR1f0009,孝經述註,2,23808,6567,項霦,明,撰
KR1f0010,孝經集傳,5,272800,77849,黃道周,明,撰
KR1f0011,御定孝經注,2,43088,12777,蔣赫德,清,纂
KR1f0012,御纂孝經集註,2,35691,10523,世宗胤禎,清,御定
KR1f0013,孝經問,2,26457,7654,毛奇齡,清,撰
KR1f0014,忠經,18,29244,4568,,,
KR1g0001,駁五經異義,3,55172,15278,鄭玄,漢,駁
KR1g0002,鄭志,4,57723,16598,鄭小同,魏,撰
KR1g0003,經典釋文,34,1947215,535603,陸德明,唐,撰
KR1g0004,公是先生七經小傳,3,80557,23467,劉敞,宋,撰
KR1g0005,程氏經說,8,171252,47781,程頤,宋,撰
KR1g0006,六經圖,11,188214,38166,毛邦翰,宋,補
KR1g0007,六經正誤,7,172703,45706,毛居正,宋,撰
KR1g0008,九經三傳沿革例,2,40540,10959,岳珂,宋,撰
KR1g0009,融堂四書管見,14,324079,93980,錢時,宋,撰
KR1g0010,四如講稿,7,148622,43786,黃仲元,宋,撰
KR1g0011,六經奧論,7,227382,61947,鄭樵,宋,撰
KR1g0012,明本排字九經直音,3,325271,60573,闕名,,撰
KR1g0013,經說,8,189850,54948,熊明來,元,撰
KR1g0014,十一經問對,6,167037,46061,何異孫,元,撰
KR1g0015,五經蠡測,7,264941,76213,蔣悌生,明,撰
KR1g0016,簡端錄,14,240092,68554,邵寶,明,撰
KR1g0017,五經稽疑,9,172724,47929,朱睦㮮,明,撰
KR1g0018,經典稽疑,4,163104,46392,陳耀文,明,撰
KR1g0020,七經孟子考文補遺,170,1455900,390496,物觀,,補遺
KR1g0021,九經誤字,2,12366,3199,顧炎武,清,撰
KR1g0022,經問,20,499840,146875,毛遠宗,清,輯
KR1g0023,十三經義疑,13,185164,51889,吳浩,清,撰
KR1g0024,九經古義,17,291812,81988,惠棟,清,撰
KR1g0025,經稗,2,37224,10666,鄭方坤,清,撰
KR1g0026,十三經注疏正字,18,424267,117514,沈廷芳,清,撰
KR1g0027,朱子五經語類,51,928273,255196,程川,清,撰
KR1g0028,羣經補義,6,120148,34802,江永,清,撰
KR1g0029,經咫,2,65849,19303,陳祖范,清,撰
KR1g0030,九經辨字瀆蒙,13,476316,121563,沈炳震,清,撰
KR1g0031,古經解鉤沉,31,642041,165724,余蕭客,清,撰
KR1g0032,古微書,37,579965,162415,孫瑴,明,編
KR1h0001,孟子,14,236676,35393,,,
KR1h0002,孟子,15,322849,94968,,,
KR1h0003,孟子注疏,15,949427,289011,陸宗楷,清,撰
KR1h0004,論語,20,120427,16048,,,
KR1h0005,論語,11,141059,38385,,,
KR1h0006,論語集解義疏,11,620087,189360,皇侃,梁,義疏
KR1h0007,論語注疏,21,573042,173225,呂熾,清,撰
KR1h0008,論語筆解,3,47138,12776,李翱,唐,撰
KR1h0009,孟子音義,1,41949,11833,孫奭,宋,撰
KR1h0010,論語拾遺,1,14959,4264,蘇轍,宋,撰
KR1h0011,孟子解,1,18962,5513,蘇轍,宋,撰
KR1h0012,論語全解,11,317972,90943,陳祥道,宋,撰
KR1h0013,張狀元孟子傳,30,576938,171662,張九成,宋,撰
KR1h0014,尊孟辨,5,115119,33782,余允文,宋,撰
KR1h0015,大學,17,665011,201138,朱熹,宋,撰
KR1h0016,四書或問,40,779290,228060,朱熹,宋,撰
KR1h0017,論孟精義,35,1056983,298513,朱熹,宋,撰
KR1h0018,中庸輯略,3,125288,36443,朱熹,宋,刪定
KR1h0019,石鼓論語答問,4,212658,60593,戴溪,宋,撰
KR1h0020,論語意原,5,145001,40318,鄭汝諧,宋,撰
KR1h0021,癸巳論語解,4,246702,69449,張栻,宋,撰
KR1h0022,癸巳孟子說,8,472636,139285,張栻,宋,著
KR1h0023,蒙齋中庸講義,5,150700,44320,袁甫,宋,撰
KR1h0024,四書集編,31,1336982,410289,劉承,宋,輯
KR1h0025,孟子集疏,15,579296,178018,蔡模,宋,撰
KR1h0026,論語集說,11,317016,90034,蔡節,宋,撰
KR1h0027,中庸指歸,1,78514,22956,黎立武,宋,撰
KR1h0028,四書纂疏,28,2067937,612781,趙順孫,宋,撰
KR1h0029,大學疏義,1,66773,19438,金履祥,宋,撰
KR1h0030,論孟集註考證,20,401735,122730,金履祥,宋,撰
KR1h0031,四書集義精要,29,369366,103754,劉因,元,撰
KR1h0032,四書辨疑,16,377075,106873,陳天祥,元,撰
KR1h0033,讀四書叢說,9,412377,117774,許謙,元,撰
KR1h0034,四書通,28,1706427,502616,胡炳文,元,撰
KR1h0035,四書通證,5,219539,60682,張存中,元,撰
KR1h0036,四書疑節,13,289062,83755,袁俊翁,元,撰
KR1h0037,四書經疑貫通,9,130447,36887,王充耘,元,撰
KR1h0038,四書纂箋,29,1077714,305116,詹道傳,元,撰
KR1h0039,四書通旨,7,323447,89720,朱公遷,元,撰
KR1h0040,四書管窺,9,575254,166299,史伯璿,元,撰
KR1h0041,大學中庸集說啟蒙,3,260579,75311,景星,元,撰
KR1h0042,中庸說,5,47099,13182,,,
KR1h0043,四書大全,37,3044126,914938,胡廣,明,奉敕撰
KR1h0044,四書蒙引,23,1810473,553766,莊煦,明,編
KR1h0045,四書因問,7,430135,127970,呂柟,明,撰
KR1h0046,問辨錄,11,179222,54743,高拱,明,撰
KR1h0047,論語類考,21,329726,100052,陳士元,明,撰
KR1h0048,孟子雜記,5,113676,33663,陳士元,明,撰
KR1h0049,學庸正說,4,149037,43661,趙南星,明,撰
KR1h0050,論語商,4,140665,40748,周宗建,明,撰
KR1h0051,論語學案,11,409038,115573,劉宗周,明,撰
KR1h0052,四書留書,8,149870,42325,章世純,明,撰
KR1h0053,日講四書解義,28,1322008,377000,喇沙里,清,奉敕編
KR1h0054,四書近指,21,332194,91311,孫奇逢,清,撰
KR1h0055,孟子師說,3,129694,39797,黃宗義,清,撰
KR1h0056,大學翼真,8,297002,85746,胡渭,清,撰
KR1h0057,四書講義困勉錄,39,1761996,491924,陸隴其,清,撰
KR1h0058,松陽講義,14,416634,122592,陸隴其,清,撰
KR1h0059,榕村四書說,6,253502,71437,李光地,清,撰
KR1h0060,論語稽求篇,8,153337,43322,毛奇齡,清,撰
KR1h0061,四書賸言,6,137785,40498,毛遠宗,清,編
KR1h0062,大學證文,5,73870,22237,毛奇齡,清,撰
KR1h0063,四書釋地,9,326383,95666,閻若璩,清,撰
KR1h0064,四書劄記,5,73300,21333,楊名時,清,撰
KR1h0065,此木軒四書說,12,240368,68716,焦袁熹,清,撰
KR1h0066,四書逸箋,8,79824,20605,程大中,清,撰
KR1h0067,鄉黨圖考,11,436291,124799,江永,清,撰
KR1i0001,皇祐新樂圖記,5,29183,7661,胡瑗,宋,奉敕撰
KR1i0002,樂書,201,1415064,377592,陳暘,宋,撰
KR1i0003,律呂新書,3,103634,29402,蔡元定,宋,撰
KR1i0004,瑟譜,7,90553,24334,熊朋來,元,撰
KR1i0005,韶舞九成樂補,1,17339,4237,余載,元,撰
KR1i0006,律呂成書,6,223459,56396,劉瑾,元,撰
KR1i0007,苑洛志樂,18,562058,125053,韓邦奇,明,撰
KR1i0008,鐘律通考,7,199807,55314,倪復,明,撰
KR1i0009,樂律全書,44,1585833,374863,朱載堉,明,撰
KR1i0013,古樂經傳,7,193204,53190,李光地,清,撰
KR1i0014,古樂書,3,182906,51194,應撝謙,清,撰
KR1i0015,聖諭樂本解說,3,42850,11341,毛奇齡,清,撰
KR1i0016,皇言定聲錄,9,149830,20671,毛奇齡,清,撰
KR1i0017,竟山樂錄,5,100287,29166,毛奇齡,清,撰
KR1i0018,李氏學樂錄,3,44943,10463,李塨,清,撰
KR1i0019,樂律表微,10,473148,131511,胡彥昇,清,撰
KR1i0020,律呂新論,2,77393,22384,江永,清,撰
KR1i0021,律呂闡微,12,258378,71139,江永,清,撰
KR1i0022,琴旨,3,131420,37675,王坦,清,撰
KR1j0002,爾雅,19,116745,31173,,,
KR1j0003,爾雅疏,11,401443,123505,,,
KR1j0004,爾雅注疏,23,703299,206903,張照,清,撰
KR1j0005,爾雅註,4,125687,36938,鄭樵,宋,撰
KR1j0006,方言,14,76184,18987,郭璞,晉,注
KR1j0007,釋名,9,82254,22299,劉熙,漢,撰
KR1j0008,廣雅,10,111055,26578,張揖,魏,撰
KR1j0009,匡謬正俗,9,85043,23065,顏師古,唐,撰
KR1j0010,羣經音辨,9,125949,32617,賈昌朝,宋,撰
KR1j0011,埤雅,40,357211,97732,陸佃,宋,撰
KR1j0012,爾雅翼,33,586217,165076,洪焱祖,元,音釋
KR1j0013,駢雅,8,62710,15250,朱謀㙔,明,撰
KR1j0014,字詁,1,71223,19689,黃生,清,撰
KR1j0015,續方言,3,41754,10000,杭世駿,清,撰
KR1j0016,別雅,6,339702,92958,吳玉搢,清,撰
KR1j0017,急就篇,1,78626,22039,王應麟,宋,補注
KR1j0018,說文解字,16,442068,122741,徐鉉,宋,增釋
KR1j0019,說文解字繫傳,41,776746,217198,朱翺,南唐,反切
KR1j0021,說文解字篆韻譜,7,342576,37883,徐鍇,南唐,撰
KR1j0022,重修玉篇,32,779722,211315,釋神珙,唐,撰
KR1j0023,千祿字書,1,20825,5485,顏元孫,唐,撰
KR1j0024,五經文字,4,111492,30348,張參,唐,撰
KR1j0025,九經字樣,2,24384,6349,唐玄度,唐,撰
KR1j0026,汗簡,9,80925,15065,郭忠恕,宋,撰
KR1j0027,佩觽,4,84617,21497,郭忠恕,宋,撰
KR1j0028,古文四聲韻,6,190083,25953,夏竦,宋,撰
KR1j0029,類篇,47,1757183,502614,司馬光,宋,撰
KR1j0030,歷代鐘鼎彝器款識法帖,21,199094,40390,薛尚功,宋,撰
KR1j0031,復古編,4,117700,28159,張有,宋,撰
KR1j0032,班馬字類附補遺,6,223571,62472,婁機,宋,撰
KR1j0033,漢隸字源,7,355316,51707,婁機,宋,撰
KR1j0034,六書故,34,1332364,342428,戴侗,宋,撰
KR1j0035,字通,4,61235,13680,李從周,宋,撰
KR1j0036,龍龕手鑑,5,478024,128321,釋行均,遼,撰
KR1j0037,六書統,21,1105042,235035,楊桓,元,撰
KR1j0038,周秦刻石釋音,2,28286,7751,吾丘衍,元,撰
KR1j0039,字鑑,6,131545,36523,李文仲,元,撰
KR1j0040,說文字原,2,81193,16905,周伯琦,元,撰
KR1j0042,漢隸分韻,8,228336,30045,闕名,,撰
KR1j0043,六書本義,13,201795,47409,趙撝謙,明,撰
KR1j0044,奇字韻,6,57622,14334,楊慎,明,撰
KR1j0045,古音駢字,8,161109,38042,莊鼎鉉,清,撰
KR1j0046,俗書刊誤,12,90631,19431,焦竑,明,撰
KR1j0047,字㝈,3,61512,13200,葉秉敬,明,撰
KR1j0048,御定康熙字典,41,7557716,2161649,陳廷敬,清,奉敕纂
KR1j0052,隸辨,9,916711,226510,顧藹吉,清,撰
KR1j0053,篆隸考異,1,6109,1557,周靖,清,撰
KR1j0054,廣韻,6,741748,198078,闕名,,撰
KR1j0055,重修廣韻,6,751482,201514,丘雍,宋,奉敕撰
KR1j0056,玉篇,31,626048,168151,,,
KR1j0057,集韻,11,1224540,325842,司馬光,宋,奉敕纂
KR1j0058,切韻指掌圖,1,12531,2404,邵光祖,明,撰
KR1j0059,韻補,6,297733,88494,吳棫,宋,撰
KR1j0060,附釋文互註禮部韻略,5,487779,140064,丁度,宋,撰
KR1j0061,增修互註禮部韻略,6,1038158,306813,毛居正,宋,重增
KR1j0062,增修校正押韻釋疑,6,659203,191609,郭守正,宋,增修
KR1j0063,九經補韻,3,17238,4040,楊伯嵒,宋,撰
KR1j0064,五音集韻,16,1261400,338586,韓道昭,金,撰
KR1j0065,古今韻會舉要,30,2025836,604458,熊忠,元,舉要
KR1j0066,四聲全形等子,1,4028,941,闕名,,撰
KR1j0067,經史正音切韻指南,2,5775,1222,劉鑑,元,撰
KR1j0068,洪武正韻,17,954038,281123,宋濂,明,奉敕撰
KR1j0069,古音叢目,7,290632,82348,楊慎,明,撰
KR1j0070,古音略例,2,28521,7942,楊慎,明,撰
KR1j0071,轉注古音略,6,189127,55457,楊慎,明,撰
KR1j0073,屈宋古音義,5,184960,53794,陳第,明,撰
KR1j0074,御定音韻闡微,20,954816,266159,李光地,清,奉敕撰
KR1j0075,欽定同文韻統,8,81284,20757,傳恒,清,奉敕撰
KR1j0076,欽定叶韻彙輯,59,1514984,452062,蔣溥,清,奉敕撰
KR1j0077,欽定音韻述微,32,1155414,335391,梁國治,清,奉敕撰
KR1j0078,音論,4,64942,16880,顧炎武,清,撰
KR1j0079,詩本音,11,232821,63910,顧炎武,清,撰
KR1j0080,易音,4,52342,14288,顧炎武,清,撰
KR1j0081,唐韻正,18,1023009,290425,顧炎武,清,撰
KR1j0082,古音表,3,4806,919,顧炎武,清,撰
KR1j0083,韻補正,2,28344,7125,顧炎武,清,撰
KR1j0084,古今通韻,13,913831,247693,毛奇齡,清,撰
KR1j0085,易韻,5,73495,19817,毛奇齡,清,撰
KR1j0086,孫氏唐韻考,6,159283,36268,紀容舒,清,撰
KR1j0087,古韻標準,5,297847,85953,江永,清,撰
KR1j0088,六藝綱目,6,122675,34057,趙宜中,明,注
KR2a0001,史記,14,3150556,571419,張守節,唐,撰
KR2a0002,史記集解,131,2134234,622495,裴駰,南朝宋,撰
KR2a0003,史記索隱,32,719515,210437,司馬貞,唐,撰
KR2a0004,史記正義,131,2288640,665395,張守節,唐,撰
KR2a0005,讀史記十表,11,135915,33922,徐克范,清,補
KR2a0006,史記疑問,4,109346,30712,邵泰衢,清,撰
KR2a0007,前漢書,102,4593420,1338834,齊召南,清,撰
KR2a0008,班馬異同,36,584078,171608,劉辰翁,宋,評
KR2a0009,後漢書,125,3988889,1168143,陳浩,清,撰
KR2a0010,補後漢書年表,11,27298,5096,熊方,宋,撰
KR2a0011,兩漢刊誤補遺,11,154475,43517,吳仁傑,宋,撰
KR2a0012,三國志,31,1480442,444883,李龍官,清,撰
KR2a0013,三國史辨誤,2,16928,4594,闕名,,撰
KR2a0014,三國志補注,7,172123,46529,杭世駿,清,撰
KR2a0015,晉書,34,1198492,346733,何超,唐,撰
KR2a0016,宋書,102,2880376,826414,萬承蒼,清,撰
KR2a0017,南齊書,61,1109382,315062,王祖庚,清,撰
KR2a0018,梁書,58,1033329,300929,孫人龍,清,撰
KR2a0019,陳書,37,578204,167709,孫人龍,清,撰
KR2a0020,魏書,116,3510569,1019545,孫人龍,清,撰
KR2a0021,北齊書,36,615370,179992,朱荃,清,撰
KR2a0022,周書,52,925735,268723,金文淳,清,撰
KR2a0023,隋書,50,1783944,520766,張映斗,清,撰
KR2a0024,南史,81,2375072,695699,萬承蒼,清,撰
KR2a0025,北史,23,959065,280987,孫人龍,清,撰
KR2a0026,舊唐書,188,6683545,1965024,沈德潛,清,撰
KR2a0027,新唐書,76,1967952,571704,董衝進,宋,撰
KR2a0028,新唐書糾謬,22,256021,67281,吳縝,宋,撰
KR2a0029,舊五代史,299,2550912,733803,邵晉涵,清,撰
KR2a0030,新五代史,75,1069390,307720,王文清,清,撰
KR2a0031,五代史纂誤,4,62924,16986,吳縝,宋,撰
KR2a0032,宋史,497,13594586,3975274,楊開鼎,清,撰
KR2a0033,遼史,116,1118607,305595,周長發,清,撰
KR2a0034,遼史拾遺,25,685106,190866,厲鶚,清,撰
KR2a0035,金史,136,3177905,928367,托克托,元,奉敕撰
KR2a0036,元史,211,5651595,1637521,王祖庚,清,撰
KR2a0037,欽定遼金元三史國語解,47,801157,176213,高宗弘曆,清,敕撰
KR2a0038,明史,548,10163066,2927786,方煒,清,撰
KR2b0001,竹書紀年,3,58125,15383,沈約,梁,註
KR2b0002,竹書統箋,15,499901,145385,徐文靖,清,撰
KR2b0003,前漢紀,31,601093,179687,荀悅,漢,撰
KR2b0004,後漢紀,32,699252,209155,袁宏,晉,撰
KR2b0005,元經,11,266357,74438,阮逸,宋,註
KR2b0006,唐創業起居注,4,72900,21441,溫大雅,唐,撰
KR2b0007,資治通鑑,296,15138481,4459124,胡三省,元,注
KR2b0008,資治通鑑考異,30,972643,294930,司馬光,宋,撰
KR2b0009,資治通鑑釋例,1,7488,2091,,,
KR2b0010,資治通鑑目錄,27,52328,1100,司馬光,宋,撰
KR2b0011,通鑑地理通釋,15,483620,137466,王應麟,宋,撰
KR2b0012,通鑑釋文辨誤,13,305513,84100,胡三省,元,撰
KR2b0013,通鑑胡注舉正,3,17690,4668,陳景雲,清,撰
KR2b0014,司馬溫公稽古錄,21,421454,118408,司馬光,宋,撰
KR2b0015,資治通鑑外紀,11,390560,114968,劉恕,宋,撰
KR2b0016,資治通鑑釋文,31,1138641,325425,,,
KR2b0017,皇王大紀,81,1859617,546401,胡宏,宋,撰
KR2b0018,中興小紀,41,896995,264355,熊克,宋,撰
KR2b0019,續資治通鑑長編,525,16490343,4883459,李燾,宋,撰
KR2b0020,綱目續麟,25,1200885,335968,張自勳,明,撰
KR2b0021,綱目分註拾遺,5,233089,65130,芮長恤,清,撰
KR2b0022,綱目訂誤,5,56232,14450,陳景雲,清,撰
KR2b0023,大事記,28,1111641,313071,呂祖謙,宋,撰
KR2b0024,建炎以來繫年要錄,202,5979415,1761108,李心傳,宋,撰
KR2b0025,九朝編年備要,31,1634743,456440,陳均,宋,撰
KR2b0026,續宋編年資治通鑑,16,340148,97486,劉時舉,宋,撰
KR2b0027,編年通載,5,15645,3456,,,
KR2b0028,西漢年紀,31,941450,277985,王益之,宋,撰
KR2b0029,靖康要錄,13,591194,175624,闕名,宋,撰
KR2b0030,兩朝綱目備要,17,515494,143554,闕名,元,撰
KR2b0031,宋季三朝政要,7,132440,38132,闕名,元,撰
KR2b0032,宋史全文,37,3694869,1092698,闕名,元,撰
KR2b0033,資治通鑑前編,22,1450797,442223,金履祥,宋,撰
KR2b0034,通鑑續編,28,1942467,570115,陳桱,元,撰
KR2b0035,大事記續編,78,2405529,679913,王禕,明,撰
KR2b0036,元史續編,17,529963,158134,胡粹中,明,撰
KR2b0037,御批歷代通鑑輯覽,120,8746381,2480429,傳恒,清,奉敕撰
KR2b0038,御定資治通鑑綱目三編,46,2716683,796925,張廷玉,清,奉敕撰
KR2b0039,皇清開國方略,34,910614,243010,梁國治,清,奉敕撰
KR2b0040,資治通鑑後編,185,6242444,1836823,徐乾學,清,撰
KR2b0041,十八史略,8,889433,212574,,,
KR2c0001,通鑑紀事本末,43,5839859,1747649,袁樞,宋,撰
KR2c0002,汲冢周書,12,149048,42353,,,
KR2c0003,春秋左傳事類始末,7,561660,161734,章沖,宋,撰
KR2c0004,三朝北盟會編,251,3945329,1156176,徐夢莘,宋,撰
KR2c0005,蜀鑑,12,229726,63583,郭允蹈,宋,撰
KR2c0006,炎徼紀聞,5,116560,34297,田汝成,明,撰
KR2c0007,宋史紀事本末,29,1597850,474058,陳邦瞻,明,增輯
KR2c0008,元史紀事本末,5,263982,78141,陳邦瞻,明,撰
KR2c0009,平定三逆方略,61,771676,200277,勒德洪,清,奉敕撰
KR2c0010,聖祖仁皇帝親征平定朔漠方略,49,1840925,473286,溫達,清,奉敕撰
KR2c0011,欽定平定金川方略,33,989518,251509,來保,清,奉敕撰
KR2c0012,平定準噶爾方略,173,5125040,1322693,傳恒,清,奉敕撰
KR2c0013,平定兩金川方略,145,3274978,930909,阿桂,清,奉敕撰
KR2c0014,欽定剿捕臨清逆匪紀略,17,462301,124258,于敏中,清,奉敕撰
KR2c0015,欽定蘭州紀略,21,520817,141321,阿桂,清,奉敕撰
KR2c0016,欽定石峰堡紀略,21,645902,174884,高宗弘曆,清,敕撰
KR2c0017,欽定平定臺灣紀略,66,1815096,495962,高宗弘曆,清,敕撰
KR2c0018,綏寇紀略,13,506326,149347,吳偉業,清,撰
KR2c0019,滇考,3,248246,73818,馮甦,清,撰
KR2c0020,明史紀事本末,81,1959940,573059,谷應泰,清,撰
KR2c0021,繹史,161,6381527,1884144,馬驌,清,撰
KR2c0022,左傳紀事本末,54,1154982,331296,高士奇,清,撰
KR2c0023,平臺紀略,7,191555,55904,藍鼎元,清,撰
KR2d0001,逸周書,12,150183,42762,孔晁,晉,注
KR2d0002,東觀漢記,25,319733,91399,劉珍,漢,撰
KR2d0003,建康實錄,21,818897,242745,許嵩,唐,撰
KR2d0004,隆平集,21,417544,122398,曾鞏,宋,撰
KR2d0005,古史,61,950846,280168,蘇轍,宋,撰
KR2d0006,通志,227,16899575,4992192,鄭樵,宋,撰
KR2d0007,東都事略,131,1705914,497527,王稱,宋,撰
KR2d0008,路史,48,1591866,445381,羅泌,宋,撰
KR2d0009,欽定重訂契丹國志,32,307118,87117,葉隆禮,宋,撰
KR2d0010,欽定重訂大金國志,42,540945,151725,宇文懋昭,宋,撰
KR2d0011,古今紀要,20,1160391,312759,黃震,宋,撰
KR2d0012,蕭氏續後漢書,50,663083,191775,蕭常,宋,撰
KR2d0013,郝氏續後漢書,102,3013342,885880,苟宗道,元,注
KR2d0014,元朝祕史,10,83591,14400,,,
KR2d0015,春秋別典,17,322490,94912,薛虞畿,明,撰
KR2d0016,明史鈔略,4,551139,170158,,,
KR2d0017,罪惟錄,37,3537247,1022421,,,
KR2d0018,東山國語,2,81210,24210,,,
KR2d0019,御定歷代紀事年表,97,378350,25508,周清原,清,奉敕撰
KR2d0021,補歷代史表,52,62773,6317,萬斯同,清,撰
KR2d0022,後漢書補逸,22,532955,147715,姚之駰,清,編
KR2d0023,春秋戰國異辭,59,2130998,609906,陳厚耀,清,撰
KR2d0024,尚史,108,3312248,950158,李鍇,清,撰
KR2e0001,國語,22,489108,142631,韋昭,吳,注
KR2e0002,國語補音,4,173643,48940,宋庠,宋,補葺
KR2e0003,戰國策,11,936261,269869,姚宏,宋,續注
KR2e0004,鮑氏戰國策注,12,650681,182321,鮑彪,宋,撰
KR2e0005,戰國策校注,12,942692,277233,吳師道,宋,撰
KR2e0006,貞觀政要,11,583916,173604,戈直,元,集論
KR2e0007,渚宮舊事,7,109026,31730,余知古,唐,撰
KR2e0008,東觀奏記,4,42001,11978,斐庭裕,唐,撰
KR2e0009,五代史闕文,2,17290,4759,王禹偁,宋,撰
KR2e0010,五代史補,6,83054,23824,陶岳,晉,撰
KR2e0011,北狩見聞錄,1,16894,4772,曹勛,宋,撰
KR2e0012,松漠紀聞,3,38272,11202,洪皓,宋,撰
KR2e0013,燕翼詒謀錄,6,80848,23480,王栐,宋,撰
KR2e0014,太平治迹統類,31,1716647,510989,彭百川,宋,撰
KR2e0015,咸淳遺事,3,72355,21278,闕名,宋,撰
KR2e0016,弔伐錄,1,188504,54698,闕名,,撰
KR2e0017,汝南遺事,5,52776,14561,王鶚,元,撰
KR2e0018,錢塘遺事,11,135726,37855,劉一清,元,撰
KR2e0019,平宋錄,4,51760,15096,劉敏中,元,撰
KR2e0020,弇山堂別集,101,2509760,720429,王世貞,明,撰
KR2e0021,革除逸史,3,42051,11779,朱睦㮮,明,撰
KR2e0022,欽定蒙古源流,9,191605,55883,蒙古薩囊徹辰,清,撰
KR2f0001,太祖高皇帝聖訓,5,67113,18145,聖祖,清,敕編
KR2f0002,太宗文皇帝聖訓,7,110166,30459,聖祖,清,續編
KR2f0003,太宗皇帝實錄,21,280455,81560,,,
KR2f0004,世祖章皇帝聖訓,7,85473,23141,聖祖,清,敕編
KR2f0005,聖祖仁皇帝聖訓,61,1302994,361527,世宗,清,敕編
KR2f0006,世宗憲皇帝聖訓,37,935768,263558,高宗,清,敕編
KR2f0007,世宗憲皇帝上諭八旗,39,1173583,330712,允祿,清,奉敕編
KR2f0008,世宗憲皇帝上諭內閣,161,3142480,874969,弘晝,清,續編
KR2f0009,世宗憲皇帝硃批諭旨,224,13367742,3481603,世宗胤禛,清,敕編
KR2f0010,唐大詔令集,110,1915551,543344,宋敏求,宋,編
KR2f0011,兩漢詔令,1,263789,72485,樓昉,宋,編
KR2f0012,范文正奏議,1,141355,40797,范仲淹,宋,撰
KR2f0013,包孝肅奏議集,12,210198,59807,張田,宋,編
KR2f0014,盡言集,15,282330,80085,劉安世,宋,撰
KR2f0015,讜論集,6,140516,40674,陳次升,宋,撰
KR2f0016,左史諫草,4,54351,15755,方回,宋,撰
KR2f0017,商文毅疏稿,3,73130,21029,商輅,明,撰
KR2f0018,王端毅奏議,18,527640,154361,王恕,明,撰
KR2f0019,馬端肅奏議,13,247562,72608,馬文升,明,撰
KR2f0020,關中奏議,19,1200641,354392,楊一清,明,撰
KR2f0021,胡端敏奏議,11,398353,118148,胡世寧,明,撰
KR2f0022,楊文忠三錄,9,307637,90605,楊廷和,明,撰
KR2f0023,何文簡疏議,11,553599,156889,何孟春,明,撰
KR2f0024,垂光集,2,53841,15780,周璽,明,撰
KR2f0025,孫毅菴奏議,3,128694,37965,孫懋,明,撰
KR2f0026,玉坡奏議,6,118878,34928,張原,明,撰
KR2f0027,南宮奏稿,6,314095,87520,夏言,明,撰
KR2f0028,訥谿奏疏,2,60042,17504,周怡,明,撰
KR2f0029,譚襄敏奏議,11,503586,145308,譚綸,明,撰
KR2f0030,潘司空奏疏,8,390053,114035,潘季馴,明,撰
KR2f0031,兩河經略,5,120040,33860,潘季馴,明,撰
KR2f0032,兩垣奏議,1,18500,5346,逯中立,明,撰
KR2f0033,周忠愍奏疏,3,91199,26836,周起元,明,撰
KR2f0034,張襄壯奏疏,7,253611,73104,張勇,清,撰
KR2f0035,文襄奏疏,9,553393,147115,靳輔,清,撰
KR2f0036,華野疏稿,6,167352,44302,郭琇,清,撰
KR2f0037,三朝名臣言行錄,56,1249617,341871,,,
KR2f0038,宋名臣奏議,151,4080506,1179189,趙汝愚,宋,編
KR2f0039,歷代名臣奏議,351,18051335,5349194,黃淮,明,奉敕編
KR2f0040,名臣經濟錄,54,2603323,765434,黃訓,明,編
KR2f0041,御選明臣奏議,44,1439943,422106,高宗弘曆,清,敕編
KR2g0001,孔子編年,6,108537,31775,胡仔,宋,撰
KR2g0002,東家雜記,3,69046,18904,孔傳,宋,撰
KR2g0003,晏子春秋,9,176555,49181,晏嬰,周,撰
KR2g0004,魏鄭公諫錄,6,90551,26124,王方慶,唐,撰
KR2g0005,李相國論事集,7,82123,23675,蔣偕,唐,編
KR2g0006,孔氏祖庭廣記,13,199044,54902,,,
KR2g0007,杜工部年譜,2,10465,2678,趙子櫟,宋,撰
KR2g0008,杜工部詩年譜,2,26490,7277,魯訔,宋,撰
KR2g0009,紹陶錄,3,54484,14511,王質,宋,撰
KR2g0010,金他稡編,59,901137,257268,岳珂,宋,撰
KR2g0011,象臺首末,7,103712,29910,胡知柔,宋,撰
KR2g0012,魏鄭公諫續錄,3,73112,21542,翟思忠,元,撰
KR2g0013,忠貞錄,6,68080,19232,林增志,明,編
KR2g0014,諸葛忠武書,11,189870,53543,楊時偉,明,編
KR2g0015,寧海將軍固山貝子功績錄,2,33949,9847,闕名,清,編
KR2g0016,朱子年譜,11,661527,198156,王懋竑,清,撰
KR2g0017,劉向古列女傳,9,168488,45875,劉向,漢,撰
KR2g0018,高士傳,4,53509,15260,皇甫謐,晉,撰
KR2g0019,卓異記,2,12171,3171,李翱,唐,撰
KR2g0020,春秋臣傳,31,315482,90272,王當,宋,撰
KR2g0021,廉吏傳,3,119217,34742,費樞,宋,撰
KR2g0022,紹興十八年同年小錄,1,132461,39202,闕名,宋,編
KR2g0023,伊洛淵源錄,15,243360,70472,朱熹,宋,撰
KR2g0024,宋名臣言行錄,77,1692276,471021,李幼武,宋,纂集
KR2g0025,名臣碑傳琬琰之集,108,1818222,531215,杜大珪,宋,編
KR2g0026,錢塘先賢傳贊,2,32004,9041,袁韶,宋,撰
KR2g0027,慶元黨禁,2,56114,16063,滄州樵叟,宋,撰
KR2g0028,宋寶祐四年登科錄,4,42432,11530,闕名,宋,撰
KR2g0029,京口耆舊傳,10,226463,66956,闕名,宋,撰
KR2g0030,昭忠錄,1,61764,17768,闕名,元,撰
KR2g0031,敬鄉錄,15,320503,92754,吳師道,元,撰
KR2g0032,唐才子傳,9,176744,50393,辛文房,元,撰
KR2g0033,元名臣事略,16,398350,116521,蘇天爵,元,撰
KR2g0034,浦陽人物記,6,67413,19182,宋濂,明,撰
KR2g0035,古今列女傳,4,174012,51240,解縉,明,奉敕編
KR2g0036,殿閣詞林記,23,615883,180989,廖道南,明,撰
KR2g0037,嘉靖以來首輔傳,9,239125,71056,王世貞,明,撰
KR2g0038,明名臣琬琰錄,47,1069333,314370,徐紘,明,編
KR2g0039,今獻備遺,44,438968,127056,項篤壽,明,撰
KR2g0040,百越先賢志,5,78562,22301,歐大任,明,撰
KR2g0041,元儒考略,5,84082,23400,馮從吾,明,撰
KR2g0042,欽定宗室王公功績表傳,13,346402,90106,高宗弘曆,清,敕撰
KR2g0043,欽定外藩蒙古回部王公表傳,121,1200094,305479,高宗弘曆,清,敕撰
KR2g0044,欽定八旗滿洲氏族通譜,163,2530623,622971,高宗弘曆,清,敕撰
KR2g0045,欽定勝朝殉節諸臣錄,25,505296,120462,于敏中,清,奉敕撰
KR2g0046,明儒學案,63,2456944,726454,黃宗羲,清,撰
KR2g0047,中州人物考,9,337639,97872,孫奇逢,清,撰
KR2g0048,東林列傳,27,720126,213066,陳鼎,清,撰
KR2g0049,儒林宗派,17,69832,12044,萬斯同,清,撰
KR2g0050,明儒言行錄,13,950701,279623,沈佳,清,撰
KR2g0051,史傳三編,57,1960122,578333,朱軾,清,撰
KR2g0052,閩中理學淵源考,93,1685464,485516,李清馥,清,撰
KR2g0053,征南錄,1,9619,2673,滕甫,宋,撰
KR2g0054,驂鸞錄,1,28165,8262,范成大,宋,撰
KR2g0055,吳船錄,3,57911,17143,范成大,宋,撰
KR2g0056,入蜀記,5,96635,27160,陸游,宋,撰
KR2g0057,西使記,2,9837,2697,劉郁,元,撰
KR2g0058,保越錄,1,28784,8471,闕名,明,撰
KR2g0059,粵閩巡視紀略,7,375056,106094,杜臻,清,撰
KR2g0060,松亭行紀,3,45263,11419,高士奇,清,撰
KR2g0061,扈從西巡日錄,1,31743,8923,高士奇,清,撰
KR2h0001,兩漢博聞,13,315087,80502,楊侃,宋,輯
KR2h0002,通鑑總類,21,1968743,571947,沈樞,宋,撰
KR2h0003,南北史識小錄,17,603304,182274,朱昆田,清,輯
KR2i0001,吳越春秋,11,183299,53255,徐天祐,元,注
KR2i0002,越絕書,16,112790,31581,吳平,漢,撰
KR2i0003,華陽國志,13,330813,95620,常璩,晉,撰
KR2i0004,鄴中記,2,17885,4952,陸翽,晉,撰
KR2i0005,十六國春秋,101,1618176,473275,崔鴻,北魏,撰
KR2i0006,別本十六國春秋,17,141226,40470,崔鴻,北魏,撰
KR2i0007,蠻書,11,84074,23642,樊綽,唐,撰
KR2i0008,釣磯立談,2,53733,15473,闕名,宋,撰
KR2i0009,江南野史,11,102061,29674,龍袞,宋,撰
KR2i0010,江南別錄,1,21684,6298,陳彭年,宋,撰
KR2i0011,江表志,4,28408,7429,鄭文寶,宋,撰
KR2i0012,江南餘載,3,25239,7159,闕名,宋,撰
KR2i0013,三楚新錄,4,22783,6440,周羽翀,宋,撰
KR2i0014,錦里耆舊傳,5,56103,15853,句延慶,宋,撰
KR2i0015,五國故事,3,33993,9821,闕名,宋,撰
KR2i0016,蜀檮杌,4,50609,14704,張唐英,宋,撰
KR2i0017,馬氏南唐書,31,276052,79043,馬令,宋,撰
KR2i0018,陸氏南唐書SB22n346,17,230511,66791,戚光,元,撰
KR2i0019,吳越備史,4,186530,54195,錢儼,宋,撰
KR2i0020,安南志略,21,244585,66620,黎崱,元,撰
KR2i0021,十國春秋,115,2061143,590224,吳任臣,清,撰
KR2i0022,朝鮮史略,13,327918,91508,闕名,明,撰
KR2i0023,越史略,5,119755,33543,闕名,,撰
KR2j0001,歲時廣記,6,59336,16003,陳元靚,宋,撰
KR2j0002,御定月令輯要,25,1901916,562329,李光地,清,奉敕撰
KR2k0001,三輔黃圖,7,71983,20019,闕名,,撰
KR2k0002,禁扁,6,157515,27738,王士點,元,撰
KR2k0003,元和郡縣志,42,906391,253224,李吉甫,唐,撰
KR2k0004,太平寰宇記,201,2962404,818442,樂史,宋,撰
KR2k0005,元豐九域志,11,399604,111441,王存,宋,奉敕撰
KR2k0006,輿地廣記,39,549294,155249,歐陽忞,宋,撰
KR2k0007,方輿勝覽,71,1935514,562057,祝穆,宋,撰
KR2k0008,明一統志,91,7403319,2146171,李賢,明,奉敕撰
KR2k0009,大清一統志,210,26383154,7769821,和珅,明,奉敕撰
KR2k0010,吳郡圖經續記,5,102346,29664,朱長文,宋,撰
KR2k0011,乾道臨安志,4,88640,22647,周淙,宋,撰
KR2k0012,淳熙三山志,43,990891,258459,梁克家,宋,撰
KR2k0013,吳郡志,51,869533,245808,范成大,宋,撰
KR2k0014,新安志,11,381356,109641,羅願,宋,撰
KR2k0015,剡錄,11,188416,50516,高似孫,宋,撰
KR2k0016,會稽志,21,829493,231499,張淏,宋,撰
KR2k0017,赤城志,42,624724,164063,陳耆卿,宋,撰
KR2k0018,寶慶四明志,34,977613,264508,劉錫,宋,撰
KR2k0019,海鹽澉水志,9,54176,12038,常棠,宋,撰
KR2k0020,景定嚴州續志,11,122553,32615,方仁榮,宋,撰
KR2k0021,景定建康志,51,1815729,513613,周應合,宋,撰
KR2k0022,咸淳臨安志,100,2055244,551387,潛說友,宋,撰
KR2k0023,至元嘉禾志,33,473028,125077,徐碩,元,撰
KR2k0024,昌國州圖志,9,102993,27752,馮福京,元,撰
KR2k0025,延祐四明志,21,665530,183576,袁桷,元,撰
KR2k0026,齊乘,9,253989,70721,于欽,元,撰
KR2k0027,至大金陵新志,17,1131095,315434,張鉉,元,撰
KR2k0028,無錫縣志,5,258459,72123,闕名,,撰
KR2k0029,姑蘇志,61,2355382,664249,王鏊,明,撰
KR2k0030,武功縣志,4,103498,30417,康海,明,撰
KR2k0031,朝邑縣志,5,25327,7078,韓邦靖,明,撰
KR2k0032,嶺海輿圖,2,55925,15131,姚虞,明,撰
KR2k0033,滇略,11,310241,87000,謝肇淛,明,撰
KR2k0034,吳興備志,33,646728,184018,董斯張,明,撰
KR2k0035,欽定熱河志,121,2810062,728247,梁國治,清,奉敕撰
KR2k0036,欽定日下舊聞考,161,4501782,1285265,英廉,清,奉敕撰
KR2k0037,天下郡國利病書,51,5711569,1697907,,,
KR2k0038,欽定滿洲源流考,25,694207,174574,于敏中,清,奉敕撰
KR2k0039,欽定皇輿西域圖志,49,1525452,389797,于敏中,清,奉敕撰
KR2k0040,欽定盛京通志,131,4009002,1032090,劉謹之,清,奉敕撰
KR2k0041,畿輔通志,121,5609834,1482663,田易,清,編纂
KR2k0042,江南通志,201,10016088,2497802,黃之雋,清,編纂
KR2k0043,江西通志,165,10184483,2829856,陶成,清,編纂
KR2k0044,浙江通志,281,14794162,3931880,沈翼機,清,編纂
KR2k0045,江西通志,163,10176905,2829852,謝道承,清,編纂
KR2k0046,湖廣通志,121,6211946,1626019,夏力恕,清,編纂
KR2k0047,河南通志,81,6805310,1792781,顧棟高,清,編纂
KR2k0048,山東通志,75,6418485,1775787,杜詔,清,編纂
KR2k0049,山西通志,231,13612801,3788084,儲大文,清,編纂
KR2k0050,陝西通志,103,10236631,2759681,沈青崖,清,編纂
KR2k0051,甘肅通志,51,2604401,686803,李迪,清,編纂
KR2k0052,四川通志,48,5659609,1498139,張晉生,清,編纂
KR2k0053,廣東通志,65,5679276,1493641,魯曾煜,清,編纂
KR2k0054,廣西通志,130,4996373,1306257,錢元昌,清,編纂
KR2k0055,雲南通志,31,3371488,905268,靖道謨,清,編纂
KR2k0056,貴州通志,47,2704485,689910,靖道謨,清,編纂
KR2k0057,歷代帝王宅京記,21,476936,138219,顧炎武,清,撰
KR2k0058,水經注,41,1344169,381063,酈道元,後魏,撰
KR2k0059,水經注集釋訂訛,41,1666676,471286,沈炳巽,清,撰
KR2k0060,水經注釋,55,2308025,654511,趙一清,清,撰
KR2k0061,吳中水利書,2,27919,8013,單鍔,宋,撰
KR2k0062,四明它山水利備覽,3,53825,15133,魏峴,宋,撰
KR2k0063,河防通議,4,54507,15430,沙克什,元,撰
KR2k0064,治河圖略,1,15051,4099,王喜,元,撰
KR2k0065,浙西水利書,4,110561,32708,姚文灝,明,撰
KR2k0066,河防一覽,15,754483,218597,潘季馴,明,撰
KR2k0067,三吳水利錄,6,99105,28894,歸有光,明,撰
KR2k0068,北河紀,13,438194,126955,謝肇淛,明,撰
KR2k0069,敬止集,5,169172,49607,陳應芳,明,撰
KR2k0070,三吳水考,17,1057012,292695,周大韶,明,撰
KR2k0071,吳中水利全書,29,1857307,485809,張國維,明,撰
KR2k0072,欽定河源紀略,48,525045,137414,陸錫熊,清,奉敕撰
KR2k0073,崑崙河源考,2,60343,17450,萬斯同,清,撰
KR2k0074,兩河清彙,9,239525,65139,薛鳳祚,清,撰
KR2k0075,居濟一得,9,248683,72790,張伯行,清,撰
KR2k0076,治河奏績書,5,314885,87863,張靄生,清,編述
KR2k0077,直隸河渠志,1,46214,13493,陳儀,清,撰
KR2k0078,行水金鑑,176,4528032,1289467,傳澤洪,清,撰
KR2k0079,水道提綱,29,915633,260830,齊召南,清,撰
KR2k0080,海塘錄,27,942034,249602,翟均廉,清,撰
KR2k0081,籌海圖編,14,703807,192421,胡宗憲,明,撰
KR2k0082,鄭開陽雜著,11,222191,54235,鄭若曾,明,撰
KR2k0083,南嶽小錄,1,16434,4494,李沖昭,唐,撰
KR2k0084,廬山記,4,65612,19198,釋惠遠,宋,撰
KR2k0085,赤松山志,1,21387,5758,倪守約,宋,撰
KR2k0086,西湖遊覽志,51,1117129,321352,田汝成,明,撰
KR2k0087,桂勝,13,276678,77407,張鳴鳳,明,撰
KR2k0088,欽定盤山志,17,564053,143864,董邦達,清,奉敕撰
KR2k0089,西湖志纂,13,426838,107921,傳王露,清,撰
KR2k0090,洛陽伽藍記,6,106991,29993,楊衒之,後魏,撰
KR2k0091,吳地記,3,36109,9614,闕名,,撰
KR2k0092,長安志,21,380921,109510,宋敏求,宋,撰
KR2k0093,洛陽名園記,2,15563,4357,李格非,宋,撰
KR2k0094,雍錄,11,278479,80040,程大昌,宋,撰
KR2k0095,洞霄圖志,8,117767,33393,鄧牧,宋,撰
KR2k0096,長安志圖,3,80349,22553,李好文,元,撰
KR2k0097,汴京遺蹟志,25,613791,168824,李濂,明,撰
KR2k0098,武林梵志,13,594571,171519,吳之鯨,明,撰
KR2k0099,江城名蹟,5,181517,50928,陳弘緒,清,撰
KR2k0100,營平二州地名記,2,52945,15090,顧炎武,清,撰
KR2k0101,金鰲退食筆記,3,63906,17589,高士奇,清,撰
KR2k0102,石柱記箋釋,6,110013,29259,鄭元慶,清,撰
KR2k0103,關中勝蹟圖志,33,839297,244470,畢沅,清,撰
KR2k0104,南方草木狀,4,20129,5490,嵇含,晉,撰
KR2k0105,荊楚歲時記,1,27514,7609,宗懍,梁,撰
KR2k0106,北戶錄,4,81514,23554,龜圖,唐,註
KR2k0107,桂林風土記,2,28512,7878,莫休符,唐,撰
KR2k0108,嶺表錄異,4,39189,11177,劉恂,唐,撰
KR2k0109,益部方物略記,1,17560,4657,宋祁,宋,撰
KR2k0110,岳陽風土記,2,29719,8552,范致明,宋,撰
KR2k0111,東京夢華錄,11,97559,27817,孟元老,宋,撰
KR2k0112,六朝事跡編類,3,135266,38041,張敦頤,宋,撰
KR2k0113,會稽三賦,5,129141,37929,史鑄,宋,注
KR2k0114,中吳紀聞,7,142621,40981,襲明之,宋,撰
KR2k0115,桂海虞衡志,2,40138,11427,范成大,宋,撰
KR2k0116,嶺外代答,11,178477,51016,周去非,宋,撰
KR2k0117,都城紀勝,2,24099,6774,耐得翁,宋,撰
KR2k0118,夢粱錄,21,320417,92830,吳自牧,宋,撰
KR2k0119,武林舊事,12,224500,52220,周密,宋,撰
KR2k0120,增補武林舊事,9,245624,62414,朱廷煥,明,補
KR2k0121,歲華紀麗譜,1,17128,4628,費著,元,撰
KR2k0122,吳中舊事,2,31123,9006,陸友仁,元,撰
KR2k0123,平江記事,2,21822,6300,高德基,元,撰
KR2k0124,江漢叢談,3,58116,16838,陳士元,明,撰
KR2k0125,閩中海錯疏,6,43816,11302,屠本畯,明,撰
KR2k0126,蜀中廣記,109,3058559,896843,曹學佺,明,撰
KR2k0127,益部談資,5,42108,11914,何宇度,明,撰
KR2k0128,顏山雜記,6,133239,37107,孫廷銓,清,撰
KR2k0129,嶺南風物記,2,23424,6652,江闓,清,刪定
KR2k0130,龍沙紀略,1,35991,10203,方式濟,清,撰
KR2k0131,臺海使槎錄,9,251654,70056,黃叔璥,清,撰
KR2k0132,東城雜記,3,82769,24164,厲鄂,清,撰
KR2k0133,遊城南記,1,27936,7753,張禮,宋,撰
KR2k0134,河朔訪古記,4,88707,26005,納新,元,撰
KR2k0135,徐霞客遊記,13,1163194,346884,徐宏祖,明,撰
KR2k0136,佛國記,2,49081,14513,釋法顯,南朝宋,撰
KR2k0137,大唐西域記,13,373714,109321,釋辯機,唐,撰
KR2k0138,宣和奉使高麗圖經,42,173963,45973,徐兢,宋,撰
KR2k0139,諸蕃志,3,79175,22885,趙汝适,宋,撰
KR2k0140,溪蠻叢笑,2,10843,2646,朱輔,宋,撰
KR2k0141,真臘風土記,1,30750,8856,周達觀,元,撰
KR2k0142,島夷志略,1,60504,17280,汪大淵,元,撰
KR2k0143,朝鮮賦,2,28162,8170,董越,明,撰
KR2k0144,海語,4,47649,13681,黃學準,明,增注
KR2k0145,東西洋考,13,373324,109950,張燮,明,撰
KR2k0146,職方外紀,6,103115,29990,西洋艾儒略,明,撰
KR2k0147,赤雅,4,53028,14552,鄺露,明,撰
KR2k0148,朝鮮志,3,62511,17769,闕名,明,撰
KR2k0149,皇清職貢圖,11,180758,41037,傳恒,清,奉敕撰
KR2k0150,坤輿圖說,3,108803,30906,西洋南懷仁,清,撰
KR2k0151,異域錄,3,104089,27110,覺羅圖理琛,清,撰
KR2k0152,海國聞見錄,3,43444,12336,陳倫炯,清,撰
KR2l0001,唐六典,31,667781,191345,李林甫,唐,注
KR2l0002,翰林志,2,14381,4001,李肇,唐,撰
KR2l0003,麟臺故事殘,6,135483,36544,程俱,宋,撰
KR2l0004,翰苑群書,14,167716,46795,洪遵,宋,編
KR2l0005,南宋館閣錄,20,408365,121621,闕名,,撰
KR2l0006,玉堂雜記,4,47973,13823,周必大,宋,撰
KR2l0007,宋宰輔編年錄,21,1608835,445174,徐自明,宋,撰
KR2l0008,祕書監志,12,192602,51750,商企翁,元,撰
KR2l0009,翰林記,21,453951,129471,黃佐,明,撰
KR2l0010,禮部志稿,101,3710161,1060419,俞汝楫,明,編撰
KR2l0011,太常續考,9,612300,165580,闕名,明,撰
KR2l0012,土官底簿,4,181297,52071,闕名,明,撰
KR2l0013,詞林典故,9,435980,108191,張廷玉,清,奉敕撰
KR2l0014,欽定國子監志,63,1170455,286081,梁國治,清,奉敕撰
KR2l0015,欽定歷代職官表,79,2714560,704345,紀昀,清,奉敕撰
KR2l0016,州縣提綱,5,58009,16091,闕名,宋,撰
KR2l0017,官箴,2,10139,2744,呂本中,宋,撰
KR2l0018,百官箴,7,94401,27162,許月卿,宋,撰
KR2l0019,作邑自箴,11,61669,15650,,,
KR2l0020,晝簾緒論,3,45749,13359,胡太初,宋,撰
KR2l0021,為政忠告,3,59090,16017,張養浩,元,撰
KR2l0022,御定人臣儆心錄,1,21733,5989,王永吉,清,奉敕纂
KR2m0001,通典,206,5500222,1597770,杜佑,唐,撰
KR2m0002,唐會要,101,2673674,781437,王溥,宋,撰
KR2m0003,五代會要,31,565390,163773,王溥,宋,撰
KR2m0004,宋朝事實,22,535782,157353,李攸,宋,撰
KR2m0005,建炎雜記,41,844096,244923,李心傳,宋,撰
KR2m0006,西漢會要,71,861915,241276,徐天麟,宋,撰
KR2m0007,東漢會要,41,632366,180139,徐天麟,宋,撰
KR2m0008,漢制攷,5,121672,33384,王應麟,宋,撰
KR2m0009,文獻通考,349,13201428,3738669,馬端臨,元,撰
KR2m0010,明會典,181,2930058,730064,李東陽,明,重修
KR2m0011,七國攷,15,369890,101662,董說,明,撰
KR2m0012,欽定大清會典,101,1505762,359069,允祹,清,奉敕撰
KR2m0013,欽定大清會典則例,185,8753688,2223540,高宗弘曆,清,敕撰
KR2m0014,欽定續文獻通考,251,9408511,2574303,曹仁虎,清,奉敕撰
KR2m0015,皇朝文獻通考,300,11078816,2900807,高宗弘曆,清,敕撰
KR2m0016,欽定續通典,151,4451401,1299690,曹仁虎,清,奉敕撰
KR2m0017,皇朝通典,101,3127702,829371,高宗弘曆,清,敕撰
KR2m0018,皇朝通志,127,2858690,743081,高宗弘曆,清,敕撰
KR2m0019,元朝典故編年考,11,349165,93700,孫承澤,清,撰
KR2m0020,漢官舊儀,4,36934,10473,衞宏,漢,撰
KR2m0021,大唐開元禮,151,1838158,524898,蕭嵩,唐,奉敕撰
KR2m0022,諡法,4,30378,7113,蘇洵,宋,撰
KR2m0023,政和五禮新儀,227,1833074,513481,鄭居中,宋,奉敕撰
KR2m0024,紹熙州縣釋奠儀圖,2,33796,8854,朱熹,宋,撰
KR2m0025,大金集禮,36,566748,163769,闕名,金,撰
KR2m0026,大金德運圖說,1,23703,6696,闕名,金,撰
KR2m0027,廟學典禮,7,184806,54455,闕名,元,撰
KR2m0028,明集禮,54,1736263,485978,徐一夔,明,撰
KR2m0029,頖宮禮樂疏,11,712882,193302,李之藻,明,撰
KR2m0030,明臣諡考,5,101980,23323,鮑應鼇,明,撰
KR2m0031,明諡紀彙編,26,209687,44878,郭良翰,明,撰
KR2m0032,明宮史,8,118579,33027,呂毖,明,校次
KR2m0033,幸魯盛典,41,845598,211264,金居敬,清,撰
KR2m0034,萬壽盛典初集,121,2089978,503179,王奕清,清,奉敕撰
KR2m0035,欽定大清通禮,57,809236,205066,李玉鳴,清,奉敕撰
KR2m0036,皇朝禮器圖式,19,676216,137621,福隆安,清,校補
KR2m0037,國朝宮史,37,1054951,264592,高宗弘曆,清,敕撰
KR2m0038,欽定滿洲祭神祭天典禮,12,195806,48966,于敏中,清,漢譯
KR2m0039,欽定南巡盛典,140,2442778,651423,傳恒,清,合編
KR2m0040,八旬萬壽盛典,121,2611333,668992,阿桂,清,纂修
KR2m0041,歷代建元考,11,260343,67316,鍾淵映,清,撰
KR2m0042,北郊配位尊西向議,2,23031,6425,毛奇齡,清,撰
KR2m0043,廟制圖考,1,89045,22921,萬斯同,清,撰
KR2m0044,救荒活民書,5,154467,42750,董煟,宋,撰
KR2m0045,熬波圖,3,34648,7763,陳椿,元,撰
KR2m0046,錢通,33,866458,251035,胡我琨,明,撰
KR2m0047,捕蝗考,2,20117,5566,陳芳生,清,撰
KR2m0048,荒政叢書,13,429568,125947,俞森,清,撰
KR2m0049,欽定康濟錄,5,405945,115021,梁詩正,清,刪潤
KR2m0050,歷代兵制,9,98484,28175,陳傳良,宋,撰
KR2m0051,補漢兵志,1,66096,19698,錢文子,宋,撰
KR2m0052,馬政紀,13,399403,119254,楊時喬,明,撰
KR2m0053,欽定八旗通志,357,9415728,2412858,高宗弘曆,清,敕撰
KR2m0054,故唐律疏議,33,741261,202607,長孫無忌,唐,奉敕撰
KR2m0055,大清律例,112,1308550,317763,劉統勳,清,續纂
KR2m0056,營造法式,36,421366,103081,李誡,宋,奉敕撰
KR2m0057,欽定武英殿聚珍版程式,1,26057,6683,金簡,清,撰
KR2n0001,崇文總目,13,168498,41395,歐陽修,宋,奉敕撰
KR2n0002,昭德先生郡齋讀書志,16,479611,132734,趙希弁,宋,編
KR2n0003,遂初堂書目,3,82334,15478,尤袤,宋,撰
KR2n0004,子略,5,64982,17966,高似孫,宋,撰
KR2n0005,直齋書錄解題,23,614774,167571,陳振孫,宋,撰
KR2n0006,漢藝文志考證,11,224507,61911,王應麟,宋,撰
KR2n0007,文淵閣書目,5,235151,58056,楊士奇,明,編
KR2n0008,授經圖義例,22,187850,47312,朱睦㮮,明,撰
KR2n0009,欽定天祿琳琅書目,11,445549,115453,梁國治,清,奉敕編
KR2n0010,千頃堂書目,33,1123365,301952,黃虞稷,清,撰
KR2n0011,經義考,301,5510654,1449366,朱彝尊,清,撰
KR2n0012,集古錄,11,281792,79483,歐陽修,宋,撰
KR2n0013,金石錄,32,410874,115624,趙明誠,宋,撰
KR2n0014,法帖刊誤,4,32270,9117,黃伯思,宋,撰
KR2n0015,法帖釋文,11,49969,13328,劉次莊,宋,撰
KR2n0016,籀史,2,32626,9290,翟耆年,宋,撰
KR2n0017,隸釋,29,655897,171319,洪适,宋,撰
KR2n0018,隸續,22,188459,48444,洪适,宋,撰
KR2n0019,絳帖平,7,65233,17072,姜夔,宋,撰
KR2n0020,石刻鋪敘,4,40976,10536,曾宏父,宋,撰
KR2n0021,法帖譜系,4,19291,5017,曹士冕,宋,撰
KR2n0022,蘭亭考,14,155285,44037,高似孫,宋,刪定
KR2n0023,蘭亭續考,4,48203,13673,俞松,宋,撰
KR2n0024,寶刻叢編,21,569642,151106,陳思,宋,撰
KR2n0025,輿地碑記目,5,201663,58487,王象之,宋,撰
KR2n0026,寶刻類編,9,210735,51442,闕名,宋,撰
KR2n0027,古刻叢鈔,2,41764,11500,陶宗儀,明,編
KR2n0028,名蹟錄,7,134233,38449,朱珪,明,編
KR2n0029,吳中金石新編,9,267968,79079,陳暐,明,撰
KR2n0030,金薤琳琅,21,268313,75758,都穆,明,撰
KR2n0031,法帖釋文考異,11,136893,38423,顧從義,明,撰
KR2n0032,金石林時地考,3,51683,10649,趙均,明,撰
KR2n0033,石墨鐫華,9,161535,44694,趙崡,明,撰
KR2n0034,金石史,3,49326,14125,郭宗昌,明,撰
KR2n0035,欽定重刻淳化閣帖釋文,15,169294,44762,裘日修,清,奉敕校正
KR2n0036,求古錄,1,83521,22913,顧炎武,清,撰
KR2n0037,金石文字記,7,245335,65468,顧炎武,清,撰
KR2n0038,石經考,2,42290,11600,顧炎武,清,撰
KR2n0039,萬氏石經考,3,93325,26149,萬斯同,清,撰
KR2n0040,來齋金石刻考略,4,190685,54877,林侗,清,撰
KR2n0041,嵩陽石刻集記,4,140520,39764,葉封,清,撰
KR2n0042,金石文考略,17,534675,147016,李光暎,清,撰
KR2n0043,分隸偶存,4,115337,31450,萬經,清,撰
KR2n0044,淳化祕閣法帖考正,13,233078,63035,王澍,清,撰
KR2n0045,竹雲題跋,5,129180,37567,王澍,清,撰
KR2n0046,金石經眼錄,1,16328,3379,牛運震,清,補說
KR2n0047,石經考異,3,54121,15732,杭世駿,清,撰
KR2o0001,史通,23,357524,102533,劉知幾,唐,撰
KR2o0002,史通通釋,23,811689,234263,浦起龍,清,撰
KR2o0003,唐鑑,25,365956,103888,呂祖謙,宋,注
KR2o0004,唐史論斷,6,125319,36444,孫甫,宋,撰
KR2o0005,唐書直筆,5,74145,20004,呂夏卿,宋,撰
KR2o0006,通鑑問疑,2,21873,6231,劉羲仲,宋,撰
KR2o0007,三國雜事,3,28722,8016,唐庚,宋,撰
KR2o0008,經幄管見,5,93311,27583,曹彥約,宋,撰
KR2o0009,涉史隨筆,1,39596,11220,葛洪,宋,撰
KR2o0010,六朝通鑑博議,11,180721,49867,李燾,宋,撰
KR2o0011,宋大事記講義,24,445810,125999,呂中,宋,撰
KR2o0012,兩漢筆記,13,323480,92970,錢時,宋,撰
KR2o0013,舊聞證誤,5,90491,26596,李心傳,宋,撰
KR2o0014,通鑑答問,6,203445,59680,王應麟,宋,撰
KR2o0015,歷代名賢確論,101,1680048,466789,闕名,宋,撰
KR2o0016,歷代通略,6,242020,71622,陳櫟,元,撰
KR2o0017,史纂通要,18,598854,176285,胡一桂,元,撰
KR2o0018,學史,14,223633,63374,邵寶,明,撰
KR2o0019,史糾,7,155853,44809,朱明鎬,明,撰
KR2o0020,御批資治通鑑綱目,83,9722139,2838775,聖祖,清,批
KR2o0021,御批資治通鑑綱目前編,22,1619867,469932,聖祖,清,批
KR2o0022,御批續資治通鑑綱目,33,3231192,933735,聖祖,清,批
KR2o0023,評鑑闡要,13,301747,84961,劉統勳,清,編
KR2o0024,欽定古今儲貳金鑑,7,141661,40198,高宗弘曆,清,撰
KR2p0015,合陰陽釋文,1,3601,646,,,
KR2p0021,五行,28,12870,1287,,,
KR2p0024,成之聞之,7,5907,976,,,
KR3a0001,孔子家語,12,252191,72092,王肅,魏,註
KR3a0002,荀子,23,547001,158913,楊倞,唐,注
KR3a0003,孔叢子,10,138788,38830,孔藏,漢,撰
KR3a0004,新語,3,38594,11018,陸賈,漢,撰
KR3a0005,新書,12,178783,51227,賈誼,漢,撰
KR3a0006,鹽鐵論,13,602319,177979,張之象,明,注
KR3a0007,說苑,21,378182,108029,劉向,漢,撰
KR3a0008,劉向新序,11,163752,48249,劉向,漢,撰
KR3a0009,揚子法言,11,291672,85561,司馬光,宋,重添注
KR3a0010,潛夫論,11,156136,45482,王符,漢,撰
KR3a0011,申鑒,7,89051,25650,黃省曾,明,注
KR3a0012,徐幹中論,4,80917,23105,徐幹,漢,撰
KR3a0013,傳子,2,33402,9434,傳玄,晉,撰
KR3a0014,中說,11,169256,49676,阮逸,宋,注
KR3a0015,孫子集注,14,428163,120279,,,
KR3a0016,帝範,5,110715,32930,太宗,唐,撰
KR3a0017,續孟子,3,17730,4942,林慎思,唐,撰
KR3a0018,伸蒙子,4,27253,7304,林慎思,唐,撰
KR3a0019,素履子,4,18513,5092,張弧,唐,撰
KR3a0020,家範,11,140647,39245,司馬光,宋,撰
KR3a0021,帝學,9,108631,31287,范祖禹,宋,撰
KR3a0022,儒志編,3,47050,13739,王開祖,宋,撰
KR3a0023,太極圖說述解,1,26557,7317,曹端,明,撰
KR3a0024,西銘述解,1,9170,2400,,,
KR3a0025,通書述解,4,84839,22719,曹端,明,撰
KR3a0026,張子全書,16,500450,143846,張戴,宋,撰
KR3a0027,張子語錄,1,52665,14833,,,
KR3a0028,注解正蒙,3,144861,41234,李光地,清,撰
KR3a0029,正蒙初義,18,574007,158696,王植,清,撰
KR3a0030,二程遺書,27,538956,152834,朱熹,宋,編
KR3a0031,二程外書,13,137420,37826,朱熹,宋,編
KR3a0032,二程粹言,3,152868,43248,楊時,宋,編
KR3a0033,程氏家塾讀書分年日程,4,180387,47317,,,
KR3a0034,公是弟子記,6,63771,18289,劉敞,宋,撰
KR3a0035,節孝語錄,1,45523,12821,江端禮,宋,編
KR3a0036,儒言,2,27953,7798,晁說之,宋,撰
KR3a0037,童蒙訓,5,57358,16594,呂本中,宋,撰
KR3a0038,省心雜言,2,33805,9569,李邦獻,宋,撰
KR3a0039,上蔡語錄,5,57429,15771,朱熹,宋,刪定
KR3a0040,袁氏世範,4,89843,26473,袁采,宋,撰
KR3a0041,延平答問,3,66239,18641,朱熹,宋,撰
KR3a0042,近思錄,15,334497,98823,葉采,宋,集解
KR3a0043,近思錄集註,16,1189844,357783,茅星來,清,撰
KR3a0044,近思錄集註,15,769404,235715,江永,清,撰
KR3a0045,雜學辨,3,61105,16430,朱熹,宋,撰
KR3a0046,御定小學集註,7,249083,73509,陳選,明,集注
KR3a0047,朱子語類,141,5577940,1562312,黎靖德,宋,編
KR3a0048,戒子通錄,9,228323,66765,劉清之,宋,撰
KR3a0049,知言,9,94112,27427,胡宏,宋,撰
KR3a0050,明本釋,4,171504,49847,劉荀,宋,撰
KR3a0051,少儀外傳,3,92557,27128,呂祖謙,宋,撰
KR3a0052,麗澤論說集錄,12,381131,107387,呂喬年,宋,編
KR3a0053,曾子全書,1,58668,17175,王晫,宋,編
KR3a0054,子思子全書,2,41860,12238,王晫,宋,編
KR3a0055,邇言,14,76110,21192,劉炎,宋,撰
KR3a0056,木鍾集,12,376522,108470,陳植,宋,撰
KR3a0057,經濟文衡,73,946699,269729,滕珙,宋,編
KR3a0058,大學衍義,44,956502,266468,真德秀,宋,撰
KR3a0059,西山讀書記,41,2483051,702664,真德秀,宋,撰
KR3a0060,心經,2,26721,7358,真德秀,宋,撰
KR3a0061,政經,2,58140,16385,真德秀,宋,撰
KR3a0062,項氏家說,13,215228,61372,項安世,宋,撰
KR3a0063,先聖大訓,7,476677,137131,楊簡,宋,撰
KR3a0064,黃氏日抄,98,3744443,1058547,黃震,宋,撰
KR3a0065,北溪字義,3,119340,34450,王雋,宋,錄
KR3a0066,準齋雜說,3,51616,15032,吳如愚,宋,撰
KR3a0067,性理群書句解,24,588710,165889,熊剛大,宋,注
KR3a0068,東宮備覽,7,52753,14656,陳模,宋,撰
KR3a0069,孔子集語,3,60666,17607,薛據,宋,輯
KR3a0070,朱子讀書法,5,146415,42740,齊𤇸,宋,編
KR3a0071,家山圖書,2,32476,8532,闕名,宋,撰
KR3a0072,讀書分年日程,4,158591,40433,程端禮,元,撰
KR3a0073,辨惑編,7,119741,33437,謝應芳,元,撰
KR3a0074,治世龜鑑,2,41142,11428,蘇天爵,元,撰
KR3a0075,管窺外篇,3,212124,60317,史伯璿,元,撰
KR3a0076,內訓,1,60630,18078,仁孝文皇后徐氏,明,撰
KR3a0077,理學類編,9,205270,57004,張九韶,明,撰
KR3a0078,性理大全書,71,3045862,859606,胡廣,明,敕撰
KR3a0079,讀書錄,24,466355,134442,薛瑄,明,撰
KR3a0080,大學衍義補,161,3588665,987410,丘濬,明,撰
KR3a0081,居業錄,10,202179,56913,胡居仁,明,撰
KR3a0082,楓山語錄,1,47761,13914,章懋,明,撰
KR3a0083,東溪日談錄,19,252224,72805,周琦,明,撰
KR3a0084,困知記,8,195005,55401,羅欽訓,明,撰
KR3a0085,讀書劄記,11,156361,43723,徐問,明,撰
KR3a0086,士翼,4,137175,40482,崔銑,明,撰
KR3a0087,涇野子內篇,28,462839,135590,呂柟,明,撰
KR3a0089,周子抄釋,4,60104,17091,呂柟,明,撰
KR3a0090,張子抄釋,7,154646,44919,呂柟,明,撰
KR3a0091,二程子抄釋,11,297547,86691,呂柟,明,撰
KR3a0092,朱子抄釋,3,61862,17757,呂柟,明,撰
KR3a0093,中庸衍義,18,999914,286835,夏良勝,明,撰
KR3a0094,格物通,101,1760355,500219,湛若水,明,撰
KR3a0095,世緯,3,50933,14927,袁衮,明,撰
KR3a0096,呻吟語摘,4,134765,38062,呂坤,明,撰
KR3a0097,劉子遺書,5,148232,42631,劉宗周,明,撰
KR3a0098,人譜,3,188521,53663,劉宗周,明,撰
KR3a0099,榕壇問業,19,515533,152950,黃道周,明,撰
KR3a0100,溫氏母訓,1,15384,4189,溫璜,明,述
KR3a0101,御定資政要覽,4,141628,42725,傳以漸,清,撰
KR3a0102,聖諭廣訓,2,38538,11127,世宗胤禛,清,繹譯
KR3a0103,聖祖仁皇帝庭訓格言,2,100281,28193,世宗胤禛,清,纂
KR3a0104,御製日知薈說,6,147592,43119,高宗弘曆,清,撰
KR3a0105,御定孝經衍義,103,2434588,672659,韓菼,清,編纂
KR3a0106,御定內則衍義,17,474171,136766,傳以漸,清,奉敕纂
KR3a0107,御纂性理精義,13,463980,130533,李光地,清,奉敕纂
KR3a0108,御纂朱子全書,67,3262813,920116,熊賜履,清,奉敕撰
KR3a0109,欽定執中成憲,9,237845,65879,雍正,清,敕撰
KR3a0110,御覽經史講義,68,2147315,555886,劉統勳,清,奉敕編
KR3a0111,思辨錄輯要,36,657998,184956,張伯行,清,編次
KR3a0112,正學隅見述,2,65233,18002,王宏,清,撰著
KR3a0113,雙橋隨筆,13,294055,86823,周召,清,撰
KR3a0114,榕村語錄,31,959546,271262,李清植,清,輯
KR3a0115,讀朱隨筆,5,162625,47975,陸隴其,清,撰
KR3a0116,三魚堂賸言,13,122932,35226,陳濟,清,編
KR3a0117,松陽鈔存,4,72072,20187,楊開基,清,編注
KR3a0118,讀書偶記,4,113102,33308,雷鈜,清,撰
KR3b0001,握奇經,2,11013,2776,高似孫,宋,注跋
KR3b0002,六韜,7,59954,16976,呂望,周,撰
KR3b0003,孫子,2,25940,7237,孫武,周,撰
KR3b0004,吳子,1,16161,4758,吳起,周,撰
KR3b0005,司馬法,1,12000,3477,司馬穰苴,周,撰
KR3b0006,尉繚子,6,35035,9844,尉繚,周,撰
KR3b0007,黃石公三略,4,17219,4601,黃石公,秦,撰
KR3b0008,三略直解,4,52291,14615,劉寅,明,撰
KR3b0009,黃石公素書,1,24424,6286,張商英,宋,註
KR3b0010,李衛公問對,4,37153,10753,李靖,唐,撰
KR3b0011,太白陰經,9,135149,38614,李筌,唐,撰
KR3b0012,武經總要,43,1272178,338834,丁度,宋,奉敕撰
KR3b0013,虎鈐經,21,249064,70850,許洞,宋,撰
KR3b0014,何博士備論,4,90180,26659,何去非,宋,撰
KR3b0015,守城錄,5,62709,18316,湯璹,宋,撰
KR3b0016,武編,11,940163,276771,唐順之,明,撰
KR3b0017,陣紀,5,106646,31490,何良臣,明,撰
KR3b0018,江南經略,9,713798,195695,鄭若曾,明,撰
KR3b0019,紀效新書,19,243392,64358,戚繼光,明,撰
KR3b0020,練兵實紀,16,330787,91824,戚繼光,明,撰
KR3c0001,管子,25,629633,188065,房玄齡,唐,注
KR3c0002,管子補注,26,687064,199995,劉績,明,撰
KR3c0003,鄧子,2,13478,3760,鄧析,周,撰
KR3c0004,商子,5,69350,20094,商鞅,秦,撰
KR3c0005,韓非子,21,409755,120282,何犿,元,注
KR3c0006,疑獄集,11,118013,33202,張景,明,撰
KR3c0007,折獄龜鑑,9,209187,58512,鄭克,宋,撰
KR3c0008,棠陰比事,4,65411,17607,吳訥,明,刪補
KR3d0001,齊民要術,11,364932,104747,賈思勰,後魏,撰
KR3d0002,農書,6,44181,12505,秦觀,宋,撰
KR3d0003,農桑輯要,8,215362,61201,司農司,元,撰
KR3d0004,農桑衣食撮要,3,36810,9808,魯明善,元,撰
KR3d0005,王氏農書,23,413946,116489,王禎,元,撰
KR3d0006,救荒本草,9,192341,43328,朱橚,明,撰
KR3d0007,農政全書,61,1425083,394595,徐光啟,明,撰
KR3d0008,泰西水法,7,82080,22724,西洋熊三拔,明,撰
KR3d0009,野菜博錄,5,81664,16138,鮑山,明,撰
KR3d0010,欽定授時通考,80,1680386,474237,戴衢亨,清,補編
KR3e0001,重廣補注黃帝內經素問,25,910508,275739,林億,宋,校正
KR3e0002,黃帝素問靈樞經,13,238055,67754,史崧,宋,校正
KR3e0003,王翰林集註黃帝八十一難經五卷,7,209723,58309,,,
KR3e0004,難經本義,3,150387,42654,滑壽,元,注
KR3e0005,鍼灸甲乙經,13,409341,117308,林億,宋,校注
KR3e0006,金匱要略論註,25,386600,105675,徐彬,清,註
KR3e0007,新編金匱要略方論,4,139923,31699,,,
KR3e0008,注解傷寒論,11,325611,90285,成無己,金,撰
KR3e0009,新刊王氏脈經,11,258190,73238,,,
KR3e0010,肘後備急方,9,286065,79144,楊用道,金,補
KR3e0011,褚氏遺書,3,14244,3876,褚澄,南齊,撰
KR3e0012,巢氏諸病源候總論,51,643472,173807,巢元方,隋,奉敕撰
KR3e0013,備急千金要方,95,1691289,425980,林億,宋,校正
KR3e0014,銀海精微,3,181668,44336,孫思邈,唐,撰
KR3e0015,外臺祕要方,45,2565511,651732,孫兆,宋,校正
KR3e0016,顱顖經,3,23286,5708,闕名,宋,撰
KR3e0017,銅人鍼灸經,8,54252,14329,闕名,宋,撰
KR3e0018,明堂灸經,9,77821,21154,西方子,,撰
KR3e0019,博濟方,6,230647,56897,王袞,宋,撰
KR3e0020,蘇沈良方,9,124714,32182,沈括,宋,撰
KR3e0021,壽親養老新書,5,249718,68356,鄒鉉,元,續編
KR3e0022,腳氣治法總要,3,40810,10600,董汲,宋,撰
KR3e0023,旅舍備要方,3,19671,4788,董汲,宋,撰
KR3e0024,素問入式運氣論奧,5,134075,37342,劉溫舒,宋,撰
KR3e0025,傷寒微旨論,4,65900,18262,韓祗和,宋,撰
KR3e0026,傷寒總病論,9,170569,45993,董炳,宋,編
KR3e0027,聖濟總錄纂要,27,930666,231956,程林,清,刪定
KR3e0028,證類本草,31,2296695,654007,寇宗奭,宋,衍義
KR3e0029,重修政和證類本草,31,1891330,553420,,,
KR3e0030,全生指迷方,4,61185,16265,王貺,宋,撰
KR3e0031,小兒衛生總微論方,21,584509,156086,何大任,宋,校訂
KR3e0032,類證普濟本事方,11,168410,44336,許叔微,宋,撰
KR3e0033,太平惠民和劑局方,14,574915,148410,陳師文,宋,奉敕撰
KR3e0034,傳信適用方,3,124478,33077,吳彥夔,宋,撰
KR3e0035,衛濟寶書,4,35865,9390,東軒居士,宋,撰
KR3e0036,醫說,11,412327,113309,張杲,宋,撰
KR3e0037,鍼灸資生經,8,402855,108582,王執中,宋,撰
KR3e0038,婦人大全良方,29,690287,181597,陳自明,宋,撰
KR3e0039,太醫局諸科程文格,10,228763,67151,何大任,宋,編
KR3e0040,產育寶慶集,3,58355,15288,郭稽中,宋,編
KR3e0041,三因極一病証方論,19,520806,139041,陳言,宋,撰
KR3e0042,集驗背疽方,2,31185,8385,李迅,宋,撰
KR3e0043,濟生方,7,108812,28594,嚴用和,宋,撰
KR3e0044,產寶諸方,1,31308,7457,闕名,宋,撰
KR3e0045,仁齋直指,34,1258311,307310,朱崇正,明,附遺
KR3e0046,急救仙方,7,59863,14206,闕名,,撰
KR3e0047,素問玄機原病式,2,85586,24014,劉完素,金,撰
KR3e0048,宣明方論,16,188782,48813,劉完素,金,撰
KR3e0049,傷寒直格方,6,153163,41491,劉完素,金,撰
KR3e0050,病機氣宜保命集,4,188840,51707,張元素,金,撰
KR3e0051,儒門事親,16,490977,136111,張從正,金,撰
KR3e0052,內外傷寒辯惑論,4,70602,19253,李杲,元,撰
KR3e0053,脾胃論,4,129159,35200,李杲,元,撰
KR3e0054,蘭室祕藏,4,189980,47202,李杲,元,撰
KR3e0055,此事難知,3,100913,27657,王好古,元,撰
KR3e0056,醫壘元戎,13,495965,126373,王好古,元,撰
KR3e0057,湯液本草,4,164835,42821,王好古,元,撰
KR3e0058,瑞竹堂經驗方,8,78045,18918,沙圖穆蘇,元,撰
KR3e0059,世醫得效方,21,1114533,290654,危亦林,元,撰
KR3e0060,格致餘論,2,76633,22633,朱震亨,元,撰
KR3e0061,局方發揮,2,44649,12959,朱震亨,元,撰
KR3e0062,金匱鉤玄,4,94824,23995,戴原禮,明,校補
KR3e0063,扁鵲神應鍼灸玉龍經,1,75453,19576,王國瑞,元,撰
KR3e0064,外科精義,3,114542,29966,齊德之,元,撰
KR3e0065,脈訣刊誤,4,157461,44706,汪機,明,撰
KR3e0066,醫經溯洄集,3,95055,28094,王履,元,撰
KR3e0067,普濟方,428,23556780,6131539,朱橚,明,撰
KR3e0068,玉機微義,51,1026520,267088,劉純續,明,增
KR3e0069,仁端錄,17,558412,153964,陳葵,明,刪定
KR3e0070,薛氏醫案,78,2986890,815139,薛己,明,撰
KR3e0071,推求師意,3,80585,22636,戴原禮,明,撰
KR3e0072,鍼灸問對,4,148120,43106,汪機,明,撰
KR3e0073,外科理例,9,409184,110460,汪機,明,撰
KR3e0074,石山醫案,5,174775,50097,陳桷,明,編
KR3e0075,名醫類案,14,1048749,295273,魏之琇,清,考證
KR3e0076,赤水元珠,31,1995192,525178,孫一奎,明,撰
KR3e0077,醫旨緒餘,3,194718,53662,孫一奎,明,撰
KR3e0078,證治準繩,121,7110363,1946229,王肯堂,明,撰
KR3e0079,本草綱目,123,5120683,1425283,李時珍,明,撰
KR3e0080,奇經八脈考,1,43647,12343,李時珍,明,撰
KR3e0081,瀕湖脈學,1,43837,11959,李時珍,明,撰
KR3e0082,傷寒論條辨,12,401417,115645,方有執,明,撰
KR3e0083,先醒齋廣筆記,5,285821,79990,繆希雍,明,撰
KR3e0084,神農本草經疏,31,1086720,289369,繆希雍,明,撰
KR3e0085,類經,48,2567094,748646,張介賓,明,撰
KR3e0086,景岳全書,65,3201250,850894,張介賓,明,撰
KR3e0087,瘟疫論,4,119029,33794,吳有性,明,撰
KR3e0088,痎瘧論疏,2,68632,19169,廬之頤,明,撰
KR3e0089,本草乘雅半偈,11,670004,186921,廬之頤,明,撰
KR3e0090,御纂醫宗金鑑,91,6762050,1699323,劉裕鐸,清,奉敕撰
KR3e0091,尚論篇,9,522502,144934,喻昌,清,撰
KR3e0092,醫門法律,17,837207,236346,喻昌,清,撰
KR3e0093,傷寒舌鑑,2,8173,1522,張登,清,撰
KR3e0094,傷寒兼證析義,2,92829,26532,張倬,清,撰
KR3e0095,絳雪園古方選註,18,314314,87006,王子接,清,撰
KR3e0096,續名醫類案,61,2276786,642205,魏之琇,清,撰
KR3e0097,蘭臺軌範,9,404320,107495,徐大椿,清,撰
KR3e0098,神農本草經百種錄,1,66260,19086,徐大椿,清,撰
KR3e0099,傷寒類方,3,125814,34727,徐大椿,清,撰
KR3e0100,醫學源流論,3,136492,40367,徐大椿,清,撰
KR3f0001,周髀算經,3,130156,35119,李籍,唐,撰
KR3f0002,新儀象法要,4,53005,13715,蘇頌,宋,撰
KR3f0003,六經天文編,3,183293,53731,王應麟,宋,撰
KR3f0004,重修革象新書,3,34423,10001,王禕,明,刊定
KR3f0005,原本革象新書,6,111655,32843,王禕,明,刊定
KR3f0006,七政推步,8,63912,14375,貝琳,明,撰
KR3f0007,聖壽萬年曆,11,381767,102871,朱載堉,明,撰
KR3f0008,古今律歷考,73,1192241,336780,邢雲路,明,撰
KR3f0009,乾坤體義,4,67447,18482,西洋利瑪竇,明,撰
KR3f0010,表度說,1,40911,11111,周子愚,明,筆錄
KR3f0011,簡平儀說,1,30968,8674,西洋熊三拔,明,撰
KR3f0012,天問略,1,48698,11565,西洋陽瑪諾,明,撰
KR3f0013,新法算書,101,2673062,678134,徐光啟,明,撰
KR3f0014,測量法義,1,63633,17228,徐光啟,明,撰
KR3f0015,渾蓋通憲圖說,3,91028,24577,李之藻,明,撰
KR3f0016,圜容較義,2,39699,10140,李之藻,明,撰
KR3f0017,歷體略,4,93491,26674,王英明,明,撰
KR3f0018,御製歷象考成,51,1216928,251465,何國宗,清,奉敕撰
KR3f0019,御製歷象考成後編,11,640430,139773,允祿,清,奉敕撰
KR3f0020,欽定儀象考成,31,207572,39998,戴進賢,清,奉敕撰
KR3f0021,曉菴新法,7,121236,32197,王錫闡,清,撰
KR3f0022,中星譜,2,25534,6443,胡亶,清,撰
KR3f0023,天經或問前集,5,138705,40015,游藝,清,撰
KR3f0024,天步真原,2,21976,5476,薛鳳祚,清,譯
KR3f0025,天學會通,2,16717,4380,薛鳳祚,清,撰
KR3f0026,歷算全書,75,2415130,626765,梅文鼎,清,撰
KR3f0027,大統歷志,9,152584,40532,梅文鼎,清,撰
KR3f0028,勿菴歷算書記,1,66854,18647,梅文鼎,清,撰
KR3f0029,中西經星同異考,3,61920,14725,梅文鼏,清,撰
KR3f0030,全史日至源流,33,1068202,298570,許伯政,清,撰
KR3f0031,數學,10,288885,81298,江永,清,撰
KR3f0032,九章算術,11,252460,69871,李籍,唐,撰
KR3f0033,孫子算經,4,36745,10425,闕名,,撰
KR3f0034,數術記遺,2,20418,5496,甄鸞,北周,注
KR3f0035,海島算經,2,12316,3442,李淳風,唐,奉詔注
KR3f0036,五曹算經,6,22008,5850,闕名,,撰
KR3f0037,五經算術,3,67867,19306,李淳風,唐,注
KR3f0038,夏侯陽算經,4,41776,11961,甄鸞,北周,注
KR3f0039,張邱建算經,4,85912,22077,劉孝孫,唐,撰細草
KR3f0040,緝古算經,4,38759,9777,王孝通,唐,撰
KR3f0041,數學九章,10,438456,112829,秦九韶,宋,撰
KR3f0042,測圓海鏡,14,245341,63503,李治,元,撰
KR3f0043,測圓海鏡分類釋術,11,224992,59545,顧應祥,明,釋術
KR3f0044,益古演段,4,118710,27956,李治,元,撰
KR3f0045,弧矢算術,2,54477,14507,顧應祥,明,撰
KR3f0046,同文算指,11,373309,97186,李之藻,明,演
KR3f0047,幾何原本,7,375363,95626,徐光啟,明,筆受
KR3f0048,御製數理精蘊,48,2877490,630925,聖祖玄燁,清,敕撰
KR3f0050,數學鑰,5,186514,43806,杜知耕,清,撰
KR3f0052,句股引蒙,6,127258,29897,陳訏,清,撰
KR3f0054,少廣補遺,2,34043,8542,陳世仁,清,撰
KR3f0055,莊氏算學,9,245333,67568,莊亨陽,清,撰
KR3f0056,九章錄要,13,225291,61319,屠文漪,清,撰
KR3f0057,佛國曆象編,6,318176,91837,,,
KR3g0001,太玄經,11,260437,73599,范望,晉,注
KR3g0003,元包經傳,6,70149,19297,張行成,宋,撰
KR3g0004,潛虛,1,24139,6257,張敦實,宋,撰
KR3g0005,皇極經世書,7,588490,101558,邵雍,宋,撰
KR3g0006,皇極經世索隱,3,104176,30791,張行成,宋,撰
KR3g0007,皇極經世觀物外篇衍義,3,62228,17420,張行成,宋,撰
KR3g0012,洪範皇極內篇,5,108784,25175,蔡沈,宋,撰
KR3g0013,天原發微,6,627023,176593,鮑寧,明,撰
KR3g0014,大衍索隱,4,71337,19352,丁易東,宋,撰
KR3g0015,易象圖說,6,107721,28983,張理,元,撰
KR3g0016,三易洞璣,17,460620,132419,黃道周,明,撰
KR3g0017,靈臺祕苑,16,291873,78638,王安禮,宋,重修
KR3g0018,唐開元占經,121,1760891,490403,瞿曇悉達,唐,撰
KR3g0019,宅經,3,19491,5504,黃帝,,撰
KR3g0020,葬書,2,47640,13043,吳澄,元,刪定
KR3g0021,撼龍經,1,88549,25582,楊筠松,唐,撰
KR3g0022,青囊序,2,8152,2012,曾文辿,唐,撰
KR3g0023,青囊奧語,1,1873,476,楊筠松,唐,撰
KR3g0024,天玉經,4,41548,11249,楊筠松,唐,撰
KR3g0025,靈城精義,3,83684,23557,何溥,南唐,撰
KR3g0026,催官篇,3,64075,17534,賴文俊,宋,撰
KR3g0027,發微論,2,13643,3775,蔡元定,宋,撰
KR3g0028,靈棋經,4,135960,35269,劉基,明,注
KR3g0029,焦氏易林,5,299012,80799,焦贛,漢,撰
KR3g0030,京氏易傳,4,73030,20740,陸績,吳,注
KR3g0031,六壬大全,13,720723,189508,郭載騋,清,校訂
KR3g0032,卜法詳考,9,223232,61220,胡煦,清,撰
KR3g0033,李虛中命書,4,75513,22251,李虛中,唐,注
KR3g0034,玉照定真經,2,51239,15332,張顒,晉,注
KR3g0035,星命溯源,6,111463,31922,闕名,,撰
KR3g0036,珞琭子賦注,3,104093,29258,釋曇瑩,宋,撰
KR3g0037,珞琭子三命消息賦注,3,70936,21351,徐子平,宋,撰
KR3g0038,三命指迷賦,2,51957,15621,岳珂,宋,補注
KR3g0039,星命總括,4,99786,29429,耶律純,遼,撰
KR3g0040,演禽通纂,3,84751,23124,闕名,,撰
KR3g0041,星學大成,31,1218099,328507,萬民英,明,撰
KR3g0042,三命通會,13,1521735,431898,萬民英,明,撰
KR3g0043,月波洞中記,3,37764,10784,闕名,,撰
KR3g0044,玉管照神局,4,87967,21897,宋齊邱,南唐,撰
KR3g0045,太清神鑑,7,129068,37766,王朴,後周,撰
KR3g0046,人倫大統賦,3,114226,34058,薛延年,元,注
KR3g0047,太乙金鏡式經,11,122275,30240,王希明,唐,撰
KR3g0048,遁甲演義,5,124525,34917,程道生,明,撰
KR3g0049,禽星易見,2,55528,14698,池本理,明,撰
KR3g0050,御定星歷考原,7,197838,53729,李光地,清,奉敕撰
KR3g0051,欽定協紀辨方書,36,931914,227695,何國宗,清,奉敕撰
KR3h0001,古畫品錄,1,8097,1967,謝赫,南齊,撰
KR3h0002,書品,1,9051,2135,庾肩吾,梁,撰
KR3h0003,續畫品,1,5490,1497,姚最,陳,撰
KR3h0004,貞觀公私畫史,2,20531,4780,裴孝源,唐,撰
KR3h0005,書譜,2,13185,3782,孫過庭,唐,撰
KR3h0006,書斷,4,80894,22858,張懷瓘,唐,撰
KR3h0007,述書賦,3,64747,18683,竇蒙,唐,注
KR3h0008,法書要錄,11,357172,100415,張彥遠,唐,撰
KR3h0009,歷代名畫記,12,162294,44528,張彥遠,唐,撰
KR3h0010,唐朝名畫錄,1,29879,7480,朱景玄,唐,撰
KR3h0011,墨藪,5,82053,22323,陳與義,宋,撰
KR3h0012,畫山水賦,1,9213,2574,荊浩,唐,撰
KR3h0013,思陵翰墨志,2,11636,3195,高宗趙構,唐,御撰
KR3h0014,五代名畫補遺,2,20977,5688,劉道醇,宋,撰
KR3h0015,宋朝名畫評,4,56863,15175,劉道醇,宋,撰
KR3h0016,益州名畫錄,4,57253,16009,黃休復,宋,撰
KR3h0017,圖畫見聞誌,8,119902,33968,郭若虛,宋,撰
KR3h0018,林泉高致集,1,40449,11593,郭思,宋,編
KR3h0019,墨池編,7,689539,197801,朱長文,宋,撰
KR3h0020,德隅齋畫品,1,13474,3726,李廌,宋,撰
KR3h0021,畫史,2,47591,13825,米芾,宋,撰
KR3h0022,書史,2,46576,13746,米芾,宋,撰
KR3h0023,寶章待訪錄,1,18138,4808,米芾,宋,撰
KR3h0024,海嶽名言,1,5647,1524,,,
KR3h0025,宣和畫譜,21,246706,59619,闕名,宋,撰
KR3h0026,宣和書譜,21,192492,48650,闕名,宋,撰
KR3h0027,山水純全集,3,28191,8085,韓拙,宋,撰
KR3h0028,廣川書跋,11,224320,63306,董逌,宋,撰
KR3h0029,廣川畫跋,7,114599,33084,董逌,宋,撰
KR3h0030,畫繼,11,86892,23168,鄧椿,宋,撰
KR3h0031,續書譜,2,17028,4684,姜夔,宋,撰
KR3h0032,寶真齋法書贊,29,681033,193736,岳珂,宋,撰
KR3h0033,書苑菁華,21,413881,116583,陳思,宋,撰
KR3h0034,書小史,11,143888,41099,陳思,宋,撰
KR3h0035,書錄,6,56066,14825,董更,宋,撰
KR3h0036,竹譜,11,113510,29826,李衎,元,撰
KR3h0037,畫鑒,3,40024,11504,湯垕,元,撰
KR3h0038,衍極,2,49665,14874,劉有,元,定註
KR3h0039,圖畫攷,8,49438,11856,,,
KR3h0040,法書攷,9,102236,27997,盛熙明,元,撰
KR3h0041,圖繪寶鑑,7,166113,43895,韓昂,明,撰
KR3h0042,寓意編,2,15704,4302,都穆,明,撰
KR3h0044,珊瑚木難,9,500211,143260,朱存理,明,撰
KR3h0045,趙氏鐵網珊瑚,19,1108956,323027,趙琦美,明,編
KR3h0046,墨池璅錄,5,25225,6987,楊慎,明,撰
KR3h0047,書畫跋跋,7,345587,97806,孫鑛,明,撰
KR3h0048,書訣,2,87846,21728,豐坊,明,撰
KR3h0049,繪事微言,3,100857,29287,唐志契,明,撰
KR3h0050,書法雅言,2,39775,11514,項穆,明,撰
KR3h0051,寒山帚談,6,137903,39937,趙宦光,明,撰
KR3h0052,書法離鉤,11,121086,32219,潘之淙,明,撰
KR3h0053,畫史會要,7,321699,89787,朱謀垔,明,撰
KR3h0054,書畫題跋記,25,723757,195750,郁逢慶,明,編
KR3h0055,清河書畫舫,13,1031349,296017,張丑,明,撰
KR3h0056,真蹟日錄,6,198903,54687,張丑,明,撰
KR3h0057,清河書畫表,1,5157,1087,張丑,明,撰
KR3h0058,清河書畫表,2,5668,1332,,,
KR3h0059,南陽書畫表,3,7274,1667,張丑,明,撰
KR3h0060,珊瑚網,49,1826943,519602,汪砢玉,明,撰
KR3h0061,御定佩文齋書畫譜,101,5749706,1499805,孫岳頒,清,奉敕撰
KR3h0062,秘殿珠林,53,539024,129498,詩正,梁,奉敕撰
KR3h0063,石渠寶笈,92,2456107,611501,梁詩正,清,奉敕撰
KR3h0064,庚子銷夏記,9,189005,52415,孫承澤,清,撰
KR3h0065,繪事備考,9,379820,89370,王毓賢,清,撰
KR3h0066,書法正傳,12,251277,69672,馮武,清,撰
KR3h0067,江村銷夏錄,4,335307,94750,高士奇,清,撰
KR3h0068,式古堂書畫彙考,61,4731213,1291951,卞永譽,清,撰
KR3h0069,南宋院畫錄,9,210171,59398,厲鶚,清,撰
KR3h0070,六藝之一錄,379,11402364,3036511,倪濤,清,撰
KR3h0071,小山畫譜,3,65019,18093,鄒一桂,清,撰
KR3h0072,傳神秘要,2,15424,4289,蔣驥,清,撰
KR3h0083,古今刀劍錄,1,12475,3327,陶弘景,梁,撰
KR3h0084,鼎錄,1,7289,2023,虞荔,陳,撰
KR3h0085,嘯堂集古錄,4,9463,1006,王俅,宋,撰
KR3h0086,考古圖,16,127335,25878,呂大臨,宋,撰
KR3h0087,重修宣和博古圖,31,411956,100917,王黼,宋,撰
KR3h0088,宣德鼎彝譜,9,91546,24633,項于汴,明,撰
KR3h0089,欽定西清古鑑,45,439657,81393,蔣溥,清,奉敕撰
KR3i0001,奇器圖說,4,112751,26289,王徵,明,撰
KR3i0002,文房四譜,7,114790,32872,蘇易簡,宋,撰
KR3i0003,硯史,2,16905,4471,米芾,宋,撰
KR3i0004,歙州硯譜,2,7373,1848,唐積,宋,撰
KR3i0005,歙硯說,1,10108,2542,闕名,宋,撰
KR3i0006,端溪硯譜,2,7231,1961,闕名,宋,撰
KR3i0007,硯譜,2,7625,2053,闕名,宋,撰
KR3i0008,硯箋,5,65719,16908,高似孫,宋,撰
KR3i0009,欽定西清硯譜,25,284259,66610,梁國治,清,奉敕撰
KR3i0010,墨譜法式,4,24034,5862,李孝美,宋,撰
KR3i0011,墨經,2,11280,3160,晁貫一,宋,撰
KR3i0012,墨史,4,42205,11987,陸友,元,撰
KR3i0013,墨法集要,2,21826,5719,沈繼孫,明,撰
KR3i0014,欽定錢錄,17,110536,21109,蔣溥,清,奉敕撰
KR3i0015,香譜,3,32765,8145,洪芻,宋,撰
KR3i0016,陳氏香譜,5,187388,48886,陳敬,宋,撰
KR3i0017,香乘,29,376629,94139,周嘉胄,明,撰
KR3i0018,雲林石譜,4,42607,11826,杜綰,宋,撰
KR3i0019,茶經,4,31527,8336,陸羽,唐,撰
KR3i0020,茶錄,1,4248,1044,蔡襄,宋,撰
KR3i0021,品茶要錄,3,7698,2057,黃儒,宋,撰
KR3i0022,宣和北苑貢茶錄,1,28235,7749,趙汝礪,宋,撰
KR3i0023,東溪試茶錄,1,9675,2787,宋子安,宋,撰
KR3i0024,續茶經,5,252789,71481,陸廷燦,清,撰
KR3i0025,煎茶水記,2,10247,2644,張又新,唐,撰
KR3i0026,北山酒經,5,43932,12212,朱翼中,宋,撰
KR3i0027,酒譜,2,3889,861,竇苹,宋,撰
KR3i0028,糖霜譜,2,10412,2833,王灼,宋,撰
KR3i0029,洛陽牡丹記,2,12742,3371,歐陽修,宋,撰
KR3i0030,揚州芍藥譜,2,8739,2294,王觀,宋,撰
KR3i0031,劉氏菊譜,2,22917,6229,劉蒙,宋,撰
KR3i0032,史氏菊譜,3,5118,1190,史正志,宋,撰
KR3i0033,范村梅譜,1,5636,1549,范成大,宋,撰
KR3i0034,范村菊譜,2,7267,1884,,,
KR3i0035,百菊集譜,10,135696,34893,史鑄,宋,撰
KR3i0036,金漳蘭譜,5,19502,5343,趙時庾,宋,撰
KR3i0037,海棠譜,4,37991,9936,陳思,宋,撰
KR3i0038,荔枝譜,2,12118,3212,蔡襄,宋,撰
KR3i0039,橘錄,4,15027,4066,韓彥直,宋,撰
KR3i0040,竹譜,1,14796,3892,戴凱之,晉,撰
KR3i0041,筍譜,2,39607,10388,釋贊寧,宋,撰
KR3i0042,菌譜,2,3337,830,陳仁玉,宋,撰
KR3i0043,飲膳正要,3,92181,22719,,,
KR3i0044,御定佩文齋廣群芳譜,103,4248181,1193204,張逸少,清,奉敕撰
KR3i0045,禽經,2,16923,4247,張華,晉,注
KR3i0046,蟹譜,3,20842,5341,傳肱,宋,撰
KR3i0047,蟹略,5,51602,14046,高似孫,宋,撰
KR3i0048,異魚圖贊,6,23730,5744,楊慎,明,撰
KR3i0049,異魚圖贊箋,7,120150,32125,胡世安,清,箋
KR3i0050,異魚圖贊補,5,61442,16315,胡世安,清,撰
KR3j0001,鬻子,2,26688,7034,逢行珪,唐,注
KR3j0002,墨子,16,262788,77165,墨翟,周,撰
KR3j0003,子華子,3,63583,18620,程本,周,撰
KR3j0004,尹文子,2,23744,6740,仲長統,魏,校定
KR3j0005,慎子,1,57208,16925,慎到,周,撰
KR3j0006,鶡冠子,4,120817,34886,陸佃,宋,解
KR3j0007,公孫龍子,2,33898,9876,謝希深,宋,注
KR3j0008,鬼谷子,2,28636,8390,鬼谷子,周,撰
KR3j0009,呂氏春秋,27,579966,168975,高誘,漢,注
KR3j0010,淮南鴻烈解,22,636362,186383,高誘,漢,注
KR3j0011,人物志,6,85502,23746,劉昞,北魏,註
KR3j0012,金樓子,7,179428,52492,孝元帝,梁,撰
KR3j0013,劉子,11,118640,34343,袁孝政,唐,註
KR3j0014,顏氏家訓,1,112256,33392,顏之推,隋,撰
KR3j0015,長短經,11,613172,184518,趙蕤,唐,撰
KR3j0016,兩同書,3,26690,7542,羅隱,唐,撰
KR3j0017,化書,7,43479,11851,譚峭,南唐,撰
KR3j0018,昭德新編,3,44177,12277,晁迥,宋,撰
KR3j0019,芻言,4,33549,9496,崔敦禮,宋,撰
KR3j0020,樂菴語錄,9,51024,14088,龔昱,宋,編
KR3j0021,習學記言,51,957323,280348,葉適,宋,撰
KR3j0022,本語,7,118964,33512,高拱,明,撰
KR3j0023,白虎通德論,11,160435,45894,班固,漢,撰
KR3j0024,獨斷,3,37270,10547,蔡邕,漢,撰
KR3j0025,古今註,1,28139,7774,馬縞,五代,撰
KR3j0026,資暇集,4,46225,13143,李匡乂,唐,撰
KR3j0027,刊誤,3,32861,9334,李涪,唐,撰
KR3j0028,蘇氏演義,3,48555,14038,蘇鶚,唐,撰
KR3j0029,兼明書,6,76030,20719,丘光庭,唐,撰
KR3j0030,近事會元,6,75947,20551,李上交,唐,撰
KR3j0031,東觀餘論,3,163797,47442,黃䚮,宋,編
KR3j0032,靖康緗素雜記,11,83370,23550,黃朝英,宋,撰
KR3j0033,猗覺寮雜記,3,137586,38752,朱翌,宋,撰
KR3j0034,能改齋漫錄,20,661450,189207,吳曾,宋,撰
KR3j0035,雲谷雜紀,6,121303,35566,張淏,宋,撰
KR3j0036,西溪叢語,3,121668,34304,姚寬,宋,撰
KR3j0037,學林,11,537077,158114,王觀國,宋,撰
KR3j0038,容齋隨筆,83,1148111,334274,洪邁,宋,撰
KR3j0039,考古編,11,126372,36281,程大昌,宋,撰
KR3j0040,演繁露,23,341458,97086,程大昌,宋,撰
KR3j0041,緯略,13,314575,88789,高似孫,宋,撰
KR3j0042,甕牖閒評,9,134207,38899,袁文,宋,撰
KR3j0043,芥隱筆記,3,40986,11375,龔頤正,宋,撰
KR3j0044,蘆浦日記,11,76909,21043,劉昌詩,宋,撰
KR3j0045,野客叢書,32,495746,137213,王楙,宋,撰
KR3j0046,坦齋通編,2,24408,7034,邢凱,宋,撰
KR3j0047,攷古質疑,7,114712,33703,葉大慶,宋,撰
KR3j0048,經外雜鈔,3,74746,20940,魏了翁,宋,撰
KR3j0049,古今攷,38,1023193,297452,方回,元,補
KR3j0050,潁川語小,3,47699,13956,陳叔方,宋,撰
KR3j0051,賓退錄,11,236123,66526,趙與旹,宋,撰
KR3j0052,學齋佔畢,6,117315,34070,史繩祖,宋,撰
KR3j0053,鼠璞,3,76426,22215,戴埴,宋,撰
KR3j0054,朝野類要,6,48631,12503,趙升,宋,撰
KR3j0055,困學紀聞,22,782264,221592,何焯,清,評註
KR3j0056,識遺,11,220330,63499,羅璧,宋,撰
KR3j0057,愛日齋叢鈔,6,173982,51669,葉□,宋,撰
KR3j0058,日損齋筆記,4,35502,10213,黃溍,元,撰
KR3j0059,丹鉛餘錄,70,1294581,362227,梁佐,明,編
KR3j0060,譚菀醍醐,10,160209,45204,楊慎,明,撰
KR3j0061,藝彀,5,83195,23144,鄧伯羔,明,撰
KR3j0062,正楊,5,208438,57897,陳耀文,明,撰
KR3j0063,疑耀,8,251493,70933,張萱,明,撰
KR3j0064,名義考,13,268749,73020,周祈,明,撰
KR3j0065,徐氏筆精,9,250237,70406,徐𤊹,明,撰
KR3j0066,通雅,53,2047384,589331,方以智,明,撰
KR3j0067,巵林,12,477507,135846,周嬰,明,撰
KR3j0068,拾遺錄,1,73654,20653,胡爌,明,撰
KR3j0069,義府,3,135741,37969,黃生,清,撰
KR3j0070,日知錄,33,1556558,454213,顧炎武,清,撰
KR3j0071,藝林彙考,40,769470,219842,沈自南,清,撰
KR3j0072,潛邱劄記,7,374701,110548,吳玉搢,清,編
KR3j0073,湛園札記,5,150270,42409,姜宸英,清,撰
KR3j0074,白田雜著,10,286231,84141,王懋竑,清,撰
KR3j0075,樵香小記,3,36834,10158,何琇,清,撰
KR3j0076,義門讀書記,59,1597656,445126,蔣維鈞,清,編
KR3j0077,管城碩記,31,846412,236733,徐文靖,清,撰
KR3j0078,訂譌襍錄,11,163216,46385,胡鳴玉,清,撰
KR3j0079,識小編,3,78659,22921,董豐垣,清,撰
KR3j0080,論衡,32,715984,212831,王充,漢,撰
KR3j0081,風俗通義,11,132974,36125,應劭,漢,撰
KR3j0082,羣書治要,48,1497972,438712,,,
KR3j0083,封氏聞見記,11,93432,25765,封演,唐,撰
KR3j0084,尚書故實,2,26115,7406,李綽,唐,撰
KR3j0085,灌畦暇語,2,31390,8837,闕名,唐,撰
KR3j0086,春明退朝錄,4,69766,20148,宋敏求,宋,撰
KR3j0087,宋景文筆記,5,40717,11503,宋祁,宋,撰
KR3j0088,東原錄,1,38590,11237,龔鼎臣,宋,撰
KR3j0089,王氏談錄,1,31429,8449,王欽臣,宋,撰
KR3j0090,麈史,4,108528,30417,王得臣,宋,撰
KR3j0091,文昌襍錄,9,111066,31419,龐元英,宋,撰
KR3j0092,夢溪筆談,27,319849,83699,沈括,宋,撰
KR3j0093,仇池筆記,3,31477,8610,蘇軾,宋,撰
KR3j0094,東坡志林,13,147632,41090,蘇軾,宋,撰
KR3j0095,珩璜新論,4,82132,23052,孔平仲,宋,撰
KR3j0096,晁氏客語,2,54170,15817,晁說之,宋,撰
KR3j0097,師友談記,2,39190,11493,李廌,宋,撰
KR3j0098,楊公筆錄,1,29296,8472,楊彥齡,宋,撰
KR3j0099,呂氏雜記,3,58436,17020,呂希哲,宋,撰
KR3j0100,冷齋夜話,11,85777,24095,釋惠洪,宋,撰
KR3j0101,曲洧舊聞,11,127988,37157,朱辨,宋,撰
KR3j0102,元城語錄解,5,107831,31883,于文煕,明,補
KR3j0103,嬾真子,6,99448,27903,馬永卿,宋,撰
KR3j0104,春渚紀聞,11,159181,45743,何薳,宋,撰
KR3j0105,石林燕語,11,184152,53598,宇文紹奕,宋,撰
KR3j0106,避暑錄話,3,191673,54627,葉夢得,宋,撰
KR3j0107,巖下放言,4,52300,14533,葉夢得,宋,撰
KR3j0108,却掃編,4,105613,29764,徐度,宋,撰
KR3j0109,五總志,2,35750,10346,吳坰,宋,撰
KR3j0110,紫微雜說,1,56117,16561,呂本中,宋,撰
KR3j0111,辯言,2,25316,7076,員興宗,宋,撰
KR3j0112,墨莊漫錄,11,201222,57809,張邦基,宋,撰
KR3j0113,寓簡,11,134734,39133,沈作喆,宋,撰
KR3j0114,欒城遺言,2,16768,4690,蘇籀,宋,記
KR3j0115,東園叢說,5,109941,31752,李如箎,宋,撰
KR3j0116,常談,2,39973,11691,吳箕,宋,撰
KR3j0117,雲麓漫抄,16,293103,84525,趙彥衞,宋,撰
KR3j0118,示兒編,24,353679,99378,孫奕,宋,撰
KR3j0119,游宦紀聞,11,115459,31971,張世南,宋,撰
KR3j0120,密齋筆記,8,90052,26010,謝采伯,宋,撰
KR3j0121,梁谿漫志,11,148033,42626,費袞,宋,撰
KR3j0122,澗泉日記,4,60147,17507,韓淲,宋,撰
KR3j0123,老學庵筆記,11,172146,48201,陸游,宋,撰
KR3j0124,愧郯錄,17,251648,69789,岳珂,宋,撰
KR3j0125,祛疑說,1,37803,10928,儲泳,宋,撰
KR3j0126,琴堂諭俗編,3,74452,21971,左祥,元,增
KR3j0127,鶴林玉露,18,315502,88865,羅大經,宋,撰
KR3j0128,貴耳集,4,118361,33319,張端義,宋,撰
KR3j0129,吹劍錄外集,1,75036,22227,俞文豹,宋,撰
KR3j0130,腳氣集,1,61775,17337,車若水,宋,撰
KR3j0131,藏一話腴,5,67750,18907,陳郁,宋,撰
KR3j0132,佩韋齋輯聞,5,73394,21377,俞德鄰,宋,撰
KR3j0133,書齋夜話,5,46963,13047,俞琰,宋,撰
KR3j0134,齊東野語,21,443338,128324,周密,宋,撰
KR3j0135,困學齋雜錄,2,31907,8517,鮮于樞,元,撰
KR3j0136,隱居通議,32,505272,144406,劉壎,元,撰
KR3j0137,湛淵靜語,3,75320,22136,白挺,元,撰
KR3j0138,敬齊古今黈,9,199409,58143,李治,元,撰
KR3j0139,日聞錄,2,32489,9401,李翀,元,撰
KR3j0140,勤有堂隨錄,2,10479,2882,陳櫟,元,撰
KR3j0141,玉堂嘉話,9,138850,39934,王惲,元,撰
KR3j0142,庶齋老學叢談,3,90978,25593,盛如梓,元,撰
KR3j0143,研北雜志,3,90754,25456,陸友,元,撰
KR3j0144,北軒筆記,2,37184,10385,陳世隆,元,撰
KR3j0145,閒居錄,1,27784,8023,吾丘衍,元,撰
KR3j0146,雪履齋筆記,2,19885,5476,郭翼,元,撰
KR3j0147,霏雪錄,3,80569,22623,鎦績,明,撰
KR3j0148,蠡海集,2,67197,18888,王逵,明,撰
KR3j0149,草木子,5,128030,37244,葉子奇,明,撰
KR3j0150,胡文穆雜著,2,49506,14377,胡廣,明,撰
KR3j0151,讕言長語,3,84219,23706,曹安,明,撰
KR3j0152,蟫精雋,17,213983,59874,徐伯齡,明,撰
KR3j0153,震澤長語,3,88795,26040,王鏊,明,撰
KR3j0154,井觀瑣言,4,43678,12640,鄭瑗,明,撰
KR3j0155,南園漫錄,12,133620,38184,張志淳,明,撰
KR3j0156,雨航雜錄,3,59596,17391,馮時可,明,撰
KR3j0157,採芹錄,5,129767,36324,徐三重,明,撰
KR3j0158,畫禪室隨筆,5,121374,33831,董其昌,明,撰
KR3j0159,六研齋筆記,13,508287,143062,李日華,明,撰
KR3j0160,物理小識,13,528325,155577,方以智,明,撰
KR3j0161,春明夢餘錄,71,2462364,660952,孫承澤,清,撰
KR3j0162,居易錄,35,867097,253472,王士禛,清,撰
KR3j0163,池北偶談,27,720015,206559,王士禛,清,撰
KR3j0164,香祖筆記,13,315935,92269,王士禛,清,撰
KR3j0165,分甘餘話,5,104064,30253,王士禛,清,撰
KR3j0166,古夫于亭雜錄,6,127819,37279,王士禛,清,撰
KR3j0167,洞天清錄,2,52276,14577,趙希鵠,宋,撰
KR3j0168,負暄野錄,4,25132,7073,陳槱,宋,撰
KR3j0169,雲煙過眼錄,6,64289,17846,湯允謨,宋,撰
KR3j0170,格古要論,4,45501,12289,曹昭,明,撰
KR3j0171,竹嶼山房雜部,23,393843,106596,宋詡,明,撰
KR3j0172,遵生八牋,20,1046506,291935,高濂,明,撰
KR3j0173,清秘藏,3,62412,17338,張應文,明,撰
KR3j0174,長物志,13,99716,27463,文震亨,明,撰
KR3j0175,韻石齋筆談,3,52952,15118,姜紹書,清,撰
KR3j0176,七頌堂識小錄,1,16605,4518,劉體仁,清,撰
KR3j0177,硯山齋雜記,5,132155,38630,孫承澤,清,撰
KR3j0178,意林,6,157356,45056,馬總,唐,撰
KR3j0179,紺珠集,14,366400,96214,朱勝非,宋,撰
KR3j0180,類說,61,1637290,418212,曾慥,宋,編
KR3j0181,事實類苑,64,1012093,288778,江少虞,宋,編
KR3j0182,仕學規範,41,381546,105001,張鎡,宋,撰
KR3j0183,自警編,10,527090,149493,趙善璙,宋,撰
KR3j0184,言行龜鑑,9,182158,53667,張光祖,元,撰
KR3j0185,說郛,121,9889785,2813783,陶宗儀,明,編
KR3j0186,玉芝堂談薈,37,1845111,541633,徐應秋,明,撰
KR3j0187,元明事類鈔,41,1153696,315527,姚之駰,清,撰
KR3j0188,儼山外集,35,425386,116266,陸深,明,撰
KR3j0189,古今說海,140,1257403,358027,陸楫,明,編
KR3j0190,少室山房筆叢正集,33,729843,204803,胡應麟,明,撰
KR3j0191,鈍吟雜錄,11,132577,38139,馮武,清,輯編
KR3j0192,新論-漢-桓譚,3,100468,14510,,,
KR3k0001,古今同姓名錄,3,51769,12511,葉森,元,補
KR3k0002,編珠,8,156601,41643,高士奇,清,撰
KR3k0003,藝文類聚,101,3053650,893677,歐陽詢,唐,奉敕撰
KR3k0004,北堂書鈔,161,2838706,826559,陳禹謨,明,補註
KR3k0005,龍筋鳳髓判,5,263325,77721,劉允鵬,明,注
KR3k0006,初學記,31,1652944,488878,徐堅,唐,撰
KR3k0007,元和姓纂,11,410412,106409,林寶,唐,撰
KR3k0008,白孔六帖,101,5298529,1545909,孔傳,宋,續撰
KR3k0009,小名錄,3,53222,14755,陸龜蒙,唐,撰
KR3k0010,蒙求集註,3,300825,84959,徐子光,宋,註
KR3k0011,事類賦,31,890253,263104,吳淑,宋,撰
KR3k0012,太平御覽,1001,13152738,3800576,李昉,宋,奉敕撰
KR3k0013,冊府元龜,1001,28587257,8395071,楊億,宋,奉敕撰
KR3k0014,事物紀原,11,470129,127987,高承,宋,撰
KR3k0015,實賓錄,15,271157,75950,馬永易,宋,撰
KR3k0016,書敘指南,22,337149,89301,任廣,宋,撰
KR3k0017,海錄碎事,24,1173651,288905,葉庭珪,宋,撰
KR3k0018,古今姓氏書辯證,46,608862,159982,鄧椿年,宋,編
KR3k0019,帝王經世圖譜,17,297749,82455,唐仲友,宋,撰
KR3k0020,職官分紀,51,2627752,781282,孫逢吉,宋,撰
KR3k0021,歷代制度詳說,13,211866,61702,呂祖謙,宋,撰
KR3k0022,八面鋒,14,174885,50135,陳傳良,宋,撰
KR3k0023,錦繡萬花谷,121,1937497,551262,闕名,宋,撰
KR3k0025,記纂淵海,101,5001889,1425448,潘自牧,宋,撰
KR3k0026,名賢氏族言行類稿,61,1538009,420878,章定,宋,撰
KR3k0027,群書會元截江網,36,1016889,293110,闕名,宋,撰
KR3k0028,全芳備祖集,59,948938,259410,陳景沂,宋,撰
KR3k0029,群書考索,213,5735667,1657069,章如愚,宋,撰
KR3k0030,古今合璧事類備要,368,8068033,2371005,謝維新,宋,編
KR3k0031,古今源流至論,41,1759168,523280,黃履翁,宋,撰
KR3k0032,玉海,206,9447150,2720206,王應麟,宋,撰
KR3k0033,小學紺珠,11,465792,108244,王應麟,宋,撰
KR3k0034,姓氏急就篇,3,206618,58750,王應麟,宋,撰
KR3k0035,小字錄,3,46489,11893,陳思,宋,撰
KR3k0036,雞肋,2,12160,3116,趙崇絢,宋,撰
KR3k0037,六帖補,22,234374,65785,楊伯喦,宋,撰
KR3k0038,翰苑新書,158,3551099,1019443,闕名,宋,撰
KR3k0039,韻府群玉,21,3388363,996462,陰復春,宋,編
KR3k0040,純正蒙求,4,107539,29834,胡炳文,元,撰
KR3k0041,氏族大全,23,884975,236693,闕名,元,撰
KR3k0042,名疑,5,176286,49135,陳士元,明,撰
KR3k0044,萬姓統譜,86,3520381,987937,凌迪知,明,撰
KR3k0045,喻林,121,3120809,889812,徐元太,明,撰
KR3k0046,經濟類編,101,7149801,2132856,馮瑗,明,編
KR3k0047,同姓名錄,15,559762,148647,周應賓,明,撰
KR3k0048,說略,31,1133127,334323,顧起元,明,撰
KR3k0049,天中記,61,5557975,1617224,張衡,漢,撰
KR3k0050,圖書編,129,7891690,2200878,萬尚烈,明,撰
KR3k0051,駢志,21,1019403,281619,陳禹謨,明,撰
KR3k0052,山堂肆考,57,1406921,386969,張幼學,明,增定
KR3k0053,古儷府,13,1275242,372934,王志慶,明,編
KR3k0054,廣博物志,51,2304584,671597,董斯張,明,撰
KR3k0055,御定淵鑑類函,456,25160431,7314480,聖祖玄燁,清,定
KR3k0056,御定駢字類編,241,28174219,8363680,沈宗敬,清,奉敕撰
KR3k0057,御定分類字錦,65,9907817,2606693,陳鵬年,清,奉敕撰
KR3k0058,御定子史精華,161,7666845,2295477,世宗胤禛,清,定
KR3k0059,御定佩文韻府,890,64898875,19514124,聖祖玄燁,清,定
KR3k0060,御定韻府拾遺,107,5164339,1476184,聖祖玄燁,清,御定
KR3k0061,格致鏡原,101,3230707,927373,陳元龍,清,撰
KR3k0062,讀書紀數略,55,1281687,297666,宮夢仁,清,撰
KR3k0063,花木鳥獸集類,4,200189,57731,吳寶芝,清,撰
KR3k0064,別號錄,10,184025,27194,葛萬里,清,撰
KR3k0065,宋稗類鈔,37,1096725,307353,潘永因,清,編
KR3l0001,西京雜記,7,48435,13791,葛洪,晉,輯
KR3l0002,世說新語,4,532671,158418,劉孝標,梁,注
KR3l0003,朝野僉載,7,140884,39508,張鷟,唐,撰
KR3l0004,唐新語,15,233639,65254,劉肅,唐,撰
KR3l0005,次柳氏舊聞,1,13663,3839,李德裕,唐,撰
KR3l0006,唐國史補,4,76483,21257,李肇,唐,撰
KR3l0007,劉賓客嘉話錄,1,28914,7849,趙璘,唐,撰
KR3l0008,因話錄,7,77098,21936,,,
KR3l0009,明皇雜錄,4,37277,10467,鄭處誨,唐,撰
KR3l0010,大唐傳載,2,26125,7499,闕名,唐,撰
KR3l0011,教坊記,2,15660,3657,崔令欽,唐,撰
KR3l0012,幽閒鼓吹,2,11092,3159,張固,唐,撰
KR3l0013,松窗雜錄,1,11659,3366,李濬,唐,撰
KR3l0014,雲谿友議,4,108241,31735,范攄,唐,撰
KR3l0015,玉泉子,2,43544,12204,闕名,,撰
KR3l0016,雲仙雜記,11,84169,20834,馮贄,唐,撰
KR3l0017,唐摭言,17,224638,64847,王定保,五代,撰
KR3l0018,中朝故事,3,25004,7085,尉遲偓,南唐,撰
KR3l0019,金華子雜編,3,40475,11860,,,
KR3l0020,開元天寶遺事,5,34851,9242,王仁裕,五代,撰
KR3l0021,鑑誡錄,11,121382,35105,何光遠,後蜀,撰
KR3l0022,南唐近事,4,29871,8473,鄭文寶,宋,撰
KR3l0023,北夢瑣言,21,241554,68680,孫光憲,宋,撰
KR3l0024,賈氏譚錄,1,9451,2567,張洎,宋,撰
KR3l0025,洛陽搢紳舊聞記,6,82868,24214,張齋賢,宋,撰
KR3l0026,南部新書,11,166387,46500,錢易,宋,撰
KR3l0027,丞相魏公譚訓,11,84434,23883,,,
KR3l0028,王文正筆錄,1,19085,5464,王曾,宋,撰
KR3l0029,儒林公議,2,80227,23720,田况,宋,撰
KR3l0030,涑水記聞,17,320169,94020,司馬光,宋,撰
KR3l0031,澠水燕談錄,11,118649,32791,王闢之,宋,撰
KR3l0032,歸田錄,3,53753,14906,歐陽修,宋,撰
KR3l0033,嘉祐雜誌,2,38047,10965,江休復,宋,撰
KR3l0034,東齋記事,7,57591,16519,范鎮,宋,撰
KR3l0035,青箱雜記,11,94136,25866,吳處厚,宋,撰
KR3l0036,錢氏私志,2,18274,5193,錢世昭,宋,撰
KR3l0037,龍川略志,13,117055,33474,蘇轍,宋,撰
KR3l0038,後山談叢,5,61635,17818,陳師道,宋,撰
KR3l0039,孫公談圃,4,43763,12052,劉延世,宋,編
KR3l0040,談苑,5,68725,19920,孔平仲,宋,撰
KR3l0041,畫墁錄,1,43947,12321,張舜民,宋,撰
KR3l0042,甲申雜記,1,19735,5565,王鞏,宋,撰
KR3l0043,聞見近錄,1,38618,11166,,,
KR3l0044,隨手雜錄,1,17042,4935,,,
KR3l0045,湘山野錄,5,118892,33509,釋文瑩,宋,撰
KR3l0046,玉壺野史,11,142186,41317,釋文瑩,宋,撰
KR3l0047,侯鯖錄,9,116980,32485,趙令畤,宋,撰
KR3l0048,東軒筆錄,16,177667,49285,魏泰,宋,撰
KR3l0049,泊宅編,4,52262,14547,方勺,宋,撰
KR3l0050,珍席放談,3,32462,9372,高晦叟,宋,撰
KR3l0051,鐵圍山叢談,7,164851,48596,蔡絛,宋,撰
KR3l0052,國老談苑,3,26072,7147,王君玉,宋,撰
KR3l0053,道山清話,2,54283,15209,王暐,宋,撰
KR3l0054,墨客揮犀,11,85898,23638,彭乘,宋,撰
KR3l0055,唐語林,9,415052,122720,王讜,宋,撰
KR3l0056,楓窗小牘,3,55013,15456,袁□,宋,撰
KR3l0057,南窗記談,1,17687,4875,闕名,宋,撰
KR3l0058,過庭錄,1,55592,15682,范公偁,宋,撰
KR3l0059,萍洲可談,4,77375,22669,朱彧,宋,撰
KR3l0060,高齋漫錄,1,19682,5654,曾慥,宋,撰
KR3l0061,默記,4,74804,21921,王銍,宋,撰
KR3l0062,揮麈前錄,24,562186,158190,王明清,宋,撰
KR3l0063,玉照新志,7,130240,38265,王明清,宋,撰
KR3l0064,投轄錄,1,50076,14621,王明清,宋,撰
KR3l0065,張氏可書,2,13889,3903,張知甫,宋,撰
KR3l0066,聞見錄,21,243204,71262,邵伯溫,宋,撰
KR3l0067,清波雜志,13,186590,54560,周煇,宋,撰
KR3l0068,雞肋編,4,176883,52041,莊綽,宋,撰
KR3l0069,聞見後錄,31,297448,86381,邵博,宋,撰
KR3l0070,北窗炙輠錄,3,72326,21159,施德操,宋,撰
KR3l0071,步里客談,3,14401,3957,陳長方,宋,撰
KR3l0072,桯史,16,242211,67972,岳珂,宋,撰
KR3l0073,獨醒雜志,11,128637,37370,曾敏行,宋,撰
KR3l0074,耆舊續聞,11,99704,28853,陳鵠,宋,撰
KR3l0075,四朝聞見錄,6,258358,74437,葉紹翁,宋,撰
KR3l0076,癸辛雜識,5,313874,90823,周密,宋,撰
KR3l0077,隨隱漫錄,6,66365,18275,陳世崇,宋,撰
KR3l0078,東南紀聞,4,44277,12846,闕名,元,撰
KR3l0079,歸潛志,15,231349,67579,劉祁,元,撰
KR3l0080,山房隨筆,2,22097,6098,蔣正子,元,撰
KR3l0081,山居新話,6,66725,19225,楊瑀,元,撰
KR3l0082,遂昌雜錄,1,36018,10035,鄭元祐,元,撰
KR3l0083,樂郊私語,1,24402,7151,,,
KR3l0084,南村輟耕錄,31,626412,172107,陶宗儀,元,撰
KR3l0085,水東日記,39,452813,126505,葉盛,明,撰
KR3l0086,菽園雜記,16,299462,83813,陸容,明,撰
KR3l0087,先進遺風,3,94118,27204,毛在,明,增補
KR3l0088,觚不觚錄,2,31145,9044,王世貞,明,撰
KR3l0089,何氏語林,31,1088700,320622,何良俊,明,撰
KR3l0090,山海經,19,188884,52844,郭璞,晉,注
KR3l0091,山海經廣注,19,511185,149506,吳任臣,清,注
KR3l0092,穆天子傳,7,48983,13297,郭璞,晉,注
KR3l0093,神異經,2,13112,3571,張華,晉,註
KR3l0094,海內十洲記,1,16517,4684,東方朔,漢,撰
KR3l0095,漢武故事,1,13201,3815,班固,漢,撰
KR3l0096,漢武故事,2,14054,3815,,,
KR3l0097,洞冥記,5,21084,5740,郭憲,漢,撰
KR3l0098,拾遺記,11,104836,28910,蕭綺,梁,輯編
KR3l0099,搜神記,21,204301,56628,干寶,晉,撰
KR3l0100,搜神後記,11,57216,15368,陶潛,晉,撰
KR3l0101,異苑,11,100634,27608,劉敬叔,劉宋,撰
KR3l0102,續齊諧記,2,12455,3466,吳均,梁,撰
KR3l0103,還冤志,1,23772,6838,顏之推,隋,撰
KR3l0104,集異記,2,22229,6243,薛用弱,唐,撰
KR3l0105,博異記,1,21672,6292,,,
KR3l0106,杜陽雜編,4,57259,15938,蘇鶚,唐,撰
KR3l0107,前定錄,3,42870,12281,鍾輅,唐,撰
KR3l0108,桂苑叢談,2,20066,5743,馮翊子,唐,撰
KR3l0109,劇談錄,3,71337,20581,康駢,唐,撰
KR3l0110,宣室志,12,178328,49890,張讀,唐,撰
KR3l0111,唐闕史,3,71553,20411,高彥休,唐,撰
KR3l0112,甘澤謠,1,28836,8344,袁郊,唐,撰
KR3l0113,開天傳信記,2,18530,5251,鄭綮,唐,撰
KR3l0114,稽神錄,7,92283,26174,徐鉉,宋,撰
KR3l0115,江淮異人錄,3,23823,6658,吳淑,宋,撰
KR3l0116,茅亭客話,11,100649,28871,黃休復,宋,撰
KR3l0117,括異志,11,111927,30926,,,
KR3l0118,太平廣記,501,5590301,1564069,李昉,宋,奉敕撰
KR3l0119,分門古今類事,21,369105,105383,闕名,宋,撰
KR3l0120,陶朱新錄,1,45723,13030,馬純,宋,撰
KR3l0121,睽車志,7,89889,25061,郭彖,宋,撰
KR3l0122,夷堅志,52,593292,168685,洪邁,宋,撰
KR3l0123,博物志,11,63369,16715,張華,晉,撰
KR3l0124,述異記,3,44209,12588,任昉,梁,撰
KR3l0125,唐段少卿酉陽雜俎前集,20,385569,111374,段成式,唐,撰
KR3l0126,續幽怪錄,6,60037,17011,,,
KR3l0127,清異錄,3,145831,37438,陶穀,宋,撰
KR3l0128,續博物志,11,81633,22157,李石,宋,撰
KR4a0001,楚辭,10,203144,27073,,,
KR4a0002,楚辭,18,607384,178448,王逸,漢,撰
KR4a0003,楚辭補注,18,633458,187428,洪興祖,宋,撰
KR4a0004,楚辭集注,9,254097,74846,朱熹,宋,撰
KR4a0005,離騷草木疏,7,78287,22536,吳仁傑,宋,撰
KR4a0006,欽定補繪蕭雲從離騷全圖,4,69842,19084,蕭雲從,清,原圖
KR4a0007,山帶閣註楚辭,10,398995,112083,蔣驥,清,撰
KR4a0008,楚辭後語,7,114291,32226,,,
KR4a0009,楚辭辯證,2,44604,12533,,,
KR4b0001,揚子雲集,7,253161,72467,鄭樸,明,編
KR4b0002,蔡中郎集,7,187349,54956,蔡邕,漢,撰
KR4b0003,孔北海集,3,69003,19837,孔融,漢,撰
KR4b0004,曹子建集,11,119062,32846,曹植,魏,撰
KR4b0005,嵇中散集,11,122060,35589,嵇康,魏,撰
KR4b0006,陸士衡文集,11,105966,29729,,,
KR4b0007,陸士龍文集,10,139028,38996,陸雲,晉,撰
KR4b0008,陶淵明集,9,119830,31796,陶潛,晉,撰
KR4b0009,箋註陶淵明集,11,164320,42361,,,
KR4b0010,璇璣圖詩讀法,3,53081,10710,康萬民,明,撰
KR4b0011,鮑氏集,11,92479,24642,鮑照,劉宋,撰
KR4b0012,謝宣城詩集,6,62319,16633,謝眺,南齊,撰
KR4b0013,昭明太子集,7,78358,21834,蕭統,梁,撰
KR4b0014,何水部集,2,40065,11191,何遜,梁,撰
KR4b0015,江文通集,5,165809,47578,梁賓,清,編
KR4b0016,梁江文通文集,11,170011,47514,,,
KR4b0017,庾開府集箋註,11,954139,279980,吳兆宜,清,註
KR4b0018,庾子山集,19,1744664,523856,倪璠,清,纂註
KR4b0019,徐孝穆集箋注,8,445369,131296,徐文炳,清,注
KR4c0001,東臯子集,1,47137,13439,王績,唐,撰
KR4c0002,寒山子詩集,3,62820,17979,釋拾得,唐,撰
KR4c0003,王子安集,18,264592,73906,張燮,明,輯編
KR4c0004,楊盈川集,12,206498,60542,童佩,明,輯編
KR4c0005,幽憂子集,9,101294,27806,盧照鄰,唐,撰
KR4c0006,駱丞集,6,572108,167315,顏文選,明,註
KR4c0007,駱賓王文集,11,107869,30096,,,
KR4c0008,陳伯玉文集,12,269143,77148,陳子昂,唐,撰
KR4c0009,張燕公集,26,460041,131482,張說,唐,撰
KR4c0010,李北海集,8,108260,30695,李邕,唐,撰
KR4c0011,唐丞相曲江張先生文集,22,339341,96530,張九齡,唐,撰
KR4c0012,李太白文集,31,413526,116072,李白,唐,撰
KR4c0013,李太白集分類補註,31,827590,240832,蕭士贇,元,刪補
KR4c0014,李太白集注,38,2141007,636098,王琦,清,注
KR4c0015,九家集注杜詩,37,2094726,617838,郭知達,宋,集注
KR4c0016,唐皇甫冉詩集,8,74573,18630,,,
KR4c0017,補注杜詩,37,2052221,596239,黃鶴,宋,補注
KR4c0018,分門集註杜工部詩,27,1840643,541092,高楚芳,元,編
KR4c0019,杜詩攟,5,175892,51972,唐元竑,明,撰
KR4c0020,杜詩詳註,28,3325308,972196,仇兆鰲,清,撰
KR4c0021,須溪先生校本唐王右丞集,7,102478,27150,,,
KR4c0022,王右丞集箋注,30,1119630,324912,趙殿成,清,箋注
KR4c0023,高常侍集,11,93232,25730,高適,唐,撰
KR4c0024,常建詩,5,19358,4979,常建,唐,撰
KR4c0025,孟浩然集,5,58489,15737,孟浩然,唐,撰
KR4c0026,儲光羲詩集,6,63593,17526,儲光羲,唐,撰
KR4c0027,唐元次山文集,14,138899,38832,元結,唐,撰
KR4c0028,顏魯公文集,23,286394,81751,令狐峘,唐,撰
KR4c0029,岑嘉州詩,8,108136,29191,,,
KR4c0030,宗玄集,9,96775,27532,權德輿,唐,撰
KR4c0031,皎然集,11,174857,49253,釋皎然,唐,撰
KR4c0032,劉隨州文集,13,147514,38637,劉長卿,唐,撰
KR4c0033,韋刺史詩集,12,165212,46104,韋應物,唐,撰
KR4c0034,毘陵集,21,356804,103264,崔祐甫,唐,撰
KR4c0035,蕭茂挺文集,2,58389,17106,蕭穎士,唐,撰
KR4c0036,李遐叔文集,5,199102,58507,李華,唐,撰
KR4c0037,錢考功集,10,102861,27293,錢起,唐,撰
KR4c0039,唐陸宣公集,23,425442,123436,陸贄,唐,撰
KR4c0040,權文公集,11,110709,30148,權德輿,唐,撰
KR4c0041,權載之文集,51,797742,227928,,,
KR4c0042,韓集舉正,13,332224,89703,方崧卿,宋,撰
KR4c0043,原本韓集考異,11,419533,117347,張洽,宋,校補
KR4c0044,朱文公校昌黎先生文集,54,1166966,342409,王伯大,宋,重編
KR4c0045,五百家注昌黎文集,41,1528304,439988,魏仲舉,宋,編
KR4c0046,東雅堂昌黎集註,51,1429098,413077,廖瑩中,宋,集註
KR4c0047,韓集點勘,8,88825,24119,沈廷芳,清,撰
KR4c0048,柳河東集,49,1134783,327944,韓醇,宋,詁訓
KR4c0049,增廣註釋音辯唐柳先生集,49,917485,269049,潘緯,宋,音義
KR4c0050,五百家註柳先生集,31,818000,236449,文安禮,宋,撰
KR4c0051,劉夢得文集,31,554529,153958,宋敏求,宋,輯補
KR4c0052,呂和叔文集,12,157167,45201,呂溫,唐,撰
KR4c0053,唐張司業詩集,9,109950,29398,張籍,唐,撰
KR4c0054,皇甫持正文集,7,76158,22036,皇甫湜,唐,撰
KR4c0055,李文,20,193907,55072,李翱,唐,撰
KR4c0056,歐陽行周文集,11,130807,36071,歐陽詹,唐,撰
KR4c0057,李元賓文編,6,90022,26117,趙昂,宋,編
KR4c0058,孟東野詩集,11,142043,38273,宋敏求,宋,編
KR4c0059,唐賈浪仙長江集,11,81130,21229,賈島,唐,撰
KR4c0061,李賀歌詩編,6,68931,18728,,,
KR4c0062,箋註評點李長吉歌詩,6,177788,49989,劉辰翁,宋,評點
KR4c0063,絳守居園池記,4,35589,9283,許謙,元,補正
KR4c0064,王司馬集,9,89349,24512,王建,唐,撰
KR4c0065,沈下賢文集,13,156696,43851,沈亞之,唐,撰
KR4c0066,追昔遊集,4,49955,13593,李紳,唐,撰
KR4c0067,李文饒文集,37,480196,136451,李德裕,唐,撰
KR4c0068,元氏長慶集,62,566862,159565,元禛,唐,撰
KR4c0069,白氏文集,73,1509802,420103,白居易,唐,撰
KR4c0070,白香山詩集,41,1006007,281990,陳振孫,宋,撰
KR4c0071,鮑溶詩集,8,45934,12299,鮑溶,唐,撰
KR4c0072,樊川文集,23,395274,109811,杜牧,唐,撰
KR4c0073,姚少監詩集,12,116479,29898,姚合,唐,撰
KR4c0074,唐李義山詩集,6,128671,35802,李商隱,唐,撰
KR4c0075,李義山詩集注,5,434819,125701,朱鶴齡,清,注
KR4c0076,李義山文集箋註,11,667674,195980,徐炯,清,註
KR4c0077,溫庭筠詩集,7,67760,18189,,,
KR4c0078,溫飛卿詩集箋注,10,329409,95313,顧嗣立,清,重訂
KR4c0079,丁卯詩集,4,112507,30636,許渾,唐,撰
KR4c0080,唐劉蛻集,7,46647,12275,劉蛻,唐,撰
KR4c0081,李羣玉詩集,10,57836,14841,李羣玉,唐,撰
KR4c0082,梨嶽詩集,4,58274,14870,李頻,唐,撰
KR4c0083,唐孫樵集,11,72277,19318,孫樵,唐,撰
KR4c0084,麟角集,3,64481,18734,王蘋,宋,輯錄
KR4c0085,曹祠部集,3,42552,11119,曹唐,唐,撰
KR4c0086,碧雲集,5,68333,17767,,,
KR4c0087,唐李推官披沙集,7,51001,13170,,,
KR4c0088,皮日休文集,11,145488,38887,皮日休,唐,撰
KR4c0089,笠澤藂書,7,93883,26875,陸龜蒙,唐,撰
KR4c0090,唐甫里先生文集,21,260810,67551,陸龜蒙,唐,撰
KR4c0091,新彫注胡曾詠史詩,4,102485,30022,胡曾,唐,撰
KR4c0092,玉川子詩集,3,40041,11404,,,
KR4c0093,宋之問集,1,48098,13039,,,
KR4c0094,鄭守愚文集,5,97696,21193,鄭谷,唐,撰
KR4c0095,司空表聖文集,11,122768,34788,司空圖,唐,撰
KR4c0096,司空表聖詩集,5,51094,13849,,,
KR4c0097,朱慶餘詩集,3,37377,9366,,,
KR4c0098,玉山樵人集,2,61324,16531,韓偓,唐,撰
KR4c0099,唐風集,5,63308,17380,杜荀鶴,唐,撰
KR4c0100,桂苑筆耕集,21,277024,78891,,,
KR4c0101,徐公釣磯文集,11,137593,38038,,,
KR4c0102,唐英歌詩,5,69526,19157,吳融,唐,撰
KR4c0103,唐黃先生文集,9,199963,55732,,,
KR4c0104,玄英集,10,71949,19249,方干,唐,撰
KR4c0105,黃御史集,9,202169,58538,黃滔,唐,撰
KR4c0106,羅昭諫集,10,168075,47408,羅隱,唐,撰
KR4c0107,徐正字詩賦,3,68078,18748,徐寅,唐,撰
KR4c0108,甲乙集,11,91263,23372,,,
KR4c0109,白蓮集,12,178270,47799,釋齊己,唐,撰
KR4c0110,禪月集,27,164889,45051,釋貫休,唐,撰
KR4c0111,浣花集,13,79661,20153,韋藹,唐,編
KR4c0112,廣成集,13,182440,52129,杜光庭,後蜀,撰
KR4c0113,周賀詩集,1,14444,3773,,,
KR4c0114,李丞相詩集,1,18897,4849,,,
KR4d0001,徐公文集,32,516876,141378,吳淑,宋,編
KR4d0002,河東先生集,17,249647,72183,張景,宋,編
KR4d0003,咸平集,31,412353,118559,司馬光,宋,撰
KR4d0004,逍遙集,1,13629,3570,潘閬,宋,撰
KR4d0005,乖崖集,14,176010,50126,張詠,宋,撰
KR4d0006,忠愍公詩集,5,68080,18312,范雍,宋,編
KR4d0007,法藏碎金錄,11,347187,97710,晁迥,宋,撰
KR4d0008,道院集要,4,49523,13828,王古,宋,編
KR4d0009,小畜集,32,570980,160411,王禹偁,宋,撰
KR4d0010,小畜外集,8,111736,31673,,,
KR4d0012,武夷新集,21,525787,152301,楊億,宋,撰
KR4d0013,林和靖先生詩集,5,57124,15141,林逋,宋,撰
KR4d0014,穆參軍集,5,58287,16566,穆修,宋,撰
KR4d0015,河南穆公集,3,70475,19742,,,
KR4d0016,元獻遺文,2,20262,5471,胡亦堂,清,輯
KR4d0017,文莊集,37,579934,167066,夏竦,宋,撰
KR4d0018,春卿遺稿,2,14801,3967,蔣鐄,宋,輯
KR4d0019,東觀集,11,87000,23663,魏野,宋,撰
KR4d0020,元憲集,37,530311,150022,宋庠,宋,撰
KR4d0021,景文集,63,1172889,338364,宋祁,宋,撰
KR4d0022,文恭集,41,675579,193178,胡宿,宋,撰
KR4d0023,武溪集,21,427816,123049,余仲荀,宋,編
KR4d0024,安陽集,51,631365,178595,韓琦,宋,撰
KR4d0025,范文正公集,51,1097170,317917,范能濬,清,輯
KR4d0026,河南先生文集,28,346496,98923,尹洙,宋,撰
KR4d0027,孫明復小集,2,37544,10877,孫復,宋,撰
KR4d0028,徂徠集,22,305843,88420,石介,宋,撰
KR4d0029,端明集,41,679958,193836,蔡襄,宋,撰
KR4d0030,祠部集,36,732267,209284,強至,宋,撰
KR4d0031,鐔津集,24,492545,143983,釋契嵩,宋,撰
KR4d0032,祖英集,3,53160,14420,釋重顯,宋,撰
KR4d0033,雪竇四集,3,147706,42004,,,
KR4d0034,蘇學士文集,18,284709,80801,蘇舜欽,宋,撰
KR4d0035,蘇魏公文集,73,1239659,357207,蘇携,宋,編
KR4d0036,沈氏三先生文集,28,662131,185453,,,
KR4d0037,伐檀集,3,93956,26771,黃庶,宋,撰
KR4d0039,古靈集,26,452542,130775,陳紹夫,宋,編
KR4d0040,溫國文正公文集,82,1574592,442549,司馬光,宋,撰
KR4d0042,直講李先生文集,23,711787,205133,魏峙,宋,撰
KR4d0043,金氏文集,3,93322,26741,金君卿,宋,撰
KR4d0044,公是集,55,923315,264437,劉敞,宋,撰
KR4d0045,彭城集,41,739163,211568,劉攽,宋,撰
KR4d0046,邕州小集,2,15555,4053,陶弼,宋,撰
KR4d0047,都官集,16,296054,86673,陳舜俞,宋,撰
KR4d0048,陳眉公先生訂正丹淵集,46,568409,150208,家誠之,宋,編
KR4d0049,西溪集,11,199198,56946,沈遘,宋,撰
KR4d0050,鄖溪集,29,512494,146903,鄭獬,宋,撰
KR4d0051,錢塘集,13,455333,129154,韋驤,宋,撰
KR4d0052,淨德集,39,568620,163887,呂陶,宋,撰
KR4d0053,安岳集,13,98003,26752,馮山,宋,撰
KR4d0054,南豐先生元豐類蒿,52,884626,253689,曾鞏,宋,撰
KR4d0055,龍學文集,18,179525,49793,祖行,宋,編
KR4d0056,宛陵先生集,64,861205,229435,梅堯臣,宋,撰
KR4d0057,忠肅集,21,466461,135706,劉摯,宋,撰
KR4d0058,無為集,16,195160,55612,趙士㣓,宋,編
KR4d0059,王魏公集,8,153298,43542,王安禮,宋,撰
KR4d0060,范太史集,56,941348,268866,范祖禹,宋,撰
KR4d0061,潞公文集,41,431869,120548,文彥博,宋,撰
KR4d0062,擊壤集,22,284125,78377,邵雍,宋,撰
KR4d0064,曲阜集,5,182429,53467,曾儼,清,編
KR4d0065,周元公集,9,167884,45965,周沈珂,清,編
KR4d0066,南陽集,31,520266,142442,韓維,宋,撰
KR4d0067,節孝集,33,386708,108505,徐積,宋,撰
KR4d0069,歐陽文忠公集,51,3090417,887854,陳亮,宋,編
KR4d0070,樂全集,42,1099435,322032,張方平,宋,撰
KR4d0071,范忠宣集,25,602682,174296,范能濬,清,輯補
KR4d0072,嘉祐集,19,287303,82272,沈斐,宋,輯
KR4d0073,臨川先生文集,102,1600307,435962,王安石,宋,撰
KR4d0074,王荊公詩注,52,1025416,291381,李壁,宋,撰
KR4d0075,廣陵集,32,353427,100316,王令,宋,撰
KR4d0076,東坡全集,116,3216432,922378,王宗稷,宋,撰
KR4d0077,東坡詩集註,33,1686874,492262,王十朋,宋,註
KR4d0078,增刊校正王狀元集注分類東坡先生詩,26,1846317,539451,,,
KR4d0079,經進東坡文集事略,61,1256120,370129,,,
KR4d0080,施註蘇詩,60,1979152,567588,馮景,清,補註
KR4d0081,蘇詩補註,50,2205381,617593,查慎行,清,補注
KR4d0082,欒城集,51,1663173,472137,蘇轍,宋,撰
KR4d0083,欒城應詔集,13,187014,54943,,,
KR4d0084,山谷集,97,1771902,486406,黃㽦,宋,撰
KR4d0085,山谷內集詩注,21,728549,213845,史季溫,宋,注
KR4d0086,山谷外集詩註,15,681260,186773,,,
KR4d0087,後山集,26,423475,120738,陳師道,宋,撰
KR4d0088,后山詩註,13,406367,115164,任淵,宋,註
KR4d0089,柯山集,51,779760,221785,張耒,宋,撰
KR4d0090,張右史文集,61,857838,228907,,,
KR4d0091,淮海集,52,535128,153393,秦觀,宋,撰
KR4d0092,濟南集,9,232293,67063,李廌,宋,撰
KR4d0093,參寥子詩集,13,144422,40171,釋道潛,宋,撰
KR4d0094,寶晉英光集,9,91072,25286,米芾,宋,撰
KR4d0095,石門文字禪,31,794975,226337,釋覺慈,宋,編
KR4d0097,青山續集,8,172722,48478,郭祥正,宋,撰
KR4d0098,畫墁集,9,98278,27891,張舜民,宋,撰
KR4d0099,陶山集,17,280419,80889,陸佃,宋,撰
KR4d0100,倚松詩集,3,103208,26917,饒節,宋,撰
KR4d0101,長興集,20,194696,56094,沈括,宋,撰
KR4d0102,西塘集,11,302531,88159,鄭俠,宋,撰
KR4d0103,雲巢編,11,220125,63072,沈遼,宋,撰
KR4d0104,嵩山文集,20,780418,222404,晁子健,宋,編
KR4d0105,濟北晁先生雞肋集,72,1139466,319944,晁謙之,宋,編
KR4d0106,樂圃餘藁,14,116843,32995,朱思,宋,輯
KR4d0107,龍雲集,33,554848,158522,羅良弼,宋,編
KR4d0108,雲溪居士集,31,543143,157372,華鎮,宋,撰
KR4d0109,演山集,61,716680,201825,黃玠,宋,編
KR4d0110,姑溪居士前集,72,614969,167424,吳芾,宋,編
KR4d0111,潏水集,18,298361,85556,李復,宋,撰
KR4d0112,道鄉集,41,688406,196203,鄒浩,宋,撰
KR4d0113,學易集,11,178055,51394,劉跂,宋,撰
KR4d0114,游廌山集,5,150750,42337,游酢,宋,撰
KR4d0115,西臺集,21,500393,145697,畢仲游,宋,撰
KR4d0116,樂靜集,31,310321,89283,李昭玘,宋,撰
KR4d0117,北湖集,6,100869,27875,吳則禮,宋,撰
KR4d0118,溪堂集,11,162156,45188,謝逸,宋,撰
KR4d0119,竹友集,11,99762,26725,謝薖,宋,撰
KR4d0120,日涉園集,11,168002,46835,李彭,宋,撰
KR4d0121,灌園集,21,364937,105357,呂南公,宋,撰
KR4d0122,慶湖遺老詩集,13,187164,50193,賀鑄,宋,撰
KR4d0123,摛文堂集,17,366632,103682,慕容彥逢,宋,撰
KR4d0124,襄陵文集,13,208095,60103,許翰,宋,撰
KR4d0125,浮沚集,10,186049,54071,周行己,宋,撰
KR4d0126,東堂集,11,262150,76051,毛滂,宋,撰
KR4d0127,給事集,6,101179,28600,劉安上,宋,撰
KR4d0128,劉左史集,5,111373,32467,劉安節,宋,撰
KR4d0129,竹隱畸士集,21,302504,86820,趙鼎臣,宋,撰
KR4d0130,眉山唐先生文集,31,307168,77515,唐庚,宋,撰
KR4d0131,洪龜父集,3,42754,11742,洪朋,宋,撰
KR4d0132,跨鼇集,31,445765,128327,李新,宋,撰
KR4d0133,忠愍集,4,71234,19843,李若水,宋,撰
KR4d0135,宗忠簡集,9,206124,60380,王庭曾,清,重編
KR4d0136,龜山集,43,758475,219169,楊時,宋,撰
KR4d0137,龜山先生語錄,5,136307,38669,,,
KR4d0138,梁谿集,185,2803673,799867,李綸,宋,撰
KR4d0139,初寮集,9,314711,91680,王安中,宋,撰
KR4d0140,橫塘集,21,350241,100053,許景衡,宋,撰
KR4d0141,西渡集,6,38838,10546,洪炎,宋,撰
KR4d0142,老圃集,3,33277,9060,洪芻,宋,撰
KR4d0143,丹陽集,25,516728,148791,葛勝仲,宋,撰
KR4d0144,毗陵集,21,308245,87329,張守,宋,撰
KR4d0145,浮溪集,33,642783,187391,汪藻,宋,撰
KR4d0146,浮溪文粹,17,191268,55384,胡堯臣,明,刊
KR4d0147,莊簡集,19,390989,111108,李光,宋,撰
KR4d0148,忠正德文集,10,259408,74596,趙鼎,宋,撰
KR4d0149,東窻集,17,327801,92421,張擴,宋,撰
KR4d0150,忠惠集,12,267099,77112,翟汝文,宋,撰
KR4d0151,松隱集,41,468560,130712,曹勛,宋,撰
KR4d0152,建康集,10,140679,39985,葉夢得,宋,撰
KR4d0153,簡齋集,17,154894,42625,陳與義,宋,撰
KR4d0154,增廣箋注簡齊詩集,31,392838,109913,,,
KR4d0155,簡齋詩外集,2,26764,6953,,,
KR4d0156,北山小集,42,870285,238804,程俱,宋,撰
KR4d0157,檆溪居士集,13,365758,104432,劉才卲,宋,撰
KR4d0158,筠谿集,28,490554,137773,李彌遜,宋,撰
KR4d0159,華陽集,42,515748,143427,張綱,宋,撰
KR4d0160,忠穆集,9,157772,45528,呂頤浩,宋,撰
KR4d0161,紫微集,37,590994,167447,張嵲,宋,撰
KR4d0162,苕溪集,56,558997,156721,劉一止,宋,撰
KR4d0163,東牟集,15,416467,119081,王洋,宋,撰
KR4d0164,相山集,31,438099,124316,王之道,宋,撰
KR4d0165,三餘集,5,57978,16361,黃彥平,宋,撰
KR4d0166,大隱集,11,209549,59813,李正民,宋,撰
KR4d0167,沈忠敏公龜谿集,13,292661,81998,沈與求,宋,撰
KR4d0168,栟櫚集,26,214423,59668,鄧肅,宋,撰
KR4d0169,默成文集,5,33803,9411,潘良貴,宋,撰
KR4d0170,鄱陽集,5,59707,16335,洪皓,宋,撰
KR4d0171,韋齋集,13,230835,65324,朱橰,宋,撰
KR4d0172,澹齋集,20,387283,111557,李流謙,宋,撰
KR4d0173,陵陽集,5,79394,21990,韓駒,宋,撰
KR4d0174,灊山集,4,91697,25668,朱翌,宋,撰
KR4d0175,雲溪集,13,169649,47492,郭印,宋,撰
KR4d0176,盧溪文集,53,471704,131897,王庭珪,宋,撰
KR4d0177,屏山集,23,308557,84974,劉玶,宋,編
KR4d0178,北海集,50,582502,166334,綦崇禮,宋,撰
KR4d0179,鴻慶居士集,43,900182,260838,孫覿,宋,撰
KR4d0180,內簡尺牘,11,324805,96039,李祖堯,宋,編註
KR4d0181,崧菴集,8,115735,32552,李處權,宋,撰
KR4d0182,豫章黃先生文集,30,647773,176086,曹道振,元,編
KR4d0183,藏海居士集,3,17767,4739,吳可,宋,撰
KR4d0184,和靖集,9,114059,31800,尹焞,宋,撰
KR4d0185,王著作集,9,83764,23682,王觀,明,編
KR4d0186,郴江百詠,2,13874,3438,阮閱,宋,撰
KR4d0188,少陽集,7,96289,28017,陳東,宋,撰
KR4d0189,歐陽修撰集,8,190470,55489,歐陽鉞,明,輯
KR4d0190,東溪集,4,58702,16521,李希元,明,編
KR4d0191,岳武穆遺文,2,25618,7298,徐階,明,編
KR4d0192,茶山集,9,121958,33750,曾幾,宋,撰
KR4d0193,雪溪集,6,57095,15381,王銍,宋,撰
KR4d0194,蘆川歸來集,11,174033,48629,張元幹,宋,撰
KR4d0195,東萊先生詩集,21,298981,81616,呂本中,宋,撰
KR4d0196,澹菴文集,8,177294,52136,胡銓,宋,撰
KR4d0197,五峯集,11,164346,43341,胡大時,宋,編
KR4d0198,斐然集,31,993147,290750,胡寅,宋,撰
KR4d0199,大隱居士詩集,3,49542,13335,鄧深,宋,撰
KR4d0200,浮山集,11,184610,53141,仲幷,宋,撰
KR4d0201,北山集,31,548813,153952,鄭良嗣,宋,編
KR4d0202,橫浦集,21,289015,83155,郎曄,宋,編
KR4d0203,湖山集,11,246145,69058,吳芾,宋,撰
KR4d0204,文定集,25,464969,134813,汪應辰,宋,撰
KR4d0205,縉雲文集,5,131303,37189,李璽,明,編
KR4d0206,嵩山集,55,522402,144668,晁公遡,宋,撰
KR4d0207,默堂先生文集,24,488672,141483,沈度,宋,編
KR4d0208,知稼翁集,6,136613,38415,黃公廣,宋,撰
KR4d0209,唯室集,6,89741,25932,陳長方,宋,撰
KR4d0210,漢濱集,17,456886,133810,王之望,宋,撰
KR4d0211,范香溪先生文集,26,378212,109061,范浚,宋,撰
KR4d0212,鄭忠肅奏議遺集,3,68111,19362,鄭興裔,宋,撰
KR4d0213,雲莊集,6,163849,46993,曾協,宋,撰
KR4d0214,竹軒雜著,7,113477,32201,林季仲,宋,撰
KR4d0215,拙齋文集,23,330111,95792,林之奇,宋,撰
KR4d0216,于湖居士文集,42,433591,115374,張孝祥,宋,撰
KR4d0217,太倉稊米集,71,934463,263273,周紫芝,宋,撰
KR4d0218,夾漈遺稿,4,45645,13014,鄭樵,宋,撰
KR4d0219,鄮峰真隱漫錄,51,731757,207356,史浩,宋,撰
KR4d0220,海陵集,24,360119,103720,周準,宋,編
KR4d0221,燕堂詩稿,2,21215,5762,趙公豫,宋,撰
KR4d0222,竹洲集,22,179873,50989,吳儆,宋,撰
KR4d0223,高峯文集,13,302561,86646,廖剛,宋,撰
KR4d0224,羅鄂州小集,9,183034,53369,羅願,宋,撰
KR4d0225,艾軒集,11,237523,69413,鄭岳,明,編
KR4d0226,晦菴先生朱文公文集,101,6035093,1768657,朱熹,宋,撰
KR4d0228,雪山集,20,328253,94760,王質,宋,撰
KR4d0229,梁谿遺稿,3,38611,10961,尤侗,清,輯
KR4d0230,方舟集,25,623952,176077,李石,宋,撰
KR4d0231,網山集,9,111688,31515,林亦之,宋,撰
KR4d0232,東萊集,41,956509,274971,呂喬年,宋,編
KR4d0233,止齋先生文集,55,884075,252717,曹叔遠,宋,編
KR4d0234,格齋四六,1,85416,24755,王子俊,宋,撰
KR4d0235,梅溪先生廷試策奏議,30,1236004,340089,汪應辰,宋,撰
KR4d0236,香山集,17,189031,51612,喻良能,宋,撰
KR4d0237,蒙隱集,3,48840,13669,陳棣,宋,撰
KR4d0238,宮教集,13,202059,58392,崔敦禮,宋,撰
KR4d0239,倪石陵書,2,51141,14962,毛鳳韶,明,輯
KR4d0240,樂軒集,9,164484,46989,林希逸,宋,編
KR4d0241,定庵類稿,5,147506,42553,衞博,宋,撰
KR4d0242,澹軒集,9,123408,35106,李呂,宋,撰
KR4d0243,攻媿集,113,2523649,737633,樓鑰,宋,撰
KR4d0244,尊白堂集,7,246765,69199,虞儔,宋,撰
KR4d0245,東塘集,21,515002,148869,袁說友,宋,撰
KR4d0246,涉齋集,19,221521,60993,許綸,宋,撰
KR4d0247,義豐集,2,58606,15995,王阮,宋,撰
KR4d0248,蠹齋鉛刀編,34,219115,60248,周孚,宋,撰
KR4d0249,乾道稿,28,758090,203191,趙蕃,宋,撰
KR4d0250,雙溪類稾,28,653559,187251,王炎,宋,撰
KR4d0251,止堂集,18,323458,94167,彭龜年,宋,撰
KR4d0252,緣督集,21,457009,131595,曾耒,宋,撰
KR4d0253,象山先生全集,37,834099,242026,陸持之,宋,編
KR4d0254,慈湖遺書,22,684076,195079,楊簡,宋,撰
KR4d0255,絜齋集,26,662448,195124,袁燮,宋,撰
KR4d0256,雲莊集,21,352409,101147,劉梗,明,編
KR4d0257,舒文靖集,3,112639,33010,舒璘,宋,撰
KR4d0258,定齋集,21,392299,114474,蔡戡,宋,撰
KR4d0259,九華集,27,430944,125170,員興宗,宋,撰
KR4d0260,野處類藁,3,33312,9235,洪邁,宋,撰
KR4d0261,盤洲文集,83,1146271,314569,洪适,宋,撰
KR4d0262,應齋雜著,7,127902,36726,趙善括,宋,撰
KR4d0263,芸庵類藁,7,130981,36611,李洪,宋,撰
KR4d0264,浪語集,37,899850,260823,薛旦,宋,編
KR4d0265,石湖居士詩集,36,436918,121668,范成大,宋,撰
KR4d0266,誠齋集,134,2689179,764332,楊長孺,宋,編
KR4d0267,劍南詩藁,87,1861952,512523,陸子虛,宋,編
KR4d0268,渭南文集,51,875247,227050,毛晉,明,輯
KR4d0269,礀谷精選陸放翁詩集前集,11,166529,44287,,,
KR4d0270,放翁詩選,20,158718,42511,劉辰翁,宋,選
KR4d0271,金陵百詠,2,21633,5290,曾極,宋,撰
KR4d0272,頤菴居士集,3,22218,5952,劉應時,宋,撰
KR4d0273,水心先生文集,30,987998,291947,黎諒,明,編
KR4d0275,南澗甲乙稿,23,759932,222456,韓元吉,宋,撰
KR4d0276,自鳴集,7,86128,24156,章甫,宋,撰
KR4d0277,客亭類稿,15,224825,63984,楊冠卿,宋,撰
KR4d0278,石屏詩集,12,309807,83659,戴敏,宋,撰
KR4d0279,蓮峯集,11,244639,71832,史堯弼,宋,撰
KR4d0280,江湖長翁集,41,985441,283160,陳造,宋,撰
KR4d0281,燭湖集,3,29463,8307,孫應時,宋,撰
KR4d0283,省齋集,13,274389,79189,廖行之,宋,撰
KR4d0284,南軒集,45,695141,198116,朱熹,宋,編
KR4d0285,勉齋集,41,1013138,296806,黃榦,宋,撰
KR4d0286,北溪大全集,51,791073,224880,陳榘,宋,編
KR4d0287,山房集,9,262505,75796,周南,宋,撰
KR4d0288,橘山四六,21,870079,258413,孫雲翼,明,注
KR4d0289,竹齋詩集,6,65968,18312,裘萬頃,宋,撰
KR4d0290,後樂集,21,594093,172622,衞涇,宋,撰
KR4d0291,華亭百詠,2,13296,3140,許尚,宋,撰
KR4d0292,梅山續藁,19,171254,45128,姜特立,宋,撰
KR4d0293,菊磵集,3,49694,13598,高似孫,宋,撰
KR4d0294,性善堂稿,16,243091,70768,度正,宋,撰
KR4d0295,漫塘集,37,1042537,304378,劉宰,宋,撰
KR4d0296,克齋集,18,273988,78447,陳文蔚,宋,撰
KR4d0297,芳蘭軒集,1,44140,11411,徐照,宋,撰
KR4d0298,芳蘭軒集,2,22611,6007,,,
KR4d0299,西巖集,1,59204,15505,翁卷,宋,撰
KR4d0301,瓜廬集,4,25844,6969,薛師石,宋,撰
KR4d0302,洺水集,31,539901,156819,程珌,宋,撰
KR4d0303,龍川集,31,623286,182659,陳亮,宋,撰
KR4d0304,龍洲集,16,121866,32785,劉過,宋,撰
KR4d0305,鶴山先生大全文集,108,2438945,701420,魏了翁,宋,撰
KR4d0306,西山先生真文忠公文集,52,1782380,502548,真德秀,宋,撰
KR4d0307,方泉詩集,5,60238,16605,周文璞,宋,撰
KR4d0308,東山詩選,3,36011,9558,葛紹體,宋,撰
KR4d0309,白石道人詩集,10,101040,25368,姜夔,宋,撰
KR4d0310,野谷詩稿,7,72804,20112,趙汝鐩,宋,撰
KR4d0311,平齋文集,33,897682,251098,洪咨夔,宋,撰
KR4d0312,蒙齋集,21,477427,139354,袁甫,宋,撰
KR4d0313,康範詩集,1,47843,13771,汪晫,宋,撰
KR4d0314,清獻集,11,308380,85062,杜範,宋,撰
KR4d0315,鶴林集,40,748963,216868,吳泳,宋,撰
KR4d0316,東澗集,15,319367,91892,許應龍,宋,撰
KR4d0317,方是閒居士小稿,5,112350,31848,劉學箕,宋,撰
KR4d0318,翠微南征錄,12,104701,27640,華岳,宋,撰
KR4d0319,浣川集,11,158061,45234,戴栩,宋,撰
KR4d0320,漁墅類稿,9,146627,42434,陳元晉,宋,撰
KR4d0321,"安晚堂集,卷二",13,138838,37693,鄭清之,宋,撰
KR4d0322,滄洲塵缶編,15,316995,89840,程公許,宋,撰
KR4d0323,四六標準,41,2946694,875924,孫雲翼,明,箋注
KR4d0324,篔窻集,12,173601,50689,陳耆卿,宋,撰
KR4d0325,友林乙藁,1,37794,9868,史彌寧,宋,撰
KR4d0326,方壺存稿,6,45487,12426,汪莘,宋,撰
KR4d0327,鐵菴集,36,369918,106378,方大琮,宋,撰
KR4d0328,壺山四六,1,60983,17595,闕名,宋,撰
KR4d0329,默齋遺稿,3,47503,13689,游九言,宋,撰
KR4d0330,履齋遺稿,5,93680,26530,梅鼎祚,明,編
KR4d0331,鄭菊山先生清雋集,2,108285,30758,,,
KR4d0332,臞軒集,17,481115,140595,王邁,宋,撰
KR4d0333,東野農歌集,6,31990,8382,戴昺,宋,撰
KR4d0334,敝帚稿略,9,205941,60427,包恢,宋,撰
KR4d0335,清正存稿,8,311092,90743,徐鹿卿,宋,撰
KR4d0336,寒松閣集,4,44724,12363,詹初,宋,撰
KR4d0337,滄浪集,4,76456,21025,嚴羽,宋,撰
KR4d0338,泠然齋詩集,9,151672,41614,蘇泂,宋,撰
KR4d0339,可齋雜藁,55,1347266,386050,李曾伯,宋,撰
KR4d0340,後村先生大全集,197,4021512,1143980,劉克莊,宋,撰
KR4d0341,先天集,11,131768,36555,,,
KR4d0342,澗泉集,21,506102,139719,韓淲,宋,撰
KR4d0343,矩山存稿,7,117570,33866,徐經孫,宋,撰
KR4d0344,雪窻集,4,105929,30773,孫夢觀,宋,撰
KR4d0345,文溪集,22,228672,64601,李昴英,宋,撰
KR4d0346,庸齋集,7,131074,37506,趙汝騰,宋,撰
KR4d0347,彝齋文編,5,123556,35647,趙孟堅,宋,撰
KR4d0348,張氏拙軒集,7,125873,35410,張侃,宋,撰
KR4d0349,玉楮集,9,108892,30649,岳珂,宋,撰
KR4d0350,靈巖集,9,197860,57857,唐士恥,宋,撰
KR4d0351,楳野集,13,390975,114728,徐元杰,宋,撰
KR4d0352,恥堂存稿,9,257090,75000,高斯得,宋,撰
KR4d0353,秋崖集,41,881650,248861,方岳,宋,撰
KR4d0354,藝隱橫舟稿,1,35776,9186,施樞,宋,撰
KR4d0355,蒙川遺稿,5,85391,23956,劉應奎,元,編
KR4d0356,雪磯叢稿,7,43054,11433,樂雷發,宋,撰
KR4d0357,北磵集,11,337742,97644,釋居簡,宋,撰
KR4d0358,西塍集,2,16760,4360,宋伯仁,宋,撰
KR4d0359,梅屋集,6,36588,9275,許棐,宋,撰
KR4d0360,孝詩,2,57832,14832,林同,宋,撰
KR4d0361,字溪集,13,437898,127830,陽枋,宋,撰
KR4d0362,勿齋集,3,55522,16091,楊至質,宋,撰
KR4d0363,巽齋文集,28,473192,138726,歐陽守道,宋,撰
KR4d0364,雪坡集,51,688347,196760,姚龍起,宋,編
KR4d0365,文山先生全集,21,1052204,300506,文天祥,宋,撰
KR4d0366,文信國集杜詩,2,67460,17523,文天祥,宋,撰
KR4d0367,疊山集,18,170629,48040,謝枋得,宋,撰
KR4d0368,本堂集,96,963864,271823,陳著,宋,撰
KR4d0369,端平詩雋,5,43664,11638,李龏,宋,編
KR4d0370,竹溪鬳齋十一藁續集,31,609034,173443,林式之,宋,編
KR4d0371,魯齋集,21,569126,164883,王柏,宋,撰
KR4d0372,潛山集,13,180895,49425,釋文珦,宋,撰
KR4d0373,蕭冰厓詩集拾遺,5,98794,25663,,,
KR4d0374,須溪集,11,469570,136852,劉辰翁,宋,撰
KR4d0375,須溪四景詩集,5,44771,11774,劉辰翁,宋,撰
KR4d0376,葦航漫遊稿,4,88239,23845,胡仲弓,宋,撰
KR4d0377,蘭皋集,4,27498,7416,吳錫疇,宋,撰
KR4d0378,雲泉詩,2,45685,12644,薛嵎,宋,撰
KR4d0379,嘉禾百詠,2,27031,7179,張堯同,宋,撰
KR4d0380,柳塘外集,5,122871,34843,釋道璨,宋,撰
KR4d0381,碧梧玩芳集,25,342358,98169,馬廷鸞,宋,撰
KR4d0382,四明文獻集,6,193344,56046,陳朝,明,輔輯
KR4d0384,閬風集,13,225173,62770,舒岳祥,宋,撰
KR4d0385,北遊集,3,45057,12707,汪夢斗,宋,撰
KR4d0386,秋堂集,5,33784,9243,柴望,宋,撰
KR4d0387,蛟峯文集,13,263030,76392,方中,明,續輯
KR4d0388,秋聲集,7,185054,51976,衞宗武,宋,撰
KR4d0389,牟氏陵陽集,25,423641,121331,牟巘,宋,撰
KR4d0390,湖山類稿,7,104739,27878,汪元量,宋,撰
KR4d0391,晞髮集,13,152943,41644,張丁,明,註
KR4d0392,潛齋集,12,310334,86611,何景福,元,撰
KR4d0393,梅巖文集,11,120557,34754,潘滋,明,輯編
KR4d0394,莆陽黃仲元四如先生文藁,7,232917,67949,黃仲元,宋,撰
KR4d0395,霽山文集,6,142799,40398,章祖程,元,注
KR4d0396,勿軒集,9,152888,43980,熊孟秉,宋,編
KR4d0397,古梅遺稿,7,48143,13048,吳龍翰,宋,撰
KR4d0398,佩韋齋集,21,315461,90433,俞德鄰,宋,撰
KR4d0399,廬山集,6,118299,31921,董嗣杲,宋,撰
KR4d0400,西湖百詠,3,66389,17615,陳贄和,明,韻
KR4d0401,則堂集,7,184070,53739,家鉉翁,宋,撰
KR4d0402,富山遺稿,11,137643,37916,方夔,宋,撰
KR4d0403,真山民集,2,24138,6464,真桂芳,宋,撰
KR4d0404,百正集,4,42379,11677,連文鳳,宋,撰
KR4d0405,月洞吟,2,14870,3864,王鎡,宋,撰
KR4d0406,伯牙琴,4,42575,12089,鄧牧,宋,撰
KR4d0407,存雅堂遺稿,6,63053,17583,張燧,清,輯
KR4d0408,吾汶藁,11,140397,37048,王炎午,宋,撰
KR4d0409,在軒集,2,47203,13626,黃公紹,宋,撰
KR4d0410,紫巖詩選,4,55959,15407,吳師道,元,編
KR4d0411,九華詩集,3,47082,12764,陳巖,宋,撰
KR4d0412,寧極齋稿,1,44536,11750,陳植,元,撰
KR4d0413,自堂存藁,5,72732,19777,陳杰,宋,撰
KR4d0414,仁山文集,5,98360,28125,金履祥,宋,撰
KR4d0415,心泉學詩稿,7,63867,17348,蒲壽宬,宋,撰
KR4d0416,拙軒集,7,97027,27075,王寂,金,撰
KR4d0417,閑閑老人滏水文集,22,381585,102753,趙秉文,金,撰
KR4d0418,滹南遺老集,47,479445,132406,王若虛,金,撰
KR4d0419,莊靖集,11,264146,70858,李俊民,金,撰
KR4d0420,遺山先生文集,43,985911,278276,元好問,金,撰
KR4d0421,湛然居士文集,15,282075,74830,耶律楚材,元,撰
KR4d0422,藏春集,7,108273,30036,商挺,元,編
KR4d0423,淮陽集,4,28748,7666,張弘範,元,撰
KR4d0424,陵川集,40,929637,271077,郝經,元,撰
KR4d0425,歸田類稿,23,377530,108732,張養浩,元,撰
KR4d0427,稼村類藁,31,424079,122492,王義山,元,撰
KR4d0428,桐江續集,37,976679,279705,方回,元,撰
KR4d0429,野趣有聲畫,4,79964,22343,楊公遠,元,撰
KR4d0430,月屋漫稿,2,76745,20837,黃庚,元,撰
KR4d0431,剡源戴先生文集,31,776926,228970,戴表元,元,撰
KR4d0432,剩語,3,54482,14881,艾性夫,元,撰
KR4d0433,養蒙文集,11,178517,50296,張伯淳,元,撰
KR4d0434,牆東類稿,21,542031,157092,陸文圭,元,撰
KR4d0435,青山集,31,333123,89209,趙文,元,撰
KR4d0436,桂隱文集,9,424079,119402,劉詵,元,撰
KR4d0437,水雲村稾,16,342144,99371,劉壎,元,撰
KR4d0438,巴西集,3,148938,43846,鄧文原,元,撰
KR4d0439,屏巖小稿,2,74015,20332,張觀光,元,撰
KR4d0440,玉斗山人集,4,58731,16296,王奕,元,撰
KR4d0441,谷響集,4,124943,33953,釋善住,元,撰
KR4d0442,竹素山房詩集,5,55465,15209,吾丘衍,元,撰
KR4d0443,紫山大全集,27,954388,279244,胡祗遹,元,撰
KR4d0444,松鄉集,11,214563,62242,任士林,元,撰
KR4d0445,松雪齋文集,12,344644,96171,趙孟頫,元,撰
KR4d0446,吳文正集,103,1872392,540597,吳當,元,編
KR4d0447,金淵集,7,104052,28636,仇遠,元,撰
KR4d0448,山村遺集,3,40728,11286,項夢昶,清,編
KR4d0449,湛淵集,3,40948,11668,宋濂,明,撰
KR4d0450,牧潛集,9,97326,27740,釋圓至,元,撰
KR4d0451,小亨集,7,107906,30127,楊弘道,元,撰
KR4d0452,還山遺稿,4,105732,30199,宋挺佐,明,輯
KR4d0453,魯齋遺書,15,415026,119457,許衡,元,撰
KR4d0454,靜修先生文集,23,300980,84491,劉因,元,撰
KR4d0455,青崖集,6,186299,53182,魏初,元,撰
KR4d0456,養吾齋集,33,635096,185817,劉將孫,元,撰
KR4d0457,存悔齋稿,3,52653,14517,朱存理,明,輯
KR4d0458,雙溪醉隱集,8,258315,71537,耶律鑄,元,撰
KR4d0459,東庵集,5,64527,17887,滕安上,元,撰
KR4d0460,許白雲先生文集,5,147308,42754,李伸,明,編
KR4d0461,畏齋集,7,185769,53944,程端禮,元,撰
KR4d0462,默庵集,6,53274,14976,安熙,元,撰
KR4d0463,雲峯集,9,128814,36725,胡炳文,元,撰
KR4d0464,秋礀先生大全集,102,2524938,702866,王惲,元,撰
KR4d0465,牧庵集,38,779028,229705,劉致,元,撰
KR4d0466,雪樓集,33,929731,268169,程世京,元,編錄
KR4d0467,曹文貞公詩集,12,116795,32114,曹伯啟,元,撰
KR4d0468,芳谷集,3,143825,42439,徐明善,元,撰
KR4d0469,陳剛中詩集,5,109272,30672,陳孚,元,撰
KR4d0470,秋巖詩集,3,33638,9133,陳宜甫,元,撰
KR4d0471,玉井樵唱,4,54292,14570,尹廷高,元,撰
KR4d0472,蘭軒集,17,299115,84936,王旭,元,撰
KR4d0473,清容居士集,51,1393806,385982,袁桷,元,撰
KR4d0474,此山詩集,12,90845,24868,陳旅,元,選
KR4d0475,霞外詩集,12,193209,53827,馬臻,元,撰
KR4d0476,申齋集,16,389200,114378,蕭洵,元,編
KR4d0477,西巖集,21,301609,82920,張之翰,元,撰
KR4d0478,蒲室集,16,228549,65667,釋大訢,元,撰
KR4d0479,弁山小隱吟錄,3,102066,28644,黃玠,元,撰
KR4d0480,續軒渠集,12,196888,55257,洪巖虎,元,撰
KR4d0481,定宇集,19,598145,172845,陳櫟,元,撰
KR4d0482,艮齋詩集,15,113481,30578,侯克中,元,撰
KR4d0483,知非堂稿,7,118955,32545,何中,元,撰
KR4d0485,梅花字字香,1,32077,8099,郭豫亨,元,撰
KR4d0486,中庵集,21,400193,115602,劉敏中,元,撰
KR4d0487,文忠集,7,119256,33831,王結,元,撰
KR4d0488,靜春堂詩集,6,51005,13746,袁易,元,撰
KR4d0489,惟實集,9,155891,43891,劉鶚,元,撰
KR4d0490,勤齋集,9,151143,43356,蕭㪺,元,撰
KR4d0491,石田文集,17,373369,106683,馬祖常,元,撰
KR4d0492,榘菴集,16,295238,84454,同恕,元,撰
KR4d0493,道園學古錄,51,1451897,424988,虞集,元,撰
KR4d0494,道園遺稿,7,180630,49190,虞堪,明,編
KR4d0495,翰林楊仲弘詩,9,121136,31741,楊戴,元,撰
KR4d0496,范德機詩集,8,142108,39014,范梈,元,撰
KR4d0497,揭文安公全集,16,343557,95179,錫喇布哈,元,編
KR4d0498,翠寒集,2,53034,14767,宋無,元,撰
KR4d0499,檜亭集,11,99515,27443,李謙之,元,輯
KR4d0500,伊濱集,25,386641,110432,王沂,元,撰
KR4d0501,淵穎吳先生集,15,437888,129329,宋濂,明,編
KR4d0502,文獻集,11,910145,268044,張儉,明,編
KR4d0503,金華黃先生文集,44,1489695,444374,,,
KR4d0504,圭齋文集,17,402595,116651,歐陽玄,元,撰
KR4d0505,柳待制文集,22,753894,215663,宋濂,明,編
KR4d0506,所安遺集,2,43244,12135,陳泰,元,撰
KR4d0507,閑居叢稿,27,393919,110787,蒲機,元,編
KR4d0508,至正集,82,1085171,310144,許有壬,元,撰
KR4d0509,圭塘小藁,17,290119,83345,許顒,明,編
KR4d0510,禮部集,22,598204,172210,吳師道,元,撰
KR4d0511,積齋集,6,109356,31785,程端學,元,撰
KR4d0512,燕石集,16,297819,83750,宋褧,元,撰
KR4d0513,秋聲集,5,69719,18376,黃鎮成,元,撰
KR4d0514,雁門集,5,166627,46490,薩都拉,元,撰
KR4d0515,杏庭摘稾,1,25188,7061,洪焱祖,元,撰
KR4d0516,安雅堂集,12,299295,86549,陳籲,元,編
KR4d0517,傳與礪集,20,361368,99799,傳若金,元,撰
KR4d0518,瓢泉吟稿,6,98944,28167,朱晞顏,元,撰
KR4d0519,薩天錫詩集,2,131381,35641,,,
KR4d0520,存復齋文集,11,214887,61190,,,
KR4d0521,筠軒集,14,313997,89056,唐元,元,撰
KR4d0522,俟菴集,32,458224,129036,李存,元,撰
KR4d0523,滋溪文稿,31,726801,211822,蘇天爵,元,撰
KR4d0524,青陽先生文集,10,131167,38030,余闕,元,撰
KR4d0525,鯨背吟集,2,6450,1501,朱晞顏,元,撰
KR4d0526,經濟文集,7,141820,41082,李伸,明,編
KR4d0527,近光集,4,86714,23945,周伯琦,元,撰
KR4d0528,純白齋類稿,21,229845,63227,胡助,元,撰
KR4d0529,圭峯集,4,136567,39309,盧琦,元,撰
KR4d0530,蛻菴集,6,162465,45228,張翥,元,撰
KR4d0531,五峰集,6,340968,99014,李孝光,元,撰
KR4d0532,野處集,5,83725,24134,邵亨貞,元,撰
KR4d0533,夢觀集,6,54509,14741,釋大圭,元,撰
KR4d0534,金臺集,6,87871,24803,納延,元,撰
KR4d0535,子淵詩集,7,84082,23457,張仲深,元,撰
KR4d0536,午溪集,11,108569,29512,陳鎰,元,撰
KR4d0537,藥房樵唱,4,70415,18915,吳景奎,元,撰
KR4d0538,栲栳山人詩集,4,57647,16095,岑安卿,元,撰
KR4d0539,梅花道人遺墨,3,25900,6844,錢棻,明,輯
KR4d0540,玩齋集,13,455102,131765,沈性,明,編
KR4d0541,羽庭集,7,224645,64390,劉仁本,元,撰
KR4d0542,不繫舟漁集,17,273076,76131,陳高,元,撰
KR4d0543,居竹軒詩集,6,134145,37240,成廷珪,元,撰
KR4d0544,句曲外史集,8,118841,32122,張雨,元,撰
KR4d0545,僑吳集,14,388944,112389,張習,明,重編
KR4d0546,詠物詩,2,25009,6764,謝宗可,元,撰
KR4d0547,鹿皮子集,5,111347,30293,陳樵,元,撰
KR4d0548,林外野言,3,40559,11073,郭翼,元,撰
KR4d0549,傲軒吟稿,2,39204,10890,胡天游,元,撰
KR4d0550,師山集,14,255896,73350,鄭玉,元,撰
KR4d0551,友石山人遺稿,2,21365,5801,王偁,明,輯
KR4d0552,聞過齋集,9,213853,61746,王偁,明,編
KR4d0553,學言稿,7,110742,30934,吳當,元,撰
KR4d0556,青村遺稿,2,31160,8380,金魁,明,輯
KR4d0557,鶴年詩集,6,96247,26663,丁鶴年,元,撰
KR4d0558,貞素齋集,11,253784,72642,舒頔,元,撰
KR4d0559,一山文集,10,212266,61162,李伸,明,編
KR4d0560,江月松風集,13,103642,28074,錢惟善,元,撰
KR4d0561,龜巢藁,22,1033467,263443,謝應芳,元,撰
KR4d0562,石初集,11,145206,41007,周霆震,元,撰
KR4d0563,山窻餘稿,2,55616,16063,甘復,元,撰
KR4d0564,梧溪集,8,526297,149211,王逢,元,撰
KR4d0565,吾吾類稿,4,75102,21073,吳臯,元,撰
KR4d0566,樵雲獨唱,7,137739,38185,葉顒,元,撰
KR4d0567,桐山老農集,5,62267,17923,魯貞,元,撰
KR4d0568,靜思集,11,174255,48314,郭鈺,元,撰
KR4d0569,九靈山房集,31,685356,197939,戴良,元,撰
KR4d0570,灤京雜詠,3,18682,5057,楊允孚,元,撰
KR4d0571,雲陽集,11,260759,75704,李祁,元,撰
KR4d0572,南湖集,11,236033,62685,貢性之,元,撰
KR4d0573,佩玉齋類藁,11,154726,45075,楊翮,元,撰
KR4d0574,玉山璞稿,2,41956,11860,顧瑛,元,撰
KR4d0575,倪雲林先生詩集,8,178371,48761,,,
KR4d0576,清閟閣全集,13,356362,97373,曹培廉,明,編
KR4d0577,麟原文集,26,414736,119900,王禮,元,撰
KR4d0578,來鶴亭集,10,80038,21434,呂誠,元,撰
KR4d0579,雲松巢集,5,45555,12530,朱希晦,元,撰
KR4d0580,環谷集,9,160364,46707,汪克寬,元,撰
KR4d0581,性情集,7,71774,19613,周巽,元,撰
KR4d0582,花谿集,4,121595,34085,沈清,明,編
KR4d0583,樗隱集,7,92748,26670,胡行簡,元,撰
KR4d0584,東山存稿,9,440336,130035,詹烜,元,撰
KR4d0585,東維子文集,33,736225,212345,楊維楨,元,撰
KR4d0586,鐵崖先生古樂府,17,193874,47211,吳復,元,編
KR4d0587,復古詩集,7,30448,7436,章琬,元,編
KR4d0588,蟻術詩選,9,178296,46439,,,
KR4d0589,麗則遺音,6,73931,20968,陳存禮,元,編
KR4d0590,夷白齋藁,43,552110,145493,陳基,元,撰
KR4d0591,庸菴集,15,186675,51231,宋禧,元,撰
KR4d0592,可閒老人集,5,200391,56095,張昱,元,撰
KR4d0593,張光弼詩集,9,201536,56109,,,
KR4d0594,石門集,8,87142,24403,梁寅,元,撰
KR4d0595,玉笥集,10,134841,35967,鄧雅,元,撰
KR4e0001,明太祖文集,21,442798,127710,沈鐵,明,編校
KR4e0002,文憲集,33,2102769,621969,宋濂,明,撰
KR4e0003,宋景濂未刻集,3,116030,34032,蔣超,清,編
KR4e0004,宋學士文集,76,1999829,598436,,,
KR4e0005,誠意伯文集,21,944871,273894,劉基,明,撰
KR4e0006,太師誠意伯劉文成公集,21,967142,277426,,,
KR4e0007,鳳池吟稿,13,122028,33142,汪廣洋,明,撰
KR4e0008,陶學士集,21,457566,130377,陶安,明,撰
KR4e0009,西隱集,13,241862,70479,宋訥,明,撰
KR4e0010,王忠文集,25,1040783,306320,劉同,明,編
KR4e0011,翠屏集,5,254028,71671,張以寧,明,撰
KR4e0012,說學齋稿,5,220817,65187,危素,明,撰
KR4e0013,雲林集,3,32609,8791,危素,明,撰
KR4e0014,白雲集,8,267095,76394,唐桂芳,明,撰
KR4e0015,林登州集,26,385703,110505,林弼,明,撰
KR4e0016,槎翁詩集,9,629364,174564,劉嵩,明,撰
KR4e0017,東臯錄,4,164060,47726,釋妙聲,明,撰
KR4e0018,覆瓿集,9,156049,43729,朱同,明,撰
KR4e0019,柘軒集,6,216144,60846,凌雲翰,明,撰
KR4e0020,白雲稿,6,152332,44583,朱右,明,撰
KR4e0021,密菴藁,16,311491,88997,謝肅,明,撰
KR4e0022,清江詩集,41,649074,185031,貝瓊,明,撰
KR4e0023,清江貝先生文集,31,661226,193183,,,
KR4e0024,蘇平仲文集,17,712915,214254,蘇伯衡,明,撰
KR4e0025,胡仲子集,12,273339,80072,胡翰,明,撰
KR4e0026,始豐稿,15,504430,148421,徐一夔,明,撰
KR4e0027,王常宗集,8,112148,31780,浦杲,明,編
KR4e0028,白石山房逸藁,5,54953,15315,張丁,明,撰
KR4e0029,高太史大全集,19,431902,118136,,,
KR4e0030,高太史鳧藻集,6,163896,47164,,,
KR4e0031,滄螺集,8,74163,21121,孫作,明,撰
KR4e0032,臨安集,7,93335,26782,錢宰,明,撰
KR4e0033,尚絅齋集,6,167068,47187,童冀,明,撰
KR4e0034,趙考古文集,3,115096,33254,趙撝謙,明,撰
KR4e0035,劉彥昺集,11,103012,28513,楊維楨,明,評
KR4e0036,藍山集,7,107250,29689,藍仁,明,撰
KR4e0037,藍澗集,7,91013,25297,藍智,明,撰
KR4e0038,靜居集,9,197951,54281,,,
KR4e0039,大全集,19,430605,118858,高啟,明,撰
KR4e0040,鳧藻集,6,149856,43743,高啟,明,撰
KR4e0041,眉菴集,15,277782,76390,楊基,明,撰
KR4e0042,靜菴集,5,102643,28415,張羽,明,撰
KR4e0043,北郭集,11,146996,39721,徐賁,明,撰
KR4e0044,鳴盛集,7,140160,38787,邵銅,明,編
KR4e0045,白雲樵唱集,6,221366,62724,王恭,明,撰
KR4e0046,草澤狂歌,6,115356,31374,王恭,明,撰
KR4e0047,半軒集,17,382935,111053,杜瓊,明,撰
KR4e0048,西菴集,10,181166,50980,孫蕡,明,撰
KR4e0049,南邨詩集,5,106972,29889,陶宗儀,明,撰
KR4e0050,望雲集,6,59058,16266,郭奎,明,撰
KR4e0051,蚓竅集,12,84405,22540,管時敏,明,撰
KR4e0052,西郊笑端集,3,133388,38011,董紀,明,撰
KR4e0053,草閣詩集,7,166766,45479,李轅,明,撰
KR4e0054,樗菴類藁,3,51132,14247,鄭潛,明,撰
KR4e0055,春草齋集,11,263690,75137,烏斯道,明,撰
KR4e0056,耕學齋詩集,13,180881,50960,袁華,明,撰
KR4e0057,可傳集,2,39922,11335,楊維楨,明,刪定
KR4e0058,強齋集,11,265425,76551,余熂,明,編
KR4e0059,海桑集,11,369941,107784,陳謨,明,撰
KR4e0060,畦樂詩集,2,59446,16586,梁蘭,明,撰
KR4e0061,竹齋集,9,184938,51592,駱居安,明,編
KR4e0062,獨醉亭集,4,86749,23669,史謹,明,撰
KR4e0063,海叟集,6,91277,25128,袁凱,明,撰
KR4e0064,榮進集,5,107768,31189,吳伯宗,明,撰
KR4e0065,梁園寓稿,10,103347,28518,王翰,明,撰
KR4e0066,自怡集,3,28100,7765,劉璉,明,撰
KR4e0067,斗南老人集,7,369832,103542,胡奎,明,撰
KR4e0068,希澹園詩集,5,81786,22251,虞堪,明,撰
KR4e0069,鵞湖集,7,116294,33478,龔斆,明,撰
KR4e0070,滎陽外史集,101,1226029,347412,鄭真,明,撰
KR4e0071,繼志齋集,10,195488,55526,王紳,明,撰
KR4e0072,全室外集,11,124251,34026,釋宗泐,明,撰
KR4e0073,中丞集,3,78086,22500,練子寧,明,撰
KR4e0074,遜志齋集,26,1486678,436571,方孝孺,明,撰
KR4e0075,貞白遺稿,13,147398,41041,程長,明,輯
KR4e0076,靜學文集,1,65719,19396,王原采,明,撰
KR4e0077,芻蕘集,7,271174,79811,周是修,明,撰
KR4e0078,巽隱集,5,139547,40207,程本立,明,撰
KR4e0079,易齋集,3,94114,26892,劉璟,明,撰
KR4e0080,野古集,5,135569,37900,龔詡,明,撰
KR4e0081,峴泉集,5,376466,110803,張宇初,明,撰
KR4e0082,唐愚士詩,5,126358,35654,唐之淳,明,撰
KR4e0083,文毅集,20,514843,149965,解悅,清,編
KR4e0084,虛舟集,6,137853,38786,王偁,明,撰
KR4e0085,王舎人詩集,7,166575,46800,王紱,明,撰
KR4e0086,泊菴集,17,525125,154674,梁潛,明,撰
KR4e0087,毅齋集,9,218195,62751,王洪,明,撰
KR4e0088,"頤庵文選,鄒緝,原序[臞仙",3,519321,150956,胡儼,明,撰
KR4e0089,青城山人集,9,153074,42473,王燧,明,撰
KR4e0090,東里集,94,2678565,775387,楊士奇,明,撰
KR4e0091,文敏集,27,875138,257005,楊榮,明,撰
KR4e0092,省愆集,3,82199,22919,黃淮,明,撰
KR4e0093,忠靖集,8,175128,50120,夏原吉,明,撰
KR4e0094,金文靖集,11,665743,195152,金幼孜,明,撰
KR4e0095,抑菴文集,52,2702158,800809,王稹,明,編
KR4e0096,運甓漫稿,8,202625,57005,李昌祺,明,撰
KR4e0097,梧岡集,11,263298,74943,唐文鳳,明,撰
KR4e0098,古廉文集,14,493036,145097,李顒,明,編
KR4e0099,曹月川集,2,54919,15951,張伯行,清,輯
KR4e0100,敬軒文集,25,697955,200762,張鼎,明,編
KR4e0101,兩谿文集,26,646420,190326,劉球,明,撰
KR4e0103,蘭庭集,3,103438,28829,謝晉,明,撰
KR4e0104,古穰集,31,627170,182237,程敏政,明,編
KR4e0105,武功集,6,464833,134811,徐有貞,明,撰
KR4e0106,倪文僖集,33,727214,212223,倪謙,明,撰
KR4e0107,襄毅文集,16,397141,114801,韓雍,明,撰
KR4e0108,白沙子,10,580693,161182,湛若水,明,校定
KR4e0109,類博稿,12,220702,63818,李東陽,明,編
KR4e0110,竹巖集,5,102224,29625,柯潛,明,撰
KR4e0111,平橋藁,20,302465,86688,鄭文康,明,撰
KR4e0112,彭惠安集,11,201782,58661,彭韶,明,撰
KR4e0113,清風亭稿,9,142593,38302,李澄,明,編
KR4e0114,方洲集,33,931935,268153,張寧,明,撰
KR4e0115,重編瓊臺藁,25,1024513,298778,丘爾穀,明,編
KR4e0116,謙齋文錄,5,303264,88739,徐溥,明,撰
KR4e0117,椒邱文集,36,1137572,332615,何喬新,明,撰
KR4e0118,石田詩選,12,306880,85791,華汝德,明,編
KR4e0119,東園文集,16,279249,81111,鄭紀,明,撰
KR4e0120,懷麓堂集,102,2126282,614424,李東陽,明,撰
KR4e0121,青谿漫稿,25,718748,207193,倪岳,明,撰
KR4e0122,康齋集,13,380783,105080,吳與弼,明,撰
KR4e0123,樓居雜著,1,60581,17225,朱觀潛,明,輯
KR4e0124,一峯文集,15,318080,91830,羅倫,明,撰
KR4e0125,篁墩文集,97,2911284,838264,程敏政,明,撰
KR4e0126,楓山集,6,297786,87938,章懋,明,撰
KR4e0127,定山集,12,413688,119120,莊昶,明,撰
KR4e0128,未軒文集,16,503899,146774,黃仲昭,明,撰
KR4e0129,醫閭集,10,184887,53875,賀士諮,明,編
KR4e0130,翠渠摘稿,9,307818,88781,周維鑣,清,輯
KR4e0131,匏翁家藏集,79,1604376,468346,吳寬,明,撰
KR4e0132,歸田稿,9,220862,63077,謝遷,明,撰
KR4e0133,震澤集,37,799088,230596,王鏊,明,撰
KR4e0134,鬱洲遺稿,9,163051,47133,梁儲,明,撰
KR4e0135,見素集,52,1184185,345537,林俊,明,撰
KR4e0136,古城集,8,315140,91219,張吉,明,撰
KR4e0137,虛齋集,6,332449,97651,蔡清,明,撰
KR4e0138,容春堂集,65,1538016,440687,邵寶,明,撰
KR4e0139,圭峰集,31,702934,205026,羅𤣱,明,撰
KR4e0140,吳文肅摘稿,5,148830,42804,吳儼,明,撰
KR4e0141,立齋遺文,7,105484,29796,鄒智,明,撰
KR4e0142,熊峰集,11,365280,104414,石珤,明,撰
KR4e0143,西村集,9,384875,110757,史鑑,明,撰
KR4e0144,胡文敬集,4,148797,43001,余祐,明,編
KR4e0145,方簡肅文集,11,181388,52834,方良永,明,撰
KR4e0146,小鳴稿,11,335410,94496,朱誠泳,明,撰
KR4e0147,懷星堂集,31,833497,241720,祝允明,明,撰
KR4e0148,整菴存稿,21,538156,156443,羅欽順,明,撰
KR4e0149,東江家藏集,44,1189943,342922,王鏊,明,著
KR4e0150,空同集,67,1126702,318662,李夢陽,明,撰
KR4e0151,山齋文集,25,258131,73397,鄭炫,明,編
KR4e0152,顧華玉集,45,928361,259107,顧璘,明,撰
KR4e0153,華泉集,15,442198,125130,邊貢,明,撰
KR4e0154,東田遺稿,3,136641,39655,張楨,明,編
KR4e0155,清惠集,13,329539,95733,劉麟,明,撰
KR4e0156,沙溪集,24,460497,134885,孫緒,明,撰
KR4e0157,王文成公全書,24,2434901,690447,謝廷傑,明,彙集
KR4e0158,雙溪集,9,119350,31788,杭淮,明,撰
KR4e0159,對山集,12,291165,85141,孫景烈,清,編
KR4e0160,柏齋集,12,358285,105178,何瑭,明,撰
KR4e0161,竹澗集,14,349067,100705,潘希曾,明,撰
KR4e0162,大復集,40,664817,187319,何景明,明,撰
KR4e0163,洹詞,13,623044,182191,崔銑,明,撰
KR4e0164,莊渠遺書,17,577636,167854,魏校,明,撰
KR4e0165,儼山集,111,1401884,400014,陸深,明,撰
KR4e0166,迪功集,8,91863,25914,徐禎卿,明,撰
KR4e0167,太白山人漫藁,9,109011,29257,孫一元,明,撰
KR4e0168,少谷集,26,605882,172636,鄭善夫,明,撰
KR4e0169,苑洛集,23,772706,226368,韓邦奇,明,撰
KR4e0170,東洲初稿,16,588161,168514,夏良勝,明,撰
KR4e0171,升菴集,82,1496219,424020,張士佩,明,編
KR4e0172,東巖集,7,109708,31568,夏尚樸,明,撰
KR4e0173,文簡集,59,1184255,339318,孫承恩,明,撰
KR4e0174,方齋存稿,11,356566,104785,林文俊,明,撰
KR4e0175,考功集,12,238047,67468,薛蕙,明,撰
KR4e0176,雲村集,16,291148,83944,許相卿,明,撰
KR4e0177,小山類稿,21,497174,145354,張岳,明,撰
KR4e0178,"夢澤集,卷二十二,卷二十一,卷十九,卷二十三,卷二十",23,342236,96827,王廷陳,明,撰
KR4e0179,甫田集,37,568752,162787,文徵明,明,撰
KR4e0180,泰泉集,11,179250,49915,黃佐,明,撰
KR4e0181,西村詩集,4,67063,18152,朱朴,明,撰
KR4e0182,天馬山房遺稿,9,234077,68081,朱淛,明,撰
KR4e0183,蘇門集,11,170720,48741,高叔嗣,明,撰
KR4e0184,愚谷集,11,184115,53250,李舜臣,明,撰
KR4e0185,遵巖集,25,1162554,340411,王慎中,明,撰
KR4e0186,陸子餘集,9,252920,73080,陸粲,明,撰
KR4e0187,念菴文集,23,1054757,308897,羅洪先,明,撰
KR4e0188,皇甫司勳集,61,739902,210244,皇甫汸,明,撰
KR4e0189,楊忠介集,19,345358,99197,楊爵,明,撰
KR4e0190,重刊荊川先生文集,22,1041734,303647,唐順之,明,撰
KR4e0191,皇甫少玄集,37,451359,122243,皇甫涍,明,撰
KR4e0192,瑤石山人稿,17,362164,101809,黎民表,明,撰
KR4e0193,南行集,21,178944,48275,丘雲霄,明,撰
KR4e0194,張莊僖文集,6,193817,56444,張永明,明,撰
KR4e0195,洞麓堂集,11,502949,147358,尹臺,明,撰
KR4e0196,具茨集,16,470342,136910,王立道,明,撰
KR4e0197,青霞集,13,321444,92296,王元敬,明,編
KR4e0198,滄溟集,32,752118,213893,李攀龍,明,撰
KR4e0199,山海漫談,4,58408,16637,任環,明,撰
KR4e0200,楊忠愍集,5,183245,53763,楊繼盛,明,撰
KR4e0201,弇州四部稿,382,9737884,2830723,王世貞,明,撰
KR4e0202,讀書後,9,191132,56032,王世貞,明,撰
KR4e0203,方麓集,17,751407,221099,王樵,明,撰
KR4e0204,存家詩稿,10,113142,30719,楊巍,明,撰
KR4e0205,海壑吟稿,12,222283,62576,趙完璧,明,撰
KR4e0206,伐檀齋集,14,209347,58537,張元凱,明,撰
KR4e0207,備忘集,11,466326,136489,海廷芳,清,編
KR4e0208,石洞集,19,791114,226824,葉春及,明,撰
KR4e0209,宗子相集,16,430192,123684,宗臣,明,撰
KR4e0210,衡廬精舍藏稿,42,1164001,342126,胡直,明,撰
KR4e0211,薜荔園詩集,5,214321,58520,佘翔,明,撰
KR4e0212,鯤溟詩集,5,119575,33312,郭諫臣,明,撰
KR4e0213,亦玉堂稿,11,319999,94824,劉榛,清,輯
KR4e0214,溫恭毅集,31,812363,233797,溫純,明,撰
KR4e0215,震川先生集,31,1287784,379594,歸莊,清,編
KR4e0216,四溟集,11,257204,72109,盛以進,明,訂補
KR4e0217,蠛蠓集,7,269185,77086,盧柟,明,撰
KR4e0218,少室山房集,121,1687478,472900,王世貞,明,撰
KR4e0219,穀城山館詩集,21,346977,96780,于慎行,明,撰
KR4e0220,宗伯集,11,815107,239660,孫繼臯,明,撰
KR4e0221,臨臯文集,5,346639,102583,楊寅秋,明,撰
KR4e0222,淡然軒集,9,436433,128914,馮琦,明,編
KR4e0223,涇臯藏稿,23,513708,151252,顧憲成,明,撰
KR4e0224,小辨齋偶存,9,144719,41866,顧允成,明,撰
KR4e0225,高子遺書,13,791426,231941,陳龍正,明,編
KR4e0226,少墟集,25,758026,218825,馮從吾,明,撰
KR4e0227,石隱園藏稿,9,603881,178649,畢自嚴,明,撰
KR4e0228,仰節堂集,15,352618,102439,曹于汴,明,撰
KR4e0229,願學集,9,600217,175653,鄒元標,明,撰
KR4e0230,劉蕺山集,18,705623,207667,劉宗周,明,撰
KR4e0231,學古緒言,26,595223,175063,婁堅,明,撰
KR4e0232,檀園集,13,221791,63775,李流芳,明,撰
KR4e0233,忠介燼餘集,4,55236,15820,周靖,清,編
KR4e0234,文忠集,13,391536,112160,王孫錫,清,編
KR4e0235,幔亭集,16,325259,89086,徐熥,明,撰
KR4e0236,白谷集,6,367173,107461,孫傳庭,明,撰
KR4e0237,集玉山房稿,11,330273,96457,葛昕,明,撰
KR4e0238,宋布衣集,4,80614,22667,宋登春,明,撰
KR4e0239,忠肅集,3,62511,17870,盧象昇,明,撰
KR4e0240,倪文貞集,40,752450,217469,倪元璐,明,撰
KR4e0241,凌忠介公集,7,167394,47476,凌義渠,明,撰
KR4e0242,申忠愍詩集,7,52791,13992,申佳胤,明,撰
KR4e0243,茅簷集,9,228968,66607,魏學洢,明,撰
KR4e0244,陶菴全集,23,486769,140670,黃淳耀,明,撰
KR4e0245,陽明先生集要,21,1151769,334806,,,
KR4f0001,聖祖仁皇帝御製文集,374,2282813,600510,允祿,清,奉敕編
KR4f0002,世宗憲皇帝御製文集,31,375009,102156,世宗胤禛,清,御製
KR4f0003,御製樂善堂全集定本,36,529013,145560,蔣溥,清,奉敕重編
KR4f0004,御製文集,103,1301579,367053,崔衢亭,清,奉敕編
KR4f0005,御製詩集,518,14422951,3928389,王杰,清,奉敕編
KR4f0006,亭林詩集,7,390660,114311,,,
KR4f0007,亭林餘集,2,44122,13108,,,
KR4f0008,南雷文案,11,780897,232841,,,
KR4f0009,薑齋詩文集,14,479622,138260,,,
KR4f0010,牧齋初學集,111,2571771,741021,,,
KR4f0011,牧齋有學集,51,1426615,415205,,,
KR4f0012,梅村集,41,797367,228956,吳偉業,清,撰
KR4f0013,梅村家藏藁,59,1167944,346444,,,
KR4f0014,湯子遺書,12,442660,129383,王廷燦,清,編
KR4f0015,兼濟堂文集,21,705596,206008,魏裔介,清,撰
KR4f0016,學餘堂文集,81,1678169,468254,施閏章,清,撰
KR4f0017,范忠貞集,11,327124,85029,劉可書,清,編
KR4f0018,林蕙堂全集,27,1021135,288730,吳綺,清,撰
KR4f0019,漁洋山人精華錄,12,354607,100187,王士禛,清,撰
KR4f0020,堯峰文鈔,51,1039117,300236,汪琬,清,撰
KR4f0021,居易堂集,22,718264,212482,,,
KR4f0022,午亭文編,51,1390987,400622,陳廷敬,清,撰
KR4f0023,讀書齋偶存稿,5,150567,42271,葉方藹,清,撰
KR4f0024,松桂堂全集,44,673886,186801,彭孫遹,清,撰
KR4f0025,曝書亭集,94,1951357,561756,朱彝尊,清,撰
KR4f0026,于清端政書,9,486763,142679,于成龍,清,撰
KR4f0027,"愚菴小集,附錄",17,393966,114431,朱鶴齡,清,撰
KR4f0028,抱犢山房集,7,121417,33326,姜垐,清,撰
KR4f0029,文端集,47,798671,225141,張英,清,撰
KR4f0030,西河集,191,3288636,942469,毛奇齡,清,撰
KR4f0031,陳檢討四六,21,848221,249207,程師恭,清,註
KR4f0032,陳迦陵文集,31,1489788,430246,,,
KR4f0033,蓮洋詩鈔,12,203374,56775,吳雯,清,撰
KR4f0034,張文貞集,13,583064,148314,張玉書,清,撰
KR4f0035,西陂類稿,40,988993,279124,宋犖,清,撰
KR4f0036,鐵廬集,6,146903,42833,許重炎,清,編
KR4f0037,湛園集,9,539413,159601,黃叔琳,清,編
KR4f0038,古歡堂集,50,1013196,289410,田雯,清,撰
KR4f0039,榕村集,41,1068320,308973,李光地,清,撰
KR4f0040,三魚堂文集,23,600368,175661,侯銓,清,編
KR4f0041,因園集,15,230333,63684,趙執信,清,撰
KR4f0042,懷清堂集,21,347302,96929,湯右曾,清,撰
KR4f0043,二希堂文集,13,364216,107174,蔡世遠,清,撰
KR4f0044,敬業堂詩集,57,1466593,414093,查慎行,清,撰
KR4f0045,望溪先生文集,36,1256975,372469,方苞,清,撰
KR4f0046,存研樓文集,17,785439,232489,儲大文,清,撰
KR4f0047,香屑集,20,464795,127239,黃之雋,清,撰
KR4f0048,鹿洲初集,21,624847,184123,藍鼎元,清,撰
KR4f0049,樊榭山房,51,868845,246742,厲鶚,清,撰
KR4f0050,果堂集,13,191863,55606,沈彤,清,撰
KR4f0051,松泉集,47,950963,253422,汪由敦,清,撰
KR4f0052,惜抱軒文集,17,514467,149300,,,
KR4f0053,戴東原集,13,433308,125985,,,
KR4f0054,鮚埼亭集,51,2647905,784103,,,
KR4f0055,鮚埼亭詩集,11,245049,68682,,,
KR4f0056,洪北江詩文集,21,700957,203205,,,
KR4f0057,孫淵如詩文集,13,802926,236097,,,
KR4f0058,抱經堂文集,35,806418,236674,,,
KR4f0059,潛研堂文集,51,1654689,479763,,,
KR4f0060,述學內篇,4,244617,75300,,,
KR4f0061,容甫先生遺詩,6,65349,18052,,,
KR4f0062,揅經室一集,15,1701494,489198,,,
KR4f0063,大雲山房文稿,5,585856,171209,,,
KR4f0064,定盦文集,5,458423,137327,,,
KR4f0065,定盦文集補編,2,100512,29455,,,
KR4f0066,茗柯文初編,3,191105,56494,,,
KR4f0067,茗柯文補編外編,3,115514,33476,,,
KR4f0068,曾文正公詩集,4,467042,140007,,,
KR4f0069,茗齋集,34,2547332,710690,,,
KR4h0001,文選,60,1144899,257375,,,
KR4h0002,文選註,61,3453034,1022567,李善,唐,註
KR4h0003,六臣註文選,61,4866325,1460370,李周翰,唐,註
KR4h0004,文選顏鮑謝詩評,5,105426,29200,方回,元,撰
KR4h0005,玉臺新詠,12,170806,45063,徐陵,陳,編
KR4h0006,玉臺新詠考異,12,249051,70240,紀容舒,清,撰
KR4h0007,高氏三宴詩集,8,15308,3503,高正臣,唐,輯
KR4h0008,篋中集,2,10917,2701,元結,唐,編
KR4h0009,河嶽英靈集,5,95911,25266,殷璠,唐,撰
KR4h0010,國秀集,4,46962,12174,芮挺章,唐,編
KR4h0011,御覽詩,2,44169,11351,令狐楚,唐,編
KR4h0012,中興閒氣集,2,60701,15888,高仲武,唐,編
KR4h0013,極玄集,3,23157,6037,姚合,唐,編
KR4h0014,松陵集,12,222538,59569,皮日休,唐,撰
KR4h0015,二皇甫集,10,62663,16393,劉潤之,明,編
KR4h0016,唐四僧詩,7,31184,8015,釋靈澈,唐,撰
KR4h0017,薛濤李冶詩集,1,22181,5779,李冶,唐,撰
KR4h0018,竇氏聯珠集,1,39425,10480,褚藏言,唐,編
KR4h0019,才調集,11,259778,65805,韋縠,蜀,編
KR4h0020,搜玉小集,2,21069,5345,闕名,唐,撰
KR4h0021,古文苑,22,433473,123072,章樵,宋,註
KR4h0022,文苑英華,1001,16061896,4434914,李昉,宋,奉敕編
KR4h0023,文苑英華辨證,11,113052,31783,,,
KR4h0024,唐文粹,103,2620234,773819,姚鉉,宋,編
KR4h0025,西崑詶唱集,3,62695,15980,楊億,宋,編
KR4h0026,同文館唱和詩,11,64697,17268,鄧忠臣,宋,撰
KR4h0027,唐百家詩選,21,319822,87952,王安石,宋,編
KR4h0028,會稽掇英總集,21,332379,92836,孔延之,宋,編
KR4h0029,清江三孔集,31,673583,192489,孔文仲,宋,撰
KR4h0030,三劉家集,2,88113,25497,劉元高,宋,編
KR4h0031,二程文集,16,351546,101871,譚善心,元,重編
KR4h0032,宋文選,33,951457,281302,闕名,宋,編
KR4h0033,坡門酬唱集,24,338044,95313,邵浩,宋,編
KR4h0034,樂府詩集,101,1596998,404257,郭茂倩,宋,編
KR4h0035,歲時雜詠,47,566706,146883,蒲積中,宋,編
KR4h0036,嚴陵集,10,151409,42717,董弅,宋,編
KR4h0037,南嶽倡酬集,4,65894,18724,林用中,宋,撰
KR4h0038,萬首唐人絕句,76,1115236,277429,洪邁,宋,編
KR4h0039,聲畫集,9,233367,64988,孫紹遠,宋,編
KR4h0040,皇朝文鑑,151,3519766,981745,,,
KR4h0041,古文關鍵,3,159478,46400,呂祖謙,宋,奉敕編
KR4h0042,囘文類聚,9,46871,11627,桑世昌,宋,編
KR4h0043,五百家播芳大全文粹,118,3332755,926375,葉棻,宋,編
KR4h0044,崇古文訣,37,597859,171812,樓昉,宋,編
KR4h0045,成都文類,51,1152719,323585,程遇孫,宋,編
KR4h0046,文章正宗,25,1854353,549876,胡松,明,增訂
KR4h0049,赤城集,19,342258,98925,林表民,宋,編
KR4h0050,妙絕古今,6,167766,49458,湯漢,宋,編
KR4h0051,唐僧弘秀集,11,101189,27217,李龏,宋,編
KR4h0052,眾妙集,2,46124,12202,趙師秀,宋,編
KR4h0053,江湖小集,96,1189460,313106,陳起,宋,編
KR4h0054,江湖後集,25,499635,136916,陳起,宋,編
KR4h0055,三體唐詩,7,150408,38008,高士奇,清,輯注
KR4h0056,論學繩尺,11,1409775,406825,林子長,宋,箋解
KR4h0057,吳都文粹,11,576840,154909,鄭虎臣,宋,編
KR4h0058,古文集成,79,1142053,328396,王霆震,宋,編
KR4h0059,文章軌範,8,165038,46995,謝枋得,宋,編
KR4h0060,月泉吟社詩,3,51482,14056,吳渭,宋,編
KR4h0061,文選補遺,41,1578539,456409,陳仁子,宋,輯
KR4h0062,蘇門六君子文粹,71,1000679,289720,張耒,宋,撰
KR4h0063,三國志文類,61,546982,156272,闕名,宋,編
KR4h0064,增注唐策,11,294276,87034,闕名,宋,編
KR4h0065,詩家鼎臠,3,36317,9356,闕名,宋,編
KR4h0066,十先生奧論註,46,717717,211095,闕名,宋,編
KR4h0067,兩宋名賢小集,381,3866876,1050999,陳世隆,元,補
KR4h0068,柴氏四隱集,5,65277,18338,柴復貞,明,編
KR4h0069,中州集,12,658760,186850,元好問,金,編
KR4h0070,唐詩鼓吹,11,377557,107625,郝天挺,元,註
KR4h0071,二妙集,9,122540,33410,段成己,金,撰
KR4h0072,谷音,4,29607,7687,杜本,元,輯
KR4h0073,河汾諸老詩集,10,57578,15002,房祺,元,編
KR4h0074,瀛奎律髓,50,1026900,271402,方回,元,編
KR4h0075,梅花百詠,3,47167,12770,釋明本,元,撰
KR4h0076,天下同文集,51,213568,56968,周南瑞,元,編
KR4h0077,古賦辯體,12,314716,87610,祝堯,元,撰
KR4h0078,圭塘欸乃集,5,95192,26417,許有壬,元,撰
KR4h0079,忠義集,8,108153,30527,趙景良,元,編
KR4h0080,宛陵羣英集,13,197663,53997,張師愚,元,編
KR4h0081,國朝文類,72,1863734,541918,蘇天爵,元,編
KR4h0082,皇元風雅前集,7,264677,72680,孫存吾,元,編
KR4h0083,唐音,15,624120,178725,張震,元,註
KR4h0084,古樂府,11,271706,69911,左克明,元,編
KR4h0085,玉山名勝集,10,294943,81224,顧英,元,編
KR4h0086,草堂雅集,15,530688,148669,顧英,元,編
KR4h0087,玉山紀遊,2,56614,14545,袁華,明,編
KR4h0088,大雅集,10,110165,30118,賴良,元,編
KR4h0089,元音遺響,11,305730,85372,胡布,元,撰
KR4h0090,風雅翼,15,457005,125737,劉履,元,編
KR4h0091,荊南倡和詩集,1,56851,14464,馬治,明,撰
KR4h0092,乾坤清氣,15,261401,70281,偶桓,明,編
KR4h0093,元音,13,313653,87230,孫原理,明,編
KR4h0094,雅頌正音,6,101520,28585,劉仔肩,明,編
KR4h0095,唐詩品彙,101,1955757,511616,高棅,明,編
KR4h0096,廣州四先生詩,5,56353,15526,闕名,明,編
KR4h0097,三華集,19,271812,72480,錢仲益,明,撰
KR4h0098,閩中十子詩,31,456749,126203,馬熒,明,編
KR4h0099,滄海遺珠,5,74800,19582,沐昂,明,編
KR4h0100,元詩體要,15,346148,95258,宋公傳,明,編
KR4h0101,中州名賢文表,31,977065,284388,劉昌,明,編
KR4h0102,皇明文衡,102,2408818,711997,程敏政,明,編
KR4h0103,新安文獻志,112,3187506,924268,程敏政,明,編
KR4h0104,海岱會集,13,143493,36427,馮琦,明,編
KR4h0105,經義模範,2,43411,12638,闕名,明,編
KR4h0106,文編,65,2588132,766690,唐順之,明,編
KR4h0107,古詩紀,157,2483103,683376,馮惟訥,明,撰
KR4h0108,詩紀匡謬,2,29083,8003,馮舒,清,撰
KR4h0109,全蜀藝文志,65,1703610,479196,周復俊,明,編
KR4h0110,古今詩刪,35,498589,134637,李攀龍,明,編
KR4h0111,唐宋元名表,3,261920,76565,胡松,明,編
KR4h0112,文氏五家集,15,294198,81508,文徵明,明,撰
KR4h0113,宋藝圃集,23,564064,156741,李蓘,明,編
KR4h0114,元藝圃集,5,155041,43271,李蓘,明,編
KR4h0115,唐宋八大家文鈔,179,3680687,1075590,茅坤,明,編
KR4h0116,吳都文粹續集,59,2981025,848072,錢穀,明,編
KR4h0117,石倉歷代詩選,507,10197986,2797290,曹學佺,明,編
KR4h0118,四六法海,13,1053129,309309,王志堅,明,編
KR4h0119,古樂苑,57,1374901,368465,梅鼎祚,明,編
KR4h0120,皇霸文紀,14,411128,114422,梅鼎祚,明,編
KR4h0121,西漢文紀,25,1092218,315151,梅鼎祚,明,編
KR4h0122,東漢文紀,33,1465768,414519,梅鼎祚,明,編
KR4h0123,西晉文紀,21,957697,274969,梅鼎祚,明,編
KR4h0124,宋文紀,19,844892,242479,梅鼎祚,明,編
KR4h0125,南齊文紀,11,470803,134882,梅鼎祚,明,編
KR4h0126,梁文紀,15,747223,215147,梅鼎祚,明,編
KR4h0127,陳文紀,9,307579,89048,梅鼎祚,明,編
KR4h0128,北齊文紀,4,117236,33527,梅鼎祚,明,編
KR4h0129,後周文紀,9,288715,83739,梅鼎祚,明,編
KR4h0130,隋文紀,9,457962,133142,梅鼎祚,明,編
KR4h0131,釋文紀,46,1881505,550045,梅鼎祚,明,編
KR4h0132,"文章辨體彙選,卷三百八十一",781,13893784,4054762,賀復徵,明,編
KR4h0133,古詩鏡,91,1722784,458915,陸時雍,明,編
KR4h0134,漢魏六朝百三家集,119,5853329,1631405,張溥,明,輯
KR4h0135,古今禪藻集,29,656485,176633,釋性𣻢,明,編
KR4h0136,三家宮詞,4,38292,10474,毛晉,明,編
KR4h0137,二家宮詞,3,38898,10757,毛晉,明,編
KR4h0138,御選古文淵鑒,65,3384443,986739,徐乾學,清,奉敕編註
KR4h0139,御定歷代賦彙,188,7244298,2088599,陳元龍,清,奉敕編
KR4h0140,御定全唐詩,901,12305456,3319066,聖祖玄燁,清,御定
KR4h0141,御定佩文齋詠物詩選,487,3509168,804897,汪霦,清,奉敕編
KR4h0142,御定歷代題畫詩類,122,2636252,652186,陳邦彥,清,奉敕編
KR4h0143,御選宋金元明四朝詩,319,10553320,2871426,張豫章,清,奉敕編
KR4h0144,御訂全金詩增補中州集,75,1748781,469200,郭元釪,清,原編
KR4h0145,御選唐詩,43,3351493,979226,陳廷敬,清,奉敕編注
KR4h0146,"御定千叟宴詩,卷二,卷四,卷三,卷一",5,143833,35395,聖祖玄燁,清,敕編
KR4h0147,御選唐宋文醇,59,1556361,453055,高宗弘曆,清,敕編
KR4h0148,御選唐宋詩醇,98,1612520,438691,高宗弘曆,清,敕編
KR4h0149,皇清文穎,101,2897978,795272,張廷玉,清,奉敕續編
KR4h0150,欽定四書文,83,1677875,466063,方苞,清,奉敕編
KR4h0151,欽定千叟宴詩,40,1183678,262887,高宗弘曆,清,敕編
KR4h0152,明文海,481,9618100,2829551,黃宗羲,清,編
KR4h0153,唐賢三昧集,4,97932,27297,王士禛,清,編
KR4h0154,二家詩選,3,39675,10874,王士禛,清,編
KR4h0155,唐人萬首絕句選,8,110113,28078,王士禛,清,編選
KR4h0156,明詩綜,101,3208372,870732,朱彝尊,清,編
KR4h0157,宋詩鈔,107,3283477,931029,吳之振,清,編
KR4h0158,宋元詩會,101,2885574,811537,陳焯,清,編
KR4h0159,粵西詩載,131,4881990,1385657,汪森,清,編
KR4h0160,元詩選,111,5251914,1479193,顧嗣立,清,編
KR4h0161,御定全唐詩錄,100,2833679,792053,徐倬,清,編
KR4h0162,甬上耆舊詩,31,1093688,304728,胡文學,清,編
KR4h0163,檇李詩繫,43,1689373,458681,沈季友,清,編
KR4h0164,古文雅正,15,546981,158988,蔡世遠,清,編
KR4h0165,鄱陽五家集,16,396718,111268,史簡,清,編
KR4h0166,南宋襍事詩,8,418012,121632,沈嘉轍,清,撰
KR4h0167,宋百家詩存,41,1714650,474249,曹庭棟,清,編
KR4h0168,全唐文 Quan Tang Wen,1000,30343589,7354818,,,
KR4i0001,文心雕龍,11,132025,38029,劉勰,梁,撰
KR4i0002,文心雕龍輯注,11,325763,94487,黃叔琳,清,撰
KR4i0003,詩品,4,23609,6255,鍾嶸,梁,撰
KR4i0004,文章緣起,1,52006,14462,方熊,清,補注
KR4i0005,本事詩,2,28689,8296,孟棨,唐,撰
KR4i0006,六一詩話,3,16261,4428,歐陽修,宋,撰
KR4i0007,續詩話,2,13166,3517,司馬光,宋,撰
KR4i0008,中山詩話,2,26130,7251,劉攽,宋,撰
KR4i0009,後山詩話,2,19352,5284,陳師道,宋,撰
KR4i0010,臨漢隱居詩話,1,11854,3188,魏泰,宋,撰
KR4i0011,優古堂詩話,2,52962,15102,吳幵,宋,撰
KR4i0012,增修詩話總龜,51,1117558,318306,阮閱,宋,撰
KR4i0013,花間集,13,106720,25448,,,
KR4i0014,彥周詩話,1,37573,10563,許顗,宋,撰
KR4i0015,紫薇詩話,2,24500,6747,呂本中,宋,撰
KR4i0016,四六話,3,35799,10351,王銍,宋,撰
KR4i0017,珊瑚鉤詩話,4,45248,12535,張表臣,宋,撰
KR4i0018,石林詩話,2,50400,14194,葉夢得,宋,撰
KR4i0019,藏海詩話,3,21358,5978,吳可,宋,撰
KR4i0020,風月堂詩話,4,31710,9080,朱弁,宋,撰
KR4i0021,歲寒堂詩話,3,42989,12424,張戒,宋,撰
KR4i0022,庚溪詩話,4,50347,14014,陳巖肖,宋,撰
KR4i0023,韻語陽秋,21,272882,76422,葛立方,宋,撰
KR4i0024,䂬溪詩話,10,78605,22377,黃徹,宋,撰
KR4i0025,唐詩紀事,82,1412254,404798,計有功,宋,撰
KR4i0026,觀林詩話,2,32170,8807,吳聿,宋,撰
KR4i0027,四六談麈,2,14414,3880,謝伋,宋,撰
KR4i0028,環溪詩話,2,37788,11044,闕名,宋,撰
KR4i0029,漁隱叢話,103,1244890,358340,胡仔,宋,撰
KR4i0030,竹坡詩話,2,32643,9130,周紫芝,宋,撰
KR4i0031,文則,3,65296,19102,陳騤,宋,撰
KR4i0032,二老堂詩話,2,27304,7796,周必大,宋,撰
KR4i0033,誠齋詩話,2,41751,12189,楊萬里,宋,撰
KR4i0034,餘師錄,5,124952,36103,王正德,宋,撰
KR4i0035,滄浪詩話,2,34347,9715,嚴羽,宋,撰
KR4i0036,詩人玉屑,21,521551,141261,魏慶之,宋,撰
KR4i0037,後村詩話,15,323733,95201,劉克莊,宋,撰
KR4i0038,娛書堂詩話,2,43916,12299,趙與虤,宋,撰
KR4i0039,荊溪林下偶談,5,62752,17881,吳子良,宋,撰
KR4i0040,草堂詩話,3,61262,17958,蔡夢弼,宋,撰
KR4i0041,竹莊詩話,25,484273,126820,何谿汶,宋,撰
KR4i0042,文章精義,2,16704,4688,李耆卿,宋,撰
KR4i0043,浩然齋雅談,4,79679,23316,周密,宋,撰
KR4i0044,對床夜語,6,64911,18043,范晞文,宋,撰
KR4i0045,詩林廣記,21,425293,117305,蔡正孫,宋,撰
KR4i0046,文說,1,19709,5610,陳繹曾,宋,撰
KR4i0047,修辭鑑衡,3,63550,18094,王構,元,編
KR4i0048,金石例,12,189811,51040,潘昴霄,元,撰
KR4i0049,作義要訣,2,12380,3396,倪士毅,元,撰
KR4i0050,墓銘舉例,6,98455,25233,王行,明,撰
KR4i0051,懷麓堂詩話,2,47395,13834,李東陽,明,撰
KR4i0052,頤山詩話,2,26337,7589,安磐,明,撰
KR4i0053,詩話補遺,4,65956,18749,楊慎,明,撰
KR4i0054,秇圃擷餘,2,17802,5075,王世懋,明,撰
KR4i0055,唐音癸籤,34,464212,132802,胡震亨,明,撰
KR4i0056,歷代詩話,81,1502080,415257,吳景旭,清,撰
KR4i0057,金石要例,2,21408,5955,黃宗羲,清,撰
KR4i0058,漁洋詩話,4,95958,27362,劉大勤,清,編
KR4i0059,師友詩傳錄,3,41796,11719,,,
KR4i0060,聲調譜,4,37612,10098,趙執信,清,撰
KR4i0061,談龍錄,1,14300,4066,趙執信,清,撰
KR4i0062,宋詩紀事,101,3009800,788359,厲鶚,清,撰
KR4i0063,全閩詩話,13,906566,265727,鄭方坤,清,撰
KR4i0064,五代詩話,11,543061,158201,鄭方坤,清,刪撰
KR4j0001,珠玉詞,2,30395,8076,晏殊,宋,撰
KR4j0002,六一詞,2,36535,9949,歐陽修,宋,撰
KR4j0003,樂章集,2,62481,17327,柳永,宋,撰
KR4j0004,安陸集,2,42871,11857,張先,宋,撰
KR4j0005,東坡詞,2,88854,24338,蘇軾,宋,撰
KR4j0006,山谷詞,2,48433,13221,黃庭堅,宋,撰
KR4j0007,山谷琴趣外篇,4,24705,6040,,,
KR4j0008,淮海詞,2,25784,6943,秦觀,宋,撰
KR4j0009,書舟詞,2,37786,10196,程垓,宋,撰
KR4j0010,小山詞,2,52448,14067,晏幾道,宋,撰
KR4j0011,晁无咎詞,7,48139,12943,晁補之,宋,撰
KR4j0012,姑溪詞,3,24439,6441,李之儀,宋,撰
KR4j0014,東堂詞,2,50202,13573,毛滂,宋,撰
KR4j0015,片玉詞,5,65334,17914,周邦彥,宋,撰
KR4j0016,初寮詞,2,16391,4294,王安中,宋,撰
KR4j0017,聖求詞,3,36669,10108,呂濱老,宋,撰
KR4j0018,友古詞,2,41400,11211,蔡伸,宋,撰
KR4j0019,和清真詞,3,29859,8095,方千里,宋,撰
KR4j0020,石林詞,2,32394,8749,葉夢得,宋,撰
KR4j0021,丹陽詞,3,19745,5354,葛勝仲,宋,撰
KR4j0022,筠谿樂府,3,36899,10359,李彌遜,宋,撰
KR4j0023,虛齋樂府,1,16283,4234,,,
KR4j0024,坦菴詞,2,39139,10586,趙師使,宋,撰
KR4j0025,酒邊詞,3,46742,12677,向子諲,宋,撰
KR4j0026,無住詞,2,7723,1882,陳與義,宋,撰
KR4j0027,漱玉詞,1,8962,2434,李清照,宋,撰
KR4j0028,竹坡詞,5,40119,10749,周紫芝,宋,撰
KR4j0029,蘆川詞,2,51448,14156,張元幹,宋,撰
KR4j0030,東浦詞,3,13534,3408,韓玉,金,撰
KR4j0031,孏窟詞,2,24485,6674,侯寘,宋,撰
KR4j0032,逃禪詞,2,47005,12835,楊无咎,宋,撰
KR4j0033,于湖詞,4,50446,13053,張孝洋,宋,撰
KR4j0034,海野詞,2,28605,7634,曾覿,宋,撰
KR4j0035,審齋詞,3,19354,5220,王千秋,宋,撰
KR4j0036,介菴詞,3,37821,10168,趙彥端,宋,撰
KR4j0037,歸愚詞,2,16203,4228,葛立方,宋,撰
KR4j0038,克齋詞,3,11947,3178,沈端節,宋,撰
KR4j0039,龍川詞,5,13683,3601,陳亮,宋,撰
KR4j0040,稼軒詞,5,167008,46501,辛棄疾,宋,撰
KR4j0041,西樵語業,3,15243,3920,楊炎正,宋,撰
KR4j0042,樵隱詞,1,13785,3793,毛幵,宋,撰
KR4j0043,放翁詞,3,33719,9135,陸游,宋,撰
KR4j0044,知稼翁詞,2,13158,3213,黃公度,宋,撰
KR4j0045,蒲江詞,2,8142,2144,廬祖皐,宋,撰
KR4j0046,平齋詞,3,15140,3943,洪咨夔,宋,撰
KR4j0047,白石道人歌曲,7,60732,14084,姜夔,宋,撰
KR4j0048,夢窗稿,8,128524,35680,吳文英,宋,撰
KR4j0049,惜香樂府,12,93808,24950,趙長卿,宋,撰
KR4j0050,龍洲詞,2,20271,5487,劉過,宋,撰
KR4j0051,竹屋癡語,3,29977,8098,高觀國,宋,撰
KR4j0052,山中白雲詞,8,136470,35988,張炎,宋,撰
KR4j0053,竹山詞,3,33025,9019,蔣捷,宋,撰
KR4j0054,竹齋詩餘,2,27158,7300,黃機,宋,撰
KR4j0055,梅溪詞,3,39668,10820,史達祖,宋,撰
KR4j0056,散花菴詞,2,12583,3380,黃昇,宋,撰
KR4j0057,石屏詞,3,15418,4016,戴復古,宋,撰
KR4j0058,斷腸詞,3,6673,1615,朱淑真,宋,撰
KR4j0059,天籟集,4,49226,13625,白樸,元,撰
KR4j0060,蛻巖詞,4,52302,14434,張翥,元,撰
KR4j0061,珂雪詞,3,83155,23318,曹貞吉,清,撰
KR4j0062,花間集,11,106098,25812,趙崇祚,後蜀,編
KR4j0063,尊前集,3,44783,11971,闕名,,編
KR4j0064,梅苑,11,114874,29982,黃大與,宋,編
KR4j0065,樂府雅詩,6,229618,60969,曾慥,宋,編
KR4j0066,花菴詞選,21,388119,103556,黃昇,宋,編
KR4j0067,中興以來絕妙詞選,11,199346,54165,,,
KR4j0068,雍熙樂府,21,1990657,547806,,,
KR4j0069,吳騷合編,8,338230,91855,,,
KR4j0070,草堂詩餘,5,171864,43820,闕名,,編
KR4j0071,絕妙好詞箋,8,219754,60069,厲鶚,清,箋
KR4j0072,樂府補題,2,20052,5251,陳恕可,宋,輯
KR4j0073,花草稡編,25,1070843,270484,陳耀文,明,編
KR4j0074,御選歷代詩餘,121,3493763,848835,王奕清,清,奉敕編
KR4j0075,詞綜,31,631703,171455,朱彝尊,清,編
KR4j0076,十五家詞,38,825309,221181,孫默,清,編
KR4j0077,增修箋注妙選羣英草堂詩餘前後集,1,228531,63659,,,
KR4j0078,碧鷄漫志,2,44229,12948,王灼,宋,撰
KR4j0079,頣堂先生文集,6,63908,17167,,,
KR4j0081,朝野新聲太平樂府,11,307558,88983,,,
KR4j0083,渚山堂詞話,4,35899,10295,陳霆,明,撰
KR4j0084,西河詞話,3,40258,11436,毛奇齡,清,撰
KR4j0085,詞苑叢談,13,381609,112904,徐釚,清,撰
KR4j0086,御定詞譜,44,1952552,505064,王奕清,清,奉敕輯
KR4j0087,詞律,21,824694,229435,萬樹,清,撰
KR4j0088,顧曲雜言,2,21792,6175,沈德符,明,撰
KR4j0089,御定曲譜,28,532279,128272,王奕清,清,奉敕撰
KR4j0090,中原音韻,4,87590,20617,周德清,元,撰
KR5c0057,老子,81,52528,5937,,,
KR5c0124,列子,8,157714,30793,,,
KR5c0126,莊子,33,482961,65402,,,
KR5d0037,亢倉子,2,36364,10593,黃諫,明,音釋
KR5i0043,葛仙翁太極沖玄至道心傳 Ge Xianweng Taiji Chongxuan Zhidao Xinchuan,1,43265,11582,,,
KR6c0074,金剛經會解了義,1,84249,20978,,,
KR6c0075,金剛新眼疏經偈合釋,2,284487,73156,,,
KR6c0076,金剛經郢說,1,122255,32693,,,
KR6c0077,金剛經註正訛,1,136952,35752,,,
KR6c0078,金剛經淺解,1,73809,18651,,,
KR6d0115,金剛三昧經通宗記,12,372158,92166,,,
KR6e0001,大方廣佛華嚴經,60,1989177,479587,,,
KR6e0002,華嚴遊意,1,65727,17543,,,
KR6e0003,大方廣佛華嚴經搜玄分齊通智方軌,5,476834,128030,,,
KR6e0004,華嚴經探玄記,20,1960215,531930,,,
KR6e0005,花嚴經文義綱目,1,48641,13177,,,
KR6e0006,華嚴經章,1,13944,3275,,,
KR6e0007,華嚴略疏卷第三,1,49869,13547,,,
KR6e0008,華嚴經義記卷第一,1,3254,495,,,
KR6e0009,華嚴經疏卷第三,1,8311,1801,,,
KR6e0010,大方廣佛華嚴經,80,2359528,576188,,,
KR6e0011,大方廣佛華嚴經疏,60,2374610,621665,,,
KR6e0012,大方廣佛華嚴經隨疏演義鈔,90,3624674,945605,,,
KR6e0015,大華嚴經略策,1,42307,11551,,,
KR6e0016,新譯華嚴經七處九會頌釋章,1,49206,13342,,,
KR6e0017,華嚴經疏科,19,508314,100367,,,
KR6e0018,華嚴經疏科文,10,622579,130548,,,
KR6e0019,華嚴經疏鈔玄談,9,714050,209567,,,
KR6e0020,華嚴經疏注,58,1402684,323234,,,
KR6e0021,大方廣佛華嚴經疏鈔會本,80,6160699,1803469,,,
KR6e0022,新華嚴經論,40,1483107,400362,,,
KR6e0023,大方廣佛華嚴經中卷卷大意略敘,1,11880,2779,,,
KR6e0024,略釋新華嚴經修行次第決疑論,4,205448,53827,,,
KR6e0025,大方廣佛華嚴經願行觀門骨目,2,80535,21785,,,
KR6e0026,皇帝降誕日於麟德殿講大方廣佛華嚴經玄義一部,1,10435,2518,,,
KR6e0027,華嚴經疏,1,88366,23916,,,
KR6e0028,佛說兜沙經,1,8666,1827,,,
KR6e0029,佛說菩薩本業經,1,23894,5268,,,
KR6e0030,諸菩薩求佛本業經,1,19355,4355,,,
KR6e0031,菩薩十住行道品,1,12999,2879,,,
KR6e0032,佛說菩薩十住經,1,7907,1553,,,
KR6e0033,漸備一切智德經,5,203089,48756,,,
KR6e0034,十住經,4,188411,45084,,,
KR6e0035,佛說十地經,9,211330,51704,,,
KR6e0036,等目菩薩所問三昧經,3,92896,23114,,,
KR6e0037,顯無邊佛土功德經,1,2672,295,,,
KR6e0038,佛說較量一切佛剎功德經,1,2689,482,,,
KR6e0039,佛說如來興顯經,4,125792,29601,,,
KR6e0040,度世品經,6,220254,53255,,,
KR6e0041,大方廣佛華嚴經,40,1007675,250975,,,
KR6e0043,佛說羅摩伽經,3,129053,32711,,,
KR6e0044,大方廣佛華嚴經入法界品,1,14186,3219,,,
KR6e0045,文殊師利發願經,1,4756,837,,,
KR6e0046,普賢菩薩行願讚,1,9360,1855,,,
KR6e0047,大方廣普賢所說經,1,7020,1387,,,
KR6e0048,大方廣總持寶光明經,5,112981,26194,,,
KR6e0049,大方廣佛華嚴經不思議佛境界分,1,20869,5223,,,
KR6e0050,大方廣如來不思議境界經,1,17924,4213,,,
KR6e0051,度諸佛境界智光嚴經,1,29267,7632,,,
KR6e0052,佛華嚴入如來德智不思議境界經,2,38170,9421,,,
KR6e0053,大方廣入如來智德不思議經,1,23615,5790,,,
KR6e0054,信力入印法門經,5,167363,42944,,,
KR6e0055,大方廣佛花嚴經修慈分,1,12590,2872,,,
KR6e0056,佛說莊嚴菩提心經,1,11331,2490,,,
KR6e0057,佛說大方廣菩薩十地經,1,12129,2840,,,
KR6e0058,最勝問菩薩十住除垢斷結經,10,434507,114655,,,
KR6e0059,十住毘婆沙論,17,491529,124757,,,
KR6e0060,十地經論,12,418699,106040,,,
KR6e0061,十地義記卷第一,1,18872,5047,,,
KR6e0062,十地論義疏卷第一．第三,2,113818,30403,,,
KR6e0063,十地經論義記,4,584011,179336,,,
KR6e0064,華嚴經論〔卷十〕,1,21445,5039,,,
KR6e0065,續華嚴經略疏刊定記,13,1643346,440064,,,
KR6e0066,華嚴經合論,120,3463187,998791,,,
KR6e0067,華嚴經合論簡要,4,230317,60906,,,
KR6e0068,華嚴經合論纂要,3,233504,63688,,,
KR6e0069,華嚴經行願品疏,10,793206,204505,,,
KR6e0070,華嚴經行願品疏科,1,38182,7887,,,
KR6e0071,華嚴經行願品疏鈔,6,477070,142560,,,
KR6e0072,華嚴經普賢行願品疏科,1,23454,4803,,,
KR6e0073,大方廣佛華嚴經普賢行願品別行疏鈔（選錄「華嚴宗七祖行蹟」及「附錄」）,1,22090,5415,,,
KR6e0074,華嚴一乘教義分齊章,4,157351,41038,,,
KR6e0075,華嚴一乘教義分齊章義苑疏,10,288183,79424,,,
KR6e0076,華嚴一乘教義分齊章焚薪,2,75879,22562,,,
KR6e0077,華嚴一乘教義分齊章科,1,43167,8604,,,
KR6e0078,華嚴一乘教義分齊章復古記,3,380279,108079,,,
KR6e0079,五教章集成記,1,64171,16414,,,
KR6e0080,評復古記,1,28082,6890,,,
KR6e0081,華嚴五教止觀,1,27502,7014,,,
KR6e0082,華嚴一乘十玄門,1,24638,6564,,,
KR6e0083,華嚴五十要問答,2,91107,24294,,,
KR6e0084,華嚴經內章門等雜孔目章,4,279899,73251,,,
KR6e0085,華嚴經旨歸,1,38217,9990,,,
KR6e0086,華嚴策林,1,7437,1475,,,
KR6e0087,華嚴經問答,2,72078,18812,,,
KR6e0088,華嚴經明法品內立三寶章,2,72462,19083,,,
KR6e0089,華嚴經義海百門,1,49685,12604,,,
KR6e0090,修華嚴奧旨妄盡還源觀,1,24470,5839,,,
KR6e0091,華嚴還源觀科,1,7286,1299,,,
KR6e0092,華嚴妄盡還源觀疏鈔補解,1,69358,20602,,,
KR6e0093,華嚴遊心法界記,1,50004,13287,,,
KR6e0094,華嚴發菩提心章,1,29995,7320,,,
KR6e0095,華嚴經關脈義記,1,17823,4543,,,
KR6e0096,華嚴關脈義記,1,18686,4687,,,
KR6e0097,金師子章雲間類解,1,18563,4351,,,
KR6e0098,華嚴經金師子章註,1,16491,4042,,,
KR6e0099,三聖圓融觀門,1,6381,1108,,,
KR6e0100,華嚴法界玄鏡,2,59993,15437,,,
KR6e0101,註華嚴法界觀門,1,43076,10982,,,
KR6e0102,註華嚴經題法界觀門頌,2,75479,19273,,,
KR6e0103,註華嚴法界觀科文,1,20051,3896,,,
KR6e0104,註華嚴法界觀科文,1,11133,2050,,,
KR6e0105,原人論,1,18903,4835,,,
KR6e0106,華嚴原人論發微錄,3,76753,21459,,,
KR6e0107,華嚴原人論解,3,161948,47130,,,
KR6e0108,華嚴原人論合解,2,146278,37108,,,
KR6e0109,華嚴一乘法界圖,1,31865,7054,,,
KR6e0110,法界圖記叢髓錄,2,266494,72352,,,
KR6e0111,一乘法界圖合詩一印,1,3131,0,,,
KR6e0112,解迷顯智成悲十明論,1,29972,8014,,,
KR6e0113,海印三昧論,1,12514,2180,,,
KR6e0114,華嚴一乘成佛妙義,1,92322,25027,,,
KR6e0115,文殊指南圖讚,1,30567,6000,,,
KR6e0116,華嚴經文義記〔卷六〕,1,79645,21871,,,
KR6e0117,華嚴經入法界品十八問答,1,4544,912,,,
KR6e0118,華嚴經綸貫,1,13414,3680,,,
KR6e0119,華嚴經談玄抉擇,5,468556,122792,,,
KR6e0120,華嚴懸談會玄記,40,1463951,431726,,,
KR6e0121,華嚴經文義要決問答,4,186875,48083,,,
KR6e0122,華嚴經要解,1,84536,23240,,,
KR6e0123,華嚴經吞海集,3,62089,15500,,,
KR6e0124,華嚴綱要,80,3352624,877722,,,
KR6e0125,華嚴經綱目貫攝,1,60128,15853,,,
KR6e0126,華嚴經三十九品大意,1,50143,13129,,,
KR6e0127,華嚴融會一乘義章明宗記,1,141279,36470,,,
KR6e0128,華嚴經普賢觀行法門,1,4642,1139,,,
KR6e0129,五蘊觀,1,1992,109,,,
KR6e0130,華嚴心要法門註,1,4321,675,,,
KR6e0131,勸發菩提心文,1,18724,4629,,,
KR6e0132,華嚴法相槃節,1,65066,16493,,,
KR6e0133,法界觀披雲集,1,5540,1272,,,
KR6e0134,圓宗文類,2,166687,47563,,,
KR6e0135,註華嚴同教一乘策,1,33857,8680,,,
KR6e0136,註同教問答,1,41779,10753,,,
KR6e0137,評金剛錍,1,12338,3367,,,
KR6e0138,辨非集,1,25742,6424,,,
KR6e0139,斥謬,1,9840,2620,,,
KR6e0140,五相智識頌,1,12350,2327,,,
KR6e0141,華嚴大意,1,7749,1663,,,
KR6e0142,賢首五教儀,6,265369,78187,,,
KR6e0143,賢首五教儀開蒙,1,36110,8886,,,
KR6e0144,賢首五教斷證三覺揀濫圖,1,10078,2084,,,
KR6e0145,法界宗蓮花章,1,11752,2571,,,
KR6e0146,華嚴鏡燈章,1,9232,1937,,,
KR6e0147,一乘決疑論,1,47891,12316,,,
KR6e0148,華嚴念佛三昧論,1,24708,6238,,,
KR6e0149,華嚴經海印道場九會請佛儀,1,23118,5895,,,
KR6e0150,華嚴經海印道場懺儀,42,951318,232132,,,
KR6e0151,華嚴清涼國師禮讚文,1,13119,2766,,,
KR6e0152,華嚴普賢行願修證儀,1,29376,7185,,,
KR6e0153,華嚴普賢行願修證儀,1,18113,4238,,,
KR6e0154,華嚴道場起止大略,1,3514,544,,,
KR6e0155,圓覺經道場修證儀,18,668253,166962,,,
KR6e0156,圓覺經道場略本修證儀,1,18940,4646,,,
KR6e0157,首楞嚴壇場修證儀,1,21547,5214,,,
KR6e0158,依楞嚴究竟事懺,2,86344,22092,,,
KR6e0159,發菩提心戒,1,3537,509,,,
KR6e0160,漩澓偈,1,2428,271,,,
KR6e0161,釋華嚴漩澓偈,1,921,44,,,
KR6e0162,健拏標訶一乘修行者秘密義記,1,22506,4491,,,
KR6i0402,慈氏菩薩所說大乘緣生稻𦼮喻經,1,13800,2989,,,
KR6j0084,火𤙖供養儀軌,1,8584,2028,,,
KR6j0136,頂輪王大曼荼羅灌頂儀軌,1,11433,2767,,,
KR6j0326,觀自在菩薩阿麼𪘨法,1,4749,786,,,
KR6j0380,󰊐𡇪大道心驅策法,1,12946,3099,,,
KR6j0466,阿吒婆𤘽鬼神大將上佛陀羅尼經,1,31342,8225,,,
KR6j0468,阿吒薄𤘽付囑呪,1,1829,74,,,
KR6j0741,顯密圓通成佛心要集,2,110700,29999,,,
KR6j0762,釋教最上乘秘密藏陀羅尼集,30,987102,214582,,,
KR6r0081,淨土聖賢錄續編,4,190596,47882,,,
KR6s0007,大明三藏法數,38,1839882,511292,,,
KR6s0049,索法號義󰀃諷誦文,1,4328,754,,,
KR6s0054,大蕃沙洲釋門教法和尚洪󰀃修功德記,1,2196,165,,,
KR5a0001,元始無量度人上品妙經,62,1404958,339410,,,
KR5a0003,元始說先天道德經注解,6,84752,22950,,,
KR5a0004,元始天尊說無上內祕真藏經,11,86088,23012,,,
KR5a0005,太上無極總真文昌大洞真經,6,49598,12857,,,
KR5a0006,上清大洞真經,7,104488,27034,,,
KR5a0007,大洞玉經,3,52205,13425,,,
KR5a0008,太上三十六部真經,1,85518,23900,,,
KR5a0009,太上一乘海空智藏經,11,288776,83049,,,
KR5a0010,高上玉皇本行集經,4,42255,11967,,,
KR5a0011,高上玉皇本行集經,4,104051,26787,,,
KR5a0012,高上玉皇本行經髓,2,8508,2211,,,
KR5a0013,高上玉皇心印經,1,1156,213,,,
KR5a0014,高上玉皇胎息經,1,14944,4019,,,
KR5a0015,無上九霄玉清大梵紫微玄都雷霆玉經,1,28446,8224,,,
KR5a0016,九天應元雷聲普化天尊玉樞寶經,1,11220,3194,,,
KR5a0017,太上說朝天謝雷真經,1,14526,3917,,,
KR5a0018,太上虛皇天尊四十九章經,1,13106,3573,,,
KR5a0019,太上升玄消災護命妙經,2,1943,361,,,
KR5a0020,三光注齡資福延壽妙經,1,1225,271,,,
KR5a0021,太上長生延壽集福德經,1,2156,529,,,
KR5a0022,元始五老赤書玉篇真文天書經,4,60553,16442,,,
KR5a0023,太上諸天靈書度命妙經,1,20473,5952,,,
KR5a0024,元始天尊說生天得道經,2,1558,129,,,
KR5a0025,元始天尊說得道了身經,1,4687,1098,,,
KR5a0026,太上九天延祥滌惡四聖妙經,1,13055,3381,,,
KR5a0027,元始天尊說北方真武妙經,1,6502,1632,,,
KR5a0028,元始天尊說梓童帝君應驗經,2,4321,1042,,,
KR5a0029,元始消劫梓潼本願真經,1,11250,3117,,,
KR5a0030,元始八威龍文經,2,2418,466,,,
KR5a0031,黃帝陰符經,1,1985,481,,,
KR5a0032,混元陽符經,1,848,149,,,
KR5a0033,上清黃氣陽精三道順行經,1,29097,8309,,,
KR5a0034,太上開明天地本真經,2,4087,1000,,,
KR5a0035,太上玄都妙本清靜身心經,1,6666,1850,,,
KR5a0036,太上太玄女青三元品誡拔罪妙經,4,33137,8911,,,
KR5a0037,元始天尊說變化空洞妙經,1,18569,5138,,,
KR5a0038,太上升玄三一融神變化妙經,3,12989,3525,,,
KR5a0039,太上導引三光九變妙經,2,8944,2200,,,
KR5a0040,太上導引三光寶真妙經,1,4651,1294,,,
KR5a0041,太上修真體元妙道經,1,22324,6425,,,
KR5a0042,玉清元始玄黃九光真經,2,3998,963,,,
KR5a0043,元始天尊說十一曜大消災神咒經,1,5485,1344,,,
KR5a0044,太上洞真五星秘授經,1,4917,1334,,,
KR5a0045,玉清無上靈寶自然北斗本生真經,1,4094,1080,,,
KR5a0046,太乙元真保命長生經,1,2408,599,,,
KR5a0047,太上元始天尊證果經,1,1132,241,,,
KR5a0048,太上元始天尊說續命妙經,1,1205,248,,,
KR5a0049,洞真太極北帝紫微神咒妙經,2,12782,3575,,,
KR5a0050,太上說六甲直符保胎護命妙經,1,8470,2248,,,
KR5a0051,太上元始天尊說大雨龍王經,2,3464,768,,,
KR5a0052,太上護國祈魚消魔經,1,3806,1001,,,
KR5a0053,太上洞淵北帝天蓬消災神咒妙經,1,7382,2052,,,
KR5a0054,太上洞淵辭瘟神咒妙經,1,1974,475,,,
KR5a0055,高上太霄兩琅書瓊文帝章經,1,24059,6664,,,
KR5a0056,太上玉佩金當太極金書上經,1,25653,7368,,,
KR5a0057,上方天尊說真元通仙道經,1,22426,6282,,,
KR5a0058,無上大乘要訣妙經,1,11625,3337,,,
KR5a0059,元始洞真決疑經,2,18580,5289,,,
KR5a0060,元始天尊說玄微妙經,1,7560,2132,,,
KR5a0061,太上洞真賢門經,2,36156,8022,,,
KR5a0062,元始天王歡樂經,1,16663,4860,,,
KR5a0063,玉清胎元內養真經,2,3075,682,,,
KR5a0064,玉清無上內景真經,1,2343,595,,,
KR5a0065,太上真一報父母恩重經,1,2016,489,,,
KR5a0066,元始洞真慈善孝子報恩成道經,1,6957,1978,,,
KR5a0067,太上元始天尊說消殄蟲蝗經,1,2020,486,,,
KR5a0068,太上安鎮九壘龍神妙經,1,2002,471,,,
KR5a0069,太上洞真安歸龜經,1,2139,522,,,
KR5a0070,太上元始天尊說金光明經,1,1542,336,,,
KR5a0071,元始天尊說三官寶號經,1,1522,310,,,
KR5a0072,元始天尊濟度血湖真經,4,12534,3125,,,
KR5a0073,元始天尊說豐都滅罪經,1,2857,679,,,
KR5a0074,太上說九幽拔罪心印妙經,1,1566,324,,,
KR5a0075,元始天尊說甘露升天神咒妙經,1,2707,668,,,
KR5a0076,元始天尊說功德法食往生經,1,2363,546,,,
KR5a0077,太上玉華洞章拔亡度世升仙妙經,1,12837,3624,,,
KR5a0078,太上三洞神咒,13,268836,74296,,,
KR5a0079,三洞神符記,1,17749,4842,,,
KR5a0080,雲篆度人妙經,1,3434,14,,,
KR5a0081,洞真太微黃書天帝君石景金陽素經,2,9482,2404,,,
KR5a0082,上清洞真元經五籍符,1,2049,379,,,
KR5a0083,白羽黑翮靈飛玉符,1,5453,1476,,,
KR5a0084,上清瓊宮靈飛六甲左右上符,1,11926,2650,,,
KR5a0085,太上洞真經洞章符,1,4878,1141,,,
KR5a0086,太上秘法鎮宅靈符,1,6908,1303,,,
KR5a0087,元始無量度人上品妙經四注（附釋音）,5,198388,54154,,,
KR5a0088,元始無量度人上品妙經注,4,126555,34516,,,
KR5a0089,元始無量度人上品妙經通義,5,125909,34817,,,
KR5a0090,元始無量度人上品妙經內義,6,181965,50014,,,
KR5a0091,內義丹旨綱目舉要,1,9825,2768,,,
KR5a0092,太上洞玄靈寶無量度人上品妙經註,4,159229,42585,,,
KR5a0093,元始無量度人上品妙經,4,85362,23222,,,
KR5a0094,元始無量度人上品經法,6,155222,38768,,,
KR5a0095,洞玄靈寶度人經大梵隱語疏義,1,23589,6778,,,
KR5a0096,洞玄靈寶無量度人經訣音義,1,10445,2842,,,
KR5a0097,真藏經要訣,1,6281,1761,,,
KR5a0098,太上靈寶諸天內音自然玉字,5,95738,27211,,,
KR5a0099,諸天靈寶度命妙經疏義,1,15936,4586,,,
KR5a0100,九天應元雷聲普化天尊玉樞寶經集注,1,56063,15397,,,
KR5a0101,太上昇玄說消災護命妙經註,1,12650,3223,,,
KR5a0102,太上升玄消災護命妙經注,1,4736,1253,,,
KR5a0103,元始天尊說太古經注,1,9737,2552,,,
KR5a0104,玉清無極總真文昌大洞仙經,10,324236,88998,,,
KR5a0105,玉清大洞真經玉訣音義,1,20434,5539,,,
KR5a0106,太上大通經註,2,3866,717,,,
KR5a0107,太上赤文洞古經註,1,5620,1266,,,
KR5a0108,無上赤文洞古真經注,1,6438,1702,,,
KR5a0109,黃帝陰符經集注,1,13731,3736,,,
KR5a0110,黃帝陰符經講義,5,43031,11443,夏元鼎,宋,撰
KR5a0111,黃帝陰符經疏,4,32464,8593,,,
KR5a0112,黃帝陰符經十真集解,4,29627,7255,,,
KR5a0113,黃帝陰符經注,1,10690,2875,,,
KR5a0114,黃帝陰符經解,1,22634,6212,李筌,唐,註
KR5a0115,黃帝陰符經注解,1,21032,5789,,,
KR5a0116,黃帝陰符經注,1,11652,3156,,,
KR5a0117,黃帝陰符經註,2,6769,1458,,,
KR5a0118,黃帝陰符經注,1,6349,1645,,,
KR5a0119,黃帝陰符經解義,1,25379,7021,,,
KR5a0120,陰符經三皇玉訣,4,31532,8462,,,
KR5a0121,黃帝陰符經心法,4,29834,7910,,,
KR5a0122,黃帝陰符經注,3,25709,6835,,,
KR5a0123,黃帝陰符經注,1,18345,5017,,,
KR5a0124,黃帝陰符經注,1,5719,1378,,,
KR5a0125,黃帝陰符經注解,1,9648,2567,,,
KR5a0126,黃帝陰符經注,1,8646,2305,,,
KR5a0127,黃帝陰符經夾頌解注,4,39655,10709,,,
KR5a0128,黃帝陰符經集解,4,29878,7944,,,
KR5a0129,太上求仙定錄尺素真訣玉文,1,29400,8112,,,
KR5a0130,太霄琅書瓊文帝章訣,1,10440,2948,,,
KR5a0131,胎息經註,1,2872,547,,,
KR5a0132,胎息秘要歌訣,1,3895,1000,,,
KR5a0133,太清真人絡命訣,1,10014,2887,,,
KR5a0134,太上洞房內經注,1,10964,2976,,,
KR5a0135,陰真君還丹歌注,1,8855,2350,,,
KR5a0136,崔公入藥鏡注解,1,18426,5020,,,
KR5a0137,呂純陽真人沁園春丹詞注解,1,10649,2832,,,
KR5a0138,青天歌注釋,1,8546,2239,,,
KR5a0139,學仙辨真訣,1,6374,1758,,,
KR5a0140,太上洞真凝神修行經訣,1,4438,1221,,,
KR5a0141,上清握中訣,4,43803,12319,,,
KR5a0143,悟真篇三注 Wuzhen Pian Sanzhu,5,163943,44350,,,
KR5a0144,悟真篇直指詳說,1,13686,3609,,,
KR5a0145,悟真篇拾遺 Wuzhen Pian Shiyi,1,21630,5996,,,
KR5a0146,悟真篇注釋,4,100301,27765,,,
KR5a0147,紫陽真人悟真篇講義,8,96184,26103,,,
KR5a0148,靈寶無量度人上品妙經符圖,4,50686,12630,,,
KR5a0149,無量度人上品妙經旁通圖（存中下卷）,3,18598,4834,,,
KR5a0150,修真太極混元圖,2,14012,3709,,,
KR5a0151,修真太極 混元指玄圖,1,8030,2092,,,
KR5a0152,金液還丹印證圖,1,13394,3381,,,
KR5a0153,修真曆驗鈔圖,1,15631,4298,,,
KR5a0154,龍虎手鋻圖,1,3884,960,,,
KR5a0155,上清太玄九陽圖,1,9962,2207,,,
KR5a0156,三才定點陣圖,1,9301,2196,,,
KR5a0157,上清洞真九宮紫房圖,1,2895,632,,,
KR5a0158,周易圖,4,65727,15954,,,
KR5a0159,大易象數鉤沈圖,3,56202,13120,,,
KR5a0160,易數鉤隱圖,4,38466,10208,,,
KR5a0161,易數鉤隱圖遺論九事,1,12676,3429,,,
KR5a0162,易象圖說內篇,4,57633,15186,,,
KR5a0163,易象圖說外篇,4,50855,13581,,,
KR5a0164,玄元十子圖,1,6075,1385,,,
KR5a0165,上清三尊譜錄,1,12990,3310,,,
KR5a0166,靈寶自然九天生神三寶大有金書,1,10099,2829,,,
KR5a0167,元始上真眾仙記,1,10008,2879,,,
KR5a0168,洞玄靈寶真靈位業圖,1,27221,5824,,,
KR5a0169,元始高上玉檢大錄,1,7878,2050,,,
KR5a0170,清河內傳,1,19401,5623,,,
KR5a0171,文帝化書 Wendi Huashu,5,116795,31119,,,
KR5a0172,清微仙譜,1,16697,4562,,,
KR5a0173,三茅真君加封事典,3,34020,9375,,,
KR5a0174,金蓮正宗記,6,72449,19465,,,
KR5a0175,金蓮正宗仙源像傳,1,45490,12352,,,
KR5a0176,七真年譜,1,21677,5721,,,
KR5a0177,玄風慶會錄,1,10572,3027,,,
KR5a0178,太上洞真智慧上品大誡,1,16126,4301,,,
KR5a0179,三洞眾戒文,3,16750,3838,,,
KR5a0180,太微靈書紫文仙忌真記上經,1,4024,912,,,
KR5a0181,虛皇天尊初真十戒文,1,7997,1971,,,
KR5a0182,太上九真妙戒金籙度命拔罪妙經,1,9550,2378,,,
KR5a0183,太上十二上品飛天法輪勸戒妙經,1,10677,2710,,,
KR5a0184,太極真人說二十四門戒經,1,7929,1951,,,
KR5a0185,太真玉帝四極明科經,6,91779,26343,,,
KR5a0186,赤松子中誡經,1,14769,4241,,,
KR5a0187,太微仙君功過格,1,13420,3740,,,
KR5a0188,太清五十八願文,1,7408,2084,,,
KR5a0189,玄都律文,1,23526,6799,,,
KR5a0190,太上靈寶朝天謝罪法懺,11,115922,29154,,,
KR5a0191,太上玉清謝罪登真寶懺,1,6126,1594,,,
KR5a0192,太上上清禳災延壽寶懺,1,5883,1510,,,
KR5a0193,太上太清拔罪升天寶懺,1,7261,1927,,,
KR5a0194,玉皇宥罪錫福寶懺,1,22749,5749,,,
KR5a0195,高上玉皇滿願寶懺,11,72912,19322,,,
KR5a0196,九天應元雷聲普化天尊玉樞寶懺,1,9818,2618,,,
KR5a0197,雷霆玉樞宥罪法懺,1,7869,1981,,,
KR5a0198,玉皇十七慈光燈儀,1,22505,5641,,,
KR5a0199,上清十一大曜燈儀,1,7859,2166,,,
KR5a0200,南斗延壽燈儀,1,6030,1644,,,
KR5a0201,北斗七元星燈儀,1,6809,1865,,,
KR5a0202,北斗本命延壽燈儀,1,4265,1124,,,
KR5a0203,三官燈儀,1,4175,1102,,,
KR5a0204,玄帝燈儀,1,4865,1321,,,
KR5a0205,九天三茅司命仙燈儀,1,5107,1369,,,
KR5a0206,萬靈燈儀,1,3915,1043,,,
KR5a0207,五顯靈觀大帝燈儀,1,4876,1309,,,
KR5a0208,土司燈儀,1,8267,2317,,,
KR5a0209,東廚司命燈儀,1,5053,1375,,,
KR5a0210,正一殟司辟毒神燈儀,1,5352,1473,,,
KR5a0211,離明瑞相燈儀,1,7267,1998,,,
KR5a0212,黃錄九陽梵炁燈儀,1,10506,2882,,,
KR5a0213,黃錄九厄燈儀,1,3453,888,,,
KR5a0214,黃錄破獄燈儀,1,7917,2125,,,
KR5a0215,黃錄五苦輪燈儀,1,4517,1162,,,
KR5a0216,地府十王拔度儀,1,11418,3051,,,
KR5a0217,上清天寶齋初夜儀,1,9885,2676,,,
KR5a0218,太乙火府奏告祈禳儀,1,17116,4766,,,
KR5a0219,清微玄樞奏告儀,1,13142,3696,,,
KR5a0220,靈寶無量度人上經大法,73,1085384,272390,,,
KR5a0221,無上玄元三天玉堂大法,31,276821,67432,,,
KR5a0222,無上三天玉堂正宗高奔內景玉書,3,26009,6417,,,
KR5a0223,清微神烈秘法,3,31395,6657,,,
KR5a0224,清微元降大法,26,193377,37855,,,
KR5a0225,清微齋法,3,65863,16237,,,
KR5a0226,太上九要心印妙經,1,8914,2481,,,
KR5a0227,紫元君授道傳心法,1,9288,2538,,,
KR5a0228,真龍虎九仙經,1,14594,3975,,,
KR5a0229,龍壺中丹訣,1,5655,1321,,,
KR5a0230,九還七返龍虎金丹析理真訣,1,10037,2879,,,
KR5a0231,諸真論還丹訣,1,4379,1121,,,
KR5a0232,真一金丹訣,1,9033,2514,,,
KR5a0233,還丹秘訣養赤子神方,1,5829,1567,,,
KR5a0234,還丹眾仙論,1,24832,7117,,,
KR5a0235,修丹妙用至理論,1,11161,3189,,,
KR5a0236,丹經極論,1,11234,3181,,,
KR5a0237,金晶論,1,6154,1710,,,
KR5a0238,還丹現妙通幽集,1,10536,2901,,,
KR5a0239,元陽子金液集,1,15462,4229,,,
KR5a0240,還丹金液歌注,1,8251,2338,,,
KR5a0241,玉清金笥青華祕文金寶內鍊丹法 Yuqing Jinsi Qinghua Biwen Jinbao Neilian Danfa,4,45418,11664,,,
KR5a0242,碧虛子親傳直指,1,11549,3314,,,
KR5a0243,紙舟先生全真直指,1,6971,1685,,,
KR5a0244,規中指南,3,20835,5345,,,
KR5a0245,太丹直指,3,35548,9619,,,
KR5a0246,玉谿子丹經指要,4,53678,14939,,,
KR5a0247,西山群仙會真記,6,65294,17911,,,
KR5a0248,會真集,6,68203,18276,,,
KR5a0249,啟真集,4,44185,11950,,,
KR5a0250,中和集,7,132479,35135,,,
KR5a0251,三天易髓,1,12143,3306,,,
KR5a0252,全真集玄秘要,1,18066,4900,,,
KR5a0253,穀神篇,3,43869,12524,,,
KR5a0254,金闕帝君三元真一經,1,7831,2223,,,
KR5a0255,大洞金華玉經,1,9993,2728,,,
KR5a0256,太微靈書紫文琅玕華丹神真上經,1,9214,2617,,,
KR5a0257,玉景九天金霄威神王祝太元上經,1,8936,2457,,,
KR5a0258,洞真太微黃書九天八籙真文,1,4643,1028,,,
KR5a0259,太玄八景籙,1,35243,9696,,,
KR5a0260,陶真人內丹賦,1,17141,4652,,,
KR5a0261,擒玄賦,1,11132,3185,,,
KR5a0262,金丹賦,1,46343,12728,,,
KR5a0263,穀神賦,1,6786,1746,,,
KR5a0264,修真十書雜著指玄篇,9,77691,20743,,,
KR5a0265,金丹大成,6,49480,12038,,,
KR5a0266,鍾呂傳道集 Zhong Lü Chuandao Ji,4,89334,25113,,,
KR5a0267,修真十書雜著捷徑,8,85845,23068,,,
KR5a0268,修真十書悟真篇,6,120485,32601,,,
KR5a0269,修真十書玉隆集,9,74962,21015,,,
KR5a0270,修真十書上清集,9,79478,21952,,,
KR5a0271,修真十書武夷集,9,70828,19006,,,
KR5a0272,修真十書盤山語錄,2,44686,13072,,,
KR5a0273,修真十書黃庭內景五藏六府圖,2,25587,7160,,,
KR5a0274,修真十書黃庭內景玉經注,4,62833,16368,,,
KR5a0275,太上黃庭外景經,4,20465,4940,,,
KR5a0276,真氣還元銘,1,14799,3841,,,
KR5a0277,還丹歌訣,3,26972,7570,,,
KR5a0278,金液還丹百問訣,1,35452,10493,,,
KR5a0279,上乘修真三要,2,22870,5881,,,
KR5a0280,乾元子三始論,1,2765,685,,,
KR5a0281,至真子龍虎大丹詩,1,7858,2194,,,
KR5a0282,破迷正道歌,1,6180,1724,,,
KR5a0283,太玄郎然子進道詩,1,7031,1918,,,
KR5a0284,了明篇,1,13737,3663,,,
KR5a0285,明道篇,1,18912,5423,,,
KR5a0286,真仙秘傳火候法,1,9249,2601,,,
KR5a0287,三極至命荃蹄,1,37124,8916,,,
KR5a0288,析疑指迷論,1,18903,5142,,,
KR5a0289,修真精義雜論,1,25169,7217,,,
KR5a0290,清微丹訣,1,10097,2823,,,
KR5a0291,先天金丹大道玄奧口訣,1,12245,3360,,,
KR5a0292,金液大丹口訣,1,10739,2926,,,
KR5a0293,抱一子三峰老人丹訣,1,19770,5715,,,
KR5a0294,黃帝宅經,3,18875,5234,,,
KR5a0295,黃帝龍首經,3,59255,16916,,,
KR5a0296,黃帝金匣玉衡經,1,25092,7351,,,
KR5a0297,黃帝授三子玄女經,1,3446,890,,,
KR5a0298,太上登真三矯靈應經,1,74222,20776,,,
KR5a0299,通占大象曆星經,2,34175,9016,,,
KR5a0300,靈台經,1,22553,6560,,,
KR5a0301,秤星靈台秘要經,1,7540,2080,,,
KR5a0302,廣黃帝本行記,1,14363,4140,,,
KR5a0303,穆天子傳,7,46508,12364,,,
KR5a0304,漢武帝內傳,1,34557,10119,,,
KR5a0305,漢武帝外傳,1,21057,6173,,,
KR5a0306,列仙傳,3,36681,9433,劉向,漢,撰
KR5a0307,續仙傳,4,71161,20526,沈汾,南唐,撰
KR5a0308,曆世真仙體道通鑒,56,1046085,300830,,,
KR5a0309,曆世真仙體道通鑒續篇,6,112359,32629,,,
KR5a0310,曆世真仙體道通鑒後篇,7,132094,37411,,,
KR5a0311,疑仙傳,4,32615,9242,,,
KR5a0312,華陽陶隱居內傳,4,42093,11540,,,
KR5a0313,桓真人升仙記,1,15407,4478,,,
KR5a0314,周氏冥通記,5,89238,25634,,,
KR5a0315,紫陽真人內傳,1,20389,5896,,,
KR5a0316,茅山志,34,485355,135546,,,
KR5a0317,純陽帝君神化妙通紀,8,97564,27294,,,
KR5a0318,太華希夷志,3,33570,9667,,,
KR5a0319,西嶽華山志,1,26263,7358,,,
KR5a0320,凝陽董真人遇仙記,1,18278,5356,,,
KR5a0321,諸師真誥,1,16599,4637,,,
KR5a0322,金簶齋三洞讚詠儀,4,25155,6766,,,
KR5a0323,黃帝陰符經頌,1,7613,1448,,,
KR5a0324,太上升玄消災護命妙經頌,1,5515,1380,,,
KR5a0325,生天經頌解,1,5559,1369,,,
KR5a0326,三洞讚頌靈章,4,47576,13142,,,
KR5a0327,宋真宗禦制玉京集,7,66739,17702,,,
KR5a0328,太上濟度章赦,4,77853,21068,,,
KR5b0001,靈寶天尊說洪恩靈濟真君妙經,1,4513,1179,,,
KR5b0002,洞玄靈寶自然九天生神章經,1,16891,4710,,,
KR5b0003,洞玄靈寶本相運度劫期經,1,16242,4717,,,
KR5b0004,洞玄靈寶丹水飛術運度小劫妙經,1,21380,6049,,,
KR5b0005,洞玄靈寶諸天世界造化經,1,12669,3186,,,
KR5b0006,太上靈寶天地運度自然妙經,1,7433,1980,,,
KR5b0007,太上洞玄靈寶三元無量壽經,1,15107,4385,,,
KR5b0008,上清五常變通萬化鬱冥經,1,45453,12931,,,
KR5b0009,太上洞玄靈寶智慧定志通微經,1,24640,7069,,,
KR5b0010,太上洞玄靈寶觀妙經,1,1733,398,,,
KR5b0011,太上洞玄靈寶天尊說大通經,1,1000,182,,,
KR5b0012,太上洞玄靈寶護諸童子經,1,3438,918,,,
KR5b0013,太上洞玄靈寶開演祕密藏經,1,16849,4490,,,
KR5b0014,太上洞玄靈寶真文要解上經,1,18062,4612,,,
KR5b0015,太上黃庭內景玉經,1,12122,3309,,,
KR5b0016,太上黃庭外景玉景,1,5232,1410,,,
KR5b0017,靈寶天尊說祿庫受生經,1,5087,1391,,,
KR5b0018,太上靈寶元陽妙經,11,236755,69098,,,
KR5b0019,太上洞淵神咒經,21,244843,68652,,,
KR5b0020,太上洞玄靈寶業報因緣經,11,107703,20807,,,
KR5b0021,太上洞玄靈寶十號功德因緣妙經,1,9406,2402,,,
KR5b0022,太上洞玄靈寶宿命因緣明經,1,11779,3257,,,
KR5b0023,太上洞玄靈寶出家因緣經,1,21623,5970,,,
KR5b0024,太上洞玄靈寶轉神度命經,1,10862,3123,,,
KR5b0025,太上洞玄靈寶十師度人妙經,1,12080,3488,,,
KR5b0026,太上洞玄靈寶太玄普慈勸世經,1,11811,3359,,,
KR5b0027,太上洞玄靈寶四方大願經,1,5583,1545,,,
KR5b0028,太上洞玄靈寶智慧本願大戒上品經,1,19667,5698,,,
KR5b0029,太上洞玄靈寶誠誡本行上品妙經,1,29881,8738,,,
KR5b0030,太上洞玄靈寶真一勸誡法輪妙經,1,6369,1778,,,
KR5b0031,太上玄一真人說妙通轉神入定經,1,7528,2043,,,
KR5b0032,太上玄一真人說勸誡法輪妙經,1,7053,1955,,,
KR5b0033,太上洞玄靈寶法燭經,1,10616,2776,,,
KR5b0034,太上靈寶智慧觀身經,1,1692,194,,,
KR5b0035,太一救苦護身妙經,1,5843,1444,,,
KR5b0036,太上洞玄靈寶赤書玉訣妙經,3,65394,18615,,,
KR5b0037,太上金匱玉鏡修真指玄妙經,1,11497,2319,,,
KR5b0038,上清三元玉檢三元布經,1,37153,10352,,,
KR5b0039,太上洞玄靈寶福日妙經,1,2106,350,,,
KR5b0040,洞玄靈寶上師說救護身命經,1,12978,3745,,,
KR5b0041,太上靈寶天尊說禳災度厄經,1,1106,72,,,
KR5b0042,太上神咒延壽妙經,1,1174,87,,,
KR5b0043,太上洞玄靈寶消禳火災經,1,2948,732,,,
KR5b0044,太上洞玄靈寶天尊說養蠶營種經,1,9151,2571,,,
KR5b0045,太上洞玄靈寶八威召龍妙經,3,27575,7657,,,
KR5b0046,太上洞淵說請雨龍王經,1,3619,678,,,
KR5b0047,太上召諸神龍安鎮墳墓經,1,2580,636,,,
KR5b0048,太上靈寶補謝竃王經,1,3240,857,,,
KR5b0049,太上說利益蠶王妙經,1,1376,282,,,
KR5b0051,上清洞玄明燈上經,1,6890,1907,,,
KR5b0052,太上洞玄寶元上經,1,23738,6566,,,
KR5b0053,太上洞玄靈寶滅度五鍊生屍妙經,1,16178,4443,,,
KR5b0054,太上洞玄靈寶三元玉京玄都大獻經,1,30391,8376,,,
KR5b0055,太上洞玄靈寶三塗五苦拔度生死妙經,1,8009,2272,,,
KR5b0056,太上道君說解冤拔度妙經,1,1772,406,,,
KR5b0057,太上洞玄靈寶往生救苦妙經,1,15226,4308,,,
KR5b0058,太上洞玄靈寶救苦妙經,1,3628,914,,,
KR5b0059,太上洞玄靈寶天尊說濟苦經,1,3006,782,,,
KR5b0060,太上洞玄靈寶淨供妙經,1,11274,2978,,,
KR5b0061,太上靈寶洪福滅罪像名經,1,33966,7778,,,
KR5b0062,太上救苦天尊說消愆滅罪經,1,2749,637,,,
KR5b0063,太上說豐都拔苦愈樂妙經,1,1009,197,,,
KR5b0064,洞玄靈寶道要經,1,8383,2358,,,
KR5b0065,洞玄靈寶飛仙上品妙經,1,5995,1634,,,
KR5b0066,太上靈寶天尊說延壽妙經,1,2248,564,,,
KR5b0067,太上七星神咒經,1,1562,321,,,
KR5b0068,太上虛皇保生神咒經,1,1137,237,,,
KR5b0069,太上洞玄三洞開天風雷禹步神咒經,1,4271,1042,,,
KR5b0070,太上洞淵三昧帝心光明正印太極紫微伏魔制鬼拯救惡道集福吉祥神咒,1,5469,1213,,,
KR5b0071,太上三生解冤妙經,1,5774,1512,,,
KR5b0072,太上靈寶五符序,4,85876,24344,,,
KR5b0073,太上洞玄靈寶素靈真符,4,16571,2735,,,
KR5b0074,太上洞玄靈寶五嶽神符,1,9294,2376,,,
KR5b0075,上清金母求仙上法,1,10542,2084,,,
KR5b0076,上清豁落七元符,1,1478,198,,,
KR5b0077,太上洞玄靈寶大綱鈔,1,3133,817,,,
KR5b0078,上清太一金闕玉璽金真紀,1,5943,1548,,,
KR5b0079,太上洞玄靈寶投簡符文要訣,1,20024,5361,,,
KR5b0080,洞玄靈寶自然九天生神章經解義,5,116683,31161,,,
KR5b0081,洞玄靈寶自然九天生神玉章經解,4,129545,34750,,,
KR5b0082,洞玄靈寶自然九天生神章經注,4,70626,18154,,,
KR5b0083,太上洞玄靈寶天尊說救苦妙經,1,30011,7927,,,
KR5b0084,洞玄靈寶定觀經註,1,6987,1575,,,
KR5b0085,黃庭內景玉經注,1,38251,10277,,,
KR5b0086,太上黃庭內景玉經,4,57949,15346,,,
KR5b0087,黃庭內外玉景經解,1,11175,3002,,,
KR5b0088,上清丹元玉真帝皇飛仙上經,1,5196,1361,,,
KR5b0089,上清紫精君皇初紫靈道君洞房上經,1,20978,5893,,,
KR5b0090,上清紫微帝君南極元君玉經寶訣,1,10637,2855,,,
KR5b0091,靈寶大鍊內旨行持機要,1,3647,967,,,
KR5b0092,上清胎精記解結行事訣,1,13649,3631,,,
KR5b0093,上清華晨三奔玉訣,1,5564,1511,,,
KR5b0094,太上洞玄靈寶眾簡文,1,9231,2323,,,
KR5b0095,太上洞玄靈寶五帝醮祭招真玉訣,1,7555,2115,,,
KR5b0096,上清佩符文青券訣,1,10108,2736,,,
KR5b0097,上清佩符文白券訣,1,11578,3148,,,
KR5b0098,上清佩符文絳券訣,1,4451,1167,,,
KR5b0099,上清佩符文黑券訣,1,3290,843,,,
KR5b0100,上清佩符文黃券訣,1,7047,1892,,,
KR5b0101,太上大道三元品誡謝罪上法,1,16128,4592,,,
KR5b0102,固氣還神九轉瓊丹論,1,13201,3675,,,
KR5b0103,靈寶眾真丹訣,1,18278,5246,,,
KR5b0104,神仙服餌丹石行藥法,1,8529,2374,,,
KR5b0105,登真隱訣,4,90732,26408,,,
KR5b0106,上清三真旨要玉訣,1,20727,5968,,,
KR5b0107,上清洞真解過訣,1,16985,4836,,,
KR5b0108,上清明堂元真經訣,1,13680,3949,,,
KR5b0109,上清太極隱注玉經寶訣,1,20290,5852,,,
KR5b0110,上清太上八素真經,1,29723,8663,,,
KR5b0111,上清修行經訣,1,29128,8298,,,
KR5b0112,太上飛行九晨玉經,1,36516,10689,,,
KR5b0113,上清長生寶鑒圖,1,939,56,,,
KR5b0114,上清八道秘言圖,1,5925,1471,,,
KR5b0115,上清含象劍鑒圖,1,4528,1020,,,
KR5b0116,黃庭內景五藏六腑補泄圖,1,20047,5558,,,
KR5b0117,七域修真證品圖,1,7941,2068,,,
KR5b0118,玄覽人鳥山經圖,1,5940,1636,,,
KR5b0119,太上玉晨鬱儀結璘奔日月圖,1,14858,4032,,,
KR5b0120,上方大洞真元妙經品,1,6682,1862,,,
KR5b0121,上方大洞真元妙經圖,1,8403,2326,,,
KR5b0122,上方大洞真元陰陽陟降圖書後解,1,12033,3372,,,
KR5b0123,上方大洞真元圖書繼說終篇,1,6438,1802,,,
KR5b0124,許太史真君圖傳,3,26499,6206,,,
KR5b0125,洞玄靈寶五嶽古本真形圖（並序）,1,11791,2599,,,
KR5b0126,上清後聖道君列記,1,14083,4074,,,
KR5b0127,上清高上玉真眾道綜監寶諱,1,4439,1072,,,
KR5b0128,洞玄靈寶三師記,1,9070,2450,,,
KR5b0129,洞玄靈寶三師名諱形狀居觀方所文,1,4211,1038,,,
KR5b0130,上清眾經諸真聖秘,9,102467,24946,,,
KR5b0131,許真君仙傳,1,18379,5350,,,
KR5b0132,西山許真君八十五化錄,4,78281,21215,,,
KR5b0133,孝道吳許二真君傳,1,14862,4317,,,
KR5b0134,太極葛仙公傳,1,31316,8524,,,
KR5b0135,雲阜山申仙翁傳,1,14196,4104,,,
KR5b0136,南嶽九真人傳,1,7032,1955,,,
KR5b0137,南嶽小錄,1,13974,3799,,,
KR5b0138,太上洞玄靈寶上品戒經,1,8286,2329,,,
KR5b0139,太上玄一真人說三途五苦勸戒經,1,12070,3475,,,
KR5b0140,太上洞玄靈寶三元品戒功德輕重經,1,36138,10333,,,
KR5b0141,太上洞玄靈寶智慧罪根上品大戒經,3,29777,8431,,,
KR5b0142,上清眾真教戒德行經,3,13283,3575,,,
KR5b0143,洞玄靈寶天尊說十戒經,1,1715,392,,,
KR5b0144,太上洞玄靈寶宣戒首悔眾罪保護經,3,27075,7663,,,
KR5b0145,上清骨髓靈文鬼律,4,36682,9721,,,
KR5b0146,太上洞玄靈寶法身制論,1,3373,899,,,
KR5b0147,要修科儀戒律鈔,17,60698,15428,,,
KR5b0148,齋戒籙,1,17749,5039,,,
KR5b0149,靈寶領教濟度金書目錄,1,31777,7124,,,
KR5b0150,靈寶領教濟度金書（嗣教錄一卷）,321,4343375,1143847,,,
KR5b0151,大明玄教立成齋醮儀范,1,18585,4749,,,
KR5b0152,洪恩靈濟真君自然行道儀,1,5796,1506,,,
KR5b0153,洪恩靈濟真君集福宿啟儀,1,4980,1260,,,
KR5b0154,洪恩靈濟真君集福早朝儀,1,7225,1939,,,
KR5b0155,洪恩靈濟真君集福午朝儀,1,7925,2124,,,
KR5b0156,洪恩靈濟真君集福晚朝儀,1,7893,2116,,,
KR5b0157,洪恩靈濟真君祈謝設醮儀,1,9439,2631,,,
KR5b0158,洪恩靈濟真君禮願文,1,43052,11999,,,
KR5b0159,洪恩靈濟真君七政星燈儀,1,15422,4323,,,
KR5b0160,洪恩靈濟真君事實,1,9204,2472,,,
KR5b0161,羅天大醮早朝科,1,6821,1849,,,
KR5b0162,羅天大醮午朝科,1,6412,1703,,,
KR5b0163,羅天大醮晚朝科,1,7076,1897,,,
KR5b0164,羅天大醮設醮儀,1,8687,2349,,,
KR5b0165,玄門報孝道追薦儀,1,14480,3981,,,
KR5b0166,諸師聖誕沖舉酌獻儀,1,12849,3556,,,
KR5b0167,金籙齋啟壇儀,1,11553,3074,,,
KR5b0168,金籙大齋宿啟儀,1,5388,1401,,,
KR5b0169,金籙大齋啟盟儀,1,3987,1055,,,
KR5b0170,金籙大齋補職說戒儀,1,8239,2204,,,
KR5b0171,金籙早朝儀,1,6264,1679,,,
KR5b0172,金籙午朝儀,1,5533,1474,,,
KR5b0173,金籙晚朝儀,1,6010,1595,,,
KR5b0174,金籙齋懺方儀,1,8290,2249,,,
KR5b0175,金籙解壇儀,1,5068,1274,,,
KR5b0176,金籙設醮儀,1,6406,1713,,,
KR5b0177,金籙放生儀,1,3713,948,,,
KR5b0178,金籙祈壽早朝儀,1,6067,1602,,,
KR5b0179,金籙祈壽午朝儀,1,6036,1592,,,
KR5b0180,金籙祈壽晚朝儀,1,5766,1540,,,
KR5b0181,金籙上壽三獻儀,1,3252,789,,,
KR5b0182,金籙延壽設醮儀,1,6360,1692,,,
KR5b0183,玄靈轉經早朝行道儀,1,8937,2362,,,
KR5b0184,玄靈轉經午朝行道儀,1,7927,2071,,,
KR5b0185,玄靈轉經晚朝行道儀,1,8501,2260,,,
KR5b0186,金籙十迴度人早朝開收儀,1,9981,2634,,,
KR5b0187,金籙十迴度人午朝開收儀,1,9545,2561,,,
KR5b0188,金籙十迴度人晚朝開收儀,1,6831,1814,,,
KR5b0189,金籙十迴度人早朝轉經儀,1,10371,2662,,,
KR5b0190,金籙十迴度人午朝轉經儀,1,7222,1844,,,
KR5b0191,金籙十迴度人晚朝轉經儀,1,8002,2040,,,
KR5b0192,金籙投簡儀,1,10167,2698,,,
KR5b0193,玉籙資度宿啟儀,1,6326,1663,,,
KR5b0194,玉籙資度解壇儀,1,7062,1836,,,
KR5b0195,玉籙資度設醮儀,1,6586,1762,,,
KR5b0196,玉籙資度早午晚朝儀,1,5754,1536,,,
KR5b0197,玉籙資度午朝儀,1,5912,1587,,,
KR5b0198,玉籙資度晚朝儀,1,6002,1632,,,
KR5b0199,玉籙生神資度轉經儀,1,24870,6723,,,
KR5b0200,玉籙生神資度開收儀,1,12798,3015,,,
KR5b0201,玉籙大齋第一日早朝儀,1,5904,1573,,,
KR5b0202,玉籙大齋第一日午朝儀,1,4841,1272,,,
KR5b0203,玉籙大齋第一日晚朝儀,1,4801,1255,,,
KR5b0204,玉籙大齋第二日早朝儀,1,5626,1500,,,
KR5b0205,玉籙大齋第二日午朝儀,1,5680,1521,,,
KR5b0206,玉籙大齋第二日晚朝儀,1,5514,1462,,,
KR5b0207,玉籙大齋第三日早朝儀,1,6479,1734,,,
KR5b0208,玉籙大齋第三日午朝儀,1,5650,1510,,,
KR5b0209,玉籙濟幽判斛儀,1,8876,2428,,,
KR5b0210,太上黃籙齋儀,59,539728,143154,,,
KR5b0211,無上黃籙大齋立成儀,58,137931,4174,,,
KR5b0212,黃籙救苦十齋轉經儀,1,18217,4988,,,
KR5b0213,黃籙十念儀,1,6059,1615,,,
KR5b0214,黃籙五老悼亡儀,1,5305,1323,,,
KR5b0215,黃籙齋十天尊儀,1,7145,1862,,,
KR5b0216,黃籙齋十洲三島拔度儀,1,11621,3255,,,
KR5b0217,黃籙九幽醮無礙夜齋次第儀,1,26405,7040,,,
KR5b0218,洞玄靈寶河圖仰謝三十六天齋儀,5,63564,17965,,,
KR5b0219,洞玄靈寶河圖仰謝三十六天土皇齋儀,5,58673,16626,,,
KR5b0220,靈寶半景齋儀,1,19263,5439,,,
KR5b0221,神功妙濟真君禮文,1,11438,2521,,,
KR5b0222,太上靈寶玉匱明真齋懺方儀,1,8076,2167,,,
KR5b0223,太上靈寶玉匱明真大齋懺方儀,1,8461,2328,,,
KR5b0224,太上靈寶玉匱明真大齋言功儀,1,16314,4453,,,
KR5b0225,洞玄靈寶自然券儀,1,7151,1977,,,
KR5b0226,洞玄靈寶自然齋儀,1,6169,1670,,,
KR5b0227,洞玄靈寶齋說光燭戒罰燈祝願儀,1,18354,5193,,,
KR5b0228,太上洞淵三昧神咒齋懺謝儀,1,20002,5662,,,
KR5b0229,太上洞淵三昧神咒齋清旦行道儀,1,8126,2197,,,
KR5b0230,太上洞淵三昧神咒齋十方懺儀,1,9132,2469,,,
KR5b0231,太上洞玄靈寶授度儀,1,55824,15915,,,
KR5b0232,靈寶五經提綱,1,10123,2816,,,
KR5b0233,洞玄靈寶玉籙簡文三元威儀自然真經,1,10522,3006,,,
KR5b0234,洞玄靈寶鐘磬威儀經,1,6461,1736,,,
KR5b0235,太極真人敷靈寶齋戒威儀諸經要訣,1,25053,7154,,,
KR5b0236,太上靈寶上元天官消愆滅罪懺,1,9913,2512,,,
KR5b0237,太上靈寶中元地官消愆滅罪懺,1,7848,1912,,,
KR5b0238,太上靈寶下元水官消愆滅罪懺,1,7903,1928,,,
KR5b0239,太上玄司滅罪紫府消災法懺,1,8858,2144,,,
KR5b0240,太上消滅地獄升陟天堂懺,1,12395,3257,,,
KR5b0241,太一救苦天尊說拔度血湖寶懺,1,14185,3669,,,
KR5b0242,青玄救苦寶懺,1,11792,3194,,,
KR5b0243,慈尊升度寶懺,1,8203,2109,,,
KR5b0244,東嶽大生寶懺,1,18853,4786,,,
KR5b0245,太上靈寶十方應號天尊懺,3,30519,8053,,,
KR5b0246,太上慈悲道場消災九幽懺,11,212156,57878,,,
KR5b0247,太上慈悲九幽拔罪懺,11,86593,21542,,,
KR5b0248,太上慈悲道場滅罪水懺,4,22973,5925,,,
KR5b0249,靈寶玉鑒目錄,1,25150,5826,,,
KR5b0250,靈寶玉鑒,42,593484,142792,,,
KR5b0251,太極祭煉內法,4,109714,31637,,,
KR5b0253,上清天樞院回車畢道正法,4,44011,11201,,,
KR5b0254,許真君受鍊形神上清畢道法要節文,1,1896,427,,,
KR5b0255,天樞都司須知令,1,4282,1096,,,
KR5b0256,天樞都司須知格,1,5437,1350,,,
KR5b0257,靈寶淨明天樞都司法院須知法文,1,3097,695,,,
KR5b0258,靈寶淨明院教師周真公起請畫,1,8909,2389,,,
KR5b0259,高上月宮太陰元君孝道仙王靈寶淨明黃素書,1,50425,13946,,,
KR5b0260,靈寶淨明黃素書釋義秘訣,1,12813,3496,,,
KR5b0261,太上靈寶淨明入道品,1,4821,1305,,,
KR5b0262,靈寶淨明院真師密誥,1,2540,588,,,
KR5b0264,太上靈寶淨明法序,2,1981,388,,,
KR5b0265,靈寶淨明大法萬道玉章秘訣,1,28184,7381,,,
KR5b0266,太上靈寶淨明秘法篇,1,18904,5053,,,
KR5b0267,靈寶淨明新修九老神印伏魔秘法,1,9580,2533,,,
KR5b0268,太上靈寶淨明飛仙度人經法,6,121939,31182,,,
KR5b0269,太上靈寶淨明飛仙度人經法釋例,1,7857,2221,,,
KR5b0270,太上淨明院補奏職局太玄都省須知,1,16192,4271,,,
KR5b0271,上清天心正法,7,87770,22033,,,
KR5b0272,上清北極天心正法,1,35388,9675,,,
KR5b0273,靈寶歸空訣,1,8365,2273,,,
KR5b0274,上清大洞九宮朝修秘訣上道,1,9191,2504,,,
KR5b0275,靈劍子,1,24191,7006,,,
KR5b0276,靈劍子引導子午記,1,13334,3565,,,
KR5b0277,養命機關金丹真訣,1,12211,3474,,,
KR5b0278,玄珠歌,1,3359,865,,,
KR5b0279,玄珠心鏡注,1,9613,2526,,,
KR5b0280,玄珠心鏡注,1,39102,10802,,,
KR5b0281,抱一函三秘訣,1,27151,7740,,,
KR5b0282,存神固氣論,1,7298,2018,,,
KR5b0283,攝生纂錄,1,30386,8768,,,
KR5b0284,養生秘錄,1,33706,9830,,,
KR5b0285,玄圃山靈⿷匚金秘錄,4,37252,8650,,,
KR5b0286,靈寶六丁秘法,1,14658,4000,,,
KR5b0287,魁罡六鎖秘法,1,31761,8563,,,
KR5b0288,太上三辟五解秘法,1,12779,3518,,,
KR5b0289,上清六甲祈禱秘法,1,10039,2705,,,
KR5b0290,貫鬥忠孝五雷武侯秘法,1,13496,3649,,,
KR5b0291,黃帝太乙八門入式訣,4,22337,5677,,,
KR5b0292,黃帝太一八門入式秘訣,1,11064,2578,,,
KR5b0293,黃帝太一八門逆順生死訣,1,19667,5031,,,
KR5b0294,太上赤文洞神三籙,1,19424,5121,,,
KR5b0295,道教靈驗記,16,177718,50100,,,
KR5b0296,錄異記,10,82515,23189,,,
KR5b0297,神仙感遇傳,6,83044,23670,,,
KR5b0298,歷代崇道記,2,22964,6641,,,
KR5b0299,體玄真人顯異錄,1,16066,4606,,,
KR5b0300,江淮異人錄,1,27171,7890,,,
KR5b0301,仙苑編珠,4,73423,19936,,,
KR5b0302,道跡靈仙記,1,17818,5080,,,
KR5b0303,十洲記,1,14455,4203,,,
KR5b0304,洞天福地嶽瀆名山記,1,16767,4427,,,
KR5b0305,梅仙觀記,1,29452,7577,,,
KR5b0306,金化赤松山志,1,19891,5529,,,
KR5b0307,仙都志,3,40874,11041,,,
KR5b0308,天臺山志,1,23050,6645,,,
KR5b0309,龍瑞觀禹穴陽明洞天圖經,1,3841,997,,,
KR5b0310,四明洞天丹山圖詠集,1,37390,10358,,,
KR5b0311,南嶽,1,29879,8267,,,
KR5b0312,玉音法事,4,48266,11164,,,
KR5b0313,上清諸真章頌,1,13514,3810,,,
KR5b0314,太上洞玄靈寶智慧禮讚,1,6673,1816,,,
KR5b0315,靈寶九幽長夜起屍度亡玄章,1,9209,2541,,,
KR5b0316,洞玄靈寶六甲玉女上宮歌章,1,3475,876,,,
KR5b0317,上清侍帝晨桐柏真人真圖讚,1,11589,2910,,,
KR5b0318,眾仙讚頌靈章,1,12139,3370,,,
KR5b0319,洞玄靈寶升玄步虛章序疏,1,14930,4075,,,
KR5b0320,赤松子章曆,7,175754,49426,,,
KR5b0321,廣成集,18,253116,71420,,,
KR5b0322,太上宣慈助化章,6,83339,23568,,,
KR5b0323,靈寶淨明院行遣式,1,15607,4069,,,
KR5b0324,天樞院都司須知行遣式,1,3633,847,,,
KR5c0001,太上老君說常清靜妙經,1,2692,664,,,
KR5c0002,太上玄靈鬥姆大聖元君本命延生心經,1,3320,867,,,
KR5c0003,太上玄靈北斗本命延生真經,1,10008,2368,,,
KR5c0004,太上玄靈北斗本命長生妙經,1,2353,560,,,
KR5c0005,太上說南斗六司延壽度人妙經,1,5358,1142,,,
KR5c0006,太上說東斗主算護命妙經,1,2354,360,,,
KR5c0007,太上說西斗記名護身妙經,1,3601,729,,,
KR5c0008,太上說中斗大魁保命妙經,1,3493,731,,,
KR5c0009,太上說中鬥大魁掌算伏魔神咒經,1,1833,421,,,
KR5c0010,太上北斗二十八章經,1,28626,8137,,,
KR5c0011,太上老君說救生真經,1,1492,312,,,
KR5c0012,太上老君說消災經,1,5773,1586,,,
KR5c0013,太上太清天童護命妙經,1,5134,1333,,,
KR5c0014,太上泰清皇老帝君運雷天童隱梵仙經,1,3557,951,,,
KR5c0015,太上老君說安宅八陽經,1,1629,366,,,
KR5c0016,太上老君說補謝八陽經,1,1581,350,,,
KR5c0017,太上說十鍊生神救護經,1,1425,297,,,
KR5c0018,太上飛步五星經,1,10670,2929,,,
KR5c0019,太上飛步南斗太微玉經,1,7743,2017,,,
KR5c0020,皇天上清金闕帝君靈書紫文上經,1,14553,3964,,,
KR5c0021,洞神八帝妙精經,1,28626,6328,,,
KR5c0022,太上老君內觀經,1,6496,1594,,,
KR5c0023,太上老君說了心經,1,792,8,,,
KR5c0024,太上老君內丹經,1,2827,539,,,
KR5c0025,太上內丹守一真定經,1,1191,87,,,
KR5c0026,太上老君內日用妙經,1,1508,152,,,
KR5c0027,太上老君外日用妙經,1,907,0,,,
KR5c0028,太上說轉輪五道宿命因緣經,1,8783,2277,,,
KR5c0029,太上化道度世仙經,1,13549,3633,,,
KR5c0030,太上老君說天妃救苦靈驗經,1,6680,1806,,,
KR5c0031,太上老君說長生益算妙經,1,7002,1788,,,
KR5c0032,太上洞神三元妙本福壽真經,1,8943,2464,,,
KR5c0033,太上老君說解釋咒詛經,1,2791,704,,,
KR5c0034,太上老君說五鬥金章受生經,1,7002,1885,,,
KR5c0035,太上洞神天公消魔護國經,4,21640,5839,,,
KR5c0036,太上說紫微神兵護國消魔經,1,3075,799,,,
KR5c0037,太上日月混元經,1,2049,499,,,
KR5c0038,太上洞神五星諸宿日月混常經,1,6821,1892,,,
KR5c0039,太上妙始經,1,7766,1971,,,
KR5c0040,太上浩元經,1,1530,168,,,
KR5c0041,混元八景真經,6,60845,17426,,,
KR5c0042,老子像名經,8,55985,11650,,,
KR5c0043,太上老君說報父母恩重經,1,7833,2186,,,
KR5c0044,玄天上帝說報父母恩重經,1,2608,639,,,
KR5c0045,道德真經,3,22395,5985,,,
KR5c0046,道德經古本篇,1,22975,6399,,,
KR5c0047,西昇經,4,70106,17850,,,
KR5c0048,無上妙道文始真經,4,39208,10492,尹喜,周,撰
KR5c0049,沖虛至德真經,9,107649,30104,,,
KR5c0050,洞靈真經,1,33986,9890,,,
KR5c0051,南華真經,11,209743,54532,,,
KR5c0052,太上無極大道自然真一五稱符經,3,31103,8238,,,
KR5c0053,太上老君說益算神符妙經,1,4338,1091,,,
KR5c0054,太上老君混元三部符,4,65724,8149,,,
KR5c0055,無上三元鎮宅靈籙,1,21434,6149,,,
KR5c0056,上清丹天三炁玉皇六辰飛綱司命大籙,1,7307,1551,,,
KR5c0058,大明太祖高皇帝禦注道德真經,3,84643,23351,,,
KR5c0059,唐玄宗禦注道德真經,5,81765,21315,,,
KR5c0060,唐玄宗禦制道德真經疏,11,182524,47976,,,
KR5c0062,唐玄宗禦制道德真經疏,5,102887,27629,,,
KR5c0063,宋徽宗禦解道德真經,5,115750,31028,,,
KR5c0064,宋徽宗道德真經解義,11,227652,61051,,,
KR5c0065,道德真經注,4,72125,20431,河上公,漢,注
KR5c0066,道德真經解,3,60229,17614,,,
KR5c0067,太上道德真經四子古道集解,11,190585,50292,,,
KR5c0068,道德真經傳,5,106111,29453,,,
KR5c0069,道德真經傳,5,118443,32634,,,
KR5c0070,道德真經三解,5,166833,46125,,,
KR5c0071,道德真經直解,5,85807,23521,,,
KR5c0072,道德真經論,5,33972,9532,,,
KR5c0073,道德真經注,5,61541,17646,王弼,魏,注
KR5c0074,道德真經注,5,85103,22759,蘇轍,宋,撰
KR5c0075,道德真經新注,4,58395,16839,,,
KR5c0076,道德寶章,2,44054,11677,葛長庚,宋,撰
KR5c0077,道德經註,3,72782,20997,徐大椿,清,撰
KR5c0078,道德真經指歸,8,199659,54831,嚴遵,漢,撰
KR5c0079,道德真經疏義,15,472226,128877,,,
KR5c0080,道德真經集解,5,108442,29309,,,
KR5c0081,道德真經全解,3,92501,25575,,,
KR5c0082,道德真經次解,3,52913,14395,,,
KR5c0085,太上道德真經章句訓頌,3,50714,13140,,,
KR5c0086,道德會元,3,82160,22902,,,
KR5c0087,道德真經解,4,115800,31841,,,
KR5c0088,道德真經口義,5,91620,25149,,,
KR5c0089,道德玄經原旨,5,111268,30896,,,
KR5c0090,玄經原旨發揮,3,77261,21624,,,
KR5c0091,道德真經註,5,124546,33022,吳澄,元,撰
KR5c0092,道德真經集解,5,134965,36568,,,
KR5c0093,道德真經集注,11,298007,78986,,,
KR5c0094,道德真經集注釋音,1,2303,550,,,
KR5c0095,道德真經集注,19,437995,118524,,,
KR5c0096,道德真經集註釋文,1,32754,9029,,,
KR5c0097,太上道德真經集註雜說,3,64876,17363,,,
KR5c0098,道德真經註疏,9,228661,59808,,,
KR5c0099,道德真經玄德篡疏,21,606992,161423,,,
KR5c0100,道德真經集義,11,301572,82477,,,
KR5c0101,道德經論兵要義述,5,67519,19203,,,
KR5c0102,道德真經藏室纂微開題,1,10950,3151,,,
KR5c0103,道德真經藏室篡微篇,10,221170,60309,,,
KR5c0104,道德真經藏室篡微開題科文疏,6,88797,24292,,,
KR5c0105,道德真經藏室篡微手鈔,2,48696,13322,,,
KR5c0106,道德真經衍義手鈔,21,242031,64142,,,
KR5c0107,道德真經取善集,13,282934,75817,,,
KR5c0108,道德真經疏義,7,72743,19186,,,
KR5c0109,道德真經注,3,40789,10955,,,
KR5c0110,道德真經義解,5,80212,21915,,,
KR5c0111,道德真經注,5,53750,14102,,,
KR5c0112,道德真經集義大旨,4,86145,24461,,,
KR5c0113,道德真經集義,18,751954,208571,,,
KR5c0114,道德真經廣聖義,52,824026,221235,,,
KR5c0115,西升經集注,7,106090,28337,,,
KR5c0116,文始真經注,10,263894,71581,,,
KR5c0117,文始真經 Wenshi Zhenjing,10,147028,39976,,,
KR5c0118,文子,3,134912,39971,辛鈃,周,撰
KR5c0119,文子纘義,13,212523,60498,杜道堅,宋,撰
KR5c0120,沖虛至德真經  齋口義,9,219148,61817,,,
KR5c0121,沖虛至德真經解,9,312681,89665,江遹,宋,撰
KR5c0122,沖虛至德真經義解,7,98923,27551,,,
KR5c0123,沖虛至德真經四解,21,489453,133833,,,
KR5c0125,列子,9,207429,60177,殷敬慎,唐,釋文
KR5c0127,南華真經義海纂微,105,1687279,456336,褚伯秀,宋,撰
KR5c0128,南華真經口義,33,673278,187936,林希逸,宋,撰
KR5c0129,南華真經章句音義,15,179976,50627,,,
KR5c0130,南華真經章句餘事,1,19555,5135,,,
KR5c0131,南華真經餘事雜錄,1,25338,7391,,,
KR5c0132,南華真經直音,1,14603,4061,,,
KR5c0133,南華邈,1,2626,638,,,
KR5c0134,南華內篇訂正,3,48627,13973,,,
KR5c0135,南華真經循本,31,405363,111657,,,
KR5c0136,南華真經新傳,21,375333,105454,王雱,宋,撰
KR5c0137,南華真經拾遺,1,8533,2366,,,
KR5c0138,莊子注,11,483510,142294,郭象,晉,注
KR5c0139,南華真經註疏,36,1083430,287306,,,
KR5c0140,通玄真經,13,237483,65447,,,
KR5c0141,洞靈真經,4,62139,15972,,,
KR5c0142,新雕洞靈真經,6,56052,15655,,,
KR5c0143,通玄真經纘義,13,211566,59463,,,
KR5c0145,通玄真經,8,170917,49979,,,
KR5c0146,太上玄靈北斗本命延生真經注,6,108654,28964,,,
KR5c0147,太上玄靈北斗本命延生真經註解,4,80361,19673,,,
KR5c0148,太上玄靈北斗本命延生經注,4,65319,17616,,,
KR5c0149,北斗七元金玄羽章,1,7808,2072,,,
KR5c0150,太上說玄天大聖真武本傳神咒妙經,7,158374,43904,,,
KR5c0151,太上老君說常清靜經註,1,7377,1784,,,
KR5c0152,太上老君說常清靜經注,1,77113,21509,,,
KR5c0153,太上老君說常清靜經注,1,25494,6925,,,
KR5c0154,太上老君說常清靜經注,1,22270,6034,,,
KR5c0155,太上老君說常清靜經注,1,38099,10499,,,
KR5c0156,太上老君說常清靜妙經篡圖解注,1,26861,7275,,,
KR5c0157,太上老君元道真經注解,1,16030,4409,,,
KR5c0158,太上太清天童護命妙經注,1,8011,2036,,,
KR5c0159,老子說五廚經註,1,6330,1422,,,
KR5c0160,太上三元飛星冠禁金書玉籙圖,1,7525,1937,,,
KR5c0161,上清金闕帝君五鬥三一圖訣,1,11065,2786,,,
KR5c0162,四氣攝生圖,1,29806,8264,,,
KR5c0163,太上通靈八史聖文真形圖,1,10591,2859,,,
KR5c0164,圖經衍義本草,7,119089,32217,,,
KR5c0165,圖經衍義本草,43,1395421,374717,,,
KR5c0166,混元聖紀,12,356601,98323,,,
KR5c0167,太上老君年譜要略,1,13634,3527,,,
KR5c0168,太上老君金書內序,1,6412,1800,,,
KR5c0169,太上混元老子史略,4,80646,22219,,,
KR5c0170,猶龍傳,7,127626,35710,,,
KR5c0171,太上說玄天大聖真武本傳神咒妙經,1,10820,2974,,,
KR5c0172,真武靈應真君增上佑聖尊號冊文,1,1358,272,,,
KR5c0173,章獻明肅皇后受上清畢法籙記,1,4423,1156,,,
KR5c0174,華蓋山浮邱王郭三真君事實,7,106024,28031,,,
KR5c0175,唐鴻臚卿越國公靈虛見素真人傳（唐葉真人傳）,1,37797,10999,,,
KR5c0176,地祇上將溫太保傳,1,17023,4972,,,
KR5c0177,地祇上將溫太保傳補遺,1,5209,1429,,,
KR5c0178,玄品錄,7,138535,39832,,,
KR5c0179,大滌洞天記,4,76533,21664,,,
KR5c0180,墉城集仙錄,8,117721,33865,,,
KR5c0181,太上老君戒經,1,26142,6685,,,
KR5c0182,老君音誦戒經,1,23558,6839,,,
KR5c0183,太上老君經律,1,13564,3907,,,
KR5c0184,太上經戒,1,19063,5435,,,
KR5c0185,三洞法服科戒文,1,11527,3200,,,
KR5c0186,正一法文天師教戒科經,1,24763,7209,,,
KR5c0187,女青鬼律,7,32109,8189,,,
KR5c0188,正一威儀經,1,19268,5529,,,
KR5c0189,玄門十事威儀,1,17994,5171,,,
KR5c0190,太清道德顯化儀,1,19895,5577,,,
KR5c0191,正一解厄醮儀,1,8142,2193,,,
KR5c0192,正一出官章儀,1,21367,6097,,,
KR5c0193,太上三五正一盟威閱籙醮儀,1,15290,4381,,,
KR5c0194,太上正一閱籙儀,1,16115,4557,,,
KR5c0195,正一指教齋儀,1,5602,1470,,,
KR5c0196,正一指教齋清旦行道儀,1,6023,1631,,,
KR5c0197,正一敕壇儀,1,6209,1605,,,
KR5c0198,正一醮宅儀,1,6313,1700,,,
KR5c0199,正一醮墓儀,1,3963,1020,,,
KR5c0200,太上洞神三皇儀,1,13348,3574,,,
KR5c0201,洞神三皇七十二君齋方懺儀,1,7204,1951,,,
KR5c0202,太上洞神太元河圖三元仰謝儀,1,27980,7612,,,
KR5c0203,太上金書玉牒寶章儀,1,13412,3787,,,
KR5c0204,天心正法修真道場設醮儀,1,12038,3319,,,
KR5c0205,太上三洞傳授道德經紫虛籙拜表儀,1,18328,5114,,,
KR5c0206,太上三五傍救醮五帝斷瘟儀,1,12253,3416,,,
KR5c0207,太上消災祈福醮儀,1,10664,2918,,,
KR5c0208,太上金櫃玉鏡延生洞玄燭幽懺,1,11763,3182,,,
KR5c0209,太上瑤台益算寶籍延年懺,1,8808,1968,,,
KR5c0210,太上正一朝天三八謝罪法懺,1,11924,3399,,,
KR5c0211,真武靈應護世消災滅罪寶懺,1,5702,1404,,,
KR5c0212,北極真武普慈度世法懺,13,108326,27846,,,
KR5c0213,北極真武佑聖真君禮文,1,12229,3351,,,
KR5c0214,太清中黃真經,3,32261,8531,,,
KR5c0215,太清導引養生經,1,18872,5419,,,
KR5c0216,太上養生胎息氣經,1,9612,2699,,,
KR5c0217,太清調氣經,1,24791,7255,,,
KR5c0218,太上老君養生訣,1,6499,1775,,,
KR5c0219,太清服氣口訣,1,8141,2298,,,
KR5c0220,莊周氣訣解,1,4636,1292,,,
KR5c0221,嵩山太無先生氣經,3,20492,5688,,,
KR5c0222,延陵先生集新舊服氣經,2,42522,12234,,,
KR5c0223,諸真聖胎神用訣,1,16097,4540,,,
KR5c0224,胎息抱一歌,1,3310,843,,,
KR5c0225,幻真先生服內元炁訣,1,15153,4308,,,
KR5c0226,胎息精微論,1,8584,2443,,,
KR5c0227,服氣精義論,1,12679,3604,,,
KR5c0228,氣法要妙至訣,1,13261,3827,,,
KR5c0229,上清司命茅真君修行指迷訣,1,6340,1765,,,
KR5c0230,神氣養形論,1,3281,877,,,
KR5c0231,存神鍊氣銘,1,3010,786,,,
KR5c0232,保生銘,1,1211,264,,,
KR5c0233,神仙食氣金櫃妙錄,1,17590,5012,,,
KR5c0234,枕中記,1,28042,8015,,,
KR5c0235,養性延命錄,3,36812,10614,,,
KR5c0236,三洞樞機雜說,1,14142,4008,,,
KR5c0237,彭祖攝生養性論,1,2719,689,,,
KR5c0238,孫真人攝養論,1,4885,1324,,,
KR5c0239,抱樸子養生論,1,2632,662,,,
KR5c0240,養生詠玄集,1,23368,6178,,,
KR5c0241,神仙服食靈草菖蒲丸方傳,1,5447,1512,,,
KR5c0242,上清經真丹秘訣,1,6398,1791,,,
KR5c0243,太清經斷穀法,1,10935,2936,,,
KR5c0244,太上肘後玉經方,1,5417,1401,,,
KR5c0245,混俗頤生錄,3,24968,7074,,,
KR5c0246,保生要錄,1,10449,2915,,,
KR5c0247,修真秘籙,1,10299,2872,,,
KR5c0248,三元延壽參贊書,4,95587,25732,,,
KR5c0249,太上保真養生論,1,5097,1396,,,
KR5c0250,養生辯疑訣,1,3250,865,,,
KR5c0251,太上三皇寶齋神仙上錄經,1,5949,1606,,,
KR5c0252,太清金闕玉華仙書八極神章三皇內秘文,1,55212,15736,,,
KR5c0253,三皇內文遺秘,1,11687,3133,,,
KR5c0254,秘藏通玄變化六陰洞微遁甲真經,4,49246,12969,,,
KR5c0255,太上洞神玄妙白猿真經,1,14082,3526,,,
KR5c0256,太上通玄靈印經,1,10821,3041,,,
KR5c0257,上清鎮元榮靈經,1,13650,3417,,,
KR5c0258,太上六壬明鑑陰符經,4,46585,11094,,,
KR5c0259,顯道經,1,13731,3908,,,
KR5c0260,神仙鍊丹點鑄三元寶照法,1,10064,2766,,,
KR5c0261,元陽子五假論,1,5015,1323,,,
KR5c0262,太清元極至妙神珠玉顆經,1,38667,10726,,,
KR5c0263,天老神光經,1,13166,3572,,,
KR5c0264,鬼穀子天髓靈文,2,48213,13184,,,
KR5c0265,先天玄妙玉女太上聖母資傳仙道,1,9581,2721,,,
KR5c0266,思印氣訣法,1,5668,1559,,,
KR5c0267,北斗治法武威經,1,7158,1871,,,
KR5c0268,太上除三屍九蟲保生經,1,21131,5744,,,
KR5c0269,太上老君玄妙枕中內德神咒經,1,2818,718,,,
KR5c0270,黃庭遁甲緣身經,1,10696,3031,,,
KR5c0271,紫庭內秘訣修行法,1,14103,3915,,,
KR5c0272,太上老君大存思圖注訣,1,18287,4782,,,
KR5c0273,太上五星七元空常訣,1,21076,5881,,,
KR5c0274,進延壽赤書表,1,1699,388,,,
KR5c0275,上玄高真延壽赤書,1,16178,4604,,,
KR5c0276,紫團丹經,1,20599,5963,,,
KR5c0277,上清金書玉字上經,1,8463,2359,,,
KR5c0278,太清金液神丹經,4,54373,15727,,,
KR5c0279,太清石壁記,4,43950,11804,,,
KR5c0280,太清金液神氣經,4,34270,9571,,,
KR5c0281,太清經天師口訣,1,15550,4450,,,
KR5c0282,太清修丹秘訣,1,8146,2258,,,
KR5c0283,黃帝九鼎神丹經訣,20,197816,55051,,,
KR5c0284,九轉靈砂大丹資聖玄經,1,12428,3481,,,
KR5c0285,張真人金石靈砂論,1,10848,3075,,,
KR5c0286,魏伯陽七返丹砂訣,1,5331,1329,,,
KR5c0287,太極真人九轉還丹經要訣,1,8070,2197,,,
KR5c0288,大洞鍊真寶經修伏靈砂妙訣,1,27380,7967,,,
KR5c0289,大洞鍊真寶經九還金丹妙訣,1,18511,5349,,,
KR5c0290,太上衛靈神化九轉丹砂法,1,7420,2057,,,
KR5c0291,九轉靈砂大丹,1,12268,3465,,,
KR5c0292,九轉青金靈砂丹,1,4865,1294,,,
KR5c0293,陰陽九轉成紫金點化還丹訣,1,5126,1397,,,
KR5c0294,玉洞大神丹砂真要訣,1,21437,6102,,,
KR5c0295,靈砂大丹秘訣,1,21911,6041,,,
KR5c0296,碧玉朱砂寒林玉樹匣,1,8129,2226,,,
KR5c0297,大丹記,1,6537,1746,,,
KR5c0298,丹房需知,1,13278,3676,,,
KR5c0299,石藥爾雅,3,20153,5522,,,
KR5c0300,稚川真人校證術,1,8634,2322,,,
KR5c0301,純陽真人藥石制,1,9297,2286,,,
KR5c0302,金碧五相類參同契,4,40412,10780,,,
KR5c0303,參同契五相類秘要,1,9678,2738,,,
KR5c0304,陰真君金石五相類,1,45914,13493,,,
KR5c0305,金石簿五九數訣,1,8186,2099,,,
KR5c0306,上清九真中經內訣,1,5382,1437,,,
KR5c0307,龍虎還丹訣,3,64131,17604,,,
KR5c0308,金華玉液大丹,1,19385,5348,,,
KR5c0309,感氣十六轉金丹,1,9607,2524,,,
KR5c0310,修鍊大丹要旨,3,39025,10866,,,
KR5c0311,通幽訣,1,29153,8484,,,
KR5c0312,金華冲碧丹經祕旨傳,1,5137,1413,,,
KR5c0313,金華沖碧丹經秘旨,2,21569,5780,,,
KR5c0314,還丹肘後訣,3,50274,14111,,,
KR5c0315,蓬萊山西竈還丹歌,3,45246,11732,,,
KR5c0316,抱朴子神仙金汋經,5,33845,9338,,,
KR5c0317,神仙傳,11,114564,32517,葛洪,晉,撰
KR5c0318,諸家神品丹法,7,101875,28858,,,
KR5c0319,鉛汞甲庚至寶集成,6,89526,24999,,,
KR5c0320,丹房奧論,1,18673,5385,,,
KR5c0321,指歸集,1,12677,3610,,,
KR5c0322,還金述,2,9352,2551,,,
KR5c0323,大丹鉛汞論,1,9194,2566,,,
KR5c0324,真元妙道要略,1,21051,6106,,,
KR5c0325,丹方鑑源,4,13793,3115,,,
KR5c0326,大還丹照鑑,1,23731,6723,,,
KR5c0327,太清玉碑子,1,12098,3418,,,
KR5c0328,懸解錄,1,9730,2771,,,
KR5c0329,軒轅黃帝水經藥法,1,13350,3660,,,
KR5c0330,三十六水法,1,9769,2506,,,
KR5c0331,巨勝歌,1,5096,1373,,,
KR5c0332,白雲仙人靈草歌,1,9818,2358,,,
KR5c0333,種芝草法,1,5010,1380,,,
KR5c0334,太白經,1,11310,3207,,,
KR5c0335,丹論訣旨心鑒,1,15501,4471,,,
KR5c0336,大還心鑒,1,4709,1277,,,
KR5c0337,大還丹金虎白龍論,1,5699,1528,,,
KR5c0338,大丹篇,1,10518,3005,,,
KR5c0339,大丹問答,1,4010,1079,,,
KR5c0340,金木萬靈論,1,4407,1212,,,
KR5c0341,紅鉛入黑鉛訣,1,5953,1604,,,
KR5c0342,通玄秘術,1,22828,6192,,,
KR5c0343,靈飛散傳言錄,1,6610,1807,,,
KR5c0344,門公妙解錄,1,8369,2370,,,
KR5c0345,玄霜掌上錄,1,2406,629,,,
KR5c0346,太極真人雜丹藥方,1,13354,3363,,,
KR5c0347,玉清內書,1,22664,6556,,,
KR5c0348,神仙養生秘術,1,17371,4390,,,
KR5c0349,太古土兌經,4,26564,6913,,,
KR5c0350,上洞心丹經訣,3,47359,13127,,,
KR5c0351,許真君石函記,3,47742,13802,,,
KR5c0352,九轉流珠神仙九丹經,3,33332,9549,,,
KR5c0353,庚道集,10,223033,60798,,,
KR5c0354,太上混元真錄,1,30645,8962,,,
KR5c0355,終南山祖庭仙真內傳,4,88016,25580,,,
KR5c0356,終南山說經台歷代真仙碑記,1,19191,5268,,,
KR5c0357,古樓觀紫雲衍慶集,4,70451,19834,,,
KR5c0358,玄天上帝啟聖錄,9,198024,57302,,,
KR5c0359,大明玄天上帝瑞應圖錄,1,15395,3805,,,
KR5c0360,禦制真武廟碑,1,3167,789,,,
KR5c0361,玄天上帝啟聖靈異錄,1,19102,5511,,,
KR5c0362,武當福地總真集,4,62480,16854,,,
KR5c0363,武當紀勝集,1,25811,6615,,,
KR5c0364,西川青羊宮碑銘,1,27295,7909,,,
KR5c0365,宋東太一宮碑銘,1,5133,1415,,,
KR5c0366,宋西太乙宮碑銘,1,5152,1424,,,
KR5c0367,宋中太乙宮碑銘,1,5207,1445,,,
KR5c0368,龍角山記,1,27542,7931,,,
KR5c0369,天壇王屋山聖跡記,1,17052,4905,,,
KR5c0371,唐嵩高山啟母廟碑銘,1,8361,2332,,,
KR5c0372,宮觀碑誌,1,37785,11102,,,
KR5c0373,甘水仙源錄,11,310457,90433,,,
KR5c0374,太上老君說常清靜經頌注,1,7419,1957,,,
KR5c0375,北斗七元金玄羽章,1,2747,660,,,
KR5c0376,太上洞神五星讚,1,7840,2235,,,
KR5c0377,道德篇章玄頌,3,60188,15938,,,
KR5c0378,道德真經頌,1,10442,2621,,,
KR5c0379,明真破妄章頌,1,5691,1389,,,
KR5c0380,諸真歌頌,1,19865,5329,,,
KR5c0381,大明禦制玄教樂章,1,8659,2290,,,
KR5c0382,太上三洞表文,1,67269,18149,,,
KR5c0383,萃善錄,3,48699,13473,,,
KR5c0384,御定道德經註,3,104593,30196,成克鞏,清,纂
KR5c0385,老子說略,3,72097,20342,張爾岐,清,撰
KR5d0001,玄精碧匣靈寶聚玄經,4,69480,19382,,,
KR5d0002,太上洞玄靈寶三一五氣真經,1,7508,2128,,,
KR5d0003,太上清靜元洞真文玉字妙經,1,5735,1537,,,
KR5d0004,太上洞玄靈寶天關經,1,6315,1767,,,
KR5d0005,上清無英真童合遊內變玉經,1,3055,789,,,
KR5d0006,上清神寶洞房真諱上經,1,6926,1917,,,
KR5d0007,洞玄靈寶九真人五複三歸行道觀門經,1,7851,2098,,,
KR5d0008,太上長文大洞靈寶幽玄上品妙經,1,12042,3407,,,
KR5d0009,太上長文大洞靈寶幽玄上品妙經發揮,1,18852,5162,,,
KR5d0010,上清秘道九精回曜合神上真玉經,1,4523,1235,,,
KR5d0011,上清太淵神龍瓊胎乘景上玄玉章,1,3993,1038,,,
KR5d0012,淵源道妙洞真繼篇,1,63334,17579,,,
KR5d0013,古文龍虎經註疏,4,76498,20751,王道,宋,撰
KR5d0014,古文龍虎上經注,1,15753,4253,,,
KR5d0015,讀龍虎經,1,2816,725,,,
KR5d0016,周易參同契,4,88700,23839,,,
KR5d0017,周易參同契注,4,68818,18784,,,
KR5d0018,周易參同契,3,44518,12355,朱熹,宋,撰
KR5d0019,周易參同契分章通真義,4,81866,22513,彭曉,後蜀,撰
KR5d0020,周易參同契鼎器歌明鏡圖,1,10457,2733,,,
KR5d0021,周易參同契注,3,91016,24810,,,
KR5d0022,周易參同契發揮,10,218460,59915,,,
KR5d0023,周易參同契分章注,4,130087,36563,陳致虛,元,撰
KR5d0024,周易參同契釋疑,1,26138,7246,俞琰,宋,撰
KR5d0027,周易參同契,4,44790,12118,,,
KR5d0028,易外別傳,1,21688,5802,俞琰,宋,撰
KR5d0029,席上腐談,3,59180,17165,俞琰,宋,撰
KR5d0030,玄牝之門賦,1,4112,1090,,,
KR5d0031,易筮通變,4,43521,12489,,,
KR5d0032,空山先生易圖通變,1,3911,1047,,,
KR5d0033,河圖,1,743,78,,,
KR5d0034,易圖通變,6,55936,15938,,,
KR5d0035,金鎖流珠引,28,439494,123050,,,
KR5d0036,真誥,21,428150,123373,陶弘景,梁,撰
KR5d0038,亢倉子注,3,56772,15761,,,
KR5d0039,道樞,43,802440,232889,,,
KR5d0040,黃帝內經素問補注釋文,51,1058022,284522,,,
KR5d0041,黃帝內經靈樞略,1,9257,2648,,,
KR5d0042,黃帝素問靈樞集注,24,238598,67472,,,
KR5d0043,黃帝內經素問遺篇,6,70631,18907,,,
KR5d0044,素問入式運氣論奧,4,67462,18983,,,
KR5d0045,素問六氣玄珠密語,18,284343,79422,,,
KR5d0047,黃帝八十一難經纂圖句解,7,165435,42604,,,
KR5d0048,鬼穀子,4,81808,22227,,,
KR5d0050,素履子,4,17921,4883,,,
KR5d0051,無能子,4,34845,9731,闕名,唐,撰
KR5d0052,玄真子外篇,4,26137,7295,張志和,唐,撰
KR5d0053,劉子,11,168560,46944,,,
KR5d0054,山海經,19,208211,56538,,,
KR5d0055,雲笈七籤,124,2652552,755063,張君房,宋,撰
KR5d0056,至言總,6,65843,18728,,,
KR5d0057,太玄寶典,4,29302,8036,,,
KR5d0058,體道論,1,32740,9511,,,
KR5d0059,坐忘論,2,20932,5988,,,
KR5d0060,大道論,1,27748,8052,,,
KR5d0061,心目論,1,4420,1223,,,
KR5d0062,三論元旨,1,23059,6757,,,
KR5d0063,皇極經世,24,1190967,247000,,,
KR5d0064,靈棋本章正經,3,93385,24734,,,
KR5d0065,伊川擊壤集,21,272652,73015,,,
KR5d0066,太上修真玄章,1,7042,1948,,,
KR5d0067,化書,7,44438,11874,,,
KR5d0068,海客論,1,25995,7650,,,
KR5d0069,悟玄篇,1,11259,3051,,,
KR5d0070,太虛心淵篇,1,5505,1285,,,
KR5d0071,玄珠錄,3,43370,12447,,,
KR5d0072,雲宮法語,3,23994,6638,,,
KR5d0073,華陽陶隱居集,1,250,0,,,
KR5d0074,宗玄先生文集,4,63853,18128,,,
KR5d0075,宗玄先生玄綱論,3,64890,18478,,,
KR5d0076,吳尊師傳,1,1701,380,,,
KR5d0077,南統大君內丹九章經,1,5449,1452,,,
KR5d0078,純陽真人渾成集,3,32360,8964,,,
KR5d0079,晉真人語錄,1,13557,3745,,,
KR5d0080,丹陽真人語錄,1,16463,4752,,,
KR5d0081,無為清靜長生真人至真語錄,1,35634,10335,,,
KR5d0082,盤山棲雲王真人語錄,1,47430,13971,,,
KR5d0083,清庵瑩蟾子語錄,7,90585,24286,,,
KR5d0084,上清太玄集,11,200835,54938,,,
KR5d0085,進洞天海嶽表,1,4490,1012,,,
KR5d0086,洞淵集,10,55405,15044,,,
KR5d0087,洞淵集,6,105830,29824,,,
KR5d0088,玄教大公案,3,70676,19908,,,
KR5d0089,玄宗直指萬法同歸,8,151967,41976,,,
KR5d0090,上陽子金丹大要,17,225197,64433,,,
KR5d0091,上陽子金丹大要圖,1,10193,1973,,,
KR5d0092,上陽子金丹大要列仙志,1,8736,2313,,,
KR5d0093,上陽子金丹大要仙派,1,9293,2433,,,
KR5d0094,原陽子法語,3,29228,8193,,,
KR5d0095,金丹直指,1,12762,3616,,,
KR5d0096,道禪集,1,8934,2526,,,
KR5d0097,還真集,4,71989,19265,,,
KR5d0098,通玄篇,1,14755,4070,,,
KR5d0099,隨機應化錄,3,43610,11307,,,
KR5d0100,修鍊須知,1,21516,6272,,,
KR5d0101,玉室經,1,4602,1204,,,
KR5d0102,真人高象先金丹歌,1,7568,2147,,,
KR5d0103,金丹真一論,1,23229,6546,,,
KR5d0104,金丹四百字,1,11970,3332,,,
KR5d0105,龍虎還丹訣頌,1,17031,4560,,,
KR5d0106,龍虎元旨,1,9733,2793,,,
KR5d0107,龍虎還丹歌訣,1,15733,4275,,,
KR5d0108,內丹秘訣,1,11517,3280,,,
KR5d0109,漁莊邂逅錄,1,11685,3314,,,
KR5d0110,金丹正宗,1,10999,3099,,,
KR5d0111,還丹復命篇,1,11861,3331,,,
KR5d0112,爰清子至命篇,3,19401,4913,,,
KR5d0113,翠虛篇,1,28529,8297,,,
KR5d0114,還源篇,1,6959,1828,,,
KR5d0115,還丹至藥篇,1,3882,1005,,,
KR5d0116,亶甲集,1,6185,1694,,,
KR5d0117,金液大丹詩,1,12879,3651,,,
KR5d0118,證道歌,1,4816,1269,,,
KR5d0119,陳先生內丹訣,1,24607,6687,,,
KR5d0120,洞元子內丹訣,3,43232,12296,,,
KR5d0121,內丹還元訣,1,3266,816,,,
KR5d0122,長生指要篇,1,19352,5531,,,
KR5d0123,鳴鶴餘音,10,162295,43991,,,
KR5e0001,太平經鈔,11,235095,68780,,,
KR5e0002,太平經,58,650880,185476,,,
KR5e0003,太平經複文序,1,2446,644,,,
KR5e0004,太平經聖君秘旨,1,6431,1767,,,
KR5e0005,太上靈寶淨明洞神上品經,3,30812,8588,,,
KR5e0006,太上靈寶淨明玉真樞真經,1,2650,627,,,
KR5e0007,太上靈寶淨明道元正印經,1,1560,344,,,
KR5e0008,太上靈寶淨明天尊說禦瘟經,1,3855,1003,,,
KR5e0009,太上靈寶首入淨明四規明鑑經,1,6017,1647,,,
KR5e0010,太上靈寶淨明九仙水經,1,4658,1245,,,
KR5e0011,太上靈寶淨明中黃八柱經,2,6285,1593,,,
KR5e0012,淨明忠孝全書,7,108971,31173,,,
KR5e0013,太玄真一本際妙經,1,18475,5320,,,
KR5e0014,太上洞玄靈寶八仙王教戒經,1,7124,1998,,,
KR5e0015,太上洞玄靈寶國王行道經,1,12346,3546,,,
KR5e0016,太上洞玄靈寶本行宿願經,1,17621,5127,,,
KR5e0017,太上洞玄靈寶本行因緣經,1,8749,2492,,,
KR5e0018,洞玄靈寶太上真人問疾經,1,33513,9795,,,
KR5e0019,太極左仙公說神符經,1,8015,2298,,,
KR5e0020,太上洞玄靈寶飛行三界通微內思妙經,1,15425,4396,,,
KR5e0021,洞玄靈寶玄一真人說生死輪轉因緣經,1,8925,2525,,,
KR5e0022,太上洞玄靈寶中和經,1,11208,3236,,,
KR5e0023,太上洞玄靈寶三十二天尊應號經,1,21290,5231,,,
KR5e0024,太上靈寶升玄內教經中和品述議疏,1,47157,13303,,,
KR5e0025,一切道經音義妙門由起,1,43257,12666,,,
KR5e0026,洞玄靈寶玄門大義,1,21703,6288,,,
KR5e0027,洞玄靈寶三洞奉道科戒營始,7,73954,20650,,,
KR5e0028,洞玄靈寶道學科儀,1,42392,12269,,,
KR5e0029,陸先生道門科略,1,10357,2979,,,
KR5e0030,道門經法相承次序,4,61476,17109,,,
KR5e0031,道教義樞,10,113330,32360,,,
KR5e0032,道典論,5,61521,17451,,,
KR5e0033,太上妙法本相經,4,56328,16266,,,
KR5e0034,上清道類事相,5,56023,16128,,,
KR5e0035,上方靈寶無極至道開化真經,4,60735,16239,,,
KR5e0036,上方鈞天演範真經,1,1460,303,,,
KR5e0037,太平兩同書,3,24298,6901,,,
KR5e0038,洞玄靈寶左玄論,5,52558,15135,,,
KR5e0039,上清太玄鑒誡論,1,11426,3244,,,
KR5e0040,無上秘要,68,836094,231652,,,
KR5e0041,三洞珠囊,11,210891,60701,,,
KR5e0042,雲山集,9,163009,44216,,,
KR5e0043,仙樂集,6,81504,22233,,,
KR5e0044,漸悟集,3,68965,18395,,,
KR5e0045,草堂集,1,38436,10530,,,
KR5e0046,自然集,1,10275,2776,,,
KR5e0047,玄虛子鳴真集,1,10672,2917,,,
KR5e0048,葆光集,1,79512,21176,,,
KR5e0049,西雲雪,4,27769,7296,,,
KR5e0050,勿齋先生文集,3,55869,16040,,,
KR5e0051,洞玄金玉集,11,170550,44751,,,
KR5e0052,丹陽神光燦,1,37879,10761,,,
KR5e0053,悟真集,3,34460,9210,,,
KR5e0054,雲光集,5,113302,30462,,,
KR5e0055,重陽全真集,14,223920,61474,,,
KR5e0056,重陽教化集,4,63750,17441,,,
KR5e0057,重陽分梨十化集,3,22835,6014,,,
KR5e0058,重陽真人金闕玉鎖訣,1,25170,7377,,,
KR5e0059,馬自然金丹口訣,1,2686,685,,,
KR5e0060,重陽真人授丹陽二十四訣,1,4799,1346,,,
KR5e0061,磻溪集,7,103165,27975,,,
KR5e0062,譚先生水雲集,4,57771,15790,,,
KR5e0063,太古集,5,39562,10316,,,
KR5e0064,孫真人備急千金要方目錄,2,62631,13936,,,
KR5e0065,孫真人備急千金要方,94,1651134,422823,,,
KR5e0066,急救仙方,12,175143,44679,,,
KR5e0067,仙傳外科秘方,12,185763,48497,,,
KR5e0068,法海遺珠,47,690022,169624,,,
KR5f0001,太上感應篇,31,442328,117414,,,
KR5f0002,太上老君中經,3,46044,13157,,,
KR5f0003,太上老君清靜心經,1,2674,642,,,
KR5f0004,太上老君說上七滅罪集福妙經,1,3389,832,,,
KR5f0005,鬻子,3,24592,6420,,,
KR5f0006,公孫龍子,4,31499,8991,,,
KR5f0007,尹文子,3,20738,5813,,,
KR5f0008,子華子,11,66519,18371,,,
KR5f0009,鶡冠子,4,116107,33397,,,
KR5f0010,墨子,16,262347,76065,,,
KR5f0011,韓非子,21,396599,114846,,,
KR5f0012,黃石公素書,1,16258,4240,,,
KR5f0013,黃石公素書,1,19907,5343,,,
KR5f0014,孫子注解,14,443634,119758,,,
KR5f0015,孫子遺說,1,27529,8051,,,
KR5f0016,天原發微,19,495098,135211,,,
KR5f0017,集注太玄經,7,247892,67375,,,
KR5f0018,淮南鴻烈解,30,690266,199895,,,
KR5f0019,抱樸子內篇,21,262967,75491,葛洪,晉,撰
KR5f0020,抱樸子別旨,1,2190,564,,,
KR5f0021,抱樸子外篇,52,293517,80862,,,
KR5f0022,橐籥子,1,7205,1971,,,
KR5f0023,隱丹內篇,1,2628,641,,,
KR5f0024,天機經,1,7733,2117,,,
KR5f0025,秘傳正陽真人靈寶畢法,4,48763,13859,,,
KR5g0001,大慧靜慈妙樂天尊說福德五聖經,1,7482,1996,,,
KR5g0002,太上正一呪鬼經,1,10544,3017,,,
KR5g0003,太上洞玄靈寶天尊說羅天大醮上品妙經,1,3124,818,,,
KR5g0004,老君變化無極經,1,9236,2641,,,
KR5g0005,太上金華天尊救劫護命妙經,1,3061,775,,,
KR5g0006,無上三天法師說蔭育眾生妙經,1,5400,1477,,,
KR5g0007,太上說青玄雷令法行因地妙經,1,4725,1251,,,
KR5g0008,上清太霄隱書元真洞飛二景經,1,6595,1760,,,
KR5g0009,洞玄靈寶太上六齋十直聖紀經,1,10054,2799,,,
KR5g0010,道要靈祇神鬼品經,1,22242,6174,,,
KR5g0011,洞神八帝元變經,1,39167,10968,,,
KR5g0012,太上三天正法經,1,12829,3705,,,
KR5g0013,太上正一法文經,1,7932,2204,,,
KR5g0014,三天內解經,3,16441,4574,,,
KR5g0015,上清明鑑要經,1,13598,3812,,,
KR5g0016,太上明鑑要經,1,10674,2877,,,
KR5g0017,太上三五正一盟威籙,7,79537,18027,,,
KR5g0018,太上正一盟威法籙,1,28665,7214,,,
KR5g0019,正一法文十籙召儀（附：正一法文傳都功版儀）,1,25129,6973,,,
KR5g0020,正一法文傳都功版儀,1,4991,1158,,,
KR5g0021,醮三洞真文五法正一盟威籙立成儀,1,22539,6260,,,
KR5g0022,太上玄天真武無上將軍籙,1,6480,1544,,,
KR5g0023,高上大洞文昌司祿紫陽寶籙,4,38516,9539,,,
KR5g0024,太上北極伏魔神咒殺鬼籙,1,14080,3645,,,
KR5g0025,太上正一延生保命籙,1,7350,1912,,,
KR5g0026,太上正一解五音咒詛秘籙,1,5657,1442,,,
KR5g0027,正一法文經章官品,5,63457,17487,,,
KR5g0028,高上神霄玉清真王紫書大法,13,252720,63354,,,
KR5g0029,道法會元,269,4435961,1108793,,,
KR5g0030,上清靈寶大法,67,1464259,358201,,,
KR5g0031,上清靈寶大法目錄,1,28355,7143,,,
KR5g0032,上清靈寶大法,44,851956,228095,,,
KR5g0033,道門定制,11,251787,66020,,,
KR5g0034,道門科範大全集,88,616383,165053,,,
KR5g0035,道門通教必用集,10,154601,42236,,,
KR5g0036,太上助國救民總真秘要,11,201217,53803,,,
KR5g0037,正一論,1,6731,1863,,,
KR5g0038,全真坐缽捷法,1,3548,909,,,
KR5g0039,太平禦覽,4,40762,11320,,,
KR5g0040,道書援神契,1,6397,1624,,,
KR5g0041,道門十規,1,21403,5848,,,
KR5g0042,重陽立教十五論,1,5494,1456,,,
KR5g0043,丹陽真人直言,1,3244,869,,,
KR5g0044,全真清規,1,16877,4770,,,
KR5g0045,太上出家傳度儀,1,13749,3814,,,
KR5g0046,三洞修道儀,1,11768,3312,,,
KR5g0047,傳授經戒儀注訣,1,19733,5649,,,
KR5g0048,正一修真略儀,1,20728,5825,,,
KR5g0049,洞玄靈寶道士受三洞經誡法籙擇日曆,1,8744,2405,,,
KR5g0050,傳授三洞經戒法籙略說,1,66457,19160,,,
KR5g0051,正一法文籙部儀,1,24976,7128,,,
KR5g0052,正一法文太上外籙儀,1,30378,8668,,,
KR5g0053,受籙次第法信儀,1,23037,5957,,,
KR5g0054,洞玄靈寶道士明鏡法,1,2815,724,,,
KR5g0055,洞玄靈寶課中法,1,7397,1976,,,
KR5g0056,太清玉司左院秘要上法,1,10075,2216,,,
KR5g0057,三洞群仙錄,21,416031,113058,,,
KR5g0058,三十代天師虛靖先生語錄,8,62899,16768,,,
KR5g0059,沖虛通妙侍宸王先生家話,1,16995,4933,,,
KR5g0060,虛靖沖和先生徐神翁語錄,3,48281,13876,,,
KR5g0061,靜余玄問,1,5909,1642,,,
KR5g0062,道法心傳,1,31335,8539,,,
KR5g0063,雷法議玄篇,1,14608,4022,,,
KR5g0064,老子微旨例略,1,8916,2566,,,
KR5g0065,真仙直指語錄,3,41981,12131,,,
KR5g0066,群仙要語纂集,1,43661,12833,,,
KR5g0067,諸真內丹集要,4,42460,11850,,,
KR5g0068,龍虎精微論,1,8122,2209,,,
KR5g0069,三要達道篇,1,2028,507,,,
KR5g0070,六根歸道篇,1,2824,733,,,
KR5g0071,意林,7,174821,49474,,,
KR5g0072,莊列十論,1,22855,6664,,,
KR5g0073,離峯老人集,3,48797,12771,,,
KR5g0074,北帝七元紫庭延生秘訣,1,8550,2304,,,
KR5g0075,鄧天君玄靈八門報應內旨,1,12670,3242,,,
KR5g0076,九天上聖秘傳金符經,1,12548,3185,,,
KR5g0077,天皇太一神律避穢經,1,2028,490,,,
KR5g0078,上清修身要事經,1,29444,8422,,,
KR5g0079,正一法文修真旨要,1,20914,6023,,,
KR5g0080,洞玄靈寶真人修行延年益演算法,1,11303,3149,,,
KR5g0081,三洞道士居山修鍊科,1,29634,8582,,,
KR5g0082,正一天師告趙升口訣,1,5692,1604,,,
KR5g0083,玄和子十二月卦金訣,1,8654,2240,,,
KR5g0084,雨暘氣候親機,1,16041,4036,,,
KR5g0085,盤天經,1,14957,4061,,,
KR5g0086,道法宗旨圖衍義,3,31392,8453,,,
KR5g0087,洞玄靈寶五感文,1,9353,2587,,,
KR5g0088,靈書肘後鈔,1,6339,1773,,,
KR5g0089,玄壇刊誤論,1,16752,4780,,,
KR5g0090,五嶽真形序論,1,27498,7747,,,
KR5g0091,高上神霄宗師受經式,1,7211,2026,,,
KR5g0092,太上洞神行道授度儀,1,14642,4026,,,
KR5g0093,太上洞神三皇傳授儀,1,15224,4214,,,
KR5g0094,翊聖保德傳,4,34210,9565,,,
KR5g0095,廬山太平興國宮訪真君事實,8,134413,38388,,,
KR5g0096,正一法文經護國醮海品,1,11295,3087,,,
KR5g0097,元辰章醮立成曆,3,33644,9329,,,
KR5g0098,六十甲子本命元辰曆,1,7949,2280,,,
KR5g0099,太上洞神洞淵神咒治病口章,1,36146,10464,,,
KR5g0100,上清經秘訣,1,2187,553,,,
KR5g0101,靈寶鍊度五仙安靈鎮神黃繒章法,1,7888,2239,,,
KR5g0102,上清太微帝君結帶真文法,1,1672,380,,,
KR5g0103,上清黃書過度儀,1,26855,7662,,,
KR5g0104,太上洞玄靈寶二部傳授儀,1,10059,2742,,,
KR5g0105,洞玄靈寶八節齋宿啟儀,1,8093,2174,,,
KR5g0106,洞玄靈寶五老攝召北豐鬼魔赤書玉訣,1,7601,2146,,,
KR5g0107,四聖真君靈簽,1,51278,13817,,,
KR5g0108,玄真靈應寶簽,4,102332,26648,,,
KR5g0109,大慈好生九天衛房聖母元君靈應寶簽,1,19697,5023,,,
KR5g0110,洪恩靈濟真君靈簽,1,8284,1805,,,
KR5g0111,靈濟真君注生堂靈簽,1,9929,2150,,,
KR5g0112,扶天廣聖如意靈簽,1,62898,15651,,,
KR5g0113,贛州聖濟廟靈跡碑,1,6087,1691,,,
KR5g0114,護國嘉濟江東王靈簽,1,35061,9169,,,
KR5g0115,葛仙翁肘後備急方,9,303050,82549,,,
KR5g0116,海瓊白真人語錄,5,91145,26234,,,
KR5g0117,海瓊問道集,1,25350,7411,,,
KR5g0118,海瓊傳道集,1,17517,4500,,,
KR5g0119,清和真人北遊語錄,5,84598,24553,,,
KR5g0120,峴泉集,13,316764,90795,,,
KR5g0121,太上大道玉清經,11,334262,97566,,,
KR5g0122,洞真高上玉帝大洞雌一玉檢五老寶經,1,62351,17778,,,
KR5g0123,洞真太上素靈洞元大有妙經,1,72358,21131,,,
KR5g0124,洞真上清青要紫書金根眾經,3,45397,12949,,,
KR5g0125,洞真上清太微帝君步天綱飛地紀金簡玉字上經,1,25316,7088,,,
KR5g0126,洞真上清開天三圖七星移度經,3,30324,8535,,,
KR5g0127,洞真太上三元流珠經,1,5996,1613,,,
KR5g0128,洞真西王母寶神起居經,1,19780,5688,,,
KR5g0129,洞真太上八素真經精耀三景妙訣,1,5583,1476,,,
KR5g0130,洞真太上八素真經修習功業妙訣,1,14038,3968,,,
KR5g0131,洞真太上八素真經三五行化妙訣,1,12287,3537,,,
KR5g0132,洞真太上八素真經服食日月皇華訣,1,23506,6675,,,
KR5g0133,洞真太上八素真經登壇符劄妙訣,1,13459,3804,,,
KR5g0134,洞真太上八素真經占候入定妙訣,1,11026,3160,,,
KR5g0135,洞真上清龍飛九道尺素隱訣,1,9503,2624,,,
KR5g0136,洞真太上三九素語玉精真訣,1,13552,3709,,,
KR5g0137,洞真太上八道命籍經,3,50478,14395,,,
KR5g0138,太上九赤班符五帝內真經,1,32671,9491,,,
KR5g0139,洞真太一帝君太丹隱書洞真玄經,1,47689,13926,,,
KR5g0140,洞真上清神州七轉七變舞天經,1,30435,8826,,,
KR5g0141,洞真太上紫度炎光神元變經,1,33743,9694,,,
KR5g0142,洞真太上神虎玉經,1,4272,1119,,,
KR5g0143,洞真太上神虎隱文,1,6848,1746,,,
KR5g0144,洞真太上紫文丹章,1,3081,675,,,
KR5g0145,洞真太上金篇虎符真文經,1,5704,1559,,,
KR5g0146,洞真太微金虎真符,1,11783,3130,,,
KR5g0147,洞真太上太素玉籙,1,7158,1879,,,
KR5g0148,洞真八景玉籙晨圖隱符,1,4904,1219,,,
KR5g0149,洞真太上倉元上錄,1,7501,2108,,,
KR5g0150,洞真太上上皇民籍定真玉籙,1,6169,1702,,,
KR5g0151,洞真太上紫書籙傳,1,13591,3919,,,
KR5g0152,洞真黃書,1,11081,2953,,,
KR5g0153,洞真太上說智慧消魔真經,6,51698,14403,,,
KR5g0154,洞真太上道君元丹上經,1,45182,13171,,,
KR5g0155,洞真金房度命綠字迴年三華寶曜內真上經,1,11304,3197,,,
KR5g0156,洞真太上上清內經,1,7421,1915,,,
KR5g0157,洞真太上丹景道精經,1,7525,1932,,,
KR5g0158,洞真太上青牙始生經,2,2987,678,,,
KR5g0159,洞真三天秘諱,1,7587,2135,,,
KR5g0160,洞真太上飛行羽經九真升玄上記,1,13618,3901,,,
KR5g0161,洞真太上太霄琅書,11,166648,46957,,,
KR5g0162,上清道寶經,6,175463,51048,,,
KR5g0163,上清太上開天龍蹺經,6,58771,16814,,,
KR5g0164,上清太上玉清隱書滅魔神慧高玄真經,1,41283,11906,,,
KR5g0165,上清高上滅魔玉帝神慧玉清隱書,1,16026,4425,,,
KR5g0166,上清高上滅魔洞景金元玉清隱書經,1,11618,3309,,,
KR5g0167,上清高上金元羽章玉清隱書經,1,26385,7494,,,
KR5g0168,上清丹景道精隱地八術經,3,16636,4492,,,
KR5g0169,上清九天上帝祝百神內名經,1,9682,2643,,,
KR5g0170,上清七聖玄紀經,1,1951,415,,,
KR5g0171,上清太上迴元隱道除罪籍經,1,7160,2013,,,
KR5g0172,上清太極真人撰所施行秘要經,1,6692,1827,,,
KR5g0173,上清洞真智慧觀身大戒文,1,21745,6168,,,
KR5g0174,上清元始譜錄太真玉訣,1,9367,2582,,,
KR5g0175,上清天關三圖經,1,21480,5768,,,
KR5g0176,上清河圖內玄經,3,34265,9622,,,
KR5g0177,上清迴神飛霄登空招五星上經法,1,8431,2379,,,
KR5g0178,上清化形隱景登升保仙上法,1,5044,1372,,,
KR5g0179,上清迴耀飛光日月精華上經,1,4104,892,,,
KR5g0180,上清素靈上篇,1,10999,3150,,,
KR5g0181,上清高上玉晨鳳台曲素上經,1,19662,5482,,,
KR5g0182,上清外國放品青童內文,3,56238,15674,,,
KR5g0183,上清諸真人授經時頌金真章,1,4367,969,,,
KR5g0184,上清無上金元玉清金真飛元步虛玉章,1,4624,958,,,
KR5g0185,上清太上帝君九真中經,3,43255,12424,,,
KR5g0186,上清太上九真中經絳生神丹訣,1,22405,6472,,,
KR5g0187,上清金真玉光八景飛經,1,24704,7122,,,
KR5g0188,上清玉帝七聖玄紀迴天九霄經,1,31415,8988,,,
KR5g0189,上清太上黃素四十四方經,1,22051,6380,,,
KR5g0190,上清明堂玄丹真經,1,5036,1335,,,
KR5g0191,上清九丹上化胎精中記經,1,28375,8202,,,
KR5g0192,上清太上元始耀光金虎鳳文章寶經,1,7510,1796,,,
KR5g0193,上清太一帝君太丹隱書解胞十二結節圖訣,1,9370,2367,,,
KR5g0194,上清洞真天寶大洞三景寶籙,3,58788,15935,,,
KR5g0195,上清大洞三景玉清隱書訣籙,1,9039,2235,,,
KR5g0196,上清元始高上玉皇九天譜錄,1,15044,1627,,,
KR5g0197,上清金真玉皇上元九天真靈三百六十五部元錄,1,23675,6744,,,
KR5g0198,上清高聖太上大道君洞真金元八景玉錄,1,19477,5704,,,
KR5g0199,上清洞天三五金剛玄籙儀經,1,28942,8235,,,
KR5g0200,上清瓊宮靈飛六甲籙,1,11091,2594,,,
KR5g0201,上清曲素訣辭籙,1,8887,1681,,,
KR5g0202,上清元始變化寶真上經九靈太妙龜山玄籙,1,140607,40165,,,
KR5g0203,上清高上龜山玄籙,1,20799,5255,,,
KR5g0204,上清大洞九微八道大經妙籙,1,2983,629,,,
KR5g0205,上清河圖寶籙,1,7032,1853,,,
KR5g0206,四鬥二十八宿天帝大籙,1,12590,3260,,,
KR5g0207,大乘妙林經,4,66699,18976,,,
KR5g0208,太上元寶金庭無為妙經,1,19394,5602,,,
KR5g0209,上清黃庭養神經,1,8061,2189,,,
KR5g0210,太上黃庭中景經,1,23358,6856,,,
KR5g0211,上清黃庭五藏六府真人玉軸經,1,11713,3307,,,
KR5g0212,上清仙府瓊林經,1,26116,7586,,,
KR5g0213,上清太極真人神仙經,1,25961,7429,,,
KR5g0214,長生胎元神用經,1,20438,5946,,,
KR5g0215,太上靈寶芝草品,1,22266,4395,,,
KR5g0216,洞玄靈寶二十四生圖經,1,43254,11156,,,
KR5g0217,玉清上宮科太真文,1,12654,2977,,,
KR5g0218,太上九真明科,1,24405,7025,,,
KR5g0219,洞玄靈寶千真科,1,32020,9219,,,
KR5g0220,洞玄靈寶長夜之府九幽玉匣明真科,1,42060,12287,,,
KR5g0221,太上元始天尊說北帝伏魔神咒妙經,11,106881,28528,,,
KR5g0222,北帝付魔經法建壇儀,1,19507,5505,,,
KR5g0223,伏魔經壇謝恩醮儀,1,9154,2477,,,
KR5g0224,北帝說豁落七元經,1,8598,2387,,,
KR5g0225,七元真訣語驅疫秘訣,1,4137,1087,,,
KR5g0226,七元璿璣召魔品經,1,2983,779,,,
KR5g0227,元始說度豐都經,1,4937,1326,,,
KR5g0228,七元召魔伏六天神咒經,1,7266,1836,,,
KR5g0229,七元真人說神真靈符經,1,4490,887,,,
KR5g0230,太上紫微中天七元真經,1,4056,956,,,
KR5g0231,枕中經,1,2710,692,,,
KR5g0232,太清元道真經,4,8194,1937,,,
KR5g0233,太上老君太素經,1,2074,519,,,
KR5g0234,靈信經旨,1,7996,1959,,,
KR5g0235,唐太古妙應孫真人福壽論,1,4563,1263,,,
KR5g0236,太清道林攝生論,1,25964,7512,,,
KR5g0237,侍帝晨東華上佐司命楊君傳記,1,15607,4366,,,
KR5g0238,長春真人西遊記,3,71675,20797,,,
KR5g0239,道藏目錄詳註,5,229507,60201,白雲齋,明,撰
KR5g0240,道藏缺經目錄,3,33861,7961,,,
KR5g0243,道藏經目錄,5,93599,22674,,,
KR5g0244,續道藏經目錄,1,3695,811,,,
KR5h0001,太上中道妙法蓮華經,11,48800,12158,,,
KR5h0002,太上元始天尊說寶月光皇后聖母孔雀明王經,1,30007,8015,,,
KR5h0003,聖母孔雀明王尊經啟白儀,1,19945,5146,,,
KR5h0004,太上元始天尊說孔雀經白文,1,18548,4732,,,
KR5h0005,上清元始變化寶真上經,1,55454,16228,,,
KR5h0006,太上老君開天經,1,6932,1929,,,
KR5h0007,太上老君虛無自然本起經,1,16288,4727,,,
KR5h0008,洞玄靈寶玉京山步虛經,1,10777,3020,,,
KR5h0009,皇經集注,11,324649,87621,,,
KR5h0010,元始天尊說東嶽化身濟生度死拔罪解冤保命玄範誥咒妙經,1,12006,3299,,,
KR5h0011,太上三元賜福赦罪解厄消災延生保命妙經,1,10013,2677,,,
KR5h0012,太上元陽上帝無始天尊說火車王靈官真經,1,11537,2954,,,
KR5h0013,元始天尊說藥王救八十一難真經,1,7846,2015,,,
KR5h0014,碧霞元君護國庇民普濟保生妙經,1,7683,2052,,,
KR5h0015,太上大聖朗靈上將護國妙經,1,2407,582,,,
KR5h0016,太上老君說城隍感應消災集福妙經,1,4941,1282,,,
KR5h0017,太上洞玄靈寶五顯觀華光本行妙經,1,9626,2672,,,
KR5h0018,太上說通真高皇解冤經,1,1743,396,,,
KR5h0019,中天紫微星真寶懺,1,5922,1555,,,
KR5h0020,紫皇鍊度玄科,1,26884,6906,,,
KR5h0021,先天鬥母奏告玄科,1,18254,4960,,,
KR5h0022,朝真發願懺悔文,1,3207,829,,,
KR5h0023,靈寶施食法,1,4690,1225,,,
KR5h0024,太微帝君二十四神回元經,1,6812,1935,,,
KR5h0025,北斗九皇隱諱經,1,5058,1396,,,
KR5h0026,高上玉宸憂樂經,1,5747,1589,,,
KR5h0027,太上洞真徊玄章,1,2823,716,,,
KR5h0028,上清金章十二篇,1,3616,967,,,
KR5h0029,太上洞玄濟眾經,1,2802,719,,,
KR5h0030,大洞經吉祥神咒法,1,5488,1094,,,
KR5h0031,皇明恩命世錄,10,74130,17949,,,
KR5h0032,漢天師世家,5,92929,27009,,,
KR5h0033,弘道錄,42,1179501,334364,,,
KR5h0034,消搖墟經,3,74761,21559,,,
KR5h0035,長生詮經,1,29650,8379,,,
KR5h0036,無生訣經,1,32238,8983,,,
KR5h0037,徐仙瀚藻,15,254207,71450,,,
KR5h0038,贊靈集,5,53107,14124,,,
KR5h0039,徐仙真錄,6,195137,48582,,,
KR5h0040,儒門崇理折衷堪輿完孝錄,9,312630,84713,,,
KR5h0041,岱史,19,495712,134245,,,
KR5h0042,易因,1,270993,77458,,,
KR5h0043,古易考原,4,61148,16232,,,
KR5h0044,易林,17,556832,121154,,,
KR5h0045,搜神記,7,130243,35184,,,
KR5h0046,太初元氣接要保生之論,1,5924,1640,,,
KR5h0047,化書,7,45316,12059,,,
KR5h0048,水鏡錄,1,17723,5095,,,
KR5h0049,諸神聖誕日玉匣記等集目錄,1,5663,1347,,,
KR5h0050,許真君玉匣記,1,6857,1835,,,
KR5h0051,法師選擇記,1,40014,10197,,,
KR5h0052,玄天上帝百字聖號,1,59725,15705,,,
KR5h0053,天皇至道太清玉冊,1,246621,64174,,,
KR5h0054,呂祖志,1,129814,37367,,,
KR5h0055,紫微鬥數,1,110796,26434,,,
KR5h0056,老子翼,7,221715,62053,焦竑,明,撰
KR5h0057,莊子翼,9,462428,132374,焦竑,明,輯
KR5i0001,元始大洞玉經 Yuanshi Dadong Yujing,2,114876,30052,,,
KR5i0002,洞經示讀 Dongjing Shidu,1,69051,19259,,,
KR5i0003,元始大洞玉經 Yuanshi Dadong Yujing,2,141879,40524,,,
KR5i0004,元始上帝毘盧遮耶說大洞救劫尊經 Yuanshi Shangdi Piluzheye Shuo Dadong Jiujie Zunjing,1,25721,6786,,,
KR5i0005,太上玄元道德經解 Taishang Xuanyuan Daode Jingjie,2,150247,43348,,,
KR5i0006,太上道德寶章翼 Taishang Daode Baozhang Yi,2,192031,55341,,,
KR5i0007,道德經釋辭 Daodejing Shici,2,113562,33134,,,
KR5i0008,太上老君說常清靜真經 Taishang Laojun Shuo Changqingjing Zhenjing,1,8223,2335,,,
KR5i0009,太上道德大天尊說道元一氣經 Taishang Daode Tianzun Shuo Daoyuan Yiqi Jing,1,1241,302,,,
KR5i0010,太上黃庭內景玉經 Taishang Huangting Neijing Yujing,1,63599,18412,,,
KR5i0011,黃庭內景經 Huangting Neijing Jing,1,27426,8083,,,
KR5i0012,黃庭外景經 Huanting Waijing Jing,1,9504,2778,,,
KR5i0013,太上感應篇箋注 Taishang Ganyingpian Jianzhu,1,86646,24714,,,
KR5i0014,太上感應篇集注 Taishang Ganyingpian Jizhu,1,173053,54608,,,
KR5i0015,高上玉皇本行集經 Gaoshang Yuhuang Benxing Jijing,6,152758,42211,,,
KR5i0016,太上洞玄靈寶紫微金格高上玉皇本行集經闡微 Taishang Dongxuan Lingbao Ziwei Jinge Gaoshang Yuhuang Benxing Jijing Chanwei,1,239110,66769,,,
KR5i0017,高上玉皇心印妙經 Gaoshang Yuhuang Xinyin Miaojing,1,20966,6083,,,
KR5i0018,終南八祖說心印妙經解 Zhongnan Bazu Shuo Xinyin Miao Jingjie,1,1842,420,,,
KR5i0019,高上玉皇心印經 Gaoshang Yuhuang Xinyin Jing,1,8120,2259,,,
KR5i0020,玉皇心印經 Yuhuang Xinyin Jing,1,10155,2689,,,
KR5i0021,玉清贊化九天演政心印集經 Yuqing Zanhua Jiutian Yanzheng Xinyin Jijing,2,84347,24431,,,
KR5i0022,玉清贊化九天演政心印寶懺 Yuqing Zanhua Jiutian Yanzheng Xinyin Baochan,2,135105,36879,,,
KR5i0023,先天斗帝敕演無上玄功靈妙真經 Xiantian Doudi Chiyan Wushang Xuangong Lingmiao Zhenjing,1,33509,9832,,,
KR5i0024,九皇斗姥戒殺延生真經 Jiuhuang Doumu Jiesha Yansheng Zhenjing,1,48260,13948,,,
KR5i0025,觀音大士蓮船經 Guanyin Dashi Lianchuan Jing,2,32837,9795,,,
KR5i0026,九皇新經註解 Jiuhuang Xinjing Zhujie,2,220880,63826,,,
KR5i0027,玄宗正旨 Xuanzong Zhengzhi,2,35173,10564,,,
KR5i0028,浮黎鼻祖金華祕訣 Fulibizu Jinhua Bijue,1,16827,4855,,,
KR5i0029,金碧古文龍虎上經 Jinbi Guwen Longhu Shangjing,1,26826,7860,,,
KR5i0030,唱道真言 Changdao Zhenyan,4,131445,39954,,,
KR5i0031,黃帝陰符經 Huangdi Yinfu Jing,1,44381,12916,,,
KR5i0032,黃帝陰符經 Huangdi Yinfu Jing,1,6230,1691,,,
KR5i0033,陰符玄解 Yinfu Xuanjie,1,21507,6219,,,
KR5i0034,五百靈官爵位姓氏總錄 Wubai Lingguan Juewei Xingshi Zonglu,1,17108,3674,,,
KR5i0035,玉樞寶經 Yushu Baojing,1,24274,7080,,,
KR5i0036,南華真經註疏 Nanhua Zhenjing Zhushu,5,718774,215457,,,
KR5i0037,參同契闡幽 Cantong Qi Chanyou,3,254448,74786,,,
KR5i0038,參同契分章註 Cantong Qi Fenzhang Zhu,2,126108,36916,,,
KR5i0039,入藥鏡 Ruyao Jing,2,59567,17196,,,
KR5i0040,銅符鐵券 Tongfu Tiequan,2,37563,11107,,,
KR5i0041,太上靈寶淨明宗教錄 Taishang Lingbao Jingming Zongjiao Lu,2,71666,21227,,,
KR5i0042,化書 Huashu,3,140038,40841,,,
KR5i0044,十六品經 Shiliupin Jing,3,135732,40865,,,
KR5i0045,呂祖本傳 Lüzu Benzhuan,1,23135,6930,,,
KR5i0046,金華宗旨 Jinhua Zongzhi,3,88714,26669,,,
KR5i0047,同參經 Tongcan Jing,1,92849,28050,,,
KR5i0048,五經合編 Wujing Hebian,1,65252,19476,,,
KR5i0049,呂帝文集 Lüdi Wenji,2,147299,43127,,,
KR5i0050,呂帝詩集 Lüdi Shiji,5,232275,65958,,,
KR5i0051,純陽三書 Chunyang Sanshu,9,182784,51590,,,
KR5i0052,易說 Yishuo,6,355723,102250,,,
KR5i0053,語錄大觀 Yulu Daguan,2,269588,80170,,,
KR5i0054,微言摘要 Weiyan Zhaiyao,1,45926,13897,,,
KR5i0055,呂帝聖蹟紀要 Lüdi Shengji Jiyao,3,70293,20783,,,
KR5i0056,天仙金丹心法 Tianxian Jindan Xinfa,4,184546,50600,,,
KR5i0057,東園語錄 Dongyuan Yulu,5,114516,33969,,,
KR5i0058,金丹四百字 Jindan Sibaizi,1,17209,5043,,,
KR5i0059,悟真篇闡幽 Wuzhenpian Chanyou,1,127749,37342,,,
KR5i0060,瓊琯白真人集 Qiongguan Bai Zhenren Ji,7,413243,119770,,,
KR5i0061,太公陰符經 Taigong Yinfu Jing,2,54927,13372,,,
KR5i0062,五篇靈文 Wupian Lingwen,1,22483,6495,,,
KR5i0063,孫不二元君法語 Sun Bu'Er Yuanjun Fayu,1,3088,811,,,
KR5i0064,孫不二元君傳述丹道祕書三卷 Sun Bu'Er Yuanjun Chuanshu Dandao Bishu Sanjuan,1,7634,2121,,,
KR5i0065,金液還丹印證圖詩 Jinye Huandan Yinzheng Tushi,1,39423,10601,,,
KR5i0066,仙佛合宗語錄 Xianfo Hezong Yulu,3,352216,103146,,,
KR5i0067,天仙正理直論 Tianxian Zhengli Zhilun,3,136634,39488,,,
KR5i0068,天仙正理直論淺說 Tianxian Zhengli Zhilun Qianshuo,1,54950,15768,,,
KR5i0069,金丹要訣 Jindan Yaojue,1,26357,7860,,,
KR5i0070,伍真人丹道九篇 Wu Zhenren Dandao Jiupian,1,26268,7859,,,
KR5i0071,張三丰先生全集 Zhang Sanfeng Xiansheng Quanji,16,631064,180488,,,
KR5i0072,養真集 Yangzhen Ji,3,79728,23249,,,
KR5i0073,玉詮,9,502553,151276,,,
KR5i0074,真詮,2,72877,20928,,,
KR5i0075,心傳述證錄 Xinchuan Shuzheng Lu,1,49542,13025,,,
KR5i0076,懺法大觀 Chanfa Daguan,8,526920,144034,,,
KR5i0077,三寶萬靈法懺 Sanbao Wanling Fachan,24,600581,164528,,,
KR5i0078,漢丞相諸葛忠武侯集 Han Chengxiang Zhuge Zhong Wuhou Ji,7,496759,145280,,,
KR5i0079,太極圖說 Taiji Tu Shuo,1,25376,7561,,,
KR5i0080,通書 Tongshu,2,33485,9613,,,
KR5i0081,皇極經世書 Huangji Jingshi Shu,1,31681,8885,,,
KR5i0082,擊壤集 Jirang Ji,1,57017,16061,,,
KR5i0083,文昌帝君本傳 Wenchang Dijun Benzhuan,1,16033,4753,,,
KR5i0084,文帝孝經 Wendi Xiaojing,1,23104,6885,,,
KR5i0085,元皇大道真君救劫寶經 Yuanhuang Dadao Zhenjun Jiujie Baojing,1,11500,3382,,,
KR5i0086,文昌延嗣經 Wenchang Yansi Jing,2,12835,3723,,,
KR5i0087,陰騭文註 Yinzhi Wen Zhu,1,68967,19908,,,
KR5i0088,關帝忠孝忠義經,1,20655,5719,,,
KR5i0089,關聖帝君本傳 Guansheng Dijun Benzhuan,1,11139,3298,,,
KR5i0090,清微宏範道門功課 Qingwei Hongfan Daomen Gongke,2,54221,15105,,,
KR5i0091,太上玄門功課經 Taishang Xuanmen Gongke Jing,2,41952,11607,,,
KR5i0092,靈寶文檢 Lingbao Wenjian,36,631835,147888,,,
KR5i0093,心香妙語 Xinxiang Miaoyu,9,260581,70822,,,
KR5i0094,雅宜集 Yayi Ji,9,216476,55937,,,
KR5i0095,十戒功過格 Shijie Gongguo Ge,3,71243,19882,,,
KR5i0096,警世功過格 Jingshi Gongguo Ge,2,26771,7541,,,
KR5i0097,三壇圓滿天仙大戒略說 Santan Yuanman Tianxian Dajie Lüeshuo,1,32100,9625,,,
KR5i0098,初真戒律 Chuzhen Jielü,2,39320,10780,,,
KR5i0099,中極戒 Zhongji Jie,1,19347,5639,,,
KR5i0100,二仙菴碑記 Erxian An Beiji,1,28282,7526,,,
KR5i0101,青羊宮碑記 Qingyang Gong Beiji,1,17075,4891,,,
KR5i0102,華蓋山三仙真經 Huagai Shan Sanxian Zhenjing,1,29537,8340,,,
KR5i0103,青城山記 Qingcheng Shan Ji,4,83017,24877,,,
KR5i0104,太上無極大道延夀集福消切寶懺,1,28114,6762,,,
KR5i0105,天下名山記 Tianxia Mingshan Ji,7,579941,168593,,,
KR5i0106,廣成儀制鐵鏆斛食全集,1,35114,8967,,,
KR5i0107,太上無極大道三十六部尊經,1,25815,6922,,,
KR5i0108,太上無極太道三十六部尊經註解,2,156264,44187,,,
KR5i0109,女丹合編 Nudan Hebian,23,160574,45286,,,
KR5a0002,元始無量度人上品妙經直音,7,41735,9495,,,
KR6a0001,長阿含經,22,813524,193024,,,
KR6a0002,七佛經,1,21219,4335,,,
KR6a0003,毘婆尸佛經,2,25659,5240,,,
KR6a0004,七佛父母姓字經,1,5836,1363,,,
KR6a0005,佛般泥洹經,2,87097,20892,,,
KR6a0006,般泥洹經,2,83874,19760,,,
KR6a0007,大般涅槃經,3,90226,21978,,,
KR6a0008,大堅固婆羅門緣起經,2,33384,7790,,,
KR6a0009,人仙經,1,13542,3203,,,
KR6a0010,白衣金幢二婆羅門緣起經,3,31739,6987,,,
KR6a0011,尼拘陀梵志經,2,24025,5681,,,
KR6a0012,大集法門經,2,35520,8035,,,
KR6a0013,長阿含十報法經,2,41520,9690,,,
KR6a0014,人本欲生經,1,26358,6173,,,
KR6a0015,帝釋所問經,1,22891,5101,,,
KR6a0016,尸迦羅越六方禮經,1,8035,1603,,,
KR6a0017,善生子經,1,13304,2565,,,
KR6a0018,信佛功德經,1,14916,3451,,,
KR6a0019,大三摩惹經,1,8167,1729,,,
KR6a0020,佛開解梵志阿颰經,1,25168,5730,,,
KR6a0021,梵網六十二見經,1,37575,9342,,,
KR6a0022,寂志果經,1,30017,7400,,,
KR6a0023,大樓炭經,6,179721,45409,,,
KR6a0024,起世經,10,293520,72321,,,
KR6a0025,起世因本經,10,295390,72362,,,
KR6a0026,中阿含經,60,2129408,514213,,,
KR6a0027,七知經,1,3689,540,,,
KR6a0028,園生樹經,1,3182,354,,,
KR6a0029,鹹水喻經,1,3213,703,,,
KR6a0030,薩鉢多酥哩踰捺野經,1,6411,1372,,,
KR6a0031,一切流攝守因經,1,7749,1489,,,
KR6a0032,四諦經,1,15357,3363,,,
KR6a0033,恒水經,1,5910,1029,,,
KR6a0034,法海經,1,5301,911,,,
KR6a0035,海八德經,1,4821,711,,,
KR6a0036,本相猗致經,1,3699,651,,,
KR6a0037,緣本致經,1,3214,575,,,
KR6a0038,輪王七寶經,1,6974,1567,,,
KR6a0039,頂生王故事經,1,9957,2167,,,
KR6a0040,文陀竭王經,1,5743,1220,,,
KR6a0041,頻婆娑羅王經,1,9570,2191,,,
KR6a0042,鐵城泥犁經,1,8594,2057,,,
KR6a0043,閻羅王五天使者經,1,5252,946,,,
KR6a0044,古來世時經,1,8621,1622,,,
KR6a0045,大正句王經,2,25712,5990,,,
KR6a0046,阿那律八念經,1,6957,1361,,,
KR6a0047,離睡經,1,4676,738,,,
KR6a0048,是法非法經,1,5769,1242,,,
KR6a0049,求欲經,1,18308,4260,,,
KR6a0050,受歲經,1,7923,1616,,,
KR6a0051,梵志計水淨經,1,3613,558,,,
KR6a0052,大生義經,1,12004,2769,,,
KR6a0053,苦陰經,1,9228,1882,,,
KR6a0054,釋摩男本四子經,1,6953,1282,,,
KR6a0055,苦陰因事經,1,8911,2197,,,
KR6a0056,樂想經,1,2187,357,,,
KR6a0057,漏分布經,1,11245,2760,,,
KR6a0058,阿耨風經,1,10295,2411,,,
KR6a0059,諸法本經,1,1661,0,,,
KR6a0060,瞿曇彌記果經,1,11728,2558,,,
KR6a0061,受新歲經,1,6224,1185,,,
KR6a0062,新歲經,1,11196,2427,,,
KR6a0063,解夏經,1,4961,839,,,
KR6a0064,瞻婆比丘經,1,5768,975,,,
KR6a0065,伏婬經,1,4929,820,,,
KR6a0066,魔嬈亂經,1,14188,2966,,,
KR6a0067,弊魔試目連經,1,9722,1890,,,
KR6a0068,賴吒和羅經,1,18462,4551,,,
KR6a0069,護國經,1,15811,3684,,,
KR6a0070,數經,1,8410,1780,,,
KR6a0071,梵志頞波羅延問種尊經,1,12353,2928,,,
KR6a0072,三歸五戒慈心厭離功德經,1,1759,19,,,
KR6a0073,須達經,1,5370,981,,,
KR6a0074,長者施報經,1,11252,2674,,,
KR6a0075,佛為黃竹園老婆羅門說學經,1,6821,1498,,,
KR6a0076,梵摩渝經,1,15717,3633,,,
KR6a0077,尊上經,1,6152,1356,,,
KR6a0078,兜調經,1,6524,1191,,,
KR6a0079,鸚鵡經,1,15272,3628,,,
KR6a0080,佛為首迦長者說業報差別經,1,23038,5507,,,
KR6a0081,分別善惡報應經,2,33256,8330,,,
KR6a0082,意經,1,4727,972,,,
KR6a0083,應法經,1,6849,1277,,,
KR6a0084,分別布施經,1,5682,1291,,,
KR6a0085,息諍因緣經,1,13861,3514,,,
KR6a0086,泥犁經,1,21239,5046,,,
KR6a0087,齋經,1,6460,1493,,,
KR6a0088,優陂夷墮舍迦經,1,5521,1093,,,
KR6a0089,八關齋經,1,2926,472,,,
KR6a0090,鞞摩肅經,1,7357,1475,,,
KR6a0091,婆羅門子命終愛念不離經,1,6704,1196,,,
KR6a0092,十支居士八城人經,1,5065,1026,,,
KR6a0093,邪見經,1,2360,126,,,
KR6a0094,箭喻經,1,6213,1250,,,
KR6a0095,蟻喻經,1,3840,760,,,
KR6a0096,治意經,1,2028,289,,,
KR6a0097,廣義法門經,1,15544,3844,,,
KR6a0098,普法義經,1,13920,3243,,,
KR6a0099,雜阿含經,50,2005377,460364,,,
KR6a0100,別譯雜阿含經,16,625686,138237,,,
KR6a0101,雜阿含經,1,36249,8867,,,
KR6a0102,佛說五蘊皆空經,1,1777,0,,,
KR6a0103,佛說聖法印經,1,2700,198,,,
KR6a0104,佛說法印經,1,2785,399,,,
KR6a0105,五陰譬喻經,1,3635,414,,,
KR6a0106,佛說水沫所漂經,1,3837,511,,,
KR6a0107,佛說不自守意經,1,1591,7,,,
KR6a0108,佛說滿願子經,1,3548,448,,,
KR6a0109,佛說轉法輪經,1,3344,360,,,
KR6a0110,佛說三轉法輪經,1,3101,373,,,
KR6a0111,佛說相應相可經,1,2221,362,,,
KR6a0112,佛說八正道經,1,3046,609,,,
KR6a0113,佛說難提釋經,1,6938,1525,,,
KR6a0114,佛說馬有三相經,1,1684,40,,,
KR6a0115,佛說馬有八態譬人經,1,2115,84,,,
KR6a0116,佛說戒德香經,1,3217,392,,,
KR6a0117,佛說戒香經,1,2421,147,,,
KR6a0118,佛說鴦掘摩經,1,10353,2238,,,
KR6a0119,佛說鴦崛髻經,1,10333,2193,,,
KR6a0120,央掘魔羅經,4,154497,35126,,,
KR6a0121,佛說月喻經,1,4109,672,,,
KR6a0122,佛說波斯匿王太后崩塵土坌身經,1,5273,1088,,,
KR6a0123,佛說放牛經,1,7253,1447,,,
KR6a0124,緣起經,1,4124,608,,,
KR6a0125,佛說恒水流樹經,1,3219,346,,,
KR6a0126,增壹阿含經,51,1516741,356113,,,
KR6a0127,佛說阿羅漢具德經,1,15084,3418,,,
KR6a0128,佛說四人出現世間經,1,5877,951,,,
KR6a0129,須摩提女經,1,10682,2449,,,
KR6a0130,須摩提女經,1,28069,6328,,,
KR6a0131,佛說三摩竭經,1,13752,3390,,,
KR6a0132,佛說給孤長者女得度因緣經,3,46124,11462,,,
KR6a0133,佛說婆羅門避死經,1,1743,0,,,
KR6a0134,佛說食施獲五福報經,1,2528,198,,,
KR6a0135,施食獲五福報經,1,2552,348,,,
KR6a0136,頻毘娑羅王詣佛供養經,1,8024,1589,,,
KR6a0137,佛說長者子六過出家經,1,3980,668,,,
KR6a0138,佛說力士移山經,1,9296,2131,,,
KR6a0139,佛說四未曾有法經,1,3566,676,,,
KR6a0140,舍利弗摩訶目連遊四衢經,1,5118,1023,,,
KR6a0141,佛說十一想思念如來經,1,2076,116,,,
KR6a0142,佛說四泥犁經,1,3179,474,,,
KR6a0143,阿那邠邸化七子經,1,6705,1219,,,
KR6a0144,佛說阿遬達經,1,3430,641,,,
KR6a0145,佛說玉耶女經,1,5333,1018,,,
KR6a0146,玉耶女經,1,6076,1142,,,
KR6a0147,玉耶經,1,7523,1702,,,
KR6a0148,佛說大愛道般泥洹經,1,12294,3027,,,
KR6a0149,佛母般泥洹經,1,7693,1604,,,
KR6a0150,舍衛國王夢見十事經,1,7417,1688,,,
KR6a0151,佛說舍衛國王十夢經,1,4681,953,,,
KR6a0152,國王不梨先泥十夢經,1,7224,1406,,,
KR6a0153,佛說阿難同學經,1,5757,958,,,
KR6a0154,七處三觀經,1,41783,10117,,,
KR6a0155,九橫經,1,2409,276,,,
KR6a0156,佛說阿含正行經,1,6333,1413,,,
KR6a0157,四阿鋡暮抄解,2,87517,21034,,,
KR6a0158,三法度論,3,83404,19503,,,
KR6a0159,分別功德論,5,126086,30999,,,
KR6a0160,阿含口解十二因緣經,1,13069,2841,,,
KR6a0161,人本欲生經註,1,38996,10671,,,
KR6a0162,陰持入經註,2,71144,18235,,,
KR6b0001,六度集經,8,273174,64700,,,
KR6b0002,菩薩本緣經,3,95787,23671,,,
KR6b0003,生經,5,203098,47052,,,
KR6b0004,菩薩本行經,3,83988,21059,,,
KR6b0005,大方便佛報恩經,7,231003,56181,,,
KR6b0006,悲華經,10,347415,87123,,,
KR6b0007,大乘悲分陀利經,8,300158,76199,,,
KR6b0008,大乘本生心地觀經,8,208768,50778,,,
KR6b0009,大乘本生心地觀經淺註懸示,1,33711,8381,,,
KR6b0010,大乘本生心地觀經淺註科文,1,45276,9899,,,
KR6b0011,大乘本生心地觀經淺註,8,1170033,301988,,,
KR6b0012,菩薩本生鬘論,16,286442,72209,,,
KR6b0013,長壽王經,1,11897,2439,,,
KR6b0014,金色王經,1,14724,3467,,,
KR6b0015,妙色王因緣經,1,5771,1280,,,
KR6b0016,師子素馱娑王斷肉經,1,5822,1042,,,
KR6b0017,頂生王因緣經,6,72346,16788,,,
KR6b0018,月光菩薩經,1,10118,2308,,,
KR6b0019,太子慕魄經,1,9669,1931,,,
KR6b0020,太子墓魄經,1,5238,879,,,
KR6b0021,月明菩薩經,1,5290,907,,,
KR6b0022,德光太子經,1,35081,8063,,,
KR6b0023,太子須大拏經,1,29313,7263,,,
KR6b0024,菩薩投身飴餓虎起塔因緣經,1,19700,4535,,,
KR6b0025,福力太子因緣經,4,44417,9648,,,
KR6b0026,菩薩睒子經,1,11442,2396,,,
KR6b0027,睒子經,1,10013,2089,,,
KR6b0028,佛說睒子經,1,10203,2257,,,
KR6b0029,佛說睒子經,1,10140,2088,,,
KR6b0030,師子月佛本生經,1,13026,3008,,,
KR6b0031,大意經,1,9016,2139,,,
KR6b0032,前世三轉經,1,11499,2577,,,
KR6b0033,銀色女經,1,11637,2503,,,
KR6b0034,過去世佛分衛經,1,2813,361,,,
KR6b0035,九色鹿經,1,4315,908,,,
KR6b0036,佛說九色鹿經,1,3963,513,,,
KR6b0037,鹿母經,1,5654,842,,,
KR6b0038,佛說鹿母經,1,13545,2829,,,
KR6b0039,一切智光明仙人慈心因緣不食肉經,1,8221,1712,,,
KR6b0040,修行本起經,2,61976,13814,,,
KR6b0041,太子瑞應本起經,2,56724,12847,,,
KR6b0042,普曜經,8,270892,63812,,,
KR6b0043,方廣大莊嚴經,12,386810,91140,,,
KR6b0044,異出菩薩本起經,1,19250,4449,,,
KR6b0045,過去現在因果經,4,176872,42414,,,
KR6b0046,因果本起經,1,11110,2165,,,
KR6b0047,佛本行集經,60,1480668,351114,,,
KR6b0048,眾許摩訶帝經,13,241112,56732,,,
KR6b0049,佛所行讚,5,221875,45709,,,
KR6b0050,佛本行經,7,272281,55030,,,
KR6b0051,僧伽羅剎所集經,3,156353,38579,,,
KR6b0052,佛說十二遊經,1,9509,2023,,,
KR6b0053,中本起經,2,89432,20635,,,
KR6b0054,佛說興起行經,2,58687,13259,,,
KR6b0055,佛說義足經,2,78354,17723,,,
KR6b0056,佛五百弟子自說本起經,1,51661,10460,,,
KR6b0057,撰集百緣經,10,273150,64396,,,
KR6b0058,大莊嚴論經,15,431126,92877,,,
KR6b0059,賢愚經,13,528029,126388,,,
KR6b0060,雜寶藏經,10,276425,64778,,,
KR6b0061,雜譬喻經,1,15898,3630,,,
KR6b0062,雜譬喻經,2,44945,10920,,,
KR6b0063,舊雜譬喻經,2,66299,15852,,,
KR6b0064,雜譬喻經,1,48358,12470,,,
KR6b0065,眾經撰雜譬喻,2,61163,14754,,,
KR6b0066,百喻經,4,73000,17638,,,
KR6b0067,法句經,2,77249,15064,,,
KR6b0068,法句譬喻經,4,174535,42707,,,
KR6b0069,出曜經,30,886313,212243,,,
KR6b0070,法集要頌經,4,98023,19000,,,
KR6b0071,猘狗經,1,3390,428,,,
KR6b0072,群牛譬經,1,2733,209,,,
KR6b0073,大魚事經,1,2978,453,,,
KR6b0074,譬喻經,1,2369,158,,,
KR6b0075,灌頂王喻經,1,2010,187,,,
KR6b0076,醫喻經,1,2438,335,,,
KR6c0001,大般若波羅蜜多經,600,18091590,4509933,,,
KR6c0002,放光般若經,20,816868,205181,,,
KR6c0003,光讚經,10,384988,96913,,,
KR6c0004,摩訶般若波羅蜜經,27,1109226,279721,,,
KR6c0005,大智度論,100,3817679,931700,,,
KR6c0006,大智度論疏,7,600399,158433,,,
KR6c0007,大品經遊意,1,28971,7416,,,
KR6c0008,大慧度經宗要,1,28400,7785,,,
KR6c0009,大品經義疏,9,672169,204613,,,
KR6c0010,道行般若經,10,299079,73939,,,
KR6c0011,大明度經,6,178034,42997,,,
KR6c0012,摩訶般若鈔經,5,161977,40021,,,
KR6c0013,小品般若波羅蜜經,10,286687,69145,,,
KR6c0014,佛說佛母出生三法藏般若波羅蜜多經,25,482117,118410,,,
KR6c0015,佛說佛母寶德藏般若波羅蜜經,3,41248,8671,,,
KR6c0016,聖佛母般若波羅蜜多九頌精義論,2,13461,2601,,,
KR6c0017,佛母般若波羅蜜多圓集要義釋論,4,65901,15022,,,
KR6c0018,佛母般若波羅蜜多圓集要義論,1,6029,1003,,,
KR6c0019,勝天王般若波羅蜜經,7,220446,54115,,,
KR6c0020,文殊師利所說摩訶般若波羅蜜經,2,37378,9081,,,
KR6c0021,文殊師利所說般若波羅蜜經,1,41290,10146,,,
KR6c0022,佛說濡首菩薩無上清淨分衛經,2,50037,11786,,,
KR6c0023,金剛般若波羅蜜經,1,21698,5010,,,
KR6c0024,金剛般若波羅蜜經,1,25617,5916,,,
KR6c0025,金剛般若波羅蜜經,1,26027,6378,,,
KR6c0026,金剛般若波羅蜜經,1,27050,6277,,,
KR6c0027,金剛能斷般若波羅蜜經,1,30464,6918,,,
KR6c0028,佛說能斷金剛般若波羅蜜多經,1,21608,5029,,,
KR6c0029,能斷金剛般若波羅蜜多經,1,27994,7941,,,
KR6c0030,金剛般若論,2,53058,12697,,,
KR6c0031,金剛般若波羅蜜經論,3,80252,19421,,,
KR6c0032,金剛般若波羅蜜經論,3,85662,20134,,,
KR6c0033,金剛仙論,10,416137,107539,,,
KR6c0034,能斷金剛般若波羅蜜多經論釋,3,53257,12003,,,
KR6c0035,能斷金剛般若波羅蜜多經論頌,1,7815,1406,,,
KR6c0036,金剛般若波羅蜜經破取著不壞假名論,2,56905,14307,,,
KR6c0037,金剛般若經疏,1,43509,11749,,,
KR6c0038,金剛般若疏,4,213451,57463,,,
KR6c0039,金剛般若經贊述,2,155001,42728,,,
KR6c0040,金剛經疏論纂要（選錄「釋金剛經纂要疏科」）,1,20703,4226,,,
KR6c0041,金剛般若經疏論纂要,2,78608,20097,,,
KR6c0042,金剛經纂要刊定記,7,332698,83802,,,
KR6c0043,金剛般若波羅蜜經註解,1,54825,14477,,,
KR6c0044,金剛般若波羅蜜經略疏,2,65375,17383,,,
KR6c0045,金剛經註,1,46595,10759,,,
KR6c0046,金剛經註疏,3,86465,21058,,,
KR6c0047,金剛經解義,2,80724,20221,,,
KR6c0048,金剛經口訣,1,5343,1219,,,
KR6c0049,金剛經註,3,121593,32820,,,
KR6c0050,金剛經會解,2,157701,41246,,,
KR6c0051,金剛經采微科,1,7362,1267,,,
KR6c0052,金剛經采微,2,136318,33728,,,
KR6c0053,金剛經采微餘釋,1,14579,3281,,,
KR6c0054,金剛疏科釋,1,54208,15399,,,
KR6c0055,銷釋金剛經科儀會要註解,9,524566,131661,,,
KR6c0056,金剛經註解,4,298784,76566,,,
KR6c0057,金剛經補註,2,131129,33166,,,
KR6c0058,金剛經註解鐵鋑錎,2,144203,36525,,,
KR6c0059,金剛經宗通,7,211269,53345,,,
KR6c0060,金剛經偈釋,2,58121,14436,,,
KR6c0061,金剛經釋,1,8951,1930,,,
KR6c0062,金剛經決疑,1,66781,17088,,,
KR6c0063,金剛經鎞,2,141478,36255,,,
KR6c0064,金剛經統論,1,62643,18738,,,
KR6c0065,金剛經正眼,1,9186,2044,,,
KR6c0066,金剛經筆記,1,80065,20307,,,
KR6c0067,金剛經破空論,1,77106,19353,,,
KR6c0068,金剛經觀心釋,1,6466,1247,,,
KR6c0069,金剛經略談,1,15928,3884,,,
KR6c0070,金剛經略疏,1,59738,15134,,,
KR6c0071,金剛經音釋直解,1,65200,16354,,,
KR6c0072,金剛經大意,1,18035,4474,,,
KR6c0073,金剛經如是解,1,105642,27010,,,
KR6c0079,金剛經疏記科會,10,496697,118515,,,
KR6c0080,金剛經疏記會編,1,30209,6542,,,
KR6c0081,金剛經部旨,2,85911,21845,,,
KR6c0082,金剛經註釋,1,122850,32554,,,
KR6c0083,金剛經演古,1,94133,24066,,,
KR6c0084,金剛經直說,1,71982,18286,,,
KR6c0085,金剛經石注,1,124203,31485,,,
KR6c0086,金剛經正解,2,100239,25633,,,
KR6c0087,金剛經法眼懸判疏鈔,8,148219,34748,,,
KR6c0088,金剛經法眼註疏,2,112977,29323,,,
KR6c0089,金剛經如是經義,2,105856,26849,,,
KR6c0090,金剛經註講,2,136503,31878,,,
KR6c0091,金剛經注解,1,82715,21091,,,
KR6c0092,金剛經彙纂,2,273072,70730,,,
KR6c0093,金剛經心印疏,2,214941,55717,,,
KR6c0094,金剛經注,2,41817,10748,,,
KR6c0095,金剛經訂義,1,11971,2763,,,
KR6c0096,金剛經闡說,2,42773,10505,,,
KR6c0097,金剛經解義,2,130581,34320,,,
KR6c0098,金剛經易解,2,112343,27960,,,
KR6c0099,金剛般若經疏論纂要刊定記會編,10,389477,109987,,,
KR6c0100,金剛般若波羅蜜經（御注並序）,1,33500,8585,,,
KR6c0102,金剛般若論會釋,3,322267,85021,,,
KR6c0103,略明般若末後一頌讚述,1,5875,935,,,
KR6c0104,梁朝傳大士頌金剛經,1,34867,8095,,,
KR6c0105,御注金剛般若波羅蜜經宣演,2,228867,61210,,,
KR6c0106,金剛暎卷上,1,75759,20340,,,
KR6c0107,金剛般若經旨贊,2,220237,56760,,,
KR6c0108,金剛般若經依天親菩薩論贊略釋秦本義記卷上,1,52261,13913,,,
KR6c0109,金剛經疏,1,51975,12959,,,
KR6c0110,金剛經疏,1,18337,4219,,,
KR6c0111,金剛般若經挾註,1,35465,9152,,,
KR6c0112,金剛般若義記,1,18163,4168,,,
KR6c0113,金剛般若經疏,1,70106,18818,,,
KR6c0114,金剛般若波羅蜜經傳外傳卷下,1,13130,3188,,,
KR6c0115,持誦金剛經靈驗功德記,1,16553,4350,,,
KR6c0116,金剛經科儀,1,71187,17238,,,
KR6c0117,實相般若波羅蜜經,1,12245,2768,,,
KR6c0118,金剛頂瑜伽理趣般若經,1,15836,3934,,,
KR6c0119,佛說遍照般若波羅蜜經,1,11825,2740,,,
KR6c0120,大樂金剛不空真實三麼耶經,1,11896,2661,,,
KR6c0125,佛說最上根本大樂金剛不空三昧大教王經,7,182053,41230,,,
KR6c0126,大般若波羅蜜多經般若理趣分述讚,3,197094,54029,,,
KR6c0127,摩訶般若波羅蜜大明呪經,1,1769,0,,,
KR6c0128,般若波羅蜜多心經,1,4557,680,,,
KR6c0129,普遍智藏般若波羅蜜多心經,1,3040,283,,,
KR6c0130,般若波羅蜜多心經,1,2778,487,,,
KR6c0131,般若波羅蜜多心經,1,2831,248,,,
KR6c0132,般若波羅蜜多心經,1,2860,468,,,
KR6c0133,唐梵翻對字音般若波羅蜜多心經,1,8380,1565,,,
KR6c0134,梵本般若波羅蜜多心經,1,4661,479,,,
KR6c0135,梵本般若波羅蜜多心經,1,4716,510,,,
KR6c0136,佛說聖佛母般若波羅蜜多經,1,3151,333,,,
KR6c0137,般若波羅蜜多心經幽贊,2,102254,26869,,,
KR6c0138,般若波羅蜜多心經贊,1,47459,13346,,,
KR6c0139,般若波羅蜜多心經略疏,1,16930,4133,,,
KR6c0140,般若心經略疏連珠記,2,73167,19359,,,
KR6c0141,般若波羅蜜多心經註解,1,11391,2540,,,
KR6c0142,般若心經疏,1,35029,8547,,,
KR6c0143,般若心經疏,1,27120,6717,,,
KR6c0144,般若心經幽贊添改科,1,86298,17321,,,
KR6c0145,般若心經幽贊崆峒記,3,249420,59965,,,
KR6c0146,般若心經註,1,13850,3014,,,
KR6c0147,般若心經略疏,1,7941,1823,,,
KR6c0148,般若心經疏,1,14975,4146,,,
KR6c0149,般若心經疏詒謀鈔,1,25631,7574,,,
KR6c0150,般若心經略疏顯正記,3,68623,19055,,,
KR6c0151,般若心經略疏小鈔,2,174461,43302,,,
KR6c0152,般若心經三注,1,20067,5526,,,
KR6c0153,般若心經注,1,8764,2042,,,
KR6c0154,般若心經解義節要,1,24711,7085,,,
KR6c0155,般若心經注解,1,6846,1696,,,
KR6c0156,般若心經直談,1,3296,563,,,
KR6c0157,般若心經要論,1,8443,2117,,,
KR6c0158,般若心經說,1,3232,503,,,
KR6c0159,般若心經釋義,1,15550,3737,,,
KR6c0160,般若心經釋疑,1,44745,11419,,,
KR6c0161,般若心經直說,1,13584,3157,,,
KR6c0162,般若心經提綱,1,3100,605,,,
KR6c0163,般若心經釋略,1,20934,5023,,,
KR6c0164,般若心經概論,1,27023,6714,,,
KR6c0165,般若心經說,1,2249,121,,,
KR6c0166,般若心經註解,1,15127,3656,,,
KR6c0167,般若心經斲輪解,1,28280,8208,,,
KR6c0168,般若心經正眼,1,7593,1801,,,
KR6c0169,般若心經開度,1,25869,6229,,,
KR6c0170,般若心經發隱,1,18700,5072,,,
KR6c0171,般若心經際決,1,14468,3844,,,
KR6c0172,般若心經添足,1,40853,10532,,,
KR6c0173,般若心經貫義,1,13149,3029,,,
KR6c0174,般若心經釋要,1,7625,1575,,,
KR6c0175,般若心經小談,1,4476,730,,,
KR6c0176,般若心經一貫疏,1,27372,7788,,,
KR6c0177,般若心經指掌,1,9382,2368,,,
KR6c0178,般若心經事觀解,1,40868,10113,,,
KR6c0179,般若心經理性解,1,14805,3355,,,
KR6c0180,般若心經大意,1,14674,3527,,,
KR6c0181,般若心經解,1,17262,4046,,,
KR6c0182,般若心經請益說,1,13422,3600,,,
KR6c0183,般若心經註疏,1,12801,2955,,,
KR6c0184,般若心經論,1,2293,126,,,
KR6c0185,般若心經彙纂,1,56305,14588,,,
KR6c0186,般若心經如是經義,1,13996,3247,,,
KR6c0187,般若心經註講,1,13146,2884,,,
KR6c0188,般若心經句解易知,1,22713,5270,,,
KR6c0189,般若心經解義,1,19842,4734,,,
KR6c0190,般若心經註解,1,8579,1752,,,
KR6c0191,般若心經易解,1,9413,2035,,,
KR6c0192,般若心經註解,1,8263,1653,,,
KR6c0193,般若心經註解,1,63606,17224,,,
KR6c0194,般若心經註解,2,105338,25438,,,
KR6c0195,般若心經註解,1,17521,3852,,,
KR6c0197,般若波羅蜜多心經還源述,1,9459,2214,,,
KR6c0198,挾註波羅蜜多心經,1,3662,310,,,
KR6c0202,佛說仁王般若波羅蜜經,2,47912,11691,,,
KR6c0203,仁王護國般若波羅蜜多經,2,57657,13787,,,
KR6c0204,仁王護國般若經疏,5,168745,43062,,,
KR6c0205,仁王護國般若波羅蜜經疏神寶記,4,151867,39454,,,
KR6c0206,仁王般若經疏,3,224342,63697,,,
KR6c0207,仁王經疏,3,367996,93434,,,
KR6c0208,仁王護國般若波羅蜜多經疏,3,479486,130871,,,
KR6c0209,仁王經合疏,3,205234,58797,,,
KR6c0210,仁王經疏會本,1,2680,208,,,
KR6c0211,仁王經科疏科文,1,28605,6044,,,
KR6c0212,仁王經科疏懸談,1,67688,17279,,,
KR6c0213,仁王經科疏,5,444048,112970,,,
KR6c0214,仁王經疏法衡鈔,6,436776,129992,,,
KR6c0215,仁王經疏,4,254162,58542,,,
KR6c0216,仁王般若實相論卷第二,1,31888,8412,,,
KR6c0217,仁王經疏,1,7872,1751,,,
KR6c0219,聖八千頌般若波羅蜜多一百八名真實圓義陀羅尼經,1,5175,756,,,
KR6c0220,佛說了義般若波羅蜜多經,1,4584,703,,,
KR6c0221,佛說五十頌聖般若波羅蜜經,1,3636,661,,,
KR6c0222,佛說帝釋般若波羅蜜多心經,1,7111,1500,,,
KR6c0223,佛說聖佛母小字般若波羅蜜多經,1,6205,1399,,,
KR6c0224,佛說觀想佛母般若波羅蜜多菩薩經,1,3503,451,,,
KR6c0225,佛說開覺自性般若波羅蜜多經,4,52949,12463,,,
KR6c0226,大乘理趣六波羅蜜多經,10,277792,69350,,,
KR6c0227,大般若經關法,6,198843,47162,,,
KR6c0228,大般若經綱要,10,717420,189983,,,
KR6c0229,大般若關,1,5816,584,,,
KR6d0001,妙法蓮華經,7,308729,70523,,,
KR6d0002,正法華經,10,371376,83495,,,
KR6d0003,添品妙法蓮華經,7,314708,71822,,,
KR6d0004,薩曇分陀利經,1,6371,1118,,,
KR6d0005,法華經義記,8,589813,154583,,,
KR6d0006,妙法蓮華經玄義,10,738882,182518,,,
KR6d0007,法華玄義釋籤,20,816743,202188,,,
KR6d0008,妙法蓮華經玄義釋籤,40,1459485,393445,,,
KR6d0009,法華經玄籤備撿,4,200428,58097,,,
KR6d0010,法華經玄義節要,2,155934,47827,,,
KR6d0011,法華經玄義輯略,1,44777,13405,,,
KR6d0012,法華經釋籤緣起序指明,1,17316,4223,,,
KR6d0013,法華經玄籤證釋,10,399968,101226,,,
KR6d0014,妙法蓮華經文句,10,814737,202899,,,
KR6d0015,法華文句記,10,1131481,287825,,,
KR6d0016,法華經文句輔正記,10,715377,209664,,,
KR6d0017,法華經疏義纘,6,520422,155323,,,
KR6d0018,妙經文句私志諸品要義,2,120106,36481,,,
KR6d0019,妙經文句私志記,14,1553746,478255,,,
KR6d0020,法華經文句記箋難,4,360638,105137,,,
KR6d0021,法華經文句格言,3,181350,54865,,,
KR6d0022,法華經文句纂要,7,833345,208270,,,
KR6d0023,法華玄論,10,472177,126332,,,
KR6d0024,法華義疏,12,1046154,264632,,,
KR6d0025,法華遊意,1,93636,23849,,,
KR6d0026,妙法蓮華經玄贊,10,1076444,271028,,,
KR6d0027,法華玄贊義決,1,85355,22026,,,
KR6d0028,法華經玄贊攝釋,4,550863,141754,,,
KR6d0029,法華經玄贊決擇記,2,229440,58795,,,
KR6d0030,法華經玄贊要集,31,3787207,993504,,,
KR6d0031,法華經玄贊釋,1,147651,38396,,,
KR6d0032,法華宗要,1,27756,7130,,,
KR6d0046,觀音玄義,2,80706,21568,,,
KR6d0047,觀音玄義記,4,157016,41705,,,
KR6d0048,觀音義疏,2,78626,21075,,,
KR6d0049,觀音義疏記,4,133074,34944,,,
KR6d0050,觀音經玄義記會本科,1,33477,7095,,,
KR6d0051,觀音經玄義記條箇,1,17311,4138,,,
KR6d0052,觀音經玄義記會本,4,227856,64012,,,
KR6d0053,觀音經義疏記會本科,1,32205,6729,,,
KR6d0054,觀音經義疏記條箇,1,12421,2905,,,
KR6d0055,觀音經義疏記會本,4,199953,55977,,,
KR6d0056,觀音經普門品重頌,1,11940,3061,,,
KR6d0057,觀音經普門品膚說,1,35650,9276,,,
KR6d0058,法華經疏,2,84749,21689,,,
KR6d0059,法華統略,3,485298,127652,,,
KR6d0060,法華經大意,1,91924,24165,,,
KR6d0061,法華三大部科文,16,684196,146631,,,
KR6d0062,法華經三大部讀教記,20,495104,141477,,,
KR6d0063,法華經三大部補注,14,1182759,352017,,,
KR6d0064,大部妙玄格言,2,69880,20472,,,
KR6d0065,法華經入疏,12,1216703,307120,,,
KR6d0066,法華經要解科,1,37108,7461,,,
KR6d0067,法華經要解,7,361326,89510,,,
KR6d0068,妙法蓮華經要解（選錄「要解」本文）,19,521312,132436,,,
KR6d0069,法華經合論,7,288660,85587,,,
KR6d0070,法華經句解,8,833315,193115,,,
KR6d0071,法華經科註,10,923760,266872,,,
KR6d0072,法華經科註,8,679687,190613,,,
KR6d0073,法華經科註,7,697658,195434,,,
KR6d0074,法華經知音,7,730035,193621,,,
KR6d0075,法華經大意,3,190568,49459,,,
KR6d0076,法華經擊節,1,41113,10832,,,
KR6d0077,法華經通義,7,386035,101658,,,
KR6d0078,法華經精解評林,2,250397,62810,,,
KR6d0079,法華經意語,1,100187,26419,,,
KR6d0080,法華經大窾,7,774593,200918,,,
KR6d0081,法華經綸貫,1,30185,8851,,,
KR6d0082,法華經會義,7,933023,275803,,,
KR6d0083,法華經卓解,7,380983,90969,,,
KR6d0084,法華經大成科,1,72807,16334,,,
KR6d0085,法華經大成,9,998876,255997,,,
KR6d0086,法華經大成音義,1,110171,27959,,,
KR6d0087,法華經授手〔卷首〕,1,61631,16313,,,
KR6d0088,法華經授手科,1,45551,9243,,,
KR6d0089,法華經授手,10,1064663,273122,,,
KR6d0090,法華經演義科,1,69764,14041,,,
KR6d0091,法華經演義,7,1238444,316841,,,
KR6d0092,法華經科拾懸談卷首,1,53190,13539,,,
KR6d0093,法華經科拾科,1,38514,8065,,,
KR6d0094,法華經科拾,7,462830,116894,,,
KR6d0095,法華經指掌疏科文,1,75592,16705,,,
KR6d0096,法華經指掌疏懸示,1,82167,21030,,,
KR6d0097,法華經指掌疏,7,1073199,275529,,,
KR6d0098,法華經指掌疏事義,1,102668,26143,,,
KR6d0099,法華經為為章,1,13282,3239,,,
KR6d0100,法華義記卷第三,1,53838,13532,,,
KR6d0101,法華經疏,1,48124,12436,,,
KR6d0102,法華經疏,1,27716,7114,,,
KR6d0103,法華經疏,1,22795,5913,,,
KR6d0104,法華問答,1,32934,8678,,,
KR6d0105,佛說阿惟越致遮經,3,136834,30855,,,
KR6d0106,不退轉法輪經,4,144365,33302,,,
KR6d0107,佛說廣博嚴淨不退轉輪經,6,154460,35473,,,
KR6d0108,佛說法華三昧經,1,22611,4993,,,
KR6d0109,大法鼓經,2,56274,13127,,,
KR6d0110,佛說菩薩行方便境界神通變化經,3,86364,19976,,,
KR6d0111,大薩遮尼乾子所說經,10,259457,62145,,,
KR6d0112,金剛三昧經,1,48722,11421,,,
KR6d0113,金剛三昧經論,3,245179,66759,,,
KR6d0114,金剛三昧經注解,4,152327,43637,,,
KR6d0116,佛說濟諸方等學經,1,25267,6013,,,
KR6d0117,大乘方廣總持經,1,24049,5962,,,
KR6d0118,無量義經,1,33611,8332,,,
KR6d0120,佛說觀普賢菩薩行法經,1,26687,6741,,,
KR6d0122,普賢觀經義疏科,1,18610,3337,,,
KR6d0123,普賢觀經義疏,2,98675,28798,,,
KR6d0124,大王觀世音經,1,1156,0,,,
KR6d0125,高王觀音經註釋,1,17763,3891,,,
KR6d0126,妙法蓮華經憂波提舍,2,48577,12253,,,
KR6d0127,妙法蓮華經論優波提舍,1,43552,11199,,,
KR6d0128,法華論疏,3,202612,54804,,,
KR6d0129,法華經論述記,1,72078,18520,,,
KR6d0130,摩訶止觀,10,710693,191184,,,
KR6d0131,止觀輔行傳弘決,10,1545449,418371,,,
KR6d0132,止觀義例,2,64088,16779,,,
KR6d0133,止觀大意,1,15952,3917,,,
KR6d0134,刪定止觀,3,235183,62226,,,
KR6d0135,止觀科節,1,22789,5601,,,
KR6d0136,止觀記中異義,1,7109,1530,,,
KR6d0137,止觀輔行搜要記,10,606658,155245,,,
KR6d0138,止觀輔行助覽,4,224371,57584,,,
KR6d0139,摩訶止觀義例纂要,6,563265,153876,,,
KR6d0140,摩訶止觀義例科,1,65469,17116,,,
KR6d0141,摩訶止觀義例隨釋,6,406922,107366,,,
KR6d0142,摩訶止觀貫義科,2,162771,31843,,,
KR6d0143,修習止觀坐禪法要,1,72198,17837,,,
KR6d0144,釋禪波羅蜜次第法門,10,392601,102716,,,
KR6d0145,六妙法門,1,36571,9309,,,
KR6d0146,四念處,4,132362,34707,,,
KR6d0147,天台智者大師禪門口訣,1,17615,4415,,,
KR6d0148,觀心論,1,12697,2778,,,
KR6d0149,觀心論疏,5,180289,47383,,,
KR6d0150,釋摩訶般若波羅蜜經覺意三昧,1,35097,9124,,,
KR6d0151,諸法無諍三昧法門,2,69596,17358,,,
KR6d0152,大乘止觀法門,4,122746,32451,,,
KR6d0153,大乘止觀法門宗圓記,5,410508,110054,,,
KR6d0154,大乘止觀法門釋要,4,222703,58251,,,
KR6d0155,法界次第初門,3,159824,41030,,,
KR6d0156,法華經安樂行義,1,26254,6843,,,
KR6d0157,十不二門,1,10679,2498,,,
KR6d0158,十不二門指要鈔,2,85973,21741,,,
KR6d0159,十不二門義,1,17624,4740,,,
KR6d0160,法華十妙不二門示珠指,2,78312,23612,,,
KR6d0161,註法華本迹十不二門,1,62083,15868,,,
KR6d0162,十不二門文心解,1,61584,17055,,,
KR6d0163,法華玄記十不二門顯妙,1,30354,8097,,,
KR6d0164,十不二門樞要,2,153946,44895,,,
KR6d0165,十不二門指要鈔詳解,2,367790,110134,,,
KR6d0166,四教義,12,252566,65493,,,
KR6d0167,天台八教大意,1,25396,6590,,,
KR6d0168,天台四教儀,1,39404,10450,,,
KR6d0169,四教儀集解,3,297536,88665,,,
KR6d0170,四教儀備釋,2,129257,37363,,,
KR6d0171,四教儀集註科,1,16843,2983,,,
KR6d0172,天台四教儀集註（選錄「集註」本文）,9,283343,78772,,,
KR6d0173,四教儀集註節義,1,50291,13345,,,
KR6d0174,四教儀註彙補輔宏記,10,1473306,367533,,,
KR6d0175,金剛錍,1,28589,7338,,,
KR6d0176,金剛錍論私記,2,63790,17097,,,
KR6d0177,金剛錍科,1,11203,2027,,,
KR6d0178,金剛錍科,1,3802,497,,,
KR6d0179,金剛錍顯性錄,4,193870,58810,,,
KR6d0180,金剛錍論義解,1,45441,13549,,,
KR6d0181,金剛錍論釋文,3,125959,37396,,,
KR6d0182,南嶽思大禪師立誓願文,1,26928,6830,,,
KR6d0183,國清百錄,4,155288,40512,,,
KR6d0184,法智遺編觀心二百問,1,32286,8395,,,
KR6d0185,四明十義書,2,126539,33382,,,
KR6d0186,四明尊者教行錄,7,397032,102813,,,
KR6d0187,天台傳佛心印記,1,14796,3686,,,
KR6d0188,教觀綱宗,1,32034,8311,,,
KR6d0189,教觀綱宗釋義,1,30663,9008,,,
KR6d0190,方等三昧行法,1,31912,8289,,,
KR6d0191,法華三昧懺儀,1,35264,9370,,,
KR6d0192,法華三昧行事運想補助儀,1,7224,1465,,,
KR6d0193,略法華三昧補助儀,1,1741,0,,,
KR6d0194,禮法華經儀式,1,2250,373,,,
KR6d0195,金光明懺法補助儀,1,25217,6359,,,
KR6d0196,金光明最勝懺儀,1,9979,2451,,,
KR6d0197,釋迦如來涅槃禮讚文,1,10373,2227,,,
KR6d0198,天台智者大師齋忌禮讚文,1,10182,2084,,,
KR6d0199,請觀世音菩薩消伏毒害陀羅尼三昧儀,1,28785,7407,,,
KR6d0200,千手眼大悲心呪行法,1,28917,7404,,,
KR6d0201,熾盛光道場念誦儀,1,25125,6464,,,
KR6d0202,千手千眼大悲心咒行法,1,18974,4696,,,
KR6d0203,得遇龍華修證懺儀,4,117224,29268,,,
KR6d0204,釋迦如來降生禮讚文,1,7163,1304,,,
KR6d0205,修懺要旨,1,13870,3530,,,
KR6d0206,隨自意三昧,1,49748,13115,,,
KR6d0207,禪門章,1,125382,33288,,,
KR6d0208,禪門要略,1,9130,2018,,,
KR6d0209,三觀義,2,76805,20026,,,
KR6d0210,觀心食法,1,1533,0,,,
KR6d0211,觀心誦經法記,1,5838,1161,,,
KR6d0212,天台智者大師發願文,1,4124,667,,,
KR6d0213,普賢菩薩發願文,1,2366,225,,,
KR6d0214,天台智者大師傳論,1,4547,909,,,
KR6d0215,科始終心要,1,1481,108,,,
KR6d0216,始終心要注,1,5746,1096,,,
KR6d0217,法華五百問論,3,307731,93005,,,
KR6d0218,學天台宗法門大意,1,3386,605,,,
KR6d0219,六即義,1,2475,266,,,
KR6d0220,天台宗未決（附釋疑）,6,110084,31497,,,
KR6d0221,法華龍女成佛權實義,1,14670,3501,,,
KR6d0222,寶雲振祖集,1,27567,7600,,,
KR6d0223,螺溪振祖集,1,16883,4613,,,
KR6d0224,四明仁岳異說叢書,7,263026,66746,,,
KR6d0225,閑居編,51,348177,79945,,,
KR6d0226,金園集,3,84254,23681,,,
KR6d0227,天竺別集,3,119840,34591,,,
KR6d0228,重編天台諸文類集,1,15524,3667,,,
KR6d0229,別傳心法議,1,8951,1919,,,
KR6d0230,三千有門頌略解,1,38388,9434,,,
KR6d0231,復宗集,1,29904,8861,,,
KR6d0232,山家義苑,2,63535,18886,,,
KR6d0233,竹菴艸錄,1,36356,10855,,,
KR6d0234,圓頓宗眼,1,21532,5474,,,
KR6d0235,議中興教觀,1,2383,314,,,
KR6d0236,三教出興頌註,1,14742,4052,,,
KR6d0237,施食通覽,1,84039,24614,,,
KR6d0238,不可剎那無此君,1,3944,637,,,
KR6d0239,北峯教義,1,36308,10856,,,
KR6d0240,台宗十類因革論,4,312760,81127,,,
KR6d0241,山家緒餘集,3,195303,59364,,,
KR6d0242,台宗精英集,4,205635,61451,,,
KR6d0243,教觀撮要論,2,72675,21078,,,
KR6d0244,增修教苑清規,2,222941,66096,,,
KR6d0245,天台傳佛心印記註,2,92043,26556,,,
KR6d0246,性善惡論,6,253240,64548,,,
KR6d0247,書,1,10581,2612,,,
KR6d0248,法界安立圖,3,187220,55611,,,
KR6d0249,隨緣集,4,135440,34773,,,
KR6f0001,大寶積經,120,3544958,864239,,,
KR6f0002,大方廣三戒經,3,89449,20187,,,
KR6f0003,佛說如來不思議祕密大乘經,20,251473,59007,,,
KR6f0004,阿閦佛國經,2,69145,17817,,,
KR6f0005,佛說大乘十法經,1,36296,8894,,,
KR6f0006,佛說普門品經,1,37648,9268,,,
KR6f0007,佛說普門品經,1,19472,4645,,,
KR6f0008,佛說大乘菩薩藏正法經,40,551981,131592,,,
KR6f0009,佛說胞胎經,1,25374,6042,,,
KR6f0010,文殊師利佛土嚴淨經,2,61224,14821,,,
KR6f0011,大聖文殊師利菩薩佛剎功德莊嚴經,3,88747,21787,,,
KR6f0012,父子合集經,20,307427,66939,,,
KR6f0013,佛說護國尊者所問大乘經,4,71900,15399,,,
KR6f0014,法鏡經,1,41402,10437,,,
KR6f0015,郁迦羅越問菩薩行經,1,43250,10724,,,
KR6f0016,佛說幻士仁賢經,1,33677,7482,,,
KR6f0017,佛說決定毘尼經,1,28851,7051,,,
KR6f0018,佛說三十五佛名禮懺文,1,3277,537,,,
KR6f0019,發覺淨心經,2,47286,11310,,,
KR6f0020,佛說須賴經,1,24743,5377,,,
KR6f0021,佛說須賴經,1,34452,8189,,,
KR6f0022,佛說菩薩修行經,1,12305,2680,,,
KR6f0023,佛說無畏授所問大乘經,3,23663,4762,,,
KR6f0024,佛說優填王經,1,8830,1770,,,
KR6f0025,佛說大乘日子王所問經,1,18813,4045,,,
KR6f0026,佛說須摩提菩薩經,1,13403,2868,,,
KR6f0027,佛說須摩提菩薩經,1,16875,3768,,,
KR6f0028,須摩提經,1,11692,2471,,,
KR6f0029,佛說阿闍貰王女阿術達菩薩經,1,31814,7693,,,
KR6f0030,佛說離垢施女經,1,43287,9962,,,
KR6f0031,得無垢女經,1,48543,11218,,,
KR6f0032,文殊師利所說不思議佛境界經,2,40588,9744,,,
KR6f0033,聖善住意天子所問經,3,104349,25212,,,
KR6f0034,佛說如幻三昧經,2,107253,26292,,,
KR6f0035,佛說太子刷護經,1,7249,1541,,,
KR6f0036,佛說太子和休經,1,5942,1123,,,
KR6f0037,慧上菩薩問大善權經,2,53225,13054,,,
KR6f0038,佛說大方廣善巧方便經,4,68653,16578,,,
KR6f0039,大乘顯識經,2,43474,10451,,,
KR6f0040,佛說大乘方等要慧經,1,1617,18,,,
KR6f0041,彌勒菩薩所問本願經,1,14304,3063,,,
KR6f0042,佛說遺日摩尼寶經,1,27083,6623,,,
KR6f0043,佛說摩訶衍寶嚴經,1,36480,9086,,,
KR6f0044,佛說大迦葉問大寶積正法經,5,82408,17547,,,
KR6f0045,勝鬘師子吼一乘大方便方廣經,1,33852,8329,,,
KR6f0046,毘耶娑問經,2,58775,14436,,,
KR6f0047,入法界體性經,1,17672,4109,,,
KR6f0048,佛說寶積三昧文殊師利菩薩問法身經,1,11690,2475,,,
KR6f0049,如來莊嚴智慧光明入一切佛境界經,2,61479,15059,,,
KR6f0050,度一切諸佛境界智嚴經,1,20196,4905,,,
KR6f0051,佛說大乘入諸佛境界智光明莊嚴經,5,63158,14608,,,
KR6f0052,勝鬘寶窟,3,493704,129716,,,
KR6f0054,勝鬘經記,1,43848,11631,,,
KR6f0055,勝鬘經疏,1,87525,23999,,,
KR6f0056,挾注勝鬘經,1,12940,3316,,,
KR6f0057,勝鬘經義記,2,168568,43682,,,
KR6f0058,勝鬘經述記,2,135523,35529,,,
KR6f0059,勝鬘經疏義私鈔,6,209669,58846,,,
KR6f0060,佛說無量壽經,2,69103,16654,,,
KR6f0061,佛說無量清淨平等覺經,4,110545,27120,,,
KR6f0062,佛說阿彌陀三耶三佛薩樓佛檀過度人道經,2,97231,24657,,,
KR6f0063,佛說大乘無量壽莊嚴經,3,47230,10668,,,
KR6f0064,佛說大阿彌陀經,2,71631,17591,,,
KR6f0065,無量壽經義疏,2,144185,36836,,,
KR6f0066,無量壽經義疏,1,45949,12571,,,
KR6f0067,兩卷無量壽經宗要,1,34081,8824,,,
KR6f0068,無量壽經連義述文贊,3,194098,53514,,,
KR6f0069,無量壽經義記卷下,1,48890,13423,,,
KR6f0070,無量壽觀經義記,1,20836,5243,,,
KR6f0071,佛說觀無量壽佛經,1,31176,7896,,,
KR6f0072,觀無量壽經義疏,1,70487,19539,,,
KR6f0073,觀無量壽佛經疏,1,45555,12023,,,
KR6f0074,觀無量壽佛經疏妙宗鈔,6,208923,54892,,,
KR6f0075,觀無量壽經義疏,1,63855,17679,,,
KR6f0076,觀無量壽佛經疏,4,175880,44656,,,
KR6f0077,觀無量壽佛經義疏,3,131399,35919,,,
KR6f0082,佛說阿彌陀經,1,8644,2059,,,
KR6f0085,稱讚淨土佛攝受經,1,15634,3998,,,
KR6f0086,阿彌陀經義記,1,8186,1653,,,
KR6f0087,阿彌陀經義述,1,17204,4058,,,
KR6f0088,阿彌陀經疏,1,101979,25695,,,
KR6f0089,阿彌陀經通贊疏,3,106072,26238,,,
KR6f0090,阿彌陀經疏,1,14629,3379,,,
KR6f0091,阿彌陀經疏,1,32390,7964,,,
KR6f0092,阿彌陀經義疏,1,42977,10571,,,
KR6f0093,阿彌陀經要解,1,60742,15829,,,
KR6f0094,拔一切業障根本得生淨土神呪,1,3083,310,,,
KR6f0095,阿彌陀佛說呪,1,1155,72,,,
KR6f0096,阿彌陀鼓音聲王陀羅尼經,1,5743,1031,,,
KR6f0097,觀世音菩薩授記經,1,24725,5691,,,
KR6f0098,佛說如幻三摩地無量印法門經,3,35327,8265,,,
KR6f0099,後出阿彌陀佛偈,1,1857,132,,,
KR6f0100,無量壽經優波提舍,1,12858,3026,,,
KR6f0101,無量壽經優婆提舍願生偈註,2,91045,24578,,,
KR6f0102,大寶積經論,4,144387,36908,,,
KR6f0103,彌勒菩薩所問經論,9,219818,55346,,,
KR6f0104,大寶積經述,1,4662,768,,,
KR6g0001,大般涅槃經,40,1317682,325888,,,
KR6g0002,大般涅槃經義記,10,1541653,424954,,,
KR6g0003,大般涅槃經,36,1337093,324520,,,
KR6g0004,大般涅槃經集解,71,1222605,292318,,,
KR6g0005,大般涅槃經玄義,2,76262,19834,,,
KR6g0006,涅槃玄義發源機要,4,145316,37579,,,
KR6g0007,大般涅槃經疏,33,1015699,264687,,,
KR6g0008,涅槃經遊意,1,51665,12822,,,
KR6g0009,涅槃宗要,1,88322,24283,,,
KR6g0010,涅槃經義記,1,73140,20281,,,
KR6g0011,大涅槃經義記卷第四,1,52241,14321,,,
KR6g0012,涅槃經疏,1,7027,1539,,,
KR6g0013,涅槃經玄義文句,2,123658,34371,,,
KR6g0014,涅槃經治定疏科,10,350402,69075,,,
KR6g0015,涅槃經會疏條箇,3,129415,33191,,,
KR6g0016,涅槃經會疏,36,2094878,599490,,,
KR6g0017,涅槃經疏私記,12,537274,139138,,,
KR6g0018,涅槃經疏私記,9,743441,192488,,,
KR6g0019,涅槃經疏三德指歸,19,1259353,368952,,,
KR6g0020,科南本涅槃經,1,4523,710,,,
KR6g0021,涅槃經會疏解,1,7592,1505,,,
KR6g0022,佛說大般泥洹經,6,246205,63103,,,
KR6g0023,大般涅槃經後分,2,70316,17193,,,
KR6g0024,佛說方等般泥洹經,2,83268,20021,,,
KR6g0025,四童子三昧經,3,84081,19178,,,
KR6g0026,大悲經,5,154871,37976,,,
KR6g0027,等集眾德三昧經,3,87067,21644,,,
KR6g0028,集一切福德三昧經,3,87355,21723,,,
KR6g0029,摩訶摩耶經,2,53146,12703,,,
KR6g0030,菩薩從兜術天降神母胎說廣普經,7,223218,52578,,,
KR6g0031,中陰經,2,58195,12744,,,
KR6g0032,蓮華面經,2,40239,9485,,,
KR6g0033,大方等無想經,6,166143,39422,,,
KR6g0034,大雲無想經卷第九,1,19261,4470,,,
KR6g0035,佛臨涅槃記法住經,1,7119,1748,,,
KR6g0036,般泥洹後灌臘經,1,2106,28,,,
KR6g0037,佛滅度後棺斂葬送經,1,5702,979,,,
KR6g0038,迦葉赴佛般涅槃經,1,4230,555,,,
KR6g0039,佛入涅槃密迹金剛力士哀戀經,1,10596,2501,,,
KR6g0040,佛說當來變經,1,3830,530,,,
KR6g0041,佛說法滅盡經,1,3913,704,,,
KR6g0042,佛說救護身命經,1,5085,202,,,
KR6g0043,佛垂般涅槃略說教誡經,1,9449,2162,,,
KR6g0044,遺教經論,1,44004,11324,,,
KR6g0045,佛遺教經論疏節要,1,65859,17284,,,
KR6g0046,佛遺教經論疏節要,1,47560,12479,,,
KR6g0047,遺教經補註,1,31164,7105,,,
KR6g0048,遺教經解,1,41442,10411,,,
KR6g0049,遺教經論住法記,1,139099,39668,,,
KR6g0050,遺教經論記,3,191266,49401,,,
KR6g0051,涅槃論,1,17715,4288,,,
KR6g0052,涅槃經本有今無偈論,1,10404,2293,,,
KR6h0001,大方等大集經,60,2184148,543018,,,
KR6h0002,大哀經,8,221505,51332,,,
KR6h0003,寶女所問經,4,112374,28617,,,
KR6h0004,佛說海意菩薩所問淨印法門經,18,263789,62248,,,
KR6h0005,佛說無言童子經,2,72107,18215,,,
KR6h0006,寶星陀羅尼經,10,244044,57912,,,
KR6h0007,阿差末菩薩經,7,159360,39259,,,
KR6h0008,大集大虛空藏菩薩所問經,8,186277,45525,,,
KR6h0009,虛空藏菩薩經,1,46272,12072,,,
KR6h0010,虛空藏菩薩神呪經,1,30519,7717,,,
KR6h0011,虛空藏菩薩神呪經,1,28447,7121,,,
KR6h0012,虛空孕菩薩經,2,50764,12994,,,
KR6h0013,觀虛空藏菩薩經,1,17133,3912,,,
KR6h0014,大方廣十輪經,8,193253,46650,,,
KR6h0015,大乘大集地藏十輪經,10,298347,73281,,,
KR6h0016,地藏菩薩本願經,2,68450,16703,,,
KR6h0017,地藏本願經科文,1,27278,5587,,,
KR6h0018,地藏本願經綸貫,1,78909,20728,,,
KR6h0019,地藏本願經科註,6,588412,149590,,,
KR6h0020,讚禮地藏菩薩懺願儀,1,13751,3193,,,
KR6h0021,慈悲地藏菩薩懺法,3,56974,13474,,,
KR6h0022,百千頌大集經地藏菩薩請問法身讚,1,12481,2382,,,
KR6h0023,菩薩念佛三昧經,5,182121,41235,,,
KR6h0024,大方等大集經菩薩念佛三昧分,10,226250,53316,,,
KR6h0025,大方等大集經賢護分,5,141715,34289,,,
KR6h0026,般舟三昧經,1,27185,6398,,,
KR6h0027,般舟三昧經,3,86704,20865,,,
KR6h0028,拔陂菩薩經,1,24075,5739,,,
KR6h0029,自在王菩薩經,2,59265,15377,,,
KR6h0030,奮迅王問經,2,72652,18039,,,
KR6h0031,大集譬喻王經,2,58954,15092,,,
KR6h0032,僧伽吒經,4,93721,22503,,,
KR6h0033,佛說大乘僧伽吒法義經,3,42406,11027,,,
KR6h0034,大集會正法經,5,110915,25654,,,
KR6h0035,寶髻經四法憂波提舍,1,19857,5049,,,
KR6i0001,賢劫經,8,329728,82702,,,
KR6i0002,佛說千佛因緣經,1,34460,8130,,,
KR6i0003,佛說八吉祥神呪經,1,5031,831,,,
KR6i0004,佛說八陽神呪經,1,4874,805,,,
KR6i0005,佛說八部佛名經,1,4839,796,,,
KR6i0006,八吉祥經,1,4219,804,,,
KR6i0007,八佛名號經,1,7034,1294,,,
KR6i0008,佛說十吉祥經,1,2819,320,,,
KR6i0009,佛說寶網經,1,44969,10259,,,
KR6i0010,佛說稱揚諸佛功德經,3,100142,24184,,,
KR6i0011,佛說滅十方冥經,1,10908,2221,,,
KR6i0012,受持七佛名號所生功德經,1,7190,1436,,,
KR6i0013,大乘寶月童子問法經,1,7399,1404,,,
KR6i0014,佛說大乘大方廣佛冠經,2,14339,2885,,,
KR6i0015,佛說諸佛經,1,6208,1343,,,
KR6i0016,佛說佛名經,12,349071,88606,,,
KR6i0017,佛說佛名經,30,638734,160541,,,
KR6i0018,十方千五百佛名經,1,29731,7111,,,
KR6i0019,五千五百佛名神呪除障滅罪經,8,181002,45626,,,
KR6i0020,佛說百佛名經,1,10010,1946,,,
KR6i0021,佛說不思議功德諸佛所護念經,2,43283,11593,,,
KR6i0022,過去莊嚴劫千佛名經,1,32637,8056,,,
KR6i0023,過去莊嚴劫千佛名經,1,24322,6072,,,
KR6i0024,現在賢劫千佛名經,1,39844,9827,,,
KR6i0025,現在賢劫千佛名經,1,23133,5860,,,
KR6i0026,未來星宿劫千佛名經,1,27755,7171,,,
KR6i0027,未來星宿劫千佛名經,1,27442,6861,,,
KR6i0028,一切佛菩薩名集,22,956875,224930,,,
KR6i0029,菩薩名經,10,177016,36514,,,
KR6i0030,五百羅漢尊號,1,23540,5824,,,
KR6i0031,佛說觀彌勒菩薩上生兜率天經,1,13465,3157,,,
KR6i0032,佛說彌勒下生經,1,13682,3030,,,
KR6i0033,佛說彌勒下生成佛經,1,12201,2609,,,
KR6i0034,佛說彌勒下生成佛經,1,10866,2074,,,
KR6i0035,佛說彌勒大成佛經,1,31034,7488,,,
KR6i0036,佛說彌勒來時經,1,4566,875,,,
KR6i0037,彌勒經遊意,1,50528,13027,,,
KR6i0038,觀彌勒上生兜率天經贊,2,139052,37671,,,
KR6i0039,彌勒上生經宗要,1,21832,5596,,,
KR6i0040,三彌勒經疏,1,125572,33606,,,
KR6i0041,彌勒上生經述贊,1,80944,20048,,,
KR6i0042,彌勒下生經述贊,1,11487,2483,,,
KR6i0043,彌勒上生經瑞應鈔科,1,97808,18270,,,
KR6i0044,彌勒上生經瑞應鈔,2,200891,50804,,,
KR6i0045,上生經會古通今新抄,2,107784,31654,,,
KR6i0046,上生經疏隨新抄科文,1,35074,7178,,,
KR6i0047,佛說藥師如來本願經,1,19172,4466,,,
KR6i0048,藥師琉璃光如來本願功德經,1,19976,4719,,,
KR6i0049,藥師琉璃光七佛本願功德經,2,48268,11227,,,
KR6i0050,藥師琉璃光如來消災除難念誦儀軌,1,9668,2032,,,
KR6i0051,佛說灌頂經,12,189816,47037,,,
KR6i0052,佛說灌頂章句拔除過罪生死得度經,1,15252,3882,,,
KR6i0053,本願藥師經古迹,2,31450,7878,,,
KR6i0054,藥師經疏,1,25261,6539,,,
KR6i0055,藥師經疏,1,87542,23774,,,
KR6i0056,藥師經直解,1,71235,20555,,,
KR6i0057,藥師三昧行法,1,40124,10030,,,
KR6i0058,慈悲藥師寶懺,3,31221,7112,,,
KR6i0059,文殊師利問菩薩署經,1,36495,8681,,,
KR6i0060,佛說文殊悔過經,1,35805,8937,,,
KR6i0061,佛說文殊師利淨律經,1,23388,5885,,,
KR6i0062,佛說文殊師利現寶藏經,2,76780,18849,,,
KR6i0063,大方廣寶篋經,3,77070,18592,,,
KR6i0064,佛說文殊師利般涅槃經,1,6820,1356,,,
KR6i0065,文殊師利問菩提經,1,12272,2935,,,
KR6i0066,伽耶山頂經,1,17782,4252,,,
KR6i0067,佛說象頭精舍經,1,16766,3618,,,
KR6i0068,大乘伽耶山頂經,1,14531,3435,,,
KR6i0069,文殊師利問經,2,92715,22309,,,
KR6i0070,文殊問經字母品第十四,1,3306,427,,,
KR6i0071,佛說文殊師利巡行經,1,10859,2324,,,
KR6i0072,佛說文殊師利行經,1,13963,3224,,,
KR6i0073,佛說大乘善見變化文殊師利問法經,1,10584,2216,,,
KR6i0074,佛說妙吉祥菩薩所問大乘法螺經,1,9695,2279,,,
KR6i0075,佛說維摩詰經,2,99774,24224,,,
KR6i0076,維摩詰所說經,3,110074,27254,,,
KR6i0077,說無垢稱經,6,158817,39172,,,
KR6i0078,注維摩詰經,10,436822,114942,,,
KR6i0079,維摩義記,4,517348,142341,,,
KR6i0080,維摩經玄疏,6,230255,62055,,,
KR6i0081,維摩經略疏,10,771871,212965,,,
KR6i0082,維摩經略疏垂裕記,10,751912,203552,,,
KR6i0083,淨名玄論,8,303344,76779,,,
KR6i0084,維摩經義疏,6,455305,119203,,,
KR6i0085,說無垢稱經疏,6,646085,162765,,,
KR6i0087,維摩義記,1,56721,14962,,,
KR6i0088,維摩經義記卷第四,1,78009,21446,,,
KR6i0089,維摩經疏,1,50394,13368,,,
KR6i0090,維摩經疏,1,58346,15446,,,
KR6i0091,維摩經疏卷第三．第六,2,253080,68968,,,
KR6i0092,維摩經抄,1,47018,12379,,,
KR6i0093,維摩經疏,1,9282,2060,,,
KR6i0094,維摩疏釋前小序抄,1,16758,4184,,,
KR6i0095,釋肇序,1,9854,2133,,,
KR6i0096,淨名經集解關中疏,2,292855,78134,,,
KR6i0097,淨名經關中釋抄,2,177892,48002,,,
KR6i0098,天台分門圖,1,7444,1528,,,
KR6i0099,維摩經文疏,28,1030640,303681,,,
KR6i0100,維摩經疏記,3,279675,85847,,,
KR6i0101,維摩經略疏,5,376215,112724,,,
KR6i0102,維摩經疏記鈔,2,66496,16767,,,
KR6i0103,維摩經評註,14,111515,24994,,,
KR6i0104,維摩經無我疏,12,700058,173501,,,
KR6i0105,維摩經疏科,1,62313,13968,,,
KR6i0106,佛說大方等頂王經,1,41944,9196,,,
KR6i0107,大乘頂王經,1,36857,7806,,,
KR6i0108,善思童子經,2,43737,9268,,,
KR6i0109,佛說月上女經,2,45087,10722,,,
KR6i0110,持人菩薩經,4,91691,22948,,,
KR6i0111,持世經,4,132125,33836,,,
KR6i0112,三曼陀跋陀羅菩薩經,1,11410,2506,,,
KR6i0113,不思議光菩薩所說經,1,22824,4974,,,
KR6i0114,無所有菩薩經,4,118928,27217,,,
KR6i0115,師子莊嚴王菩薩請問經,1,7366,1664,,,
KR6i0116,離垢慧菩薩所問禮佛法經,1,9439,2120,,,
KR6i0117,寶授菩薩菩提行經,1,19204,4191,,,
KR6i0118,佛說除蓋障菩薩所問經,20,259425,61388,,,
KR6i0119,佛說八大菩薩經,1,3147,623,,,
KR6i0120,六菩薩亦當誦持經,1,2337,308,,,
KR6i0121,佛說阿難問事佛吉凶經,1,8486,1583,,,
KR6i0122,阿難問事佛吉凶經,1,10657,2053,,,
KR6i0123,佛說阿難四事經,1,6347,1277,,,
KR6i0124,阿難七夢經,1,2215,74,,,
KR6i0125,佛說阿難分別經,1,9762,1843,,,
KR6i0126,佛說大迦葉本經,1,8777,1863,,,
KR6i0127,佛說摩訶迦葉度貧母經,1,7628,1407,,,
KR6i0128,佛說初分說經,2,29594,6639,,,
KR6i0129,佛為阿支羅迦葉自化作苦經,1,3696,653,,,
KR6i0130,羅云忍辱經,1,5442,1095,,,
KR6i0131,佛說沙曷比丘功德經,1,4508,912,,,
KR6i0132,佛為年少比丘說正事經,1,3318,383,,,
KR6i0133,比丘避女惡名欲自殺經,1,1857,84,,,
KR6i0134,比丘聽施經,1,5139,844,,,
KR6i0135,佛說隨勇尊者經,1,5605,892,,,
KR6i0136,犍陀國王經,1,2931,347,,,
KR6i0137,佛說未生冤經,1,6151,1310,,,
KR6i0138,阿闍世王問五逆經,1,8593,1643,,,
KR6i0139,阿闍世王授決經,1,6697,1478,,,
KR6i0140,採花違王上佛授決號妙花經,1,3783,501,,,
KR6i0141,佛說蓱沙王五願經,1,11796,2502,,,
KR6i0142,佛說淨飯王般涅槃經,1,12410,2842,,,
KR6i0143,佛說琉璃王經,1,12304,2665,,,
KR6i0144,佛說諫王經,1,6242,1151,,,
KR6i0145,如來示教勝軍王經,1,11764,2953,,,
KR6i0146,佛說勝軍王所問經,1,10819,2546,,,
KR6i0147,佛說末羅王經,1,3073,540,,,
KR6i0148,佛說旃陀越國王經,1,5098,947,,,
KR6i0149,佛說摩達國王經,1,2400,147,,,
KR6i0150,佛說薩羅國經,1,5987,1195,,,
KR6i0151,佛說梵摩難國王經,1,2529,392,,,
KR6i0152,普達王經,1,6224,1087,,,
KR6i0153,佛說五王經,1,8304,1689,,,
KR6i0154,佛為優填王說王法政論經,1,14080,3206,,,
KR6i0155,佛說長者子懊惱三處經,1,3984,491,,,
KR6i0156,佛說長者子制經,1,6753,1320,,,
KR6i0157,佛說逝童子經,1,5548,983,,,
KR6i0158,佛說菩薩逝經,1,6552,1257,,,
KR6i0159,佛說阿鳩留經,1,6478,1460,,,
KR6i0160,佛說須摩提長者經,1,15244,3082,,,
KR6i0161,佛說長者音悅經,1,9174,2041,,,
KR6i0162,私呵昧經,1,21514,4741,,,
KR6i0163,菩薩生地經,1,5088,829,,,
KR6i0164,佛說月光童子經,1,14200,3241,,,
KR6i0165,佛說申日經,1,9464,2258,,,
KR6i0166,申日兒本經,1,4869,1070,,,
KR6i0167,佛說越難經,1,3495,489,,,
KR6i0168,佛說呵雕阿那鋡經,1,3428,594,,,
KR6i0169,盧至長者因緣經,1,19174,4209,,,
KR6i0170,佛說樹提伽經,1,5005,998,,,
KR6i0171,佛說樹提伽經,1,4929,793,,,
KR6i0172,佛說佛大僧大經,1,12145,2812,,,
KR6i0173,佛說耶祇經,1,3651,464,,,
KR6i0174,佛說巨力長者所問大乘經,3,40020,8601,,,
KR6i0175,辯意長者子經,1,16219,3528,,,
KR6i0176,佛說德護長者經,2,50576,12203,,,
KR6i0177,佛說金耀童子經,1,13747,3201,,,
KR6i0178,大花嚴長者問佛那羅延力經,1,2220,73,,,
KR6i0179,佛說金光王童子經,1,5746,1058,,,
KR6i0180,佛說光明童子因緣經,4,59425,13795,,,
KR6i0181,金色童子因緣經,12,153438,35015,,,
KR6i0182,佛說摩鄧女經,1,4752,717,,,
KR6i0183,佛說摩登女解形中六事經,1,4717,880,,,
KR6i0184,佛說㮈女祇域因緣經,1,30713,7261,,,
KR6i0185,佛說奈女耆婆經,1,23655,5505,,,
KR6i0186,五母子經,1,3555,750,,,
KR6i0187,五母子經,1,2912,515,,,
KR6i0188,佛說七女經,1,11016,2371,,,
KR6i0189,佛說龍施女經,1,3503,458,,,
KR6i0190,佛說龍施菩薩本起經,1,7736,1286,,,
KR6i0191,佛說老女人經,1,3648,679,,,
KR6i0192,佛說老母女六英經,1,2030,227,,,
KR6i0193,佛說老母經,1,3629,639,,,
KR6i0194,佛說無垢賢女經,1,5256,1049,,,
KR6i0195,佛說腹中女聽經,1,5011,893,,,
KR6i0196,佛說轉女身經,1,34885,8287,,,
KR6i0197,順權方便經,2,49759,12016,,,
KR6i0198,樂瓔珞莊嚴方便品經,1,47896,11663,,,
KR6i0199,佛說梵志女首意經,1,8760,1746,,,
KR6i0200,有德女所問大乘經,1,6792,1564,,,
KR6i0201,佛說心明經,1,5111,930,,,
KR6i0202,佛說賢首經,1,4970,824,,,
KR6i0203,佛說婦人遇辜經,1,2807,284,,,
KR6i0204,佛說長者法志妻經,1,5709,1174,,,
KR6i0205,差摩婆帝授記經,1,6202,1253,,,
KR6i0206,佛說堅固女經,1,9705,2264,,,
KR6i0207,佛說大方等修多羅王經,1,3514,665,,,
KR6i0208,佛說轉有經,1,3375,624,,,
KR6i0209,佛說大乘流轉諸有經,1,3933,723,,,
KR6i0210,無垢優婆夷問經,1,4574,669,,,
KR6i0211,優婆夷淨行法門經,2,60053,13575,,,
KR6i0212,佛說長者女菴提遮師子吼了義經,1,11695,2486,,,
KR6i0213,佛說八師經,1,6614,1130,,,
KR6i0214,佛說孫多耶致經,1,3965,477,,,
KR6i0215,佛說黑氏梵志經,1,5750,893,,,
KR6i0216,長爪梵志請問經,1,4474,698,,,
KR6i0217,持心梵天所問經,4,171317,40629,,,
KR6i0218,思益梵天所問經,4,157090,37607,,,
KR6i0219,思益梵天所問經簡註,4,349103,97346,,,
KR6i0220,勝思惟梵天所問經,6,185512,44950,,,
KR6i0221,佛說須真天子經,4,83138,18824,,,
KR6i0222,佛說魔逆經,1,34459,8447,,,
KR6i0223,佛說四天王經,1,4336,865,,,
KR6i0224,商主天子所問經,1,30516,7145,,,
KR6i0225,天請問經,1,3819,446,,,
KR6i0226,天請問經疏,1,17842,4282,,,
KR6i0227,佛為勝光天子說王法經,1,10842,2375,,,
KR6i0228,佛說大自在天子因地經,1,12784,2890,,,
KR6i0229,佛說嗟韈曩法天子受三歸依獲免惡道經,1,6070,1020,,,
KR6i0230,佛說天王太子辟羅經,1,3189,551,,,
KR6i0231,龍王兄弟經,1,3724,592,,,
KR6i0232,佛說海龍王經,4,134930,32278,,,
KR6i0233,佛為海龍王說法印經,1,1328,0,,,
KR6i0234,十善業道經,1,9794,1966,,,
KR6i0235,佛為娑伽羅龍王所說大乘經,1,15462,3521,,,
KR6i0236,十善業道經節要,1,9469,1992,,,
KR6i0237,大梵天王問佛決疑經,2,113363,24979,,,
KR6i0238,大梵天王問佛決疑經,1,71144,18628,,,
KR6i0239,佛說大安般守意經,2,58357,13956,,,
KR6i0240,陰持入經,2,37412,8484,,,
KR6i0241,佛說禪行三十七品經,1,4127,682,,,
KR6i0242,禪行法想經,1,1620,113,,,
KR6i0243,修行道地經,7,253996,58142,,,
KR6i0244,道地經,1,32518,8151,,,
KR6i0245,小道地經,1,6411,1158,,,
KR6i0246,禪要經,1,6859,1356,,,
KR6i0247,佛說內身觀章句經,1,6083,1113,,,
KR6i0248,法觀經,1,9433,2196,,,
KR6i0249,身觀經,1,3624,766,,,
KR6i0250,禪祕要法經,3,145936,37350,,,
KR6i0251,坐禪三昧經,2,91039,22468,,,
KR6i0252,菩薩訶色欲法經,1,1749,132,,,
KR6i0253,禪法要解,2,62343,15796,,,
KR6i0254,思惟略要法,1,15958,3981,,,
KR6i0255,達摩多羅禪經,2,113007,25202,,,
KR6i0256,五門禪經要用法,1,39074,9646,,,
KR6i0257,治禪病祕要法,2,51048,12611,,,
KR6i0258,佛說佛印三昧經,1,4812,766,,,
KR6i0259,佛說自誓三昧經,1,13454,3273,,,
KR6i0260,佛說如來獨證自誓三昧經,1,11808,2616,,,
KR6i0261,佛說伅真陀羅所問如來三昧經,3,108955,27113,,,
KR6i0262,大樹緊那羅王所問經,4,116020,28545,,,
KR6i0263,佛說阿闍世王經,2,97584,24865,,,
KR6i0264,文殊支利普超三昧經,3,119472,30153,,,
KR6i0265,佛說未曾有正法經,6,115838,27292,,,
KR6i0266,佛說放鉢經,1,11822,2908,,,
KR6i0267,佛說成具光明定意經,1,39576,9416,,,
KR6i0268,佛說法律三昧經,1,13044,2930,,,
KR6i0269,佛說慧印三昧經,1,38959,8557,,,
KR6i0270,佛說如來智印經,1,34046,7667,,,
KR6i0271,佛說大乘智印經,5,69930,15475,,,
KR6i0272,佛說弘道廣顯三昧經,4,98101,23047,,,
KR6i0273,無極寶三昧經,2,56846,13579,,,
KR6i0274,佛說寶如來三昧經,2,69901,16482,,,
KR6i0275,佛說超日明三昧經,2,86252,21420,,,
KR6i0276,月燈三昧經,10,361037,82079,,,
KR6i0277,佛說月燈三昧經,1,17798,3828,,,
KR6i0278,佛說月燈三昧經,1,32151,7809,,,
KR6i0279,佛說首楞嚴三昧經,2,89875,22669,,,
KR6i0280,佛說觀佛三昧海經,10,270597,68569,,,
KR6i0281,佛說金剛三昧本性清淨不壞不滅經,1,12085,2948,,,
KR6i0282,不必定入定入印經,1,35074,9172,,,
KR6i0283,入定不定印經,1,27606,7017,,,
KR6i0284,力莊嚴三昧經,3,64950,15809,,,
KR6i0285,寂照神變三摩地經,1,22026,5781,,,
KR6i0286,淨度三昧經,1,26991,6599,,,
KR6i0287,觀察諸法行經,4,114797,26794,,,
KR6i0288,諸法無行經,2,58566,13947,,,
KR6i0289,佛說諸法本無經,3,68740,16357,,,
KR6i0290,佛說大乘隨轉宣說諸法經,3,48065,10585,,,
KR6i0291,佛藏經,3,123739,31117,,,
KR6i0292,佛說入無分別法門經,1,8107,1758,,,
KR6i0293,佛說勝義空經,1,2056,319,,,
KR6i0294,菩薩瓔珞經,14,649797,157102,,,
KR6i0295,佛說華手經,10,420656,101935,,,
KR6i0296,寶雲經,7,175534,43467,,,
KR6i0297,大乘寶雲經,7,240529,59669,,,
KR6i0298,佛說寶雨經,10,251090,61618,,,
KR6i0299,大乘百福相經,1,11151,2673,,,
KR6i0300,大乘百福莊嚴相經,1,13392,3388,,,
KR6i0301,金光明經,4,126693,28007,,,
KR6i0302,合部金光明經,8,229162,52328,,,
KR6i0303,金光明最勝王經,10,264309,62146,,,
KR6i0304,金光明經玄義,2,58690,15058,,,
KR6i0305,金光明經玄義拾遺記,6,183941,47783,,,
KR6i0306,金光明經文句,6,192564,49956,,,
KR6i0307,金光明經文句記,6,409066,109839,,,
KR6i0308,金光明經疏,1,75412,20755,,,
KR6i0309,金光明最勝王經疏,6,858773,234050,,,
KR6i0310,金光明經玄義科,1,20142,4107,,,
KR6i0311,金光明經玄義拾遺記會本,2,224664,65387,,,
KR6i0312,金光明經文句科,1,92625,19303,,,
KR6i0313,金光明經文句文句記會本,8,677459,190662,,,
KR6i0314,金光明經玄義順正記,3,291546,85752,,,
KR6i0315,金光明經文句新記,7,502563,152354,,,
KR6i0316,金光明經照解,2,253525,76439,,,
KR6i0317,金光明經科註,4,195147,48708,,,
KR6i0323,大方等如來藏經,1,17633,3738,,,
KR6i0324,大方廣如來藏經,1,29707,7281,,,
KR6i0325,佛說不增不減經,1,10487,2299,,,
KR6i0326,佛說無上依經,2,51432,12944,,,
KR6i0327,楞伽阿跋多羅寶經,4,183899,43444,,,
KR6i0328,入楞伽經,10,341759,80622,,,
KR6i0329,大乘入楞伽經,7,254472,58671,,,
KR6i0330,大乘同性經,2,66839,16570,,,
KR6i0331,證契大乘經,2,59360,13931,,,
KR6i0332,楞伽阿跋多羅寶經註解,4,410862,108530,,,
KR6i0333,入楞伽心玄義,1,42091,11051,,,
KR6i0334,注大乘入楞伽經,10,358939,94238,,,
KR6i0335,佛說楞伽經禪門悉談章,1,3976,578,,,
KR6i0336,楞伽阿跋多羅寶經會譯,4,547052,144668,,,
KR6i0337,楞伽經註,3,97326,20869,,,
KR6i0338,楞伽經疏,2,83834,18758,,,
KR6i0339,楞伽經通義,6,409656,123563,,,
KR6i0340,楞伽經集註,4,336215,102293,,,
KR6i0341,楞伽經纂,4,152047,34257,,,
KR6i0342,楞伽經纂,4,257724,64831,,,
KR6i0343,觀楞伽經記,8,721259,187797,,,
KR6i0344,楞伽補遺,1,31938,8272,,,
KR6i0345,楞伽經玄義,1,42428,11003,,,
KR6i0346,楞伽經義疏,4,572027,146845,,,
KR6i0347,楞伽經宗通,8,903759,269690,,,
KR6i0348,楞伽經合轍,8,552727,166115,,,
KR6i0349,楞伽經參訂疏,8,538406,135241,,,
KR6i0350,楞伽經精解評林,1,156134,40280,,,
KR6i0351,楞伽經心印,8,499178,126929,,,
KR6i0352,深密解脫經,5,129136,31159,,,
KR6i0353,解深密經,5,125689,30339,,,
KR6i0354,解深密經疏,9,1176237,305065,,,
KR6i0355,佛說解節經,1,18236,4400,,,
KR6i0356,相續解脫地波羅蜜了義經,1,18773,4509,,,
KR6i0357,相續解脫如來所作隨順處了義經,1,12835,3115,,,
KR6i0358,佛說佛地經,1,14902,3797,,,
KR6i0359,大乘密嚴經,3,110204,25282,,,
KR6i0360,大乘密嚴經,3,121957,25728,,,
KR6i0361,大乘密嚴經疏,3,222562,58311,,,
KR6i0362,佛說諸德福田經,1,10212,1952,,,
KR6i0363,佛說父母恩難報經,1,1953,318,,,
KR6i0364,佛說盂蘭盆經,1,3612,765,,,
KR6i0365,佛說盂蘭盆經疏,2,40510,10085,,,
KR6i0366,盂蘭盆經讚述,1,19638,4815,,,
KR6i0367,盂蘭盆經疏新記,2,112329,31995,,,
KR6i0368,盂蘭盆經疏會古通今記,2,110996,33409,,,
KR6i0369,盂蘭盆經疏孝衡鈔科,1,17904,3430,,,
KR6i0370,盂蘭盆經疏孝衡鈔,2,192568,47992,,,
KR6i0371,盂蘭盆經疏鈔餘義,1,50618,13431,,,
KR6i0372,盂蘭盆經新疏,1,39300,9669,,,
KR6i0373,盂蘭盆經疏折中疏,1,40402,11668,,,
KR6i0374,盂蘭盆經略疏,1,11225,2471,,,
KR6i0375,蘭盆獻供儀,1,6282,1182,,,
KR6i0376,佛說報恩奉盆經,1,1721,0,,,
KR6i0377,佛說孝子經,1,3363,359,,,
KR6i0378,佛說未曾有經,1,5514,989,,,
KR6i0379,甚希有經,1,8564,1761,,,
KR6i0380,佛說希有挍量功德經,1,9822,1980,,,
KR6i0381,最無比經,1,14889,3475,,,
KR6i0382,佛說作佛形像經,1,4135,685,,,
KR6i0383,佛說造立形像福報經,1,6425,1354,,,
KR6i0384,佛說大乘造像功德經,2,35751,8450,,,
KR6i0385,佛說灌洗佛形像經,1,5057,856,,,
KR6i0386,佛說摩訶剎頭經,1,5621,942,,,
KR6i0387,佛說浴像功德經,1,5054,769,,,
KR6i0388,浴佛功德經,1,6488,1119,,,
KR6i0389,佛說造塔功德經,1,3667,668,,,
KR6i0390,右繞佛塔功德經,1,4979,879,,,
KR6i0391,佛說溫室洗浴眾僧經,1,5874,889,,,
KR6i0392,溫室經義記,1,19047,4630,,,
KR6i0393,溫室經疏,1,16282,3953,,,
KR6i0394,佛說施燈功德經,1,25465,6007,,,
KR6i0395,燈指因緣經,1,15506,3807,,,
KR6i0396,佛說樓閣正法甘露鼓經,1,7141,1458,,,
KR6i0397,佛說布施經,1,4359,764,,,
KR6i0398,佛說五大施經,1,1241,40,,,
KR6i0399,佛說出家功德經,1,8855,1841,,,
KR6i0400,了本生死經,1,8579,1599,,,
KR6i0401,佛說稻芉經,1,10927,2685,,,
KR6i0403,大乘舍黎娑擔摩經,1,12317,2643,,,
KR6i0404,佛說大乘稻芉經,1,16080,3839,,,
KR6i0405,大乘稻芉經隨聽疏,1,62457,16540,,,
KR6i0406,大乘稻芉經隨聽疏決,1,6139,1439,,,
KR6i0407,貝多樹下思惟十二因緣經,1,7278,1340,,,
KR6i0408,緣起聖道經,1,8058,1855,,,
KR6i0409,佛說舊城喻經,1,8677,1650,,,
KR6i0410,緣生初勝分法本經,2,38089,8883,,,
KR6i0411,分別緣起初勝法門經,2,36954,8952,,,
KR6i0412,佛說分別緣生經,1,3993,818,,,
KR6i0413,十二緣生祥瑞經,2,23940,5050,,,
KR6i0414,無明羅剎集,3,43426,9966,,,
KR6i0415,正法念處經,70,2155621,525752,,,
KR6i0416,妙法聖念處經,8,137489,28186,,,
KR6i0417,分別業報略經,1,17288,3517,,,
KR6i0418,佛說罪業應報教化地獄經,1,10242,2101,,,
KR6i0419,佛說六道伽陀經,1,10299,1898,,,
KR6i0420,六趣輪迴經,1,10472,1983,,,
KR6i0421,十不善業道經,1,2537,164,,,
KR6i0422,諸法集要經,10,241400,48832,,,
KR6i0423,佛說分別善惡所起經,1,32154,7276,,,
KR6i0424,佛說處處經,1,26548,6168,,,
KR6i0425,佛說十八泥犁經,1,9163,2051,,,
KR6i0426,佛說罵意經,1,25301,6108,,,
KR6i0427,佛說堅意經,1,3027,592,,,
KR6i0428,佛說鬼問目連經,1,5658,1016,,,
KR6i0429,佛說四願經,1,8035,1712,,,
KR6i0430,佛說四自侵經,1,7980,1529,,,
KR6i0431,所欲致患經,1,9831,2034,,,
KR6i0432,佛說分別經,1,9471,2062,,,
KR6i0433,佛說慢法經,1,2530,287,,,
KR6i0434,佛說頞多和多耆經,1,2433,426,,,
KR6i0435,五苦章句經,1,23322,5289,,,
KR6i0436,佛說自愛經,1,8224,1631,,,
KR6i0437,佛說忠心經,1,8829,1941,,,
KR6i0438,佛說除恐災患經,1,31251,7287,,,
KR6i0439,佛說雜藏經,1,16706,3787,,,
KR6i0440,餓鬼報應經,1,11447,2397,,,
KR6i0441,佛說罪福報應經,1,6169,1175,,,
KR6i0442,佛說輪轉五道罪福報應經,1,7670,1651,,,
KR6i0443,佛說護淨經,1,4281,930,,,
KR6i0444,佛說因緣僧護經,1,37963,8911,,,
KR6i0445,沙彌羅經,1,3001,471,,,
KR6i0446,佛說五無反復經,1,4195,634,,,
KR6i0447,佛說五無返復經,1,4449,699,,,
KR6i0448,佛說五無返復經,1,4312,773,,,
KR6i0449,十二品生死經,1,1756,238,,,
KR6i0450,佛說未曾有因緣經,2,72103,17538,,,
KR6i0451,佛說淨意優婆塞所問經,1,8896,1886,,,
KR6i0452,佛說八無暇有暇經,1,7092,1334,,,
KR6i0453,佛說身毛喜豎經,3,47799,11304,,,
KR6i0454,佛說諸行有為經,1,3137,332,,,
KR6i0455,佛說較量壽命經,1,16321,3527,,,
KR6i0456,大藏正教血盆經,1,1747,49,,,
KR6i0457,惟日雜難經,1,24483,5806,,,
KR6i0458,佛說法集經,6,221851,55615,,,
KR6i0459,佛說決定義經,1,18508,4316,,,
KR6i0460,佛說法乘義決定經,3,36172,7951,,,
KR6i0461,佛說法集名數經,1,10508,2252,,,
KR6i0462,本事經,7,190083,43394,,,
KR6i0463,佛說法身經,1,7225,1561,,,
KR6i0464,佛說三品弟子經,1,4357,727,,,
KR6i0465,三慧經,1,20535,4789,,,
KR6i0466,佛說四輩經,1,4856,824,,,
KR6i0467,佛說四不可得經,1,7916,1571,,,
KR6i0468,四品學法經,1,3409,596,,,
KR6i0469,大乘四法經,1,1708,95,,,
KR6i0470,佛說菩薩修行四法經,1,1788,99,,,
KR6i0471,大乘四法經,1,15151,3383,,,
KR6i0472,佛說四無所畏經,1,3462,520,,,
KR6i0473,佛說四品法門經,1,8874,1776,,,
KR6i0474,佛說賢者五福德經,1,1969,45,,,
KR6i0475,佛說菩薩內習六波羅蜜經,1,4983,739,,,
KR6i0476,佛說八大人覺經,1,1940,39,,,
KR6i0477,八大人覺經略解,1,5599,1000,,,
KR6i0478,八大人覺經疏,1,32237,8097,,,
KR6i0479,佛說十力經,1,16266,3889,,,
KR6i0480,佛說佛十力經,1,4458,772,,,
KR6i0481,佛說十號經,1,4433,602,,,
KR6i0482,佛說十二頭陀經,1,8595,1876,,,
KR6i0483,四十二章經,1,10860,2232,,,
KR6i0484,註四十二章經,1,31937,8492,,,
KR6i0485,四十二章經註,1,25698,5740,,,
KR6i0486,四十二章經解,1,42421,10642,,,
KR6i0487,四十二章經疏鈔,5,319131,80882,,,
KR6i0488,佛祖三經指南,3,86664,25024,,,
KR6i0489,得道梯橙錫杖經,1,9417,2110,,,
KR6i0490,佛說木槵子經,1,2502,183,,,
KR6i0491,曼殊室利呪藏中校量數珠功德經,1,3353,563,,,
KR6i0492,佛說校量數珠功德經,1,3035,449,,,
KR6i0493,金剛頂瑜伽念珠經,1,2397,193,,,
KR6i0494,佛說孛經抄,1,35278,7660,,,
KR6i0495,佛說出家緣經,1,3146,296,,,
KR6i0496,佛說法受塵經,1,1783,287,,,
KR6i0497,佛說佛醫經,1,7181,1561,,,
KR6i0498,佛說時非時經,1,3346,484,,,
KR6i0499,佛說時非時經,1,4263,703,,,
KR6i0500,佛治身經,1,2115,365,,,
KR6i0501,佛說見正經,1,13176,2839,,,
KR6i0502,佛說貧窮老公經,1,5030,846,,,
KR6i0503,佛說貧窮老公經,1,4700,920,,,
KR6i0504,佛說進學經,1,1640,17,,,
KR6i0505,佛說略教誡經,1,2351,119,,,
KR6i0506,佛說無上處經,1,1640,26,,,
KR6i0507,佛說無常經,1,9084,1879,,,
KR6i0508,佛說信解智力經,1,9788,2256,,,
KR6i0509,佛說清淨心經,1,1500,0,,,
KR6i0510,佛說解憂經,1,5487,1017,,,
KR6i0511,佛說栴檀樹經,1,4479,712,,,
KR6i0512,佛說枯樹經,1,1594,111,,,
KR6i0513,佛說內藏百寶經,1,12270,2807,,,
KR6i0514,佛說犢子經,1,2845,337,,,
KR6i0515,佛說乳光佛經,1,10964,2467,,,
KR6i0516,諸佛要集經,2,76139,18946,,,
KR6i0517,佛說決定總持經,1,15131,3620,,,
KR6i0518,菩薩行五十緣身經,1,9172,2043,,,
KR6i0519,佛說無希望經,1,35116,8202,,,
KR6i0520,佛說象腋經,1,30085,6883,,,
KR6i0521,佛昇忉利天為母說法經,3,68207,16287,,,
KR6i0522,佛說道神足無極變化經,4,89841,21040,,,
KR6i0523,佛說大淨法門經,1,45332,10746,,,
KR6i0524,大莊嚴法門經,2,46383,11142,,,
KR6i0525,佛說法常住經,1,2312,204,,,
KR6i0526,佛說演道俗業經,1,17923,3882,,,
KR6i0527,大方廣如來祕密藏經,2,43739,10057,,,
KR6i0528,佛說諸法勇王經,1,32813,7780,,,
KR6i0529,佛說一切法高王經,1,35679,8669,,,
KR6i0530,諸法最上王經,1,42695,10163,,,
KR6i0531,佛說甚深大迴向經,1,7181,1577,,,
KR6i0532,弟子死復生經,1,10369,2346,,,
KR6i0533,佛說懈怠耕者經,1,2459,214,,,
KR6i0534,無字寶篋經,1,9729,2137,,,
KR6i0535,大乘離文字普光明藏經,1,7924,1949,,,
KR6i0536,大乘遍照光明藏無字法門經,1,10205,2302,,,
KR6i0537,謗佛經,1,11375,2427,,,
KR6i0538,佛語經,1,5645,958,,,
KR6i0539,第一義法勝經,1,22955,5417,,,
KR6i0540,大威燈光仙人問疑經,1,26201,6466,,,
KR6i0541,如來師子吼經,1,9608,2307,,,
KR6i0542,大方廣師子吼經,1,8193,1705,,,
KR6i0543,佛說出生菩提心經,1,23222,5149,,,
KR6i0544,佛說發菩提心破諸魔經,2,26133,5634,,,
KR6i0545,占察善惡業報經,2,51020,12784,,,
KR6i0546,稱讚大乘功德經,1,7674,1768,,,
KR6i0547,說妙法決定業障經,1,5593,1272,,,
KR6i0548,占察善惡業報經玄義,1,78434,20403,,,
KR6i0549,占察善惡業報經義疏,2,159678,41502,,,
KR6i0550,占察善惡業報經行法,1,28712,7409,,,
KR6i0551,大方廣圓覺修多羅了義經,1,46316,11758,,,
KR6i0552,大方廣圓覺修多羅了義經（選錄「附文：金剛禮一本」）,1,1843,0,,,
KR6i0553,大方廣圓覺修多羅了義經略疏,2,266161,69763,,,
KR6i0554,圓覺經佚文,1,1633,10,,,
KR6i0555,圓覺經大疏,3,428606,127987,,,
KR6i0556,圓覺經大疏鈔科,2,63327,12479,,,
KR6i0557,圓覺經大疏釋義鈔,13,1670072,441646,,,
KR6i0558,圓覺經略疏科,1,52024,10532,,,
KR6i0559,圓覺經略疏鈔,12,666910,200542,,,
KR6i0560,圓覺經鈔辨疑誤,2,52448,13638,,,
KR6i0561,圓覺經疏鈔隨文要解,12,688451,195084,,,
KR6i0562,御註圓覺經,2,109381,26116,,,
KR6i0563,圓覺經類解,4,298996,89060,,,
KR6i0564,圓覺經夾頌集解講義,12,662573,170119,,,
KR6i0565,圓覺經心鏡,6,274237,68472,,,
KR6i0566,圓覺經序注,1,9358,2209,,,
KR6i0567,圓覺經略疏序注,1,12342,3043,,,
KR6i0568,圓覺經集註,2,178797,50536,,,
KR6i0569,圓覺經直解,2,137796,34624,,,
KR6i0570,圓覺經近釋,6,155851,41458,,,
KR6i0571,圓覺經要解,2,138613,34232,,,
KR6i0572,圓覺經精解評林,1,135976,34049,,,
KR6i0573,圓覺經句釋正白,2,357789,92849,,,
KR6i0574,圓覺經析義疏,4,391443,101162,,,
KR6i0575,佛說大乘不思議神通境界經,3,46326,11083,,,
KR6i0576,佛說大方廣未曾有經善巧方便品,1,7360,1488,,,
KR6i0577,佛說尊那經,1,9231,2005,,,
KR6i0578,外道問聖大乘法無我義經,1,5644,1120,,,
KR6i0579,大乘修行菩薩行門諸經要集,3,148648,37596,,,
KR6i0580,大明仁孝皇后夢感佛說第一希有大功德經,2,35590,9111,,,
KR6i0581,佛說長壽滅罪護諸童子陀羅尼經,1,33292,8090,,,
KR6i0582,佛說斷溫經,1,1429,0,,,
KR6i0583,佛說地藏菩薩發心因緣十王經,1,17269,4342,,,
KR6i0584,佛說預修十王生七經,1,10979,2160,,,
KR6i0585,壽生經,1,3130,606,,,
KR6i0586,化珠保命真經,1,8841,1825,,,
KR6i0587,閱經十二種,14,211847,52050,,,
KR6i0588,諸經日誦集要,3,230793,59031,,,
KR6i0589,佛地經論,7,192080,49533,,,
KR6i0590,文殊師利菩薩問菩提經論,2,49696,12207,,,
KR6i0591,勝思惟梵天所問經論,4,96474,24917,,,
KR6i0592,轉法輪經憂波提舍,1,16732,3823,,,
KR6i0593,三具足經憂波提舍,1,29791,7434,,,
KR6i0594,大乘四法經釋,1,4083,625,,,
KR6i0595,大乘四法經釋抄,1,6741,1278,,,
KR6i0596,大乘四法經論廣釋開決記,1,19140,4727,,,
KR6j0001,大毘盧遮那成佛神變加持經,7,232099,55798,,,
KR6j0005,大毘盧遮那佛說要略念誦經,1,44971,11658,,,
KR6j0006,攝大毘盧遮那成佛神變加持經入蓮華胎藏海會悲生曼荼攞廣大念誦儀軌供養方便會,3,86274,19330,,,
KR6j0007,大毘盧遮那經廣大儀軌,3,76331,17288,,,
KR6j0008,大毘盧遮那成佛神變加持經蓮華胎藏悲生曼荼羅廣大成就儀軌供養方便會,2,76103,18383,,,
KR6j0009,大毘盧舍那成佛神變加持經蓮華胎藏悲生曼荼羅廣大成就儀軌,2,66326,15888,,,
KR6j0010,大毘盧遮那成佛神變加持經蓮華胎藏菩提幢標幟普通真言藏廣大成就瑜伽,3,103240,26182,,,
KR6j0012,胎藏梵字真言,2,9079,1334,,,
KR6j0013,青龍寺軌記,1,13475,3136,,,
KR6j0014,大毘盧遮那成佛神變加持經略示七支念誦隨行法,1,5695,1032,,,
KR6j0015,大日經略攝念誦隨行法,1,4449,767,,,
KR6j0016,大毘盧遮那略要速疾門五支念誦法,1,1670,124,,,
KR6j0017,供養儀式,1,10492,2261,,,
KR6j0018,大日經持誦次第儀軌,1,27079,5703,,,
KR6j0019,毘盧遮那五字真言修習儀軌,1,6839,1398,,,
KR6j0020,阿闍梨大曼荼攞灌頂儀軌,1,16752,3971,,,
KR6j0021,大毘盧遮那經阿闍梨真實智品中阿闍梨住阿字觀門,1,12755,2894,,,
KR6j0022,大日如來劍印,1,24388,5986,,,
KR6j0023,胎藏金剛教法名號,1,10957,2454,,,
KR6j0024,金剛頂一切如來真實攝大乘現證大教王經,3,77848,17934,,,
KR6j0030,金剛頂瑜伽中略出念誦經,4,146544,37217,,,
KR6j0031,金剛峰樓閣一切瑜伽瑜祇經,2,54195,13183,,,
KR6j0034,諸佛境界攝真實經,3,68770,17275,,,
KR6j0035,金剛頂經瑜伽十八會指歸,1,15027,3677,,,
KR6j0036,略述金剛頂瑜伽分別聖位修證法門,1,20328,5358,,,
KR6j0037,金剛頂瑜伽略述三十七尊心要,1,29614,7366,,,
KR6j0038,金剛頂瑜伽三十七尊出生義,1,7964,1798,,,
KR6j0039,金剛頂蓮華部心念誦儀軌,1,46732,10196,,,
KR6j0041,金剛頂一切如來真實攝大乘現證大教王經,2,51841,11776,,,
KR6j0042,蓮華部心念誦儀軌,1,4070,443,,,
KR6j0043,金剛頂瑜伽修習毘盧遮那三摩地法,1,21267,4787,,,
KR6j0044,金剛頂經毘盧遮那一百八尊法身契印,1,10183,2395,,,
KR6j0045,金剛頂經金剛界大道場毘盧遮那如來自受用身內證智眷屬法身異名佛最上乘祕密三摩地禮懺文,1,6556,1546,,,
KR6j0046,金剛頂瑜伽三十七尊禮,1,6030,1497,,,
KR6j0047,瑜伽金剛頂經釋字母品,1,2910,489,,,
KR6j0048,賢劫十六尊,1,3838,746,,,
KR6j0049,佛說一切如來真實攝大乘現證三昧大教王經,30,489057,114494,,,
KR6j0051,佛說祕密三昧大教王經,4,84095,20591,,,
KR6j0052,佛說祕密相經,3,31185,7356,,,
KR6j0053,佛說一切如來金剛三業最上祕密大教王經,7,178486,43425,,,
KR6j0054,佛說金剛場莊嚴般若波羅蜜多教中一分,1,14442,3717,,,
KR6j0055,佛說無二平等最上瑜伽大教王經,6,106827,25158,,,
KR6j0056,一切祕密最上名義大教王儀軌,2,23516,5688,,,
KR6j0057,一切如來大祕密王未曾有最上微妙大曼拏羅經,5,87669,22185,,,
KR6j0058,佛說瑜伽大教王經,5,118188,30216,,,
KR6j0059,佛說幻化網大瑜伽教十忿怒明王大明觀想儀軌經,1,24425,6404,,,
KR6j0060,佛說大悲空智金剛大教王儀軌經,5,67840,16902,,,
KR6j0061,蘇悉地羯羅經,3,156446,40167,,,
KR6j0063,蘇悉地羯羅供養法,3,57521,14079,,,
KR6j0064,蘇悉地羯羅供養法,2,50379,12416,,,
KR6j0065,蘇婆呼童子請問經,3,83189,21390,,,
KR6j0066,蘇婆呼童子請問經,2,60282,15287,,,
KR6j0067,妙臂菩薩所問經,4,73793,19288,,,
KR6j0068,蕤呬耶經,3,65396,16707,,,
KR6j0069,佛說毘奈耶經,1,18808,4712,,,
KR6j0070,清淨法身毘盧遮那心地法門成就一切陀羅尼三種悉地,1,26123,6785,,,
KR6j0071,十八契印,1,9485,2317,,,
KR6j0072,陀羅尼集經,12,563509,147467,,,
KR6j0073,總釋陀羅尼義讚,1,3425,441,,,
KR6j0074,都部陀羅尼目,1,7663,1547,,,
KR6j0075,念誦結護法普通諸部,1,45098,11633,,,
KR6j0076,三種悉地破地獄轉業障出三界祕密陀羅尼法,1,15027,3772,,,
KR6j0077,佛頂尊勝心破地獄轉業障出三界祕密三身佛果三種悉地真言儀軌,1,13195,3116,,,
KR6j0078,佛頂尊勝心破地獄轉業障出三界祕密陀羅尼,1,5712,1313,,,
KR6j0079,金剛頂瑜伽護摩儀軌,1,18061,4367,,,
KR6j0080,金剛頂瑜伽護摩儀軌,1,15330,3827,,,
KR6j0081,梵天擇地法,1,6002,1244,,,
KR6j0082,建立曼荼羅及揀擇地法,1,14991,3760,,,
KR6j0083,建立曼荼羅護摩儀軌,1,22035,5049,,,
KR6j0085,火吽軌別錄,1,12764,3204,,,
KR6j0086,受菩提心戒儀,1,5242,1020,,,
KR6j0087,受五戒八戒文,1,4354,737,,,
KR6j0088,無畏三藏禪要,1,17485,4534,,,
KR6j0089,諸佛心陀羅尼經,1,3639,470,,,
KR6j0090,諸佛心印陀羅尼經,1,3553,469,,,
KR6j0091,佛心經,2,65199,16918,,,
KR6j0092,阿閦如來念誦供養法,1,19633,4342,,,
KR6j0093,藥師如來觀行儀軌法,1,29987,7655,,,
KR6j0094,藥師如來念誦儀軌,1,5071,899,,,
KR6j0095,藥師如來念誦儀軌,1,1439,0,,,
KR6j0096,藥師儀軌一具,1,11791,2714,,,
KR6j0097,藥師琉璃光王七佛本願功德經念誦儀軌,2,44774,11882,,,
KR6j0098,藥師琉璃光王七佛本願功德經念誦儀軌供養法,1,31983,8045,,,
KR6j0099,藥師七佛供養儀軌如意王經,1,72770,18774,,,
KR6j0100,修藥師儀軌布壇法,1,11581,2536,,,
KR6j0101,淨瑠璃淨土摽,1,4883,1152,,,
KR6j0102,無量壽如來觀行供養儀軌,1,21109,5442,,,
KR6j0103,金剛頂經觀自在王如來修行法,1,9550,2318,,,
KR6j0104,金剛頂經瑜伽觀自在王如來修行法,1,19794,4840,,,
KR6j0105,九品往生阿彌陀三摩地集陀羅尼經,1,3589,744,,,
KR6j0106,佛說無量功德陀羅尼經,1,1870,296,,,
KR6j0107,極樂願文,1,6850,1588,,,
KR6j0108,大乘無量壽經,1,15375,3732,,,
KR6j0109,佛說大乘聖無量壽決定光明王如來陀羅尼經,1,8996,2053,,,
KR6j0110,釋迦文尼佛金剛一乘修行儀軌法品,1,7074,1616,,,
KR6j0111,佛說大乘觀想曼拏羅淨諸惡趣經,2,36293,9251,,,
KR6j0112,佛說帝釋巖祕密成就儀軌,1,7098,1469,,,
KR6j0113,釋迦牟尼佛成道在菩提樹降魔讚,1,4252,618,,,
KR6j0114,釋迦佛讚,1,3494,566,,,
KR6j0115,佛說無能勝幡王如來莊嚴陀羅尼經,1,6678,1496,,,
KR6j0116,大佛頂如來放光悉怛多鉢怛囉陀羅尼,1,17690,4216,,,
KR6j0117,大佛頂大陀羅尼,1,2918,0,,,
KR6j0118,大佛頂如來密因修證了義諸菩薩萬行首楞嚴經,10,271515,68304,,,
KR6j0120,大佛頂廣聚陀羅尼經,4,120516,30792,,,
KR6j0121,大佛頂如來放光悉怛多般怛羅大神力都攝一切呪王陀羅尼經大威德最勝金輪三昧呪品,1,41761,10484,,,
KR6j0122,金輪王佛頂要略念誦法,1,6922,1433,,,
KR6j0123,奇特最勝金輪佛頂念誦儀軌法要,1,11243,2511,,,
KR6j0124,菩提場所說一字頂輪王經,5,136910,33673,,,
KR6j0126,一字佛頂輪王經,5,198685,52691,,,
KR6j0127,五佛頂三昧陀羅尼經,4,107685,28343,,,
KR6j0128,一字奇特佛頂經,3,100651,26509,,,
KR6j0129,一字頂輪王瑜伽經,1,10140,2417,,,
KR6j0130,一字頂輪王念誦儀軌,1,13041,3112,,,
KR6j0131,一字頂輪王念誦儀軌,1,12704,3235,,,
KR6j0132,一字頂輪王瑜伽觀行儀軌,1,10559,2562,,,
KR6j0133,大陀羅尼末法中一字心呪經,1,23778,6252,,,
KR6j0134,金剛頂一字頂輪王瑜伽一切時處念誦成佛儀軌,1,23862,5380,,,
KR6j0135,金剛頂經一字頂輪王儀軌音義,1,4587,860,,,
KR6j0137,一切如來說佛頂輪王一百八名讚,1,2212,254,,,
KR6j0138,如意寶珠轉輪祕密現身成佛金輪呪王經,1,21685,5836,,,
KR6j0139,寶悉地成佛陀羅尼經,1,11768,2778,,,
KR6j0140,佛說熾盛光大威德消災吉祥陀羅尼經,1,4149,853,,,
KR6j0141,佛說大威德金輪佛頂熾盛光如來消除一切災難陀羅尼經,1,4266,659,,,
KR6j0142,大妙金剛大甘露軍拏利焰鬘熾盛佛頂經,1,16150,4226,,,
KR6j0143,大聖妙吉祥菩薩說除災教令法輪,1,21126,5267,,,
KR6j0144,佛頂尊勝陀羅尼經,1,20086,5122,,,
KR6j0145,佛頂尊勝陀羅尼經,1,11227,2643,,,
KR6j0146,佛頂最勝陀羅尼經,1,12824,3147,,,
KR6j0147,最勝佛頂陀羅尼淨除業障呪經,1,20870,5672,,,
KR6j0148,佛說佛頂尊勝陀羅尼經,1,12889,3343,,,
KR6j0149,佛頂尊勝陀羅尼念誦儀軌法,1,14567,3510,,,
KR6j0150,尊勝佛頂脩瑜伽法軌儀,2,63712,16698,,,
KR6j0151,最勝佛頂陀羅尼經,1,5499,959,,,
KR6j0152,佛頂尊勝陀羅尼,1,5308,1221,,,
KR6j0153,佛頂尊勝陀羅尼,1,4669,503,,,
KR6j0154,加句靈驗佛頂尊勝陀羅尼記,1,13443,3065,,,
KR6j0155,佛頂尊勝陀羅尼注義,1,4034,513,,,
KR6j0156,佛頂尊勝陀羅尼真言,1,34046,8479,,,
KR6j0157,佛頂尊勝陀羅尼別法,1,10790,2489,,,
KR6j0158,白傘蓋大佛頂王最勝無比大威德金剛無礙大道場陀羅尼念誦法要,1,11885,2817,,,
KR6j0159,佛頂大白傘蓋陀羅尼經,1,14873,3914,,,
KR6j0160,佛說大白傘蓋總持陀羅尼經,1,17481,4197,,,
KR6j0161,一切如來白傘蓋大佛頂陀羅尼,1,26689,6441,,,
KR6j0162,一切如來白傘蓋大佛頂陀羅尼,1,29861,6888,,,
KR6j0163,佛說一切如來烏瑟膩沙最勝總持經,1,13390,3381,,,
KR6j0164,于瑟抳沙毘左野陀囉尼,1,2931,283,,,
KR6j0165,大勝金剛佛頂念誦儀軌,1,3182,593,,,
KR6j0166,大毘盧遮那佛眼修行儀軌,1,14253,3475,,,
KR6j0167,佛母大孔雀明王經,3,107290,24639,,,
KR6j0169,佛說大孔雀明王畫像壇場儀軌,1,7936,1784,,,
KR6j0170,孔雀經真言等梵本,1,2819,175,,,
KR6j0171,孔雀王呪經,2,61434,16082,,,
KR6j0172,佛說大孔雀呪王經,3,87900,22456,,,
KR6j0173,大金色孔雀王呪經,1,6162,1140,,,
KR6j0174,佛說大金色孔雀王呪經,1,13531,3063,,,
KR6j0175,孔雀王呪經,1,13562,3471,,,
KR6j0176,大雲輪請雨經,2,42648,10789,,,
KR6j0177,大雲經祈雨壇法,1,2372,464,,,
KR6j0178,大雲輪請雨經,2,33947,8528,,,
KR6j0179,大方等大雲經請雨品第六十四,1,28639,7409,,,
KR6j0180,大雲經請雨品第六十四,1,34907,9480,,,
KR6j0181,仁王護國般若波羅蜜多經陀羅尼念誦儀軌,1,30332,7954,,,
KR6j0184,仁王般若念誦法,1,11190,2874,,,
KR6j0185,仁王般若陀羅尼釋,1,11886,2776,,,
KR6j0186,守護國界主陀羅尼經,10,258589,67197,,,
KR6j0187,佛說迴向輪經,1,5972,1398,,,
KR6j0188,佛說守護大千國土經,3,79280,20778,,,
KR6j0189,成就妙法蓮華經王瑜伽觀智儀軌,1,35748,9260,,,
KR6j0190,法華曼荼羅威儀形色法經,1,15852,3162,,,
KR6j0191,不空羂索毘盧遮那佛大灌頂光真言,1,3115,431,,,
KR6j0193,大樂金剛不空真實三昧耶經般若波羅蜜多理趣釋,2,53236,13860,,,
KR6j0196,般若波羅蜜多理趣經大樂不空三昧真實金剛薩埵菩薩等一十七聖大曼荼羅義述,1,4911,922,,,
KR6j0197,大寶廣博樓閣善住祕密陀羅尼經,3,72874,19178,,,
KR6j0198,寶樓閣經梵字真言,1,2221,265,,,
KR6j0199,廣大寶樓閣善住祕密陀羅尼經,3,101906,26870,,,
KR6j0200,牟梨曼陀羅呪經,1,52191,13899,,,
KR6j0201,菩提場莊嚴陀羅尼經,1,34630,9452,,,
KR6j0202,出生無邊門陀羅尼經,1,18477,4551,,,
KR6j0203,佛說出生無邊門陀羅尼儀軌,1,2426,326,,,
KR6j0204,佛說無量門微密持經,1,9500,1984,,,
KR6j0205,佛說出生無量門持經,1,12616,2919,,,
KR6j0206,阿難陀目佉尼呵離陀經,1,15553,3706,,,
KR6j0207,無量門破魔陀羅尼經,1,18216,4613,,,
KR6j0208,佛說阿難陀目佉尼呵離陀隣尼經,1,16221,3873,,,
KR6j0209,舍利弗陀羅尼經,1,13820,3456,,,
KR6j0210,佛說一向出生菩薩經,1,21053,5177,,,
KR6j0211,出生無邊門陀羅尼經,1,24600,6160,,,
KR6j0212,大方廣佛華嚴經入法界品四十二字觀門,1,7405,1600,,,
KR6j0213,大方廣佛花嚴經入法界品頓證毘盧遮那法身字輪瑜伽儀軌,1,2377,120,,,
KR6j0214,華嚴經心陀羅尼,1,965,74,,,
KR6j0215,一切如來心祕密全身舍利寶篋印陀羅尼經,1,10732,2591,,,
KR6j0216,一切如來心祕密全身舍利寶篋印陀羅尼經,1,13992,3508,,,
KR6j0217,一切如來正法祕密篋印心陀羅尼經,1,14343,3572,,,
KR6j0218,無垢淨光大陀羅尼經,1,19590,4996,,,
KR6j0219,佛頂放無垢光明入普門觀察一切如來心陀羅尼經,2,24677,6061,,,
KR6j0220,佛說造塔延命功德經,1,8159,1756,,,
KR6j0221,金剛光焰止風雨陀羅尼經,1,41566,10630,,,
KR6j0222,金剛光焰止風雨陀羅尼經,1,34812,9104,,,
KR6j0223,佛說護諸童子陀羅尼經,1,5603,1200,,,
KR6j0224,童子經念誦法,1,6464,1439,,,
KR6j0225,佛說安宅陀羅尼呪經,1,2548,371,,,
KR6j0226,祕密要術法,1,2639,391,,,
KR6j0227,妙法蓮華三昧祕密三摩耶經,1,21869,5715,,,
KR6j0228,觀自在大悲成就瑜伽蓮華部念誦法門,1,18627,4630,,,
KR6j0229,聖觀自在菩薩心真言瑜伽觀行儀軌,1,8705,2083,,,
KR6j0230,瑜伽蓮華部念誦法,1,9697,2281,,,
KR6j0231,金剛恐怖集會方廣軌儀觀自在菩薩三世最勝心明王經,1,33598,8618,,,
KR6j0232,呪五首,1,2273,107,,,
KR6j0233,千轉陀羅尼觀世音菩薩呪,1,5023,1145,,,
KR6j0234,千轉大明陀羅尼經,1,6027,1342,,,
KR6j0235,觀自在菩薩說普賢陀羅尼經,1,6629,1337,,,
KR6j0236,清淨觀世音普賢陀羅尼經,1,9043,2141,,,
KR6j0237,阿唎多羅陀羅尼阿嚕力經,1,34940,9088,,,
KR6j0238,金剛頂降三世大儀軌法王教中觀自在菩薩心真言一切如來蓮華大曼荼羅品,1,6715,1473,,,
KR6j0239,觀自在菩薩心真言一印念誦法,1,3848,836,,,
KR6j0240,觀自在菩薩大悲智印周遍法界利益眾生薰真如法,1,3940,781,,,
KR6j0241,請觀世音菩薩消伏毒害陀羅尼呪經,1,18848,4736,,,
KR6j0242,佛說六字呪王經,1,7312,1757,,,
KR6j0243,佛說六字神呪王經,1,9661,2165,,,
KR6j0244,六字神呪王經,1,9949,2255,,,
KR6j0245,六字大陀羅尼呪經,1,1930,48,,,
KR6j0246,佛說聖六字大明王陀羅尼經,1,2916,347,,,
KR6j0247,佛說大護明大陀羅尼經,1,9339,2125,,,
KR6j0248,聖六字增壽大明陀羅尼經,1,2938,484,,,
KR6j0249,佛說大乘莊嚴寶王經,4,88492,23385,,,
KR6j0250,佛說一切佛攝相應大教王經聖觀自在菩薩念誦儀軌,1,14772,3708,,,
KR6j0251,讚觀世音菩薩頌,1,4811,975,,,
KR6j0252,聖觀自在菩薩功德讚,1,6070,1184,,,
KR6j0253,聖觀自在菩薩一百八名經,1,8470,1840,,,
KR6j0254,佛說聖觀自在菩薩梵讚,1,4425,822,,,
KR6j0255,金剛頂瑜伽千手千眼觀自在菩薩修行儀軌經,2,51703,12893,,,
KR6j0256,千眼千臂觀世音菩薩陀羅尼神呪經,2,32594,7929,,,
KR6j0257,千眼千臂觀世音菩薩陀羅尼神呪經,2,30132,7758,,,
KR6j0258,千手千眼觀世音菩薩姥陀羅尼身經,1,36308,9721,,,
KR6j0259,千手千眼觀世音菩薩治病合藥經,1,10090,2285,,,
KR6j0260,千手千眼觀世音菩薩廣大圓滿無礙大悲心陀羅尼經,1,35240,8424,,,
KR6j0262,千手千眼觀自在菩薩廣大圓滿無礙大悲心陀羅尼呪本,1,7303,1135,,,
KR6j0263,觀自在菩薩廣大圓滿無礙大悲根本陀羅尼,1,4720,958,,,
KR6j0264,聖千手千眼觀自在菩薩摩訶薩廣大圓滿無礙大悲心陀羅尼,1,4993,484,,,
KR6j0265,千手千眼觀世音菩薩大身呪本,1,3135,397,,,
KR6j0266,世尊聖者千眼千首千足千舌千臂觀自在菩提薩埵怛嚩廣大圓滿無礙大悲心陀羅尼,1,749,0,,,
KR6j0267,番大悲神呪,1,4946,813,,,
KR6j0268,梵本大悲神咒,1,4763,743,,,
KR6j0269,千手千眼觀世音菩薩大悲心陀羅尼,1,17347,4211,,,
KR6j0270,大悲心陀羅尼,1,3674,304,,,
KR6j0271,千光眼觀自在菩薩祕密法經,1,33492,8727,,,
KR6j0272,大悲心陀羅尼修行念誦略儀,1,12088,3003,,,
KR6j0273,攝無礙大悲心大陀羅尼經計一法中出無量義南方滿願補陀落海會五部諸尊等弘誓力方位及威儀形色執持三摩耶幖幟曼荼羅儀軌,1,35251,7307,,,
KR6j0274,千手觀音造次第法儀軌,1,7193,1560,,,
KR6j0275,十一面觀自在菩薩心密言念誦儀軌經,3,39754,9545,,,
KR6j0276,佛說十一面觀世音神呪經,1,15143,3807,,,
KR6j0277,十一面神呪心經,1,14673,3673,,,
KR6j0278,聖賀野紇哩縛大威怒王立成大神驗供養念誦儀軌法品,2,73546,19233,,,
KR6j0279,馬頭觀音心陀羅尼,1,681,36,,,
KR6j0280,何耶揭唎婆像法,1,7650,1703,,,
KR6j0281,何耶揭唎婆觀世音菩薩受法壇,1,4846,1157,,,
KR6j0282,佛說七俱胝佛母准提大明陀羅尼經,1,25222,6221,,,
KR6j0283,七俱胝佛母所說准提陀羅尼經,1,28397,7414,,,
KR6j0284,佛說七俱胝佛母心大准提陀羅尼經,1,5153,1002,,,
KR6j0285,七佛俱胝佛母心大准提陀羅尼法,1,3886,659,,,
KR6j0286,七俱胝獨部法,1,6669,1578,,,
KR6j0287,如意輪陀羅尼經,1,38231,10127,,,
KR6j0288,佛說觀自在菩薩如意心陀羅尼呪經,1,5596,1239,,,
KR6j0289,觀世音菩薩祕密藏如意輪陀羅尼神呪經,1,13730,3583,,,
KR6j0290,觀世音菩薩如意摩尼陀羅尼經,1,10529,2402,,,
KR6j0291,觀世音菩薩如意摩尼輪陀羅尼念誦法,1,6551,1367,,,
KR6j0292,觀自在菩薩如意輪念誦儀軌,1,13102,3093,,,
KR6j0293,觀自在菩薩如意輪瑜伽,1,17705,3927,,,
KR6j0294,觀自在如意輪菩薩瑜伽法要,1,17814,3848,,,
KR6j0295,觀自在菩薩如意輪咒課法,1,20236,5687,,,
KR6j0296,如意輪菩薩觀門義注祕訣,1,6720,1570,,,
KR6j0297,都表如意摩尼轉輪聖王次第念誦祕密最要略法,1,13196,2908,,,
KR6j0298,佛說如意輪蓮華心如來修行觀門儀,1,17404,3858,,,
KR6j0299,七星如意輪祕密要經,1,6594,1265,,,
KR6j0300,不空羂索神變真言經,30,861862,226974,,,
KR6j0301,不空羂索呪經,1,18266,4613,,,
KR6j0302,不空羂索神呪心經,1,18824,4701,,,
KR6j0303,不空羂索呪心經,1,18686,4791,,,
KR6j0304,不空羂索陀羅尼經,1,63426,17019,,,
KR6j0305,不空羂索陀羅尼自在王呪經,3,54741,13947,,,
KR6j0306,佛說不空羂索陀羅尼儀軌經,2,55422,14168,,,
KR6j0307,佛說聖觀自在菩薩不空王祕密心陀羅尼經,1,17825,4645,,,
KR6j0308,葉衣觀自在菩薩經,1,12953,3043,,,
KR6j0309,佛說大方廣曼殊室利經,1,20240,5023,,,
KR6j0310,金剛頂經多羅菩薩念誦法,1,15596,3235,,,
KR6j0311,觀自在菩薩隨心呪經,1,27822,7096,,,
KR6j0312,觀自在菩薩怛嚩多唎隨心陀羅尼經,1,33128,8458,,,
KR6j0313,佛說聖多羅菩薩經,1,8351,1792,,,
KR6j0314,聖多羅菩薩一百八名陀羅尼經,1,12696,2927,,,
KR6j0315,讚揚聖德多羅菩薩一百八名經,1,8624,2027,,,
KR6j0316,聖多羅菩薩梵讚,1,12605,2853,,,
KR6j0317,聖救度佛母二十一種禮讚經,1,5489,1097,,,
KR6j0318,救度佛母二十一種禮讚經,1,7992,1337,,,
KR6j0319,白救度佛母讚,1,2267,353,,,
KR6j0320,佛說一髻尊陀羅尼經,1,21453,5420,,,
KR6j0321,青頸觀自在菩薩心陀羅尼經,1,8823,1868,,,
KR6j0322,金剛頂瑜伽青頸大悲王觀自在念誦儀軌,1,34580,8910,,,
KR6j0323,觀自在菩薩廣大圓滿無礙大悲心陀羅尼,1,5018,1047,,,
KR6j0324,大慈大悲救苦觀世音自在王菩薩廣大圓滿無礙自在青頸大悲心陀羅尼,1,6362,1247,,,
KR6j0325,毘俱胝菩薩一百八名經,1,7030,1580,,,
KR6j0327,廣大蓮華莊嚴曼拏羅滅一切罪陀羅尼經,1,15743,4191,,,
KR6j0328,佛說觀自在菩薩母陀羅尼經,1,4319,966,,,
KR6j0329,佛說十八臂陀羅尼經,1,2143,37,,,
KR6j0330,觀世音菩薩救苦經,1,1089,0,,,
KR6j0331,阿迦陀密一印千類千轉三使者成就經法,1,2908,434,,,
KR6j0332,七俱胝准提陀羅尼念誦儀軌,1,19192,5191,,,
KR6j0333,大樂金剛薩埵修行成就儀軌,1,21827,5409,,,
KR6j0334,金剛頂勝初瑜伽經中略出大樂金剛薩埵念誦儀,1,20622,4538,,,
KR6j0335,勝初瑜伽儀軌真言,1,842,24,,,
KR6j0336,金剛頂普賢瑜伽大教王經大樂不空金剛薩埵一切時方成就儀,1,9218,1993,,,
KR6j0337,金剛頂瑜伽他化自在天理趣會普賢修行念誦儀軌,1,18154,4227,,,
KR6j0338,金剛頂勝初瑜伽普賢菩薩念誦法,1,13295,2599,,,
KR6j0339,普賢金剛薩埵略瑜伽念誦儀軌,1,15409,3925,,,
KR6j0340,金剛頂瑜伽金剛薩埵五祕密修行念誦儀軌,1,17912,4294,,,
KR6j0341,佛說普賢曼拏羅經,1,11886,2968,,,
KR6j0342,佛說普賢菩薩陀羅尼經,1,4157,940,,,
KR6j0343,最上大乘金剛大教寶王經,2,30360,7511,,,
KR6j0344,佛說金剛手菩薩降伏一切部多大教王經,3,73191,18898,,,
KR6j0345,大乘金剛髻珠菩薩修行分,1,29572,7580,,,
KR6j0346,聖金剛手菩薩一百八名梵讚,1,6161,1170,,,
KR6j0347,金剛王菩薩祕密念誦儀軌,1,17842,4408,,,
KR6j0348,金剛壽命陀羅尼念誦法,1,4604,910,,,
KR6j0349,金剛壽命陀羅尼經法,1,7175,1502,,,
KR6j0350,金剛壽命陀羅尼經,1,3135,520,,,
KR6j0351,佛說一切如來金剛壽命陀羅尼經,1,3723,654,,,
KR6j0352,佛說一切諸如來心光明加持普賢菩薩延命金剛最勝陀羅尼經,1,5708,1048,,,
KR6j0353,佛說善法方便陀羅尼經,1,8759,2106,,,
KR6j0354,金剛祕密善門陀羅尼呪經,1,6034,1286,,,
KR6j0355,金剛祕密善門陀羅尼經,1,7471,1492,,,
KR6j0356,護命法門神呪經,1,18010,4486,,,
KR6j0357,佛說延壽妙門陀羅尼經,1,11739,2916,,,
KR6j0358,慈氏菩薩略修瑜伽念誦法,2,47161,12162,,,
KR6j0359,佛說慈氏菩薩陀羅尼,1,820,0,,,
KR6j0360,佛說慈氏菩薩誓願陀羅尼經,1,1848,144,,,
KR6j0361,佛說彌勒菩薩發願王偈,1,4024,722,,,
KR6j0362,虛空藏菩薩能滿諸願最勝心陀羅尼求聞持法,1,7468,1642,,,
KR6j0363,大虛空藏菩薩念誦法,1,7148,1496,,,
KR6j0364,聖虛空藏菩薩陀羅尼經,1,11806,2932,,,
KR6j0365,佛說虛空藏菩薩陀羅尼,1,1029,0,,,
KR6j0366,五大虛空藏菩薩速疾大神驗祕密式經,1,9905,2475,,,
KR6j0367,佛說如意虗空藏菩薩陀羅尼經,1,7783,1920,,,
KR6j0368,轉法輪菩薩摧魔怨敵法,1,5410,969,,,
KR6j0369,修習般若波羅蜜菩薩觀行念誦儀軌,1,14680,3377,,,
KR6j0370,佛說佛母般若波羅蜜多大明觀想儀軌,1,4278,736,,,
KR6j0371,普遍光明清淨熾盛如意寶印心無能勝大明王大隨求陀羅尼經,2,95977,20940,,,
KR6j0373,佛說隨求即得大自在陀羅尼神呪經,1,38810,10333,,,
KR6j0374,金剛頂瑜伽最勝祕密成佛隨求即得神變加持成就陀羅尼儀軌,1,29001,7725,,,
KR6j0375,大隨求即得大陀羅尼明王懺悔法,1,6948,1664,,,
KR6j0376,大隨求陀羅尼,1,20334,4393,,,
KR6j0377,宗叡僧正於唐國師所口受,1,2361,396,,,
KR6j0378,香王菩薩陀羅尼呪經,1,3344,554,,,
KR6j0379,地藏菩薩儀軌,1,3191,486,,,
KR6j0381,佛說地藏菩薩陀羅尼經,1,25176,6418,,,
KR6j0382,日光菩薩月光菩薩陀羅尼,1,1599,0,,,
KR6j0383,佛說觀藥王藥上二菩薩經,1,30678,8044,,,
KR6j0384,持世陀羅尼經,1,5672,1041,,,
KR6j0385,佛說雨寶陀羅尼經,1,7938,1677,,,
KR6j0386,佛說大乘聖吉祥持世陀羅尼經,1,14517,3610,,,
KR6j0387,聖持世陀羅尼經,1,11612,2638,,,
KR6j0388,馬鳴菩薩大神力無比驗法念誦軌儀,1,2370,242,,,
KR6j0389,馬鳴菩薩成就悉地念誦,1,2983,641,,,
KR6j0390,八大菩薩曼荼羅經,1,5548,1201,,,
KR6j0391,佛說大乘八大曼拏羅經,1,2741,524,,,
KR6j0392,八曼荼羅經,1,1446,176,,,
KR6j0393,佛說持明藏瑜伽大教尊那菩薩大明成就儀軌經,4,69053,17081,,,
KR6j0394,佛說金剛香菩薩大明成就儀軌經,3,66983,17091,,,
KR6j0395,金剛頂經瑜伽文殊師利菩薩法,1,18650,4195,,,
KR6j0396,金剛頂超勝三界經說文殊五字真言勝相,1,4162,701,,,
KR6j0397,金剛頂經曼殊室利菩薩五字心陀羅尼品,1,15469,3653,,,
KR6j0398,五字陀羅尼頌,1,13606,2852,,,
KR6j0399,金剛頂經瑜伽文殊師利菩薩供養儀軌,1,31161,7503,,,
KR6j0400,曼殊室利童子菩薩五字瑜伽法,1,2277,354,,,
KR6j0401,大乘瑜伽金剛性海曼殊室利千臂千鉢大教王經,10,266761,71084,,,
KR6j0402,千鉢文殊一百八名讚,1,1098,33,,,
KR6j0403,文殊菩薩獻佛陀羅尼名烏蘇吒,1,2068,84,,,
KR6j0404,文殊師利菩薩六字呪功能法經,1,5248,993,,,
KR6j0405,六字神呪經,1,3738,640,,,
KR6j0406,大方廣菩薩藏經中文殊師利根本一字陀羅尼經,1,5277,1111,,,
KR6j0407,曼殊室利菩薩呪藏中一字呪王經,1,5100,1135,,,
KR6j0408,一髻文殊師利童子陀羅尼念誦儀軌,1,9717,2497,,,
KR6j0409,大聖妙吉祥菩薩祕密八字陀羅尼修行曼荼羅次第儀軌法,1,26029,6042,,,
KR6j0410,佛說文殊師利法寶藏陀羅尼經,1,31532,8254,,,
KR6j0411,文殊師利寶藏陀羅尼經,1,44333,11430,,,
KR6j0412,佛說妙吉祥菩薩陀羅尼,1,4801,824,,,
KR6j0413,佛說最勝妙吉祥根本智最上祕密一切名義三摩地分,2,26930,6353,,,
KR6j0414,文殊所說最勝名義經,2,22305,5208,,,
KR6j0415,佛說文殊菩薩最勝真實名義經,1,24947,6173,,,
KR6j0416,聖妙吉祥真實名經,1,39643,10097,,,
KR6j0417,大方廣菩薩藏文殊師利根本儀軌經,20,329658,84378,,,
KR6j0418,妙吉祥平等祕密最上觀門大教王經,5,123285,29480,,,
KR6j0419,妙吉祥平等瑜伽祕密觀身成佛儀軌,1,18629,4178,,,
KR6j0420,妙吉祥平等觀門大教王經略出護摩儀,1,11717,2826,,,
KR6j0421,大聖文殊師利菩薩讚佛法身禮,1,5518,934,,,
KR6j0422,曼殊室利菩薩吉祥伽陀,1,3413,403,,,
KR6j0423,佛說文殊師利一百八名梵讚,1,5907,1211,,,
KR6j0424,聖者文殊師利發菩提心願文,1,1228,0,,,
KR6j0425,大聖妙吉祥菩薩最勝威德祕密八字陀羅尼修行念誦儀軌次第法,1,15660,3335,,,
KR6j0426,金剛手光明灌頂經最勝立印聖無動尊大威怒王念誦儀軌法品,1,23041,5068,,,
KR6j0427,底哩三昧耶不動尊威怒王使者念誦法,1,25453,6501,,,
KR6j0428,底哩三昧耶不動尊聖者念誦祕密法,3,45980,11215,,,
KR6j0429,不動使者陀羅尼祕密法,1,18751,4526,,,
KR6j0430,聖無動尊安鎮家國等法,1,15133,3910,,,
KR6j0431,聖無動尊一字出生八大童子祕要法品,1,8302,2009,,,
KR6j0432,勝軍不動明王四十八使者祕密成就儀軌,1,24075,6189,,,
KR6j0433,佛說俱利伽羅大龍勝外道伏陀羅尼經,1,2100,136,,,
KR6j0434,說矩里迦龍王像法,1,3300,538,,,
KR6j0435,俱力迦羅龍王儀軌,1,2958,510,,,
KR6j0436,金剛頂瑜伽降三世成就極深密門,1,6132,1264,,,
KR6j0437,降三世忿怒明王念誦儀軌,1,4284,898,,,
KR6j0438,甘露軍荼利菩薩供養念誦成就儀軌,1,34359,8630,,,
KR6j0439,西方陀羅尼藏中金剛族阿蜜哩多軍吒利法,1,111869,30630,,,
KR6j0440,千臂軍荼利梵字真言,1,644,0,,,
KR6j0441,聖閻曼德迦威怒王立成大神驗念誦法,1,11782,2644,,,
KR6j0442,大乘方廣曼殊室利菩薩華嚴本教閻曼德迦忿怒王真言大威德儀軌品,1,5521,1031,,,
KR6j0443,大方廣曼殊室利童真菩薩華嚴本教讚閻曼德迦忿怒王真言阿毘遮嚕迦儀軌品,1,16350,3923,,,
KR6j0444,佛說妙吉祥最勝根本大教經,3,61769,16002,,,
KR6j0445,文殊師利耶曼德迦呪法,1,19155,4792,,,
KR6j0446,曼殊室利焰曼德迦萬愛祕術如意法,1,2542,290,,,
KR6j0447,金剛藥叉瞋怒王息災大威神驗念誦儀軌,1,7829,1662,,,
KR6j0448,青色大金剛藥叉辟鬼魔法,1,9390,1773,,,
KR6j0449,聖迦抳忿怒金剛童子菩薩成就儀軌經,3,77829,20263,,,
KR6j0450,聖迦柅忿怒金剛童子菩薩成就儀軌經,3,54733,14139,,,
KR6j0451,佛說無量壽佛化身大忿迅俱摩羅金剛念誦瑜伽儀軌法,1,12938,2730,,,
KR6j0452,金剛童子持念經,1,12086,2753,,,
KR6j0453,大威怒烏芻澁麼儀軌經,1,21436,4712,,,
KR6j0454,烏芻澁明王儀軌梵字,1,853,8,,,
KR6j0455,大威力烏樞瑟摩明王經,3,72745,18863,,,
KR6j0456,穢跡金剛說神通大滿陀羅尼法術靈要門,1,6792,1308,,,
KR6j0457,穢跡金剛禁百變法經,1,6778,1179,,,
KR6j0458,佛說大輪金剛總持陀羅尼經,1,24560,6500,,,
KR6j0459,大輪金剛修行悉地成就及供養法,1,12319,2445,,,
KR6j0460,播般曩結使波金剛念誦儀,1,8963,1997,,,
KR6j0461,佛說無能勝大明王陀羅尼經,1,11443,2587,,,
KR6j0462,無能勝大明陀羅尼經,1,15070,3878,,,
KR6j0463,無能勝大明心陀羅尼經,1,3437,704,,,
KR6j0464,聖無能勝金剛火陀羅尼經,1,6456,1483,,,
KR6j0465,阿吒婆拘鬼神大將上佛陀羅尼神呪經,1,7791,1603,,,
KR6j0467,阿吒薄俱元帥大將上佛陀羅尼經修行儀軌,3,63326,16165,,,
KR6j0469,伽馱金剛真言,1,3174,369,,,
KR6j0470,佛說妙吉祥瑜伽大教金剛陪囉嚩輪觀想成就儀軌經,1,21589,5487,,,
KR6j0471,佛說出生一切如來法眼遍照大力明王經,2,33686,8104,,,
KR6j0472,毘沙門天王經,1,8937,1880,,,
KR6j0473,佛說毘沙門天王經,1,12380,2958,,,
KR6j0474,摩訶吠室囉末那野提婆喝囉闍陀羅尼儀軌,1,22421,5725,,,
KR6j0475,北方毘沙門天王隨軍護法儀軌,1,3624,744,,,
KR6j0476,北方毘沙門天王隨軍護法真言,1,10939,2777,,,
KR6j0477,毘沙門儀軌,1,11190,2882,,,
KR6j0478,北方毘沙門多聞寶藏天王神妙陀羅尼別行儀軌,1,11967,2980,,,
KR6j0479,吽迦陀野儀軌,3,94901,24728,,,
KR6j0480,佛說大吉祥天女十二名號經,1,2238,181,,,
KR6j0481,佛說大吉祥天女十二名號經,1,2259,269,,,
KR6j0482,大吉祥天女十二契一百八名無垢大乘經,1,12251,2876,,,
KR6j0483,末利支提婆華鬘經,1,17495,4472,,,
KR6j0484,佛說摩利支天菩薩陀羅尼經,1,4284,802,,,
KR6j0485,佛說摩利支天經,1,6172,1188,,,
KR6j0486,佛說摩利支天陀羅尼呪經,1,3134,683,,,
KR6j0487,佛說大摩里支菩薩經,7,113403,28353,,,
KR6j0488,摩利支菩薩略念誦法,1,2346,378,,,
KR6j0489,摩利支天一印法,1,1345,0,,,
KR6j0490,大藥叉女歡喜母并愛子成就法,1,17100,4247,,,
KR6j0491,訶利帝母真言經,1,5021,1107,,,
KR6j0492,佛說鬼子母經,1,5779,1022,,,
KR6j0493,氷揭羅天童子經,1,2879,357,,,
KR6j0494,觀自在菩薩化身蘘麌哩曳童女銷伏毒害陀羅尼經,1,3170,495,,,
KR6j0495,佛說穰麌梨童女經,1,6057,1200,,,
KR6j0496,佛說常瞿利毒女陀羅尼呪經,1,5836,1288,,,
KR6j0497,大聖天歡喜雙身毘那夜迦法,1,4983,906,,,
KR6j0498,使呪法經,1,4402,667,,,
KR6j0499,大使呪法經,1,20899,5443,,,
KR6j0500,佛說金色迦那鉢底陀羅尼經,1,2844,309,,,
KR6j0501,大聖歡喜雙身大自在天毘那夜迦王歸依念誦供養法,1,8900,2181,,,
KR6j0502,摩訶毘盧遮那如來定惠均等入三昧耶身雙身大聖歡喜天菩薩修行祕密法儀軌,1,4607,727,,,
KR6j0503,金剛薩埵說頻那夜迦天成就儀軌經,4,74192,18832,,,
KR6j0504,毘那夜迦誐那鉢底瑜伽悉地品祕要,1,8125,2035,,,
KR6j0505,大聖歡喜雙身毘那夜迦天形像品儀軌,1,3378,414,,,
KR6j0506,聖歡喜天式法,1,6999,1382,,,
KR6j0507,文殊師利菩薩根本大教王經金翅鳥王品,1,16668,4008,,,
KR6j0508,速疾立驗魔醯首羅天說阿尾奢法,1,7299,1467,,,
KR6j0509,迦樓羅及諸天密言經,1,41602,10631,,,
KR6j0510,摩醯首羅天法要,1,3112,673,,,
KR6j0511,摩醯首羅大自在天王神通化生伎藝天女念誦法,1,9437,2320,,,
KR6j0512,那羅延天共阿修羅王鬪戰法,1,1877,191,,,
KR6j0513,寶藏天女陀羅尼法,1,3172,585,,,
KR6j0514,佛說寶藏神大明曼拏羅儀軌經,2,27070,6932,,,
KR6j0515,佛說聖寶藏神儀軌經,2,24677,6053,,,
KR6j0516,佛說寶賢陀羅尼經,1,3405,761,,,
KR6j0517,堅牢地天儀軌,1,4123,854,,,
KR6j0518,大黑天神法,1,11003,2575,,,
KR6j0519,佛說最上祕密那拏天經,3,47890,11996,,,
KR6j0520,佛說金毘羅童子威德經,1,34852,9079,,,
KR6j0521,焰羅王供行法次第,1,10520,2444,,,
KR6j0522,深沙大將儀軌,1,3235,518,,,
KR6j0523,法華十羅剎法,1,4542,871,,,
KR6j0524,般若守護十六善神王形體,1,3905,685,,,
KR6j0525,施八方天儀則,1,3784,859,,,
KR6j0526,供養護世八天法,1,13106,3048,,,
KR6j0527,十天儀軌,1,2939,589,,,
KR6j0528,供養十二大威德天報恩品,1,9019,2006,,,
KR6j0529,十二天供儀軌,1,6519,1223,,,
KR6j0530,文殊師利菩薩及諸仙所說吉凶時日善惡宿曜經,2,63830,16470,,,
KR6j0531,摩登伽經,2,59019,14718,,,
KR6j0532,舍頭諫太子二十八宿經,1,47075,11725,,,
KR6j0533,諸星母陀羅尼經,1,5864,1069,,,
KR6j0534,佛說聖曜母陀羅尼經,1,6941,1616,,,
KR6j0535,宿曜儀軌,1,6200,1303,,,
KR6j0536,北斗七星念誦儀軌,1,2390,451,,,
KR6j0537,北斗七星護摩祕要儀軌,1,2867,400,,,
KR6j0538,佛說北斗七星延命經,1,3807,869,,,
KR6j0539,七曜攘災決,2,116422,23153,,,
KR6j0540,七曜星辰別行法,1,17263,4323,,,
KR6j0541,北斗七星護摩法,1,9095,2063,,,
KR6j0542,梵天火羅九曜,1,13229,3141,,,
KR6j0543,難儞計濕嚩囉天說支輪經,1,7747,1643,,,
KR6j0544,佛說救拔焰口餓鬼陀羅尼經,1,6387,1412,,,
KR6j0545,佛說救面然餓鬼陀羅尼神呪經,1,4811,903,,,
KR6j0546,施諸餓鬼飲食及水法,1,6832,1465,,,
KR6j0547,佛說甘露經陀羅尼呪,1,773,0,,,
KR6j0548,甘露陀羅尼呪,1,991,0,,,
KR6j0549,瑜伽集要救阿難陀羅尼焰口軌儀經,1,18463,4841,,,
KR6j0550,瑜伽集要焰口施食起教阿難陀緣由,1,7123,1725,,,
KR6j0551,瑜伽集要焰口施食儀,1,44424,11649,,,
KR6j0552,佛說施餓鬼甘露味大陀羅尼經,1,24019,5539,,,
KR6j0553,新集浴像儀軌,1,5911,1402,,,
KR6j0554,除一切疾病陀羅尼經,1,1796,27,,,
KR6j0555,能淨一切眼疾病陀羅尼經,1,2720,315,,,
KR6j0556,佛說療痔病經,1,2335,344,,,
KR6j0557,佛說呪時氣病經,1,1052,0,,,
KR6j0558,佛說呪齒經,1,757,0,,,
KR6j0559,佛說呪目經,1,702,0,,,
KR6j0560,佛說呪小兒經,1,819,50,,,
KR6j0561,囉嚩拏說救療小兒疾病經,1,14831,3637,,,
KR6j0562,七佛八菩薩所說大陀羅尼神呪經,4,120684,31564,,,
KR6j0563,虛空藏菩薩問七佛陀羅尼呪經,1,17780,4494,,,
KR6j0564,如來方便善巧呪經,1,15145,3736,,,
KR6j0565,大吉義神呪經,4,63221,15367,,,
KR6j0566,陀羅尼雜集,10,267729,68747,,,
KR6j0567,種種雜呪經,1,11965,2672,,,
KR6j0568,呪三首經,1,1538,52,,,
KR6j0569,大方等陀羅尼經,4,102366,26969,,,
KR6j0570,大法炬陀羅尼經,20,491894,127366,,,
KR6j0571,大威德陀羅尼經,20,447800,114686,,,
KR6j0572,佛說無崖際總持法門經,1,25250,6405,,,
KR6j0573,尊勝菩薩所問一切諸法入無量門陀羅尼經,1,31441,8229,,,
KR6j0574,金剛上味陀羅尼經,1,22981,5797,,,
KR6j0575,金剛場陀羅尼經,1,23457,5976,,,
KR6j0576,諸佛集會陀羅尼經,1,5704,1305,,,
KR6j0577,息除中夭陀羅尼經,1,4140,665,,,
KR6j0578,佛說十二佛名神呪校量功德除障滅罪經,1,9583,2240,,,
KR6j0579,佛說稱讚如來功德神呪經,1,4247,709,,,
KR6j0580,佛說一切如來名號陀羅尼經,1,3859,564,,,
KR6j0581,佛說持句神呪經,1,3236,461,,,
KR6j0582,佛說陀隣尼鉢經,1,3743,539,,,
KR6j0583,東方最勝燈王陀羅尼經,1,10650,2450,,,
KR6j0584,東方最勝燈王如來經,1,20728,5015,,,
KR6j0585,佛說聖最上燈明如來陀羅尼經,1,11026,2792,,,
KR6j0586,佛說華積陀羅尼神呪經,1,3911,582,,,
KR6j0587,佛說師子奮迅菩薩所問經,1,3824,594,,,
KR6j0588,佛說花聚陀羅尼呪經,1,4349,896,,,
KR6j0589,佛說花積樓閣陀羅尼經,1,5301,971,,,
KR6j0590,六門陀羅尼經,1,1675,0,,,
KR6j0591,六門陀羅尼經論,1,17876,4445,,,
KR6j0592,佛說善夜經,1,4875,762,,,
KR6j0593,勝幢臂印陀羅尼經,1,3126,383,,,
KR6j0594,妙臂印幢陀羅尼經,1,2520,160,,,
KR6j0595,八名普密陀羅尼經,1,2471,327,,,
KR6j0596,佛說祕密八名陀羅尼經,1,2837,290,,,
KR6j0597,佛說大普賢陀羅尼經,1,2882,555,,,
KR6j0598,佛說大七寶陀羅尼經,1,1356,107,,,
KR6j0599,百千印陀羅尼經,1,2027,148,,,
KR6j0600,百千印陀羅尼經,1,1991,233,,,
KR6j0601,佛說持明藏八大總持王經,1,8897,2204,,,
KR6j0602,佛說聖大總持王經,1,5961,1150,,,
KR6j0603,增慧陀羅尼經,1,1655,186,,,
KR6j0604,佛說施一切無畏陀羅尼經,1,4139,845,,,
KR6j0605,佛說一切功德莊嚴王經,1,22080,5938,,,
KR6j0606,佛說莊嚴王陀羅尼呪經,1,5602,1240,,,
KR6j0607,佛說聖莊嚴陀羅尼經,2,15373,3510,,,
KR6j0608,佛說寶帶陀羅尼經,1,14551,3761,,,
KR6j0609,佛說玄師颰陀所說神呪經,1,2013,63,,,
KR6j0610,幻師颰陀神呪經,1,2466,246,,,
KR6j0611,佛說大愛陀羅尼經,1,1826,250,,,
KR6j0612,佛說善樂長者經,1,4717,1045,,,
KR6j0613,佛說大吉祥陀羅尼經,1,2290,276,,,
KR6j0614,佛說宿命智陀羅尼,1,910,0,,,
KR6j0615,佛說宿命智陀羅尼經,1,1298,0,,,
KR6j0616,佛說鉢蘭那賒嚩哩大陀羅尼經,1,4202,621,,,
KR6j0617,佛說俱枳羅陀羅尼經,1,2479,215,,,
KR6j0618,佛說妙色陀羅尼經,1,1754,172,,,
KR6j0619,佛說栴檀香身陀羅尼經,1,2747,397,,,
KR6j0620,佛說無畏陀羅尼經,1,3861,499,,,
KR6j0621,佛說無量壽大智陀羅尼,1,1052,0,,,
KR6j0622,佛說洛叉陀羅尼經,1,2592,446,,,
KR6j0623,佛說檀特羅麻油述經,1,2051,65,,,
KR6j0624,大寒林聖難拏陀羅尼經,1,11392,1943,,,
KR6j0625,佛說摩尼羅亶經,1,4260,670,,,
KR6j0626,佛說安宅神呪經,1,6272,1392,,,
KR6j0627,拔濟苦難陀羅尼經,1,2794,422,,,
KR6j0628,佛說拔除罪障呪王經,1,3245,389,,,
KR6j0629,智炬陀羅尼經,1,5370,1000,,,
KR6j0630,佛說智光滅一切業障陀羅尼經,1,5617,1163,,,
KR6j0631,佛說滅除五逆罪大陀羅尼經,1,1857,93,,,
KR6j0632,佛說消除一切災障寶髻陀羅尼經,1,7373,1619,,,
KR6j0633,佛說大金剛香陀羅尼經,1,6543,1223,,,
KR6j0634,消除一切閃電障難隨求如意陀羅尼經,1,6691,1457,,,
KR6j0635,佛說如意摩尼陀羅尼經,1,5972,1097,,,
KR6j0636,佛說如意寶總持王經,1,4249,840,,,
KR6j0637,佛說息除賊難陀羅尼經,1,1862,21,,,
KR6j0638,佛說辟除賊害呪經,1,1465,0,,,
KR6j0639,佛說辟除諸惡陀羅尼經,1,2435,100,,,
KR6j0640,佛說最上意陀羅尼經,1,9151,2146,,,
KR6j0641,佛說聖最勝陀羅尼經,1,6733,1502,,,
KR6j0642,佛說勝幡瓔珞陀羅尼經,1,3511,503,,,
KR6j0643,佛說蓮華眼陀羅尼經,1,1851,0,,,
KR6j0644,佛說寶生陀羅尼經,1,2015,8,,,
KR6j0645,佛說尊勝大明王經,1,4817,855,,,
KR6j0646,佛說金身陀羅尼經,1,4102,538,,,
KR6j0647,大金剛妙高山樓閣陀羅尼,1,15486,3685,,,
KR6j0648,金剛摧碎陀羅尼,1,4790,767,,,
KR6j0649,佛說壞相金剛陀羅尼經,1,5892,1249,,,
KR6j0650,正了知王藥叉眷屬法,1,2385,282,,,
KR6j0651,二十八夜叉大軍王名號,1,2005,188,,,
KR6j0652,二十八藥叉大將名號,1,1474,157,,,
KR6j0653,權現金色迦那婆底九目天法,1,2542,261,,,
KR6j0654,佛說却溫黃神咒經,1,2315,312,,,
KR6j0655,佛說大如意寶珠輪牛王守護神咒經,1,2976,413,,,
KR6j0656,作世水宅心陀羅尼,1,10520,2531,,,
KR6j0657,佛說一切如來安像三昧儀軌經,1,11009,2519,,,
KR6j0658,佛說造像量度經解,1,108137,28335,,,
KR6j0659,造像量度經,1,4334,737,,,
KR6j0660,龍樹五明論,2,56566,14135,,,
KR6j0661,五大牛玉雨寶陀羅尼儀軌,1,7655,1829,,,
KR6j0662,大毘盧遮那成佛經疏,20,1148609,302805,,,
KR6j0670,大毘盧遮那經供養次第法疏,2,97930,26404,,,
KR6j0672,金剛頂經大瑜伽祕密心地法門義訣,1,67627,18385,,,
KR6j0673,首楞嚴義疏注經,10,733036,191116,,,
KR6j0674,楞嚴經義疏注經科,1,78206,16388,,,
KR6j0675,楞嚴經義疏釋要鈔,6,405625,115597,,,
KR6j0676,楞嚴經集註,10,935795,247269,,,
KR6j0677,楞嚴經熏聞記,5,314734,90787,,,
KR6j0678,楞嚴經要解,20,519028,124720,,,
KR6j0679,楞嚴經箋,10,970607,225203,,,
KR6j0680,楞嚴經合論,10,422004,125792,,,
KR6j0681,楞嚴經正脉疏科,10,133020,27022,,,
KR6j0682,楞嚴經正脉疏懸示,1,131003,35308,,,
KR6j0683,楞嚴經正脉疏,10,1431845,366332,,,
KR6j0684,楞嚴經摸象記,1,116120,34187,,,
KR6j0685,楞嚴經懸鏡,1,29074,7699,,,
KR6j0686,楞嚴經通議略科,1,32977,7185,,,
KR6j0687,楞嚴經通議,10,592930,156082,,,
KR6j0688,楞嚴經臆說,1,132259,34266,,,
KR6j0689,楞嚴經圓通疏,10,1257792,353292,,,
KR6j0690,楞嚴經玄義,4,201333,54208,,,
KR6j0691,楞嚴經秘錄,10,774351,207825,,,
KR6j0692,楞嚴經玄義,2,105048,31649,,,
KR6j0693,楞嚴經文句,10,702793,208535,,,
KR6j0694,楞嚴經如說,10,584937,148454,,,
KR6j0695,楞嚴經疏解蒙鈔,10,2797471,713411,,,
KR6j0696,楞嚴經證疏廣解,10,469516,124043,,,
KR6j0697,楞嚴經合轍,10,779460,234016,,,
KR6j0698,楞嚴經直指科文,1,19907,4236,,,
KR6j0699,楞嚴經直指,10,682871,171280,,,
KR6j0700,楞嚴經擊節,1,34737,8707,,,
KR6j0701,楞嚴經懸談,1,18191,4642,,,
KR6j0702,楞嚴經說約,1,43112,10814,,,
KR6j0703,楞嚴經述旨,10,232699,57017,,,
KR6j0704,楞嚴經截流,2,45433,13402,,,
KR6j0705,楞嚴經圓通疏前茅,2,125865,32792,,,
KR6j0706,楞嚴經直解,10,755702,225699,,,
KR6j0707,楞嚴經講錄,10,692479,178078,,,
KR6j0708,楞嚴經纂註,10,373123,93054,,,
KR6j0709,楞嚴經精解評林,3,396242,99708,,,
KR6j0710,楞嚴經略疏,10,207732,59829,,,
KR6j0711,楞嚴經貫攝,10,1127851,293365,,,
KR6j0712,楞嚴經觀心定解科,1,49632,9865,,,
KR6j0713,楞嚴經觀心定解大綱,1,76431,21270,,,
KR6j0714,楞嚴經觀心定解,10,1182191,321275,,,
KR6j0715,楞嚴經指掌疏懸示,1,59080,15344,,,
KR6j0716,楞嚴經指掌疏,10,1662853,441509,,,
KR6j0717,楞嚴經指掌疏事義,1,106173,27163,,,
KR6j0718,楞嚴經勢至圓通章科解,1,12215,3247,,,
KR6j0719,楞嚴經勢至圓通章疏鈔,2,100600,25610,,,
KR6j0720,楞嚴經勢至圓通章解,1,8840,1942,,,
KR6j0721,楞嚴經序指味疏,1,73244,18661,,,
KR6j0722,楞嚴經寶鏡疏科文,1,27150,5654,,,
KR6j0723,楞嚴經寶鏡疏懸談,1,51221,13061,,,
KR6j0724,楞嚴經寶鏡疏,10,971140,255345,,,
KR6j0725,楞嚴經正見,10,556651,143483,,,
KR6j0726,楞嚴經宗通,10,1046846,270730,,,
KR6j0727,首楞嚴經義海,30,960738,265611,,,
KR6j0728,大佛頂萬行首楞嚴經會解,20,550434,151910,,,
KR6j0729,請觀音經疏,1,50446,13082,,,
KR6j0730,請觀音經疏闡義鈔,4,147811,39064,,,
KR6j0731,十一面神呪心經義疏,1,38942,10477,,,
KR6j0732,佛頂尊勝陀羅尼經教跡義記,2,151100,40155,,,
KR6j0733,佛頂尊勝陀羅尼經釋,1,43876,11130,,,
KR6j0734,大日經義釋,14,1081429,325459,,,
KR6j0735,大日經義釋演密鈔,10,607883,181218,,,
KR6j0736,七俱胝佛母所說準提陀羅尼經會釋,3,171534,42661,,,
KR6j0737,觀自在菩薩如意心陀羅尼經略疏,2,56156,14004,,,
KR6j0738,觀自在菩薩如意輪呪課法,1,11459,2601,,,
KR6j0739,菩提心義,1,8744,1808,,,
KR6j0740,明佛法根本碑,1,3908,855,,,
KR6j0742,密呪圓因往生集,1,32502,8213,,,
KR6j0743,看命一掌金,1,29730,6959,,,
KR6j0744,持咒仙人飛鉢儀軌,1,3360,518,,,
KR6j0745,成就夢想法,1,3561,603,,,
KR6j0746,多利心菩薩念誦法,1,35173,9909,,,
KR6j0747,釋迦牟尼如來拔除苦惱現大神變飛空大鉢法,1,3663,517,,,
KR6j0748,金胎兩界師資相承,1,2800,383,,,
KR6j0749,胎金兩界血脈,1,2533,331,,,
KR6j0750,準提淨業,3,114686,29543,,,
KR6j0751,準提心要,1,22765,5884,,,
KR6j0752,持誦準提真言法要,1,15415,3578,,,
KR6j0753,瑜伽集要施食儀軌,1,75386,18483,,,
KR6j0754,修設瑜伽集要施食壇儀,1,145041,37197,,,
KR6j0755,於密滲施食旨槩,1,11695,2692,,,
KR6j0756,修習瑜伽集要施食壇儀,2,80281,19723,,,
KR6j0757,瑜伽燄口註集纂要儀軌,2,110183,27520,,,
KR6j0758,佛母孔雀尊經科式,1,14366,2805,,,
KR6j0759,准提三昧行法,1,44492,11182,,,
KR6j0760,准提焚修悉地懺悔玄文,1,34208,8048,,,
KR6j0761,瑜伽集要燄口施食儀,1,62597,15750,,,
KR6k0001,彌沙塞部和醯五分律,30,1111412,262941,,,
KR6k0002,彌沙塞五分戒本,1,33225,7586,,,
KR6k0003,五分戒本,1,27737,6211,,,
KR6k0004,五分比丘尼戒本,1,43882,10323,,,
KR6k0005,彌沙塞羯磨本,1,91194,22952,,,
KR6k0006,摩訶僧祇律,40,1816674,443028,,,
KR6k0007,摩訶僧祇律大比丘戒本,1,34879,7913,,,
KR6k0008,摩訶僧祇比丘尼戒本,1,48533,11365,,,
KR6k0009,四分律,60,2414895,590923,,,
KR6k0010,四分律比丘戒本,1,39421,8976,,,
KR6k0011,四分僧戒本,1,37889,8709,,,
KR6k0012,四分比丘尼戒本,1,50368,11681,,,
KR6k0013,曇無德律部雜羯磨,1,61233,15530,,,
KR6k0014,羯磨,1,81149,20189,,,
KR6k0015,四分比丘尼羯磨法,1,38086,9409,,,
KR6k0016,十誦律,61,2652186,646580,,,
KR6k0017,十誦比丘波羅提木叉戒本,1,40037,9428,,,
KR6k0018,十誦比丘尼波羅提木叉戒本,1,45250,10481,,,
KR6k0019,大沙門百一羯磨法,1,34939,8487,,,
KR6k0020,十誦羯磨比丘要用,1,43300,10639,,,
KR6k0021,薩婆多毘尼毘婆沙,9,328612,82149,,,
KR6k0022,薩婆多部毘尼摩得勒伽,10,325918,75827,,,
KR6k0023,根本說一切有部毘奈耶,50,1532602,376642,,,
KR6k0024,根本說一切有部苾芻尼毘奈耶,20,610470,148605,,,
KR6k0025,根本說一切有部毘奈耶出家事,4,119456,28035,,,
KR6k0026,根本說一切有部毘奈耶安居事,1,19406,4765,,,
KR6k0027,根本說一切有部毘奈耶隨意事,1,22115,5237,,,
KR6k0028,根本說一切有部毘奈耶皮革事,2,51494,12018,,,
KR6k0029,根本說一切有部毘奈耶藥事,18,510961,118586,,,
KR6k0030,根本說一切有部毘奈耶羯恥那衣事,1,10127,2060,,,
KR6k0031,根本說一切有部毘奈耶破僧事,20,588340,143237,,,
KR6k0032,根本說一切有部毘奈耶雜事,40,1149710,278173,,,
KR6k0033,根本說一切有部尼陀那目得迦,10,223767,52549,,,
KR6k0034,根本說一切有部百一羯磨,10,247277,60235,,,
KR6k0035,根本說一切有部戒經,1,40979,9525,,,
KR6k0036,根本說一切有部苾芻尼戒經,1,50253,11730,,,
KR6k0037,根本說一切有部毘奈耶尼陀那目得迦攝頌,1,17029,2984,,,
KR6k0038,根本說一切有部略毘奈耶雜事攝頌,1,14377,2860,,,
KR6k0039,根本薩婆多部律攝,14,490768,123792,,,
KR6k0040,根本說一切有部毘奈耶頌,3,167968,34434,,,
KR6k0041,解脫戒經,1,34441,7902,,,
KR6k0042,律二十二明了論,1,43042,10840,,,
KR6k0043,善見律毘婆沙,18,677352,164172,,,
KR6k0044,毘尼母經,8,272779,69059,,,
KR6k0045,鼻奈耶,10,270221,66180,,,
KR6k0046,四分律刪補隨機羯磨,2,133330,35842,,,
KR6k0047,僧羯磨,3,180809,45926,,,
KR6k0048,尼羯磨,3,162545,40584,,,
KR6k0049,新刪定四分僧戒本,1,47173,11430,,,
KR6k0050,四分刪定比丘尼戒本,1,44029,11985,,,
KR6k0051,式叉摩那尼戒本,1,32937,8056,,,
KR6k0052,比丘尼羯磨經,1,24788,6556,,,
KR6k0053,舍利弗問經,1,18912,4543,,,
KR6k0054,優波離問佛經,1,37155,8642,,,
KR6k0055,佛說犯戒罪報輕重經,1,3330,315,,,
KR6k0056,佛說犯戒罪報輕重經,1,2278,108,,,
KR6k0057,佛說目連所問經,1,3387,477,,,
KR6k0058,佛說迦葉禁戒經,1,4701,773,,,
KR6k0059,大比丘三千威儀,2,66974,17254,,,
KR6k0060,沙彌十戒法并威儀,1,33771,8792,,,
KR6k0061,沙彌威儀,1,14520,3574,,,
KR6k0062,佛說沙彌十戒儀則經,1,7306,1289,,,
KR6k0063,沙彌尼戒經,1,7442,1521,,,
KR6k0064,沙彌尼離戒文,1,6543,1383,,,
KR6k0065,佛說優婆塞五戒相經,1,25973,6104,,,
KR6k0066,佛說戒消災經,1,7155,1296,,,
KR6k0067,大愛道比丘尼經,2,52108,13285,,,
KR6k0068,佛說苾芻五法經,1,8269,1932,,,
KR6k0069,佛說苾芻迦尸迦十法經,1,4715,758,,,
KR6k0070,佛說五恐怖世經,1,2362,436,,,
KR6k0071,佛阿毘曇經出家相品,2,78675,19633,,,
KR6k0072,佛說目連問戒律中五百輕重事,1,60672,13471,,,
KR6k0073,佛說目連問戒律中五百輕重事經,2,60910,13287,,,
KR6k0074,佛說目連五百問經略解,2,205619,52811,,,
KR6k0075,佛說目連五百問戒律中輕重事經釋,2,241796,60377,,,
KR6k0076,梵網經,2,64076,16080,,,
KR6k0078,菩薩戒義疏,2,93232,24519,,,
KR6k0079,天台菩薩戒疏,3,115624,31107,,,
KR6k0080,梵網經菩薩戒本疏,6,284242,74998,,,
KR6k0082,菩薩戒本疏,2,174439,47362,,,
KR6k0083,梵網經古迹記,2,149938,40011,,,
KR6k0084,梵網菩薩戒經義疏,2,114581,33608,,,
KR6k0085,梵網菩薩戒經疏註,3,332073,94452,,,
KR6k0086,梵網菩薩戒經義疏發隱,5,389258,96718,,,
KR6k0087,梵網菩薩戒經義疏發隱事義,1,39523,9698,,,
KR6k0088,梵網菩薩戒經義疏發隱問辯,1,40017,10042,,,
KR6k0089,梵網經記,2,129799,36958,,,
KR6k0090,梵網經菩薩戒本私記,1,69516,18376,,,
KR6k0091,梵網經菩薩戒本述記,2,203156,60721,,,
KR6k0092,梵網經菩薩戒本疏,2,116427,33895,,,
KR6k0093,梵網經菩薩戒疏,1,56328,16903,,,
KR6k0094,梵網經菩薩戒注,3,141198,31824,,,
KR6k0095,菩薩戒疏隨見錄,1,54310,13767,,,
KR6k0096,梵網經玄義,1,56543,14580,,,
KR6k0097,梵網經合註,7,366965,93422,,,
KR6k0098,梵網經菩薩戒略疏,8,349804,87572,,,
KR6k0099,半月誦菩薩戒儀式註,1,20805,4964,,,
KR6k0100,梵網經直解,2,514352,133439,,,
KR6k0101,梵網經直解事義,1,52768,12993,,,
KR6k0102,梵網經順硃,2,327953,87400,,,
KR6k0103,梵網經菩薩戒初津,8,534740,134901,,,
KR6k0104,梵網經述記卷第一,1,96009,25792,,,
KR6k0105,菩薩瓔珞本業經,2,68781,16811,,,
KR6k0106,本業瓔珞經疏,1,77052,20371,,,
KR6k0107,瓔珞本業經疏,1,93742,25263,,,
KR6k0108,受十善戒經,1,31048,7287,,,
KR6k0109,佛說菩薩內戒經,1,29306,7157,,,
KR6k0110,優婆塞戒經,7,235671,58116,,,
KR6k0111,清淨毘尼方廣經,1,31268,7418,,,
KR6k0112,寂調音所問經,1,32353,8027,,,
KR6k0113,菩薩藏經,1,17278,4311,,,
KR6k0114,佛說舍利弗悔過經,1,7991,1612,,,
KR6k0115,大乘三聚懺悔經,1,21587,5483,,,
KR6k0116,佛說淨業障經,1,27130,6545,,,
KR6k0117,善恭敬經,1,11376,2624,,,
KR6k0118,佛說正恭敬經,1,8218,1991,,,
KR6k0119,佛說大乘戒經,1,2063,149,,,
KR6k0120,佛說八種長養功德經,1,2265,224,,,
KR6k0121,菩薩戒羯磨文,1,11094,2760,,,
KR6k0122,菩薩戒本,1,17664,4084,,,
KR6k0123,菩薩戒本,1,29563,7356,,,
KR6k0124,菩薩受齋經,1,4493,992,,,
KR6k0125,優婆塞五戒威儀經,1,25110,6230,,,
KR6k0126,菩薩五法懺悔文,1,2973,516,,,
KR6k0127,佛說清淨毘奈耶最上大乘經,2,23825,6515,,,
KR6k0128,四分律刪繁補闕行事鈔,3,858858,232922,,,
KR6k0129,四分律行事鈔資持記,3,1496784,408304,,,
KR6k0131,四分律比丘含注戒本,3,158060,41122,,,
KR6k0132,四分比丘戒本疏,2,151195,42278,,,
KR6k0133,四分戒本疏卷第一．第二．第三,3,262297,69930,,,
KR6k0134,律戒本疏,1,145601,38921,,,
KR6k0135,律戒本疏,1,43238,11361,,,
KR6k0136,律雜抄,1,5353,1033,,,
KR6k0137,宗四分比丘隨門要略行儀,1,26760,7167,,,
KR6k0138,毘尼心,1,80951,22142,,,
KR6k0139,三部律抄,1,58925,15654,,,
KR6k0140,律抄,1,39045,9922,,,
KR6k0141,四部律并論要用抄,2,158679,42206,,,
KR6k0142,律抄第三卷手決,1,42493,11384,,,
KR6k0143,毗尼珍敬錄,2,199490,50232,,,
KR6k0144,四分律含注戒本疏發揮記,1,86422,22372,,,
KR6k0145,四分律含注戒本疏科,4,160069,31127,,,
KR6k0146,四分律含注戒本疏行宗記,4,1389414,394287,,,
KR6k0147,釋四分戒本序,1,16653,4624,,,
KR6k0148,四分戒本緣起事義,1,45405,13150,,,
KR6k0149,四分戒本如釋,12,647713,164855,,,
KR6k0150,四分戒本約義,4,166559,41159,,,
KR6k0151,重治毗尼事義集要,17,713102,176909,,,
KR6k0152,毗尼關要,16,785428,199468,,,
KR6k0153,毗尼關要事義,1,110688,28297,,,
KR6k0154,四分比丘尼鈔科,1,43887,8897,,,
KR6k0155,四分比丘尼鈔,3,315891,94081,,,
KR6k0156,四分律隨機羯磨疏正源記,8,572661,148431,,,
KR6k0157,四分律刪補隨機羯磨疏科,4,119322,23702,,,
KR6k0158,四分律刪補隨機羯磨疏濟緣記,4,1027326,298323,,,
KR6k0159,羯磨經序解,1,5790,1320,,,
KR6k0160,毗尼作持續釋,15,791905,201336,,,
KR6k0161,四分律疏,10,1595530,418796,,,
KR6k0162,四分律搜玄錄,3,434389,111516,,,
KR6k0163,四分律疏飾宗義記,8,1604360,421294,,,
KR6k0164,四分律疏,1,114812,29793,,,
KR6k0165,四分律開宗記,10,1428407,372695,,,
KR6k0166,四分律行事鈔批,14,2397574,632038,,,
KR6k0167,四分律行事鈔簡正記,17,2533807,665635,,,
KR6k0168,四分律行事鈔科,3,199430,40533,,,
KR6k0169,資持記序解并五例講義,1,42060,12591,,,
KR6k0170,行事鈔諸家記標目,1,5862,1188,,,
KR6k0171,資持記立題拾義,1,9629,2559,,,
KR6k0172,毗尼討要,3,444714,135883,,,
KR6k0173,四分律名義標釋,40,1393901,341254,,,
KR6k0174,四分律藏大小持戒犍度略釋,1,49192,14636,,,
KR6k0175,四分律拾毗尼義鈔科,1,54628,11139,,,
KR6k0176,四分律拾毗尼義鈔,2,196517,59884,,,
KR6k0177,四分律拾毗尼義鈔輔要記,6,300678,89285,,,
KR6k0178,關中創立戒壇圖經,1,56531,14094,,,
KR6k0179,淨心戒觀法,2,74707,18104,,,
KR6k0180,釋門章服儀,1,29028,7194,,,
KR6k0181,量處輕重儀,2,83294,22085,,,
KR6k0182,釋門歸敬儀,2,78280,20573,,,
KR6k0183,教誡新學比丘行護律儀,1,28351,6767,,,
KR6k0184,律相感通傳,1,44787,11551,,,
KR6k0185,中天竺舍衛國祇洹寺圖經,2,74721,19966,,,
KR6k0186,佛制比丘六物圖,1,27658,7129,,,
KR6k0187,佛制六物圖辯訛,1,12948,3501,,,
KR6k0188,護命放生軌儀法,1,3585,585,,,
KR6k0189,受用三水要行法,1,5931,1213,,,
KR6k0190,說罪要行法,1,5833,1338,,,
KR6k0191,根本說一切有部出家授近圓羯磨儀範,1,35674,9064,,,
KR6k0192,根本說一切有部苾芻習學略法,1,15214,3749,,,
KR6k0193,菩薩戒本宗要,1,17257,4183,,,
KR6k0194,菩薩戒本持犯要記,1,18638,4320,,,
KR6k0195,菩薩戒本箋要,1,44662,11139,,,
KR6k0196,菩薩戒羯磨文釋,1,26214,6367,,,
KR6k0197,大乘六情懺悔,1,4365,712,,,
KR6k0198,慈悲道場懺法,10,226548,57990,,,
KR6k0199,慈悲水懺法,3,55813,14762,,,
KR6k0200,吳中石佛相好懺儀,1,7335,1394,,,
KR6k0201,舍利懺法,1,25068,6171,,,
KR6k0202,慈悲道場水懺法隨聞錄,3,380213,95134,,,
KR6k0203,慈悲道場水懺法科註,3,264812,65807,,,
KR6k0204,法界聖凡水陸勝會修齋儀軌,6,190729,46856,,,
KR6k0205,法界聖凡水陸大齋普利道場性相通論,9,209419,49883,,,
KR6k0206,法界聖凡水陸大齋法輪寶懺,10,891947,233580,,,
KR6k0207,南山祖師禮讚文,1,6652,1285,,,
KR6k0208,南山祖師禮讚文,1,6114,1091,,,
KR6k0209,南山祖師禮讚文,1,6930,1266,,,
KR6k0210,大智律師禮讚文,1,6771,1204,,,
KR6k0211,淨心誡觀法發真鈔,3,266825,77285,,,
KR6k0212,衣鉢名義章,1,9537,2511,,,
KR6k0213,新受戒比丘六念五觀法,1,8085,2069,,,
KR6k0214,釋門章服儀應法記,1,75439,21890,,,
KR6k0215,道具賦,1,3111,543,,,
KR6k0216,芝園遺編,3,161378,40680,,,
KR6k0217,芝園集,2,62190,18078,,,
KR6k0218,補續芝園集,1,13397,3749,,,
KR6k0219,終南家業,3,266914,67617,,,
KR6k0220,律宗會元,3,362276,90324,,,
KR6k0221,蓬折直辨,1,50215,15105,,,
KR6k0222,蓬折箴,1,54479,16448,,,
KR6k0223,毗尼止持會集,16,833955,213325,,,
KR6k0224,毗尼日用切要,1,29925,7021,,,
KR6k0225,沙彌尼律儀要略,1,27430,6496,,,
KR6k0226,傳戒正範,4,236369,59195,,,
KR6k0227,毗尼日用切要香乳記,2,238983,59394,,,
KR6k0228,沙彌律儀要略述義,2,306167,77349,,,
KR6k0229,二部僧授戒儀式,2,60963,14734,,,
KR6k0230,羯磨儀式,2,222627,56017,,,
KR6k0231,沙門日用,2,63150,15019,,,
KR6k0232,沙彌律儀要略增註,2,203771,50650,,,
KR6k0233,歸戒要集,3,103494,25574,,,
KR6k0234,八關齋法,1,23256,5556,,,
KR6k0235,比丘受戒錄,1,28542,6680,,,
KR6k0236,比丘尼受戒錄,1,12925,2824,,,
KR6k0237,沙彌學戒儀軌頌註,1,95730,23615,,,
KR6k0238,禮舍利塔儀式,1,31552,7455,,,
KR6k0239,禮佛儀式,1,16741,3818,,,
KR6k0240,供諸天科儀,1,38893,9631,,,
KR6k0241,佛說齋經科註,1,42095,12047,,,
KR6k0242,沙彌十戒威儀錄要,1,31310,8746,,,
KR6k0243,在家律要廣集,3,480583,122485,,,
KR6k0244,律要後集,1,32712,8150,,,
KR6k0245,梵網經懺悔行法,1,20377,4582,,,
KR6k0246,弘戒法儀,2,191527,48941,,,
KR6k0247,傳授三壇弘戒法儀,1,54623,13578,,,
KR6k0248,受菩薩戒儀,1,19623,4678,,,
KR6k0249,授菩薩戒儀,1,13599,3755,,,
KR6k0250,略授三歸五八戒並菩薩戒,1,38195,11349,,,
KR6k0251,受菩薩戒法,1,15093,4223,,,
KR6k0252,釋門歸敬儀護法記,1,90241,23344,,,
KR6k0253,釋門歸敬儀通真記,3,287893,85065,,,
KR6k0254,三衣顯正圖,1,16078,4396,,,
KR6k0255,律宗新學名句,3,126210,34635,,,
KR6k0256,律宗問答,2,38024,10844,,,
KR6k0257,律苑事規,10,212891,57742,,,
KR6k0258,毗尼日用錄,1,49576,13688,,,
KR6k0259,沙彌律儀毗尼日用合參,3,502869,125641,,,
KR6k0260,律學發軔,3,104986,26045,,,
KR6k0261,經律戒相布薩軌儀,1,82669,20322,,,
KR6k0262,戒殺四十八問,1,21329,5153,,,
KR6k0263,體仁要術,1,10899,2374,,,
KR6l0001,阿毘達磨集異門足論,20,467473,116316,,,
KR6l0002,阿毘達磨法蘊足論,12,325028,81895,,,
KR6l0003,施設論,7,79197,18180,,,
KR6l0004,阿毘達磨識身足論,16,439795,114630,,,
KR6l0005,阿毘達磨界身足論,3,66021,15554,,,
KR6l0006,眾事分阿毘曇論,12,339327,83187,,,
KR6l0007,阿毘達磨品類足論,18,420585,105469,,,
KR6l0008,阿毘曇八犍度論,30,808701,203358,,,
KR6l0009,阿毘達磨發智論,20,608952,154378,,,
KR6l0010,阿毘達磨大毘婆沙論,200,5046748,1322106,,,
KR6l0011,阿毘曇毘婆沙論,60,2237168,572047,,,
KR6l0012,鞞婆沙論,14,574118,149746,,,
KR6l0013,舍利弗阿毘曇論,30,1019869,264896,,,
KR6l0014,尊婆須蜜菩薩所集論,10,459114,118524,,,
KR6l0015,阿毘曇心論,4,120945,28955,,,
KR6l0016,阿毘曇心論經,6,184824,45935,,,
KR6l0017,雜阿毘曇心論,11,497157,125909,,,
KR6l0018,阿毘曇甘露味論,2,77321,20208,,,
KR6l0019,入阿毘達磨論,2,45924,12144,,,
KR6l0020,五事毘婆沙論,2,34511,8768,,,
KR6l0021,薩婆多宗五事論,1,12907,2932,,,
KR6l0022,阿毘曇五法行經,1,16876,4102,,,
KR6l0023,阿毘達磨俱舍論,30,785613,198568,,,
KR6l0028,阿毘達磨俱舍釋論,22,812731,207699,,,
KR6l0029,阿毘達磨俱舍論本頌,1,51171,12261,,,
KR6l0030,俱舍論實義疏,5,16327,2637,,,
KR6l0031,阿毘達磨順正理論,80,2378295,610566,,,
KR6l0032,阿毘達磨藏顯宗論,40,1048839,266169,,,
KR6l0033,順正理論述文記,2,163283,45244,,,
KR6l0034,俱舍論記,30,2280398,601080,,,
KR6l0035,俱舍論疏,30,1823484,473213,,,
KR6l0036,俱舍論頌疏論本,30,891032,215101,,,
KR6l0037,俱舍論疏,7,477060,146055,,,
KR6l0038,俱舍論法宗原,1,54567,16409,,,
KR6l0039,俱舍論頌疏序記,1,26731,7418,,,
KR6l0040,俱舍論頌疏義鈔,3,376058,114207,,,
KR6l0041,俱舍論頌疏記,29,666206,194195,,,
KR6l0042,俱舍論頌疏,2,19311,4140,,,
KR6l0045,三界圖,1,2604,362,,,
KR6m0001,中論,4,181295,42360,,,
KR6m0003,順中論,2,57173,13665,,,
KR6m0004,般若燈論釋,15,448693,107576,,,
KR6m0005,大乘中觀釋論,18,231511,52129,,,
KR6m0006,中觀論疏,10,885879,240756,,,
KR6m0008,十二門論,1,45519,10888,,,
KR6m0009,十二門論疏,3,214207,57705,,,
KR6m0010,十二門論宗致義記,2,102222,26390,,,
KR6m0012,百論,2,77564,19349,,,
KR6m0013,百論疏,3,412255,112830,,,
KR6m0014,廣百論本,1,17635,4051,,,
KR6m0015,大乘廣百論釋論,10,331594,83863,,,
KR6m0016,廣百論疏卷第一,1,106362,28576,,,
KR6m0017,百字論,1,13960,3146,,,
KR6m0018,壹輸盧迦論,1,5117,965,,,
KR6m0019,大乘破有論,1,2520,208,,,
KR6m0020,六十頌如理論,1,6370,1324,,,
KR6m0021,大乘二十頌論,1,2764,430,,,
KR6m0022,大丈夫論,2,56532,14988,,,
KR6m0023,大乘掌珍論,2,53224,14347,,,
KR6m0025,掌珍論疏,1,82706,21347,,,
KR6m0026,三論玄義,1,72390,19023,,,
KR6m0031,大乘玄論,5,340292,89866,,,
KR6m0034,二諦義,3,206593,54194,,,
KR6m0035,三論遊意義,1,34255,8869,,,
KR6m0036,鳩摩羅什法師大義,3,114080,29190,,,
KR6m0037,寶藏論,1,37003,9508,,,
KR6m0038,肇論,1,62408,15797,,,
KR6m0039,肇論疏,3,212630,55635,,,
KR6m0040,肇論新疏,3,216065,56907,,,
KR6m0041,肇論疏,2,166273,43553,,,
KR6m0042,肇論疏科,1,27198,5541,,,
KR6m0043,夾科肇論序注,1,19702,4729,,,
KR6m0044,注肇論疏,6,354477,85288,,,
KR6m0045,肇論新疏游刃,3,279835,72842,,,
KR6m0046,肇論略註,6,207290,52872,,,
KR6m0047,物不遷正量證,1,11237,2680,,,
KR6m0048,物不遷正量論,2,72731,18904,,,
KR6m0049,物不遷論辯解,1,30831,8015,,,
KR6m0050,大乘四論玄義,7,535775,143625,,,
KR6m0051,三論略章,1,47655,12295,,,
KR6n0001,瑜伽師地論,100,2988704,784380,,,
KR6n0002,瑜伽師地論釋,1,27369,6857,,,
KR6n0003,菩薩地持經,10,358813,93945,,,
KR6n0004,菩薩善戒經,9,284945,75777,,,
KR6n0005,菩薩善戒經,1,23689,6242,,,
KR6n0006,決定藏論,3,90960,24317,,,
KR6n0007,瑜伽論記,24,2940093,807429,,,
KR6n0008,瑜伽師地論略纂,16,1180819,308485,,,
KR6n0009,瑜伽師地論分門記,6,685798,179499,,,
KR6n0010,瑜伽論手記,4,51121,12771,,,
KR6n0012,地持義記卷第四,1,76280,20692,,,
KR6n0013,地持論義記,3,227165,61839,,,
KR6n0014,瑜伽論劫章頌,1,4305,781,,,
KR6n0015,瑜伽師地論義演,23,1604804,432920,,,
KR6n0016,成唯識論,10,293517,77549,,,
KR6n0022,唯識三十論頌,1,6991,1016,,,
KR6n0024,轉識論,1,11318,2748,,,
KR6n0025,顯識論,1,20767,5120,,,
KR6n0026,成唯識論述記,10,1846087,481892,,,
KR6n0029,成唯識論掌中樞要,2,255854,66435,,,
KR6n0030,成唯識論了義燈,7,756324,200845,,,
KR6n0032,成唯識論演祕,7,805782,214148,,,
KR6n0033,成唯識論料簡,2,167780,51010,,,
KR6n0034,成唯識論別抄,4,180050,46085,,,
KR6n0035,成唯識論掌中樞要記,1,45736,11526,,,
KR6n0036,成唯識論了義燈記,1,52405,12991,,,
KR6n0037,成唯識論義蘊,5,413999,124360,,,
KR6n0038,成唯識論疏義演,12,1854121,551294,,,
KR6n0039,成唯識論演秘釋,1,95590,24389,,,
KR6n0040,註成唯識論,1,27662,6554,,,
KR6n0041,成唯識論學記,7,524659,133155,,,
KR6n0042,成唯識論疏抄,16,1878394,505985,,,
KR6n0043,成唯識論俗詮,10,745470,187616,,,
KR6n0044,成唯識論集解,10,853277,222440,,,
KR6n0045,成唯識論證義,10,1062315,278667,,,
KR6n0046,成唯識論自攷,10,738924,185256,,,
KR6n0047,成唯識論觀心法要,10,804515,203579,,,
KR6n0048,成唯識論音響補遺科,2,104651,20800,,,
KR6n0049,成唯識論音響補遺,10,1125305,283804,,,
KR6n0050,唯識三十論約意,1,40354,9834,,,
KR6n0051,唯識三十論直解,1,22978,5622,,,
KR6n0052,唯識三十論要釋,1,101167,27309,,,
KR6n0053,唯識論,1,32518,8336,,,
KR6n0054,大乘唯識論,1,20688,5130,,,
KR6n0055,唯識二十論,1,14809,3586,,,
KR6n0056,成唯識寶生論,5,102802,26422,,,
KR6n0057,唯識二十論述記,2,165122,41804,,,
KR6n0058,攝大乘論,2,76645,19579,,,
KR6n0059,攝大乘論,3,101658,26288,,,
KR6n0060,攝大乘論本,3,98457,24222,,,
KR6n0061,攝大乘論釋,15,581706,147729,,,
KR6n0063,攝大乘論釋論,10,254618,65459,,,
KR6n0064,攝大乘論釋,10,287633,74317,,,
KR6n0065,攝大乘論釋,10,356586,92942,,,
KR6n0066,攝大乘講疏卷第五．第七,2,84839,22962,,,
KR6n0067,攝大乘論抄,1,58826,15560,,,
KR6n0068,攝大乘論章卷第一,1,62375,16827,,,
KR6n0069,攝論章卷第一,1,70388,19051,,,
KR6n0070,攝大乘義章卷第四,1,52208,14301,,,
KR6n0071,中邊分別論,2,66571,16093,,,
KR6n0072,辯中邊論,3,66416,15775,,,
KR6n0073,辯中邊論頌,1,10114,2148,,,
KR6n0074,十八空論,1,33277,8597,,,
KR6n0075,辯中邊論述記,3,221162,57226,,,
KR6n0076,中邊分別論疏,1,76994,19989,,,
KR6n0077,顯揚聖教論,20,523181,133155,,,
KR6n0078,顯揚聖教論頌,1,21971,5079,,,
KR6n0079,三無性論,2,58973,15307,,,
KR6n0080,大乘莊嚴經論,13,366530,86848,,,
KR6n0081,大乘阿毘達磨集論,7,157249,40115,,,
KR6n0082,大乘阿毘達磨雜集論,16,407676,105987,,,
KR6n0083,雜集論述記,10,688524,206656,,,
KR6n0084,六門教授習定論,1,16219,3807,,,
KR6n0085,業成就論,1,19151,4822,,,
KR6n0086,大乘成業論,1,27369,7371,,,
KR6n0087,佛性論,4,141089,35638,,,
KR6n0088,究竟一乘寶性論,4,160819,39335,,,
KR6n0089,大乘法界無差別論,1,11571,2629,,,
KR6n0090,大乘法界無差別論,1,10839,2568,,,
KR6n0091,大乘法界無差別論疏,1,84431,21992,,,
KR6n0092,大乘法界無差別論疏領要鈔科,1,22038,4215,,,
KR6n0093,大乘法界無差別論疏領要鈔,2,83343,24673,,,
KR6n0094,大乘五蘊論,1,12654,2753,,,
KR6n0095,大乘廣五蘊論,1,22959,5531,,,
KR6n0096,大乘百法明門論,1,2606,311,,,
KR6n0097,大乘百法明門論解,2,38233,9145,,,
KR6n0098,大乘百法明門論疏,2,47640,11145,,,
KR6n0099,大乘百法明門論疏,2,88159,25634,,,
KR6n0100,大乘百法明門論註,1,37052,10186,,,
KR6n0101,百法論顯幽鈔,3,316786,82485,,,
KR6n0102,性相通說（選錄序文）,1,2077,269,,,
KR6n0103,百法明門論論義,1,20394,4984,,,
KR6n0104,百法明門論纂,1,76999,19785,,,
KR6n0105,百法明門論贅言,1,64550,16121,,,
KR6n0106,百法明門論直解,1,21810,5378,,,
KR6n0107,大乘百法明門論開宗義記,1,102481,27793,,,
KR6n0108,大乘百法明門論開宗義記序釋,1,12657,3123,,,
KR6n0109,大乘百法明門論開宗義決,1,103706,28064,,,
KR6n0110,王法正理論,1,26373,7087,,,
KR6n0111,無相思塵論,1,4832,1046,,,
KR6n0112,觀所緣緣論,1,4051,629,,,
KR6n0113,觀所緣論釋,1,16305,4072,,,
KR6n0114,觀所緣緣論會釋,1,17748,4125,,,
KR6n0115,觀所緣緣論直解,1,16598,3953,,,
KR6n0116,觀所緣緣論釋記,1,87689,22342,,,
KR6n0117,觀所緣緣論釋直解,1,50652,13077,,,
KR6n0118,解捲論,1,3776,648,,,
KR6n0119,掌中論,1,4115,678,,,
KR6n0120,取因假設論,1,14727,3514,,,
KR6n0121,觀總相論頌,1,1528,217,,,
KR6n0122,大乘義章,20,2223363,587959,,,
KR6n0124,大乘法苑義林章,7,666099,176519,,,
KR6n0125,大乘法苑義林章補闕,3,220076,56294,,,
KR6n0126,大乘法苑義林章決擇記,2,218125,52707,,,
KR6n0127,勸發菩提心集,3,178162,47021,,,
KR6n0128,能顯中邊慧日論,4,218797,57708,,,
KR6n0129,大乘入道次第,1,98244,26215,,,
KR6n0130,大乘入道次第開決,1,79884,21651,,,
KR6n0131,八識規矩補註,2,48339,12527,,,
KR6n0132,八識規矩補註證義,1,69419,17121,,,
KR6n0133,八識規矩略說,1,35315,8922,,,
KR6n0134,八識規矩頌解,1,16777,3711,,,
KR6n0135,八識規矩通說,1,23320,5648,,,
KR6n0136,八識規矩纂釋,1,48312,12495,,,
KR6n0137,八識規矩直解,1,13924,3162,,,
KR6n0138,八識規矩淺說,1,11262,2605,,,
KR6n0139,八識規矩頌注,1,42117,10392,,,
KR6n0140,八識規矩論義,1,103978,26289,,,
KR6n0141,表無表章栖翫記,1,121075,30621,,,
KR6n0142,唯識開蒙問答,2,269766,65310,,,
KR6n0143,相宗八要,1,1201,0,,,
KR6n0144,相宗八要解,1,13395,3415,,,
KR6n0145,相宗八要直解,1,5399,1146,,,
KR6n0146,一乘佛性究竟論,1,32225,7985,,,
KR6o0001,因明正理門論本,1,25063,6109,,,
KR6o0002,因明正理門論,1,26417,6653,,,
KR6o0003,因明入正理論,1,11179,2818,,,
KR6o0004,迴諍論,1,46822,11145,,,
KR6o0005,方便心論,1,28327,7062,,,
KR6o0006,如實論,1,39644,10482,,,
KR6o0007,理門論述記,1,75249,19447,,,
KR6o0008,因明入正理論疏,3,280271,73488,,,
KR6o0018,因明義斷,1,83011,21597,,,
KR6o0019,因明入正理論義纂要,1,86422,22828,,,
KR6o0020,因明入正理門論述記,1,76532,19427,,,
KR6o0021,因明入正理論疏,1,60771,17871,,,
KR6o0022,因明入正理論續疏,1,56517,14083,,,
KR6o0023,因明入正理論疏前記,3,179317,53029,,,
KR6o0024,因明入正理論疏後記,3,116370,34035,,,
KR6o0025,因明入正理論疏抄,1,136882,34734,,,
KR6o0026,因明入正理論解,1,44833,11095,,,
KR6o0027,因明入正理論集解,1,72842,18639,,,
KR6o0028,因明入正理論直疏,1,43941,10984,,,
KR6o0029,因明入正理論直解,1,40826,10284,,,
KR6o0034,判比量論,1,8493,1829,,,
KR6o0035,三支比量義鈔,1,34406,8682,,,
KR6o0036,真唯識量略解,1,22506,5513,,,
KR6o0037,因明論理門十四過類疏,1,31004,9115,,,
KR6o0038,入大乘論,2,71843,17957,,,
KR6o0039,大乘寶要義論,10,134990,33576,,,
KR6o0040,大乘集菩薩學論,25,352080,86139,,,
KR6o0041,集大乘相論,2,24798,6049,,,
KR6o0042,集諸法寶最上義論,2,25758,6617,,,
KR6o0043,提婆菩薩破楞伽經中外道小乘四宗論,1,8843,2058,,,
KR6o0044,提婆菩薩釋楞伽經中外道小乘涅槃論,1,8392,1914,,,
KR6o0045,隨相論,1,58679,15481,,,
KR6o0046,金剛針論,1,13247,3116,,,
KR6o0047,尼乾子問無我義經,1,4577,831,,,
KR6o0048,佛說立世阿毘曇論,10,277773,70946,,,
KR6o0049,彰所知論,2,61912,15153,,,
KR6o0050,成實論,16,674497,176883,,,
KR6o0051,四諦論,4,130187,33732,,,
KR6o0052,解脫道論,12,330313,84468,,,
KR6o0053,三彌底部論,3,50209,11958,,,
KR6o0054,辟支佛因緣論,2,35754,8604,,,
KR6o0055,十二因緣論,1,5838,1230,,,
KR6o0056,緣生論,1,19842,4454,,,
KR6o0057,大乘緣生論,1,17878,4155,,,
KR6o0058,因緣心論頌因緣心論釋,1,5525,1232,,,
KR6o0059,因緣心釋論開決記,1,24887,6652,,,
KR6o0060,止觀門論頌,1,6828,1401,,,
KR6o0061,寶行王正論,1,42951,10195,,,
KR6o0062,手杖論,1,10680,2389,,,
KR6o0063,諸教決定名義論,1,6399,1374,,,
KR6o0064,發菩提心經論,2,45469,11809,,,
KR6o0065,菩提資糧論,6,119760,28009,,,
KR6o0066,菩提心離相論,1,12848,3125,,,
KR6o0067,菩提行經,4,67599,15711,,,
KR6o0068,菩提心觀釋,1,4679,1021,,,
KR6o0069,廣釋菩提心論,4,48181,11441,,,
KR6o0070,金剛頂瑜伽中發阿耨多羅三藐三菩提心論,1,12484,3015,,,
KR6o0071,金剛頂菩提心論略記,1,33535,9783,,,
KR6o0078,大乘起信論,1,42824,10832,,,
KR6o0079,大乘起信論,2,43238,11209,,,
KR6o0084,釋摩訶衍論,10,384103,99974,,,
KR6o0085,釋摩訶衍論記,1,7166,1652,,,
KR6o0086,釋摩訶衍論疏,2,219202,56676,,,
KR6o0087,釋摩訶衍論贊玄疏,5,368710,100038,,,
KR6o0088,釋摩訶衍論科,1,49540,10327,,,
KR6o0089,釋摩訶衍論記,6,346496,104580,,,
KR6o0090,釋摩訶衍論通玄鈔,4,237314,71060,,,
KR6o0098,大宗地玄文本論,20,121516,25380,,,
KR6o0099,大宗地玄文本論略註,4,155067,39531,,,
KR6o0100,大乘起信論義疏,2,143464,38503,,,
KR6o0101,起信論疏,2,129245,33860,,,
KR6o0102,起信論疏（選錄「科文」）,1,41507,8540,,,
KR6o0103,大乘起信論疏,4,174726,45473,,,
KR6o0104,大乘起信論別記,1,77004,19915,,,
KR6o0105,大乘起信論義記,3,229244,61370,,,
KR6o0106,大乘起信論義記別記,1,46416,11905,,,
KR6o0107,起信論疏筆削記,20,591842,151623,,,
KR6o0108,大乘起信論內義略探記,1,70536,18515,,,
KR6o0109,大乘起信論裂網疏,6,220493,56396,,,
KR6o0110,起信論一心二門大意,1,6273,1432,,,
KR6o0111,起信論義疏,1,81421,21800,,,
KR6o0112,起信論疏記,6,201988,52147,,,
KR6o0113,起信論同異集,2,98685,29981,,,
KR6o0114,起信論纂註,2,151712,39294,,,
KR6o0115,起信論捷要,2,146558,43810,,,
KR6o0116,起信論續疏,2,210215,54380,,,
KR6o0117,大乘起信論疏略,2,126798,37613,,,
KR6o0118,起信論直解,2,150269,38469,,,
KR6o0119,起信論疏記會閱卷首,1,84871,20615,,,
KR6o0120,起信論疏記會閱,10,917860,227581,,,
KR6o0121,大乘起信論略述,2,166036,43962,,,
KR6o0122,大乘起信論廣釋卷第三．四．五,3,271667,72629,,,
KR6o0123,起信論註,1,26774,7199,,,
KR6o0124,那先比丘經,2,51396,12891,,,
KR6o0125,那先比丘經,3,81854,21864,,,
KR6o0126,福蓋正行所集經,12,140099,31525,,,
KR6o0127,龍樹菩薩為禪陀迦王說法要偈,1,12323,2894,,,
KR6o0128,勸發諸王要偈,1,11804,2571,,,
KR6o0129,龍樹菩薩勸誡王頌,1,12209,2874,,,
KR6o0130,讚法界頌,1,7701,1589,,,
KR6o0131,廣大發願頌,1,2655,439,,,
KR6o0132,三身梵讚,1,2972,241,,,
KR6o0133,佛三身讚,1,1594,118,,,
KR6o0134,佛一百八名讚,1,4152,810,,,
KR6o0135,一百五十讚佛頌,1,13267,3066,,,
KR6o0136,佛吉祥德讚,3,31796,7337,,,
KR6o0137,七佛讚唄伽他,1,4522,997,,,
KR6o0138,犍稚梵讚,1,14880,3476,,,
KR6o0139,八大靈塔梵讚,1,3670,470,,,
KR6o0140,佛說八大靈塔名號經,1,2436,216,,,
KR6o0141,賢聖集伽陀一百頌,1,9492,2084,,,
KR6o0142,事師法五十頌,1,4973,1013,,,
KR6o0143,密跡力士大權神王經偈頌,1,28682,7406,,,
KR6o0144,請賓頭盧法,1,2809,242,,,
KR6o0145,賓頭盧突羅闍為優陀延王說法經,1,13508,3178,,,
KR6o0146,迦葉仙人說醫女人經,1,4798,1109,,,
KR6o0147,勝軍化世百喻伽他經,1,11043,2654,,,
KR6p0001,無量壽經會譯,1,48044,12452,,,
KR6p0002,無量壽經記,1,64065,16111,,,
KR6p0003,無量壽經起信論,3,126866,31776,,,
KR6p0004,摩訶阿彌陀經衷論,1,171325,45432,,,
KR6p0005,釋觀無量壽佛經記,1,46354,13740,,,
KR6p0006,觀無量壽經疏妙宗鈔科,1,26346,5075,,,
KR6p0007,觀無量壽佛經疏妙宗鈔,5,265534,76100,,,
KR6p0008,觀無量壽佛經融心解,1,11322,3026,,,
KR6p0009,觀無量壽經扶新論,1,38545,11271,,,
KR6p0010,觀無量壽經義疏正觀記,3,183811,55981,,,
KR6p0011,觀無量壽佛經圖頌,1,25281,5751,,,
KR6p0012,觀無量壽經直指疏,2,119187,29814,,,
KR6p0013,觀無量壽佛經約論,1,20077,4854,,,
KR6p0014,阿彌陀經異本,1,1170,0,,,
KR6p0015,阿彌陀經義疏聞持記,3,113039,30235,,,
KR6p0016,阿彌陀經句解,1,42345,11377,,,
KR6p0017,阿彌陀經略解,1,31623,8157,,,
KR6p0018,阿彌陀經略解圓中鈔,2,178342,44014,,,
KR6p0019,阿彌陀經疏鈔,4,396015,99346,,,
KR6p0020,阿彌陀經疏鈔事義,1,37729,9189,,,
KR6p0021,阿彌陀經疏鈔問辯,1,40388,10232,,,
KR6p0022,阿彌陀經疏鈔演義,4,445574,115074,,,
KR6p0023,阿彌陀經疏鈔擷,1,65361,15734,,,
KR6p0024,阿彌陀經已決,1,16821,4636,,,
KR6p0025,阿彌陀經要解便蒙鈔,3,331420,84247,,,
KR6p0026,阿彌陀經略註,1,66829,16142,,,
KR6p0027,阿彌陀經註,1,52917,12757,,,
KR6p0028,阿彌陀經約論,1,9137,1923,,,
KR6p0029,阿彌陀經直解正行,1,118192,30133,,,
KR6p0030,阿彌陀經摘要易解,1,61998,15552,,,
KR6p0031,佛說無量壽佛名號利益大事因緣經,1,4279,822,,,
KR6p0032,觀世音菩薩往生淨土本緣經,1,10259,2164,,,
KR6p0033,念佛超脫輪迴捷徑經,1,4884,970,,,
KR6p0034,十往生阿彌陀佛國經,1,7978,2100,,,
KR6p0035,佛說阿彌陀佛根本祕密神咒經,1,10399,2734,,,
KR6p0036,略論安樂淨土義,1,16727,3747,,,
KR6p0037,安樂集,2,100165,24268,,,
KR6p0038,觀念阿彌陀佛相海三昧功德法門,1,40325,10652,,,
KR6p0039,釋淨土群疑論,7,245319,63724,,,
KR6p0040,淨土十疑論,1,26334,6143,,,
KR6p0041,五方便念佛門,1,8270,1910,,,
KR6p0042,淨土論,3,109518,27715,,,
KR6p0043,西方要決釋疑通規,1,35190,8662,,,
KR6p0044,遊心安樂道,1,54032,13453,,,
KR6p0045,念佛鏡,2,77196,18792,,,
KR6p0046,念佛三昧寶王論,3,61114,13576,,,
KR6p0047,往生淨土決疑行願二門,1,17068,4482,,,
KR6p0048,樂邦文類,5,425427,109007,,,
KR6p0049,樂邦遺稿,2,91247,23856,,,
KR6p0050,龍舒增廣淨土文,12,188740,46666,,,
KR6p0051,注十疑論,1,35310,10034,,,
KR6p0052,淨土境觀要門,1,11629,2883,,,
KR6p0053,淨土或問,1,57423,15143,,,
KR6p0054,廬山蓮宗寶鑑,10,253197,64292,,,
KR6p0055,寶王三昧念佛直指,2,140756,37544,,,
KR6p0056,淨土生無生論,1,15904,3812,,,
KR6p0057,西方合論,10,191653,45341,,,
KR6p0058,淨土疑辨,1,4847,974,,,
KR6p0059,淨土指歸集,2,198080,51122,,,
KR6p0060,淨土簡要錄,1,49097,14680,,,
KR6p0061,歸元直指集,2,309496,89344,,,
KR6p0062,淨土決,1,65144,16610,,,
KR6p0063,答四十八問,1,40076,10068,,,
KR6p0064,西方願文,1,9631,2445,,,
KR6p0065,淨土資糧全集,6,437363,110418,,,
KR6p0066,西方直指,3,68624,19816,,,
KR6p0067,淨土十要,10,583032,153786,,,
KR6p0068,西方合論標註,10,157125,44570,,,
KR6p0069,淨慈要語,2,55196,16109,,,
KR6p0070,淨土生無生論註,1,69875,19909,,,
KR6p0071,淨土生無生論親聞記,2,105939,26449,,,
KR6p0072,蓮邦詩選,1,97930,25120,,,
KR6p0073,讚阿彌陀佛偈,1,17703,4076,,,
KR6p0074,轉經行道願往生淨土法事讚,2,67896,17511,,,
KR6p0075,往生禮讚偈,1,48081,10852,,,
KR6p0076,依觀經等明般舟三昧行道往生讚,1,46811,11862,,,
KR6p0077,集諸經禮懺儀,2,87505,20860,,,
KR6p0078,淨土五會念佛略法事儀讚,2,79986,20317,,,
KR6p0079,往生淨土懺願儀,1,24597,6422,,,
KR6p0080,十二禮,1,2916,424,,,
KR6p0081,三時繫念佛事,1,26512,6388,,,
KR6p0082,三時繫念儀範,1,49004,11929,,,
KR6p0083,無量壽佛讚註,1,14614,3642,,,
KR6p0084,禮念彌陀道場懺法,10,262613,64467,,,
KR6p0085,西歸行儀,1,29153,7111,,,
KR6p0086,西方要決科註,2,92623,22947,,,
KR6p0087,西方發願文註,1,35589,8984,,,
KR6p0088,淨土生無生論會集,1,123654,31475,,,
KR6p0089,雲棲淨土彙語,1,94186,23874,,,
KR6p0090,淨土旨訣,1,34987,10270,,,
KR6p0091,淨土晨鐘,10,292602,85571,,,
KR6p0092,西歸直指,4,131208,32122,,,
KR6p0093,淨土警語,1,49445,13006,,,
KR6p0094,起一心精進念佛七期規式,1,17981,4251,,,
KR6p0095,淨土全書,2,208700,53368,,,
KR6p0096,角虎集,2,199009,51151,,,
KR6p0097,東海若解,1,23214,5655,,,
KR6p0098,省菴法師語錄,2,139130,35837,,,
KR6p0099,重訂西方公據,2,63814,15748,,,
KR6p0100,念佛警策,2,120444,31625,,,
KR6p0101,徹悟禪師語錄,2,101204,25661,,,
KR6p0102,淨業知津,1,16417,3898,,,
KR6p0103,念佛百問,1,46117,11609,,,
KR6p0104,徑中徑又徑,4,231160,60276,,,
KR6p0105,勸修淨土切要,1,47788,12402,,,
KR6p0106,淨土隨學,2,119430,30726,,,
KR6p0107,淨土必求,1,34817,8717,,,
KR6p0108,淨土承恩集,1,62862,16031,,,
KR6p0109,念佛三昧,1,3495,518,,,
KR6p0110,西方確指,1,52478,13153,,,
KR6p0111,清珠集,1,138717,35499,,,
KR6p0112,蓮邦消息,1,63950,15326,,,
KR6p0113,淨土極信錄,1,79422,19750,,,
KR6p0114,念佛起緣彌陀觀偈直解,1,22614,5489,,,
KR6p0115,淨土證心集,3,117481,29744,,,
KR6p0116,蓮宗必讀,1,160905,42594,,,
KR6p0117,淨土神珠,1,94099,24319,,,
KR6p0118,淨業痛策,1,27039,6803,,,
KR6p0119,時時好念佛,1,22450,4644,,,
KR6p0120,啟信雜說,1,28077,7143,,,
KR6p0121,淨土紺珠,1,143707,37211,,,
KR6p0122,修西輯要,1,37839,9446,,,
KR6p0123,蓮修起信錄,6,129002,30809,,,
KR6p0124,報恩論,2,351666,94116,,,
KR6p0125,持名四十八法,1,23427,5784,,,
KR6p0126,唯心集,1,11259,2538,,,
KR6p0127,影響集,1,14424,3488,,,
KR6p0128,二林唱和詩,1,14712,3489,,,
KR6p0129,觀河集節鈔,1,37358,9412,,,
KR6p0130,測海集節鈔,1,13537,3169,,,
KR6p0131,瓊樓吟稿節鈔,1,14871,3516,,,
KR6p0132,蓮修必讀,1,137779,35757,,,
KR6p0133,普能嵩禪師淨土詩,1,24223,6165,,,
KR6p0134,淨土救生船詩,1,14094,3262,,,
KR6p0135,略諸經論念佛法門往生淨土集卷上,1,36404,8992,,,
KR6p0136,淨土五會念佛誦經觀行儀卷中．下,2,114921,28360,,,
KR6p0137,大乘淨土讚,1,2084,228,,,
KR6p0138,持齋念佛懺悔禮文,1,10639,2531,,,
KR6p0139,道安法師念佛讚,1,2030,334,,,
KR6p0140,道安法師念佛讚文,1,996,0,,,
KR6q0001,曆代法寶記,1,95098,24719,,,
KR6q0002,祖堂集,20,816757,185979,,,
KR6q0003,景德傳燈錄,30,1406960,363765,,,
KR6q0004,天聖廣燈錄,30,769754,182666,,,
KR6q0005,五家正宗贊,4,217187,52884,,,
KR6q0006,建中靖國續燈錄目錄,3,80046,20152,,,
KR6q0007,建中靖國續燈錄,30,989703,238267,,,
KR6q0008,聯燈會要,30,1310401,321534,,,
KR6q0009,嘉泰普燈錄總目錄,3,72513,17686,,,
KR6q0010,嘉泰普燈錄,30,1010584,249842,,,
KR6q0011,五燈會元目錄,2,74533,17395,,,
KR6q0012,五燈會元,20,2239696,568201,釋普濟,宋,撰
KR6q0013,五燈會元續略,4,471749,124558,,,
KR6q0014,禪宗正脉,10,962935,242552,,,
KR6q0015,續傳燈錄目錄,3,108677,26014,,,
KR6q0016,續傳燈錄,36,1244136,318301,,,
KR6q0017,增集續傳燈錄,6,472504,125423,,,
KR6q0018,五燈嚴統目錄,2,120314,29204,,,
KR6q0019,五燈嚴統,25,2553328,654801,,,
KR6q0020,五燈嚴統解惑編,1,48010,12546,,,
KR6q0021,五燈全書目錄,16,238699,55758,,,
KR6q0022,五燈全書,120,5439919,1374880,,,
KR6q0023,指月錄,32,1931289,496423,,,
KR6q0024,續指月錄,20,804794,206171,,,
KR6q0025,揞黑豆集,8,599597,154900,,,
KR6q0026,教外別傳,16,1177108,302702,,,
KR6q0027,續燈正統目錄,1,87857,22463,,,
KR6q0028,續燈正統,42,1278003,318951,,,
KR6q0029,續燈存稿目錄,1,25333,6126,,,
KR6q0030,續燈存稿,12,675420,179516,,,
KR6q0031,正源略集目錄,1,22379,5365,,,
KR6q0032,正源略集,15,493819,123640,,,
KR6q0033,正源略集補遺,1,14225,3334,,,
KR6q0034,錦江禪燈目錄,1,47802,11565,,,
KR6q0035,錦江禪燈,20,542386,135898,,,
KR6q0036,黔南會燈錄,8,194621,47989,,,
KR6q0037,普陀列祖錄,1,31693,7965,,,
KR6q0038,繼燈錄,6,266117,69059,,,
KR6q0039,居士分燈錄,2,207301,53559,,,
KR6q0040,禪林僧寶傳,30,344579,79212,釋惠洪,宋,撰
KR6q0041,僧寶正續傳,7,148056,36655,,,
KR6q0042,南宋元明禪林僧寶傳,15,376244,93733,,,
KR6q0043,皇明名僧輯略,1,85151,22226,,,
KR6q0044,建州弘釋錄,2,102653,27255,,,
KR6q0045,八十八祖道影傳贊,4,191096,47881,,,
KR6q0046,山菴雜錄,2,110836,28648,,,
KR6q0047,正宗心印後續聯芳,1,47653,11889,,,
KR6q0048,祖庭指南,2,189447,48978,,,
KR6q0049,先覺集,1,4025,656,,,
KR6q0050,先覺宗乘,5,189032,47690,,,
KR6q0051,優婆夷志,1,31140,7992,,,
KR6q0052,先覺宗乘（選錄「帝王問道錄」）,1,27802,7901,,,
KR6q0053,鎮州臨濟慧照禪師語錄,1,65637,15991,,,
KR6q0054,汾陽無德禪師語錄,3,176169,44212,,,
KR6q0055,黃龍慧南禪師語錄,1,52897,13042,,,
KR6q0056,楊岐方會和尚語錄,1,32267,7781,,,
KR6q0057,楊岐方會和尚後錄,1,14558,3493,,,
KR6q0058,法演禪師語錄,3,104129,24970,,,
KR6q0059,圓悟佛果禪師語錄,20,512363,129439,,,
KR6q0060,大慧普覺禪師語錄,30,703532,174810,,,
KR6q0061,大慧普覺禪師宗門武庫,1,75390,19625,,,
KR6q0062,大慧普覺禪師普說,5,641119,197842,,,
KR6q0063,大慧普覺禪師年譜,1,84767,25440,,,
KR6q0064,密菴和尚語錄,1,133199,34237,,,
KR6q0065,虛堂和尚語錄,10,411877,96758,,,
KR6q0066,筠州洞山悟本禪師語錄,1,62248,15634,,,
KR6q0067,瑞州洞山良价禪師語錄,1,41858,10360,,,
KR6q0068,撫州曹山元證禪師語錄,1,48276,12491,,,
KR6q0069,撫州曹山本寂禪師語錄,2,52449,12943,,,
KR6q0070,宏智禪師廣錄,9,660871,152550,,,
KR6q0071,如淨和尚語錄,2,61882,14511,,,
KR6q0072,天童山景德寺如淨禪師續語錄,1,18106,4565,,,
KR6q0073,雲門匡真禪師廣錄,3,170761,43261,,,
KR6q0074,明覺禪師語錄,6,230753,52957,,,
KR6q0075,潭州溈山靈祐禪師語錄,1,29367,7021,,,
KR6q0076,袁州仰山慧寂禪師語錄,1,39715,9042,,,
KR6q0077,金陵清涼院文益禪師語錄,1,33377,8259,,,
KR6q0078,佛果圜悟禪師碧巖錄,10,499814,128511,,,
KR6q0079,萬松老人評唱天童覺和尚頌古從容庵錄,6,366241,93861,,,
KR6q0080,無門關,1,33720,7871,,,
KR6q0081,人天眼目,6,176412,39701,,,
KR6q0082,南宗頓教最上大乘摩訶般若波羅蜜經六祖惠能大師於韶州大梵寺施法壇經,1,47554,11159,,,
KR6q0083,六祖大師法寶壇經,1,107405,26393,,,
KR6q0084,少室六門,1,61100,15037,,,
KR6q0085,信心銘,1,3003,473,,,
KR6q0086,最上乘論,1,12499,3114,,,
KR6q0087,黃檗山斷際禪師傳心法要,1,25074,6548,,,
KR6q0088,黃檗斷際禪師宛陵錄,1,17424,4481,,,
KR6q0089,禪宗永嘉集,1,44940,11404,,,
KR6q0090,永嘉證道歌,1,9411,1954,,,
KR6q0091,禪源諸詮集都序,2,82638,21797,,,
KR6q0092,宗鏡錄,100,3044633,754756,,,
KR6q0093,萬善同歸集,3,209027,50932,,,
KR6q0094,永明智覺禪師唯心訣,1,24857,6055,,,
KR6q0095,真心直說,1,27485,7026,,,
KR6q0096,誡初心學人文,1,7707,1592,,,
KR6q0097,高麗國普照禪師修心訣,1,22431,5407,,,
KR6q0098,禪宗決疑集,1,35407,9298,,,
KR6q0099,禪林寶訓,4,127569,32652,,,
KR6q0100,緇門警訓,10,302971,76054,,,
KR6q0101,禪關策進,1,57685,14518,,,
KR6q0102,勅修百丈清規,8,268903,69396,,,
KR6q0103,無心論,1,5920,1314,,,
KR6q0104,南天竺國菩提達摩禪師觀門,1,2256,78,,,
KR6q0105,觀心論,1,14297,3500,,,
KR6q0106,大乘無生方便門,1,25111,6331,,,
KR6q0107,大乘開心顯性頓悟真宗論,1,19336,4796,,,
KR6q0108,大乘北宗論,1,2346,279,,,
KR6q0109,楞伽師資記,1,43074,10692,,,
KR6q0110,傳法寶紀,1,4191,645,,,
KR6q0111,讚禪門詩,1,6821,1536,,,
KR6q0112,菩提達磨大師略辨大乘入道四行觀,1,4093,668,,,
KR6q0113,達磨大師血脉論,1,17889,4348,,,
KR6q0114,達磨大師悟性論,1,14446,3387,,,
KR6q0115,達磨大師破相論,1,16643,3939,,,
KR6q0116,修禪要訣,1,14239,3360,,,
KR6q0117,頓悟入道要門論,1,34336,8402,,,
KR6q0118,諸方門人參問語錄,1,31739,8022,,,
KR6q0119,中華傳心地禪門師資承襲圖,1,23676,5819,,,
KR6q0120,宗門十規論,1,13386,3195,,,
KR6q0121,定慧相資歌,1,3274,469,,,
KR6q0122,警世,1,3705,528,,,
KR6q0123,心賦注,4,364808,92820,,,
KR6q0124,智覺禪師自行錄,1,34565,8789,,,
KR6q0125,祇園正儀,1,3638,578,,,
KR6q0126,臨濟宗旨,1,12862,3062,,,
KR6q0127,智證傳,1,125218,31865,,,
KR6q0128,(重編)曹洞五位顯訣,3,91333,22979,,,
KR6q0129,寶鏡三昧本義,1,24109,6087,,,
KR6q0130,寶鏡三昧原宗辨謬說,1,11701,2645,,,
KR6q0131,溈山警策註,1,26455,5831,,,
KR6q0132,溈山警策句釋記,2,132230,33128,,,
KR6q0133,證道歌註,1,97820,25376,,,
KR6q0134,永嘉禪宗集註,2,167858,41500,,,
KR6q0135,百丈清規證義記,9,823224,209335,,,
KR6q0136,(重雕補註)禪苑清規,10,174272,43438,,,
KR6q0137,入眾日用,1,12932,2980,,,
KR6q0138,入眾須知,1,57261,14284,,,
KR6q0139,幻住庵清規,1,91161,24224,,,
KR6q0140,叢林校定清規總要,2,146207,36693,,,
KR6q0141,禪林備用清規,10,235715,57123,,,
KR6q0142,叢林兩序須知,1,40059,10008,,,
KR6q0143,禪林疏語考證,4,215674,55096,,,
KR6q0144,初學記,1,47467,11294,,,
KR6q0145,正行集,1,8103,1661,,,
KR6q0146,禪家龜鑑,1,37938,9430,,,
KR6q0147,宗門玄鑑圖,1,30737,7592,,,
KR6q0148,博山禪警語,2,62874,15503,,,
KR6q0149,禪宗直指,1,29972,7444,,,
KR6q0150,禪門鍛鍊說,1,62011,16133,,,
KR6q0151,列祖提綱錄,42,1518386,396335,,,
KR6q0152,祖庭事苑,8,554199,138662,,,
KR6q0153,禪林寶訓音義,1,135230,33651,,,
KR6q0154,禪林寶訓合註,4,257706,65687,,,
KR6q0155,禪林寶訓拈頌,1,29018,6388,,,
KR6q0156,禪林寶訓順硃,4,439481,114045,,,
KR6q0157,禪林寶訓筆說,3,529613,138679,,,
KR6q0158,叢林公論,1,42759,11166,,,
KR6q0159,十牛圖頌,1,7906,1306,,,
KR6q0160,十牛圖頌,1,6813,1167,,,
KR6q0161,十牛圖和頌,1,33157,6323,,,
KR6q0162,禪門寶藏錄,3,49137,12139,,,
KR6q0163,普明禪師牧牛圖頌,1,27980,5600,,,
KR6q0164,牧牛圖頌,1,26847,6625,,,
KR6q0165,高峰龍泉院因師集賢語錄,15,213894,50170,,,
KR6q0166,禪宗雜毒海,8,165783,40339,,,
KR6q0167,五宗原,1,43473,11016,,,
KR6q0168,闢妄救略說,10,403727,103116,,,
KR6q0169,五家宗旨纂要,3,119024,29086,,,
KR6q0170,宗範,2,347892,92003,,,
KR6q0171,慨古錄,1,47720,12228,,,
KR6q0172,祖庭鉗鎚錄,2,71641,17944,,,
KR6q0173,千松筆記,1,36828,9322,,,
KR6q0174,萬法歸心錄,3,134030,33602,,,
KR6q0175,禪宗指掌,1,13053,3033,,,
KR6q0176,觀心玄樞,1,61743,15772,,,
KR6q0177,證道歌頌,1,39965,8947,,,
KR6q0178,證道歌註,1,30768,6990,,,
KR6q0179,證道歌註,1,57404,15012,,,
KR6q0180,溈山警策註,1,27745,6462,,,
KR6q0181,續原教論,2,62494,18198,,,
KR6q0182,道餘錄,1,45604,11586,,,
KR6q0183,蕅益三頌,1,41526,9565,,,
KR6q0184,周易禪解,10,384079,92778,,,
KR6q0185,天樂鳴空集,3,157584,46993,,,
KR6q0186,黃蘗無念禪師復問,6,130766,35859,,,
KR6q0187,護法錄,10,501791,147685,,,
KR6q0188,寒山子詩集,1,68015,16256,,,
KR6q0189,密藏開禪師遺稿,2,203989,61492,,,
KR6q0190,闢邪集,1,27826,7522,,,
KR6q0191,醒世錄,8,537144,138862,,,
KR6q0192,無依道人錄,2,56147,14021,,,
KR6q0193,石門文字禪,30,822146,213395,,,
KR6q0194,天真毒峰善禪師要語,1,37523,11058,,,
KR6q0195,曹溪一滴,1,78054,20924,,,
KR6q0196,大巍禪師竹室集,1,46379,12128,,,
KR6q0197,浮山法句,1,23722,6378,,,
KR6q0198,徹庸和尚谷響集,1,46845,11349,,,
KR6q0199,天童弘覺忞禪師北遊集,6,115078,29548,,,
KR6q0200,布水臺集,32,709840,181718,,,
KR6q0201,石雨禪師法檀,20,422707,109134,,,
KR6q0202,古瓶山牧道者究心錄,3,98483,26678,,,
KR6q0203,蕅益大師佛學十種（選錄「性學開蒙」．「梵室偶談」兩種）,2,44283,12474,,,
KR6q0204,頌古合響集,1,34526,8096,,,
KR6q0205,絕餘編,4,131242,32800,,,
KR6q0206,鄂州龍光達夫禪師雞肋集,1,80829,22701,,,
KR6q0207,頌古鉤鉅,1,68408,19724,,,
KR6q0208,集文字禪,1,27171,6710,,,
KR6q0209,高峰三山來禪師年譜,1,85599,25951,,,
KR6q0210,怡山禮佛發願文略釋,1,67389,16880,,,
KR6q0211,大懺悔文略解,2,84373,20466,,,
KR6q0212,牧雲和尚嬾齋別集,14,560176,146446,,,
KR6q0213,牧雲和尚宗本投機頌,1,158617,41354,,,
KR6q0214,雲棲法彙（選錄）,25,1202043,301108,,,
KR6q0215,虛舟禪師註八識規矩頌,1,45133,13143,,,
KR6q0216,天台三聖詩集和韻,1,191605,47116,,,
KR6q0217,擬寒山詩,1,50249,11832,,,
KR6q0218,學佛考訓,10,122767,31831,,,
KR6q0219,漆園指通,3,130272,35485,,,
KR6q0220,靈樹遠禪師雲嵒集,2,105248,28281,,,
KR6q0221,天界覺浪盛禪師全錄,33,1202659,335089,,,
KR6q0222,解惑篇,2,289265,75490,,,
KR6q0223,木人剩稿,5,195943,50830,,,
KR6q0224,靈瑞尼祖揆符禪師妙湛錄,5,132925,35818,,,
KR6q0225,靈瑞禪師嵒華集,5,100003,24322,,,
KR6q0226,靈峰蕅益大師宗論,10,1130448,287205,,,
KR6q0227,道德經順硃,2,98694,29532,,,
KR6q0228,錦屏破石卓禪師雜著,1,6465,1220,,,
KR6q0229,憨休禪師敲空遺響,12,409561,103523,,,
KR6q0230,調實居士證源錄,1,40368,11168,,,
KR6q0231,即非禪師全錄,25,672649,171333,,,
KR6q0232,高峰三山來禪師疏語,3,60238,16857,,,
KR6q0233,別菴禪師同門錄,3,80434,22988,,,
KR6q0234,正覺潤光澤禪師澡雪集,1,32553,9125,,,
KR6q0235,一貫別傳,5,183911,52359,,,
KR6q0236,古音王傳,1,48964,12179,,,
KR6q0237,野雲映禪師宗統頌,1,25479,7035,,,
KR6q0238,天寧法舟濟禪師剩語,1,44015,11727,,,
KR6q0239,天然居士懷淨土詩,1,30899,7247,,,
KR6q0240,鶴山禪師執帚集,2,102570,24608,,,
KR6q0241,坐禪箴,1,719,0,,,
KR6q0242,三根坐禪說,1,1865,0,,,
KR6q0243,禪宗頌古聯珠通集,40,1124205,272801,,,
KR6q0244,禪宗頌古聯珠通集,21,1137494,264258,,,
KR6q0245,宗門拈古彙集,45,1161354,293370,,,
KR6q0246,宗鑑法林,72,2028185,512341,,,
KR6q0247,禪門諸祖師偈頌,2,181850,47152,,,
KR6q0248,禪林類聚,20,574420,145292,,,
KR6q0249,佛果擊節錄,2,148063,38560,,,
KR6q0250,焭絕老人天奇直註雪竇顯和尚頌古,2,72697,18269,,,
KR6q0251,林泉老人評唱投子青和尚頌古空谷集,6,275601,72211,,,
KR6q0252,林泉老人評唱丹霞淳禪師頌古虗堂集,6,261179,68455,,,
KR6q0253,焭絕老人天奇直註天童覺和尚頌古,2,83698,22039,,,
KR6q0254,萬松老人評唱天童覺和尚拈古請益錄,2,244455,63732,,,
KR6q0255,徑石滴乳集,5,229422,57450,,,
KR6q0256,正法眼藏,3,383131,102232,,,
KR6q0257,拈八方珠玉集,3,272102,68670,,,
KR6q0258,通玄百問,1,23120,5344,,,
KR6q0259,青州百問,1,27621,6616,,,
KR6q0260,古尊宿語錄目錄,1,2772,407,,,
KR6q0261,古尊宿語錄,48,1774089,428663,,,
KR6q0262,古尊宿語要目錄,1,8401,1836,,,
KR6q0263,古尊宿語錄,48,1402183,387797,,,
KR6q0264,續古尊宿語要目錄,1,13338,2919,,,
KR6q0265,續古尊宿語要,6,853640,218469,,,
KR6q0266,四家語錄（序．引．跋）,1,3918,527,,,
KR6q0267,馬祖道一禪師廣錄（四家語錄卷一）,1,18918,4435,,,
KR6q0268,百丈懷海禪師語錄（四家語錄卷二）,1,9198,1925,,,
KR6q0269,百丈懷海禪師廣錄（四家語錄卷三）,1,4718,831,,,
KR6q0270,五家語錄（序）,1,8731,1792,,,
KR6q0271,雪峰義存禪師語錄（真覺禪師語錄）,2,124300,31005,,,
KR6q0272,善慧大士語錄,4,134824,33764,,,
KR6q0273,龐居士語錄,3,63545,14138,,,
KR6q0274,石霜楚圓禪師語錄,1,61359,15268,,,
KR6q0275,瑯琊慧覺禪師語錄（序）,1,1886,38,,,
KR6q0276,黃龍四家錄（序）,1,1760,0,,,
KR6q0277,雲菴克文禪師語錄（敘．疏．附錄）,1,13784,3252,,,
KR6q0278,寶覺祖心禪師語錄（黃龍四家錄第二）,1,63390,15839,,,
KR6q0279,死心悟新禪師語錄（黃龍四家錄第三）,1,31987,7931,,,
KR6q0280,超宗慧方禪師語錄（黃龍四家錄第四）,1,37886,9521,,,
KR6q0281,雪峰慧空禪師語錄,1,78264,20016,,,
KR6q0282,長靈守卓禪師語錄,1,60270,14992,,,
KR6q0283,雪菴從瑾禪師頌古,1,6209,1299,,,
KR6q0284,保寧仁勇禪師語錄,1,81801,20494,,,
KR6q0285,白雲守端禪師語錄,2,39928,9742,,,
KR6q0286,白雲守端禪師廣錄,4,109605,27443,,,
KR6q0287,開福道寧禪師語錄,2,79106,20724,,,
KR6q0288,月林師觀禪師語錄,1,35642,8741,,,
KR6q0289,無門慧開禪師語錄,2,63775,16281,,,
KR6q0290,普菴印肅禪師語錄,3,396468,102324,,,
KR6q0291,佛果克勤禪師心要,4,224860,61007,,,
KR6q0292,虎丘紹隆禪師語錄,1,32498,8125,,,
KR6q0293,應菴曇華禪師語錄,10,229929,58334,,,
KR6q0294,瞎堂慧遠禪師廣錄,4,210153,53166,,,
KR6q0295,濟顛道濟禪師語錄,1,114765,29386,,,
KR6q0296,普覺宗杲禪師語錄,2,134580,34133,,,
KR6q0297,西山亮禪師語錄,1,12098,2775,,,
KR6q0298,率菴梵琮禪師語錄,1,41466,10485,,,
KR6q0299,北磵居簡禪師語錄,1,91836,23134,,,
KR6q0300,物初大觀禪師語錄,1,70440,17719,,,
KR6q0301,笑隱大訢禪師語錄,4,127371,32400,,,
KR6q0302,偃溪廣聞禪師語錄,2,135854,34387,,,
KR6q0303,大川普濟禪師語錄,1,79875,20049,,,
KR6q0304,淮海原肇禪師語錄,1,46035,11819,,,
KR6q0305,介石智朋禪師語錄,1,107756,27366,,,
KR6q0306,無文道燦禪師語錄,1,41246,10693,,,
KR6q0307,五家語錄（選錄）,2,189779,56956,,,
KR6q0308,龍源介清禪師語錄,1,26647,6523,,,
KR6q0309,曹源道生禪師語錄,1,21952,5298,,,
KR6q0310,癡絕道冲禪師語錄,2,197997,50793,,,
KR6q0311,松源崇嶽禪師語錄,2,147868,37212,,,
KR6q0312,無明慧性禪師語錄,1,33058,8218,,,
KR6q0313,運菴普巖禪師語錄,1,19797,4919,,,
KR6q0314,破菴祖先禪師語錄,1,58519,14760,,,
KR6q0315,無準師範禪師語錄,5,251839,64314,,,
KR6q0316,無準和尚奏對語錄,1,23652,5991,,,
KR6q0317,絕岸可湘禪師語錄,1,75615,19244,,,
KR6q0318,樵隱悟逸禪師語錄,2,82573,20710,,,
KR6q0319,石田法薰禪師語錄,4,186137,46765,,,
KR6q0320,劍關子益禪師語錄,1,35250,8497,,,
KR6q0321,環溪惟一禪師語錄,2,147341,37279,,,
KR6q0322,希叟紹曇禪師語錄,1,60293,15274,,,
KR6q0323,希叟紹曇禪師廣錄,7,323064,80571,,,
KR6q0324,西巖了慧禪師語錄,2,95182,24007,,,
KR6q0325,月磵禪師語錄,2,138041,35334,,,
KR6q0326,平石如砥禪師語錄,1,55539,14027,,,
KR6q0327,斷橋妙倫禪師語錄,2,121747,30385,,,
KR6q0328,方山文寶禪師語錄,1,27242,6668,,,
KR6q0329,無見先覩禪師語錄,2,57925,14532,,,
KR6q0330,雪巖祖欽禪師語錄,4,247394,63603,,,
KR6q0331,海印昭如禪師語錄,1,58401,14615,,,
KR6q0332,石屋清洪禪師語錄,2,94560,24107,,,
KR6q0333,高峰原妙禪師語錄,2,120302,30862,,,
KR6q0334,高峰原妙禪師禪要,1,54614,13945,,,
KR6q0335,天目明本禪師雜錄,3,180977,48237,,,
KR6q0336,天如惟則禪師語錄,9,426969,113333,,,
KR6q0337,兀菴普寧禪師語錄,3,102729,25860,,,
KR6q0338,石溪心月禪師語錄,3,238179,60210,,,
KR6q0339,石溪心月禪師雜錄,1,35143,8882,,,
KR6q0340,虛舟普度禪師語錄,1,68061,17152,,,
KR6q0341,即休契了禪師拾遺集,1,56948,14612,,,
KR6q0342,月江正印禪師語錄,3,225572,57226,,,
KR6q0343,曇芳守忠禪師語錄,2,95633,24066,,,
KR6q0344,橫川行珙禪師語錄,2,118155,29611,,,
KR6q0345,古林清茂禪師語錄,5,295765,75473,,,
KR6q0346,古林清茂禪師拾遺偈頌,2,109892,28506,,,
KR6q0347,了菴清欲禪師語錄,9,496262,127154,,,
KR6q0348,穆菴文康禪師語錄,1,26704,6616,,,
KR6q0349,恕中無慍禪師語錄,6,182434,45434,,,
KR6q0350,了堂惟一禪師語錄,4,174559,44516,,,
KR6q0351,呆菴普莊禪師語錄,8,122941,29141,,,
KR6q0352,元叟行端禪師語錄,8,168759,40688,,,
KR6q0353,楚石梵琦禪師語錄,20,544138,134617,,,
KR6q0354,愚菴智及禪師語錄,10,179810,43703,,,
KR6q0355,南石文琇禪師語錄,4,144054,36731,,,
KR6q0356,投子義青禪師語錄,2,75553,19159,,,
KR6q0357,投子義青禪師語錄,1,16775,4046,,,
KR6q0358,丹霞子淳禪師語錄,2,58002,14527,,,
KR6q0359,真歇清了禪師語錄,2,85360,21868,,,
KR6q0360,淨慈慧暉禪師語錄,6,107257,26304,,,
KR6q0361,雲外雲岫禪師語錄,1,51130,13104,,,
KR6q0362,無明慧經禪師語錄,4,152276,38340,,,
KR6q0363,晦臺元鏡禪師語錄,1,47593,12125,,,
KR6q0364,見如元謐禪師語錄,1,38090,9442,,,
KR6q0365,無異元來禪師廣錄,33,696222,171296,,,
KR6q0366,博山無異大禪語錄集要,1,3065,386,,,
KR6q0367,永覺元賢禪師廣錄,30,936478,235696,,,
KR6q0368,為霖道霈禪師秉拂語錄,2,51579,13305,,,
KR6q0369,為霖道霈禪師餐香錄,2,257607,66795,,,
KR6q0370,為霖道霈禪師還山錄,4,142149,36937,,,
KR6q0371,為霖禪師雲山法會錄,1,49947,12872,,,
KR6q0372,為霖禪師旅泊菴稿,4,219529,57706,,,
KR6q0373,宗寶道獨禪師語錄,6,194099,48437,,,
KR6q0374,湛然圓澄禪師語錄,8,431933,111207,,,
KR6q0375,玄沙師備禪師廣錄,3,146246,35923,,,
KR6q0376,玄沙師備禪師語錄,3,66390,16057,,,
KR6q0377,薦福承古禪師語錄,1,64291,16785,,,
KR6q0378,法昌倚遇禪師語錄,1,74367,18791,,,
KR6q0379,吳山淨端禪師語錄,2,58408,14474,,,
KR6q0380,慧林宗本禪師別錄,1,29117,7115,,,
KR6q0381,慈受懷深禪師廣錄,4,199582,50826,,,
KR6q0382,紫柏尊者全集,29,1285967,329665,,,
KR6q0383,紫柏尊者別集,4,155953,39476,,,
KR6q0384,雲谷和尚語錄,2,48002,11858,,,
KR6q0385,聖箭堂述古,1,75706,19472,,,
KR6q0386,憨山老人夢遊集,52,1949026,496591,,,
KR6q0387,雲門麥浪懷禪師宗門設難,1,29951,7477,,,
KR6q0388,宗門寶積錄（序．凡例．目錄）,1,17788,4088,,,
KR6q0389,憨山老人夢遊全集,5,369178,111398,,,
KR6q0390,密雲禪師語錄,12,441795,124085,,,
KR6q0391,趙州和尚語錄,3,73791,20282,,,
KR6q0392,雲門匡真禪師語錄,3,97116,28139,,,
KR6q0393,松隱唯菴然和尚語錄,3,53229,13109,,,
KR6q0394,無趣老人語錄,1,42177,10647,,,
KR6q0395,無幻禪師語錄,2,65019,16392,,,
KR6q0396,古庭禪師語錄輯略,4,214633,54152,,,
KR6q0397,天隱和尚語錄,15,503673,137773,,,
KR6q0398,壽昌無明和尚語錄,2,87029,24272,,,
KR6q0399,天界覺浪盛禪師語錄,12,359145,100389,,,
KR6q0400,大溈五峰學禪師語錄,1,21367,6342,,,
KR6q0401,大溈密印寺養拙明禪師語錄,1,49224,14638,,,
KR6q0402,破山禪師語錄,20,531064,130802,,,
KR6q0403,費隱禪師語錄,14,507234,137217,,,
KR6q0404,萬如禪師語錄,10,217893,58060,,,
KR6q0405,雪竇石奇禪師語錄,15,336942,75743,,,
KR6q0406,牧雲和尚七會語錄,6,144097,37124,,,
KR6q0407,浮石禪師語錄,10,258364,69399,,,
KR6q0408,林野奇禪師語錄,8,177998,45203,,,
KR6q0409,天岸昇禪師語錄,20,493068,128708,,,
KR6q0410,入就瑞白禪師語錄,18,389249,102047,,,
KR6q0411,三宜盂禪師語錄,11,390542,109050,,,
KR6q0412,象田即念禪師語錄,4,122679,31198,,,
KR6q0413,大休珠禪師語錄,12,194653,49678,,,
KR6q0414,隱元禪師語錄,16,431714,116531,,,
KR6q0415,昭覺丈雪醉禪師語錄,10,221539,54086,,,
KR6q0416,鴛湖用禪師語錄,2,78819,20090,,,
KR6q0417,博山無異大師語錄集要,6,219471,62185,,,
KR6q0418,雪關禪師語錄,13,486865,135625,,,
KR6q0419,雪關和尚語錄,6,124499,32874,,,
KR6q0420,石霜爾瞻尊禪師語錄,2,90410,25009,,,
KR6q0421,百癡禪師語錄,30,874998,235612,,,
KR6q0422,雲峨喜禪師語錄,2,198738,57018,,,
KR6q0423,斌雅禪師語錄,2,93886,26895,,,
KR6q0424,介為舟禪師語錄,10,287035,70039,,,
KR6q0425,笑堂和尚語錄,1,49223,14235,,,
KR6q0426,古雪哲禪師語錄,20,600833,143035,,,
KR6q0427,永濟融禪師語錄,2,60732,14398,,,
KR6q0428,伏獅祇園禪師語錄,2,87255,24452,,,
KR6q0429,季總徹禪師語錄,4,150993,39435,,,
KR6q0430,二隱謐禪師語錄,10,239952,53157,,,
KR6q0431,芝巖秀禪師語錄,2,37736,9805,,,
KR6q0432,懶石聆禪師語錄,4,101045,22353,,,
KR6q0433,紫竹林顓愚衡和尚語錄,20,663281,174832,,,
KR6q0434,法璽印禪師語錄,12,260422,67599,,,
KR6q0435,楞嚴法璽印禪師語錄,2,57733,16238,,,
KR6q0436,夔州臥龍字水禪師語錄,3,93724,25542,,,
KR6q0437,山暉禪師語錄,12,356265,98359,,,
KR6q0438,嵩山野竹禪師錄,14,331490,80947,,,
KR6q0439,法瀾澂禪師語錄,2,40588,10988,,,
KR6q0440,天王水鑑海和尚六會錄,10,205886,55571,,,
KR6q0441,天王水鑑海和尚五會錄,6,120713,31790,,,
KR6q0442,天王水鑑海和尚住金粟語錄,3,72381,20472,,,
KR6q0443,介菴進禪師語錄,10,289084,71526,,,
KR6q0444,一初元禪師語錄,2,88797,24808,,,
KR6q0445,蓮月禪師語錄,6,165803,45200,,,
KR6q0446,玉泉蓮月正禪師語錄,2,55173,14488,,,
KR6q0447,月幢了禪師語錄,4,73566,19083,,,
KR6q0448,聚雲吹萬真禪師語錄,3,63576,17114,,,
KR6q0449,吹萬禪師語錄,20,435723,113034,,,
KR6q0450,慶忠鐵壁機禪師語錄,3,60709,15895,,,
KR6q0451,慶忠鐵壁機禪師語錄,20,557271,152556,,,
KR6q0452,鐵眉三巴掌禪師語錄,1,20273,5169,,,
KR6q0453,耳庵嵩禪師語錄,1,22660,6025,,,
KR6q0454,三山來禪師語錄,16,338662,89805,,,
KR6q0455,嘉興退菴斷愚智禪師語錄,2,66473,17577,,,
KR6q0456,普光坦菴禪師語錄,1,12100,3246,,,
KR6q0457,達變權禪師語錄,5,107846,29599,,,
KR6q0458,方融璽禪師語錄,3,138370,38833,,,
KR6q0459,明州天童景德禪寺宏智覺禪師語錄,4,106876,29466,,,
KR6q0460,千巖和尚語錄,1,159021,46114,,,
KR6q0461,興善南明廣禪師語錄,1,22829,5508,,,
KR6q0462,不會禪師語錄,10,191481,49697,,,
KR6q0463,神鼎雲外澤禪師語錄,15,410053,111824,,,
KR6q0464,壇溪梓舟船禪師語錄,3,139488,37978,,,
KR6q0465,虛舟省禪師語錄,4,148568,41510,,,
KR6q0466,益州嵩山野竹禪師後錄,8,208870,54971,,,
KR6q0467,兜率不磷堅禪師語錄,3,91355,24474,,,
KR6q0468,攖寧靜禪師語錄,6,263178,73891,,,
KR6q0469,自閒覺禪師語錄,8,136074,35574,,,
KR6q0470,憨予暹禪師語錄,6,104800,27610,,,
KR6q0471,雲溪俍亭挺禪師語錄,18,404532,111584,,,
KR6q0472,屾峰憲禪師語錄,10,147463,39296,,,
KR6q0473,三峰藏和尚語錄,16,489006,137820,,,
KR6q0474,朝宗禪師語錄,10,321221,91285,,,
KR6q0475,南嶽繼起和尚語錄,10,250979,71836,,,
KR6q0476,燮雲璣禪師國清無畏堂語錄,1,107896,31756,,,
KR6q0477,國清大庾韜禪師語錄,1,43655,12721,,,
KR6q0478,內紹種禪師語錄,2,102177,29529,,,
KR6q0479,象崖珽禪師語錄,4,86520,22617,,,
KR6q0480,雲腹智禪師語錄,2,54159,14939,,,
KR6q0481,雲叟住禪師語錄,2,108081,30191,,,
KR6q0482,天界覺浪盛禪師嘉禾語錄,1,50959,15175,,,
KR6q0483,青原愚者智禪師語錄,4,92959,25681,,,
KR6q0484,南海寶象林慧弓詗禪師語錄,6,176821,49090,,,
KR6q0485,寶持總禪師語錄,2,44822,10757,,,
KR6q0486,慧覺衣禪師語錄,3,82878,23285,,,
KR6q0487,佛語御禪師語錄,1,10932,2736,,,
KR6q0488,華嚴聖可禪師語錄,5,126479,35327,,,
KR6q0489,廣福山勝覺寺密印禪師語錄,12,301693,80001,,,
KR6q0490,蘇州竹庵衍禪師語錄,2,61560,14125,,,
KR6q0491,古林如禪師語錄,4,65766,16477,,,
KR6q0492,東山破峰重禪師語錄,2,54920,15069,,,
KR6q0493,雲幻宸禪師語錄,1,28228,7357,,,
KR6q0494,綠蘿恒秀林禪師語錄,2,63424,15861,,,
KR6q0495,奇然智禪師語錄,2,94807,26947,,,
KR6q0496,秀野林禪師語錄,3,149652,42138,,,
KR6q0497,智覃正禪師語錄,1,28265,7803,,,
KR6q0498,百愚禪師語錄,20,585305,155076,,,
KR6q0499,觀濤奇禪師語錄,6,194428,50525,,,
KR6q0500,文穆念禪師語錄,5,95800,26182,,,
KR6q0501,佛古聞禪師語錄,4,71825,19108,,,
KR6q0502,石璞質禪師語錄,2,47844,13323,,,
KR6q0503,大方禪師語錄,6,138537,34938,,,
KR6q0504,寂光豁禪師語錄,6,134296,34466,,,
KR6q0505,天台通玄寺獨朗禪師語錄,2,46588,12416,,,
KR6q0506,蔗菴範禪師語錄,30,782180,211899,,,
KR6q0507,草堂耨雲實禪師語錄,2,43601,11309,,,
KR6q0508,佛冤禪師語錄,12,286307,76376,,,
KR6q0509,印心佛敏訥禪師語錄,2,51186,13699,,,
KR6q0510,憨休禪師語錄,12,220242,59765,,,
KR6q0511,遠菴僼禪師語錄,16,390604,108892,,,
KR6q0512,古宿尊禪師語錄,6,181739,48355,,,
KR6q0513,神鼎一揆禪師語錄,12,307452,84582,,,
KR6q0514,洪山俞昭允汾禪師語錄,6,134263,33328,,,
KR6q0515,北京楚林禪師語錄,6,108520,29064,,,
KR6q0516,長目電禪師語錄,2,35777,9173,,,
KR6q0517,寒松操禪師語錄,20,486518,129435,,,
KR6q0518,華巖還初佛禪師語錄,2,60212,16188,,,
KR6q0519,翼菴禪師語錄,8,218295,59398,,,
KR6q0520,荊南內護國寺啟真誠禪師語錄,4,66593,16339,,,
KR6q0521,終南山蟠龍子肅禪師語錄,1,59627,16841,,,
KR6q0522,鶴林天樹植禪師語錄,1,49526,14746,,,
KR6q0523,知空蘊禪師語錄,2,54730,15140,,,
KR6q0524,浦峰長明炅禪師語錄,1,50672,13585,,,
KR6q0525,浦峰法柱棟禪師語錄,2,49635,12507,,,
KR6q0526,廬山天然禪師語錄,12,503678,122552,,,
KR6q0527,千山剩人禪師語錄,6,262866,63581,,,
KR6q0528,海幢阿字無禪師語錄,2,156856,46836,,,
KR6q0529,丹霞澹歸禪師語錄,3,162922,46854,,,
KR6q0530,蓮峰禪師語錄,10,357039,96191,,,
KR6q0531,德風禪師般若語錄,6,50241,10810,,,
KR6q0532,三塔主峰禪師語錄,1,42482,11916,,,
KR6q0533,黃蓮東巖禪師語錄,1,51578,14137,,,
KR6q0534,山鐸真在禪師語錄,1,99498,29817,,,
KR6q0535,大悲妙雲禪師語錄,6,183907,50513,,,
KR6q0536,天則能禪師語錄,1,38649,10742,,,
KR6q0537,晦嶽旭禪師語錄,8,231135,66476,,,
KR6q0538,華嚴不厭樂禪師語錄,3,58324,15373,,,
KR6q0539,三峰半水元禪師語錄,1,13488,3167,,,
KR6q0540,鶴峰禪師語錄,2,59083,14112,,,
KR6q0541,林我禪師語錄,4,88109,22733,,,
KR6q0542,石關禪師語錄,1,71602,20461,,,
KR6q0543,香嚴禪師語錄,1,118772,34569,,,
KR6q0544,青城竹浪生禪師語錄,7,194209,51601,,,
KR6q0545,密行忍禪師語錄,3,70889,19657,,,
KR6q0546,盛京奉天般若古林禪師語錄,6,153262,40580,,,
KR6q0547,玉泉其白富禪師語錄,3,107985,29889,,,
KR6q0548,雲峰體宗寧禪師語錄,1,37348,8785,,,
KR6q0549,幻住明禪師語錄,2,55447,13197,,,
KR6q0550,純備德禪師語錄,2,54645,14433,,,
KR6q0551,法幢遠禪師語錄,1,17475,4133,,,
KR6q0552,伏獅義公禪師語錄,1,25992,6539,,,
KR6q0553,參同一揆禪師語錄,1,54828,15170,,,
KR6q0554,衡山禪師語錄,1,30954,8647,,,
KR6q0555,高峰喬松億禪師語錄,2,73022,20503,,,
KR6q0556,萬峰童真禪師語錄,6,173477,47301,,,
KR6q0557,大笑崇禪師語錄,3,55369,14741,,,
KR6q0558,玉眉亮禪師語錄,1,20016,5390,,,
KR6q0559,卓峰玨禪師語錄,1,22921,6261,,,
KR6q0560,靈隱文禪師語錄,3,79432,17949,,,
KR6q0561,東山梅溪度禪師語錄,10,238873,63889,,,
KR6q0562,靈機禪師語錄,6,174074,48620,,,
KR6q0563,祖亮啟禪師語錄,2,52241,14802,,,
KR6q0564,敏樹禪師語錄,10,186200,49067,,,
KR6q0565,赤松領禪師語錄,5,106630,27595,,,
KR6q0566,侶巖荷禪師語錄,7,146079,32071,,,
KR6q0567,元潔瑩禪師語錄,10,218933,60750,,,
KR6q0568,頻吉祥禪師語錄,15,456470,122341,,,
KR6q0569,通天逸叟高禪師語錄,1,15328,4521,,,
KR6q0570,通天澹崖原禪師語錄,2,34996,9471,,,
KR6q0571,白雲象林本真禪師語錄,1,23076,6535,,,
KR6q0572,香巖洗心水禪師語錄,2,62385,15795,,,
KR6q0573,灤州萬善暉州昊禪師語錄,6,91946,24130,,,
KR6q0574,性空臻禪師語錄,6,102868,27189,,,
KR6q0575,何一自禪師語錄,2,72210,19919,,,
KR6q0576,溈山古梅冽禪師語錄,2,127292,37382,,,
KR6q0577,華嚴起宗真禪師語錄,2,31435,7638,,,
KR6q0578,子雍如禪師語錄,4,65394,15198,,,
KR6q0579,山西柏山楷禪師語錄,5,161763,41019,,,
KR6q0580,善一純禪師語錄,3,102288,25622,,,
KR6q0581,善權位禪師語錄,2,38190,9921,,,
KR6q0582,天一悅禪師語錄,1,17952,4454,,,
KR6q0583,空谷道澄禪師語錄,20,394801,105617,,,
KR6q0584,大博乾禪師語錄,5,88554,24059,,,
KR6q0585,盤山朗空順禪師語錄,1,24560,6923,,,
KR6q0586,盤山了宗禪師語錄,4,83372,18068,,,
KR6q0587,逕庭宗禪師語錄,2,80011,23426,,,
KR6q0588,別牧純禪師語錄,1,41672,12509,,,
KR6q0589,天翼翔禪師語錄,2,57473,16464,,,
KR6q0590,雲山燕居申禪師語錄,8,171249,44771,,,
KR6q0591,昭覺竹峰續禪師語錄,6,187495,45536,,,
KR6q0592,竺峰敏禪師語錄,6,274648,71148,,,
KR6q0593,普門顯禪師語錄,2,40175,10586,,,
KR6q0594,鑑堂一禪師語錄,1,19046,4641,,,
KR6q0595,翠崖必禪師語錄,3,55434,14692,,,
KR6q0596,斗南暐禪師語錄,3,56792,14959,,,
KR6q0597,博山粟如瀚禪師語錄,6,133337,34532,,,
KR6q0598,萬峰和尚語錄,1,66884,16564,,,
KR6q0599,磬山牧亭樸夫拙禪師語錄,6,142497,39804,,,
KR6q0600,雨山和尚語錄,20,548470,132605,,,
KR6q0601,幻有傳禪師語錄,10,363041,102476,,,
KR6q0602,雪嶠信禪師語錄,10,319161,88430,,,
KR6q0603,天隱修禪師語錄,20,515624,141526,,,
KR6q0604,密雲悟禪師語錄,10,325107,90346,,,
KR6q0605,大覺普濟能仁琇國師語錄,7,258115,72336,,,
KR6q0606,明道正覺森禪師語錄,3,100653,28356,,,
KR6q0607,弘覺忞禪師語錄,20,490521,134728,,,
KR6q0608,山茨際禪師語錄,4,132403,34942,,,
KR6q0609,明覺聰禪師語錄,20,482820,132035,,,
KR6r0001,撰集三藏及雜藏傳,1,14839,3284,,,
KR6r0002,迦葉結經,1,13923,3245,,,
KR6r0003,迦丁比丘說當來變經,1,13983,3650,,,
KR6r0004,佛使比丘迦旃延說法沒盡偈百二十章,1,10560,2354,,,
KR6r0005,大阿羅漢難提蜜多羅所說法住記,1,11543,2768,,,
KR6r0006,十六大羅漢因果識見頌,1,20053,4882,,,
KR6r0007,異部宗輪論,1,12986,3141,,,
KR6r0008,異部宗輪論疏述記,1,94954,27418,,,
KR6r0009,十八部論,1,13358,3259,,,
KR6r0010,部執異論,1,15600,3834,,,
KR6r0011,歷代三寶紀,15,432123,112158,,,
KR6r0012,佛祖統紀,54,1708352,442484,,,
KR6r0013,佛祖歷代通載,22,1340614,350271,釋念常,元,撰
KR6r0014,釋氏稽古略,4,839077,222088,釋覺岸,元,撰
KR6r0015,釋鑑稽古略續集,3,255807,66804,,,
KR6r0016,三國遺事,5,342362,88690,,,
KR6r0017,隆興編年通論,29,743915,189854,,,
KR6r0018,釋門正統,8,554577,143731,,,
KR6r0019,續佛祖統紀,2,73758,19237,,,
KR6r0020,釋氏通鑑,12,657548,165816,,,
KR6r0021,歷朝釋氏資鑑,12,622639,158468,,,
KR6r0022,(古今圖書集成)釋教部彙考,7,313493,81508,,,
KR6r0023,西藏剌麻溯源,1,5001,935,,,
KR6r0024,東國僧尼錄,1,61619,15807,,,
KR6r0025,釋迦譜,5,434828,115700,,,
KR6r0026,釋迦氏譜,1,70738,18837,,,
KR6r0027,釋迦如來成道記,1,412,0,,,
KR6r0028,釋迦如來成道記註,2,81765,19977,,,
KR6r0029,釋迦如來行蹟頌,2,188305,48284,,,
KR6r0030,釋迦如來應化錄,2,224238,60843,,,
KR6r0031,阿育王傳,7,165113,42877,,,
KR6r0032,阿育王經,10,191244,46281,,,
KR6r0033,天尊說阿育王譬喻經,1,10721,2524,,,
KR6r0034,阿育王息壞目因緣經,1,49964,11517,,,
KR6r0035,馬鳴菩薩傳,1,5014,1176,,,
KR6r0036,龍樹菩薩傳,1,7015,1613,,,
KR6r0037,龍樹菩薩傳,1,7391,1679,,,
KR6r0038,提婆菩薩傳,1,8983,2024,,,
KR6r0039,婆藪槃豆法師傳,1,16422,4172,,,
KR6r0040,隋天台智者大師別傳,1,35835,9682,,,
KR6r0041,唐護法沙門法琳別傳,3,81148,20558,,,
KR6r0042,大唐故三藏玄奘法師行狀,1,37439,9284,,,
KR6r0043,大唐大慈恩寺三藏法師傳,10,315937,78064,,,
KR6r0044,唐大薦福寺故寺主翻經大德法藏和尚傳,1,52763,14040,,,
KR6r0045,玄宗朝翻經三藏善無畏贈鴻臚卿行狀,1,12002,2607,,,
KR6r0046,大唐故大德贈司空大辨正廣智不空三藏行狀,1,13859,3138,,,
KR6r0047,大唐青龍寺三朝供奉大德行狀,1,7444,1616,,,
KR6r0048,玄奘三藏師資傳叢書,2,84515,21535,,,
KR6r0049,惠果和尚行狀,1,7100,1436,,,
KR6r0050,得依釋序文緣起,1,8326,1777,,,
KR6r0051,付法藏因緣傳,6,135784,34992,,,
KR6r0052,高僧傳,14,494792,128977,,,
KR6r0053,續高僧傳,30,1431415,377341,,,
KR6r0054,宋高僧傳,30,950130,248028,釋贊寧,唐,撰
KR6r0055,大明高僧傳,8,166691,42303,,,
KR6r0056,比丘尼傳,4,69365,17960,,,
KR6r0057,神僧傳,9,347178,90927,,,
KR6r0058,海東高僧傳,2,42479,10700,,,
KR6r0059,大唐西域求法高僧傳,2,58908,15114,,,
KR6r0060,大宋僧史略,3,122228,31828,,,
KR6r0061,新修科分六學僧傳,30,1459923,372291,,,
KR6r0062,名僧傳抄,1,71119,18122,,,
KR6r0063,補續高僧傳,26,925358,230778,,,
KR6r0064,武林西湖高僧事略,1,34112,8164,,,
KR6r0065,續武林西湖高僧事略,1,5970,1280,,,
KR6r0066,弘贊法華傳,10,195700,47129,,,
KR6r0067,法華傳記,10,255104,64144,,,
KR6r0068,天台九祖傳,1,38025,9740,,,
KR6r0069,智者大師別傳註,2,106574,26774,,,
KR6r0070,法華靈驗傳,2,92515,23732,,,
KR6r0071,法華經顯應錄,2,194016,50432,,,
KR6r0072,法華經持驗記,2,144020,36571,,,
KR6r0073,觀音經持驗記,2,92786,23222,,,
KR6r0074,往生西方淨土瑞應傳,1,21630,5205,,,
KR6r0075,淨土往生傳,3,98600,24983,,,
KR6r0076,往生集,3,123698,31024,,,
KR6r0077,東林十八高賢傳,1,43441,11399,,,
KR6r0078,新修往生傳,3,91732,22596,,,
KR6r0079,諸上善人詠,1,84576,20839,,,
KR6r0080,淨土聖賢錄,9,493478,125973,,,
KR6r0082,西舫彙征,2,185366,46982,,,
KR6r0083,修西聞見錄,7,130128,30791,,,
KR6r0084,華嚴經傳記,5,107364,26493,,,
KR6r0085,大方廣佛華嚴經感應傳,1,27663,6794,,,
KR6r0086,法界宗五祖略記,1,36214,9108,,,
KR6r0087,華嚴經感應略記,1,12857,3027,,,
KR6r0088,華嚴感應緣起傳,1,54861,13997,,,
KR6r0089,華嚴經持驗記,1,37786,9415,,,
KR6r0090,大光明藏,3,345426,90220,,,
KR6r0091,雪堂行拾遺錄,1,27694,6784,,,
KR6r0092,羅湖野錄,2,112479,29182,釋曉瑩,宋,撰
KR6r0093,雲臥紀譚,2,129457,33656,,,
KR6r0094,叢林盛事,2,113762,29143,,,
KR6r0095,人天寶鑑,1,116248,31129,,,
KR6r0096,枯崖漫錄,3,114688,28994,,,
KR6r0097,禪苑蒙求瑤林,3,234585,61458,,,
KR6r0098,禪苑蒙求拾遺,1,83389,21945,,,
KR6r0099,宗門統要正續集,20,691320,191606,,,
KR6r0100,傳法正宗記,9,277349,70579,,,
KR6r0101,傳法正宗定祖圖,1,24612,6073,,,
KR6r0102,傳法正宗論,2,56150,14779,,,
KR6r0103,佛祖綱目,41,1344413,336094,,,
KR6r0104,佛祖正傳古今捷錄,1,56010,13861,,,
KR6r0105,宗統編年,32,1164154,296333,,,
KR6r0106,南嶽單傳記,1,159993,41212,,,
KR6r0107,定應大師布袋和尚傳,2,31461,7678,,,
KR6r0108,曹溪大師別傳,1,27981,7013,,,
KR6r0109,永明道蹟,1,26323,6401,,,
KR6r0110,禪燈世譜,9,148546,28213,,,
KR6r0111,佛祖宗派世譜,1,9727,1602,,,
KR6r0112,緇門世譜,1,15119,3174,,,
KR6r0113,法門鋤究,1,42408,11224,,,
KR6r0114,朝鮮禪教考,1,29862,7370,,,
KR6r0115,兩部大法相承師資付法記,2,19885,4743,,,
KR6r0116,冥報記,3,78189,18810,,,
KR6r0117,釋門自鏡錄,2,125732,33039,,,
KR6r0118,三寶感應要略錄,3,154416,39596,,,
KR6r0119,高僧法顯傳,1,52485,13983,,,
KR6r0120,北魏僧惠生使西域記,1,3970,618,,,
KR6r0121,大唐西域記,12,421197,102578,,,
KR6r0122,釋迦方志,2,141200,37864,,,
KR6r0123,遊方記抄,1,105614,27696,,,
KR6r0124,釋迦牟尼如來像法滅盡之記,1,8848,1877,,,
KR6r0125,燉煌錄,1,3732,475,,,
KR6r0126,南海寄歸內法傳,4,153220,39171,,,
KR6r0127,洛陽伽藍記,5,170608,42956,,,
KR6r0128,寺塔記,1,7968,1898,,,
KR6r0129,梁京寺記,1,2216,300,,,
KR6r0130,廬山記,5,139302,35055,,,
KR6r0131,天台山記,1,19685,4974,,,
KR6r0132,南嶽總勝集,3,189365,48961,,,
KR6r0133,古清涼傳,2,45010,10938,,,
KR6r0134,廣清涼傳,3,139026,34788,,,
KR6r0135,續清涼傳,2,43983,10623,,,
KR6r0136,補陀洛迦山傳,1,26966,6791,,,
KR6r0137,弘明集,14,480517,124769,釋僧祐,梁,撰
KR6r0138,廣弘明集,30,1345907,352726,釋道宣,唐,撰
KR6r0139,集古今佛道論衡,4,175325,46450,,,
KR6r0140,續集古今佛道論衡,1,32915,8708,,,
KR6r0141,集沙門不應拜俗等事,6,166935,43834,,,
KR6r0142,破邪論,2,77673,20715,,,
KR6r0143,辯正論,8,331081,87644,,,
KR6r0144,十門辯惑論,3,45913,11280,,,
KR6r0145,甄正論,3,60390,15088,,,
KR6r0146,北山錄,10,440928,119155,,,
KR6r0147,護法論,1,53303,13798,,,
KR6r0148,鐔津文集,19,533559,138867,,,
KR6r0149,辯偽錄,5,158663,41469,,,
KR6r0150,三教平心論,2,69988,18279,,,
KR6r0151,折疑論,5,144769,37629,,,
KR6r0152,集神州三寶感通錄,3,160601,42192,,,
KR6r0153,道宣律師感通錄,1,39328,10247,,,
KR6r0154,寺沙門玄奘上表記,1,46156,11599,,,
KR6r0155,代宗朝贈司空大辨正廣智三藏和上表制集,6,149702,38018,,,
KR6r0156,釋氏蒙求,2,89249,22847,,,
KR6r0157,林間錄,2,161499,42029,釋惠洪,宋,撰
KR6r0158,林間錄後集,1,24291,6071,,,
KR6r0159,高僧摘要,4,373950,95803,,,
KR6r0160,緇門崇行錄,1,72496,18338,,,
KR6r0161,佛法金湯編,16,376902,94624,,,
KR6r0162,心性罪福因緣集,3,109340,28927,,,
KR6r0163,見聞錄,1,27393,6940,,,
KR6r0164,現果隨錄,4,100344,25559,,,
KR6r0165,兜率龜鏡集,3,127329,31879,,,
KR6r0166,觀音慈林集,3,175330,44592,,,
KR6r0167,六道集,5,392710,99966,,,
KR6r0168,冥報記輯書,7,67590,16003,,,
KR6r0169,名公法喜志,4,138682,34970,,,
KR6r0170,伯亭大師傳記總帙,1,27666,6790,,,
KR6r0171,重編諸天傳,2,77854,19719,,,
KR6r0172,佛祖心燈,1,7595,1259,,,
KR6r0173,宗教律諸宗演派,1,32461,6983,,,
KR6r0174,金剛般若經集驗記,3,92250,23165,,,
KR6r0175,金剛經鳩異,1,18024,4483,,,
KR6r0176,金剛經受持感應錄,2,63610,15742,,,
KR6r0177,金剛經感應傳,1,48687,12568,,,
KR6r0178,金剛經新異錄,1,35730,9155,,,
KR6r0179,金剛經靈驗傳,3,104781,26893,,,
KR6r0180,金剛經持驗記,2,152549,39403,,,
KR6r0181,金剛經感應分類輯要,1,31124,7581,,,
KR6r0182,地藏菩薩像靈驗記,1,43929,11176,,,
KR6r0183,(古今圖書集成)神異典二氏部彙考,2,86554,21951,,,
KR6r0184,(古今圖書集成)神異典釋教部紀事,2,120610,30931,,,
KR6r0185,居士傳,56,572941,134037,,,
KR6r0186,善女人傳,2,108184,27140,,,
KR6s0001,經律異相,50,1393952,359405,,,
KR6s0002,法苑珠林,100,3844208,992121,釋道世,唐,撰
KR6s0003,諸經要集,20,991030,252821,,,
KR6s0004,法門名義集,1,50368,12846,,,
KR6s0005,釋氏要覽,3,269965,70543,,,
KR6s0006,大藏一覽,10,855482,211063,,,
KR6s0008,教乘法數（選錄序文）,1,2521,480,,,
KR6s0009,重訂教乘法數（選錄序文）,1,4432,963,,,
KR6s0010,一切經音義,25,929786,237580,,,
KR6s0011,新譯大方廣佛華嚴經音義,2,138714,38274,,,
KR6s0012,新譯大方廣佛華嚴經音義,2,136325,37716,,,
KR6s0013,一切經音義,100,3614675,1006921,,,
KR6s0014,續一切經音義,10,310630,89181,,,
KR6s0015,新集藏經音義隨函錄,30,4519358,1070001,,,
KR6s0016,紹興重雕大藏音,3,167546,30859,,,
KR6s0017,北京五大部直音會韻,2,238980,54753,,,
KR6s0018,翻梵語,10,293676,72847,,,
KR6s0019,翻譯名義集,7,705667,183334,,,
KR6s0020,悉曇字記,1,18103,4278,,,
KR6s0021,梵語千字文,1,11406,2382,,,
KR6s0022,梵語千字文,1,34923,8612,,,
KR6s0023,唐梵文字,1,9679,1174,,,
KR6s0024,梵語雜名,1,28932,7028,,,
KR6s0025,唐梵兩語雙對集,1,19013,3767,,,
KR6s0026,大乘經纂要義,1,6159,1289,,,
KR6s0027,大乘二十二問本,1,45357,12219,,,
KR6s0028,諸經要抄,1,24795,6398,,,
KR6s0029,菩薩藏修道眾經抄卷第十二,1,36982,9768,,,
KR6s0030,諸經要略文,1,5666,1280,,,
KR6s0031,大乘要語,1,5666,1414,,,
KR6s0032,真言要決卷第一．第三,2,52493,13712,,,
KR6s0033,大佛略懺,1,6166,1464,,,
KR6s0034,印沙佛文,1,3151,353,,,
KR6s0035,大悲啟請,1,4263,977,,,
KR6s0036,文殊師利菩薩無相十禮,1,3219,391,,,
KR6s0037,押座文類,1,7628,1511,,,
KR6s0038,祈願文,1,1609,32,,,
KR6s0039,祈願文,1,1469,0,,,
KR6s0040,迴向文,1,3573,505,,,
KR6s0041,大乘四齋日,1,1773,76,,,
KR6s0042,地藏菩薩十齋日,1,1337,8,,,
KR6s0043,和菩薩戒文,1,3290,388,,,
KR6s0044,入布薩堂說偈文等,1,1766,160,,,
KR6s0045,布薩文等,1,10587,2482,,,
KR6s0046,禮懺文,1,5306,1196,,,
KR6s0047,禮懺文,1,6771,1691,,,
KR6s0048,禮懺文,1,2998,501,,,
KR6s0050,大目乾連冥間救母變文并圖,1,35019,8941,,,
KR6s0051,惠遠外傳,1,30357,7938,,,
KR6s0052,府君存惠傳,1,3821,577,,,
KR6s0053,泉州千佛新著諸祖師頌,1,9157,1550,,,
KR6s0055,王梵志詩集,1,5812,1139,,,
KR6s0056,進旨,1,1920,329,,,
KR6s0057,御製蓮華心輪迴文偈頌,25,618148,119408,,,
KR6s0058,御製秘藏詮,30,1021932,225927,,,
KR6s0059,御製逍遙詠,11,273078,54334,,,
KR6s0060,御製緣識,5,74800,16632,,,
KR6s0061,御製佛賦,2,52503,14383,,,
KR6s0062,御製詮源歌,1,15568,3803,,,
KR6s0063,大明太宗文皇帝御製序讚文,1,13031,3322,,,
KR6s0064,諸佛世尊如來菩薩尊者神僧名經,40,1209930,323485,,,
KR6s0065,諸佛世尊如來菩薩尊者名稱歌曲,51,1687284,360454,,,
KR6s0066,大明太宗文皇帝御製文殊讚,1,2017,168,,,
KR6s0067,御製釋迦牟尼佛讚,1,2027,168,,,
KR6s0068,御製揀魔辨異錄,8,356630,93498,,,
KR6s0069,御選語錄,19,1113966,274140,,,
KR6s0070,御錄宗鏡大綱,20,537672,155399,,,
KR6s0071,御錄經海一滴,20,684289,196946,,,
KR6s0072,金七十論,3,92910,23011,,,
KR6s0073,勝宗十句義論,1,17672,4730,,,
KR6s0074,老子化胡經,2,22772,5296,,,
KR6s0075,莊子內篇註,4,201597,59387,,,
KR6s0076,高上玉皇本行集經髓,1,5680,1248,,,
KR6s0077,無上玉皇心印經,1,2663,437,,,
KR6s0078,摩尼教下部讚,1,43289,10810,,,
KR6s0079,摩尼光佛教法儀略,1,6336,1356,,,
KR6s0080,波斯教殘經,1,28229,7073,,,
KR6s0081,序聽迷詩所經,1,10939,2419,,,
KR6s0082,景教三威蒙度讚,1,3032,448,,,
KR6s0083,大秦景教流行中國碑頌,1,8113,1591,,,
KR6s0084,出三藏記集,15,527381,137718,,,
KR6s0085,眾經目錄,7,127446,31465,,,
KR6s0086,眾經目錄,5,105287,26427,,,
KR6s0087,眾經目錄,5,138136,34821,,,
KR6s0088,大唐內典錄,10,488506,127468,,,
KR6s0089,續大唐內典錄,1,21126,5448,,,
KR6s0090,古今譯經圖紀,4,108904,27613,,,
KR6s0091,續古今譯經圖紀,1,26128,7045,,,
KR6s0092,大周刊定眾經目錄,15,381761,96556,,,
KR6s0093,開元釋教錄,20,1162003,320840,釋智昇,唐,撰
KR6s0094,開元釋教錄略出,4,100585,26089,,,
KR6s0095,大唐開元釋教廣品歷章,17,569497,144859,,,
KR6s0096,大唐貞元續開元釋教錄,3,107373,28311,,,
KR6s0097,貞元新定釋教目錄,30,1237018,340247,,,
KR6s0098,續貞元釋教錄,1,25024,6560,,,
KR6s0099,天聖釋教總錄,2,44299,10602,,,
KR6s0100,大中祥符法寶錄,16,227091,59707,,,
KR6s0101,景祐新修法寶錄,14,104641,24867,,,
KR6s0102,大藏聖教法寶標目,10,302014,75802,,,
KR6s0103,大明重刊三藏聖教目錄,3,75002,17049,,,
KR6s0104,閱藏知津,44,1106796,263232,,,
KR6s0105,傳教大師將來台州錄,1,14951,3240,,,
KR6s0106,傳教大師將來越州錄,1,8476,1720,,,
KR6s0107,御請來目錄,1,24195,5804,,,
KR6s0108,根本大和尚真跡策子等目錄,1,11795,2610,,,
KR6s0109,常曉和尚請來目錄,1,12808,2910,,,
KR6s0110,靈巖寺和尚請來法門道具等目錄,1,9963,2145,,,
KR6s0111,日本國承和五年入唐求法目錄,1,10335,2216,,,
KR6s0112,慈覺大師在唐送進錄,1,9013,1871,,,
KR6s0113,入唐新求聖教目錄,1,38808,9350,,,
KR6s0114,惠運禪師將來教法目錄,1,5217,830,,,
KR6s0115,惠運律師書目錄,1,11481,2514,,,
KR6s0116,開元寺求得經疏記等目錄,1,2842,373,,,
KR6s0117,福州溫州台州求得經律論疏記外書等目錄,1,12424,2635,,,
KR6s0118,青龍寺求法目錄,1,6919,1463,,,
KR6s0119,日本比丘圓珍入唐求法目錄,1,17794,3733,,,
KR6s0120,智證大師請來目錄,1,26009,5761,,,
KR6s0121,新書寫請來法門等目錄,1,18034,4336,,,
KR6s0122,禪林寺宗叡僧正目錄,1,1828,96,,,
KR6s0123,錄外經等目錄,1,5635,1072,,,
KR6s0124,諸阿闍梨真言密教部類總錄,2,94751,24006,,,
KR6s0125,華嚴宗章疏并因明錄,1,11056,2157,,,
KR6s0126,天台宗章疏,1,7657,1348,,,
KR6s0127,三論宗章疏,1,3943,590,,,
KR6s0128,法相宗章疏,1,8215,1484,,,
KR6s0129,注進法相宗章疏,1,16007,3100,,,
KR6s0130,律宗章疏,1,3719,612,,,
KR6s0131,東域傳燈目錄,1,83130,19075,,,
KR6s0132,新編諸宗教藏總錄,3,44917,10050,,,
KR6s0133,高麗國新雕大藏校正別錄,30,686199,186675,,,
KR6u0001,護身命經,1,6585,1322,,,
KR6u0002,護身命經,1,4703,782,,,
KR6u0003,慈仁問八十種好經,1,7043,1740,,,
KR6u0004,決罪福經,2,28884,7437,,,
KR6u0005,妙好寶車經,1,10043,2447,,,
KR6u0006,像法決疑經,1,16210,4143,,,
KR6u0007,大通方廣懺悔滅罪莊嚴成佛經,3,103659,23704,,,
KR6u0008,妙法蓮華經廣量天地品第二十九,1,2129,181,,,
KR6u0009,首羅比丘經,1,14878,3792,,,
KR6u0010,小法滅盡經,1,3022,620,,,
KR6u0011,大方廣華嚴十惡品經,1,8598,1993,,,
KR6u0012,天公經,1,1345,0,,,
KR6u0013,如來在金棺囑累清淨莊嚴敬福經,1,900,0,,,
KR6u0014,救疾經,1,6670,1528,,,
KR6u0015,普賢菩薩說證明經,1,29259,7628,,,
KR6u0016,究竟大悲經卷第二．三．四,3,59265,15031,,,
KR6u0017,善惡因果經,1,16221,3985,,,
KR6u0018,呪魅經,1,6741,1331,,,
KR6u0019,法王經,1,31093,7600,,,
KR6u0020,大威儀請問,1,733,0,,,
KR6u0021,佛性海藏智慧解脫破心相經,2,56948,14178,,,
KR6u0022,佛為心王菩薩說投陀經卷上,1,14240,3749,,,
KR6u0023,父母恩重經,1,4012,819,,,
KR6u0024,延壽命經,1,3900,869,,,
KR6u0025,續命經,1,1168,0,,,
KR6u0026,如來成道經,1,2314,397,,,
KR6u0027,山海慧菩薩經,1,21938,5469,,,
KR6u0028,現報當受經,1,5793,1252,,,
KR6u0029,大辯邪正經,1,12878,3272,,,
KR6u0030,三廚經,1,7424,1585,,,
KR6u0031,要行捨身經,1,6003,1434,,,
KR6u0032,示所犯者瑜伽法鏡經,1,31832,7914,,,
KR6u0033,天地八陽神呪經,1,14297,3323,,,
KR6u0034,高王觀世音經,1,3174,309,,,
KR6u0035,妙法蓮華經馬明菩薩品第三十,1,29536,7676,,,
KR6u0036,齋法清淨經,1,3327,391,,,
KR6u0037,法句經,1,17590,4191,,,
KR6u0038,法句經疏,1,50163,13251,,,
KR6u0039,無量大慈教經,1,5160,960,,,
KR6u0040,七千佛神符經,1,4360,623,,,
KR6u0041,現在十方千五百佛名並雜佛同號,1,14042,3545,,,
KR6u0042,三萬佛同根本神祕之印並法龍種上尊王佛法,1,16250,2713,,,
KR6u0043,普賢菩薩行願王經,1,6780,1450,,,
KR6u0044,大方廣佛華嚴經普賢菩薩行願王品,1,6936,1499,,,
KR6u0045,地藏菩薩經,1,1460,181,,,
KR6u0046,金有陀羅尼經,1,5156,1083,,,
KR6u0047,讚僧功德經,1,7781,1539,,,
KR6u0048,無常三啟經,1,4592,1000,,,
KR6u0049,七女觀經,1,3351,451,,,
KR6u0050,觀經,1,10069,2418,,,
KR6u0051,救諸眾生一切苦難經,1,1337,0,,,
KR6u0052,勸善經,1,1271,0,,,
KR6u0053,新菩薩經,1,1211,124,,,
KR6u0054,新菩薩經,1,1183,0,,,
KR6u0055,釋家觀化還愚經,1,2661,185,,,
KR6u0056,佛母經,1,2619,331,,,
KR6u0057,僧伽和尚欲入涅槃說六度經,1,3035,635,,,
KR6v0002,天竺國菩提達摩禪師論,1,12384,2516,,,
KR6v0003,禪策問答,1,9957,1960,,,
KR6v0004,息諍論,1,10622,2017,,,
KR6v0005,八種粗重犯墮,1,5851,1061,,,
KR6v0006,天請問經疏,1,55684,13345,,,
KR6v0007,《行事鈔》中分門圖錄,1,69277,11552,,,
KR6v0008,《阿毗達磨俱舍論實義疏》,1,131371,32335,,,
KR6v0009,佛為心王菩薩說頭陀經（附註疏）,1,95373,22230,,,
KR6v0010,佛說孝順子修行成佛經,1,14263,3108,,,
KR6v0011,最妙勝定經,1,18060,4005,,,
KR6v0012,佛說水月光觀音菩薩經,1,7859,1672,,,
KR6v0013,佛說金剛經纂,1,6918,1166,,,
KR6v0014,大方廣華嚴十惡品經,1,11693,2511,,,
KR6v0015,天公經,1,4066,488,,,
KR6v0016,佛說天公經,1,1486,136,,,
KR6v0017,天公經,1,1914,258,,,
KR6v0018,大般涅槃摩耶夫人品經,1,8592,1587,,,
KR6v0019,大般涅槃經佛母品,1,3602,765,,,
KR6v0020,大般涅槃經佛母品,1,3544,587,,,
KR6v0021,大般涅槃經佛為摩耶夫人說偈品經,1,2890,589,,,
KR6v0022,關於《禪藏》與敦煌禪籍的若干問題,1,61569,15278,,,
KR6v0023,七祖法寶記下卷,1,31568,6888,,,
KR6v0024,天竺國菩提達摩禪師論,1,6561,1183,,,
KR6v0025,天竺國菩提達摩禪師論,1,6809,1475,,,
KR6v0026,淨名經集解關中疏卷上,1,179031,42263,,,
KR6v0027,法華經文外義,1,119135,30547,,,
KR6v0028,諦義證得經,1,192025,37649,,,
KR6v0029,《瑜伽師地論》披尋記敘,1,8791,1631,,,
KR6v0030,菩薩總持法,1,33864,8279,,,
KR6v0031,大乘起世論,1,18476,4015,,,
KR6v0032,淨名經集解關中疏卷下,1,189252,45538,,,
KR6v0033,因緣心論頌,1,2754,160,,,
KR6v0034,因緣心論釋,1,6574,1116,,,
KR6v0035,因緣心釋論開決記,1,33867,8008,,,
KR6v0036,金剛般若經疏,1,140683,34504,,,
KR6v0037,瑜伽論卷第十四手記,1,63185,14902,,,
KR6v0038,佛說觀佛三昧海經本行品第八,1,12847,2712,,,
KR6v0039,佛說相好經,1,9701,2213,,,
KR6v0040,佛說觀佛三昧海藏經本行品第八,1,11505,2646,,,
KR6v0041,佛說相好經,1,10792,2605,,,
KR6v0042,觀佛三昧海經本行品第八,1,10925,2557,,,
KR6v0043,《金藏》新資料考,1,34381,8510,,,
KR6v0044,入菩薩行論廣解,10,487103,116893,,,
KR6v0045,大藏佛說守護大千國土經,1,2424,121,,,
KR6v0046,六道輪迴圖偈頌,1,1070,3,,,
KR6v0047,父母恩重經變經文偈頌,1,7363,1031,,,
KR6v0048,大方便佛報恩經變經文偈頌,1,12986,2888,,,
KR6v0049,三聖御制佛牙贊,1,2340,161,,,
KR6v0050,觀經變像經文偈頌,1,13562,2446,,,
KR6v0051,地獄變經文偈頌,1,22956,5278,,,
KR6v0052,佛性問答,1,45347,11375,,,
KR6v0053,大乘無盡藏法,1,11160,2497,,,
KR6v0054,佛在金棺上囑累經,1,7041,1247,,,
KR6v0055,如來在金棺囑累清淨莊嚴敬福經,1,23780,5856,,,
KR6v0056,傳善無畏所譯三部密教儀軌出處及年代考,1,58566,14621,,,
KR6v0057,小誦,1,14336,2113,,,
KR6v0058,即興自說,1,127375,30894,,,
KR6v0059,大隧道本生,1,55351,8321,,,
KR6v0060,大念處經,1,37472,9358,,,
KR6v0061,瑜伽師地開釋分門記,1,190034,28551,,,
KR6v0062,天台教典入藏考,1,29673,7010,,,
KR6v0063,楞嚴解冤釋結道場儀,8,217448,49864,,,
KR6v0064,地藏慈悲救苦薦福利生道場儀,4,116809,25708,,,
KR6v0065,銷釋金剛經科儀,1,52511,11609,,,
KR6v0066,廣施無遮道場儀,1,16500,3476,,,
KR6v0067,大黑天神道場儀,1,14284,3021,,,
KR6v0068,進新譯大方廣佛花嚴經表,1,9463,1834,,,
KR6v0069,雲南阿吒力教經典及其在中國佛教研究中的價值,1,23502,5565,,,
KR6v0070,注心要法門,1,16507,3618,,,
KR6v0071,姚和上金剛五禮一本,1,8000,1450,,,
KR6v0072,金剛五禮,1,1462,98,,,
KR6v0073,金剛禮,1,7834,1241,,,
KR6v0074,護國司南抄,1,63173,15478,,,
KR6v0075,佛說消災延壽藥師灌頂章句儀,6,119764,25344,,,
KR6v0076,淨度三昧經,3,135050,32560,,,
KR6v0077,地藏菩薩十齋日,1,4974,733,,,
KR6v0078,地藏菩薩十齋日,1,1097,3,,,
KR6v0079,地藏菩薩十齋日,1,1158,18,,,
KR6v0080,地藏菩薩十齋日,1,1238,93,,,
KR6v0081,地藏菩薩十齋日,1,1790,232,,,
KR6v0082,地藏菩薩十齋日,1,1502,189,,,
KR6v0083,地藏菩薩十齋日,1,2176,319,,,
KR6v0084,地藏菩薩十齋日,1,18894,4543,,,
KR6v0085,寧夏西夏方塔出土漢文佛典敘錄,1,70828,16761,,,
KR6v0086,日本佛教目錄學的形成——以《東域傳燈錄》為中心,1,35009,8526,,,
KR6v0087,華嚴略疏卷第一,1,50870,12591,,,
KR6v0088,如來廣孝十種報恩道場儀,8,308588,72474,,,
KR6v0089,二曜金剛合璧,1,13381,2628,,,
KR6v0090,敦煌寺院所藏大藏經概貌,1,53606,13505,,,
KR6v0091,《慧琳音義》與唐代大藏經,1,32110,7198,,,
KR6v0092,佛性觀修善法,1,30695,7561,,,
KR6v0093,金剛經讚集,1,23652,4461,,,
KR6v0094,金剛經讚集（擬）,1,12125,2076,,,
KR6v0095,金剛經讚集（擬）,1,3017,360,,,
KR6v0096,金剛經注頌釋,1,25691,5547,,,
KR6v0097,金剛經頌（擬）,1,12382,2108,,,
KR6v0098,梁朝傳大士頌金剛經,1,35213,7482,,,
KR6v0099,梁朝傳大士頌金剛經,1,38686,8424,,,
KR6v0100,梁朝傳大士夾頌金剛經,1,39568,8335,,,
KR6v0101,寶髻大王菩薩本緣,1,152159,38000,,,
KR6v0102,寶髻本緣,1,33514,8340,,,
KR6v0103,三階教文獻綜述,1,26061,5774,,,
KR6v0104,關於江泌女子僧法誦出經,1,66687,16623,,,
KR1a0002,子夏易傳,12,237091,66449,卜商,周,撰
KR1a0003,周易鄭康成注,2,31819,8713,王應麟,宋,編
KR1a0004,增補鄭氏周易,5,51296,12880,惠棟,清,考補
KR1a0005,陸氏易解,2,17696,4320,姚士粦,明,輯
KR1a0006,周易,11,221947,65732,韓康伯,晉,註
KR1a0007,周易註疏,43,906539,267702,李清植,清,撰
KR1a0008,周易集解,18,462452,125975,李鼎祚,唐,撰
KR1a0009,周易口訣義,7,188006,52913,史徵,唐,撰
KR1a0010,周易舉正,4,38661,10662,郭京,唐,撰
KR1a0011,易數鈎隱圖,5,49748,13482,劉牧,宋,撰
KR1a0012,周易口義,14,782594,221871,倪天隱,宋,述
KR1a0013,溫公易說,7,146098,40183,司馬光,宋,撰
KR1a0014,橫渠易說,5,184894,51840,呂大臨,宋,撰
KR1a0015,東坡易傳,10,279463,78531,蘇軾,宋,撰
KR1a0016,伊川易傳,5,463838,130383,程頤,宋,撰
KR1a0017,易學辨惑,2,23768,6884,邵伯溫,宋,撰
KR1a0018,了齋易說,1,97288,28326,陳瓘,宋,撰
KR1a0019,吳園周易解,11,162982,43413,張根,宋,撰
KR1a0020,周易新講義,7,250125,70777,耿南仲,宋,撰
KR1a0021,紫巖易傳,12,520965,147988,張浚,宋,撰
KR1a0022,讀易詳說,11,376989,105812,李光,宋,撰
KR1a0023,易小傳,7,393783,109230,沈該,宋,撰
KR1a0024,漢上易傳,16,767531,217203,朱震,宋,撰
KR1a0025,周易窺餘,16,386211,108875,鄭剛中,宋,撰
KR1a0026,易璇璣,4,60279,17426,吳沆,宋,撰
KR1a0027,易變體義,13,329697,92983,都絜,宋,撰
KR1a0028,周易經傳集解,37,1032188,291418,林栗,宋,撰
KR1a0029,易原,9,175256,49769,程大昌,宋,撰
KR1a0031,原本周易本義,15,216693,62448,朱熹,宋,撰
KR1a0032,周易本義,5,226300,65561,成矩,明,編
KR1a0033,郭氏傳家易說,12,542297,153474,郭雍,宋,撰
KR1a0034,周易義海撮要,13,717962,201610,李衡,宋,撰
KR1a0035,南軒易說,4,106853,29898,張栻,宋,撰
KR1a0036,復齋易說,7,86842,22841,趙彥肅,宋,撰
KR1a0037,楊氏易傳,21,427043,120327,楊簡,宋,撰
KR1a0038,周易玩辭,17,430248,122783,項安世,宋,述
KR1a0039,趙氏易說,5,123858,36452,趙善譽,宋,撰
KR1a0040,誠齋易傳,21,505334,142838,楊萬里,宋,撰
KR1a0041,大易粹言,75,1529441,426419,方聞一,宋,編
KR1a0042,易圖說,4,36418,8655,吳仁傑,宋,撰
KR1a0043,古周易,2,49106,13879,呂祖謙,宋,編
KR1a0044,易傳燈,5,81816,23820,徐總幹,宋,撰
KR1a0045,易裨傳,3,50599,11544,林至,宋,撰
KR1a0046,"厚齋易學,厚齋易學:易外傳,厚齋易學:易輯注,厚齋易學:易輯傳",53,1509375,398893,馮椅,宋,撰
KR1a0047,童溪易傳,31,776705,220469,王宗傳,宋,撰
KR1a0048,周易總義,21,458290,119392,易祓,宋,撰
KR1a0049,西谿易說,13,293938,82159,李過,宋,撰
KR1a0050,丙子學易編,4,36612,10114,李心傳,宋,撰
KR1a0051,易通,7,221496,62500,趙以夫,宋,撰
KR1a0052,周易卦爻經傳訓解,3,177079,46124,蔡淵,宋,撰
KR1a0053,易象意言,2,30681,8884,蔡淵,宋,撰
KR1a0054,周易要義,22,353740,101732,魏了翁,宋,輯
KR1a0055,易翼傳,4,199643,55918,鄭汝諧,宋,撰
KR1a0056,文公易說,24,988022,278428,朱鑑,宋,編
KR1a0057,易學啟蒙小傳,5,35784,9214,稅與權,宋,撰
KR1a0058,周易輯聞,12,606790,168949,趙汝楳,宋,撰
KR1a0059,用易詳解,16,425288,119941,李杞,宋,撰
KR1a0060,淙山讀周易,23,631834,183037,方實孫,宋,撰
KR1a0061,周易傳義附錄,25,1280214,333206,董楷,宋,撰
KR1a0062,易學啟蒙通釋,4,197395,49455,胡方平,宋,撰
KR1a0063,三易備遺,12,107652,27311,朱元昇,宋,撰
KR1a0064,周易集說,41,758423,211805,俞琰,宋,撰
KR1a0065,讀易舉要,5,139695,40418,俞琰,宋,撰
KR1a0066,易象義,18,608992,171049,丁易東,宋,撰
KR1a0067,易圖通變,10,103510,29742,雷思齊,宋,撰
KR1a0068,讀易私言,2,14363,3849,許衡,元,撰
KR1a0069,易附錄纂註,16,660828,197798,胡一桂,元,撰
KR1a0070,周易啟蒙翼傳,5,409099,114677,胡一桂,元,撰
KR1a0071,易纂言,13,657602,195374,吳澄,元,撰
KR1a0072,易纂言外翼,9,182816,47966,吳澄,元,撰
KR1a0073,易源奧義,10,390017,112339,保巴,元,撰
KR1a0074,周易程朱傳義折衷,34,884033,243590,趙采,元,撰
KR1a0075,周易衍義,17,861378,245576,胡光大,元,續
KR1a0076,易學濫觴,2,29122,8449,黃澤,元,撰
KR1a0077,大易緝說,13,526094,147899,王申子,元,撰
KR1a0078,周易本義通釋,13,511265,142392,胡炳文,元,撰
KR1a0079,周易本義集成,13,805298,242895,熊良輔,元,撰
KR1a0080,大易象數鉤深圖,4,56833,12730,張理,元,撰
KR1a0081,學易記,10,599298,168575,李簡,元,撰
KR1a0082,周易集傳,9,305107,88169,龍仁夫,元,撰
KR1a0083,讀易考原,2,51668,13786,蕭漢中,元,撰
KR1a0084,易精蘊大義,12,413857,113619,解蒙,元,撰
KR1a0085,易學變通,7,134262,37825,曾貫,元,撰
KR1a0086,周易會通,17,2117080,641539,董真卿,元,撰
KR1a0087,周易圖說,4,40621,10865,錢義方,元,撰
KR1a0088,周易爻變易縕,9,377897,106439,陳應潤,元,撰
KR1a0089,周易參義,13,428799,120305,梁寅,元,撰
KR1a0090,周易文詮,5,434264,121924,趙汸,元,撰
KR1a0091,周易傳義大全,31,2046884,592944,胡廣,明,奉敕撰
KR1a0092,易經蒙引,13,1596622,445905,蔡清,明,撰
KR1a0093,讀易餘言,6,181154,50518,崔銑,明,撰
KR1a0094,啟蒙意見,7,118312,23023,韓邦奇,明,撰
KR1a0095,易經存疑,13,843676,236075,林希元,明,撰
KR1a0096,周易辯錄,5,269060,76406,楊爵,明,撰
KR1a0097,易像鈔,19,546582,153927,胡居仁,明,撰
KR1a0098,周易象旨決錄,8,449756,127106,熊過,明,撰
KR1a0099,易象鈎解,5,142773,39549,陳士元,明,撰
KR1a0100,周易集註,19,816157,221809,來知德,明,撰
KR1a0101,讀易紀聞,7,321030,95548,張獻翼,明,撰
KR1a0102,葉八白易傳,17,640686,182114,葉山,明,撰
KR1a0103,讀易述,18,1108144,311973,潘士藻,明,撰
KR1a0104,像象管見,10,526256,150286,錢一本,明,撰
KR1a0106,周易易簡說,4,170823,47698,高攀龍,明,撰
KR1a0107,易義古象通,9,364613,101880,魏濬,明,撰
KR1a0108,周易像象述,11,620604,176490,吳桂森,明,撰
KR1a0109,易用,7,190291,55857,陳祖念,明,撰
KR1a0110,易象正,17,922349,260331,黃道周,明,撰
KR1a0112,卦變考略,3,46255,12284,董守諭,明,撰
KR1a0113,古周易訂詁,18,1346469,400521,何楷,明,撰
KR1a0114,周易玩辭困學記,16,940571,264196,張次仲,明,撰
KR1a0115,易經通注,11,347189,96298,曹本榮,清,奉敕撰
KR1a0116,日講易經解義,19,1036156,293076,孫在豐,清,奉敕撰
KR1a0117,御纂周易折中,28,1691488,484451,李光地,清,奉敕撰
KR1a0118,御纂周易述義,11,440034,124214,傳恒,清,奉敕撰
KR1a0119,讀易大旨,6,272160,80719,孫奇逢,清,撰
KR1a0120,周易稗疏,6,61184,17478,王夫之,清,撰
KR1a0121,易酌,15,855670,241691,刁包,清,撰
KR1a0122,田間易學,13,994241,287350,錢澄之,清,撰
KR1a0123,易學象數論,7,227648,60784,黃宗羲,清,撰
KR1a0125,周易筮述,9,361779,97099,王弘撰,清,撰
KR1a0126,仲氏易,31,655995,183157,毛奇齡,清,撰
KR1a0127,推易始末,5,70969,17773,毛奇齡,清,撰
KR1a0128,春秋占筮書,4,57891,15767,毛奇齡,清,撰
KR1a0129,易小帖,6,122973,34650,毛奇齡,清,撰
KR1a0130,易俟,19,473992,131738,喬萊,清,撰
KR1a0131,讀易日鈔,9,513094,143629,張烈,清,撰
KR1a0132,周易通論,5,153618,45378,李光地,清,撰
KR1a0133,周易觀彖,13,345415,95795,李光地,清,撰
KR1a0134,周易淺述,10,631679,176795,楊道聲,清,撰
KR1a0135,易原就正,13,547318,153396,包儀,清,撰
KR1a0136,大易通解,17,1193153,338689,魏荔彤,清,撰
KR1a0137,易經衷論,3,117410,34647,張英,清,撰
KR1a0138,易圖明辨,11,358898,98586,胡渭,清,撰
KR1a0139,合訂刪補大易集義粹言,83,3270369,881621,納喇性德,清,編
KR1a0140,周易傳註,10,418859,118269,李塨,清,撰
KR1a0142,周易傳義合訂,13,519628,148374,朱軾,清,撰
KR1a0143,周易玩辭集解,11,803127,237346,查慎行,清,撰
KR1a0144,惠氏易說,7,179996,53254,惠士奇,清,撰
KR1a0148,易翼宗,7,332281,91566,,,
KR1a0150,周易孔義集說,21,1077372,298252,沈起元,清,撰
KR1a0151,易翼述信,13,664963,188357,王又樸,清,撰
KR1a0153,周易洗心,10,594575,174700,任啟運,清,撰
KR1a0154,豐川易說,11,504605,141844,王心敬,清,撰
KR1a0156,易漢學,9,141412,39320,惠棟,清,撰
KR1a0157,易例,3,97147,27548,惠棟,清,撰
KR1a0158,易象大意存解,2,52496,14915,任陳晉,清,撰
KR1a0162,周易章句證異,13,293717,79717,翟圴廉,清,撰
KR1a0163,乾坤鑿度,3,43012,11666,鄭玄,漢,註
KR1a0164,易緯稽覽圖,3,59804,16357,鄭玄,漢,註
KR1a0165,易緯辨終備,2,4151,1132,鄭玄,漢,註
KR1a0166,周易乾鑿度,3,51982,15523,鄭玄,漢,註
KR1a0167,易緯通卦驗,3,45765,13530,鄭玄,漢,註
KR1a0168,易緯乾元序制記,2,9990,2862,鄭玄,漢,註
KR1a0169,易緯是類謀,2,19764,5829,鄭玄,漢,註
KR1a0170,易緯坤靈圖,2,2571,674,鄭玄,漢,註
KR1b0002,尚書,14,341494,101328,,,
KR1b0003,尚書正義,20,945065,288362,,,
KR1b0004,尚書注疏,21,1411807,421482,陳浩,清,考證
KR1b0005,洪範口義,3,62849,17477,胡瑗,宋,撰
KR1b0006,書傳,21,290312,79531,蘇軾,宋,撰
KR1b0007,尚書全解,41,1757056,500217,林之奇,宋,撰
KR1b0008,禹貢指南,5,103029,28342,毛晃,宋,撰
KR1b0010,尚書講義,21,462994,132013,史浩,宋,撰
KR1b0011,夏氏尚書詳解,27,1209188,344241,夏僎,宋,撰
KR1b0012,禹貢說斷,5,252625,66841,傳寅,宋,撰
KR1b0013,增修東萊書說,36,668569,187761,時瀾,宋,增修
KR1b0014,尚書說,8,454435,138059,黃度,宋,撰
KR1b0015,五誥解,5,49020,13649,楊簡,宋,撰
KR1b0016,絜齋家塾書鈔,13,591465,168827,袁燮,宋,撰
KR1b0017,書經集傳,7,484828,146576,蔡沈,宋,撰
KR1b0018,尚書精義,51,1116974,315485,黃倫,宋,撰
KR1b0019,陳氏尚書詳解,51,931749,262755,陳經,宋,撰
KR1b0020,融堂書解,21,374405,105661,錢時,宋,撰
KR1b0021,洪範統一,3,22958,6247,趙善湘,宋,撰
KR1b0023,書集傳或問,3,190552,54214,陳大猷,宋,撰
KR1b0024,胡氏尚書詳解,14,320510,83883,胡士行,宋,撰
KR1b0025,尚書表注,3,95365,28023,金履祥,宋,撰
KR1b0026,書纂言,5,390398,109489,吳澄,元,撰
KR1b0027,書集傳纂疏,7,954314,288419,陳櫟,元,撰
KR1b0028,讀書叢說,7,145359,37957,許謙,元,撰
KR1b0029,書傳輯錄纂註,9,1185383,357459,董鼎,元,撰
KR1b0030,尚書通考,11,375775,103337,黃鎮成,元,撰
KR1b0031,書蔡氏傳旁通,7,414369,114711,陳師凱,元,撰
KR1b0032,讀書管見,3,123179,35297,王充耘,元,撰
KR1b0033,書義斷法,8,144766,40329,倪士毅,元,輯
KR1b0034,尚書纂傳,48,972808,282746,王天與,元,撰
KR1b0035,尚書句解,14,369989,107096,朱祖義,元,撰
KR1b0036,書傳會選,7,663893,200525,劉三吾,明,奉敕撰
KR1b0037,書經大全,11,1289981,371874,胡廣,明,奉敕撰
KR1b0038,尚書考異,6,188467,53756,梅鷟,明,撰
KR1b0039,尚書疑義,7,250600,71010,馬明衡,明,撰
KR1b0040,尚書日記,17,961229,283972,王樵,明,撰
KR1b0041,尚書砭蔡編,2,41876,11558,袁仁,明,撰
KR1b0042,尚書注考,2,37244,10364,陳泰交,明,撰
KR1b0043,尚書疏衍,5,142664,39769,陳第,明,撰
KR1b0044,洪範明義,5,319144,92400,黃道周,明,撰
KR1b0045,日講書經解義,14,757253,215180,葉方藹,清,奉敕撰
KR1b0046,欽定書經傳說彙纂,24,1715283,493791,王頊齡,清,奉敕撰
KR1b0047,尚書稗疏,5,260710,76792,王夫之,清,撰
KR1b0048,尚書古文疏證,10,879211,251937,閻詠,清,輯
KR1b0050,尚書廣聽錄,6,111356,32738,毛奇齡,清,撰
KR1b0051,尚書埤傳,17,617076,172904,朱鶴齡,清,撰
KR1b0052,禹貢長箋,13,480122,135722,朱鶴齡,清,撰
KR1b0054,洪範正論,6,203863,54891,胡渭,清,撰
KR1b0055,尚書七篇解義,3,82516,22235,李光地,清,撰
KR1b0056,書經衷論,5,147548,43221,張英,清,撰
KR1b0057,尚書地理今釋,2,62744,17119,蔣廷錫,清,撰
KR1b0058,禹貢會箋,13,255828,71004,徐文靖,清,撰
KR1b0059,尚書大傳,5,192760,56853,孫之騄,清,輯
KR1b0060,書義矜式,7,288216,81424,王充耘,元,撰
KR1c0002,毛詩,20,657662,195680,,,
KR1c0003,詩序,3,73061,19927,朱熹,宋,辨說
KR1c0004,毛詩注疏,32,3275219,987648,勵宗萬,清,撰
KR1c0005,毛詩草木鳥獸蟲魚疏,3,33801,9191,陸璣,吳,撰
KR1c0006,陸氏詩疏廣要,3,302876,85068,毛晉,明,廣要
KR1c0007,毛詩指說,2,21254,6054,成伯璵,唐,撰
KR1c0008,詩本義,16,234297,68637,歐陽修,宋,補亡
KR1c0009,詩集傳,21,550025,152643,,,
KR1c0010,詩集傳,20,390136,107849,蘇轍,宋,撰
KR1c0011,毛詩名物解,21,141040,39189,蔡卞,宋,撰
KR1c0012,毛詩李黃集解,43,1695284,482540,黃櫄,宋,撰
KR1c0013,詩補傳,31,861688,241754,范處義,宋,撰
KR1c0014,詩總聞,21,498470,131854,王質,宋,撰
KR1c0015,詩經集傳,9,529445,153585,朱熹,宋,撰
KR1c0016,慈湖詩傳,21,669372,191247,楊簡,宋,撰
KR1c0017,呂氏家塾讀詩記,33,1100272,306398,呂祖謙,宋,撰
KR1c0019,絜齋毛詩經筵講義,5,79908,23152,袁燮,宋,撰
KR1c0020,毛詩講義,13,460309,130949,林岊,宋,撰
KR1c0021,詩童子問,10,454061,131362,輔廣,宋,撰
KR1c0022,段氏毛詩集解,31,1039854,291980,段昌武,宋,撰
KR1c0023,詩緝,37,1284358,362954,嚴粲,宋,撰
KR1c0024,詩傳遺說,7,199077,57150,朱鑑,宋,編
KR1c0025,詩攷,2,76559,20010,王應麟,宋,撰
KR1c0026,詩地理攷,7,195796,55580,王應麟,宋,撰
KR1c0027,詩集傳名物鈔,9,514340,131546,許謙,元,撰
KR1c0028,詩傳通釋,21,1417172,396186,劉瑾,元,撰
KR1c0029,詩傳旁通,16,340667,91651,梁益,元,撰
KR1c0030,詩經疏義會通,23,1316908,361863,朱公遷,元,撰
KR1c0031,詩經疑問,9,79833,21744,趙德,宋,撰
KR1c0032,詩纘緒,19,413740,117159,劉玉汝,元,撰
KR1c0033,詩演義,16,339632,94428,梁寅,元,撰
KR1c0034,詩解頤,6,215300,61745,朱善,明,撰
KR1c0035,詩傳大全,21,1514540,426419,胡廣,明,奉敕撰
KR1c0036,詩說解頤,41,975356,268354,季本,明,撰
KR1c0037,讀詩私記,6,80929,23398,李先芳,明,撰
KR1c0038,詩故,11,138687,38798,朱謀㙔,明,撰
KR1c0039,六家詩名物疏,59,1065014,289615,馮復京,明,撰
KR1c0040,重訂詩經疑問,13,627475,175345,姚舜牧,明,撰
KR1c0041,詩經世本古義,30,3402797,1025872,何楷,明,撰
KR1c0042,待軒詩記,9,1099469,321451,張次仲,明,撰
KR1c0043,讀詩略記,7,428169,120225,朱朝瑛,明,撰
KR1c0044,欽定詩經傳說彙纂,26,2474325,698700,王鴻緒,清,奉敕撰
KR1c0045,御纂詩義折中,21,754998,205814,傳恒,清,奉敕撰
KR1c0046,田間詩學,13,1169297,338714,錢澄之,清,撰
KR1c0047,詩經稗疏,5,256191,75064,王夫之,清,撰
KR1c0048,詩經通義,13,872210,251185,朱鶴齡,清,撰
KR1c0049,毛詩稽古編,32,1048377,304694,陳啟源,清,撰
KR1c0050,詩所,9,310135,85527,李光地,清,撰
KR1c0052,詩札,3,39645,11670,,,
KR1c0053,詩傳詩說駁義,6,79341,22653,毛奇齡,清,撰
KR1c0054,續詩傳鳥名卷,4,59632,16814,毛奇齡,清,撰
KR1c0055,詩識名解,16,463861,134214,姚炳,清,撰
KR1c0056,詩傳名物集覽,13,574631,168682,陳大章,清,撰
KR1c0057,詩說,4,63532,18470,惠周惕,清,撰
KR1c0058,詩經劄記,2,31193,9019,楊名時,清,撰
KR1c0059,讀詩質疑,32,1255967,337215,嚴虞惇,清,撰
KR1c0060,毛詩類釋,26,372414,99526,顧棟高,清,撰
KR1c0061,詩疑辨證,7,668963,198564,黃中松,清,撰
KR1c0062,三家詩拾遺,11,163662,42387,范家相,清,撰
KR1c0063,詩瀋,21,307761,88714,范家相,清,撰
KR1c0064,詩序補義,25,709526,196143,姜炳璋,清,撰
KR1c0065,虞東學詩,13,885221,251090,顧鎮,清,撰
KR1c0066,詩外傳,11,175872,50875,韓嬰,漢,撰
KR1d0002,周禮,13,624233,181627,,,
KR1d0003,周禮注疏,44,2591594,781549,吳紱,清,撰
KR1d0004,周官新義,18,354879,101176,鄭宗顏,宋,輯
KR1d0005,周禮詳解,41,1354369,399386,王昭禹,宋,撰
KR1d0006,周禮復古編,2,41386,11404,俞庭椿,宋,撰
KR1d0007,禮經會元,5,380465,113088,葉時,宋,撰
KR1d0008,太平經國書,12,153890,44872,鄭伯謙,宋,撰
KR1d0009,周官總義,31,832051,236035,易祓,宋,撰
KR1d0010,周禮訂義,82,2871776,802304,王與之,宋,撰
KR1d0011,考工記解,3,156636,42304,林希逸,宋,撰
KR1d0012,周禮句解,13,433964,121284,朱申,宋,撰
KR1d0013,周禮集說,14,1059565,298920,陳友仁,宋,增修
KR1d0014,周官集傳,17,459100,128935,毛應龍,元,撰
KR1d0016,周禮全經釋原,17,1158161,329648,柯尚遷,明,撰
KR1d0017,周禮註疏刪翼,31,1828799,520274,王志長,明,撰
KR1d0019,周禮述註,25,986346,271207,李光坡,清,撰
KR1d0020,周禮纂訓,22,865082,234957,李鍾倫,清,撰
KR1d0021,周官集注,13,699840,196585,方苞,清,撰
KR1d0022,禮說,15,610282,180755,惠士奇,清,撰
KR1d0023,周官祿田考,4,111213,31607,沈彤,清,撰
KR1d0024,周禮疑義舉要,8,147402,43030,江永,清,撰
KR1d0026,儀禮,17,463696,134135,,,
KR1d0027,儀禮疏,46,1274136,388759,,,
KR1d0028,儀禮注疏,18,2046723,618184,李清植,清,撰
KR1d0029,儀禮識誤,4,53312,14372,張淳,宋,撰
KR1d0030,儀禮集釋,31,803573,221115,李如圭,宋,撰
KR1d0031,儀禮釋宮,1,28206,7796,李如圭,宋,撰
KR1d0033,儀禮要義,51,1014885,291454,魏了翁,宋,撰
KR1d0034,儀禮逸經,3,50877,14063,吳澄,元,撰
KR1d0035,儀禮集說,18,1002020,274727,敖繼公,元,撰
KR1d0036,經禮補逸,11,185482,52789,汪克寬,元,撰
KR1d0038,儀禮鄭註句讀,20,742236,216569,張爾岐,清,撰
KR1d0039,儀禮商,4,82666,24165,萬斯大,清,撰
KR1d0040,儀禮述註,19,776043,213156,李光坡,清,撰
KR1d0041,儀禮析疑,18,532181,148533,方苞,清,撰
KR1d0042,儀禮章句,18,614814,172847,吳廷華,清,撰
KR1d0043,補饗禮,2,18163,4931,諸錦,清,輯
KR1d0044,禮經本義,18,777574,220522,蔡德晉,清,撰
KR1d0045,宮室考,3,67465,18554,任啟運,清,撰
KR1d0046,天子肆獻祼饋食禮,4,146735,39992,任啟運,清,撰
KR1d0047,儀禮釋宮增注,1,38541,10901,江永,清,撰
KR1d0048,儀禮小疏,8,177526,48972,沈彤,清,撰
KR1d0049,儀禮集編,44,2658199,729527,盛世佐,清,撰
KR1d0050,內外服制通釋,9,91821,17925,車垓,宋,撰
KR1d0051,讀禮通考,121,5443038,1565595,徐乾學,清,撰
KR1d0053,禮記註疏,65,3780535,1141770,齊召南,清,撰
KR1d0054,纂圖互註禮記,21,926720,275546,,,
KR1d0055,禮記要義,32,647112,186688,,,
KR1d0056,月令解,13,111783,30968,張虙,宋,撰
KR1d0057,禮記集說,161,6546142,1850286,衞湜,宋,撰
KR1d0058,"禮記纂言,原序",38,4383636,1295402,吳澄,元,撰
KR1d0059,陳氏禮記集說,11,1111742,335656,陳澔,元,撰
KR1d0060,禮記大全,31,1894297,546129,胡廣,明,奉敕撰
KR1d0061,禮記正義,9,273758,80983,,,
KR1d0062,月令明義,5,130335,37722,黃道周,明,撰
KR1d0063,表記集傳,4,316613,90601,黃道周,明,撰
KR1d0064,坊記集傳,4,270632,79180,黃道周,明,撰
KR1d0065,緇衣集傳,5,406571,121287,黃道周,明,撰
KR1d0066,儒行集傳,3,245832,72897,黃道周,明,撰
KR1d0067,日講禮記解義,65,1519199,429290,汪由敦,清,奉敕編
KR1d0068,欽定禮記義疏,83,4432277,1246071,高宗弘曆,清,敕撰
KR1d0069,深衣考,2,21231,5649,黃宗義,清,撰
KR1d0070,陳氏禮記集說補正,39,521176,146348,納喇性德,清,撰
KR1d0071,禮記述註,29,1271139,358061,李光坡,清,撰
KR1d0072,禮記析疑,48,495130,135783,方苞,清,撰
KR1d0073,檀弓疑問,2,24288,6813,邵泰衢,清,撰
KR1d0074,禮記訓義擇言,9,227981,64715,江永,清,撰
KR1d0075,深衣考誤,2,19746,5052,江永,清,撰
KR1d0076,大戴禮記,14,234336,64821,盧辯,北周,註
KR1d0077,夏小正戴氏傳,5,22090,5926,傳崧卿,宋,注
KR1d0078,三禮圖集注,21,309429,79272,聶崇義,宋,撰
KR1d0079,三禮圖,5,150487,41942,劉績,明,撰
KR1d0080,學禮質疑,3,99586,29103,萬斯大,清,撰
KR1d0081,讀禮志疑,7,185825,54787,陸隴其,清,撰
KR1d0082,郊社禘祫問,2,32429,9436,毛奇齡,清,撰
KR1d0083,參讀禮志疑,3,153654,44486,汪紱,清,撰
KR1d0084,禮書,150,1359776,376964,陳祥道,宋,撰
