source_file,title,KR_ID,EXTENT,SOURCE,author_index,person_name,DATES,DYNASTY,FUNCTION
skqs1.org,子夏易傳,KR1a0002,11 卷,"四庫全書 文淵閣版, V7.1, p1",1,卜商,-507 - -400,周,撰
skqs1.org,周易鄭康成註,KR1a0003,1 卷,"四庫全書 文淵閣版, V7.2, p129",1,鄭玄,127 - 200,漢,撰
skqs1.org,周易鄭康成註,KR1a0003,1 卷,"四庫全書 文淵閣版, V7.2, p129",2,王應麟,,宋,編
skqs1.org,增補鄭氏周易,KR1a0004,3 卷,"四庫全書 文淵閣版, V7.3, p147",1,鄭玄,127 - 200,漢,撰
skqs1.org,增補鄭氏周易,KR1a0004,3 卷,"四庫全書 文淵閣版, V7.3, p147",2,王應麟,,宋,輯
skqs1.org,增補鄭氏周易,KR1a0004,3 卷,"四庫全書 文淵閣版, V7.3, p147",3,惠棟,,清,考補
skqs1.org,陸氏易解,KR1a0005,1 卷,"四庫全書 文淵閣版, V7.4, p185",1,陸績,,吳,撰
skqs1.org,陸氏易解,KR1a0005,1 卷,"四庫全書 文淵閣版, V7.4, p185",2,姚士粦,,明,輯
skqs1.org,周易註,KR1a0006,10 卷,"四庫全書 文淵閣版, V7.5, p201",1,王弼,226 - 249,魏,註
skqs1.org,周易註,KR1a0006,10 卷,"四庫全書 文淵閣版, V7.5, p201",2,韓康伯,,晉,註
skqs1.org,周易註疏,KR1a0007,13 卷,"四庫全書 文淵閣版, V7.6, p283",1,王弼,226 - 249,魏,注
skqs1.org,周易註疏,KR1a0007,13 卷,"四庫全書 文淵閣版, V7.6, p283",2,韓康伯,,晉,注
skqs1.org,周易註疏,KR1a0007,13 卷,"四庫全書 文淵閣版, V7.6, p283",3,陸德明,,唐,音義
skqs1.org,周易註疏,KR1a0007,13 卷,"四庫全書 文淵閣版, V7.6, p283",4,孔穎達,,唐,疏
skqs1.org,周易註疏,KR1a0007,13 卷,"四庫全書 文淵閣版, V7.6, p283",5,王弼,226 - 249,魏,著
skqs1.org,周易註疏,KR1a0007,13 卷,"四庫全書 文淵閣版, V7.6, p283",6,邢璹,,唐,注
skqs1.org,周易註疏,KR1a0007,13 卷,"四庫全書 文淵閣版, V7.6, p283",7,朱良裘,,清,撰
skqs1.org,周易註疏,KR1a0007,13 卷,"四庫全書 文淵閣版, V7.6, p283",8,陳浩,,清,撰
skqs1.org,周易註疏,KR1a0007,13 卷,"四庫全書 文淵閣版, V7.6, p283",9,李清植,,清,撰
skqs1.org,周易集解,KR1a0008,17 卷,"四庫全書 文淵閣版, V7.7, p603",1,李鼎祚,,唐,撰
skqs1.org,周易口訣義,KR1a0009,6 卷,"四庫全書 文淵閣版, V8.1, p1",1,史徵,,唐,撰
skqs1.org,周易舉正,KR1a0010,3 卷,"四庫全書 文淵閣版, V8.2, p105",1,郭京,,唐,撰
skqs1.org,易數鈎隱圖,KR1a0011,3 卷,"四庫全書 文淵閣版, V8.3, p125",1,劉牧,1011 - 1064,宋,撰
skqs1.org,周易口義,KR1a0012,10 卷,"四庫全書 文淵閣版, V8.4, p169",1,胡瑗,993 - 1059,宋,撰
skqs1.org,周易口義,KR1a0012,10 卷,"四庫全書 文淵閣版, V8.4, p169",2,倪天隱,,宋,述
skqs1.org,溫公易說,KR1a0013,6 卷,"四庫全書 文淵閣版, V8.5, p565",1,司馬光,1019 - 1086,宋,撰
skqs1.org,橫渠易說,KR1a0014,3 卷,"四庫全書 文淵閣版, V8.6, p659",1,張載,1020 - 1077,宋,撰
skqs1.org,橫渠易說,KR1a0014,3 卷,"四庫全書 文淵閣版, V8.6, p659",2,呂大臨,,宋,撰
skqs1.org,東坡易傳,KR1a0015,9 卷,"四庫全書 文淵閣版, V9.1, p1",1,蘇軾,1036 - 1101,宋,撰
skqs1.org,伊川易傳,KR1a0016,4 卷,"四庫全書 文淵閣版, V9.2, p155",1,程頤,1033 - 1107,宋,撰
skqs1.org,易學辨惑,KR1a0017,1 卷,"四庫全書 文淵閣版, V9.3, p401",1,邵伯溫,1057 - 1134,宋,撰
skqs1.org,了齋易說,KR1a0018,1 卷,"四庫全書 文淵閣版, V9.4, p413",1,陳瓘,1062 - 1126,宋,撰
skqs1.org,吳園周易解,KR1a0019,9 卷,"四庫全書 文淵閣版, V9.5, p459",1,張根,1061 - 1120,宋,撰
skqs1.org,周易新講義,KR1a0020,6 卷,"四庫全書 文淵閣版, V9.6, p577",1,耿南仲,fl. 1112 - 1126,宋,撰
skqs1.org,紫巖易傳,KR1a0021,10 卷,"四庫全書 文淵閣版, V10.1, p1",1,張浚,d. 1164,宋,撰
skqs1.org,讀易詳說,KR1a0022,10 卷,"四庫全書 文淵閣版, V10.2, p263",1,李光,d. 1155,宋,撰
skqs1.org,易小傳,KR1a0023,6 卷,"四庫全書 文淵閣版, V10.3, p459",1,沈該,,宋,撰
skqs1.org,漢上易傳,KR1a0024,11 卷,"四庫全書 文淵閣版, V11.1, p1",1,朱震,1072 - 1138,宋,撰
skqs1.org,周易窺餘,KR1a0025,15 卷,"四庫全書 文淵閣版, V11.2, p395",1,鄭剛中,1088 - 1154,宋,撰
skqs1.org,易璇璣,KR1a0026,3 卷,"四庫全書 文淵閣版, V11.3, p597",1,吳沆,fl. 1146,宋,撰
skqs1.org,易變體義,KR1a0027,12 卷,"四庫全書 文淵閣版, V11.4, p627",1,都絜,,宋,撰
skqs1.org,周易經傳集解,KR1a0028,36 卷,"四庫全書 文淵閣版, V12.1, p1",1,林栗,,宋,撰
skqs1.org,易原,KR1a0029,8 卷,"四庫全書 文淵閣版, V12.2, p505",1,程大昌,1123 - 1195,宋,撰
skqs1.org,周易古占法,KR1a0030,1 卷,"四庫全書 文淵閣版, V12.3, p599",1,程迥,,宋,撰
skqs1.org,原本周易本義,KR1a0031,12 卷,"四庫全書 文淵閣版, V12.4, p625",1,朱熹,1130 - 1200,宋,撰
skqs1.org,別本周易本義,KR1a0032,4 卷,"四庫全書 文淵閣版, V12.5, p705",1,朱熹,1130 - 1200,宋,撰
skqs1.org,別本周易本義,KR1a0032,4 卷,"四庫全書 文淵閣版, V12.5, p705",2,成矩,,明,編
skqs1.org,郭氏傳家易說,KR1a0033,11 卷,"四庫全書 文淵閣版, V13.1, p1",1,郭雍,b. 1104,宋,撰
skqs1.org,周易義海撮要,KR1a0034,12 卷,"四庫全書 文淵閣版, V13.2, p275",1,李衡,1100 - 1178,宋,撰
skqs1.org,南軒易說,KR1a0035,3 卷,"四庫全書 文淵閣版, V13.3, p625",1,張栻,1133 - 1180,宋,撰
skqs1.org,復齋易說,KR1a0036,6 卷,"四庫全書 文淵閣版, V13.4, p681",1,趙彥肅,,宋,撰
skqs1.org,楊氏易傳,KR1a0037,20 卷,"四庫全書 文淵閣版, V14.1, p1",1,楊簡,1140 - 1225,宋,撰
skqs1.org,周易玩辭,KR1a0038,16 卷,"四庫全書 文淵閣版, V14.2, p215",1,項安世,1146 - 1208,宋,述
skqs1.org,趙氏易說,KR1a0039,4 卷,"四庫全書 文淵閣版, V14.3, p449",1,趙善譽,1143 - 1189,宋,撰
skqs1.org,誠齋易傳,KR1a0040,20 卷,"四庫全書 文淵閣版, V14.4, p513",1,楊萬里,1124 - 1206,宋,撰
skqs1.org,大易粹言,KR1a0041,73 卷,"四庫全書 文淵閣版, V15.1, p1",1,方聞一,,宋,編
skqs1.org,易圖說,KR1a0042,3 卷,"四庫全書 文淵閣版, V15.2, p753",1,吳仁傑,b. 1137,宋,撰
skqs1.org,古周易,KR1a0043,1 卷,"四庫全書 文淵閣版, V15.3, p779",1,呂祖謙,1137 - 1181,宋,編
skqs1.org,易傳燈,KR1a0044,4 卷,"四庫全書 文淵閣版, V15.4, p809",1,徐總幹,,宋,撰
skqs1.org,易裨傳,KR1a0045,2 卷,"四庫全書 文淵閣版, V15.5, p851",1,林至,,宋,撰
skqs1.org,厚齋易學,KR1a0046,50 卷,"四庫全書 文淵閣版, V16.1, p1",1,馮椅,fl. 1217,宋,撰
skqs1.org,童溪易傳,KR1a0047,30 卷,"四庫全書 文淵閣版, V17.1, p1",1,王宗傳,,宋,撰
skqs1.org,周易總義,KR1a0048,20 卷,"四庫全書 文淵閣版, V17.2, p379",1,易祓,,宋,撰
skqs1.org,西谿易說,KR1a0049,12 卷,"四庫全書 文淵閣版, V17.3, p621",1,李過,,宋,撰
skqs1.org,丙子學易編,KR1a0050,1 卷,"四庫全書 文淵閣版, V17.4, p775",1,李心傳,1166 - 1243,宋,撰
skqs1.org,易通,KR1a0051,6 卷,"四庫全書 文淵閣版, V17.5, p797",1,趙以夫,d. 1256,宋,撰
skqs1.org,周易赴爻經傳訓解,KR1a0052,2 卷,"四庫全書 文淵閣版, V18.1, p1",1,蔡淵,1148 - 1236,宋,撰
skqs1.org,易象意言,KR1a0053,1 卷,"四庫全書 文淵閣版, V18.2, p107",1,蔡淵,1148 - 1236,宋,撰
skqs1.org,周易要義,KR1a0054,10 卷,"四庫全書 文淵閣版, V18.3, p123",1,魏了翁,1178 - 1237,宋,輯
skqs1.org,易翼傳,KR1a0055,2 卷,"四庫全書 文淵閣版, V18.4, p303",1,鄭汝諧,fl. 1194,宋,撰
skqs1.org,文公易說,KR1a0056,23 卷,"四庫全書 文淵閣版, V18.5, p415",1,朱鑑,1190 - 1258,宋,編
skqs1.org,易學啟蒙小傳,KR1a0057,1 卷,"四庫全書 文淵閣版, V19.1, p1",1,稅與權,,宋,撰
skqs1.org,周易輯聞,KR1a0058,6 卷,"四庫全書 文淵閣版, V19.2, p25",1,趙汝楳,,宋,撰
skqs1.org,用易詳解,KR1a0059,16 卷,"四庫全書 文淵閣版, V19.3, p349",1,李杞,fl. 1203,宋,撰
skqs1.org,淙山讀周易,KR1a0060,21 卷,"四庫全書 文淵閣版, V19.4, p573",1,方實孫,,宋,撰
skqs1.org,周易傳義附錄,KR1a0061,14 卷,"四庫全書 文淵閣版, V20.1, p1",1,董楷,,宋,撰
skqs1.org,易學啟蒙通釋,KR1a0062,2 卷,"四庫全書 文淵閣版, V20.2, p653",1,胡方平,,宋,撰
skqs1.org,三易備遺,KR1a0063,10 卷,"四庫全書 文淵閣版, V20.3, p741",1,朱元昇,,宋,撰
skqs1.org,周易集說,KR1a0064,40 卷,"四庫全書 文淵閣版, V21.1, p1",1,俞琰,1258 - 1314,宋,撰
skqs1.org,讀易舉要,KR1a0065,4 卷,"四庫全書 文淵閣版, V21.2, p395",1,俞琰,1258 - 1314,宋,撰
skqs1.org,易象義,KR1a0066,16 卷,"四庫全書 文淵閣版, V21.3, p473",1,丁易東,,宋,撰
skqs1.org,易圖通變,KR1a0067,5 卷,"四庫全書 文淵閣版, V21.4, p789",1,雷思齊,1230 - 1301,宋,撰
skqs1.org,讀易私言,KR1a0068,1 卷,"四庫全書 文淵閣版, V22.1, p1",1,許衡,1209 - 1281,元,撰
skqs1.org,易附錄纂註,KR1a0069,15 卷,"四庫全書 文淵閣版, V22.2, p9",1,胡一桂,,元,撰
skqs1.org,周易啟蒙翼傳,KR1a0070,4 卷,"四庫全書 文淵閣版, V22.3, p199",1,胡一桂,,元,撰
skqs1.org,易纂言,KR1a0071,12 卷,"四庫全書 文淵閣版, V22.4, p399",1,吳澄,1249 - 1331,元,撰
skqs1.org,易纂言外翼,KR1a0072,8 卷,"四庫全書 文淵閣版, V22.5, p595",1,吳澄,1249 - 1331,元,撰
skqs1.org,易源奧義,KR1a0073,1 卷,"四庫全書 文淵閣版, V22.6, p697",1,保巴,,元,撰
skqs1.org,周易程朱傳義折衷,KR1a0074,33 卷,"四庫全書 文淵閣版, V23.1, p1",1,趙采,,元,撰
skqs1.org,周易衍義,KR1a0075,16 卷,"四庫全書 文淵閣版, V23.2, p447",1,胡震,fl. 1305,元,撰
skqs1.org,周易衍義,KR1a0075,16 卷,"四庫全書 文淵閣版, V23.2, p447",2,胡光大,,元,續
skqs1.org,易學濫觴,KR1a0076,1 卷,"四庫全書 文淵閣版, V24.1, p1",1,黃澤,1260 - 1346,元,撰
skqs1.org,大易緝說,KR1a0077,10 卷,"四庫全書 文淵閣版, V24.2, p17",1,王申子,,元,撰
skqs1.org,周易本義通釋,KR1a0078,12 卷,"四庫全書 文淵閣版, V24.3, p305",1,胡炳文,1250 - 1333,元,撰
skqs1.org,周易本義集成,KR1a0079,12 卷,"四庫全書 文淵閣版, V24.4, p577",1,熊良輔,,元,撰
skqs1.org,大易象數鈎深圖,KR1a0080,3 卷,"四庫全書 文淵閣版, V25.1, p1",1,張理,,元,撰
skqs1.org,學易記,KR1a0081,9 卷,"四庫全書 文淵閣版, V25.2, p97",1,李簡,,元,撰
skqs1.org,周易集傳,KR1a0082,8 卷,"四庫全書 文淵閣版, V25.3, p417",1,龍仁夫,fl. 1321,元,撰
skqs1.org,讀易考原,KR1a0083,1 卷,"四庫全書 文淵閣版, V25.4, p509",1,蕭漢中,,元,撰
skqs1.org,易精蘊大義,KR1a0084,12 卷,"四庫全書 文淵閣版, V25.5, p537",1,解蒙,,元,撰
skqs1.org,易學變通,KR1a0085,6 卷,"四庫全書 文淵閣版, V26.1, p1",1,曾貫,,元,撰
skqs1.org,周易會通,KR1a0086,14 卷,"四庫全書 文淵閣版, V26.2, p69",1,董真卿,,元,撰
skqs1.org,周易圖說,KR1a0087,2 卷,"四庫全書 文淵閣版, V26.3, p617",1,錢義方,fl. 1346,元,撰
skqs1.org,周易爻變易縕,KR1a0088,8 卷,"四庫全書 文淵閣版, V27.1, p1",1,陳應潤,,元,撰
skqs1.org,周易參義,KR1a0089,12 卷,"四庫全書 文淵閣版, V27.2, p195",1,梁寅,1303 - 1389,元,撰
skqs1.org,周易文詮,KR1a0090,4 卷,"四庫全書 文淵閣版, V27.3, p423",1,趙汸,1319 - 1469,元,撰
skqs1.org,周易傳義大全,KR1a0091,24 卷,"四庫全書 文淵閣版, V28.1, p1",1,胡廣,1370 - 1418,明,奉敕撰
skqs1.org,易經蒙引,KR1a0092,12 卷,"四庫全書 文淵閣版, V29.1, p1",1,蔡清,1453 - 1508,明,撰
skqs1.org,讀易餘言,KR1a0093,5 卷,"四庫全書 文淵閣版, V30.1, p1",1,崔銑,1478 - 1541,明,撰
skqs1.org,啟蒙意見,KR1a0094,4 卷,"四庫全書 文淵閣版, V30.2, p95",1,韓邦奇,1479 - 1555,明,撰
skqs1.org,易經存疑,KR1a0095,12 卷,"四庫全書 文淵閣版, V30.3, p195",1,林希元,ca. 1480 - ca. 1560,明,撰
skqs1.org,周易辯錄,KR1a0096,4 卷,"四庫全書 文淵閣版, V31.1, p1",1,楊爵,1493 - 1549,明,撰
skqs1.org,易像鈔,KR1a0097,18 卷,"四庫全書 文淵閣版, V31.2, p131",1,胡居仁,1434 - 1484,明,撰
skqs1.org,周易象旨決錄,KR1a0098,7 卷,"四庫全書 文淵閣版, V31.3, p421",1,熊過,,明,撰
skqs1.org,易象鈎解,KR1a0099,4 卷,"四庫全書 文淵閣版, V31.4, p651",1,陳士元,,明,撰
skqs1.org,周易集註,KR1a0100,16 卷,"四庫全書 文淵閣版, V32.1, p1",1,來知德,1525 - 1604,明,撰
skqs1.org,讀易紀聞,KR1a0101,6 卷,"四庫全書 文淵閣版, V32.2, p429",1,張獻翼,,明,撰
skqs1.org,葉八白易傳,KR1a0102,16 卷,"四庫全書 文淵閣版, V32.3, p585",1,葉山,,明,撰
skqs1.org,讀易述,KR1a0103,17 卷,"四庫全書 文淵閣版, V33.1, p1",1,潘士藻,1537 - 1600,明,撰
skqs1.org,像象管見,KR1a0104,9 卷,"四庫全書 文淵閣版, V33.2, p559",1,錢一本,1539 - 1610,明,撰
skqs1.org,周易劄記,KR1a0105,3 卷,"四庫全書 文淵閣版, V34.1, p1",1,逯中立,,明,撰
skqs1.org,周易易簡說,KR1a0106,3 卷,"四庫全書 文淵閣版, V34.2, p67",1,高攀龍,1562 - 1626,明,撰
skqs1.org,易義古象通,KR1a0107,8 卷,"四庫全書 文淵閣版, V34.3, p171",1,魏濬,fl. 1612,明,撰
skqs1.org,周易像象述,KR1a0108,10 卷,"四庫全書 文淵閣版, V34.4, p369",1,吳桂森,fl. 1625,明,撰
skqs1.org,易用,KR1a0109,6 卷,"四庫全書 文淵閣版, V35.1, p1",1,陳祖念,,明,撰
skqs1.org,易象正,KR1a0110,16 卷,"四庫全書 文淵閣版, V35.2, p101",1,黃道周,1585 - 1646,明,撰
skqs1.org,兒易內儀以,KR1a0111,6 卷,"四庫全書 文淵閣版, V35.3, p457",1,倪元璐,1594 - 1644,明,撰
skqs1.org,卦變考略,KR1a0112,2 卷,"四庫全書 文淵閣版, V35.4, p651",1,董守諭,1596 - 1664,明,撰
skqs1.org,古周易訂詁,KR1a0113,16 卷,"四庫全書 文淵閣版, V36.1, p1",1,何楷,,明,撰
skqs1.org,周易玩辭困學記,KR1a0114,15 卷,"四庫全書 文淵閣版, V36.2, p383",1,張次仲,1589 - 1676,明,撰
skqs1.org,易經通注,KR1a0115,9 卷,"四庫全書 文淵閣版, V37.1, p1",1,傳以漸,1609 - 1665,清,奉敕撰
skqs1.org,易經通注,KR1a0115,9 卷,"四庫全書 文淵閣版, V37.1, p1",2,曹本榮,,清,奉敕撰
skqs1.org,日講易經解義,KR1a0116,18 卷,"四庫全書 文淵閣版, V37.2, p201",1,牛鈕,,清,奉敕撰
skqs1.org,日講易經解義,KR1a0116,18 卷,"四庫全書 文淵閣版, V37.2, p201",2,孫在豐,,清,奉敕撰
skqs1.org,御纂周易折中,KR1a0117,22 卷,"四庫全書 文淵閣版, V38.1, p1",1,李光地,1642 - 1718,清,奉敕撰
skqs1.org,御纂周易述義,KR1a0118,10 卷,"四庫全書 文淵閣版, V38.2, p595",1,傳恒,d. 1770,清,奉敕撰
skqs1.org,讀易大旨,KR1a0119,5 卷,"四庫全書 文淵閣版, V39.1, p1",1,孫奇逢,1584 - 1675,清,撰
skqs1.org,周易稗疏,KR1a0120,4 卷,"四庫全書 文淵閣版, V39.2, p133",1,王夫之,1619 - 1692,清,撰
skqs1.org,易酌,KR1a0121,14 卷,"四庫全書 文淵閣版, V39.3, p165",1,刁包,1603 - 1669,清,撰
skqs1.org,田間易學,KR1a0122,10 卷,"四庫全書 文淵閣版, V39.4, p597",1,錢澄之,1612 - 1693,清,撰
skqs1.org,易學象數論,KR1a0123,6 卷,"四庫全書 文淵閣版, V40.1, p1",1,黃宗羲,1610 - 1695,清,撰
skqs1.org,周易象辭,KR1a0124,22 卷,"四庫全書 文淵閣版, V40.2, p155",1,黃宗炎,1616 - 1686,清,撰
skqs1.org,周易筮述,KR1a0125,8 卷,"四庫全書 文淵閣版, V41.1, p1",1,王弘撰,,清,撰
skqs1.org,仲氏易,KR1a0126,30 卷,"四庫全書 文淵閣版, V41.2, p183",1,毛奇齡,1623 - 1716,清,撰
skqs1.org,推易始末,KR1a0127,4 卷,"四庫全書 文淵閣版, V41.3, p479",1,毛奇齡,1623 - 1716,清,撰
skqs1.org,春秋占筮書,KR1a0128,3 卷,"四庫全書 文淵閣版, V41.4, p519",1,毛奇齡,1623 - 1716,清,撰
skqs1.org,易小帖,KR1a0129,5 卷,"四庫全書 文淵閣版, V41.5, p549",1,毛奇齡,1623 - 1716,清,撰
skqs1.org,易俟,KR1a0130,18 卷,"四庫全書 文淵閣版, V42.1, p1",1,喬萊,1642 - 1694,清,撰
skqs1.org,讀易日鈔,KR1a0131,8 卷,"四庫全書 文淵閣版, V42.2, p261",1,張烈,1622 - 1685,清,撰
skqs1.org,周易通論,KR1a0132,4 卷,"四庫全書 文淵閣版, V42.3, p535",1,李光地,1642 - 1718,清,撰
skqs1.org,周易觀彖,KR1a0133,12 卷,"四庫全書 文淵閣版, V42.4, p611",1,李光地,1642 - 1718,清,撰
skqs1.org,周易淺述,KR1a0134,8 卷,"四庫全書 文淵閣版, V43.1, p1",1,陳夢雷,d. 1741,清,撰
skqs1.org,周易淺述,KR1a0134,8 卷,"四庫全書 文淵閣版, V43.1, p1",2,楊道聲,,清,撰
skqs1.org,易原就正,KR1a0135,12 卷,"四庫全書 文淵閣版, V43.2, p349",1,包儀,,清,撰
skqs1.org,大易通解,KR1a0136,15 卷,"四庫全書 文淵閣版, V44.1, p1",1,魏荔彤,fl. 1724,清,撰
skqs1.org,易經衷論,KR1a0137,2 卷,"四庫全書 文淵閣版, V44.2, p581",1,張英,1637 - 1708,清,撰
skqs1.org,易圖明辨,KR1a0138,10 卷,"四庫全書 文淵閣版, V44.3, p639",1,胡渭,1633 - 1714,清,撰
skqs1.org,合訂刪補大易集義粹言,KR1a0139,80 卷,"四庫全書 文淵閣版, V45.1, p1 - V46.1",1,納喇性德,1655 - 1685,清,編
skqs1.org,周易傳註,KR1a0140,7 卷,"四庫全書 文淵閣版, V47.1, p1",1,李塨,1659 - 1733,清,撰
skqs1.org,周易劄記,KR1a0141,2 卷,"四庫全書 文淵閣版, V47.2, p209",1,楊名時,1660 - 1736,清,撰
skqs1.org,周易傳義合訂,KR1a0142,12 卷,"四庫全書 文淵閣版, V47.3, p249",1,朱軾,1664 - 1736,清,撰
skqs1.org,周易玩辭集解,KR1a0143,10 卷,"四庫全書 文淵閣版, V47.4, p427",1,查慎行,1650 - 1727,清,撰
skqs1.org,惠氏易說,KR1a0144,6 卷,"四庫全書 文淵閣版, V47.5, p675",1,惠士奇,1670 - 1741,清,撰
skqs1.org,周易函書約存,KR1a0145,15 卷,"四庫全書 文淵閣版, V48.1, p1",1,胡煦,1655 - 1736,清,撰
skqs1.org,易箋,KR1a0146,8 卷,"四庫全書 文淵閣版, V49.1, p1",1,陳法,,清,撰
skqs1.org,學易初津,KR1a0147,2 卷,"四庫全書 文淵閣版, V49.2, p239",1,晏斯盛,,清,撰
skqs1.org,易翼宗,KR1a0147,6 卷,"四庫全書 文淵閣版, V49.3, p287",1,晏斯盛,,清,撰
skqs1.org,易翼說,KR1a0147,8 卷,"四庫全書 文淵閣版, V49.4, p471",1,晏斯盛,,清,撰
skqs1.org,周易孔義集說,KR1a0150,20 卷,"四庫全書 文淵閣版, V50.1, p1",1,沈起元,1685 - 1763,清,撰
skqs1.org,易翼述信,KR1a0151,12 卷,"四庫全書 文淵閣版, V50.2, p525",1,王又樸,1681 - 1760,清,撰
skqs1.org,周易淺釋,KR1a0152,4 卷,"四庫全書 文淵閣版, V51.1, p1",1,潘思榘,1695 - 1752,清,撰
skqs1.org,周易洗心,KR1a0153,7 卷,"四庫全書 文淵閣版, V51.2, p181",1,任啟運,1670 - 1744,清,撰
skqs1.org,豐川易說,KR1a0154,10 卷,"四庫全書 文淵閣版, V51.3, p383",1,王心敬,1656 - 1738,清,撰
skqs1.org,周易述,KR1a0155,23 卷,"四庫全書 文淵閣版, V52.1, p1",1,惠棟,1697 - 1758,清,撰
skqs1.org,易漢學,KR1a0156,8 卷,"四庫全書 文淵閣版, V52.2, p301",1,惠棟,1697 - 1758,清,撰
skqs1.org,易例,KR1a0157,2 卷,"四庫全書 文淵閣版, V52.3, p371",1,惠棟,1697 - 1758,清,撰
skqs1.org,易象大意存解,KR1a0158,1 卷,"四庫全書 文淵閣版, V52.4, p421",1,任陳晉,,清,撰
skqs1.org,大易擇言,KR1a0159,36 卷,"四庫全書 文淵閣版, V52.5, p451",1,程廷祚,1691 - 1767,清,撰
skqs1.org,周易辨畫,KR1a0160,40 卷,"四庫全書 文淵閣版, V53.1, p1",1,連斗山,,清,撰
skqs1.org,周易圖書質疑,KR1a0161,24 卷,"四庫全書 文淵閣版, V53.2, p421",1,趙繼序,,清,撰
skqs1.org,周易章句證異,KR1a0162,12 卷,"四庫全書 文淵閣版, V53.3, p671",1,翟圴廉,,清,撰
skqs1.org,乾坤鑿度,KR1a0163,2 卷,"四庫全書 文淵閣版, V53.4, p821",1,鄭玄,,漢,註
skqs1.org,易緯稽覽圖,KR1a0164,2 卷,"四庫全書 文淵閣版, V53.5, p840",1,鄭玄,,漢,註
skqs1.org,易緯辨終備,KR1a0165,1 卷,"四庫全書 文淵閣版, V53.6, p864",1,鄭玄,,漢,註
skqs1.org,周易乾鑿度,KR1a0166,2 卷,"四庫全書 文淵閣版, V53.7, p866",1,鄭玄,,漢,註
skqs1.org,易緯通卦驗,KR1a0167,2 卷,"四庫全書 文淵閣版, V53.8, p884",1,鄭玄,,漢,註
skqs1.org,易緯乾元序制記,KR1a0168,1 卷,"四庫全書 文淵閣版, V53.9, p899",1,鄭玄,,漢,註
skqs1.org,易緯是類謀,KR1a0169,1 卷,"四庫全書 文淵閣版, V53.10, p903",1,鄭玄,,漢,註
skqs1.org,易緯坤靈圖,KR1a0170,1 卷,"四庫全書 文淵閣版, V53.11, p909",1,鄭玄,,漢,註
skqs1.org,尚書注疏,KR1b0004,19 卷,"四庫全書 文淵閣版, V54.1, p1",1,孔安國,,漢,傳
skqs1.org,尚書注疏,KR1b0004,19 卷,"四庫全書 文淵閣版, V54.1, p1",2,孔穎達,,唐,疏
skqs1.org,尚書注疏,KR1b0004,19 卷,"四庫全書 文淵閣版, V54.1, p1",3,陸德明,,唐,音義
skqs1.org,尚書注疏,KR1b0004,19 卷,"四庫全書 文淵閣版, V54.1, p1",4,齊召南,,清,考證
skqs1.org,尚書注疏,KR1b0004,19 卷,"四庫全書 文淵閣版, V54.1, p1",5,陳浩,,清,考證
skqs1.org,洪範口義,KR1b0005,2 卷,"四庫全書 文淵閣版, V54.2, p451",1,胡瑗,993 - 1059,宋,撰
skqs1.org,書傳,KR1b0006,20 卷,"四庫全書 文淵閣版, V54.3, p485",1,蘇軾,1036 - 1101,宋,撰
skqs1.org,尚書全解,KR1b0007,40 卷,"四庫全書 文淵閣版, V55.1, p1",1,林之奇,d. 1176,宋,撰
skqs1.org,禹貢指南,KR1b0008,4 卷,"四庫全書 文淵閣版, V56.1, p1",1,毛晃,fl. 1162,宋,撰
skqs1.org,禹貢論,KR1b0009,2 卷,"四庫全書 文淵閣版, V56.2, p53",1,程大昌,1123 - 1195,宋,撰
skqs1.org,尚書講義,KR1b0010,20 卷,"四庫全書 文淵閣版, V56.3, p169",1,史浩,1106 - 1194,宋,撰
skqs1.org,夏氏尚書詳解,KR1b0011,26 卷,"四庫全書 文淵閣版, V56.4, p393",1,夏僎,,宋,撰
skqs1.org,禹貢說斷,KR1b0012,26 卷,"四庫全書 文淵閣版, V57.1, p1",1,傳寅,,宋,撰
skqs1.org,增修東萊書說,KR1b0013,35 卷,"四庫全書 文淵閣版, V57.2, p127",1,呂祖謙,1137 - 1181,宋,撰
skqs1.org,增修東萊書說,KR1b0013,35 卷,"四庫全書 文淵閣版, V57.2, p127",2,時瀾,,宋,增修
skqs1.org,尚書說,KR1b0014,7 卷,"四庫全書 文淵閣版, V57.3, p467",1,黃度,1138 - 1213,宋,撰
skqs1.org,五誥解,KR1b0015,4 卷,"四庫全書 文淵閣版, V57.4, p601",1,楊簡,1140 - 1225,宋,撰
skqs1.org,絜齋家塾書鈔,KR1b0016,12 卷,"四庫全書 文淵閣版, V57.5, p627",1,袁燮,1144 - 1224,宋,撰
skqs1.org,書經集傳,KR1b0017,6 卷,"四庫全書 文淵閣版, V58.1, p1",1,蔡沈,1167 - 1230,宋,撰
skqs1.org,尚書精義,KR1b0018,50 卷,"四庫全書 文淵閣版, V58.2, p141",1,黃倫,fl. 1183 - 1188,宋,撰
skqs1.org,陳氏尚書詳解,KR1b0019,50 卷,"四庫全書 文淵閣版, V59.1, p1",1,陳經,,宋,撰
skqs1.org,融尚書解,KR1b0020,20 卷,"四庫全書 文淵閣版, V59.2, p459",1,錢時,,宋,撰
skqs1.org,洪範統一,KR1b0021,1 卷,"四庫全書 文淵閣版, V59.3, p647",1,趙善湘,,宋,撰
skqs1.org,尚書要義,KR1b0022,存17 卷,"四庫全書 文淵閣版, V60.1, p1",1,魏了翁,1178 - 1237,宋,撰
skqs1.org,書集傳或問,KR1b0023,2 卷,"四庫全書 文淵閣版, V60.2, p193",1,陳大猷,,宋,撰
skqs1.org,胡氏尚書詳解,KR1b0024,13 卷,"四庫全書 文淵閣版, V60.3, p281",1,胡士行,,宋,撰
skqs1.org,尚書表注,KR1b0025,2 卷,"四庫全書 文淵閣版, V60.4, p431",1,金履祥,1232 - 1303,宋,撰
skqs1.org,書纂言,KR1b0026,4 卷,"四庫全書 文淵閣版, V61.1, p1",1,吳澄,1249 - 1331,元,撰
skqs1.org,書集傳纂疏,KR1b0027,6 卷,"四庫全書 文淵閣版, V61.2, p201",1,陳櫟,1252 - 1334,元,撰
skqs1.org,讀書叢說,KR1b0028,6 卷,"四庫全書 文淵閣版, V61.3, p449",1,許謙,1270 - 1337,元,撰
skqs1.org,書傳輯錄纂註,KR1b0029,6 卷,"四庫全書 文淵閣版, V61.4, p531",1,董鼎,13th cent,元,撰
skqs1.org,尚書通考,KR1b0030,10 卷,"四庫全書 文淵閣版, V62.1, p1",1,黃鎮成,1288 - 1362,元,撰
skqs1.org,書蔡氏傳旁通,KR1b0031,6 卷,"四庫全書 文淵閣版, V62.2, p209",1,陳師凱,,元,撰
skqs1.org,讀書管見,KR1b0032,2 卷,"四庫全書 文淵閣版, V62.3, p443",1,王充耘,,元,撰
skqs1.org,書義斷法,KR1b0033,6 卷,"四庫全書 文淵閣版, V62.4, p511",1,陳悅道,,元,撰
skqs1.org,書義斷法,KR1b0033,6 卷,"四庫全書 文淵閣版, V62.4, p511",2,倪士毅,,元,輯
skqs1.org,尚書纂傳,KR1b0034,46 卷,"四庫全書 文淵閣版, V62.5, p587",1,王天與,,元,撰
skqs1.org,尚書句解,KR1b0035,13 卷,"四庫全書 文淵閣版, V62.6, p885",1,朱祖義,,元,撰
skqs1.org,書傳會選,KR1b0036,13 卷,"四庫全書 文淵閣版, V63.1, p1",1,劉三吾,1312 - 1399,明,奉敕撰
skqs1.org,書經大全,KR1b0037,10 卷,"四庫全書 文淵閣版, V63.2, p185",1,胡廣,1370 - 1418,明,奉敕撰
skqs1.org,尚書考異,KR1b0038,5 卷,"四庫全書 文淵閣版, V64.1, p1",1,梅鷟,,明,撰
skqs1.org,尚書疑義,KR1b0039,6 卷,"四庫全書 文淵閣版, V64.2, p99",1,馬明衡,,明,撰
skqs1.org,尚書日記,KR1b0040,16 卷,"四庫全書 文淵閣版, V64.3, p221",1,王樵,1521 - 1599,明,撰
skqs1.org,尚書砭蔡編,KR1b0041,1 卷,"四庫全書 文淵閣版, V64.4, p679",1,袁仁,,明,撰
skqs1.org,尚書注考,KR1b0042,1 卷,"四庫全書 文淵閣版, V64.5, p703",1,陳泰交,16th cent,明,撰
skqs1.org,尚書疏衍,KR1b0043,4 卷,"四庫全書 文淵閣版, V64.6, p725",1,陳第,1541 - 1617,明,撰
skqs1.org,洪範明義,KR1b0044,6 卷,"四庫全書 文淵閣版, V64.7, p797",1,黃道周,1585 - 1646,明,撰
skqs1.org,日講書經解義,KR1b0045,13 卷,"四庫全書 文淵閣版, V65.1, p1",1,庫勒納,,清,奉敕編
skqs1.org,日講書經解義,KR1b0045,13 卷,"四庫全書 文淵閣版, V65.1, p1",2,葉方藹,,清,奉敕撰
skqs1.org,欽定書經傳說彙纂,KR1b0046,21 卷,"四庫全書 文淵閣版, V65.2, p375",1,王頊齡,1642 - 1725,清,奉敕撰
skqs1.org,尚書稗疏,KR1b0047,4 卷,"四庫全書 文淵閣版, V66.1, p1",1,王夫之,1619 - 1692,清,撰
skqs1.org,尚書古文疏證,KR1b0048,8 卷,"四庫全書 文淵閣版, V66.2, p127",1,閻若璩,1636 - 1704,清,撰
skqs1.org,尚書古文疏證,KR1b0048,8 卷,"四庫全書 文淵閣版, V66.2, p127",2,閻詠,,清,輯
skqs1.org,古文尚書寃詞,KR1b0049,8 卷,"四庫全書 文淵閣版, V66.3, p543",1,毛奇齡,1623 - 1716,清,撰
skqs1.org,尚書廣聽錄,KR1b0050,5 卷,"四庫全書 文淵閣版, V66.4, p631",1,毛奇齡,1623 - 1716,清,撰
skqs1.org,尚書埤傳,KR1b0051,15 卷,"四庫全書 文淵閣版, V66.5, p687",1,朱鶴齡,1606 - 1683,清,撰
skqs1.org,禹貢長箋,KR1b0052,12 卷,"四庫全書 文淵閣版, V67.1, p1",1,朱鶴齡,1606 - 1683,清,撰
skqs1.org,禹貢錐指,KR1b0053,20 卷,"四庫全書 文淵閣版, V67.2, p211",1,胡渭,1633 - 1714,清,撰
skqs1.org,洪範正論,KR1b0054,5 卷,"四庫全書 文淵閣版, V68.1, p1",1,胡渭,1633 - 1714,清,撰
skqs1.org,尚書七篇解義,KR1b0055,2 卷,"四庫全書 文淵閣版, V68.2, p99",1,李光地,1642 - 1718,清,撰
skqs1.org,書經衷論,KR1b0056,4 卷,"四庫全書 文淵閣版, V68.3, p143",1,張英,1637 - 1708,清,撰
skqs1.org,尚書地理今釋,KR1b0057,1 卷,"四庫全書 文淵閣版, V68.4, p217",1,蔣廷錫,1669 - 1732,清,撰
skqs1.org,禹貢會箋,KR1b0058,12 卷,"四庫全書 文淵閣版, V68.5, p249",1,徐文靖,1667 - 1756,清,撰
skqs1.org,尚書大傳,KR1b0059,3 卷,"四庫全書 文淵閣版, V68.6, p385",1,伏勝,,漢,撰
skqs1.org,尚書大傳,KR1b0059,3 卷,"四庫全書 文淵閣版, V68.6, p385",2,鄭玄,,漢,註
skqs1.org,尚書大傳,KR1b0059,3 卷,"四庫全書 文淵閣版, V68.6, p385",3,孫之騄,,清,輯
skqs1.org,書義矜式,KR1b0060,6 卷,"四庫全書 文淵閣版, V68.7, p425",1,王充耘,,元,撰
skqs1.org,詩序,KR1c0003,2 卷,"四庫全書 文淵閣版, V69.1, p1",1,卜商,-507 - -400,周,撰
skqs1.org,詩序,KR1c0003,2 卷,"四庫全書 文淵閣版, V69.1, p1",2,朱熹,,宋,辨說
skqs1.org,毛詩注疏,KR1c0004,30 卷,"四庫全書 文淵閣版, V69.2, p43",1,毛亨,-2nd cent,漢,傳
skqs1.org,毛詩注疏,KR1c0004,30 卷,"四庫全書 文淵閣版, V69.2, p43",2,鄭玄,,漢,箋
skqs1.org,毛詩注疏,KR1c0004,30 卷,"四庫全書 文淵閣版, V69.2, p43",3,孔穎達,,唐,疏
skqs1.org,毛詩注疏,KR1c0004,30 卷,"四庫全書 文淵閣版, V69.2, p43",4,陸德明,,唐,音義
skqs1.org,毛詩注疏,KR1c0004,30 卷,"四庫全書 文淵閣版, V69.2, p43",5,鄭玄,,漢,撰
skqs1.org,毛詩注疏,KR1c0004,30 卷,"四庫全書 文淵閣版, V69.2, p43",6,陸德明,,唐,錄
skqs1.org,毛詩注疏,KR1c0004,30 卷,"四庫全書 文淵閣版, V69.2, p43",7,張照,,清,撰
skqs1.org,毛詩注疏,KR1c0004,30 卷,"四庫全書 文淵閣版, V69.2, p43",8,勵宗萬,,清,撰
skqs1.org,毛詩草木鳥獸蟲魚疏,KR1c0005,2 卷,"四庫全書 文淵閣版, V70.1, p1",1,陸璣,,吳,撰
skqs1.org,陸氏詩疏廣要,KR1c0006,4 卷,"四庫全書 文淵閣版, V70.2, p23",1,陸璣,,吳,撰
skqs1.org,陸氏詩疏廣要,KR1c0006,4 卷,"四庫全書 文淵閣版, V70.2, p23",2,毛晉,1599 - 1659,明,廣要
skqs1.org,毛詩指說,KR1c0007,1 卷,"四庫全書 文淵閣版, V70.3, p169",1,成伯璵,,唐,撰
skqs1.org,詩本義,KR1c0008,15 卷,"四庫全書 文淵閣版, V70.4, p181",1,歐陽修,1007 - 1072,宋,撰
skqs1.org,詩本義,KR1c0008,15 卷,"四庫全書 文淵閣版, V70.4, p181",2,鄭玄,,漢,撰
skqs1.org,詩本義,KR1c0008,15 卷,"四庫全書 文淵閣版, V70.4, p181",3,歐陽修,,宋,補亡
skqs1.org,蘇氏詩集傳,KR1c0010,19 卷,"四庫全書 文淵閣版, V70.5, p311",1,蘇轍,1039 - 1112,宋,撰
skqs1.org,毛詩名物解,KR1c0011,20 卷,"四庫全書 文淵閣版, V70.6, p535",1,蔡卞,,宋,撰
skqs1.org,毛詩李黃集解,KR1c0012,42 卷,"四庫全書 文淵閣版, V71.1, p1",1,李樗,,宋,撰
skqs1.org,毛詩李黃集解,KR1c0012,42 卷,"四庫全書 文淵閣版, V71.1, p1",2,黃櫄,,宋,撰
skqs1.org,詩補傳,KR1c0013,30 卷,"四庫全書 文淵閣版, V72.1, p1",1,范處義,,宋,撰
skqs1.org,詩總聞,KR1c0014,20 卷,"四庫全書 文淵閣版, V72.2, p433",1,王質,1127 - 1189,宋,撰
skqs1.org,詩經集傳,KR1c0015,8 卷,"四庫全書 文淵閣版, V72.3, p745",1,朱熹,1130 - 1200,宋,撰
skqs1.org,慈湖詩傳,KR1c0016,20 卷,"四庫全書 文淵閣版, V73.1, p1",1,楊簡,1140 - 1225,宋,撰
skqs1.org,呂氏家塾讀詩記,KR1c0017,32 卷,"四庫全書 文淵閣版, V73.2, p321",1,呂祖謙,1137 - 1181,宋,撰
skqs1.org,續呂氏家塾讀詩記,KR1c0018,3 卷,"四庫全書 文淵閣版, V73.3, p799",1,戴溪,fl. 1178 - 1215,宋,撰
skqs1.org,絜齋毛詩經筵講義,KR1c0019,4 卷,"四庫全書 文淵閣版, V74.1, p1",1,袁燮,1144 - 1224,宋,撰
skqs1.org,毛詩講義,KR1c0020,12 卷,"四庫全書 文淵閣版, V74.2, p43",1,林岊,,宋,撰
skqs1.org,詩童子問,KR1c0021,8 卷,"四庫全書 文淵閣版, V74.3, p271",1,輔廣,,宋,撰
skqs1.org,段氏毛詩集解,KR1c0022,存25 卷,"四庫全書 文淵閣版, V74.4, p421",1,段昌武,,宋,撰
skqs1.org,詩緝,KR1c0023,36 卷,"四庫全書 文淵閣版, V75.1, p1",1,嚴粲,fl. 1248,宋,撰
skqs1.org,詩傳遺說,KR1c0024,6 卷,"四庫全書 文淵閣版, V75.2, p499",1,朱鑑,1190 - 1258,宋,編
skqs1.org,詩考,KR1c0025,1 卷,"四庫全書 文淵閣版, V75.3, p597",1,王應麟,1223 - 1296,宋,撰
skqs1.org,詩地理考,KR1c0026,6 卷,"四庫全書 文淵閣版, V75.4, p633",1,王應麟,1223 - 1296,宋,撰
skqs1.org,詩集傳名物鈔,KR1c0027,8 卷,"四庫全書 文淵閣版, V76.1, p1",1,許謙,1270 - 1337,元,撰
skqs1.org,詩傳通釋,KR1c0028,20 卷,"四庫全書 文淵閣版, V76.2, p261",1,劉瑾,d. 1510,元,撰
skqs1.org,詩傳旁通,KR1c0029,15 卷,"四庫全書 文淵閣版, V76.3, p789",1,梁益,,元,撰
skqs1.org,詩經疏義會通,KR1c0030,20 卷,"四庫全書 文淵閣版, V77.1, p1",1,朱公遷,,元,撰
skqs1.org,詩經欵問,KR1c0031,7 卷,"四庫全書 文淵閣版, V77.2, p531",1,朱倬,1093 - 1163,元,撰
skqs1.org,詩經欵問,KR1c0031,7 卷,"四庫全書 文淵閣版, V77.2, p531",2,趙德,,宋,撰
skqs1.org,詩纘緒,KR1c0032,18 卷,"四庫全書 文淵閣版, V77.3, p577",1,劉玉汝,fl. 1341 - 1373,元,撰
skqs1.org,詩演義,KR1c0033,15 卷,"四庫全書 文淵閣版, V78.1, p1",1,梁寅,1303 - 1389,元,撰
skqs1.org,詩解頤,KR1c0034,4 卷,"四庫全書 文淵閣版, V78.2, p191",1,朱善,1314 - 1385,明,撰
skqs1.org,詩傳大全,KR1c0035,20 卷,"四庫全書 文淵閣版, V78.3, p307",1,胡廣,1370 - 1418,明,奉敕撰
skqs1.org,詩說解頤,KR1c0036,40 卷,"四庫全書 文淵閣版, V79.1, p1",1,季本,1485 - 1563,明,撰
skqs1.org,讀詩私記,KR1c0037,5 卷,"四庫全書 文淵閣版, V79.2, p505",1,李先芳,,明,撰
skqs1.org,詩故,KR1c0038,10 卷,"四庫全書 文淵閣版, V79.3, p549",1,朱謀㙔,d. 1624,明,撰
skqs1.org,六家詩名物疏,KR1c0039,55 卷,"四庫全書 文淵閣版, V80.1, p1",1,馮復京,,明,撰
skqs1.org,重訂詩經疑問,KR1c0040,12 卷,"四庫全書 文淵閣版, V80.2, p579",1,姚舜牧,1543 - 1627,明,撰
skqs1.org,詩經世本古義,KR1c0041,28 卷,"四庫全書 文淵閣版, V81.1, p1",1,何楷,,明,撰
skqs1.org,待軒詩記,KR1c0042,8 卷,"四庫全書 文淵閣版, V82.1, p1",1,張次仲,1589 - 1676,明,撰
skqs1.org,讀詩略記,KR1c0043,6 卷,"四庫全書 文淵閣版, V82.2, p37",1,朱朝瑛,1605 - 1670,明,撰
skqs1.org,欽定詩經傳說彙纂,KR1c0044,21 卷,"四庫全書 文淵閣版, V83.1, p1",1,王鴻緒,1645 - 1723,清,奉敕撰
skqs1.org,御纂詩義折中,KR1c0045,20 卷,"四庫全書 文淵閣版, V84.1, p1",1,傳恒,d. 1770,清,奉敕撰
skqs1.org,田間詩學,KR1c0046,12 卷,"四庫全書 文淵閣版, V84.2, p395",1,錢澄之,1612 - 1693,清,撰
skqs1.org,詩經稗疏,KR1c0047,4 卷,"四庫全書 文淵閣版, V84.3, p769",1,王夫之,1619 - 1692,清,撰
skqs1.org,詩經通義,KR1c0048,12 卷,"四庫全書 文淵閣版, V85.1, p1",1,朱鶴齡,1606 - 1683,清,撰
skqs1.org,毛詩稽古編,KR1c0049,30 卷,"四庫全書 文淵閣版, V85.2, p327",1,陳啟源,d. 1689,清,撰
skqs1.org,詩所,KR1c0050,8 卷,"四庫全書 文淵閣版, V86.1, p1",1,李光地,1642 - 1718,清,撰
skqs1.org,毛詩寫官記,KR1c0051,4 卷,"四庫全書 文淵閣版, V86.2, p171",1,毛奇齡,1623 - 1716,清,撰
skqs1.org,詩札,KR1c0051,2 卷,"四庫全書 文淵閣版, V86.3, p213",1,毛奇齡,1623 - 1716,清,撰
skqs1.org,詩傳詩說駁義,KR1c0053,5 卷,"四庫全書 文淵閣版, V86.4, p233",1,毛奇齡,1623 - 1716,清,撰
skqs1.org,續詩傳鳥名卷,KR1c0054,3 卷,"四庫全書 文淵閣版, V86.5, p275",1,毛奇齡,1623 - 1716,清,撰
skqs1.org,詩識名解,KR1c0055,15 卷,"四庫全書 文淵閣版, V86.6, p307",1,姚炳,,清,撰
skqs1.org,詩傳名物集覽,KR1c0056,12 卷,"四庫全書 文淵閣版, V86.7, p543",1,陳大章,,清,撰
skqs1.org,詩說,KR1c0057,3 卷,"四庫全書 文淵閣版, V87.1, p1",1,惠周惕,,清,撰
skqs1.org,詩經劄記,KR1c0058,1 卷,"四庫全書 文淵閣版, V87.2, p33",1,楊名時,1660 - 1736,清,撰
skqs1.org,讀詩質疑,KR1c0059,31 卷,"四庫全書 文淵閣版, V87.3, p49",1,嚴虞惇,1650 - 1713,清,撰
skqs1.org,毛詩類釋,KR1c0060,21 卷,"四庫全書 文淵閣版, V88.1, p1",1,顧棟高,1679 - 1759,清,撰
skqs1.org,詩欵辨證,KR1c0061,6 卷,"四庫全書 文淵閣版, V88.2, p211",1,黃中松,,清,撰
skqs1.org,三家詩拾遺,KR1c0062,10 卷,"四庫全書 文淵閣版, V88.3, p499",1,范家相,,清,撰
skqs1.org,詩瀋,KR1c0063,20 卷,"四庫全書 文淵閣版, V88.4, p593",1,范家相,,清,撰
skqs1.org,詩序補義,KR1c0064,24 卷,"四庫全書 文淵閣版, V89.1, p1",1,姜炳璋,,清,撰
skqs1.org,虞東學詩,KR1c0065,12 卷,"四庫全書 文淵閣版, V89.2, p371",1,顧鎮,1718 - 1792,清,撰
skqs1.org,詩外外傳,KR1c0066,10 卷,"四庫全書 文淵閣版, V89.3, p775",1,韓嬰,fl. -166,漢,撰
skqs1.org,周禮注疏,KR1d0003,42 卷,"四庫全書 文淵閣版, V90.1, p1",1,鄭玄,127 - 200,漢,注
skqs1.org,周禮注疏,KR1d0003,42 卷,"四庫全書 文淵閣版, V90.1, p1",2,賈公彥,,唐,疏
skqs1.org,周禮注疏,KR1d0003,42 卷,"四庫全書 文淵閣版, V90.1, p1",3,陸德明,,唐,音義
skqs1.org,周禮注疏,KR1d0003,42 卷,"四庫全書 文淵閣版, V90.1, p1",4,吳紱,,清,撰
skqs1.org,周官新義,KR1d0004,16 卷,"四庫全書 文淵閣版, V91.1, p1",1,王安石,1021 - 1086,宋,撰
skqs1.org,周官新義,KR1d0004,16 卷,"四庫全書 文淵閣版, V91.1, p1",2,王安石,,宋,撰
skqs1.org,周官新義,KR1d0004,16 卷,"四庫全書 文淵閣版, V91.1, p1",3,鄭宗顏,,宋,輯
skqs1.org,周禮詳解,KR1d0005,40 卷,"四庫全書 文淵閣版, V91.2, p197",1,王昭禹,,宋,撰
skqs1.org,周禮復古編,KR1d0006,1 卷,"四庫全書 文淵閣版, V91.3, p603",1,俞庭椿,,宋,撰
skqs1.org,禮經會元,KR1d0007,4 卷,"四庫全書 文淵閣版, V92.1, p1",1,葉時,,宋,撰
skqs1.org,太平經國書,KR1d0008,11 卷,"四庫全書 文淵閣版, V92.2, p185",1,鄭伯謙,13th cent,宋,撰
skqs1.org,周官總義,KR1d0009,30 卷,"四庫全書 文淵閣版, V92.3, p261",1,易祓,,宋,撰
skqs1.org,周禮訂義,KR1d0010,80 卷,"四庫全書 文淵閣版, V93.1, p1 - V94.1",1,王與之,,宋,撰
skqs1.org,鬳齋考工記解,KR1d0011,2 卷,"四庫全書 文淵閣版, V95.1, p1",1,林希逸,,宋,撰
skqs1.org,周禮句解,KR1d0012,12 卷,"四庫全書 文淵閣版, V95.2, p105",1,朱申,,宋,撰
skqs1.org,周禮集說,KR1d0013,10 卷,"四庫全書 文淵閣版, V95.3, p251",1,闕名,,,撰
skqs1.org,周禮集說,KR1d0013,10 卷,"四庫全書 文淵閣版, V95.3, p251",2,陳友仁,,宋,增修
skqs1.org,周官集傳,KR1d0014,16 卷,"四庫全書 文淵閣版, V95.4, p761",1,毛應龍,,元,撰
skqs1.org,周禮傳,KR1d0015,10 卷,"四庫全書 文淵閣版, V96.1, p1",1,王應電,,明,撰
skqs1.org,周禮全經釋原,KR1d0016,13 卷,"四庫全書 文淵閣版, V96.2, p483",1,柯尚遷,,明,撰
skqs1.org,周禮註疏刪翼,KR1d0017,30 卷,"四庫全書 文淵閣版, V97.1, p1",1,王志長,,明,撰
skqs1.org,欽定周官義疏,KR1d0018,48 卷,"四庫全書 文淵閣版, V98.1, p1 - V99.1",1,高宗弘曆,1711 - 1799,清,敕撰
skqs1.org,周禮述註,KR1d0019,24 卷,"四庫全書 文淵閣版, V100.1, p1",1,李光坡,1651 - 1723,清,撰
skqs1.org,周禮纂訓,KR1d0020,21 卷,"四庫全書 文淵閣版, V100.2, p541",1,李鍾倫,1663 - 1706,清,撰
skqs1.org,周官集注,KR1d0021,12 卷,"四庫全書 文淵閣版, V101.1, p1",1,方苞,1668 - 1749,清,撰
skqs1.org,禮說,KR1d0022,14 卷,"四庫全書 文淵閣版, V101.2, p387",1,惠士奇,1670 - 1741,清,撰
skqs1.org,周官祿田考,KR1d0023,3 卷,"四庫全書 文淵閣版, V101.3, p665",1,沈彤,1688 - 1752,清,撰
skqs1.org,周禮疑義舉要,KR1d0024,7 卷,"四庫全書 文淵閣版, V101.4, p715",1,江永,1681 - 1762,清,撰
skqs1.org,儀禮注疏,KR1d0028,17 卷,"四庫全書 文淵閣版, V102.1, p1",1,鄭玄,127 - 200,漢,注
skqs1.org,儀禮注疏,KR1d0028,17 卷,"四庫全書 文淵閣版, V102.1, p1",2,賈公彥,,唐,疏
skqs1.org,儀禮注疏,KR1d0028,17 卷,"四庫全書 文淵閣版, V102.1, p1",3,陸德明,,唐,音義
skqs1.org,儀禮注疏,KR1d0028,17 卷,"四庫全書 文淵閣版, V102.1, p1",4,周學健,,清,撰
skqs1.org,儀禮注疏,KR1d0028,17 卷,"四庫全書 文淵閣版, V102.1, p1",5,李清植,,清,撰
skqs1.org,儀禮識誤,KR1d0029,3 卷,"四庫全書 文淵閣版, V103.1, p1",1,張淳,fl. 1172,宋,撰
skqs1.org,儀禮集釋,KR1d0030,30 卷,"四庫全書 文淵閣版, V103.2, p31",1,李如圭,,宋,撰
skqs1.org,儀禮釋宮,KR1d0031,1 卷,"四庫全書 文淵閣版, V103.3, p521",1,李如圭,,宋,撰
skqs1.org,儀禮圖,KR1d0032,17 卷,"四庫全書 文淵閣版, V104.1, p1",1,楊復,fl. 1228,宋,撰
skqs1.org,儀禮要義,KR1d0033,50 卷,"四庫全書 文淵閣版, V104.2, p341",1,魏了翁,1178 - 1237,宋,撰
skqs1.org,儀禮逸經,KR1d0034,2 卷,"四庫全書 文淵閣版, V105.1, p1",1,吳澄,1249 - 1331,元,撰
skqs1.org,儀禮集說,KR1d0035,17 卷,"四庫全書 文淵閣版, V105.2, p33",1,敖繼公,,元,撰
skqs1.org,經禮補逸,KR1d0036,9 卷,"四庫全書 文淵閣版, V105.3, p635",1,汪克寬,1304 - 1372,元,撰
skqs1.org,欽定儀禮義疏,KR1d0037,48 卷,"四庫全書 文淵閣版, V106.1, p1 - V107.1",1,高宗弘曆,1711 - 1799,清,敕撰
skqs1.org,儀禮鄭註句讀,KR1d0038,17 卷,"四庫全書 文淵閣版, V108.1, p1",1,張爾岐,1612 - 1678,清,撰
skqs1.org,儀禮商,KR1d0039,2 卷,"四庫全書 文淵閣版, V108.2, p253",1,萬斯大,1633 - 1683,清,撰
skqs1.org,儀禮述註,KR1d0040,17 卷,"四庫全書 文淵閣版, V108.3, p295",1,李光坡,1651 - 1723,清,撰
skqs1.org,儀禮析疑,KR1d0041,17 卷,"四庫全書 文淵閣版, V109.1, p1",1,方苞,1668 - 1749,清,撰
skqs1.org,儀禮章句,KR1d0042,17 卷,"四庫全書 文淵閣版, V109.2, p289",1,吳廷華,1682 - 1755,清,撰
skqs1.org,補饗禮,KR1d0043,1 卷,"四庫全書 文淵閣版, V109.3, p489",1,諸錦,1686 - 1769,清,輯
skqs1.org,禮經本義,KR1d0044,17 卷,"四庫全書 文淵閣版, V109.4, p499",1,蔡德晉,,清,撰
skqs1.org,宮室考,KR1d0045,2 卷,"四庫全書 文淵閣版, V109.5, p801",1,任啟運,1670 - 1744,清,撰
skqs1.org,天子肆獻祼饋食禮,KR1d0046,3 卷,"四庫全書 文淵閣版, V109.6, p827",1,任啟運,1670 - 1744,清,撰
skqs1.org,儀禮釋宮增注,KR1d0047,1 卷,"四庫全書 文淵閣版, V109.7, p883",1,江永,1681 - 1762,清,撰
skqs1.org,儀禮小疏,KR1d0048,7 卷,"四庫全書 文淵閣版, V109.8, p899",1,沈彤,1688 - 1752,清,撰
skqs1.org,儀禮集編,KR1d0049,40 卷,"四庫全書 文淵閣版, V110.1, p1 - V111.1",1,盛世佐,,清,撰
skqs1.org,內外服制通釋,KR1d0050,7 卷,"四庫全書 文淵閣版, V111.2, p709",1,車垓,,宋,撰
skqs1.org,讀禮通考,KR1d0051,120 卷,"四庫全書 文淵閣版, V112.1, p1 - V114.1",1,徐乾學,1631 - 1694,清,撰
skqs1.org,禮記注疏,KR1d0053,63 卷,"四庫全書 文淵閣版, V115.1, p1 - V116.1",1,鄭玄,127 - 200,漢,注
skqs1.org,禮記注疏,KR1d0053,63 卷,"四庫全書 文淵閣版, V115.1, p1 - V116.1",2,孔穎達,,唐,疏
skqs1.org,禮記注疏,KR1d0053,63 卷,"四庫全書 文淵閣版, V115.1, p1 - V116.1",3,陸德明,,唐,音義
skqs1.org,禮記注疏,KR1d0053,63 卷,"四庫全書 文淵閣版, V115.1, p1 - V116.1",4,齊召南,,清,撰
skqs1.org,月令解,KR1d0056,12 卷,"四庫全書 文淵閣版, V116.2, p537",1,張虙,,宋,撰
skqs1.org,禮記集說,KR1d0057,160 卷,"四庫全書 文淵閣版, V117.1, p1 - V120.1",1,衞湜,,宋,撰
skqs1.org,禮記纂言,KR1d0058,36 卷,"四庫全書 文淵閣版, V121.1, p1",1,吳澄,1249 - 1331,元,撰
skqs1.org,禮記集說,KR1d0059,10 卷,"四庫全書 文淵閣版, V121.2, p679",1,陳澔,1261 - 1341,元,撰
skqs1.org,禮記大全,KR1d0060,30 卷,"四庫全書 文淵閣版, V122.1, p1",1,胡廣,1370 - 1418,明,奉敕撰
skqs1.org,月令明義,KR1d0062,4 卷,"四庫全書 文淵閣版, V122.2, p783",1,黃道周,1585 - 1646,明,撰
skqs1.org,表記集傳,KR1d0063,2 卷,"四庫全書 文淵閣版, V122.3, p833",1,黃道周,1585 - 1646,明,撰
skqs1.org,坊記集傳,KR1d0064,2 卷,"四庫全書 文淵閣版, V122.4, p927",1,黃道周,1585 - 1646,明,撰
skqs1.org,緇衣集傳,KR1d0065,4 卷,"四庫全書 文淵閣版, V122.5, p1013",1,黃道周,1585 - 1646,明,撰
skqs1.org,儒行集傳,KR1d0066,2 卷,"四庫全書 文淵閣版, V122.6, p1119",1,黃道周,1585 - 1646,明,撰
skqs1.org,日講禮記解義,KR1d0067,64 卷,"四庫全書 文淵閣版, V123.1, p1",1,張廷玉,1672 - 1755,清,奉敕編
skqs1.org,日講禮記解義,KR1d0067,64 卷,"四庫全書 文淵閣版, V123.1, p1",2,鄂爾泰,,清,奉敕編
skqs1.org,日講禮記解義,KR1d0067,64 卷,"四庫全書 文淵閣版, V123.1, p1",3,汪由敦,,清,奉敕編
skqs1.org,欽定禮記義疏,KR1d0068,82 卷,"四庫全書 文淵閣版, V124.1, p1 - V126.1",1,高宗弘曆,1711 - 1799,清,敕撰
skqs1.org,深衣考,KR1d0069,1 卷,"四庫全書 文淵閣版, V127.1, p1",1,黃宗義,1610 - 1695,清,撰
skqs1.org,陳氏禮記集說補正,KR1d0070,38 卷,"四庫全書 文淵閣版, V127.2, p15",1,納喇性德,1655 - 1685,清,撰
skqs1.org,禮記述註,KR1d0071,28 卷,"四庫全書 文淵閣版, V127.3, p279",1,李光坡,1651 - 1723,清,撰
skqs1.org,禮記析疑,KR1d0072,48 卷,"四庫全書 文淵閣版, V128.1, p1",1,方苞,1668 - 1749,清,撰
skqs1.org,檀弓疑問,KR1d0073,1 卷,"四庫全書 文淵閣版, V128.2, p273",1,邵泰衢,,清,撰
skqs1.org,禮記訓義擇言,KR1d0074,8 卷,"四庫全書 文淵閣版, V128.3, p287",1,江永,1681 - 1762,清,撰
skqs1.org,深衣考誤,KR1d0075,1 卷,"四庫全書 文淵閣版, V128.4, p389",1,江永,1681 - 1762,清,撰
skqs1.org,大戴禮記,KR1d0076,13 卷,"四庫全書 文淵閣版, V128.5, p399",1,戴德,1st cent,漢,撰
skqs1.org,大戴禮記,KR1d0076,13 卷,"四庫全書 文淵閣版, V128.5, p399",2,盧辯,,北周,註
skqs1.org,夏小正戴氏傳,KR1d0077,4 卷,"四庫全書 文淵閣版, V128.6, p541",1,傳崧卿,fl. 1111 - 1121,宋,注
skqs1.org,三禮圖集注,KR1d0078,20 卷,"四庫全書 文淵閣版, V129.1, p1",1,聶崇義,10th cent,宋,撰
skqs1.org,三禮圖,KR1d0079,4 卷,"四庫全書 文淵閣版, V129.2, p285",1,劉績,,明,撰
skqs1.org,學禮質疑,KR1d0080,2 卷,"四庫全書 文淵閣版, V129.3, p425",1,萬斯大,1633 - 1683,清,撰
skqs1.org,讀禮志疑,KR1d0081,6 卷,"四庫全書 文淵閣版, V129.4, p475",1,陸隴其,1630 - 1693,清,撰
skqs1.org,郊社禘祫問,KR1d0082,1 卷,"四庫全書 文淵閣版, V129.5, p569",1,毛奇齡,1623 - 1716,清,撰
skqs1.org,參讀禮志疑,KR1d0083,2 卷,"四庫全書 文淵閣版, V129.6, p585",1,汪紱,1692 - 1759,清,撰
skqs1.org,禮書,KR1d0084,150 卷,"四庫全書 文淵閣版, V130.1, p1",1,陳祥道,1053 - 1093,宋,撰
skqs1.org,儀禮經傳通解,KR1d0085,37 卷,"四庫全書 文淵閣版, V131.1, p1 - V132.1",1,朱熹,1130 - 1200,宋,撰
skqs1.org,儀禮經傳通解,KR1d0085,37 卷,"四庫全書 文淵閣版, V131.1, p1 - V132.1",2,黃榦,1152 - 1221,宋,撰
skqs1.org,儀禮經傳通解,KR1d0085,37 卷,"四庫全書 文淵閣版, V131.1, p1 - V132.1",3,楊復,,宋,撰
skqs1.org,禮書綱目,KR1d0086,85 卷,"四庫全書 文淵閣版, V133.1, p1 - V134.1",1,江永,1681 - 1762,清,撰
skqs1.org,五禮通考,KR1d0087,262 卷,"四庫全書 文淵閣版, V135.1, p1 - V142.1",1,泰蕙田,1702 - 1764,清,撰
skqs1.org,書儀,KR1d0088,10 卷,"四庫全書 文淵閣版, V142.2, p457",1,司馬光,1019 - 1086,宋,撰
skqs1.org,家禮,KR1d0089,5 卷,"四庫全書 文淵閣版, V142.3, p527",1,朱熹,1130 - 1200,宋,撰
skqs1.org,泰泉鄉禮,KR1d0090,7 卷,"四庫全書 文淵閣版, V142.4, p591",1,黃佐,1490 - 1566,明,撰
skqs1.org,朱子禮纂,KR1d0091,5 卷,"四庫全書 文淵閣版, V142.5, p663",1,李光地,1642 - 1718,清,編
skqs1.org,辨定祭禮通俗譜,KR1d0092,5 卷,"四庫全書 文淵閣版, V142.6, p743",1,毛奇齡,1623 - 1716,清,撰
skqs1.org,春秋左傳注疏,KR1e0004,60 卷,"四庫全書 文淵閣版, V143.1, p1 - V144.1",1,左丘明,,周,撰
skqs1.org,春秋左傳注疏,KR1e0004,60 卷,"四庫全書 文淵閣版, V143.1, p1 - V144.1",2,杜預,,晉,注
skqs1.org,春秋左傳注疏,KR1e0004,60 卷,"四庫全書 文淵閣版, V143.1, p1 - V144.1",3,孔穎達,,唐,疏
skqs1.org,春秋左傳注疏,KR1e0004,60 卷,"四庫全書 文淵閣版, V143.1, p1 - V144.1",4,陸德明,,唐,音義
skqs1.org,春秋左傳注疏,KR1e0004,60 卷,"四庫全書 文淵閣版, V143.1, p1 - V144.1",5,陸德明,,唐,撰
skqs1.org,春秋左傳注疏,KR1e0004,60 卷,"四庫全書 文淵閣版, V143.1, p1 - V144.1",6,陳浩,,清,撰
skqs1.org,春秋左傳注疏,KR1e0004,60 卷,"四庫全書 文淵閣版, V143.1, p1 - V144.1",7,齊召南,,清,撰
skqs1.org,春秋公羊傳注疏,KR1e0006,28 卷,"四庫全書 文淵閣版, V145.1, p1",1,公羊高,,周,撰
skqs1.org,春秋公羊傳注疏,KR1e0006,28 卷,"四庫全書 文淵閣版, V145.1, p1",2,何休,,漢,解詁
skqs1.org,春秋公羊傳注疏,KR1e0006,28 卷,"四庫全書 文淵閣版, V145.1, p1",3,徐彥,,唐,疏
skqs1.org,春秋公羊傳注疏,KR1e0006,28 卷,"四庫全書 文淵閣版, V145.1, p1",4,陸德明,,唐,音義
skqs1.org,春秋公羊傳注疏,KR1e0006,28 卷,"四庫全書 文淵閣版, V145.1, p1",5,齊召南,,清,撰
skqs1.org,春秋公羊傳注疏,KR1e0006,28 卷,"四庫全書 文淵閣版, V145.1, p1",6,陳浩,,清,撰
skqs1.org,春秋穀梁注疏,KR1e0010,20 卷,"四庫全書 文淵閣版, V145.2, p535",1,穀梁赤,,周,撰
skqs1.org,春秋穀梁注疏,KR1e0010,20 卷,"四庫全書 文淵閣版, V145.2, p535",2,范寧,,晉,集解
skqs1.org,春秋穀梁注疏,KR1e0010,20 卷,"四庫全書 文淵閣版, V145.2, p535",3,楊士勛,,唐,疏
skqs1.org,春秋穀梁注疏,KR1e0010,20 卷,"四庫全書 文淵閣版, V145.2, p535",4,陸德明,,唐,音義
skqs1.org,春秋穀梁注疏,KR1e0010,20 卷,"四庫全書 文淵閣版, V145.2, p535",5,齊召南,,清,撰
skqs1.org,春秋穀梁注疏,KR1e0010,20 卷,"四庫全書 文淵閣版, V145.2, p535",6,陳浩,,清,撰
skqs1.org,箴膏肓,KR1e0011,1 卷,"四庫全書 文淵閣版, V145.3, p863",1,鄭玄,127 - 200,漢,撰
skqs1.org,春秋釋例,KR1e0012,15 卷,"四庫全書 文淵閣版, V146.1, p1",1,杜預,222 - 284,晉,撰
skqs1.org,春秋集傳纂例,KR1e0013,10 卷,"四庫全書 文淵閣版, V146.2, p375",1,陸淳,,唐,撰
skqs1.org,春秋集傳微旨,KR1e0014,3 卷,"四庫全書 文淵閣版, V146.3, p537",1,陸淳,,唐,撰
skqs1.org,春秋集傳辨疑,KR1e0015,10 卷,"四庫全書 文淵閣版, V146.4, p595",1,陸淳,,唐,撰
skqs1.org,春秋名號歸一圖,KR1e0016,2 卷,"四庫全書 文淵閣版, V146.5, p685",1,馮繼先,,後蜀,撰
skqs1.org,春秋名號歸一圖,KR1e0016,2 卷,"四庫全書 文淵閣版, V146.5, p685",2,岳珂,,宋,重編
skqs1.org,春秋年表,KR1e0017,1 卷,"四庫全書 文淵閣版, V146.6, p719",1,闕名,,,撰
skqs1.org,春秋尊王發微,KR1e0018,12 卷,"四庫全書 文淵閣版, V147.1, p1",1,孫復,992 - 1057,宋,撰
skqs1.org,春秋皇綱論,KR1e0019,5 卷,"四庫全書 文淵閣版, V147.2, p127",1,王晳,,宋,撰
skqs1.org,春秋通義,KR1e0020,1 卷,"四庫全書 文淵閣版, V147.3, p159",1,闕名,,宋,撰
skqs1.org,春秋權衡,KR1e0021,17 卷,"四庫全書 文淵閣版, V147.4, p171",1,劉敞,1019 - 1068,宋,撰
skqs1.org,劉氏春秋傳,KR1e0022,15 卷,"四庫全書 文淵閣版, V147.5, p363",1,劉敞,1019 - 1068,宋,撰
skqs1.org,劉氏春秋意林,KR1e0023,2 卷,"四庫全書 文淵閣版, V147.6, p485",1,劉敞,1019 - 1068,宋,撰
skqs1.org,春秋傳說例,KR1e0024,1 卷,"四庫全書 文淵閣版, V147.7, p541",1,劉敞,1019 - 1068,宋,撰
skqs1.org,孫氏春秋經解,KR1e0025,13 卷,"四庫全書 文淵閣版, V147.8, p551",1,孫覺,1028 - 1090,宋,撰
skqs1.org,蘇氏春秋集解,KR1e0026,12 卷,"四庫全書 文淵閣版, V148.1, p1",1,蘇轍,1039 - 1112,宋,撰
skqs1.org,春秋辨疑,KR1e0027,4 卷,"四庫全書 文淵閣版, V148.2, p107",1,蕭楚,1064 - 1130,宋,撰
skqs1.org,崔氏春秋經解,KR1e0028,12 卷,"四庫全書 文淵閣版, V148.3, p173",1,崔子方,,宋,撰
skqs1.org,春秋本例,KR1e0029,20 卷,"四庫全書 文淵閣版, V148.4, p345",1,崔子方,,宋,撰
skqs1.org,春秋五禮例宗,KR1e0030,存7 卷,"四庫全書 文淵閣版, V148.5, p459",1,張大亨,,宋,撰
skqs1.org,春秋通訓,KR1e0031,6 卷,"四庫全書 文淵閣版, V148.6, p535",1,張大亨,,宋,撰
skqs1.org,葉氏春秋傳,KR1e0032,20 卷,"四庫全書 文淵閣版, V149.1, p1",1,葉夢得,1077 - 1148,宋,撰
skqs1.org,春秋考,KR1e0033,16 卷,"四庫全書 文淵閣版, V149.2, p247",1,葉夢得,1077 - 1148,宋,撰
skqs1.org,春秋左傳讞,KR1e0034,22 卷,"四庫全書 文淵閣版, V149.3, p495",1,葉夢得,1077 - 1148,宋,撰
skqs1.org,呂氏春秋集解,KR1e0035,30 卷,"四庫全書 文淵閣版, V150.1, p1",1,呂本中,,宋,撰
skqs1.org,胡氏春秋傳,KR1e0036,30 卷,"四庫全書 文淵閣版, V151.1, p1",1,胡安國,1073 - 1138,宋,撰
skqs1.org,高氏春秋集註,KR1e0037,40 卷,"四庫全書 文淵閣版, V151.2, p251",1,高閌,,宋,撰
skqs1.org,春秋後傳,KR1e0038,12 卷,"四庫全書 文淵閣版, V151.3, p593",1,陳傳良,1137 - 1203,宋,撰
skqs1.org,左氏傳說,KR1e0039,20 卷,"四庫全書 文淵閣版, V152.1, p1",1,呂祖謙,1137 - 1181,宋,撰
skqs1.org,左氏傳續說,KR1e0040,12 卷,"四庫全書 文淵閣版, V152.2, p143",1,呂祖謙,1137 - 1181,宋,撰
skqs1.org,左氏博議,KR1e0041,25 卷,"四庫全書 文淵閣版, V152.3, p295",1,呂祖謙,1137 - 1181,宋,撰
skqs1.org,春秋比事,KR1e0042,20 卷,"四庫全書 文淵閣版, V153.1, p1",1,沈棐,,宋,撰
skqs1.org,春秋左傳要義,KR1e0044,31 卷,"四庫全書 文淵閣版, V153.2, p253",1,魏了翁,1178 - 1237,宋,撰
skqs1.org,春秋分記,KR1e0045,90 卷,"四庫全書 文淵閣版, V154.1, p1",1,程公說,,宋,撰
skqs1.org,春秋講義,KR1e0046,4 卷,"四庫全書 文淵閣版, V155.1, p1",1,戴溪,fl. 1178 - 1215,宋,撰
skqs1.org,春秋集義,KR1e0047,50 卷,"四庫全書 文淵閣版, V155.2, p175",1,李明復,,宋,撰
skqs1.org,張氏春秋集注,KR1e0048,11 卷,"四庫全書 文淵閣版, V156.1, p1",1,張洽,,宋,撰
skqs1.org,春秋王霸列國世紀編,KR1e0049,3 卷,"四庫全書 文淵閣版, V156.2, p179",1,李琪,,宋,撰
skqs1.org,春秋通說,KR1e0050,13 卷,"四庫全書 文淵閣版, V156.3, p289",1,黃仲炎,,宋,撰
skqs1.org,洪氏春秋說,KR1e0051,13 卷,"四庫全書 文淵閣版, V156.4, p457",1,洪咨虁,,宋,撰
skqs1.org,春秋經筌,KR1e0052,16 卷,"四庫全書 文淵閣版, V157.1, p1",1,趙鵬飛,,宋,撰
skqs1.org,春秋或問,KR1e0053,20 卷,"四庫全書 文淵閣版, V157.2, p477",1,呂大圭,,宋,撰
skqs1.org,春秋集傳詳說,KR1e0054,30 卷,"四庫全書 文淵閣版, V158.1, p1",1,家鉉翁,fl. 1295,宋,撰
skqs1.org,讀春秋編,KR1e0055,12 卷,"四庫全書 文淵閣版, V158.2, p509",1,陳深,fl. 1279 - 1328,宋,撰
skqs1.org,春秋集傳釋義大成,KR1e0056,12 卷,"四庫全書 文淵閣版, V159.1, p1",1,俞皋,,元,撰
skqs1.org,春秋纂言,KR1e0057,19 卷,"四庫全書 文淵閣版, V159.2, p335",1,吳澄,1249 - 1331,元,撰
skqs1.org,春秋提綱,KR1e0058,10 卷,"四庫全書 文淵閣版, V159.3, p753",1,陳則通,,元,撰
skqs1.org,春秋諸國統紀,KR1e0059,6 卷,"四庫全書 文淵閣版, V159.4, p865",1,齊履謙,1263 - 1329,元,撰
skqs1.org,春秋本義,KR1e0060,30 卷,"四庫全書 文淵閣版, V160.1, p1",1,程端學,,元,撰
skqs1.org,程氏春秋或問,KR1e0061,10 卷,"四庫全書 文淵閣版, V160.2, p519",1,程端學,,元,撰
skqs1.org,三傳辨疑,KR1e0062,20 卷,"四庫全書 文淵閣版, V161.1, p1",1,程端學,,元,撰
skqs1.org,春秋讞義,KR1e0063,9 卷,"四庫全書 文淵閣版, V162.1, p1",1,王元杰,,元,撰
skqs1.org,春秋會通,KR1e0064,24 卷,"四庫全書 文淵閣版, V162.2, p163",1,李廉,,元,撰
skqs1.org,春秋闕欵,KR1e0065,45 卷,"四庫全書 文淵閣版, V163.1, p1",1,鄭玉,1298 - 1358,元,撰
skqs1.org,春秋集傳,KR1e0066,15 卷,"四庫全書 文淵閣版, V164.1, p1",1,趙汸,1319 - 1369,元,撰
skqs1.org,春秋師說,KR1e0067,3 卷,"四庫全書 文淵閣版, V164.2, p253",1,趙汸,1319 - 1369,元,撰
skqs1.org,春秋左氏傳補註,KR1e0068,10 卷,"四庫全書 文淵閣版, V164.3, p327",1,趙汸,1319 - 1369,元,撰
skqs1.org,春秋金鎖匙,KR1e0069,1 卷,"四庫全書 文淵閣版, V164.4, p413",1,趙汸,1319 - 1369,元,撰
skqs1.org,春秋屬辭,KR1e0070,15 卷,"四庫全書 文淵閣版, V164.5, p441",1,趙汸,1319 - 1369,元,撰
skqs1.org,春秋胡傳附錄纂疏,KR1e0071,30 卷,"四庫全書 文淵閣版, V165.1, p1",1,汪克寬,1304 - 1372,元,撰
skqs1.org,春秋春王正月考,KR1e0072,1 卷,"四庫全書 文淵閣版, V165.2, p753",1,張以寧,1301 - 1370,明,撰
skqs1.org,春秋書法鉤元,KR1e0073,4 卷,"四庫全書 文淵閣版, V165.3, p807",1,石光霽,,明,撰
skqs1.org,春秋大全,KR1e0074,37 卷,"四庫全書 文淵閣版, V166.1, p1",1,胡廣,1370 - 1418,明,奉敕撰
skqs1.org,春秋經傳辨疑,KR1e0075,2 卷,"四庫全書 文淵閣版, V167.1, p1",1,童品,,明,撰
skqs1.org,春秋正傳,KR1e0076,37 卷,"四庫全書 文淵閣版, V167.2, p37",1,湛若水,1466 - 1570,明,撰
skqs1.org,左傳附注,KR1e0077,5 卷,"四庫全書 文淵閣版, V167.3, p683",1,陸粲,1494 - 1551,明,撰
skqs1.org,春秋胡氏傳辨疑,KR1e0078,2 卷,"四庫全書 文淵閣版, V167.4, p753",1,陸粲,1494 - 1551,明,撰
skqs1.org,春秋明志錄,KR1e0079,12 卷,"四庫全書 文淵閣版, V168.1, p1",1,熊過,,明,撰
skqs1.org,春秋正旨,KR1e0080,1 卷,"四庫全書 文淵閣版, V168.2, p323",1,高拱,1512 - 1578,明,撰
skqs1.org,春秋輯傳,KR1e0081,13 卷,"四庫全書 文淵閣版, V168.3, p335",1,王樵,1521 - 1599,明,撰
skqs1.org,春秋億,KR1e0082,6 卷,"四庫全書 文淵閣版, V169.1, p1",1,徐學謨,1522 - 1593,明,撰
skqs1.org,春秋事義全考,KR1e0083,16 卷,"四庫全書 文淵閣版, V169.2, p83",1,姜寶,b. 1514,明,撰
skqs1.org,春秋左傳屬事,KR1e0084,20 卷,"四庫全書 文淵閣版, V169.3, p491",1,傳遜,,明,撰
skqs1.org,春秋胡傳考誤,KR1e0085,1 卷,"四庫全書 文淵閣版, V169.4, p937",1,袁仁,,明,撰
skqs1.org,左氏釋,KR1e0086,2 卷,"四庫全書 文淵閣版, V169.5, p953",1,馮時可,,明,撰
skqs1.org,春秋質疑,KR1e0087,12 卷,"四庫全書 文淵閣版, V169.6, p979",1,楊于庭,,明,撰
skqs1.org,春秋孔義,KR1e0088,12 卷,"四庫全書 文淵閣版, V170.1, p1",1,高攀龍,1562 - 1626,明,撰
skqs1.org,春秋辯義,KR1e0089,30 卷,"四庫全書 文淵閣版, V170.2, p155",1,卓爾康,1570 - 1644,明,撰
skqs1.org,讀春秋略記,KR1e0090,12 卷,"四庫全書 文淵閣版, V171.1, p1",1,朱朝瑛,1605 - 1570,明,撰
skqs1.org,春秋四傳質,KR1e0091,2 卷,"四庫全書 文淵閣版, V171.2, p227",1,王介之,,明,撰
skqs1.org,左傳杜林合注,KR1e0092,50 卷,"四庫全書 文淵閣版, V171.3, p323",1,杜預,222 - 284,晉,注
skqs1.org,左傳杜林合注,KR1e0092,50 卷,"四庫全書 文淵閣版, V171.3, p323",2,林堯叟,,宋,注
skqs1.org,左傳杜林合注,KR1e0092,50 卷,"四庫全書 文淵閣版, V171.3, p323",3,王道焜,,明,編
skqs1.org,左傳杜林合注,KR1e0092,50 卷,"四庫全書 文淵閣版, V171.3, p323",4,趙如源,,明,編
skqs1.org,日講春秋解義,KR1e0093,64 卷,"四庫全書 文淵閣版, V172.1, p1",1,庫勒納,,清,奉敕撰
skqs1.org,日講春秋解義,KR1e0093,64 卷,"四庫全書 文淵閣版, V172.1, p1",2,李光地,,清,奉敕撰
skqs1.org,欽定春秋傳說彙纂,KR1e0094,38 卷,"四庫全書 文淵閣版, V173.1, p1",1,王掞,,清,奉敕撰
skqs1.org,欽定春秋傳說彙纂,KR1e0094,38 卷,"四庫全書 文淵閣版, V173.1, p1",2,張廷玉,,清,奉敕撰
skqs1.org,御纂春秋直解,KR1e0095,12 卷,"四庫全書 文淵閣版, V174.1, p1",1,傳恒,d. 1770,清,奉敕撰
skqs1.org,左傳杜解補正,KR1e0096,3 卷,"四庫全書 文淵閣版, V174.2, p287",1,顧炎武,1613 - 1682,清,撰
skqs1.org,春秋稗疏,KR1e0097,2 卷,"四庫全書 文淵閣版, V174.3, p341",1,王夫之,1619 - 1692,清,撰
skqs1.org,春秋四傳糾正,KR1e0098,1 卷,"四庫全書 文淵閣版, V174.4, p385",1,俞汝言,1614 - 1679,清,撰
skqs1.org,春秋平議,KR1e0099,12 卷,"四庫全書 文淵閣版, V174.5, p409",1,俞汝言,1614 - 1679,清,撰
skqs1.org,讀左日鈔,KR1e0100,12 卷,"四庫全書 文淵閣版, V175.1, p1",1,朱鶴齡,1606 - 1683,清,撰
skqs1.org,左傳事緯,KR1e0101,12 卷,"四庫全書 文淵閣版, V175.2, p263",1,馬驌,1620 - 1673,清,撰
skqs1.org,春秋毛氏傳,KR1e0102,36 卷,"四庫全書 文淵閣版, V176.1, p1",1,毛奇齡,1623 - 1716,清,撰
skqs1.org,春秋簡書刊誤,KR1e0103,2 卷,"四庫全書 文淵閣版, V176.2, p409",1,毛奇齡,1623 - 1716,清,撰
skqs1.org,春秋屬辭比事記,KR1e0104,4 卷,"四庫全書 文淵閣版, V176.3, p441",1,毛奇齡,1623 - 1716,清,撰
skqs1.org,春秋地名考略,KR1e0105,14 卷,"四庫全書 文淵閣版, V176.4, p479",1,高士奇,1645 - 1704,清,撰
skqs1.org,春秋管窺,KR1e0106,12 卷,"四庫全書 文淵閣版, V176.5, p681",1,徐庭垣,,清,撰
skqs1.org,三傳折諸,KR1e0107,44 卷,"四庫全書 文淵閣版, V177.1, p1",1,張尚瑗,,清,撰
skqs1.org,春秋闕如編,KR1e0108,8 卷,"四庫全書 文淵閣版, V177.2, p739",1,焦袁熹,1660 - 1725,清,撰
skqs1.org,春秋宗朱辨義,KR1e0109,12 卷,"四庫全書 文淵閣版, V178.1, p1",1,張自超,,清,撰
skqs1.org,春秋通論,KR1e0110,4 卷,"四庫全書 文淵閣版, V178.2, p291",1,方苞,1668 - 1749,清,撰
skqs1.org,春秋世族譜,KR1e0111,2 卷,"四庫全書 文淵閣版, V178.3, p351",1,陳厚耀,1648 - 1722,清,撰
skqs1.org,春秋長歷,KR1e0112,10 卷,"四庫全書 文淵閣版, V178.4, p393",1,陳厚耀,1648 - 1722,清,撰
skqs1.org,惠氏春秋說,KR1e0113,15 卷,"四庫全書 文淵閣版, V178.5, p627",1,惠士奇,1670 - 1741,清,撰
skqs1.org,春秋大事表,KR1e0114,50 卷,"四庫全書 文淵閣版, V179.1, p1 - V180.1",1,顧棟高,1679 - 1759,清,撰
skqs1.org,春秋識小錄,KR1e0115,9 卷,"四庫全書 文淵閣版, V181.1, p1",1,程廷祚,1691 - 1767,清,撰
skqs1.org,惠氏春秋左傳補註,KR1e0116,6 卷,"四庫全書 文淵閣版, V181.2, p119",1,惠棟,1697 - 1758,清,撰
skqs1.org,春秋左傳小疏,KR1e0117,1 卷,"四庫全書 文淵閣版, V181.3, p231",1,沈彤,1688 - 1752,清,撰
skqs1.org,春秋地理考實,KR1e0118,4 卷,"四庫全書 文淵閣版, V181.4, p247",1,江永,1681 - 1762,清,撰
skqs1.org,三正考,KR1e0119,2 卷,"四庫全書 文淵閣版, V181.5, p329",1,吳鼐,,清,撰
skqs1.org,春秋究遺,KR1e0120,16 卷,"四庫全書 文淵閣版, V181.6, p347",1,葉酉,,清,撰
skqs1.org,春秋隨筆,KR1e0121,2 卷,"四庫全書 文淵閣版, V181.7, p661",1,顧奎光,1719 - 1764,清,撰
skqs1.org,春秋繁露,KR1e0122,17 卷,"四庫全書 文淵閣版, V181.8, p697",1,董仲舒,-2nd cent,漢,撰
skqs1.org,古文孝經孔氏傳,KR1f0003,1 卷,"四庫全書 文淵閣版, V182.1, p1",1,孔安國,,漢,傳
skqs1.org,古文孝經孔氏傳,KR1f0003,1 卷,"四庫全書 文淵閣版, V182.1, p1",2,太宰純,,日本,音
skqs1.org,孝經注疏,KR1f0004,9 卷,"四庫全書 文淵閣版, V182.2, p23",1,玄宗,597 - 649,唐,御注
skqs1.org,孝經注疏,KR1f0004,9 卷,"四庫全書 文淵閣版, V182.2, p23",2,陸德明,,唐,音義
skqs1.org,孝經注疏,KR1f0004,9 卷,"四庫全書 文淵閣版, V182.2, p23",3,邢昺,,宋,疏
skqs1.org,孝經注疏,KR1f0004,9 卷,"四庫全書 文淵閣版, V182.2, p23",4,李清植,,清,考證
skqs1.org,孝經指解,KR1f0005,1 卷,"四庫全書 文淵閣版, V182.3, p85",1,玄宗,597 - 649,唐,御注
skqs1.org,孝經指解,KR1f0005,1 卷,"四庫全書 文淵閣版, V182.3, p85",2,司馬光,1019 - 1086,宋,指解
skqs1.org,孝經指解,KR1f0005,1 卷,"四庫全書 文淵閣版, V182.3, p85",3,范祖禹,,宋,說
skqs1.org,孝經刊誤,KR1f0006,1 卷,"四庫全書 文淵閣版, V182.4, p103",1,朱熹,1130 - 1200,宋,撰
skqs1.org,孝經大義,KR1f0007,1 卷,"四庫全書 文淵閣版, V182.5, p111",1,董鼎,13th cent,元,撰
skqs1.org,孝經定本,KR1f0008,1 卷,"四庫全書 文淵閣版, V182.6, p127",1,吳澄,1249 - 1331,元,撰
skqs1.org,孝經述註,KR1f0009,1 卷,"四庫全書 文淵閣版, V182.7, p141",1,項霦,,明,撰
skqs1.org,孝經集傳,KR1f0010,4 卷,"四庫全書 文淵閣版, V182.8, p155",1,黃道周,1585 - 1646,明,撰
skqs1.org,御定孝經注,KR1f0011,1 卷,"四庫全書 文淵閣版, V182.9, p255",1,世祖,1638 - 1661,清,御定
skqs1.org,御定孝經注,KR1f0011,1 卷,"四庫全書 文淵閣版, V182.9, p255",2,蔣赫德,,清,纂
skqs1.org,御纂孝經集註,KR1f0012,1 卷,"四庫全書 文淵閣版, V182.10, p269",1,世宗胤禎,1678 - 1735,清,御定
skqs1.org,孝經問,KR1f0013,1 卷,"四庫全書 文淵閣版, V182.11, p281",1,毛奇齡,1623 - 1716,清,撰
skqs1.org,駁五經異義,KR1g0001,1 卷,"四庫全書 文淵閣版, V182.12, p295",1,許慎,,漢,異義
skqs1.org,駁五經異義,KR1g0001,1 卷,"四庫全書 文淵閣版, V182.12, p295",2,鄭玄,127 - 200,漢,駁
skqs1.org,鄭志,KR1g0002,3 卷,"四庫全書 文淵閣版, V182.13, p325",1,鄭小同,fl. 200 - 254,魏,撰
skqs1.org,經典釋文,KR1g0003,30 卷,"四庫全書 文淵閣版, V182.14, p355",1,陸德明,556 - 627,唐,撰
skqs1.org,公是七經小傳,KR1g0004,3 卷,"四庫全書 文淵閣版, V183.1, p1",1,劉敞,1009 - 1068,宋,撰
skqs1.org,程氏經說,KR1g0005,7 卷,"四庫全書 文淵閣版, V183.2, p45",1,程頤,1033 - 1107,宋,撰
skqs1.org,六經圖,KR1g0006,10 卷,"四庫全書 文淵閣版, V183.3, p137",1,楊甲,,宋,撰
skqs1.org,六經圖,KR1g0006,10 卷,"四庫全書 文淵閣版, V183.3, p137",2,毛邦翰,,宋,補
skqs1.org,六經正誤,KR1g0007,6 卷,"四庫全書 文淵閣版, V183.4, p455",1,毛居正,,宋,撰
skqs1.org,九經三傳沿革例,KR1g0008,1 卷,"四庫全書 文淵閣版, V183.5, p559",1,岳珂,1173? - ca. 1240,宋,撰
skqs1.org,融堂四書管見,KR1g0009,13 卷,"四庫全書 文淵閣版, V183.6, p579",1,錢時,,宋,撰
skqs1.org,四如講稿,KR1g0010,6 卷,"四庫全書 文淵閣版, V183.7, p737",1,黃仲元,1231 - 1312,宋,撰
skqs1.org,六經奧論,KR1g0011,6 卷,"四庫全書 文淵閣版, V184.1, p1",1,鄭樵,1104 - 1162,宋,撰
skqs1.org,明本排字九經直音,KR1g0012,2 卷,"四庫全書 文淵閣版, V184.2, p123",1,闕名,,,撰
skqs1.org,五經說,KR1g0013,7 卷,"四庫全書 文淵閣版, V184.3, p245",1,熊明來,1246 - 1323,元,撰
skqs1.org,十一經問對,KR1g0014,5 卷,"四庫全書 文淵閣版, V184.4, p343",1,何異孫,,元,撰
skqs1.org,五經蠡測,KR1g0015,6 卷,"四庫全書 文淵閣版, V184.5, p433",1,蔣悌生,,明,撰
skqs1.org,簡端錄,KR1g0016,12 卷,"四庫全書 文淵閣版, V184.6, p539",1,邵寶,1460 - 1527,明,撰
skqs1.org,五經稽疑,KR1g0017,8 卷,"四庫全書 文淵閣版, V184.7, p679",1,朱睦㮮,1517 - 1586,明,撰
skqs1.org,經典稽疑,KR1g0018,2 卷,"四庫全書 文淵閣版, V184.8, p779",1,陳耀文,,明,撰
skqs1.org,欽定繙譯五經四書,KR1g0019,131 卷,"四庫全書 文淵閣版, V185.1, p1 - V189.1",1,高宗弘曆,1711 - 1799,清,欽定
skqs1.org,七經孟子考文補遺,KR1g0020,200 卷,"四庫全書 文淵閣版, V190.1, p1",1,山井鼎,d. 1728,日本,撰
skqs1.org,七經孟子考文補遺,KR1g0020,200 卷,"四庫全書 文淵閣版, V190.1, p1",2,物觀,,,補遺
skqs1.org,九經誤字,KR1g0021,1 卷,"四庫全書 文淵閣版, V191.1, p1",1,顧炎武,1613 - 1682,清,撰
skqs1.org,經問,KR1g0022,18 卷,"四庫全書 文淵閣版, V191.2, p7",1,毛奇齡,1623 - 1716,清,撰
skqs1.org,經問,KR1g0022,18 卷,"四庫全書 文淵閣版, V191.2, p7",2,毛遠宗,,清,輯
skqs1.org,十三經義疑,KR1g0023,12 卷,"四庫全書 文淵閣版, V191.3, p251",1,吳浩,,清,撰
skqs1.org,九經古義,KR1g0024,16 卷,"四庫全書 文淵閣版, V191.4, p359",1,惠棟,1697 - 1758,清,撰
skqs1.org,經稗,KR1g0025,12 卷,"四庫全書 文淵閣版, V191.5, p503",1,鄭方坤,,清,撰
skqs1.org,十三經注疏正字,KR1g0026,81 卷,"四庫全書 文淵閣版, V192.1, p1",1,沈廷芳,1702 - 1772,清,撰
skqs1.org,朱子五經語類,KR1g0027,80 卷,"四庫全書 文淵閣版, V193.1, p1",1,程川,,清,撰
skqs1.org,羣經補義,KR1g0028,5 卷,"四庫全書 文淵閣版, V194.1, p1",1,江永,1681 - 1762,清,撰
skqs1.org,經咫,KR1g0029,1 卷,"四庫全書 文淵閣版, V194.2, p61",1,陳祖范,1676 - 1754,清,撰
skqs1.org,九經辨字瀆蒙,KR1g0030,12 卷,"四庫全書 文淵閣版, V194.3, p93",1,沈炳震,1679 - 1738,清,撰
skqs1.org,古經解鉤沉,KR1g0031,30 卷,"四庫全書 文淵閣版, V194.4, p353",1,余蕭客,1729 - 1777,清,撰
skqs1.org,古微書,KR1g0032,36 卷,"四庫全書 文淵閣版, V194.5, p807",1,孫瑴,17th cent,明,編
skqs1.org,孟子注疏,KR1h0003,14 卷,"四庫全書 文淵閣版, V195.1, p1",1,趙岐,d. 201,漢,注
skqs1.org,孟子注疏,KR1h0003,14 卷,"四庫全書 文淵閣版, V195.1, p1",2,孫奭,,宋,音義
skqs1.org,孟子注疏,KR1h0003,14 卷,"四庫全書 文淵閣版, V195.1, p1",3,陸宗楷,,清,撰
skqs1.org,論語集解義疏,KR1h0006,10 卷,"四庫全書 文淵閣版, V195.2, p333",1,何晏,d. 249,魏,集解
skqs1.org,論語集解義疏,KR1h0006,10 卷,"四庫全書 文淵閣版, V195.2, p333",2,皇侃,,梁,義疏
skqs1.org,論語注疏,KR1h0007,20 卷,"四庫全書 文淵閣版, V195.3, p525",1,何晏,d. 249,魏,集解
skqs1.org,論語注疏,KR1h0007,20 卷,"四庫全書 文淵閣版, V195.3, p525",2,陸德明,,唐,音義
skqs1.org,論語注疏,KR1h0007,20 卷,"四庫全書 文淵閣版, V195.3, p525",3,邢昺,,宋,疏
skqs1.org,論語注疏,KR1h0007,20 卷,"四庫全書 文淵閣版, V195.3, p525",4,陸宗楷,,清,撰
skqs1.org,論語注疏,KR1h0007,20 卷,"四庫全書 文淵閣版, V195.3, p525",5,呂熾,,清,撰
skqs1.org,論語筆解,KR1h0008,2 卷,"四庫全書 文淵閣版, V196.1, p1",1,韓愈,768 - 824,唐,撰
skqs1.org,論語筆解,KR1h0008,2 卷,"四庫全書 文淵閣版, V196.1, p1",2,李翱,,唐,撰
skqs1.org,孟子音義,KR1h0009,2 卷,"四庫全書 文淵閣版, V196.2, p29",1,孫奭,962 - 1033,宋,撰
skqs1.org,論語拾遺,KR1h0010,1 卷,"四庫全書 文淵閣版, V196.3, p45",1,蘇轍,1039 - 1112,宋,撰
skqs1.org,孟子解,KR1h0011,1 卷,"四庫全書 文淵閣版, V196.4, p53",1,蘇轍,1039 - 1112,宋,撰
skqs1.org,論語全解,KR1h0012,10 卷,"四庫全書 文淵閣版, V196.5, p63",1,陳祥道,1053 - 1093,宋,撰
skqs1.org,孟子傳,KR1h0013,29 卷,"四庫全書 文淵閣版, V196.6, p229",1,張九成,1092 - 1159,宋,撰
skqs1.org,尊孟辨,KR1h0014,3 卷,"四庫全書 文淵閣版, V196.7, p517",1,余允文,1163 - 1172,宋,撰
skqs1.org,大學,KR1h0015,19 卷,"四庫全書 文淵閣版, V197.1, p1",1,朱熹,1130 - 1200,宋,撰
skqs1.org,四書或問,KR1h0016,39 卷,"四庫全書 文淵閣版, V197.2, p215",1,朱熹,1130 - 1200,宋,撰
skqs1.org,論孟精義,KR1h0017,34 卷,"四庫全書 文淵閣版, V198.1, p1",1,朱熹,1130 - 1200,宋,撰
skqs1.org,中庸輯略,KR1h0018,2 卷,"四庫全書 文淵閣版, V198.2, p555",1,石𡼖,,宋,編
skqs1.org,中庸輯略,KR1h0018,2 卷,"四庫全書 文淵閣版, V198.2, p555",2,朱熹,1130 - 1200,宋,刪定
skqs1.org,石鼓論語答問,KR1h0019,3 卷,"四庫全書 文淵閣版, V199.1, p1",1,戴溪,fl. 1178 - 1215,宋,撰
skqs1.org,論語意原,KR1h0020,4 卷,"四庫全書 文淵閣版, V199.2, p111",1,鄭汝諧,fl. 1194,宋,撰
skqs1.org,癸巳論語解,KR1h0021,10 卷,"四庫全書 文淵閣版, V199.3, p189",1,張栻,1133 - 1180,宋,撰
skqs1.org,癸巳孟子說,KR1h0022,7 卷,"四庫全書 文淵閣版, V199.4, p321",1,張栻,1133 - 1180,宋,著
skqs1.org,蒙齋中庸講義,KR1h0023,4 卷,"四庫全書 文淵閣版, V199.5, p553",1,袁甫,,宋,撰
skqs1.org,四書集編,KR1h0024,29 卷,"四庫全書 文淵閣版, V200.1, p1",1,真德秀,1178 - 1235,宋,撰
skqs1.org,四書集編,KR1h0024,29 卷,"四庫全書 文淵閣版, V200.1, p1",2,劉承,,宋,輯
skqs1.org,孟子集疏,KR1h0025,14 卷,"四庫全書 文淵閣版, V200.2, p383",1,蔡模,1188 - 1246,宋,撰
skqs1.org,論語集說,KR1h0026,10 卷,"四庫全書 文淵閣版, V200.3, p557",1,蔡節,,宋,撰
skqs1.org,中庸指歸,KR1h0027,1 卷,"四庫全書 文淵閣版, V200.4, p713",1,黎立武,1276 - 1343,宋,撰
skqs1.org,四書纂疏,KR1h0028,28 卷,"四庫全書 文淵閣版, V201.1, p1",1,趙順孫,,宋,撰
skqs1.org,大學疏義,KR1h0029,1 卷,"四庫全書 文淵閣版, V202.1, p1",1,金履祥,1232 - 1303,宋,撰
skqs1.org,論孟集註考證,KR1h0030,17 卷,"四庫全書 文淵閣版, V202.2, p35",1,金履祥,1232 - 1303,宋,撰
skqs1.org,四書集義精要,KR1h0031,28 卷,"四庫全書 文淵閣版, V202.3, p149",1,劉因,1249 - 1293,元,撰
skqs1.org,四書辨疑,KR1h0032,15 卷,"四庫全書 文淵閣版, V202.4, p331",1,陳天祥,1230 - 1316,元,撰
skqs1.org,讀四書叢說,KR1h0033,4 卷,"四庫全書 文淵閣版, V202.5, p529",1,許謙,1270 - 1337,元,撰
skqs1.org,四書通,KR1h0034,28 卷,"四庫全書 文淵閣版, V203.1, p1",1,胡炳文,1250 - 1333,元,撰
skqs1.org,四書通證,KR1h0035,6 卷,"四庫全書 文淵閣版, V203.2, p637",1,張存中,,元,撰
skqs1.org,四書疑節,KR1h0036,12 卷,"四庫全書 文淵閣版, V203.3, p745",1,袁俊翁,,元,撰
skqs1.org,四書經疑貫通,KR1h0037,8 卷,"四庫全書 文淵閣版, V203.4, p891",1,王充耘,,元,撰
skqs1.org,四書纂箋,KR1h0038,28 卷,"四庫全書 文淵閣版, V204.1, p1",1,詹道傳,,元,撰
skqs1.org,四書通旨,KR1h0039,6 卷,"四庫全書 文淵閣版, V204.2, p507",1,朱公遷,,元,撰
skqs1.org,四書管窺,KR1h0040,8 卷,"四庫全書 文淵閣版, V204.3, p675",1,史伯璿,,元,撰
skqs1.org,大學中庸集說啟蒙,KR1h0041,8 卷,"四庫全書 文淵閣版, V204.4, p961",1,景星,,元,撰
skqs1.org,四書大全,KR1h0043,40 卷,"四庫全書 文淵閣版, V205.1, p1",1,胡廣,1370 - 1418,明,奉敕撰
skqs1.org,四書蒙引,KR1h0044,15 卷,"四庫全書 文淵閣版, V206.1, p1",1,蔡清,1453 - 1508,明,撰
skqs1.org,四書蒙引,KR1h0044,15 卷,"四庫全書 文淵閣版, V206.1, p1",2,莊煦,,明,編
skqs1.org,四書因問,KR1h0045,6 卷,"四庫全書 文淵閣版, V206.2, p753",1,呂柟,1479 - 1542,明,撰
skqs1.org,問辨錄,KR1h0046,10 卷,"四庫全書 文淵閣版, V207.1, p1",1,高拱,1512 - 1578,明,撰
skqs1.org,論語類考,KR1h0047,20 卷,"四庫全書 文淵閣版, V207.2, p97",1,陳士元,,明,撰
skqs1.org,孟子雜記,KR1h0048,4 卷,"四庫全書 文淵閣版, V207.3, p289",1,陳士元,,明,撰
skqs1.org,學庸正說,KR1h0049,3 卷,"四庫全書 文淵閣版, V207.4, p357",1,趙南星,1550 - 1627,明,撰
skqs1.org,論語商,KR1h0050,2 卷,"四庫全書 文淵閣版, V207.5, p431",1,周宗建,1582 - 1626,明,撰
skqs1.org,論語學案,KR1h0051,10 卷,"四庫全書 文淵閣版, V207.6, p505",1,劉宗周,1578 - 1645,明,撰
skqs1.org,四書留書,KR1h0052,6 卷,"四庫全書 文淵閣版, V207.7, p709",1,章世純,,明,撰
skqs1.org,日講四書解義,KR1h0053,26 卷,"四庫全書 文淵閣版, V208.1, p1",1,喇沙里,,清,奉敕編
skqs1.org,四書近指,KR1h0054,20 卷,"四庫全書 文淵閣版, V208.2, p649",1,孫奇逢,1584 - 1675,清,撰
skqs1.org,孟子師說,KR1h0055,2 卷,"四庫全書 文淵閣版, V208.3, p831",1,黃宗義,1610 - 1695,清,撰
skqs1.org,大學翼真,KR1h0056,7 卷,"四庫全書 文淵閣版, V208.4, p905",1,胡渭,1633 - 1714,清,撰
skqs1.org,四書講義困勉錄,KR1h0057,37 卷,"四庫全書 文淵閣版, V209.1, p1",1,陸隴其,1630 - 1693,清,撰
skqs1.org,松陽講義,KR1h0058,12 卷,"四庫全書 文淵閣版, V209.2, p839",1,陸隴其,1630 - 1693,清,撰
skqs1.org,榕村四書說,KR1h0059,7 卷,"四庫全書 文淵閣版, V210.1, p1",1,李光地,1642 - 1718,清,撰
skqs1.org,論語稽求篇,KR1h0060,7 卷,"四庫全書 文淵閣版, V210.2, p133",1,毛奇齡,1623 - 1716,清,撰
skqs1.org,四書賸言,KR1h0061,4 卷,"四庫全書 文淵閣版, V210.3, p207",1,毛奇齡,1623 - 1716,清,撰
skqs1.org,四書賸言,KR1h0061,4 卷,"四庫全書 文淵閣版, V210.3, p207",2,毛遠宗,,清,編
skqs1.org,大學證文,KR1h0062,4 卷,"四庫全書 文淵閣版, V210.4, p277",1,毛奇齡,1623 - 1716,清,撰
skqs1.org,四書釋地,KR1h0063,1 卷,"四庫全書 文淵閣版, V210.5, p315",1,閻若璩,1636 - 1704,清,撰
skqs1.org,四書劄記,KR1h0064,4 卷,"四庫全書 文淵閣版, V210.6, p483",1,楊名時,1660 - 1736,清,撰
skqs1.org,此木軒四書說,KR1h0065,9 卷,"四庫全書 文淵閣版, V210.7, p521",1,焦袁熹,1660 - 1725,清,撰
skqs1.org,四書逸箋,KR1h0066,6 卷,"四庫全書 文淵閣版, V210.8, p657",1,程大中,,清,撰
skqs1.org,鄉黨圖考,KR1h0067,10 卷,"四庫全書 文淵閣版, V210.9, p713",1,江永,1681 - 1762,清,撰
skqs1.org,皇祐新樂圖記,KR1i0001,3 卷,"四庫全書 文淵閣版, V211.1, p1",1,阮逸,,宋,奉敕撰
skqs1.org,皇祐新樂圖記,KR1i0001,3 卷,"四庫全書 文淵閣版, V211.1, p1",2,胡瑗,,宋,奉敕撰
skqs1.org,樂書,KR1i0002,200 卷,"四庫全書 文淵閣版, V211.2, p23",1,陳暘,,宋,撰
skqs1.org,律呂新書,KR1i0003,2 卷,"四庫全書 文淵閣版, V212.1, p1",1,蔡元定,1135 - 1198,宋,撰
skqs1.org,瑟譜,KR1i0004,6 卷,"四庫全書 文淵閣版, V212.2, p49",1,熊朋來,1246 - 1323,元,撰
skqs1.org,韶舞九成樂補,KR1i0005,1 卷,"四庫全書 文淵閣版, V212.3, p93",1,余載,fl. 1328 - 1329,元,撰
skqs1.org,律呂成書,KR1i0006,2 卷,"四庫全書 文淵閣版, V212.4, p115",1,劉瑾,d. 1510,元,撰
skqs1.org,苑洛志樂,KR1i0007,20 卷,"四庫全書 文淵閣版, V212.5, p189",1,韓邦奇,1479 - 1555,明,撰
skqs1.org,鐘律通考,KR1i0008,6 卷,"四庫全書 文淵閣版, V212.6, p643",1,倪復,,明,撰
skqs1.org,樂律全書,KR1i0009,42 卷,"四庫全書 文淵閣版, V213.1, p1 - V214.1",1,朱載堉,1536 - 1611,明,撰
skqs1.org,御製律呂正義,KR1i0010,5 卷,"四庫全書 文淵閣版, V215.1, p1",1,聖祖玄燁,1654 - 1722,清,御定
skqs1.org,御製律呂正義後編,KR1i0011,128 卷,"四庫全書 文淵閣版, V215.2, p223 - V218.1",1,允祿,1695 - 1767,清,奉敕纂
skqs1.org,御製律呂正義後編,KR1i0011,128 卷,"四庫全書 文淵閣版, V215.2, p223 - V218.1",2,張照,,清,奉敕纂
skqs1.org,欽定詩經樂譜全書,KR1i0012,30 卷,"四庫全書 文淵閣版, V219.1, p1",1,永瑢,1744 - 1790,清,奉敕纂
skqs1.org,欽定詩經樂譜全書,KR1i0012,30 卷,"四庫全書 文淵閣版, V219.1, p1",2,鄒奕孝,,清,奉敕纂
skqs1.org,古樂經傳,KR1i0013,5 卷,"四庫全書 文淵閣版, V220.1, p1",1,李光地,1642 - 1718,清,撰
skqs1.org,古樂書,KR1i0014,2 卷,"四庫全書 文淵閣版, V220.2, p97",1,應撝謙,1615 - 1683,清,撰
skqs1.org,聖諭樂本解說,KR1i0015,2 卷,"四庫全書 文淵閣版, V220.3, p197",1,毛奇齡,1623 - 1716,清,撰
skqs1.org,皇言定聲錄,KR1i0016,8 卷,"四庫全書 文淵閣版, V220.4, p219",1,毛奇齡,1623 - 1716,清,撰
skqs1.org,竟山樂錄,KR1i0017,4 卷,"四庫全書 文淵閣版, V220.5, p291",1,毛奇齡,1623 - 1716,清,撰
skqs1.org,李氏學樂錄,KR1i0018,2 卷,"四庫全書 文淵閣版, V220.6, p339",1,李塨,1659 - 1733,清,撰
skqs1.org,樂律表微,KR1i0019,8 卷,"四庫全書 文淵閣版, V220.7, p369",1,胡彥昇,,清,撰
skqs1.org,律呂新論,KR1i0020,2 卷,"四庫全書 文淵閣版, V220.8, p511",1,江永,1681 - 1762,清,撰
skqs1.org,律呂闡微,KR1i0021,10 卷,"四庫全書 文淵閣版, V220.9, p547",1,江永,1681 - 1762,清,撰
skqs1.org,琴旨,KR1i0022,2 卷,"四庫全書 文淵閣版, V220.10, p687",1,王坦,,清,撰
skqs1.org,爾雅注疏,KR1j0004,11 卷,"四庫全書 文淵閣版, V221.1, p1",1,郭璞,276 - 324,晉,注
skqs1.org,爾雅注疏,KR1j0004,11 卷,"四庫全書 文淵閣版, V221.1, p1",2,陸德明,,唐,音義
skqs1.org,爾雅注疏,KR1j0004,11 卷,"四庫全書 文淵閣版, V221.1, p1",3,邢昺,,宋,疏
skqs1.org,爾雅注疏,KR1j0004,11 卷,"四庫全書 文淵閣版, V221.1, p1",4,張照,,清,撰
skqs1.org,爾雅註,KR1j0005,3 卷,"四庫全書 文淵閣版, V221.2, p237",1,鄭樵,1104 - 1162,宋,撰
skqs1.org,輶軒使者絕代語釋別國方言,KR1j0006,13 卷,"四庫全書 文淵閣版, V221.3, p281",1,揚雄,-53 - 18,漢,撰
skqs1.org,輶軒使者絕代語釋別國方言,KR1j0006,13 卷,"四庫全書 文淵閣版, V221.3, p281",2,郭璞,,晉,注
skqs1.org,釋名,KR1j0007,8 卷,"四庫全書 文淵閣版, V221.4, p383",1,劉熙,fl. 200,漢,撰
skqs1.org,廣雅,KR1j0008,10 卷,"四庫全書 文淵閣版, V221.5, p425",1,張揖,fl. 230,魏,撰
skqs1.org,匡謬正俗,KR1j0009,8 卷,"四庫全書 文淵閣版, V221.6, p471",1,顏師古,581 - 645,唐,撰
skqs1.org,羣經音辨,KR1j0010,7 卷,"四庫全書 文淵閣版, V222.1, p1",1,賈昌朝,998 - 1068,宋,撰
skqs1.org,埤雅,KR1j0011,20 卷,"四庫全書 文淵閣版, V222.2, p59",1,陸佃,1042 - 1102,宋,撰
skqs1.org,爾雅翼,KR1j0012,32 卷,"四庫全書 文淵閣版, V222.3, p239",1,羅願,1136 - 1184,宋,撰
skqs1.org,爾雅翼,KR1j0012,32 卷,"四庫全書 文淵閣版, V222.3, p239",2,洪焱祖,,元,音釋
skqs1.org,駢雅,KR1j0013,7 卷,"四庫全書 文淵閣版, V222.4, p515",1,朱謀㙔,d. 1624,明,撰
skqs1.org,字詁,KR1j0014,1 卷,"四庫全書 文淵閣版, V222.5, p549",1,黃生,b. 1622,清,撰
skqs1.org,續方言,KR1j0015,2 卷,"四庫全書 文淵閣版, V222.6, p585",1,杭世駿,1696 - 1773,清,撰
skqs1.org,別雅,KR1j0016,5 卷,"四庫全書 文淵閣版, V222.7, p607",1,吳玉搢,1698 - 1773,清,撰
skqs1.org,急就篇,KR1j0017,4 卷,"四庫全書 文淵閣版, V223.1, p1",1,史游,fl. -48 - -33,漢,撰
skqs1.org,急就篇,KR1j0017,4 卷,"四庫全書 文淵閣版, V223.1, p1",2,顏師古,,唐,注
skqs1.org,急就篇,KR1j0017,4 卷,"四庫全書 文淵閣版, V223.1, p1",3,王應麟,,宋,補注
skqs1.org,說文解字,KR1j0018,30 卷,"四庫全書 文淵閣版, V223.2, p63",1,許慎,d. 120,漢,撰
skqs1.org,說文解字,KR1j0018,30 卷,"四庫全書 文淵閣版, V223.2, p63",2,徐鉉,,宋,增釋
skqs1.org,說文繫傳,KR1j0019,40 卷,"四庫全書 文淵閣版, V223.3, p385",1,徐鍇,920 - 974,南唐,撰
skqs1.org,說文繫傳,KR1j0019,40 卷,"四庫全書 文淵閣版, V223.3, p385",2,朱翺,,南唐,反切
skqs1.org,說文繫傳考異,KR1j0020,4 卷,"四庫全書 文淵閣版, V223.4, p791",1,汪憲,1721 - 1771,清,撰
skqs1.org,說文解字篆韻譜,KR1j0021,5 卷,"四庫全書 文淵閣版, V223.5, p849",1,徐鍇,920 - 974,南唐,撰
skqs1.org,重修玉篇,KR1j0022,30 卷,"四庫全書 文淵閣版, V224.1, p1",1,顧野王,519 - 581,梁,撰
skqs1.org,重修玉篇,KR1j0022,30 卷,"四庫全書 文淵閣版, V224.1, p1",2,孫強,,唐,增補
skqs1.org,重修玉篇,KR1j0022,30 卷,"四庫全書 文淵閣版, V224.1, p1",3,陳彭年,,宋,重修
skqs1.org,重修玉篇,KR1j0022,30 卷,"四庫全書 文淵閣版, V224.1, p1",4,丘雍,,宋,重修
skqs1.org,重修玉篇,KR1j0022,30 卷,"四庫全書 文淵閣版, V224.1, p1",5,釋神珙,,唐,撰
skqs1.org,千祿字書,KR1j0023,1 卷,"四庫全書 文淵閣版, V224.2, p243",1,顏元孫,fl. 714,唐,撰
skqs1.org,五經文字,KR1j0024,3 卷,"四庫全書 文淵閣版, V224.3, p251",1,張參,fl. 776,唐,撰
skqs1.org,九經字樣,KR1j0025,1 卷,"四庫全書 文淵閣版, V224.4, p295",1,唐玄度,fl. 833 - 837,唐,撰
skqs1.org,汗簡,KR1j0026,3 卷,"四庫全書 文淵閣版, V224.5, p307",1,郭忠恕,d. 977,宋,撰
skqs1.org,佩觽,KR1j0027,3 卷,"四庫全書 文淵閣版, V224.6, p377",1,郭忠恕,d. 977,宋,撰
skqs1.org,古文四聲韻,KR1j0028,5 卷,"四庫全書 文淵閣版, V224.7, p413",1,夏竦,d. 1051,宋,撰
skqs1.org,類篇,KR1j0029,45 卷,"四庫全書 文淵閣版, V225.1, p1",1,司馬光,1019 - 1086,宋,撰
skqs1.org,歷代鐘鼎彝器款識法帖,KR1j0030,20 卷,"四庫全書 文淵閣版, V225.2, p503",1,薛尚功,12th cent,宋,撰
skqs1.org,復古編,KR1j0031,11 卷,"四庫全書 文淵閣版, V225.3, p679",1,張有,d. 1054,宋,撰
skqs1.org,班馬字類,KR1j0032,5 卷,"四庫全書 文淵閣版, V225.4, p749",1,婁機,1133 - 1211,宋,撰
skqs1.org,漢隸字源,KR1j0033,6 卷,"四庫全書 文淵閣版, V225.5, p791",1,婁機,1133 - 1211,宋,撰
skqs1.org,六書故,KR1j0034,33 卷,"四庫全書 文淵閣版, V226.1, p1",1,戴侗,fl. 1252 - 1275,宋,撰
skqs1.org,字通,KR1j0035,2 卷,"四庫全書 文淵閣版, V226.2, p619",1,李從周,,宋,撰
skqs1.org,龍龕手鑑,KR1j0036,4 卷,"四庫全書 文淵閣版, V226.3, p647",1,釋行均,10th cent,遼,撰
skqs1.org,六書統,KR1j0037,20 卷,"四庫全書 文淵閣版, V227.1, p1",1,楊桓,,元,撰
skqs1.org,周秦刻石釋音,KR1j0038,1 卷,"四庫全書 文淵閣版, V228.1, p1",1,吾丘衍,d. 1311,元,撰
skqs1.org,字鑑,KR1j0039,5 卷,"四庫全書 文淵閣版, V228.2, p17",1,李文仲,14th cent,元,撰
skqs1.org,說文字原,KR1j0040,1 卷,"四庫全書 文淵閣版, V228.3, p75",1,周伯琦,1298 - 1369,元,撰
skqs1.org,六書正譌,KR1j0040,5 卷,"四庫全書 文淵閣版, V228.4, p106",1,周伯琦,1298 - 1369,元,撰
skqs1.org,漢隸分韻,KR1j0042,7 卷,"四庫全書 文淵閣版, V228.5, p183",1,闕名,,,撰
skqs1.org,六書本義,KR1j0043,12 卷,"四庫全書 文淵閣版, V228.6, p285",1,趙撝謙,,明,撰
skqs1.org,奇字韻,KR1j0044,5 卷,"四庫全書 文淵閣版, V228.7, p375",1,楊慎,1488 - 1559,明,撰
skqs1.org,古音駢字,KR1j0045,2 卷,"四庫全書 文淵閣版, V228.8, p399",1,楊慎,1488 - 1559,明,撰
skqs1.org,古音駢字,KR1j0045,2 卷,"四庫全書 文淵閣版, V228.8, p399",2,莊履豐,,清,撰
skqs1.org,古音駢字,KR1j0045,2 卷,"四庫全書 文淵閣版, V228.8, p399",3,莊鼎鉉,,清,撰
skqs1.org,俗書刊誤,KR1j0046,12 卷,"四庫全書 文淵閣版, V228.9, p539",1,焦竑,1541 - 1620,明,撰
skqs1.org,字㝈,KR1j0047,2 卷,"四庫全書 文淵閣版, V228.10, p587",1,葉秉敬,,明,撰
skqs1.org,御定康熙字典,KR1j0048,36 卷,"四庫全書 文淵閣版, V229.1, p1 - V231.1",1,張玉書,1642 - 1711,清,奉敕纂
skqs1.org,御定康熙字典,KR1j0048,36 卷,"四庫全書 文淵閣版, V229.1, p1 - V231.1",2,陳廷敬,,清,奉敕纂
skqs1.org,御製增訂清文鑑,KR1j0049,32 卷,"四庫全書 文淵閣版, V232.1, p1 - V233.1",1,傳恒,d. 1770,清,奉敕撰
skqs1.org,御製滿珠蒙古漢字三合切音清文鑑,KR1j0050,31 卷,"四庫全書 文淵閣版, V234.1, p1",1,阿桂,1717 - 1797,清,奉敕撰
skqs1.org,欽定西域同文志,KR1j0051,24 卷,"四庫全書 文淵閣版, V235.1, p1",1,傳恒,d. 1770,清,奉敕撰
skqs1.org,隸辨,KR1j0052,8 卷,"四庫全書 文淵閣版, V235.2, p431",1,顧藹吉,fl. 1718,清,撰
skqs1.org,篆隸考異,KR1j0053,4 卷,"四庫全書 文淵閣版, V235.3, p845",1,周靖,1645 - 1710,清,撰
skqs1.org,原本廣韻,KR1j0054,5 卷,"四庫全書 文淵閣版, V236.1, p1",1,闕名,,,撰
skqs1.org,重修廣韻,KR1j0055,5 卷,"四庫全書 文淵閣版, V236.2, p223",1,陳彭年,961 - 1017,宋,奉敕撰
skqs1.org,重修廣韻,KR1j0055,5 卷,"四庫全書 文淵閣版, V236.2, p223",2,丘雍,,宋,奉敕撰
skqs1.org,集韻,KR1j0057,10 卷,"四庫全書 文淵閣版, V236.3, p433",1,丁度,990 - 1053,宋,奉敕纂
skqs1.org,集韻,KR1j0057,10 卷,"四庫全書 文淵閣版, V236.3, p433",2,司馬光,,宋,奉敕纂
skqs1.org,切韻指掌圖,KR1j0058,3 卷,"四庫全書 文淵閣版, V237.1, p1",1,司馬光,1019 - 1086,宋,撰
skqs1.org,切韻指掌圖,KR1j0058,3 卷,"四庫全書 文淵閣版, V237.1, p1",2,邵光祖,,明,撰
skqs1.org,韻補,KR1j0059,5 卷,"四庫全書 文淵閣版, V237.2, p55",1,吳棫,,宋,撰
skqs1.org,附釋文互註禮部韻略,KR1j0060,5 卷,"四庫全書 文淵閣版, V237.3, p133",1,丁度,990 - 1053,宋,撰
skqs1.org,增修互註禮部韻略,KR1j0061,5 卷,"四庫全書 文淵閣版, V237.4, p333",1,毛晃,fl. 1162,宋,增注
skqs1.org,增修互註禮部韻略,KR1j0061,5 卷,"四庫全書 文淵閣版, V237.4, p333",2,毛居正,,宋,重增
skqs1.org,增修校正押韻釋疑,KR1j0062,5 卷,"四庫全書 文淵閣版, V237.5, p587",1,歐陽德隆,,宋,撰
skqs1.org,增修校正押韻釋疑,KR1j0062,5 卷,"四庫全書 文淵閣版, V237.5, p587",2,郭守正,,宋,增修
skqs1.org,九經補韻,KR1j0063,1 卷,"四庫全書 文淵閣版, V237.6, p767",1,楊伯嵒,,宋,撰
skqs1.org,五音集韻,KR1j0064,15 卷,"四庫全書 文淵閣版, V238.1, p1",1,韓道昭,fl. 1208,金,撰
skqs1.org,古今韻會舉要,KR1j0065,30 卷,"四庫全書 文淵閣版, V238.2, p357",1,黃公紹,,元,原編
skqs1.org,古今韻會舉要,KR1j0065,30 卷,"四庫全書 文淵閣版, V238.2, p357",2,熊忠,,元,舉要
skqs1.org,四聲全形等子,KR1j0066,1 卷,"四庫全書 文淵閣版, V238.3, p837",1,闕名,,,撰
skqs1.org,經史正音切韻指南,KR1j0067,1 卷,"四庫全書 文淵閣版, V238.4, p853",1,劉鑑,,元,撰
skqs1.org,洪武正韻,KR1j0068,16 卷,"四庫全書 文淵閣版, V239.1, p1",1,樂韶鳳,fl. 1355 - 1382,明,奉敕撰
skqs1.org,洪武正韻,KR1j0068,16 卷,"四庫全書 文淵閣版, V239.1, p1",2,宋濂,,明,奉敕撰
skqs1.org,古音叢目,KR1j0069,5 卷,"四庫全書 文淵閣版, V239.2, p241",1,楊慎,1488 - 1559,明,撰
skqs1.org,古音略例,KR1j0070,1 卷,"四庫全書 文淵閣版, V239.3, p333",1,楊慎,1488 - 1559,明,撰
skqs1.org,轉注古音略,KR1j0071,5 卷,"四庫全書 文淵閣版, V239.4, p349",1,楊慎,1488 - 1559,明,撰
skqs1.org,毛詩古音考,KR1j0072,4 卷,"四庫全書 文淵閣版, V239.5, p403",1,陳第,1541 - 1617,明,撰
skqs1.org,屈宋古音義,KR1j0073,3 卷,"四庫全書 文淵閣版, V239.6, p519",1,陳第,1541 - 1617,明,撰
skqs1.org,御定音韻闡微,KR1j0074,18 卷,"四庫全書 文淵閣版, V240.1, p1",1,李光地,1642 - 1718,清,奉敕撰
skqs1.org,欽定同文韻統,KR1j0075,6 卷,"四庫全書 文淵閣版, V240.2, p359",1,允祿,1695 - 1767,清,奉敕撰
skqs1.org,欽定同文韻統,KR1j0075,6 卷,"四庫全書 文淵閣版, V240.2, p359",2,傳恒,,清,奉敕撰
skqs1.org,欽定叶韻彙輯,KR1j0076,58 卷,"四庫全書 文淵閣版, V240.3, p449",1,梁詩正,1697 - 1763,清,奉敕撰
skqs1.org,欽定叶韻彙輯,KR1j0076,58 卷,"四庫全書 文淵閣版, V240.3, p449",2,蔣溥,,清,奉敕撰
skqs1.org,欽定音韻述微,KR1j0077,30 卷,"四庫全書 文淵閣版, V240.4, p853",1,梁國治,1723 - 1786,清,奉敕撰
skqs1.org,音論,KR1j0078,3 卷,"四庫全書 文淵閣版, V241.1, p1",1,顧炎武,1613 - 1682,清,撰
skqs1.org,詩本音,KR1j0079,10 卷,"四庫全書 文淵閣版, V241.2, p33",1,顧炎武,1613 - 1682,清,撰
skqs1.org,易音,KR1j0080,3 卷,"四庫全書 文淵閣版, V241.3, p143",1,顧炎武,1613 - 1682,清,撰
skqs1.org,唐韻正,KR1j0081,20 卷,"四庫全書 文淵閣版, V241.4, p167",1,顧炎武,1613 - 1682,清,撰
skqs1.org,古音表,KR1j0082,2 卷,"四庫全書 文淵閣版, V241.5, p521",1,顧炎武,1613 - 1682,清,撰
skqs1.org,韻補正,KR1j0083,1 卷,"四庫全書 文淵閣版, V241.6, p535",1,顧炎武,1613 - 1682,清,撰
skqs1.org,古今通韻,KR1j0084,12 卷,"四庫全書 文淵閣版, V242.1, p1",1,毛奇齡,1623 - 1716,清,撰
skqs1.org,易韻,KR1j0085,4 卷,"四庫全書 文淵閣版, V242.2, p297",1,毛奇齡,1623 - 1716,清,撰
skqs1.org,孫氏唐韻考,KR1j0086,5 卷,"四庫全書 文淵閣版, V242.3, p337",1,紀容舒,1686 - 1764,清,撰
skqs1.org,古韻標準,KR1j0087,4 卷,"四庫全書 文淵閣版, V242.4, p483",1,江永,1681 - 1762,清,撰
skqs1.org,六藝綱目,KR1j0088,2 卷,"四庫全書 文淵閣版, V242.5, p581",1,舒天民,,元,撰
skqs1.org,六藝綱目,KR1j0088,2 卷,"四庫全書 文淵閣版, V242.5, p581",2,舒恭,,元,注
skqs1.org,六藝綱目,KR1j0088,2 卷,"四庫全書 文淵閣版, V242.5, p581",3,趙宜中,,明,注
skqs2.org,史記,KR2a0001,130 卷,"四庫全書 文淵閣版, V243.1, p1 - V244.1",1,司馬遷,ca. -145 - ca. -86,漢,撰
skqs2.org,史記,KR2a0001,130 卷,"四庫全書 文淵閣版, V243.1, p1 - V244.1",2,裴駰,,南朝宋,集解
skqs2.org,史記,KR2a0001,130 卷,"四庫全書 文淵閣版, V243.1, p1 - V244.1",3,司馬貞,,唐,索隱
skqs2.org,史記,KR2a0001,130 卷,"四庫全書 文淵閣版, V243.1, p1 - V244.1",4,張守節,,唐,正義
skqs2.org,史記,KR2a0001,130 卷,"四庫全書 文淵閣版, V243.1, p1 - V244.1",5,張照,,清,撰
skqs2.org,史記,KR2a0001,130 卷,"四庫全書 文淵閣版, V243.1, p1 - V244.1",6,司馬貞,,唐,注
skqs2.org,史記,KR2a0001,130 卷,"四庫全書 文淵閣版, V243.1, p1 - V244.1",7,張守節,,唐,撰
skqs2.org,史記集解,KR2a0002,130 卷,"四庫全書 文淵閣版, V245.1, p1 - V246.1",1,裴駰,fl. 438,南朝宋,撰
skqs2.org,史記索隱,KR2a0003,30 卷,"四庫全書 文淵閣版, V246.2, p447",1,司馬貞,,唐,撰
skqs2.org,史記正義,KR2a0004,130 卷,"四庫全書 文淵閣版, V247.1, p1 - V248.1",1,張守節,,唐,撰
skqs2.org,讀史記十表,KR2a0005,10 卷,"四庫全書 文淵閣版, V248.2, p421",1,汪越,,清,撰
skqs2.org,讀史記十表,KR2a0005,10 卷,"四庫全書 文淵閣版, V248.2, p421",2,徐克范,,清,補
skqs2.org,史記疑問,KR2a0006,3 卷,"四庫全書 文淵閣版, V248.3, p673",1,邵泰衢,,清,撰
skqs2.org,前漢書,KR2a0007,120 卷,"四庫全書 文淵閣版, V249.1, p1 - V251.1",1,班固,32 - 92,漢,撰
skqs2.org,前漢書,KR2a0007,120 卷,"四庫全書 文淵閣版, V249.1, p1 - V251.1",2,顏師古,,唐,注
skqs2.org,前漢書,KR2a0007,120 卷,"四庫全書 文淵閣版, V249.1, p1 - V251.1",3,齊召南,,清,撰
skqs2.org,班馬異同,KR2a0008,35 卷,"四庫全書 文淵閣版, V251.2, p431",1,倪思,1147 - 1220,宋,撰
skqs2.org,班馬異同,KR2a0008,35 卷,"四庫全書 文淵閣版, V251.2, p431",2,劉辰翁,,宋,評
skqs2.org,後漢書,KR2a0009,120 卷,"四庫全書 文淵閣版, V252.1, p1 - V253.1",1,范曄,398 - 445,宋,撰
skqs2.org,後漢書,KR2a0009,120 卷,"四庫全書 文淵閣版, V252.1, p1 - V253.1",2,司馬彪,,晉,撰志
skqs2.org,後漢書,KR2a0009,120 卷,"四庫全書 文淵閣版, V252.1, p1 - V253.1",3,李賢,,唐,注
skqs2.org,後漢書,KR2a0009,120 卷,"四庫全書 文淵閣版, V252.1, p1 - V253.1",4,劉昭,,梁,注志
skqs2.org,後漢書,KR2a0009,120 卷,"四庫全書 文淵閣版, V252.1, p1 - V253.1",5,陳浩,,清,撰
skqs2.org,補後漢書年表,KR2a0010,10 卷,"四庫全書 文淵閣版, V253.2, p735",1,熊方,,宋,撰
skqs2.org,兩漢刊誤補遺,KR2a0011,10 卷,"四庫全書 文淵閣版, V253.3, p821",1,吳仁傑,b. 1137,宋,撰
skqs2.org,三國志,KR2a0012,65 卷,"四庫全書 文淵閣版, V254.1, p1",1,陳壽,233 - 297,晉,撰
skqs2.org,三國志,KR2a0012,65 卷,"四庫全書 文淵閣版, V254.1, p1",2,裴松之,,南朝宋,注
skqs2.org,三國志,KR2a0012,65 卷,"四庫全書 文淵閣版, V254.1, p1",3,李龍官,,清,撰
skqs2.org,三國史辨誤,KR2a0013,不分卷,"四庫全書 文淵閣版, V254.2, p937",1,闕名,,,撰
skqs2.org,三國志補注,KR2a0014,6 卷,"四庫全書 文淵閣版, V254.3, p949",1,杭世駿,1696 - 1773,清,撰
skqs2.org,晉書,KR2a0015,130 卷,"四庫全書 文淵閣版, V255.1, p1 - V256.1",1,房玄齢,578 - 648?,唐,奉敕撰
skqs2.org,晉書,KR2a0015,130 卷,"四庫全書 文淵閣版, V255.1, p1 - V256.1",2,孫人龍,,清,撰
skqs2.org,晉書,KR2a0015,130 卷,"四庫全書 文淵閣版, V255.1, p1 - V256.1",3,何超,,唐,撰
skqs2.org,宋書,KR2a0016,100 卷,"四庫全書 文淵閣版, V257.1, p1 - V258.1",1,沈約,441 - 513,梁,撰
skqs2.org,宋書,KR2a0016,100 卷,"四庫全書 文淵閣版, V257.1, p1 - V258.1",2,萬承蒼,,清,撰
skqs2.org,南齊書,KR2a0017,59 卷,"四庫全書 文淵閣版, V259.1, p1",1,蕭子顯,489 - 537,梁,撰
skqs2.org,南齊書,KR2a0017,59 卷,"四庫全書 文淵閣版, V259.1, p1",2,王祖庚,,清,撰
skqs2.org,梁書,KR2a0018,56 卷,"四庫全書 文淵閣版, V260.1, p1",1,姚思廉,d. 637,唐,奉敕撰
skqs2.org,梁書,KR2a0018,56 卷,"四庫全書 文淵閣版, V260.1, p1",2,孫人龍,,清,撰
skqs2.org,陳書,KR2a0019,36 卷,"四庫全書 文淵閣版, V260.2, p511",1,姚思廉,d. 637,唐,奉敕撰
skqs2.org,陳書,KR2a0019,36 卷,"四庫全書 文淵閣版, V260.2, p511",2,孫人龍,,清,撰
skqs2.org,魏書,KR2a0020,130 卷,"四庫全書 文淵閣版, V261.1, p1 - V262.1",1,魏收,506 - 572,北齊,奉敕撰
skqs2.org,魏書,KR2a0020,130 卷,"四庫全書 文淵閣版, V261.1, p1 - V262.1",2,孫人龍,,清,撰
skqs2.org,北齊書,KR2a0021,50 卷,"四庫全書 文淵閣版, V263.1, p1",1,李百藥,565 - 648,唐,奉敕撰
skqs2.org,北齊書,KR2a0021,50 卷,"四庫全書 文淵閣版, V263.1, p1",2,姚範,,清,撰
skqs2.org,北齊書,KR2a0021,50 卷,"四庫全書 文淵閣版, V263.1, p1",3,朱荃,,清,撰
skqs2.org,周書,KR2a0022,50 卷,"四庫全書 文淵閣版, V263.2, p391",1,令狐德棻,583 - 666,唐,奉敕撰
skqs2.org,周書,KR2a0022,50 卷,"四庫全書 文淵閣版, V263.2, p391",2,金文淳,,清,撰
skqs2.org,隋書,KR2a0023,85 卷,"四庫全書 文淵閣版, V264.1, p1",1,魏徵,580 - 643,唐,奉敕撰
skqs2.org,隋書,KR2a0023,85 卷,"四庫全書 文淵閣版, V264.1, p1",2,張映斗,,清,撰
skqs2.org,南史,KR2a0024,80 卷,"四庫全書 文淵閣版, V265.1, p1",1,李延壽,fl. 618 - 676,唐,撰
skqs2.org,南史,KR2a0024,80 卷,"四庫全書 文淵閣版, V265.1, p1",2,萬承蒼,,清,撰
skqs2.org,北史,KR2a0025,100 卷,"四庫全書 文淵閣版, V266.1, p1 - V267.1",1,李延壽,fl. 618 - 676,唐,撰
skqs2.org,北史,KR2a0025,100 卷,"四庫全書 文淵閣版, V266.1, p1 - V267.1",2,孫人龍,,清,撰
skqs2.org,舊唐書,KR2a0026,200 卷,"四庫全書 文淵閣版, V268.1, p1 - V271.1",1,劉昫,887 - 946,後晉,奉敕撰
skqs2.org,舊唐書,KR2a0026,200 卷,"四庫全書 文淵閣版, V268.1, p1 - V271.1",2,沈德潛,,清,撰
skqs2.org,新唐書,KR2a0027,225 卷,"四庫全書 文淵閣版, V272.1, p1 - V276.1",1,歐陽修,1007 - 1072,宋,奉敕撰
skqs2.org,新唐書,KR2a0027,225 卷,"四庫全書 文淵閣版, V272.1, p1 - V276.1",2,宋祁,,宋,奉敕撰
skqs2.org,新唐書,KR2a0027,225 卷,"四庫全書 文淵閣版, V272.1, p1 - V276.1",3,沈德潛,,清,撰
skqs2.org,新唐書,KR2a0027,225 卷,"四庫全書 文淵閣版, V272.1, p1 - V276.1",4,葉酉,,清,撰
skqs2.org,新唐書,KR2a0027,225 卷,"四庫全書 文淵閣版, V272.1, p1 - V276.1",5,董衝進,,宋,撰
skqs2.org,新唐書糾謬,KR2a0028,20 卷,"四庫全書 文淵閣版, V276.2, p617",1,吳縝,,宋,撰
skqs2.org,舊五代史,KR2a0029,150 卷,"四庫全書 文淵閣版, V277.1, p1 - V278.1",1,薛居正,912 - 981,宋,奉敕撰
skqs2.org,舊五代史,KR2a0029,150 卷,"四庫全書 文淵閣版, V277.1, p1 - V278.1",2,邵晉涵,,清,輯
skqs2.org,舊五代史,KR2a0029,150 卷,"四庫全書 文淵閣版, V277.1, p1 - V278.1",3,永瑢,,清,撰
skqs2.org,舊五代史,KR2a0029,150 卷,"四庫全書 文淵閣版, V277.1, p1 - V278.1",4,邵晉涵,,清,撰
skqs2.org,新五代史,KR2a0030,74 卷,"四庫全書 文淵閣版, V279.1, p1",1,歐陽修,1007 - 1072,宋,撰
skqs2.org,新五代史,KR2a0030,74 卷,"四庫全書 文淵閣版, V279.1, p1",2,徐無黨,,宋,注
skqs2.org,新五代史,KR2a0030,74 卷,"四庫全書 文淵閣版, V279.1, p1",3,孫人龍,,清,撰
skqs2.org,新五代史,KR2a0030,74 卷,"四庫全書 文淵閣版, V279.1, p1",4,王文清,,清,撰
skqs2.org,五代史纂誤,KR2a0031,3 卷,"四庫全書 文淵閣版, V279.2, p539",1,吳縝,,宋,撰
skqs2.org,宋史,KR2a0032,496 卷,"四庫全書 文淵閣版, V280.1, p1 - V288.1",1,托克托,1313 - 1355,元,奉敕撰
skqs2.org,宋史,KR2a0032,496 卷,"四庫全書 文淵閣版, V280.1, p1 - V288.1",2,林蒲封,,清,撰
skqs2.org,宋史,KR2a0032,496 卷,"四庫全書 文淵閣版, V280.1, p1 - V288.1",3,齊召南,,清,撰
skqs2.org,宋史,KR2a0032,496 卷,"四庫全書 文淵閣版, V280.1, p1 - V288.1",4,楊開鼎,,清,撰
skqs2.org,遼史,KR2a0033,115 卷,"四庫全書 文淵閣版, V289.1, p1",1,托克托,1313 - 1355,元,奉敕撰
skqs2.org,遼史,KR2a0033,115 卷,"四庫全書 文淵閣版, V289.1, p1",2,周長發,,清,撰
skqs2.org,遼史拾遺,KR2a0034,24 卷,"四庫全書 文淵閣版, V289.2, p737",1,厲鶚,1692 - 1752,清,撰
skqs2.org,金史,KR2a0035,135 卷,"四庫全書 文淵閣版, V290.1, p1 - V291.1",1,托克托,1313 - 1355,元,奉敕撰
skqs2.org,元史,KR2a0036,210 卷,"四庫全書 文淵閣版, V292.1, p1 - V295.1",1,宋濂,1310 - 1381,明,奉敕撰
skqs2.org,元史,KR2a0036,210 卷,"四庫全書 文淵閣版, V292.1, p1 - V295.1",2,王禕,,明,奉敕撰
skqs2.org,元史,KR2a0036,210 卷,"四庫全書 文淵閣版, V292.1, p1 - V295.1",3,王祖庚,,清,撰
skqs2.org,欽定遼金元三史國語解,KR2a0037,46 卷,"四庫全書 文淵閣版, V296.1, p1",1,高宗弘曆,1711 - 1799,清,敕撰
skqs2.org,明史,KR2a0038,332 卷,"四庫全書 文淵閣版, V297.1, p1 - V302.1",1,張廷玉,1672 - 1755,清,奉敕撰
skqs2.org,明史,KR2a0038,332 卷,"四庫全書 文淵閣版, V297.1, p1 - V302.1",2,嚴福,,清,撰
skqs2.org,明史,KR2a0038,332 卷,"四庫全書 文淵閣版, V297.1, p1 - V302.1",3,方煒,,清,撰
skqs2.org,清史稿,KR2a0039,,,1,趙爾巽 等,,民國,巽
skqs2.org,竹書紀年,KR2b0001,2 卷,"四庫全書 文淵閣版, V303.1, p1",1,沈約,441 - 513,梁,註
skqs2.org,竹書統箋,KR2b0002,12 卷,"四庫全書 文淵閣版, V303.2, p43",1,徐文靖,1667 - 1756,清,撰
skqs2.org,前漢紀,KR2b0003,30 卷,"四庫全書 文淵閣版, V303.3, p203",1,荀悅,148 - 209,漢,撰
skqs2.org,後漢紀,KR2b0004,30 卷,"四庫全書 文淵閣版, V303.4, p491",1,袁宏,328 - 376,晉,撰
skqs2.org,元經,KR2b0005,10 卷,"四庫全書 文淵閣版, V303.5, p829",1,王通,584 - 618,隋,撰
skqs2.org,元經,KR2b0005,10 卷,"四庫全書 文淵閣版, V303.5, p829",2,薛收,,唐,傳
skqs2.org,元經,KR2b0005,10 卷,"四庫全書 文淵閣版, V303.5, p829",3,阮逸,,宋,註
skqs2.org,唐創業起居注,KR2b0006,3 卷,"四庫全書 文淵閣版, V303.6, p955",1,溫大雅,,唐,撰
skqs2.org,資治通鑑,KR2b0007,294 卷,"四庫全書 文淵閣版, V304.1, p1 - V310.1",1,司馬光,1019 - 1086,宋,撰
skqs2.org,資治通鑑,KR2b0007,294 卷,"四庫全書 文淵閣版, V304.1, p1 - V310.1",2,胡三省,,元,注
skqs2.org,資治通鑑考異,KR2b0008,30 卷,"四庫全書 文淵閣版, V311.1, p1",1,司馬光,1019 - 1086,宋,撰
skqs2.org,資治通鑑釋例,KR2b0008,1 卷,"四庫全書 文淵閣版, V311.2, p317",1,司馬光,1019 - 1086,宋,撰
skqs2.org,資治通鑑目錄,KR2b0010,30 卷,"四庫全書 文淵閣版, V311.3, p321",1,司馬光,1019 - 1086,宋,撰
skqs2.org,通鑑地理通釋,KR2b0011,14 卷,"四庫全書 文淵閣版, V312.1, p1",1,王應麟,1223 - 1296,宋,撰
skqs2.org,通鑑釋文辨誤,KR2b0012,12 卷,"四庫全書 文淵閣版, V312.2, p217",1,胡三省,1230 - 1287,元,撰
skqs2.org,通鑑胡注舉正,KR2b0013,1 卷,"四庫全書 文淵閣版, V312.3, p381",1,陳景雲,1670 - 1747,清,撰
skqs2.org,稽古錄,KR2b0014,20 卷,"四庫全書 文淵閣版, V312.4, p391",1,司馬光,1019 - 1086,宋,撰
skqs2.org,資治通鑑外紀,KR2b0015,10 卷,"四庫全書 文淵閣版, V312.5, p527",1,劉恕,1032 - 1078,宋,撰
skqs2.org,皇王大紀,KR2b0017,80 卷,"四庫全書 文淵閣版, V313.1, p1",1,胡宏,,宋,撰
skqs2.org,中興小紀,KR2b0018,40 卷,"四庫全書 文淵閣版, V313.2, p779",1,熊克,,宋,撰
skqs2.org,續資治通鑑長編,KR2b0019,520 卷,"四庫全書 文淵閣版, V314.1, p1 - V322.1",1,李燾,1114 - 1183,宋,撰
skqs2.org,綱目續麟,KR2b0020,20 卷,"四庫全書 文淵閣版, V323.1, p1",1,張自勳,,明,撰
skqs2.org,綱目分註拾遺,KR2b0021,4 卷,"四庫全書 文淵閣版, V323.2, p513",1,芮長恤,,清,撰
skqs2.org,綱目訂誤,KR2b0022,4 卷,"四庫全書 文淵閣版, V323.3, p647",1,陳景雲,1670 - 1747,清,撰
skqs2.org,大事記,KR2b0023,12 卷,"四庫全書 文淵閣版, V324.1, p1",1,呂祖謙,1137 - 1181,宋,撰
skqs2.org,建炎以來繫年要錄,KR2b0024,200 卷,"四庫全書 文淵閣版, V325.1, p1 - V327.1",1,李心傳,1166 - 1243,宋,撰
skqs2.org,九朝編年備要,KR2b0025,30 卷,"四庫全書 文淵閣版, V328.1, p1",1,陳均,fl. 1209 - 1234,宋,撰
skqs2.org,續宋編年資治通鑑,KR2b0026,15 卷,"四庫全書 文淵閣版, V328.2, p873",1,劉時舉,,宋,撰
skqs2.org,西漢年紀,KR2b0028,30 卷,"四庫全書 文淵閣版, V329.1, p1",1,王益之,,宋,撰
skqs2.org,靖康要錄,KR2b0029,12 卷,"四庫全書 文淵閣版, V329.2, p407",1,闕名,,宋,撰
skqs2.org,兩朝綱目備要,KR2b0030,16 卷,"四庫全書 文淵閣版, V329.3, p685",1,闕名,,元,撰
skqs2.org,宋季三朝政要,KR2b0031,6 卷,"四庫全書 文淵閣版, V329.4, p961",1,闕名,,元,撰
skqs2.org,宋史全文,KR2b0032,36 卷,"四庫全書 文淵閣版, V330.1, p1 - V331.1",1,闕名,,元,撰
skqs2.org,資治通鑑前編,KR2b0033,18 卷,"四庫全書 文淵閣版, V332.1, p1",1,金履祥,1232 - 1303,宋,撰
skqs2.org,通鑑續編,KR2b0034,24 卷,"四庫全書 文淵閣版, V332.2, p435",1,陳桱,,元,撰
skqs2.org,大事記續編,KR2b0035,77 卷,"四庫全書 文淵閣版, V333.1, p1 - V334.1",1,王禕,1323 - 1374,明,撰
skqs2.org,元史續編,KR2b0036,16 卷,"四庫全書 文淵閣版, V334.2, p449",1,胡粹中,,明,撰
skqs2.org,御批歷代通鑑輯覽,KR2b0037,116 卷,"四庫全書 文淵閣版, V335.1, p1 - V339.1",1,高宗弘曆,1711 - 1799,清,批
skqs2.org,御批歷代通鑑輯覽,KR2b0037,116 卷,"四庫全書 文淵閣版, V335.1, p1 - V339.1",2,傳恒,,清,奉敕撰
skqs2.org,御定資治通鑑綱目三編,KR2b0038,40 卷,"四庫全書 文淵閣版, V340.1, p1",1,張廷玉,1672 - 1755,清,奉敕撰
skqs2.org,皇清開國方略,KR2b0039,32 卷,"四庫全書 文淵閣版, V341.1, p1",1,阿桂,1717 - 1797,清,奉敕撰
skqs2.org,皇清開國方略,KR2b0039,32 卷,"四庫全書 文淵閣版, V341.1, p1",2,梁國治,,清,奉敕撰
skqs2.org,資治通鑑後編,KR2b0040,184 卷,"四庫全書 文淵閣版, V342.1, p1 - V345.1",1,徐乾學,1631 - 1694,清,撰
skqs2.org,通鑑紀事本末,KR2c0001,42 卷,"四庫全書 文淵閣版, V346.1, p1 - V349.1",1,袁樞,1131 - 1203,宋,撰
skqs2.org,春秋左傳事類始末,KR2c0003,5 卷,"四庫全書 文淵閣版, V349.2, p445",1,章沖,,宋,撰
skqs2.org,三朝北盟會編,KR2c0004,250 卷,"四庫全書 文淵閣版, V350.1, p1 - V352.1",1,徐夢莘,1124 - 1205,宋,撰
skqs2.org,蜀鑑,KR2c0005,10 卷,"四庫全書 文淵閣版, V352.2, p481",1,郭允蹈,fl. 1236,宋,撰
skqs2.org,炎徼紀聞,KR2c0006,4 卷,"四庫全書 文淵閣版, V352.3, p603",1,田汝成,,明,撰
skqs2.org,宋史紀事本末,KR2c0007,28 卷,"四庫全書 文淵閣版, V353.1, p1",1,馮琦原,1558 - 1603,明,編
skqs2.org,宋史紀事本末,KR2c0007,28 卷,"四庫全書 文淵閣版, V353.1, p1",2,陳邦瞻,,明,增輯
skqs2.org,元史紀事本末,KR2c0008,4 卷,"四庫全書 文淵閣版, V353.2, p753",1,陳邦瞻,d. 1623,明,撰
skqs2.org,平定三逆方略,KR2c0009,60 卷,"四庫全書 文淵閣版, V354.1, p1",1,勒德洪,,清,奉敕撰
skqs2.org,聖祖仁皇帝親征平定朔漠方略,KR2c0010,48 卷,"四庫全書 文淵閣版, V354.2, p425 - V355.1",1,溫達,d. 1715,清,奉敕撰
skqs2.org,欽定平定金川方略,KR2c0011,32 卷,"四庫全書 文淵閣版, V356.1, p1",1,來保,,清,奉敕撰
skqs2.org,平定準噶爾方略,KR2c0012,173 卷,"四庫全書 文淵閣版, V357.1, p1 - V359.1",1,傳恒,d. 1770,清,奉敕撰
skqs2.org,平定兩金川方略,KR2c0013,136 卷,"四庫全書 文淵閣版, V360.1, p1 - V361.1",1,阿桂,1717 - 1797,清,奉敕撰
skqs2.org,欽定剿捕臨清逆匪紀略,KR2c0014,16 卷,"四庫全書 文淵閣版, V362.1, p1",1,舒赫德,,清,奉敕撰
skqs2.org,欽定剿捕臨清逆匪紀略,KR2c0014,16 卷,"四庫全書 文淵閣版, V362.1, p1",2,于敏中,,清,奉敕撰
skqs2.org,欽定蘭州紀略,KR2c0015,20 卷,"四庫全書 文淵閣版, V362.2, p233",1,阿桂,1717 - 1797,清,奉敕撰
skqs2.org,欽定石峯堡紀略,KR2c0016,20 卷,"四庫全書 文淵閣版, V362.3, p487",1,高宗弘曆,1711 - 1799,清,敕撰
skqs2.org,欽定平定臺灣紀略,KR2c0017,65 卷,"四庫全書 文淵閣版, V363.1, p1",1,高宗弘曆,1711 - 1799,清,敕撰
skqs2.org,綏寇紀略,KR2c0018,12 卷,"四庫全書 文淵閣版, V363.2, p847",1,吳偉業,1609 - 1672,清,撰
skqs2.org,滇考,KR2c0019,2 卷,"四庫全書 文淵閣版, V364.1, p1",1,馮甦,1628 - 1692,清,撰
skqs2.org,明史紀事本末,KR2c0020,80 卷,"四庫全書 文淵閣版, V364.2, p117",1,谷應泰,,清,撰
skqs2.org,繹史,KR2c0021,160 卷,"四庫全書 文淵閣版, V365.1, p1 - V368.1",1,馬驌,1621 - 1673,清,撰
skqs2.org,左傳紀事本末,KR2c0022,53 卷,"四庫全書 文淵閣版, V369.1, p1",1,高士奇,1645 - 1704,清,撰
skqs2.org,平臺紀略,KR2c0023,1 卷,"四庫全書 文淵閣版, V369.2, p557",1,藍鼎元,1680 - 1733,清,撰
skqs2.org,逸周書,KR2d0001,10 卷,"四庫全書 文淵閣版, V370.1, p1",1,孔晁,,晉,注
skqs2.org,東觀漢記,KR2d0002,24 卷,"四庫全書 文淵閣版, V370.2, p65",1,劉珍,fl. 120 - 125,漢,撰
skqs2.org,建康實錄,KR2d0003,20 卷,"四庫全書 文淵閣版, V370.3, p225",1,許嵩,,唐,撰
skqs2.org,隆平集,KR2d0004,20 卷,"四庫全書 文淵閣版, V371.1, p1",1,曾鞏,1019 - 1083,宋,撰
skqs2.org,古史,KR2d0005,60 卷,"四庫全書 文淵閣版, V371.2, p205",1,蘇轍,1039 - 1112,宋,撰
skqs2.org,通志,KR2d0006,200 卷,"四庫全書 文淵閣版, V372.1, p1 - V381.1",1,鄭樵,1104 - 1162,宋,撰
skqs2.org,東都事略,KR2d0007,130 卷,"四庫全書 文淵閣版, V382.1, p1",1,王稱,12th cent,宋,撰
skqs2.org,路史,KR2d0008,47 卷,"四庫全書 文淵閣版, V383.1, p1",1,羅泌,12th cent,宋,撰
skqs2.org,欽定書訂契丹國志,KR2d0009,28 卷,"四庫全書 文淵閣版, V383.2, p655",1,葉隆禮,,宋,撰
skqs2.org,欽定重訂大金國志,KR2d0010,41 卷,"四庫全書 文淵閣版, V383.3, p805",1,宇文懋昭,fl. 1234,宋,撰
skqs2.org,古今紀要,KR2d0011,19 卷,"四庫全書 文淵閣版, V384.1, p1",1,黃震,,宋,撰
skqs2.org,蕭氏續後漢書,KR2d0012,44 卷,"四庫全書 文淵閣版, V384.2, p385",1,蕭常,,宋,撰
skqs2.org,郝氏續後漢書,KR2d0013,存87 卷,"四庫全書 文淵閣版, V385.1, p1 - V386.1",1,郝經,1223 - 1275,元,撰
skqs2.org,郝氏續後漢書,KR2d0013,存87 卷,"四庫全書 文淵閣版, V385.1, p1 - V386.1",2,苟宗道,,元,注
skqs2.org,春秋別典,KR2d0015,15 卷,"四庫全書 文淵閣版, V386.2, p589",1,薛虞畿,,明,撰
skqs2.org,御定歷代紀事年表,KR2d0019,100 卷,"四庫全書 文淵閣版, V387.1, p1 - V391.1",1,王之樞,,清,奉敕撰
skqs2.org,御定歷代紀事年表,KR2d0019,100 卷,"四庫全書 文淵閣版, V387.1, p1 - V391.1",2,周清原,,清,奉敕撰
skqs2.org,欽定續通志,KR2d0020,640 卷,"四庫全書 文淵閣版, V392.1, p1 - V401.1",1,嵇璜,1711 - 1794,清,奉敕撰
skqs2.org,欽定續通志,KR2d0020,640 卷,"四庫全書 文淵閣版, V392.1, p1 - V401.1",2,曹仁虎,,清,奉敕撰
skqs2.org,補歷代史表,KR2d0021,53 卷,"四庫全書 文淵閣版, V402.1, p1",1,萬斯同,1638 - 1702,清,撰
skqs2.org,後漢書補逸,KR2d0022,21 卷,"四庫全書 文淵閣版, V402.2, p325",1,姚之駰,,清,編
skqs2.org,春秋戰國異辭,KR2d0023,54 卷,"四庫全書 文淵閣版, V403.1, p1",1,陳厚耀,1648 - 1722,清,撰
skqs2.org,尚史,KR2d0024,107 卷,"四庫全書 文淵閣版, V404.1, p1 - V405.1",1,李鍇,b. 1686,清,撰
skqs2.org,國語,KR2e0001,21 卷,"四庫全書 文淵閣版, V406.1, p1",1,韋昭,197 - 278,吳,注
skqs2.org,國語補音,KR2e0002,3 卷,"四庫全書 文淵閣版, V406.2, p187",1,宋庠,996 - 1066,宋,補葺
skqs2.org,戰國策,KR2e0003,33 卷,"四庫全書 文淵閣版, V406.3, p239",1,高誘,fl. 205 - 212,漢,注
skqs2.org,戰國策,KR2e0003,33 卷,"四庫全書 文淵閣版, V406.3, p239",2,姚宏,,宋,續注
skqs2.org,鮑氏戰國策注,KR2e0004,10 卷,"四庫全書 文淵閣版, V406.4, p469",1,鮑彪,fl. 1147 - 1160,宋,撰
skqs2.org,戰國策校注,KR2e0005,10 卷,"四庫全書 文淵閣版, V407.1, p1",1,吳師道,1283 - 1344,宋,撰
skqs2.org,貞觀政要,KR2e0006,10 卷,"四庫全書 文淵閣版, V407.2, p337",1,吳兢,670 - 749,唐,撰
skqs2.org,貞觀政要,KR2e0006,10 卷,"四庫全書 文淵閣版, V407.2, p337",2,戈直,,元,集論
skqs2.org,渚宮舊事,KR2e0007,5 卷,"四庫全書 文淵閣版, V407.3, p555",1,余知古,,唐,撰
skqs2.org,東觀奏記,KR2e0008,3 卷,"四庫全書 文淵閣版, V407.4, p609",1,斐庭裕,,唐,撰
skqs2.org,五代史闕文,KR2e0009,1 卷,"四庫全書 文淵閣版, V407.5, p631",1,王禹偁,954 - 1001,宋,撰
skqs2.org,五代史補,KR2e0010,5 卷,"四庫全書 文淵閣版, V407.6, p641",1,陶岳,,晉,撰
skqs2.org,北狩見聞錄,KR2e0011,1 卷,"四庫全書 文淵閣版, V407.7, p685",1,曹勛,1098 - 1174,宋,撰
skqs2.org,松漠紀聞,KR2e0012,1 卷,"四庫全書 文淵閣版, V407.8, p695",1,洪皓,1088 - 1155,宋,撰
skqs2.org,燕翼詒謀錄,KR2e0013,5 卷,"四庫全書 文淵閣版, V407.9, p713",1,王栐,fl. 1227,宋,撰
skqs2.org,太平治迹統類,KR2e0014,30 卷,"四庫全書 文淵閣版, V408.1, p1",1,彭百川,,宋,撰
skqs2.org,咸淳遺事,KR2e0015,2 卷,"四庫全書 文淵閣版, V408.2, p797",1,闕名,,宋,撰
skqs2.org,大金弔伐錄,KR2e0016,4 卷,"四庫全書 文淵閣版, V408.3, p833",1,闕名,,,撰
skqs2.org,汝南遺事,KR2e0017,4 卷,"四庫全書 文淵閣版, V408.4, p933",1,王鶚,d. 1273,元,撰
skqs2.org,錢塘遺事,KR2e0018,10 卷,"四庫全書 文淵閣版, V408.5, p959",1,劉一清,,元,撰
skqs2.org,平宋錄,KR2e0019,3 卷,"四庫全書 文淵閣版, V408.6, p1035",1,劉敏中,1243 - 1318,元,撰
skqs2.org,弇山堂別集,KR2e0020,100 卷,"四庫全書 文淵閣版, V409.1, p1 - V410.1",1,王世貞,1526 - 1590,明,撰
skqs2.org,革除逸史,KR2e0021,2 卷,"四庫全書 文淵閣版, V410.2, p529",1,朱睦㮮,1517 - 1586,明,撰
skqs2.org,欽定蒙古源流,KR2e0022,8 卷,"四庫全書 文淵閣版, V410.2, p549",1,蒙古薩囊徹辰,,清,撰
skqs2.org,太祖高皇帝聖訓,KR2f0001,4 卷,"四庫全書 文淵閣版, V411.1, p1",1,聖祖,1654 - 1722,清,敕編
skqs2.org,太宗文皇帝聖訓,KR2f0002,6 卷,"四庫全書 文淵閣版, V411.2, p39",1,世祖,1638 - 1661,清,敕編
skqs2.org,太宗文皇帝聖訓,KR2f0002,6 卷,"四庫全書 文淵閣版, V411.2, p39",2,聖祖,,清,續編
skqs2.org,世祖章皇帝聖訓,KR2f0004,6 卷,"四庫全書 文淵閣版, V411.3, p97",1,聖祖,1654 - 1722,清,敕編
skqs2.org,聖祖仁皇帝聖訓,KR2f0005,60 卷,"四庫全書 文淵閣版, V411.4, p145",1,世宗,1678 - 1735,清,敕編
skqs2.org,世宗憲皇帝聖訓,KR2f0006,36 卷,"四庫全書 文淵閣版, V412.1, p1",1,高宗,1711 - 1799,清,敕編
skqs2.org,世宗憲皇帝上諭八旗,KR2f0007,13 卷,"四庫全書 文淵閣版, V413.1, p1",1,允祿,1695 - 1767,清,奉敕編
skqs2.org,世宗憲皇帝上諭內閣,KR2f0008,159 卷,"四庫全書 文淵閣版, V414.1, p1 - V415.1",1,允祿,1695 - 1767,清,奉敕編
skqs2.org,世宗憲皇帝上諭內閣,KR2f0008,159 卷,"四庫全書 文淵閣版, V414.1, p1 - V415.1",2,弘晝,,清,續編
skqs2.org,世宗憲皇帝硃批諭旨,KR2f0009,360 卷,"四庫全書 文淵閣版, V416.1, p1 - V425.1",1,世宗胤禛,1678 - 1735,清,敕編
skqs2.org,唐大詔令集,KR2f0010,存107 卷,"四庫全書 文淵閣版, V426.1, p1",1,宋敏求,1019 - 1079,宋,編
skqs2.org,兩漢詔令,KR2f0011,23 卷,"四庫全書 文淵閣版, V426.2, p971",1,林虙,,宋,編
skqs2.org,兩漢詔令,KR2f0011,23 卷,"四庫全書 文淵閣版, V426.2, p971",2,樓昉,,宋,編
skqs2.org,兩漢詔令,KR2f0011,23 卷,"四庫全書 文淵閣版, V426.2, p971",3,林虙,,宋,編
skqs2.org,兩漢詔令,KR2f0011,23 卷,"四庫全書 文淵閣版, V426.2, p971",4,樓昉,,宋,編
skqs2.org,范文正奏議,KR2f0012,2 卷,"四庫全書 文淵閣版, V427.1, p1",1,范仲淹,989 - 1052,宋,撰
skqs2.org,包孝肅奏議集,KR2f0013,10 卷,"四庫全書 文淵閣版, V427.2, p73",1,包拯,999 - 1062,宋,撰
skqs2.org,包孝肅奏議集,KR2f0013,10 卷,"四庫全書 文淵閣版, V427.2, p73",2,張田,,宋,編
skqs2.org,盡言集,KR2f0014,13 卷,"四庫全書 文淵閣版, V427.3, p183",1,劉安世,1048 - 1125,宋,撰
skqs2.org,讜論集,KR2f0015,5 卷,"四庫全書 文淵閣版, V427.4, p319",1,陳次升,1044 - 1119,宋,撰
skqs2.org,左史諫草,KR2f0016,1 卷,"四庫全書 文淵閣版, V427.5, p389",1,呂午,,宋,撰
skqs2.org,左史諫草,KR2f0016,1 卷,"四庫全書 文淵閣版, V427.5, p389",2,方回,,宋,撰
skqs2.org,商文毅疏稿,KR2f0017,1 卷,"四庫全書 文淵閣版, V427.6, p417",1,商輅,1414 - 1486,明,撰
skqs2.org,王端毅奏議,KR2f0018,15 卷,"四庫全書 文淵閣版, V427.7, p453",1,王恕,1416 - 1508,明,撰
skqs2.org,馬端肅奏議,KR2f0019,12 卷,"四庫全書 文淵閣版, V427.8, p705",1,馬文升,1426 - 1510,明,撰
skqs2.org,關中奏議,KR2f0020,18 卷,"四庫全書 文淵閣版, V428.1, p1",1,楊一清,1454 - 1530,明,撰
skqs2.org,胡端敏奏議,KR2f0021,10 卷,"四庫全書 文淵閣版, V428.2, p559",1,胡世寧,1469 - 1530,明,撰
skqs2.org,楊文忠三錄,KR2f0022,8 卷,"四庫全書 文淵閣版, V428.3, p749",1,楊廷和,1459 - 1529,明,撰
skqs2.org,何文簡疏議,KR2f0023,10 卷,"四庫全書 文淵閣版, V429.1, p1",1,何孟春,1474 - 1536,明,撰
skqs2.org,垂光集,KR2f0024,1 卷,"四庫全書 文淵閣版, V429.2, p263",1,周璽,,明,撰
skqs2.org,孫毅菴奏議,KR2f0025,2 卷,"四庫全書 文淵閣版, V429.3, p289",1,孫懋,,明,撰
skqs2.org,玉坡奏議,KR2f0026,5 卷,"四庫全書 文淵閣版, V429.4, p351",1,張原,,明,撰
skqs2.org,南宮奏稿,KR2f0027,5 卷,"四庫全書 文淵閣版, V429.5, p409",1,夏言,1482 - 1548,明,撰
skqs2.org,訥谿奏疏,KR2f0028,1 卷,"四庫全書 文淵閣版, V429.6, p559",1,周怡,1505 - 1569,明,撰
skqs2.org,譚襄敏奏議,KR2f0029,10 卷,"四庫全書 文淵閣版, V429.7, p587",1,譚綸,1520 - 1577,明,撰
skqs2.org,潘司空奏疏,KR2f0030,7 卷,"四庫全書 文淵閣版, V430.1, p1",1,潘季馴,1521 - 1595,明,撰
skqs2.org,兩河經略,KR2f0031,4 卷,"四庫全書 文淵閣版, V430.2, p189",1,潘季馴,1521 - 1595,明,撰
skqs2.org,兩垣奏議,KR2f0032,1 卷,"四庫全書 文淵閣版, V430.3, p249",1,逯中立,,明,撰
skqs2.org,周忠愍奏疏,KR2f0033,2 卷,"四庫全書 文淵閣版, V430.4, p259",1,周起元,,明,撰
skqs2.org,張襄壯奏疏,KR2f0034,6 卷,"四庫全書 文淵閣版, V430.5, p303",1,張勇,1616 - 1684,清,撰
skqs2.org,靳文襄奏疏,KR2f0035,9 卷,"四庫全書 文淵閣版, V430.6, p451",1,靳輔,1633 - 1692,清,撰
skqs2.org,華野疏稿,KR2f0036,5 卷,"四庫全書 文淵閣版, V430.7, p729",1,郭琇,1638 - 1715,清,撰
skqs2.org,宋名臣奏議,KR2f0038,150 卷,"四庫全書 文淵閣版, V431.1, p1 - V432.1",1,趙汝愚,d. 1195,宋,編
skqs2.org,歷代名臣奏議,KR2f0039,350 卷,"四庫全書 文淵閣版, V433.1, p1 - V442.1",1,楊士奇,1365 - 1444,明,奉敕編
skqs2.org,歷代名臣奏議,KR2f0039,350 卷,"四庫全書 文淵閣版, V433.1, p1 - V442.1",2,黃淮,,明,奉敕編
skqs2.org,名臣經濟錄,KR2f0040,53 卷,"四庫全書 文淵閣版, V443.1, p1 - V444.1",1,黃訓,,明,編
skqs2.org,御選明臣奏議,KR2f0041,40 卷,"四庫全書 文淵閣版, V445.1, p1",1,高宗弘曆,1711 - 1799,清,敕編
skqs2.org,孔子編年,KR2g0001,5 卷,"四庫全書 文淵閣版, V446.1, p1",1,胡仔,1147 - 1167,宋,撰
skqs2.org,東家雜記,KR2g0002,2 卷,"四庫全書 文淵閣版, V446.2, p57",1,孔傳,f. 1124 - 1134,宋,撰
skqs2.org,晏子春秋,KR2g0003,8 卷,"四庫全書 文淵閣版, V446.3, p95",1,晏嬰,d. -500,周,撰
skqs2.org,魏鄭公諫錄,KR2g0004,5 卷,"四庫全書 文淵閣版, V446.4, p161",1,王方慶,7th cent,唐,撰
skqs2.org,李國相論事集,KR2g0005,6 卷,"四庫全書 文淵閣版, V446.5, p209",1,李絳,764 - 830,唐,撰
skqs2.org,李國相論事集,KR2g0005,6 卷,"四庫全書 文淵閣版, V446.5, p209",2,蔣偕,,唐,編
skqs2.org,杜工部年譜,KR2g0007,1 卷,"四庫全書 文淵閣版, V446.6, p251",1,趙子櫟,,宋,撰
skqs2.org,杜工部詩年譜,KR2g0008,1 卷,"四庫全書 文淵閣版, V446.7, p259",1,魯訔,1100 - 1176,宋,撰
skqs2.org,紹陶錄,KR2g0009,2 卷,"四庫全書 文淵閣版, V446.8, p273",1,王質,1127 - 1189,宋,撰
skqs2.org,金他稡編,KR2g0010,28 卷,"四庫全書 文淵閣版, V446.9, p305",1,岳珂,1173? - ca. 1240,宋,撰
skqs2.org,象臺首末,KR2g0011,5 卷,"四庫全書 文淵閣版, V447.1, p1",1,胡知柔,fl. 1256,宋,撰
skqs2.org,魏鄭公諫續錄,KR2g0012,2 卷,"四庫全書 文淵閣版, V447.2, p55",1,翟思忠,,元,撰
skqs2.org,忠貞錄,KR2g0013,3 卷,"四庫全書 文淵閣版, V447.3, p91",1,李維樾,,明,編
skqs2.org,忠貞錄,KR2g0013,3 卷,"四庫全書 文淵閣版, V447.3, p91",2,林增志,,明,編
skqs2.org,諸葛忠武書,KR2g0014,10 卷,"四庫全書 文淵閣版, V447.4, p127",1,楊時偉,,明,編
skqs2.org,寧海將軍固山貝子功績錄,KR2g0015,1 卷,"四庫全書 文淵閣版, V447.5, p227",1,闕名,,清,編
skqs2.org,朱子年譜,KR2g0016,4 卷,"四庫全書 文淵閣版, V447.6, p245",1,王懋竑,1668 - 1741,清,撰
skqs2.org,古列女傳,KR2g0017,7 卷,"四庫全書 文淵閣版, V448.1, p1",1,劉向,-77 - -6,漢,撰
skqs2.org,高士傳,KR2g0018,3 卷,"四庫全書 文淵閣版, V448.2, p85",1,皇甫謐,215 - 282,晉,撰
skqs2.org,卓異記,KR2g0019,1 卷,"四庫全書 文淵閣版, V448.3, p115",1,李翱,,唐,撰
skqs2.org,春秋臣傳,KR2g0020,30 卷,"四庫全書 文淵閣版, V448.4, p123",1,王當,,宋,撰
skqs2.org,廉吏傳,KR2g0021,2 卷,"四庫全書 文淵閣版, V448.5, p283",1,費樞,,宋,撰
skqs2.org,紹興十八年同年小錄,KR2g0022,1 卷,"四庫全書 文淵閣版, V448.6, p345",1,闕名,,宋,編
skqs2.org,伊洛淵源錄,KR2g0023,14 卷,"四庫全書 文淵閣版, V448.7, p411",1,朱熹,1130 - 1200,宋,撰
skqs2.org,宋名臣言行錄前集,KR2g0024,10 卷,"四庫全書 文淵閣版, V449.1, p1",1,朱熹,1130 - 1200,宋,纂集
skqs2.org,宋名臣言行錄前集,KR2g0024,10 卷,"四庫全書 文淵閣版, V449.1, p1",2,李幼武,,宋,纂集
skqs2.org,名臣碑傳琬琰之集,KR2g0025,107 卷,"四庫全書 文淵閣版, V450.1, p1",1,杜大珪,fl. 1194,宋,編
skqs2.org,錢塘先賢傳贊,KR2g0026,1 卷,"四庫全書 文淵閣版, V451.1, p1",1,袁韶,,宋,撰
skqs2.org,慶元黨禁,KR2g0027,1 卷,"四庫全書 文淵閣版, V451.2, p19",1,滄州樵叟,,宋,撰
skqs2.org,宋寶祐四年登科錄,KR2g0028,4 卷,"四庫全書 文淵閣版, V451.3, p47",1,闕名,,宋,撰
skqs2.org,京口耆舊傳,KR2g0029,9 卷,"四庫全書 文淵閣版, V451.4, p119",1,闕名,,宋,撰
skqs2.org,昭忠錄,KR2g0030,1 卷,"四庫全書 文淵閣版, V451.5, p219",1,闕名,,元,撰
skqs2.org,敬鄉錄,KR2g0031,14 卷,"四庫全書 文淵閣版, V451.6, p251",1,吳師道,1283 - 1344,元,撰
skqs2.org,唐才子傳,KR2g0032,8 卷,"四庫全書 文淵閣版, V451.7, p409",1,辛文房,fl. 1304,元,撰
skqs2.org,元朝名臣事略,KR2g0033,15 卷,"四庫全書 文淵閣版, V451.8, p497",1,蘇天爵,1294 - 1352,元,撰
skqs2.org,浦陽人物記,KR2g0034,2 卷,"四庫全書 文淵閣版, V452.1, p1",1,宋濂,1310 - 1381,明,撰
skqs2.org,古今列女傳,KR2g0035,3 卷,"四庫全書 文淵閣版, V452.2, p37",1,解縉,1369 - 1415,明,奉敕編
skqs2.org,殿閣詞林記,KR2g0036,22 卷,"四庫全書 文淵閣版, V452.3, p121",1,黃佐,1490 - 1566,明,撰
skqs2.org,殿閣詞林記,KR2g0036,22 卷,"四庫全書 文淵閣版, V452.3, p121",2,廖道南,,明,撰
skqs2.org,嘉靖以來首輔傳,KR2g0037,8 卷,"四庫全書 文淵閣版, V452.4, p421",1,王世貞,1526 - 1590,明,撰
skqs2.org,明名臣琬琰錄,KR2g0038,24 卷,"四庫全書 文淵閣版, V453.1, p1",1,徐紘,,明,編
skqs2.org,今獻備遺,KR2g0039,42 卷,"四庫全書 文淵閣版, V453.2, p503",1,項篤壽,,明,撰
skqs2.org,百越先賢志,KR2g0040,4 卷,"四庫全書 文淵閣版, V453.3, p723",1,歐大任,1516 - 1595,明,撰
skqs2.org,元儒考略,KR2g0041,4 卷,"四庫全書 文淵閣版, V453.4, p763",1,馮從吾,1556 - 1627,明,撰
skqs2.org,欽定宗室王公幼績表傳,KR2g0042,12 卷,"四庫全書 文淵閣版, V454.1, p1",1,高宗弘曆,1711 - 1799,清,敕撰
skqs2.org,欽定外藩蒙古囘部王公表傳,KR2g0043,120 卷,"四庫全書 文淵閣版, V454.2, p217",1,高宗弘曆,1711 - 1799,清,敕撰
skqs2.org,欽定八旗滿州氏族通譜,KR2g0044,80 卷,"四庫全書 文淵閣版, V455.1, p1 - V456.1",1,高宗弘曆,1711 - 1799,清,敕撰
skqs2.org,欽定勝朝殉節諸臣錄,KR2g0045,12 卷,"四庫全書 文淵閣版, V456.2, p393",1,舒赫德,,清,奉敕撰
skqs2.org,欽定勝朝殉節諸臣錄,KR2g0045,12 卷,"四庫全書 文淵閣版, V456.2, p393",2,于敏中,,清,奉敕撰
skqs2.org,明儒學案,KR2g0046,62 卷,"四庫全書 文淵閣版, V457.1, p1",1,黃宗羲,1610 - 1695,清,撰
skqs2.org,中州人物考,KR2g0047,8 卷,"四庫全書 文淵閣版, V458.1, p1",1,孫奇逢,1584 - 1675,清,撰
skqs2.org,東林列傳,KR2g0048,24 卷,"四庫全書 文淵閣版, V458.2, p173",1,陳鼎,fl. 1650 - 1700,清,撰
skqs2.org,儒林宗派,KR2g0049,16 卷,"四庫全書 文淵閣版, V458.3, p519",1,萬斯同,1638 - 1702,清,撰
skqs2.org,明儒言行錄,KR2g0050,10 卷,"四庫全書 文淵閣版, V458.4, p591",1,沈佳,,清,撰
skqs2.org,史傳三編,KR2g0051,56 卷,"四庫全書 文淵閣版, V459.1, p1",1,朱軾,1664 - 1736,清,撰
skqs2.org,閩中理學淵源考,KR2g0052,92 卷,"四庫全書 文淵閣版, V460.1, p1",1,李清馥,,清,撰
skqs2.org,征南錄,KR2g0053,1 卷,"四庫全書 文淵閣版, V460.2, p827",1,滕甫,1020 - 1090,宋,撰
skqs2.org,驂鸞錄,KR2g0054,1 卷,"四庫全書 文淵閣版, V460.3, p833",1,范成大,1126 - 1193,宋,撰
skqs2.org,吳船錄,KR2g0055,2 卷,"四庫全書 文淵閣版, V460.4, p847",1,范成大,1126 - 1193,宋,撰
skqs2.org,入蜀記,KR2g0056,4 卷,"四庫全書 文淵閣版, V460.5, p875",1,陸游,1125 - 1210,宋,撰
skqs2.org,西使記,KR2g0057,1 卷,"四庫全書 文淵閣版, V460.6, p923",1,劉郁,fl. 1259 - 1263,元,撰
skqs2.org,保越錄,KR2g0058,1 卷,"四庫全書 文淵閣版, V460.7, p929",1,闕名,,明,撰
skqs2.org,粵閩巡視紀略,KR2g0059,6 卷,"四庫全書 文淵閣版, V460.8, p943",1,杜臻,,清,撰
skqs2.org,松亭行紀,KR2g0060,2 卷,"四庫全書 文淵閣版, V460.9, p1125",1,高士奇,1645 - 1704,清,撰
skqs2.org,扈從西巡日錄,KR2g0061,1 卷,"四庫全書 文淵閣版, V460.10, p1153",1,高士奇,1645 - 1704,清,撰
skqs2.org,兩漢博聞,KR2h0001,12 卷,"四庫全書 文淵閣版, V461.1, p1",1,楊侃,d. 521,宋,輯
skqs2.org,通鑑總類,KR2h0002,20 卷,"四庫全書 文淵閣版, V461.2, p201 - V462.1",1,沈樞,,宋,撰
skqs2.org,南史識小錄,KR2h0003,8 卷,"四庫全書 文淵閣版, V462.2, p483",1,沈名蓀,,清,輯
skqs2.org,南史識小錄,KR2h0003,8 卷,"四庫全書 文淵閣版, V462.2, p483",2,朱昆田,,清,輯
skqs2.org,吳越春秋,KR2i0001,6 卷,"四庫全書 文淵閣版, V463.1, p1",1,趙燁,fl. 40 - 80,漢,撰
skqs2.org,吳越春秋,KR2i0001,6 卷,"四庫全書 文淵閣版, V463.1, p1",2,徐天祐,,元,注
skqs2.org,越絕書,KR2i0002,15 卷,"四庫全書 文淵閣版, V463.2, p73",1,袁康,fl. 40,漢,撰
skqs2.org,越絕書,KR2i0002,15 卷,"四庫全書 文淵閣版, V463.2, p73",2,吳平,,漢,撰
skqs2.org,華陽國志,KR2i0003,12 卷,"四庫全書 文淵閣版, V463.3, p131",1,常璩,fl. 265 - 316,晉,撰
skqs2.org,鄴中記,KR2i0004,1 卷,"四庫全書 文淵閣版, V463.4, p305",1,陸翽,4th cent,晉,撰
skqs2.org,十六國春秋,KR2i0005,100 卷,"四庫全書 文淵閣版, V463.5, p315",1,崔鴻,fl. 513 - 524,北魏,撰
skqs2.org,別本十六國春秋,KR2i0006,16 卷,"四庫全書 文淵閣版, V463.6, p1105",1,崔鴻,fl. 513 - 524,北魏,撰
skqs2.org,蠻書,KR2i0007,10 卷,"四庫全書 文淵閣版, V464.1, p1",1,樊綽,9th cent,唐,撰
skqs2.org,釣磯立談,KR2i0008,1 卷,"四庫全書 文淵閣版, V464.2, p43",1,闕名,,宋,撰
skqs2.org,江南野史,KR2i0009,10 卷,"四庫全書 文淵閣版, V464.3, p69",1,龍袞,,宋,撰
skqs2.org,江南別錄,KR2i0010,1 卷,"四庫全書 文淵閣版, V464.4, p119",1,陳彭年,961 - 1017,宋,撰
skqs2.org,江表志,KR2i0011,3 卷,"四庫全書 文淵閣版, V464.5, p131",1,鄭文寶,953 - 1013,宋,撰
skqs2.org,江南餘載,KR2i0012,2 卷,"四庫全書 文淵閣版, V464.6, p149",1,闕名,,宋,撰
skqs2.org,三楚新錄,KR2i0013,3 卷,"四庫全書 文淵閣版, V464.7, p163",1,周羽翀,,宋,撰
skqs2.org,錦里耆舊傳,KR2i0014,4 卷,"四庫全書 文淵閣版, V464.8, p175",1,句延慶,,宋,撰
skqs2.org,五國故事,KR2i0015,2 卷,"四庫全書 文淵閣版, V464.9, p203",1,闕名,,宋,撰
skqs2.org,蜀檮杌,KR2i0016,2 卷,"四庫全書 文淵閣版, V464.10, p221",1,張唐英,1029 - 1071,宋,撰
skqs2.org,馬氏南唐書,KR2i0017,30 卷,"四庫全書 文淵閣版, V464.11, p247",1,馬令,fl. 1105,宋,撰
skqs2.org,陸氏南唐書,KR2i0018,18 卷,"四庫全書 文淵閣版, V464.12, p383",1,陸游,1125 - 1210,宋,撰
skqs2.org,陸氏南唐書,KR2i0018,18 卷,"四庫全書 文淵閣版, V464.12, p383",2,戚光,,元,撰
skqs2.org,吳越備史,KR2i0019,4 卷,"四庫全書 文淵閣版, V464.13, p497",1,錢儼,,宋,撰
skqs2.org,安南志略,KR2i0020,20 卷,"四庫全書 文淵閣版, V464.14, p591",1,黎崱,fl. 1300 - 1339,元,撰
skqs2.org,十國春秋,KR2i0021,114 卷,"四庫全書 文淵閣版, V465.1, p1 - V466.1",1,吳任臣,1628? - 1689?,清,撰
skqs2.org,朝鮮史略,KR2i0022,12 卷,"四庫全書 文淵閣版, V466.2, p367",1,闕名,,明,撰
skqs2.org,越史略,KR2i0023,3 卷,"四庫全書 文淵閣版, V466.3, p559",1,闕名,,,撰
skqs2.org,歲時廣記,KR2j0001,4 卷,"四庫全書 文淵閣版, V467.1, p1",1,陳元靚,,宋,撰
skqs2.org,御定月令輯要,KR2j0002,24 卷,"四庫全書 文淵閣版, V467.2, p39",1,李光地,1642 - 1718,清,奉敕撰
skqs2.org,三輔黃圖,KR2k0001,6 卷,"四庫全書 文淵閣版, V468.1, p1",1,闕名,,,撰
skqs2.org,禁扁,KR2k0002,5 卷,"四庫全書 文淵閣版, V468.2, p37",1,王士點,,元,撰
skqs2.org,元和郡縣志,KR2k0003,40 卷,"四庫全書 文淵閣版, V468.3, p131",1,李吉甫,758 - 814,唐,撰
skqs2.org,太平寰宇記,KR2k0004,存193 卷,"四庫全書 文淵閣版, V469.1, p1 - V470.1",1,樂史,930 - 1007,宋,撰
skqs2.org,元豐九域志,KR2k0005,10 卷,"四庫全書 文淵閣版, V471.1, p1",1,王存,1023 - 1101,宋,奉敕撰
skqs2.org,輿地廣記,KR2k0006,38 卷,"四庫全書 文淵閣版, V471.2, p233",1,歐陽忞,fl. 1111 - 1121,宋,撰
skqs2.org,方輿勝覽,KR2k0007,70 卷,"四庫全書 文淵閣版, V471.3, p521",1,祝穆,fl. 1246,宋,撰
skqs2.org,明一統志,KR2k0008,90 卷,"四庫全書 文淵閣版, V472.1, p1 - V473.1",1,李賢,1408 - 1466,明,奉敕撰
skqs2.org,大清一統志,KR2k0009,424 卷,"四庫全書 文淵閣版, V474.1, p1 - V483.1",1,和珅,,明,奉敕撰
skqs2.org,吳群圖經續記,KR2k0010,3 卷,"四庫全書 文淵閣版, V484.1, p1",1,朱長文,1041 - 1100,宋,撰
skqs2.org,乾道臨安志,KR2k0011,3 卷,"四庫全書 文淵閣版, V484.2, p53",1,周淙,fl. 1140 - 1170,宋,撰
skqs2.org,淳熙三山志,KR2k0012,42 卷,"四庫全書 文淵閣版, V484.3, p109",1,梁克家,,宋,撰
skqs2.org,吳郡志,KR2k0013,50 卷,"四庫全書 文淵閣版, V485.1, p1",1,范成大,1126 - 1193,宋,撰
skqs2.org,新安志,KR2k0014,10 卷,"四庫全書 文淵閣版, V485.2, p337",1,羅願,1136 - 1184,宋,撰
skqs2.org,剡錄,KR2k0015,10 卷,"四庫全書 文淵閣版, V485.3, p527",1,高似孫,,宋,撰
skqs2.org,會稽志,KR2k0016,20 卷,"四庫全書 文淵閣版, V486.1, p1",1,施宿,,宋,撰
skqs2.org,會稽志,KR2k0016,20 卷,"四庫全書 文淵閣版, V486.1, p1",2,張淏,,宋,撰
skqs2.org,赤城志,KR2k0017,40 卷,"四庫全書 文淵閣版, V486.2, p567",1,陳耆卿,,宋,撰
skqs2.org,寶慶四明志,KR2k0018,21 卷,"四庫全書 文淵閣版, V487.1, p1",1,羅濬,,宋,撰
skqs2.org,寶慶四明志,KR2k0018,21 卷,"四庫全書 文淵閣版, V487.1, p1",2,梅應發,,宋,撰
skqs2.org,寶慶四明志,KR2k0018,21 卷,"四庫全書 文淵閣版, V487.1, p1",3,劉錫,,宋,撰
skqs2.org,四明續志,,,"四庫全書 文淵閣版, V487.1, p100",,,,,
skqs2.org,海鹽瞰水志,KR2k0019,8 卷,"四庫全書 文淵閣版, V487.2, p493",1,常棠,,宋,撰
skqs2.org,景定嚴州續志,KR2k0020,10 卷,"四庫全書 文淵閣版, V487.3, p523",1,鄭珤,fl. 1260 - 1263,宋,撰
skqs2.org,景定嚴州續志,KR2k0020,10 卷,"四庫全書 文淵閣版, V487.3, p523",2,方仁榮,,宋,撰
skqs2.org,景定建康志,KR2k0021,50 卷,"四庫全書 文淵閣版, V488.1, p1 - V489.1",1,周應合,1213 - 1280,宋,撰
skqs2.org,咸淳臨安志,KR2k0022,存93 卷,"四庫全書 文淵閣版, V490.1, p1",1,潛說友,,宋,撰
skqs2.org,至元嘉禾志,KR2k0023,32 卷,"四庫全書 文淵閣版, V491.1, p1",1,徐碩,,元,撰
skqs2.org,昌國州圖志,KR2k0024,7 卷,"四庫全書 文淵閣版, V491.2, p267",1,馮福京,,元,撰
skqs2.org,延祐四明志,KR2k0025,17 卷,"四庫全書 文淵閣版, V491.3, p319",1,袁桷,1267 - 1327,元,撰
skqs2.org,齊乘,KR2k0026,6 卷,"四庫全書 文淵閣版, V491.4, p685",1,于欽,1284 - 1333,元,撰
skqs2.org,至大金陵新志,KR2k0027,15 卷,"四庫全書 文淵閣版, V492.1, p1",1,張鉉,,元,撰
skqs2.org,無錫縣志,KR2k0028,4 卷,"四庫全書 文淵閣版, V492.2, p653",1,闕名,,,撰
skqs2.org,姑蘇志,KR2k0029,60 卷,"四庫全書 文淵閣版, V493.1, p1",1,王鏊,1450 - 1524,明,撰
skqs2.org,武功縣志,KR2k0030,3 卷,"四庫全書 文淵閣版, V494.1, p1",1,康海,1475 - 1540,明,撰
skqs2.org,朝邑縣志,KR2k0031,1 卷,"四庫全書 文淵閣版, V494.2, p47",1,韓邦靖,1488 - 1523,明,撰
skqs2.org,嶺海輿圖,KR2k0032,1 卷,"四庫全書 文淵閣版, V494.3, p61",1,姚虞,,明,撰
skqs2.org,滇略,KR2k0033,10 卷,"四庫全書 文淵閣版, V494.4, p97",1,謝肇淛,1567 - 1624,明,撰
skqs2.org,吳興備志,KR2k0034,32 卷,"四庫全書 文淵閣版, V494.5, p251",1,董斯張,1586 - 1628,明,撰
skqs2.org,欽定熱河志,KR2k0035,120 卷,"四庫全書 文淵閣版, V495.1, p1 - V496.1",1,和珅,,清,奉敕撰
skqs2.org,欽定熱河志,KR2k0035,120 卷,"四庫全書 文淵閣版, V495.1, p1 - V496.1",2,梁國治,,清,奉敕撰
skqs2.org,欽定日下舊聞考,KR2k0036,160 卷,"四庫全書 文淵閣版, V497.1, p1 - V499.1",1,于敏中,1714 - 1779,清,奉敕撰
skqs2.org,欽定日下舊聞考,KR2k0036,160 卷,"四庫全書 文淵閣版, V497.1, p1 - V499.1",2,英廉,,清,奉敕撰
skqs2.org,欽定滿洲源流考,KR2k0038,20 卷,"四庫全書 文淵閣版, V499.2, p451",1,阿桂,1717 - 1797,清,奉敕撰
skqs2.org,欽定滿洲源流考,KR2k0038,20 卷,"四庫全書 文淵閣版, V499.2, p451",2,于敏中,,清,奉敕撰
skqs2.org,欽定皇輿西域圖志,KR2k0039,48 卷,"四庫全書 文淵閣版, V500.1, p1",1,傳恒,d. 1770,清,奉敕撰
skqs2.org,欽定皇輿西域圖志,KR2k0039,48 卷,"四庫全書 文淵閣版, V500.1, p1",2,劉統勳,,清,奉敕撰
skqs2.org,欽定皇輿西域圖志,KR2k0039,48 卷,"四庫全書 文淵閣版, V500.1, p1",3,于敏中,,清,奉敕撰
skqs2.org,欽定盛京通志,KR2k0040,130 卷,"四庫全書 文淵閣版, V501.1, p1 - V503.1",1,阿桂,1717 - 1797,清,奉敕撰
skqs2.org,欽定盛京通志,KR2k0040,130 卷,"四庫全書 文淵閣版, V501.1, p1 - V503.1",2,劉謹之,,清,奉敕撰
skqs2.org,畿輔通志,KR2k0041,120 卷,"四庫全書 文淵閣版, V504.1, p1 - V506.1",1,唐執玉,,清,監修
skqs2.org,畿輔通志,KR2k0041,120 卷,"四庫全書 文淵閣版, V504.1, p1 - V506.1",2,李衞,,清,監修
skqs2.org,畿輔通志,KR2k0041,120 卷,"四庫全書 文淵閣版, V504.1, p1 - V506.1",3,田易,,清,編纂
skqs2.org,江南通志,KR2k0042,200 卷,"四庫全書 文淵閣版, V507.1, p1 - V512.1",1,趙田恩,,清,監修
skqs2.org,江南通志,KR2k0042,200 卷,"四庫全書 文淵閣版, V507.1, p1 - V512.1",2,黃之雋,,清,編纂
skqs2.org,江西通志,KR2k0043,162 卷,"四庫全書 文淵閣版, V513.1, p1 - V518.1",1,謝旻,,清,監修
skqs2.org,江西通志,KR2k0043,162 卷,"四庫全書 文淵閣版, V513.1, p1 - V518.1",2,陶成,,清,編纂
skqs2.org,浙江通志,KR2k0044,280 卷,"四庫全書 文淵閣版, V519.1, p1 - V526.1",1,嵇曾筠,1671 - 1739,清,監修
skqs2.org,浙江通志,KR2k0044,280 卷,"四庫全書 文淵閣版, V519.1, p1 - V526.1",2,沈翼機,,清,編纂
skqs2.org,福建通志,KR2k0045,78 卷,"四庫全書 文淵閣版, V527.1, p1 - V530.1",1,郝玉麟,d. 1745,清,監修
skqs2.org,福建通志,KR2k0045,78 卷,"四庫全書 文淵閣版, V527.1, p1 - V530.1",2,謝道承,,清,編纂
skqs2.org,湖廣通志,KR2k0046,120 卷,"四庫全書 文淵閣版, V531.1, p1 - V534.1",1,邁柱,1670 - 1738,清,監修
skqs2.org,湖廣通志,KR2k0046,120 卷,"四庫全書 文淵閣版, V531.1, p1 - V534.1",2,夏力恕,,清,編纂
skqs2.org,河南通志,KR2k0047,80 卷,"四庫全書 文淵閣版, V535.1, p1 - V538.1",1,田文鏡,,清,監修
skqs2.org,河南通志,KR2k0047,80 卷,"四庫全書 文淵閣版, V535.1, p1 - V538.1",2,王士俊,,清,監修
skqs2.org,河南通志,KR2k0047,80 卷,"四庫全書 文淵閣版, V535.1, p1 - V538.1",3,孫灝,,清,編纂
skqs2.org,河南通志,KR2k0047,80 卷,"四庫全書 文淵閣版, V535.1, p1 - V538.1",4,顧棟高,,清,編纂
skqs2.org,山東通志,KR2k0048,36 卷,"四庫全書 文淵閣版, V539.1, p1 - V541.1",1,岳濬,,清,監修
skqs2.org,山東通志,KR2k0048,36 卷,"四庫全書 文淵閣版, V539.1, p1 - V541.1",2,杜詔,,清,編纂
skqs2.org,山西通志,KR2k0049,230 卷,"四庫全書 文淵閣版, V542.1, p1 - V550.1",1,覺羅石麟,d. 1747,清,監修
skqs2.org,山西通志,KR2k0049,230 卷,"四庫全書 文淵閣版, V542.1, p1 - V550.1",2,儲大文,,清,編纂
skqs2.org,陝西通志,KR2k0050,100 卷,"四庫全書 文淵閣版, V551.1, p1 - V556.1",1,劉於義,,清,監修
skqs2.org,陝西通志,KR2k0050,100 卷,"四庫全書 文淵閣版, V551.1, p1 - V556.1",2,沈青崖,,清,編纂
skqs2.org,甘肅通志,KR2k0051,50 卷,"四庫全書 文淵閣版, V557.1, p1 - V558.1",1,許容,fl. 1640 - 1723,清,監修
skqs2.org,甘肅通志,KR2k0051,50 卷,"四庫全書 文淵閣版, V557.1, p1 - V558.1",2,李迪,,清,編纂
skqs2.org,四川通志,KR2k0052,47 卷,"四庫全書 文淵閣版, V559.1, p1 - V561.1",1,黃廷桂,1691 - 1759,清,監修
skqs2.org,四川通志,KR2k0052,47 卷,"四庫全書 文淵閣版, V559.1, p1 - V561.1",2,張晉生,,清,編纂
skqs2.org,廣東通志,KR2k0053,64 卷,"四庫全書 文淵閣版, V562.1, p1 - V564.1",1,郝玉麟,d. 1745,清,監修
skqs2.org,廣東通志,KR2k0053,64 卷,"四庫全書 文淵閣版, V562.1, p1 - V564.1",2,魯曾煜,,清,編纂
skqs2.org,廣西通志,KR2k0054,128 卷,"四庫全書 文淵閣版, V565.1, p1 - V568.1",1,金鉷,1678 - 1740,清,監修
skqs2.org,廣西通志,KR2k0054,128 卷,"四庫全書 文淵閣版, V565.1, p1 - V568.1",2,錢元昌,,清,編纂
skqs2.org,雲南通志,KR2k0055,30 卷,"四庫全書 文淵閣版, V569.1, p1 - V570.1",1,鄂爾泰,1677 - 1745,清,監修
skqs2.org,雲南通志,KR2k0055,30 卷,"四庫全書 文淵閣版, V569.1, p1 - V570.1",2,靖道謨,,清,編纂
skqs2.org,貴州通志,KR2k0056,46 卷,"四庫全書 文淵閣版, V571.1, p1 - V572.1",1,鄂爾泰,1677 - 1745,清,監修
skqs2.org,貴州通志,KR2k0056,46 卷,"四庫全書 文淵閣版, V571.1, p1 - V572.1",2,靖道謨,,清,編纂
skqs2.org,歷代帝王宅京記,KR2k0057,20 卷,"四庫全書 文淵閣版, V572.2, p571",1,顧炎武,1613 - 1682,清,撰
skqs2.org,水經注,KR2k0058,40 卷,"四庫全書 文淵閣版, V573.1, p1",1,酈道元,d. 527,後魏,撰
skqs2.org,水經注集釋訂訛,KR2k0059,40 卷,"四庫全書 文淵閣版, V574.1, p1",1,沈炳巽,,清,撰
skqs2.org,水經注釋,KR2k0060,40 卷,"四庫全書 文淵閣版, V575.1, p1",1,趙一清,1710? - 1764?,清,撰
skqs2.org,吳中水利書,KR2k0061,1 卷,"四庫全書 文淵閣版, V576.1, p1",1,單鍔,1031 - 1110,宋,撰
skqs2.org,四明它山水利備覽,KR2k0062,2 卷,"四庫全書 文淵閣版, V576.2, p15",1,魏峴,fl. 1208 - 1242,宋,撰
skqs2.org,河防通議,KR2k0063,2 卷,"四庫全書 文淵閣版, V576.3, p43",1,沙克什,1278 - 1351,元,撰
skqs2.org,治河圖略,KR2k0064,1 卷,"四庫全書 文淵閣版, V576.4, p71",1,王喜,14th cent,元,撰
skqs2.org,浙西水利書,KR2k0065,3 卷,"四庫全書 文淵閣版, V576.5, p83",1,姚文灝,,明,撰
skqs2.org,河防一覽,KR2k0066,14 卷,"四庫全書 文淵閣版, V576.6, p137",1,潘季馴,1521 - 1595,明,撰
skqs2.org,三吳水利錄,KR2k0067,4 卷,"四庫全書 文淵閣版, V576.7, p517",1,歸有光,1506 - 1571,明,撰
skqs2.org,北河紀,KR2k0068,8 卷,"四庫全書 文淵閣版, V576.8, p567",1,謝肇淛,1567 - 1624,明,撰
skqs2.org,敬止集,KR2k0069,4 卷,"四庫全書 文淵閣版, V577.1, p1",1,陳應芳,,明,撰
skqs2.org,三吳水考,KR2k0070,16 卷,"四庫全書 文淵閣版, V577.2, p87",1,張內蘊,,明,撰
skqs2.org,三吳水考,KR2k0070,16 卷,"四庫全書 文淵閣版, V577.2, p87",2,周大韶,,明,撰
skqs2.org,吳中水利全書,KR2k0071,28 卷,"四庫全書 文淵閣版, V578.1, p1",1,張國維,1594 - 1645,明,撰
skqs2.org,欽定河源紀略,KR2k0072,35 卷,"四庫全書 文淵閣版, V579.1, p1",1,紀昀,1724 - 1805,清,奉敕撰
skqs2.org,欽定河源紀略,KR2k0072,35 卷,"四庫全書 文淵閣版, V579.1, p1",2,陸錫熊,,清,奉敕撰
skqs2.org,崑崙河源考,KR2k0073,1 卷,"四庫全書 文淵閣版, V579.2, p317",1,萬斯同,1638 - 1702,清,撰
skqs2.org,兩河清彙,KR2k0074,8 卷,"四庫全書 文淵閣版, V579.3, p347",1,薛鳳祚,1628 - 1680,清,撰
skqs2.org,居濟一得,KR2k0075,8 卷,"四庫全書 文淵閣版, V579.4, p485",1,張伯行,1652 - 1725,清,撰
skqs2.org,治河奏績書,KR2k0076,4 卷,"四庫全書 文淵閣版, V579.5, p613",1,靳輔,1633 - 1692,清,撰
skqs2.org,治河奏績書,KR2k0076,4 卷,"四庫全書 文淵閣版, V579.5, p613",2,陳潢,,清,原論
skqs2.org,治河奏績書,KR2k0076,4 卷,"四庫全書 文淵閣版, V579.5, p613",3,張靄生,,清,編述
skqs2.org,直隸河渠志,KR2k0077,1 卷,"四庫全書 文淵閣版, V579.6, p781",1,陳儀,1670 - 1742,清,撰
skqs2.org,行水金鑑,KR2k0078,175 卷,"四庫全書 文淵閣版, V580.1, p1 - V582.1",1,傳澤洪,fl. 1725,清,撰
skqs2.org,水道提綱,KR2k0079,28 卷,"四庫全書 文淵閣版, V583.1, p1",1,齊召南,1703 - 1768,清,撰
skqs2.org,海塘錄,KR2k0080,26 卷,"四庫全書 文淵閣版, V583.2, p317",1,翟均廉,,清,撰
skqs2.org,籌海圖編,KR2k0081,13 卷,"四庫全書 文淵閣版, V584.1, p1",1,胡宗憲,1511 - 1565,明,撰
skqs2.org,鄭開陽雜著,KR2k0082,11 卷,"四庫全書 文淵閣版, V584.2, p443",1,鄭若曾,fl. 1505 - 1580,明,撰
skqs2.org,南嶽小錄,KR2k0083,1 卷,"四庫全書 文淵閣版, V585.1, p1",1,李沖昭,,唐,撰
skqs2.org,廬山記,KR2k0084,3 卷,"四庫全書 文淵閣版, V585.2, p13",1,陳舜俞,d. 1074,宋,撰
skqs2.org,廬山記,KR2k0084,3 卷,"四庫全書 文淵閣版, V585.2, p13",2,釋惠遠,,宋,撰
skqs2.org,赤松山志,KR2k0085,1 卷,"四庫全書 文淵閣版, V585.3, p45",1,倪守約,,宋,撰
skqs2.org,西湖遊覽志,KR2k0086,24 卷,"四庫全書 文淵閣版, V585.4, p59",1,田汝成,,明,撰
skqs2.org,桂勝,KR2k0087,4 卷,"四庫全書 文淵閣版, V585.5, p637",1,張鳴鳳,,明,撰
skqs2.org,欽定盤山志,KR2k0088,16 卷,"四庫全書 文淵閣版, V586.1, p1",1,蔣溥,1708 - 1761,清,奉敕撰
skqs2.org,欽定盤山志,KR2k0088,16 卷,"四庫全書 文淵閣版, V586.1, p1",2,汪由敦,,清,奉敕撰
skqs2.org,欽定盤山志,KR2k0088,16 卷,"四庫全書 文淵閣版, V586.1, p1",3,董邦達,,清,奉敕撰
skqs2.org,西湖志纂,KR2k0089,12 卷,"四庫全書 文淵閣版, V586.2, p337",1,梁詩正,1697 - 1763,清,撰
skqs2.org,西湖志纂,KR2k0089,12 卷,"四庫全書 文淵閣版, V586.2, p337",2,沈德潛,,清,撰
skqs2.org,西湖志纂,KR2k0089,12 卷,"四庫全書 文淵閣版, V586.2, p337",3,傳王露,,清,撰
skqs2.org,洛陽伽藍記,KR2k0090,5 卷,"四庫全書 文淵閣版, V587.1, p1",1,楊衒之,6th cent,後魏,撰
skqs2.org,吳地記,KR2k0091,1 卷,"四庫全書 文淵閣版, V587.2, p53",1,陸廣微,,唐,撰
skqs2.org,吳地記,KR2k0091,1 卷,"四庫全書 文淵閣版, V587.2, p53",2,闕名,,,撰
skqs2.org,長安志,KR2k0092,20 卷,"四庫全書 文淵閣版, V587.3, p73",1,宋敏求,1019 - 1079,宋,撰
skqs2.org,洛陽名園記,KR2k0093,1 卷,"四庫全書 文淵閣版, V587.4, p239",1,李格非,,宋,撰
skqs2.org,雍錄,KR2k0094,10 卷,"四庫全書 文淵閣版, V587.5, p249",1,程大昌,1123 - 1195,宋,撰
skqs2.org,洞霄圖志,KR2k0095,6 卷,"四庫全書 文淵閣版, V587.6, p405",1,鄧牧,1247 - 1306,宋,撰
skqs2.org,長安志圖,KR2k0096,3 卷,"四庫全書 文淵閣版, V587.7, p469",1,李好文,,元,撰
skqs2.org,汴京遺蹟志,KR2k0097,24 卷,"四庫全書 文淵閣版, V587.8, p513",1,李濂,1488 - 1566,明,撰
skqs2.org,武林梵志,KR2k0098,12 卷,"四庫全書 文淵閣版, V588.1, p1",1,吳之鯨,,明,撰
skqs2.org,江城名蹟,KR2k0099,4 卷,"四庫全書 文淵閣版, V588.2, p287",1,陳弘緒,1597 - 1665,清,撰
skqs2.org,營平二州地名記,KR2k0100,1 卷,"四庫全書 文淵閣版, V588.3, p375",1,顧炎武,1613 - 1682,清,撰
skqs2.org,金鰲退食筆記,KR2k0101,2 卷,"四庫全書 文淵閣版, V588.4, p401",1,高士奇,1645 - 1704,清,撰
skqs2.org,石柱記箋釋,KR2k0102,5 卷,"四庫全書 文淵閣版, V588.5, p433",1,鄭元慶,b. 1660,清,撰
skqs2.org,關中勝蹟圖志,KR2k0103,32 卷,"四庫全書 文淵閣版, V588.6, p479",1,畢沅,1730 - 1797,清,撰
skqs2.org,南方草木狀,KR2k0104,3 卷,"四庫全書 文淵閣版, V589.1, p1",1,嵇含,263 - 306,晉,撰
skqs2.org,荊楚歲時記,KR2k0105,1 卷,"四庫全書 文淵閣版, V589.2, p13",1,宗懍,ca. 500 - ca. 563,梁,撰
skqs2.org,北戶錄,KR2k0106,3 卷,"四庫全書 文淵閣版, V589.3, p29",1,段公路,9th cent,唐,撰
skqs2.org,北戶錄,KR2k0106,3 卷,"四庫全書 文淵閣版, V589.3, p29",2,龜圖,,唐,註
skqs2.org,桂林風土記,KR2k0107,1 卷,"四庫全書 文淵閣版, V589.4, p63",1,莫休符,fl. 899,唐,撰
skqs2.org,嶺表錄異,KR2k0108,3 卷,"四庫全書 文淵閣版, V589.5, p79",1,劉恂,,唐,撰
skqs2.org,益部方物略記,KR2k0109,1 卷,"四庫全書 文淵閣版, V589.6, p99",1,宋祁,978 - 1061,宋,撰
skqs2.org,岳陽風土記,KR2k0110,1 卷,"四庫全書 文淵閣版, V589.7, p109",1,范致明,,宋,撰
skqs2.org,東京夢華錄,KR2k0111,10 卷,"四庫全書 文淵閣版, V589.8, p125",1,孟元老,fl. 1136 - 1147,宋,撰
skqs2.org,六朝事迹編類,KR2k0112,2 卷,"四庫全書 文淵閣版, V589.9, p175",1,張敦頤,,宋,撰
skqs2.org,會稽三賦,KR2k0113,3 卷,"四庫全書 文淵閣版, V589.10, p251",1,王十朋,1112 - 1171,宋,撰
skqs2.org,會稽三賦,KR2k0113,3 卷,"四庫全書 文淵閣版, V589.10, p251",2,周世則,,宋,注
skqs2.org,會稽三賦,KR2k0113,3 卷,"四庫全書 文淵閣版, V589.10, p251",3,史鑄,,宋,注
skqs2.org,中吳紀聞,KR2k0114,6 卷,"四庫全書 文淵閣版, V589.11, p289",1,襲明之,1090 - 1182,宋,撰
skqs2.org,桂海虞衡志,KR2k0115,1 卷,"四庫全書 文淵閣版, V589.12, p365",1,范成大,1126 - 1193,宋,撰
skqs2.org,嶺外代答,KR2k0116,10 卷,"四庫全書 文淵閣版, V589.13, p389",1,周去非,fl. 1163 - 1178,宋,撰
skqs2.org,都城紀勝,KR2k0117,1 卷,"四庫全書 文淵閣版, V590.1, p1",1,耐得翁,,宋,撰
skqs2.org,夢梁錄,KR2k0118,20 卷,"四庫全書 文淵閣版, V590.2, p13",1,吳自牧,fl. 1670,宋,撰
skqs2.org,武林舊事,KR2k0119,10 卷,"四庫全書 文淵閣版, V590.3, p173",1,周密,1232 - 1308,宋,撰
skqs2.org,增補武林舊事,KR2k0120,8 卷,"四庫全書 文淵閣版, V590.4, p301",1,周密,1232 - 1308,宋,撰
skqs2.org,增補武林舊事,KR2k0120,8 卷,"四庫全書 文淵閣版, V590.4, p301",2,朱廷煥,,明,補
skqs2.org,歲華紀麗譜,KR2k0121,1 卷,"四庫全書 文淵閣版, V590.5, p433",1,費著,,元,撰
skqs2.org,吳中舊事,KR2k0122,1 卷,"四庫全書 文淵閣版, V590.6, p443",1,陸友仁,fl. 1330 - 1338,元,撰
skqs2.org,平江記事,KR2k0123,1 卷,"四庫全書 文淵閣版, V590.7, p459",1,高德基,14th cent,元,撰
skqs2.org,江漢叢談,KR2k0124,2 卷,"四庫全書 文淵閣版, V590.8, p471",1,陳士元,,明,撰
skqs2.org,閩中海錯疏,KR2k0125,3 卷,"四庫全書 文淵閣版, V590.9, p499",1,屠本畯,fl. 1596,明,撰
skqs2.org,蜀中廣記,KR2k0126,108 卷,"四庫全書 文淵閣版, V591.1, p1 - V592.1",1,曹學佺,1574 - 1647,明,撰
skqs2.org,益部談資,KR2k0127,3 卷,"四庫全書 文淵閣版, V592.2, p735",1,何宇度,,明,撰
skqs2.org,顏山雜記,KR2k0128,4 卷,"四庫全書 文淵閣版, V592.3, p759",1,孫廷銓,1613 - 1674,清,撰
skqs2.org,嶺南風物記,KR2k0129,1 卷,"四庫全書 文淵閣版, V592.4, p827",1,吳綺,1619 - 1694,清,撰
skqs2.org,嶺南風物記,KR2k0129,1 卷,"四庫全書 文淵閣版, V592.4, p827",2,宋俊,,清,增補
skqs2.org,嶺南風物記,KR2k0129,1 卷,"四庫全書 文淵閣版, V592.4, p827",3,江闓,,清,刪定
skqs2.org,龍沙紀略,KR2k0130,1 卷,"四庫全書 文淵閣版, V592.5, p841",1,方式濟,,清,撰
skqs2.org,臺海使槎錄,KR2k0131,8 卷,"四庫全書 文淵閣版, V592.6, p861",1,黃叔璥,1666 - 1742,清,撰
skqs2.org,東城雜記,KR2k0132,2 卷,"四庫全書 文淵閣版, V592.7, p985",1,厲鄂,1692 - 1752,清,撰
skqs2.org,遊城南記,KR2k0133,1 卷,"四庫全書 文淵閣版, V593.1, p1",1,張禮,fl. 1086,宋,撰
skqs2.org,河朔訪古記,KR2k0134,3 卷,"四庫全書 文淵閣版, V593.2, p17",1,納新,,元,撰
skqs2.org,徐霞客遊記,KR2k0135,12 卷,"四庫全書 文淵閣版, V593.3, p61",1,徐宏祖,1586 - 1641,明,撰
skqs2.org,佛國記,KR2k0136,1 卷,"四庫全書 文淵閣版, V593.4, p611",1,釋法顯,fl. 399 - 414,南朝宋,撰
skqs2.org,大唐西域記,KR2k0137,12 卷,"四庫全書 文淵閣版, V593.5, p635",1,釋玄奘,ca. 596 - 664,唐,譯
skqs2.org,大唐西域記,KR2k0137,12 卷,"四庫全書 文淵閣版, V593.5, p635",2,釋辯機,,唐,撰
skqs2.org,宣和奉使高麗圖經,KR2k0138,40 卷,"四庫全書 文淵閣版, V593.6, p811",1,徐兢,1093 - 1155,宋,撰
skqs2.org,諸蕃志,KR2k0139,2 卷,"四庫全書 文淵閣版, V594.1, p1",1,趙汝适,13th cent,宋,撰
skqs2.org,溪蠻叢笑,KR2k0140,1 卷,"四庫全書 文淵閣版, V594.2, p43",1,朱輔,,宋,撰
skqs2.org,真臘風土記,KR2k0141,1 卷,"四庫全書 文淵閣版, V594.3, p53",1,周達觀,fl. 1295 - 1297,元,撰
skqs2.org,島夷誌略,KR2k0142,1 卷,"四庫全書 文淵閣版, V594.4, p71",1,汪大淵,,元,撰
skqs2.org,朝鮮賦,KR2k0143,1 卷,"四庫全書 文淵閣版, V594.5, p105",1,董越,1431 - 1502,明,撰
skqs2.org,海語,KR2k0144,3 卷,"四庫全書 文淵閣版, V594.6, p117",1,黃衷,1474 - 1553,明,撰
skqs2.org,海語,KR2k0144,3 卷,"四庫全書 文淵閣版, V594.6, p117",2,黃學準,,明,增注
skqs2.org,東西洋考,KR2k0145,12 卷,"四庫全書 文淵閣版, V594.7, p137",1,張燮,fl. 1618,明,撰
skqs2.org,職方外紀,KR2k0146,5 卷,"四庫全書 文淵閣版, V594.8, p279",1,西洋艾儒略,1582 - 1649,明,撰
skqs2.org,赤雅,KR2k0147,3 卷,"四庫全書 文淵閣版, V594.9, p337",1,鄺露,1604 - 1650,明,撰
skqs2.org,朝鮮志,KR2k0148,2 卷,"四庫全書 文淵閣版, V594.10, p369",1,闕名,,明,撰
skqs2.org,皇清職貢圖,KR2k0149,9 卷,"四庫全書 文淵閣版, V594.11, p395",1,傳恒,d. 1770,清,奉敕撰
skqs2.org,坤輿圖說,KR2k0150,2 卷,"四庫全書 文淵閣版, V594.12, p729",1,西洋南懷仁,1623 - 1688,清,撰
skqs2.org,異域錄,KR2k0151,2 卷,"四庫全書 文淵閣版, V594.13, p793",1,覺羅圖理琛,1667 - 1741,清,撰
skqs2.org,海國聞見錄,KR2k0152,2 卷,"四庫全書 文淵閣版, V594.14, p847",1,陳倫炯,fl. 1721 - 1730,清,撰
skqs2.org,唐六典,KR2l0001,30 卷,"四庫全書 文淵閣版, V595.1, p1",1,張九齡,678 - 740,唐,撰
skqs2.org,唐六典,KR2l0001,30 卷,"四庫全書 文淵閣版, V595.1, p1",2,李林甫,,唐,注
skqs2.org,翰林志,KR2l0002,1 卷,"四庫全書 文淵閣版, V595.2, p295",1,李肇,fl. 819,唐,撰
skqs2.org,麟臺故事,KR2l0003,5 卷,"四庫全書 文淵閣版, V595.3, p303",1,程俱,1078 - 1144,宋,撰
skqs2.org,翰苑羣書,KR2l0004,12 卷,"四庫全書 文淵閣版, V595.4, p341",1,洪遵,1120 - 1174,宋,編
skqs2.org,南宋館閣錄,KR2l0005,存9 卷,"四庫全書 文淵閣版, V595.5, p417",1,陳騤,1128 - 1203,宋,撰
skqs2.org,南宋館閣錄,KR2l0005,存9 卷,"四庫全書 文淵閣版, V595.5, p417",2,闕名,,,撰
skqs2.org,玉堂雜記,KR2l0006,3 卷,"四庫全書 文淵閣版, V595.6, p549",1,周必大,1126 - 1206,宋,撰
skqs2.org,宋宰輔編年錄,KR2l0007,20 卷,"四庫全書 文淵閣版, V596.1, p1",1,徐自明,,宋,撰
skqs2.org,祕書監志,KR2l0008,11 卷,"四庫全書 文淵閣版, V596.2, p753",1,王士點,,元,撰
skqs2.org,祕書監志,KR2l0008,11 卷,"四庫全書 文淵閣版, V596.2, p753",2,商企翁,,元,撰
skqs2.org,翰林志,KR2l0009,20 卷,"四庫全書 文淵閣版, V596.3, p859",1,黃佐,1490 - 1566,明,撰
skqs2.org,禮部志稿,KR2l0010,100 卷,"四庫全書 文淵閣版, V597.1, p1 - V598.1",1,林堯俞,,明,纂修
skqs2.org,禮部志稿,KR2l0010,100 卷,"四庫全書 文淵閣版, V597.1, p1 - V598.1",2,俞汝楫,,明,編撰
skqs2.org,太常續考,KR2l0011,8 卷,"四庫全書 文淵閣版, V599.1, p1",1,闕名,,明,撰
skqs2.org,土官底簿,KR2l0012,2 卷,"四庫全書 文淵閣版, V599.2, p331",1,闕名,,明,撰
skqs2.org,詞林典故,KR2l0013,8 卷,"四庫全書 文淵閣版, V599.3, p421",1,鄂爾泰,1677 - 1745,清,奉敕撰
skqs2.org,詞林典故,KR2l0013,8 卷,"四庫全書 文淵閣版, V599.3, p421",2,張廷玉,,清,奉敕撰
skqs2.org,欽定國子監志,KR2l0014,62 卷,"四庫全書 文淵閣版, V600.1, p1",1,梁國治,1723 - 1786,清,奉敕撰
skqs2.org,欽定歷代職官表,KR2l0015,72 卷,"四庫全書 文淵閣版, V601.1, p1 - V602.1",1,永瑢,1744 - 1790,清,奉敕撰
skqs2.org,欽定歷代職官表,KR2l0015,72 卷,"四庫全書 文淵閣版, V601.1, p1 - V602.1",2,紀昀,,清,奉敕撰
skqs2.org,州縣提綱,KR2l0016,4 卷,"四庫全書 文淵閣版, V602.2, p617",1,闕名,,宋,撰
skqs2.org,官箴,KR2l0017,1 卷,"四庫全書 文淵閣版, V602.3, p651",1,呂本中,,宋,撰
skqs2.org,百官箴,KR2l0018,6 卷,"四庫全書 文淵閣版, V602.4, p657",1,許月卿,1216 - 1285,宋,撰
skqs2.org,晝簾緒論,KR2l0020,1 卷,"四庫全書 文淵閣版, V602.5, p705",1,胡太初,fl. 1235 - 1253,宋,撰
skqs2.org,三事忠告,KR2l0021,4 卷,"四庫全書 文淵閣版, V602.6, p729",1,張養浩,1269 - 1329,元,撰
skqs2.org,御定人臣儆心錄,KR2l0022,1 卷,"四庫全書 文淵閣版, V602.7, p761",1,世祖,1638 - 1661,清,撰
skqs2.org,御定人臣儆心錄,KR2l0022,1 卷,"四庫全書 文淵閣版, V602.7, p761",2,王永吉,,清,奉敕纂
skqs2.org,通典,KR2m0001,200 卷,"四庫全書 文淵閣版, V603.1, p1 - V605.1",1,杜佑,735 - 812,唐,撰
skqs2.org,唐會要,KR2m0002,100 卷,"四庫全書 文淵閣版, V606.1, p1 - V607.1",1,王溥,922 - 982,宋,撰
skqs2.org,五代會要,KR2m0003,30 卷,"四庫全書 文淵閣版, V607.2, p439",1,王溥,922 - 982,宋,撰
skqs2.org,宋朝事實,KR2m0004,20 卷,"四庫全書 文淵閣版, V608.1, p1",1,李攸,fl. 1134,宋,撰
skqs2.org,建炎以來朝野雜記,KR2m0005,40 卷,"四庫全書 文淵閣版, V608.2, p239",1,李心傳,1166 - 1243,宋,撰
skqs2.org,西漢會要,KR2m0006,70 卷,"四庫全書 文淵閣版, V609.1, p1",1,徐天麟,,宋,撰
skqs2.org,東漢會要,KR2m0007,40 卷,"四庫全書 文淵閣版, V609.2, p449",1,徐天麟,,宋,撰
skqs2.org,漢制考,KR2m0008,4 卷,"四庫全書 文淵閣版, V609.3, p779",1,王應麟,1223 - 1296,宋,撰
skqs2.org,文獻通考,KR2m0009,348 卷,"四庫全書 文淵閣版, V610.1, p1 - V616.1",1,馬端臨,fl. 1254 - 1322,元,撰
skqs2.org,明會典,KR2m0010,180 卷,"四庫全書 文淵閣版, V617.1, p1 - V618.1",1,徐溥,1428 - 1499,明,奉敕撰
skqs2.org,明會典,KR2m0010,180 卷,"四庫全書 文淵閣版, V617.1, p1 - V618.1",2,李東陽,,明,重修
skqs2.org,七國考,KR2m0011,14 卷,"四庫全書 文淵閣版, V618.2, p765",1,董說,1620 - 1686,明,撰
skqs2.org,欽定大清會典,KR2m0012,100 卷,"四庫全書 文淵閣版, V619.1, p1",1,允祹,,清,奉敕撰
skqs2.org,欽定大清會典則例,KR2m0013,180 卷,"四庫全書 文淵閣版, V620.1, p1 - V625.1",1,高宗弘曆,1711 - 1799,清,敕撰
skqs2.org,欽定續文獻通考,KR2m0014,250 卷,"四庫全書 文淵閣版, V626.1, p1 - V631.1",1,嵇璜,1711 - 1794,清,奉敕撰
skqs2.org,欽定續文獻通考,KR2m0014,250 卷,"四庫全書 文淵閣版, V626.1, p1 - V631.1",2,曹仁虎,,清,奉敕撰
skqs2.org,皇朝文獻通考,KR2m0015,300 卷,"四庫全書 文淵閣版, V632.1, p1 - V638.1",1,高宗弘曆,1711 - 1799,清,敕撰
skqs2.org,欽定續通典,KR2m0016,150 卷,"四庫全書 文淵閣版, V639.1, p1 - V641.1",1,嵇璜,1711 - 1794,清,奉敕撰
skqs2.org,欽定續通典,KR2m0016,150 卷,"四庫全書 文淵閣版, V639.1, p1 - V641.1",2,曹仁虎,,清,奉敕撰
skqs2.org,欽定皇朝通典,KR2m0017,100 卷,"四庫全書 文淵閣版, V642.1, p1 - V643.1",1,高宗弘曆,1711 - 1799,清,敕撰
skqs2.org,欽定皇朝通志,KR2m0018,126 卷,"四庫全書 文淵閣版, V644.1, p1 - V645.1",1,高宗弘曆,1711 - 1799,清,敕撰
skqs2.org,元朝典故編年考,KR2m0019,10 卷,"四庫全書 文淵閣版, V645.2, p687",1,孫承澤,1592 - 1676,清,撰
skqs2.org,漢官舊儀,KR2m0020,2 卷,"四庫全書 文淵閣版, V646.1, p1",1,衞宏,1st cent,漢,撰
skqs2.org,大唐開元禮,KR2m0021,150 卷,"四庫全書 文淵閣版, V646.2, p19",1,蕭嵩,d. 749,唐,奉敕撰
skqs2.org,謚法,KR2m0022,4 卷,"四庫全書 文淵閣版, V646.3, p897",1,蘇洵,1009 - 1066,宋,撰
skqs2.org,政和五禮新儀,KR2m0023,存201 卷,"四庫全書 文淵閣版, V647.1, p1",1,鄭居中,d. 1123,宋,奉敕撰
skqs2.org,紹熙州縣釋奠儀圖,KR2m0024,1 卷,"四庫全書 文淵閣版, V648.1, p1",1,朱熹,1130 - 1200,宋,撰
skqs2.org,大金集體,KR2m0025,存33 卷,"四庫全書 文淵閣版, V648.2, p27",1,闕名,,金,撰
skqs2.org,大金德運圖說,KR2m0026,1 卷,"四庫全書 文淵閣版, V648.3, p309",1,闕名,,金,撰
skqs2.org,廟學典禮,KR2m0027,6 卷,"四庫全書 文淵閣版, V648.4, p323",1,闕名,,元,撰
skqs2.org,明集禮,KR2m0028,53 卷,"四庫全書 文淵閣版, V649.1, p1 - V650.1",1,徐一夔,1318 - ca. 1400,明,撰
skqs2.org,頖宮禮樂疏,KR2m0029,10 卷,"四庫全書 文淵閣版, V651.1, p1",1,李之藻,1565 - 1630,明,撰
skqs2.org,明臣謚考,KR2m0030,2 卷,"四庫全書 文淵閣版, V651.2, p417",1,鮑應鼇,,明,撰
skqs2.org,明謚紀彙編,KR2m0031,25 卷,"四庫全書 文淵閣版, V651.3, p463",1,郭良翰,,明,撰
skqs2.org,明宮史,KR2m0032,5 卷,"四庫全書 文淵閣版, V651.4, p603",1,呂毖,,明,校次
skqs2.org,幸魯盛典,KR2m0033,40 卷,"四庫全書 文淵閣版, V652.1, p1",1,弘毓圻,1657 - 1723,清,撰
skqs2.org,幸魯盛典,KR2m0033,40 卷,"四庫全書 文淵閣版, V652.1, p1",2,金居敬,,清,撰
skqs2.org,萬壽盛典初集,KR2m0034,120 卷,"四庫全書 文淵閣版, V653.1, p1 - V654.1",1,王掞,,清,監修
skqs2.org,萬壽盛典初集,KR2m0034,120 卷,"四庫全書 文淵閣版, V653.1, p1 - V654.1",2,王原祁,1642 - 1715,清,奉敕撰
skqs2.org,萬壽盛典初集,KR2m0034,120 卷,"四庫全書 文淵閣版, V653.1, p1 - V654.1",3,王奕清,,清,奉敕撰
skqs2.org,欽定大清通禮,KR2m0035,50 卷,"四庫全書 文淵閣版, V655.1, p1",1,來保,,清,奉敕撰
skqs2.org,欽定大清通禮,KR2m0035,50 卷,"四庫全書 文淵閣版, V655.1, p1",2,李玉鳴,,清,奉敕撰
skqs2.org,皇朝禮器圖式,KR2m0036,18 卷,"四庫全書 文淵閣版, V656.1, p1",1,允祿,1695 - 1767,清,奉敕撰
skqs2.org,皇朝禮器圖式,KR2m0036,18 卷,"四庫全書 文淵閣版, V656.1, p1",2,福隆安,,清,校補
skqs2.org,國朝宮史,KR2m0037,36 卷,"四庫全書 文淵閣版, V657.1, p1",1,高宗弘曆,1711 - 1799,清,敕撰
skqs2.org,欽定滿洲祭神祭天典禮,KR2m0038,6 卷,"四庫全書 文淵閣版, V657.2, p619",1,允祿,1695 - 1767,清,總辨
skqs2.org,欽定滿洲祭神祭天典禮,KR2m0038,6 卷,"四庫全書 文淵閣版, V657.2, p619",2,官著,,清,承修
skqs2.org,欽定滿洲祭神祭天典禮,KR2m0038,6 卷,"四庫全書 文淵閣版, V657.2, p619",3,阿桂,,清,漢譯
skqs2.org,欽定滿洲祭神祭天典禮,KR2m0038,6 卷,"四庫全書 文淵閣版, V657.2, p619",4,于敏中,,清,漢譯
skqs2.org,欽定南巡盛典,KR2m0039,100 卷,"四庫全書 文淵閣版, V658.1, p1 - V659.1",1,高晉,,清,初編
skqs2.org,欽定南巡盛典,KR2m0039,100 卷,"四庫全書 文淵閣版, V658.1, p1 - V659.1",2,薩載,,清,續編
skqs2.org,欽定南巡盛典,KR2m0039,100 卷,"四庫全書 文淵閣版, V658.1, p1 - V659.1",3,阿桂,,清,合編
skqs2.org,欽定南巡盛典,KR2m0039,100 卷,"四庫全書 文淵閣版, V658.1, p1 - V659.1",4,傳恒,,清,合編
skqs2.org,八旬萬壽盛典,KR2m0040,120 卷,"四庫全書 文淵閣版, V660.1, p1 - V661.1",1,阿桂,1717 - 1797,清,纂修
skqs2.org,歷代建元考,KR2m0041,10 卷,"四庫全書 文淵閣版, V662.1, p1",1,鍾淵映,,清,撰
skqs2.org,北郊配位尊西向議,KR2m0042,1 卷,"四庫全書 文淵閣版, V662.2, p155",1,毛奇齡,1623 - 1716,清,撰
skqs2.org,廟制圖考,KR2m0043,1 卷,"四庫全書 文淵閣版, V662.3, p167",1,萬斯同,1638 - 1702,清,撰
skqs2.org,救荒活民書,KR2m0044,3 卷,"四庫全書 文淵閣版, V662.4, p233",1,董煟,,宋,撰
skqs2.org,熬波圖,KR2m0045,2 卷,"四庫全書 文淵閣版, V662.5, p311",1,陳椿,fl. 1334,元,撰
skqs2.org,錢通,KR2m0046,32 卷,"四庫全書 文淵閣版, V662.6, p365",1,胡我琨,,明,撰
skqs2.org,捕蝗考,KR2m0047,1 卷,"四庫全書 文淵閣版, V663.1, p1",1,陳芳生,,清,撰
skqs2.org,荒政叢書,KR2m0048,10 卷,"四庫全書 文淵閣版, V663.2, p13",1,俞森,fl. 1690,清,撰
skqs2.org,欽定康濟錄,KR2m0049,6 卷,"四庫全書 文淵閣版, V663.3, p223",1,陸曾禹,,清,原撰
skqs2.org,欽定康濟錄,KR2m0049,6 卷,"四庫全書 文淵閣版, V663.3, p223",2,倪國璉,,清,檢擇
skqs2.org,欽定康濟錄,KR2m0049,6 卷,"四庫全書 文淵閣版, V663.3, p223",3,蔣溥,,清,刪潤
skqs2.org,欽定康濟錄,KR2m0049,6 卷,"四庫全書 文淵閣版, V663.3, p223",4,梁詩正,,清,刪潤
skqs2.org,歷代兵制,KR2m0050,8 卷,"四庫全書 文淵閣版, V663.4, p437",1,陳傳良,1137 - 1203,宋,撰
skqs2.org,補漢兵志,KR2m0051,1 卷,"四庫全書 文淵閣版, V663.5, p481",1,錢文子,fl. 1160 - 1215,宋,撰
skqs2.org,馬政紀,KR2m0052,12 卷,"四庫全書 文淵閣版, V663.6, p503",1,楊時喬,d. 1609,明,撰
skqs2.org,欽定八旗通志,KR2m0053,342 卷,"四庫全書 文淵閣版, V664.1, p1 - V671.1",1,高宗弘曆,1711 - 1799,清,敕撰
skqs2.org,唐律疏義,KR2m0054,30 卷,"四庫全書 文淵閣版, V672.1, p1",1,長孫無忌,d. 659,唐,奉敕撰
skqs2.org,大清律例,KR2m0055,47 卷,"四庫全書 文淵閣版, V672.2, p377 - V673.1",1,三泰,,清,奉敕纂
skqs2.org,大清律例,KR2m0055,47 卷,"四庫全書 文淵閣版, V672.2, p377 - V673.1",2,徐本,,清,奉敕纂
skqs2.org,大清律例,KR2m0055,47 卷,"四庫全書 文淵閣版, V672.2, p377 - V673.1",3,劉統勳,,清,續纂
skqs2.org,營造法式,KR2m0056,34 卷,"四庫全書 文淵閣版, V673.2, p399",1,李誡,1035 - 1110,宋,奉敕撰
skqs2.org,欽定式英殿聚珍版程式,KR2m0057,1 卷,"四庫全書 文淵閣版, V673.3, p709",1,金簡,d. 1795,清,撰
skqs2.org,崇文總目,KR2n0001,12 卷,"四庫全書 文淵閣版, V674.1, p1",1,王堯臣,1001 - 1056,宋,奉敕撰
skqs2.org,崇文總目,KR2n0001,12 卷,"四庫全書 文淵閣版, V674.1, p1",2,王洙,,宋,奉敕撰
skqs2.org,崇文總目,KR2n0001,12 卷,"四庫全書 文淵閣版, V674.1, p1",3,歐陽修,,宋,奉敕撰
skqs2.org,郡齋讀書志,KR2n0002,4 卷,"四庫全書 文淵閣版, V674.2, p153",1,晁公武,fl. 1140 - 1171,宋,撰
skqs2.org,郡齋讀書志,KR2n0002,4 卷,"四庫全書 文淵閣版, V674.2, p153",2,趙希弁,,宋,續輯
skqs2.org,郡齋讀書志,KR2n0002,4 卷,"四庫全書 文淵閣版, V674.2, p153",3,趙希弁,,宋,編
skqs2.org,遂初堂書目,KR2n0003,1 卷,"四庫全書 文淵閣版, V674.3, p435",1,尤袤,1127 - 1194,宋,撰
skqs2.org,子略,KR2n0004,4 卷,"四庫全書 文淵閣版, V674.4, p491",1,高似孫,,宋,撰
skqs2.org,直齋書錄解題,KR2n0005,22 卷,"四庫全書 文淵閣版, V674.5, p525",1,陳振孫,fl. 1211 - 1249,宋,撰
skqs2.org,漢藝文志考證,KR2n0006,10 卷,"四庫全書 文淵閣版, V675.1, p1",1,王應麟,1223 - 1296,宋,撰
skqs2.org,文淵閣書目,KR2n0007,4 卷,"四庫全書 文淵閣版, V675.2, p111",1,楊士奇,1365 - 1444,明,編
skqs2.org,授經圖義例,KR2n0008,20 卷,"四庫全書 文淵閣版, V675.3, p231",1,朱睦㮮,1517 - 1586,明,撰
skqs2.org,欽定天祿琳琅書目,KR2n0009,10 卷,"四庫全書 文淵閣版, V675.4, p335",1,于敏中,1714 - 1779,清,奉敕編
skqs2.org,欽定天祿琳琅書目,KR2n0009,10 卷,"四庫全書 文淵閣版, V675.4, p335",2,王際華,,清,奉敕編
skqs2.org,欽定天祿琳琅書目,KR2n0009,10 卷,"四庫全書 文淵閣版, V675.4, p335",3,梁國治,,清,奉敕編
skqs2.org,千頃堂書目,KR2n0010,32 卷,"四庫全書 文淵閣版, V676.1, p1",1,黃虞稷,1629 - 1691,清,撰
skqs2.org,經義考,KR2n0011,存297 卷,"四庫全書 文淵閣版, V677.1, p1 - V680.1",1,朱彝尊,1629 - 1709,清,撰
skqs2.org,集古錄,KR2n0012,10 卷,"四庫全書 文淵閣版, V681.1, p1",1,歐陽修,1007 - 1072,宋,撰
skqs2.org,金石錄,KR2n0013,30 卷,"四庫全書 文淵閣版, V681.2, p147",1,趙明誠,1081 - 1129,宋,撰
skqs2.org,法帖刊誤,KR2n0014,2 卷,"四庫全書 文淵閣版, V681.3, p377",1,黃伯思,1079 - 1118,宋,撰
skqs2.org,法帖釋文,KR2n0015,10 卷,"四庫全書 文淵閣版, V681.4, p395",1,劉次莊,fl. 1092 - 1102,宋,撰
skqs2.org,籀史,KR2n0016,1 卷,"四庫全書 文淵閣版, V681.5, p427",1,翟耆年,fl. 1142,宋,撰
skqs2.org,隸釋,KR2n0017,27 卷,"四庫全書 文淵閣版, V681.6, p443",1,洪适,1117 - 1184,宋,撰
skqs2.org,隸續,KR2n0018,21 卷,"四庫全書 文淵閣版, V681.7, p759",1,洪适,1117 - 1184,宋,撰
skqs2.org,絳帖平,KR2n0019,6 卷,"四庫全書 文淵閣版, V682.1, p1",1,姜夔,ca. 1155 - ca. 1235,宋,撰
skqs2.org,石刻鋪敍,KR2n0020,2 卷,"四庫全書 文淵閣版, V682.2, p37",1,曾宏父,13th cent,宋,撰
skqs2.org,法帖譜系,KR2n0021,2 卷,"四庫全書 文淵閣版, V682.3, p61",1,曹士冕,fl. 1240 - 1245,宋,撰
skqs2.org,蘭亭考,KR2n0022,12 卷,"四庫全書 文淵閣版, V682.4, p73",1,桑世昌,fl. 1208,宋,撰
skqs2.org,蘭亭考,KR2n0022,12 卷,"四庫全書 文淵閣版, V682.4, p73",2,高似孫,,宋,刪定
skqs2.org,蘭亭續考,KR2n0023,2 卷,"四庫全書 文淵閣版, V682.5, p155",1,俞松,fl. 1065,宋,撰
skqs2.org,寶刻叢編,KR2n0024,20 卷,"四庫全書 文淵閣版, V682.6, p181",1,陳思,fl. 1259,宋,撰
skqs2.org,輿地碑記目,KR2n0025,4 卷,"四庫全書 文淵閣版, V682.7, p517",1,王象之,fl. 1221,宋,撰
skqs2.org,寶刻類編,KR2n0026,8 卷,"四庫全書 文淵閣版, V682.8, p583",1,闕名,,宋,撰
skqs2.org,古刻叢鈔,KR2n0027,1 卷,"四庫全書 文淵閣版, V683.1, p1",1,陶宗儀,fl. 1360 - 1368,明,編
skqs2.org,名蹟錄,KR2n0028,5 卷,"四庫全書 文淵閣版, V683.2, p25",1,朱珪,1731 - 1806,明,編
skqs2.org,吳中金石新編,KR2n0029,8 卷,"四庫全書 文淵閣版, V683.3, p93",1,陳暐,,明,撰
skqs2.org,金薤琳琅,KR2n0030,20 卷,"四庫全書 文淵閣版, V683.4, p223",1,都穆,1458 - 1525,明,撰
skqs2.org,法帖釋文考異,KR2n0031,10 卷,"四庫全書 文淵閣版, V683.5, p357",1,顧從義,1523 - 1588,明,撰
skqs2.org,金石林時地考,KR2n0032,2 卷,"四庫全書 文淵閣版, V683.6, p417",1,趙均,1591 - 1640,明,撰
skqs2.org,石墨鐫華,KR2n0033,6 卷,"四庫全書 文淵閣版, V683.7, p445",1,趙崡,,明,撰
skqs2.org,金石史,KR2n0034,2 卷,"四庫全書 文淵閣版, V683.8, p533",1,郭宗昌,d. 1652,明,撰
skqs2.org,欽定重刻淳化閣帖釋文,KR2n0035,10 卷,"四庫全書 文淵閣版, V683.9, p559",1,于敏中,1714 - 1779,清,奉敕校正
skqs2.org,欽定重刻淳化閣帖釋文,KR2n0035,10 卷,"四庫全書 文淵閣版, V683.9, p559",2,王際華,,清,奉敕校正
skqs2.org,欽定重刻淳化閣帖釋文,KR2n0035,10 卷,"四庫全書 文淵閣版, V683.9, p559",3,裘日修,,清,奉敕校正
skqs2.org,求古錄,KR2n0036,1 卷,"四庫全書 文淵閣版, V683.10, p659",1,顧炎武,1613 - 1682,清,撰
skqs2.org,金石文字記,KR2n0037,6 卷,"四庫全書 文淵閣版, V683.11, p701",1,顧炎武,1613 - 1682,清,撰
skqs2.org,石經考,KR2n0038,1 卷,"四庫全書 文淵閣版, V683.12, p833",1,顧炎武,1613 - 1682,清,撰
skqs2.org,萬氏石經考,KR2n0039,2 卷,"四庫全書 文淵閣版, V683.13, p853",1,萬斯同,1638 - 1702,清,撰
skqs2.org,來齋金石刻考略,KR2n0040,3 卷,"四庫全書 文淵閣版, V684.1, p1",1,林侗,1627 - 1714,清,撰
skqs2.org,崇陽石刻集記,KR2n0041,2 卷,"四庫全書 文淵閣版, V684.2, p97",1,葉封,1623 - 1687,清,撰
skqs2.org,金石文考略,KR2n0042,16 卷,"四庫全書 文淵閣版, V684.3, p169",1,李光暎,fl. 1729,清,撰
skqs2.org,分隸偶存,KR2n0043,2 卷,"四庫全書 文淵閣版, V684.4, p447",1,萬經,1659 - 1741,清,撰
skqs2.org,淳化祕閣法帖考正,KR2n0044,12 卷,"四庫全書 文淵閣版, V684.5, p503",1,王澍,1668 - 1743,清,撰
skqs2.org,竹雲題跋,KR2n0045,4 卷,"四庫全書 文淵閣版, V684.6, p643",1,王澍,1668 - 1743,清,撰
skqs2.org,金石經眼錄,KR2n0046,1 卷,"四庫全書 文淵閣版, V684.7, p711",1,褚峻,fl. 1694 - 1745,清,摹圖
skqs2.org,金石經眼錄,KR2n0046,1 卷,"四庫全書 文淵閣版, V684.7, p711",2,牛運震,,清,補說
skqs2.org,石經考異,KR2n0047,2 卷,"四庫全書 文淵閣版, V684.8, p765",1,杭世駿,1696 - 1773,清,撰
skqs2.org,史通,KR2o0001,20 卷,"四庫全書 文淵閣版, V685.1, p1",1,劉知幾,661 - 721,唐,撰
skqs2.org,史通通釋,KR2o0002,20 卷,"四庫全書 文淵閣版, V685.2, p157",1,浦起龍,1679 - 1762,清,撰
skqs2.org,唐鑑,KR2o0003,24 卷,"四庫全書 文淵閣版, V685.3, p469",1,范祖禹,1041 - 1098,宋,撰
skqs2.org,唐鑑,KR2o0003,24 卷,"四庫全書 文淵閣版, V685.3, p469",2,呂祖謙,,宋,注
skqs2.org,唐史論斷,KR2o0004,3 卷,"四庫全書 文淵閣版, V685.4, p639",1,孫甫,998 - 1057,宋,撰
skqs2.org,唐書直筆,KR2o0005,4 卷,"四庫全書 文淵閣版, V685.5, p703",1,呂夏卿,998 - 1057,宋,撰
skqs2.org,通鑑問疑,KR2o0006,1 卷,"四庫全書 文淵閣版, V686.1, p1",1,劉羲仲,,宋,撰
skqs2.org,三國雜事,KR2o0007,2 卷,"四庫全書 文淵閣版, V686.2, p13",1,唐庚,1071 - 1121,宋,撰
skqs2.org,經幄管見,KR2o0008,4 卷,"四庫全書 文淵閣版, V686.3, p29",1,曹彥約,1157 - 1208,宋,撰
skqs2.org,涉史隨筆,KR2o0009,1 卷,"四庫全書 文淵閣版, V686.4, p75",1,葛洪,,宋,撰
skqs2.org,六朝通鑑博議,KR2o0010,10 卷,"四庫全書 文淵閣版, V686.5, p95",1,李燾,1114 - 1183,宋,撰
skqs2.org,宋大事記講義,KR2o0011,23 卷,"四庫全書 文淵閣版, V686.6, p185",1,呂中,,宋,撰
skqs2.org,兩漢筆記,KR2o0012,12 卷,"四庫全書 文淵閣版, V686.7, p413",1,錢時,,宋,撰
skqs2.org,舊聞證誤,KR2o0013,4 卷,"四庫全書 文淵閣版, V686.8, p571",1,李心傳,1166 - 1243,宋,撰
skqs2.org,通鑑答問,KR2o0014,5 卷,"四庫全書 文淵閣版, V686.9, p617",1,王應麟,1223 - 1296,宋,撰
skqs2.org,歷代名賢確論,KR2o0015,100 卷,"四庫全書 文淵閣版, V687.1, p1",1,闕名,,宋,撰
skqs2.org,歷代通略,KR2o0016,4 卷,"四庫全書 文淵閣版, V688.1, p1",1,陳櫟,1252 - 1334,元,撰
skqs2.org,十七史纂古今通要,KR2o0017,17 卷,"四庫全書 文淵閣版, V688.2, p111",1,胡一桂,,元,撰
skqs2.org,學史,KR2o0018,13 卷,"四庫全書 文淵閣版, V688.3, p337",1,邵寶,1460 - 1527,明,撰
skqs2.org,史糾,KR2o0019,6 卷,"四庫全書 文淵閣版, V688.4, p451",1,朱明鎬,1607 - 1652,明,撰
skqs2.org,御批資治通鑑綱目,KR2o0020,59 卷,"四庫全書 文淵閣版, V689.1, p1 - V691.1",1,朱熹,1130 - 1200,宋,撰
skqs2.org,御批資治通鑑綱目,KR2o0020,59 卷,"四庫全書 文淵閣版, V689.1, p1 - V691.1",2,聖祖,,清,批
skqs2.org,御批資治通鑑綱目前編,KR2o0021,18 卷,"四庫全書 文淵閣版, V692.1, p1",1,金履祥,1232 - 1303,元,撰
skqs2.org,御批資治通鑑綱目前編,KR2o0021,18 卷,"四庫全書 文淵閣版, V692.1, p1",2,聖祖,,清,批
skqs2.org,御批續資治通鑑綱目,KR2o0022,27 卷,"四庫全書 文淵閣版, V693.1, p1 - V694.1",1,商輅,1414 - 1486,明,撰
skqs2.org,御批續資治通鑑綱目,KR2o0022,27 卷,"四庫全書 文淵閣版, V693.1, p1 - V694.1",2,周禮,,明,發明
skqs2.org,御批續資治通鑑綱目,KR2o0022,27 卷,"四庫全書 文淵閣版, V693.1, p1 - V694.1",3,張時泰,,明,廣義
skqs2.org,御批續資治通鑑綱目,KR2o0022,27 卷,"四庫全書 文淵閣版, V693.1, p1 - V694.1",4,聖祖,,清,批
skqs2.org,評鑑闡要,KR2o0023,12 卷,"四庫全書 文淵閣版, V694.2, p417",1,高宗弘曆,1711 - 1799,清,撰
skqs2.org,評鑑闡要,KR2o0023,12 卷,"四庫全書 文淵閣版, V694.2, p417",2,劉統勳,,清,編
skqs2.org,欽定古今儲貳金鑑,KR2o0024,6 卷,"四庫全書 文淵閣版, V694.3, p583",1,高宗弘曆,1711 - 1799,清,撰
skqs2.org,文史通義,KR2o0024,,,,,,,
skqs3.org,孔子家語,KR3a0001,10 卷,"四庫全書 文淵閣版, V695.1, p1",1,王肅,195 - 256,魏,註
skqs3.org,荀子,KR3a0002,20 卷,"四庫全書 文淵閣版, V695.2, p115",1,荀況,-313 - -238,周,撰
skqs3.org,荀子,KR3a0002,20 卷,"四庫全書 文淵閣版, V695.2, p115",2,楊倞,,唐,注
skqs3.org,孔叢子,KR3a0003,3 卷,"四庫全書 文淵閣版, V695.3, p307",1,孔鮒,fl. -221 - -207,漢,撰
skqs3.org,孔叢子,KR3a0003,3 卷,"四庫全書 文淵閣版, V695.3, p307",2,孔藏,,漢,撰
skqs3.org,新語,KR3a0004,2 卷,"四庫全書 文淵閣版, V695.4, p369",1,陸賈,-228 - -141,漢,撰
skqs3.org,新書,KR3a0005,10 卷,"四庫全書 文淵閣版, V695.5, p387",1,賈誼,-200 - -168,漢,撰
skqs3.org,鹽鐵論,KR3a0006,12 卷,"四庫全書 文淵閣版, V695.6, p475",1,桓寬,fl. -73,漢,撰
skqs3.org,鹽鐵論,KR3a0006,12 卷,"四庫全書 文淵閣版, V695.6, p475",2,張之象,,明,注
skqs3.org,說苑,KR3a0007,20 卷,"四庫全書 文淵閣版, V696.1, p1",1,劉向,-77 - -6,漢,撰
skqs3.org,新序,KR3a0008,10 卷,"四庫全書 文淵閣版, V696.2, p187",1,劉向,-77 - -6,漢,撰
skqs3.org,揚子法言,KR3a0009,10 卷,"四庫全書 文淵閣版, V696.3, p269",1,揚雄,-53 - 18,漢,撰
skqs3.org,揚子法言,KR3a0009,10 卷,"四庫全書 文淵閣版, V696.3, p269",2,李軌,,晉,注
skqs3.org,揚子法言,KR3a0009,10 卷,"四庫全書 文淵閣版, V696.3, p269",3,柳宗元,,唐,注
skqs3.org,揚子法言,KR3a0009,10 卷,"四庫全書 文淵閣版, V696.3, p269",4,宋咸,,宋,重添注
skqs3.org,揚子法言,KR3a0009,10 卷,"四庫全書 文淵閣版, V696.3, p269",5,吳秘,,宋,重添注
skqs3.org,揚子法言,KR3a0009,10 卷,"四庫全書 文淵閣版, V696.3, p269",6,司馬光,,宋,重添注
skqs3.org,潛夫論,KR3a0010,10 卷,"四庫全書 文淵閣版, V696.4, p355",1,王符,76 - 157,漢,撰
skqs3.org,申鑒,KR3a0011,2 卷,"四庫全書 文淵閣版, V696.5, p433",1,荀悅,148 - 209,漢,撰
skqs3.org,申鑒,KR3a0011,2 卷,"四庫全書 文淵閣版, V696.5, p433",2,黃省曾,,明,注
skqs3.org,中論,KR3a0012,2 卷,"四庫全書 文淵閣版, V696.6, p465",1,徐幹,170 - 217,漢,撰
skqs3.org,傳子,KR3a0013,1 卷,"四庫全書 文淵閣版, V696.7, p503",1,傳玄,217 - 278,晉,撰
skqs3.org,中說,KR3a0014,10 卷,"四庫全書 文淵閣版, V696.8, p521",1,王通,584 - 618,隋,撰
skqs3.org,中說,KR3a0014,10 卷,"四庫全書 文淵閣版, V696.8, p521",2,阮逸,,宋,注
skqs3.org,帝範,KR3a0016,4 卷,"四庫全書 文淵閣版, V696.9, p587",1,太宗,597 - 649,唐,撰
skqs3.org,續孟子,KR3a0017,2 卷,"四庫全書 文淵閣版, V696.10, p619",1,林慎思,,唐,撰
skqs3.org,伸蒙子,KR3a0018,3 卷,"四庫全書 文淵閣版, V696.11, p629",1,林慎思,,唐,撰
skqs3.org,素履子,KR3a0019,3 卷,"四庫全書 文淵閣版, V696.12, p645",1,張弧,,唐,撰
skqs3.org,家範,KR3a0020,10 卷,"四庫全書 文淵閣版, V696.13, p657",1,司馬光,1019 - 1086,宋,撰
skqs3.org,帝學,KR3a0021,8 卷,"四庫全書 文淵閣版, V696.14, p725",1,范祖禹,1041 - 1098,宋,撰
skqs3.org,儒志編,KR3a0022,1 卷,"四庫全書 文淵閣版, V696.15, p781",1,王開祖,,宋,撰
skqs3.org,太極圖說述解,KR3a0023,1 卷,"四庫全書 文淵閣版, V697.1, p1",1,曹端,1376 - 1434,明,撰
skqs3.org,西銘述解,KR3a0023,1 卷,"四庫全書 文淵閣版, V697.2, p15",1,曹端,1376 - 1434,明,撰
skqs3.org,通書述解,KR3a0025,2 卷,"四庫全書 文淵閣版, V697.3, p21",1,曹端,1376 - 1434,明,撰
skqs3.org,張子全書,KR3a0026,14 卷,"四庫全書 文淵閣版, V697.4, p77",1,張戴,1020 - 1077,宋,撰
skqs3.org,注解正蒙,KR3a0028,2 卷,"四庫全書 文淵閣版, V697.5, p335",1,李光地,1642 - 1718,清,撰
skqs3.org,正蒙初義,KR3a0029,17 卷,"四庫全書 文淵閣版, V697.6, p413",1,王植,,清,撰
skqs3.org,二程遺書,KR3a0030,25 卷,"四庫全書 文淵閣版, V698.1, p1",1,程顥,1032 - 1085,宋,撰
skqs3.org,二程遺書,KR3a0030,25 卷,"四庫全書 文淵閣版, V698.1, p1",2,程頤,,宋,撰
skqs3.org,二程遺書,KR3a0030,25 卷,"四庫全書 文淵閣版, V698.1, p1",3,朱熹,,宋,編
skqs3.org,二程外書,KR3a0031,12 卷,"四庫全書 文淵閣版, V698.2, p281",1,程顥,1032 - 1085,宋,撰
skqs3.org,二程外書,KR3a0031,12 卷,"四庫全書 文淵閣版, V698.2, p281",2,程頤,,宋,撰
skqs3.org,二程外書,KR3a0031,12 卷,"四庫全書 文淵閣版, V698.2, p281",3,朱熹,,宋,編
skqs3.org,二程粹言,KR3a0032,2 卷,"四庫全書 文淵閣版, V698.3, p355",1,楊時,1053 - 1135,宋,編
skqs3.org,公是第子記,KR3a0034,4 卷,"四庫全書 文淵閣版, V698.4, p439",1,劉敞,1019 - 1068,宋,撰
skqs3.org,節孝語錄,KR3a0035,1 卷,"四庫全書 文淵閣版, V698.5, p473",1,徐積,1028 - 1103,宋,撰
skqs3.org,節孝語錄,KR3a0035,1 卷,"四庫全書 文淵閣版, V698.5, p473",2,江端禮,,宋,編
skqs3.org,儒言,KR3a0036,1 卷,"四庫全書 文淵閣版, V698.6, p497",1,晁說之,,宋,撰
skqs3.org,童蒙訓,KR3a0037,3 卷,"四庫全書 文淵閣版, V698.7, p515",1,呂本中,,宋,撰
skqs3.org,省心雜言,KR3a0038,1 卷,"四庫全書 文淵閣版, V698.8, p545",1,李邦獻,,宋,撰
skqs3.org,上蔡語錄,KR3a0039,3 卷,"四庫全書 文淵閣版, V698.9, p565",1,謝良佐,1050 - 1103,宋,撰
skqs3.org,上蔡語錄,KR3a0039,3 卷,"四庫全書 文淵閣版, V698.9, p565",2,曾恬,,宋,錄
skqs3.org,上蔡語錄,KR3a0039,3 卷,"四庫全書 文淵閣版, V698.9, p565",3,胡安國,,宋,錄
skqs3.org,上蔡語錄,KR3a0039,3 卷,"四庫全書 文淵閣版, V698.9, p565",4,朱熹,,宋,刪定
skqs3.org,袁氏世範,KR3a0040,3 卷,"四庫全書 文淵閣版, V698.10, p595",1,袁采,,宋,撰
skqs3.org,延平答問,KR3a0041,1 卷,"四庫全書 文淵閣版, V698.11, p643",1,朱熹,1130 - 1200,宋,撰
skqs3.org,近思錄,KR3a0042,14 卷,"四庫全書 文淵閣版, V699.1, p1",1,朱熹,1130 - 1200,宋,編
skqs3.org,近思錄,KR3a0042,14 卷,"四庫全書 文淵閣版, V699.1, p1",2,呂祖謙,,宋,編
skqs3.org,近思錄,KR3a0042,14 卷,"四庫全書 文淵閣版, V699.1, p1",3,葉采,,宋,集解
skqs3.org,近思錄集註,KR3a0043,14 卷,"四庫全書 文淵閣版, V699.2, p127",1,茅星來,1678 - 1748,清,撰
skqs3.org,近思錄集註,KR3a0044,14 卷,"四庫全書 文淵閣版, V699.3, p357",1,江永,1681 - 1762,清,撰
skqs3.org,雜學辨,KR3a0045,1 卷,"四庫全書 文淵閣版, V699.4, p489",1,朱熹,1130 - 1200,宋,撰
skqs3.org,御定小學集駐,KR3a0046,6 卷,"四庫全書 文淵閣版, V699.5, p521",1,朱熹,1130 - 1200,宋,撰
skqs3.org,御定小學集駐,KR3a0046,6 卷,"四庫全書 文淵閣版, V699.5, p521",2,陳選,,明,集注
skqs3.org,朱子語類,KR3a0047,140 卷,"四庫全書 文淵閣版, V700.1, p1 - V702.1",1,黎靖德,fl. 1263 - 1270,宋,編
skqs3.org,戒子通錄,KR3a0048,8 卷,"四庫全書 文淵閣版, V703.1, p1",1,劉清之,,宋,撰
skqs3.org,知言,KR3a0049,6 卷,"四庫全書 文淵閣版, V703.2, p109",1,胡宏,,宋,撰
skqs3.org,明本釋,KR3a0050,3 卷,"四庫全書 文淵閣版, V703.3, p159",1,劉荀,,宋,撰
skqs3.org,少儀外傳,KR3a0051,2 卷,"四庫全書 文淵閣版, V703.4, p219",1,呂祖謙,1137 - 1181,宋,撰
skqs3.org,麗澤論說集錄,KR3a0052,10 卷,"四庫全書 文淵閣版, V703.5, p265",1,呂祖謙,1137 - 1181,宋,撰
skqs3.org,麗澤論說集錄,KR3a0052,10 卷,"四庫全書 文淵閣版, V703.5, p265",2,呂祖儉,,宋,蒐錄
skqs3.org,麗澤論說集錄,KR3a0052,10 卷,"四庫全書 文淵閣版, V703.5, p265",3,呂喬年,,宋,編
skqs3.org,曾子全書,KR3a0053,1 卷,"四庫全書 文淵閣版, V703.6, p457",1,王晫,1162 - 1237,宋,編
skqs3.org,子思子全書,KR3a0054,1 卷,"四庫全書 文淵閣版, V703.7, p487",1,王晫,1162 - 1237,宋,編
skqs3.org,邇言,KR3a0055,12 卷,"四庫全書 文淵閣版, V703.8, p509",1,劉炎,,宋,撰
skqs3.org,木鍾集,KR3a0056,11 卷,"四庫全書 文淵閣版, V703.9, p553",1,陳植,,宋,撰
skqs3.org,經濟文衡,KR3a0057,72 卷,"四庫全書 文淵閣版, V704.1, p1",1,朱熹,1130 - 1200,宋,撰
skqs3.org,經濟文衡,KR3a0057,72 卷,"四庫全書 文淵閣版, V704.1, p1",2,滕珙,,宋,編
skqs3.org,大學衍義,KR3a0058,43 卷,"四庫全書 文淵閣版, V704.2, p497",1,真德秀,1178 - 1235,宋,撰
skqs3.org,西山讀書記,KR3a0059,40 卷,"四庫全書 文淵閣版, V705.1, p1 - V706.1",1,真德秀,1178 - 1235,宋,撰
skqs3.org,心經,KR3a0060,1 卷,"四庫全書 文淵閣版, V706.2, p425",1,真德秀,1178 - 1235,宋,撰
skqs3.org,政經,KR3a0061,1 卷,"四庫全書 文淵閣版, V706.3, p441",1,真德秀,1178 - 1235,宋,撰
skqs3.org,項氏家說,KR3a0062,10 卷,"四庫全書 文淵閣版, V706.4, p471",1,項安世,1146 - 1208,宋,撰
skqs3.org,先聖大訓,KR3a0063,6 卷,"四庫全書 文淵閣版, V706.5, p585",1,楊簡,d. 1226,宋,撰
skqs3.org,黃氏日抄,KR3a0064,存94 卷,"四庫全書 文淵閣版, V707.1, p1 - V708.1",1,黃震,,宋,撰
skqs3.org,北溪字義,KR3a0065,2 卷,"四庫全書 文淵閣版, V709.1, p1",1,陳淳,1153 - 1217,宋,撰
skqs3.org,北溪字義,KR3a0065,2 卷,"四庫全書 文淵閣版, V709.1, p1",2,王雋,,宋,錄
skqs3.org,準齋雜說,KR3a0066,2 卷,"四庫全書 文淵閣版, V709.2, p63",1,吳如愚,1167 - 1244,宋,撰
skqs3.org,性理羣書句解,KR3a0067,23 卷,"四庫全書 文淵閣版, V709.3, p91",1,熊節,,宋,編
skqs3.org,性理羣書句解,KR3a0067,23 卷,"四庫全書 文淵閣版, V709.3, p91",2,熊剛大,,宋,注
skqs3.org,東宮備覽,KR3a0068,6 卷,"四庫全書 文淵閣版, V709.4, p291",1,陳模,,宋,撰
skqs3.org,孔子集語,KR3a0069,2 卷,"四庫全書 文淵閣版, V709.5, p319",1,薛據,fl. 1241 - 1260,宋,輯
skqs3.org,朱子讀書法,KR3a0070,4 卷,"四庫全書 文淵閣版, V709.6, p351",1,張洪,,宋,編
skqs3.org,朱子讀書法,KR3a0070,4 卷,"四庫全書 文淵閣版, V709.6, p351",2,齊𤇸,,宋,編
skqs3.org,家山圖書,KR3a0071,1 卷,"四庫全書 文淵閣版, V709.7, p421",1,闕名,,宋,撰
skqs3.org,讀書分年日程,KR3a0072,3 卷,"四庫全書 文淵閣版, V709.8, p457",1,程端禮,1271 - 1345,元,撰
skqs3.org,辨惑編,KR3a0073,4 卷,"四庫全書 文淵閣版, V709.9, p535",1,謝應芳,1296? - 1392?,元,撰
skqs3.org,治世龜鑑,KR3a0074,1 卷,"四庫全書 文淵閣版, V709.10, p595",1,蘇天爵,1294 - 1352,元,撰
skqs3.org,管窺外篇,KR3a0075,2 卷,"四庫全書 文淵閣版, V709.11, p617",1,史伯璿,,元,撰
skqs3.org,內訓,KR3a0076,1 卷,"四庫全書 文淵閣版, V709.12, p721",1,仁孝文皇后徐氏,1362 - 1407,明,撰
skqs3.org,理學類編,KR3a0077,8 卷,"四庫全書 文淵閣版, V709.13, p741",1,張九韶,,明,撰
skqs3.org,性理大全書,KR3a0078,70 卷,"四庫全書 文淵閣版, V710.1, p1 - V711.1",1,胡廣,,明,敕撰
skqs3.org,讀書錄,KR3a0079,11 卷,"四庫全書 文淵閣版, V711.2, p541",1,薛瑄,1389 - 1464,明,撰
skqs3.org,大學衍義補,KR3a0080,160 卷,"四庫全書 文淵閣版, V712.1, p1 - V713.1",1,丘濬,1419? - 1495,明,撰
skqs3.org,居業錄,KR3a0081,8 卷,"四庫全書 文淵閣版, V714.1, p1",1,胡居仁,1434 - 1484,明,撰
skqs3.org,楓山語錄,KR3a0082,1 卷,"四庫全書 文淵閣版, V714.2, p111",1,章懋,1436 - 1521,明,撰
skqs3.org,東溪日談錄,KR3a0083,18 卷,"四庫全書 文淵閣版, V714.3, p137",1,周琦,,明,撰
skqs3.org,因知記,KR3a0084,2 卷,"四庫全書 文淵閣版, V714.4, p275",1,羅欽訓,1465 - 1547,明,撰
skqs3.org,讀書劄記,KR3a0085,8 卷,"四庫全書 文淵閣版, V714.5, p373",1,徐問,,明,撰
skqs3.org,士翼,KR3a0086,3 卷,"四庫全書 文淵閣版, V714.6, p451",1,崔銑,1478 - 1541,明,撰
skqs3.org,涇野子內篇,KR3a0087,27 卷,"四庫全書 文淵閣版, V714.7, p521",1,呂柟,1479 - 1542,明,撰
skqs3.org,周子抄釋,KR3a0089,2 卷,"四庫全書 文淵閣版, V715.1, p1",1,呂柟,1479 - 1542,明,撰
skqs3.org,張子抄釋,KR3a0090,6 卷,"四庫全書 文淵閣版, V715.2, p31",1,呂柟,1479 - 1542,明,撰
skqs3.org,二程子抄釋,KR3a0091,10 卷,"四庫全書 文淵閣版, V715.3, p107",1,呂柟,1479 - 1542,明,撰
skqs3.org,朱子抄釋,KR3a0092,2 卷,"四庫全書 文淵閣版, V715.4, p251",1,呂柟,1479 - 1542,明,撰
skqs3.org,中庸衍義,KR3a0093,17 卷,"四庫全書 文淵閣版, V715.5, p281",1,夏良勝,,明,撰
skqs3.org,格物通,KR3a0094,100 卷,"四庫全書 文淵閣版, V716.1, p1",1,湛若水,1466 - 1560,明,撰
skqs3.org,世緯,KR3a0095,2 卷,"四庫全書 文淵閣版, V717.1, p1",1,袁衮,1502 - 1547,明,撰
skqs3.org,呻吟語摘,KR3a0096,2 卷,"四庫全書 文淵閣版, V717.2, p27",1,呂坤,1536 - 1618,明,撰
skqs3.org,劉子遺書,KR3a0097,4 卷,"四庫全書 文淵閣版, V717.3, p99",1,劉宗周,1578 - 1645,明,撰
skqs3.org,人譜,KR3a0098,1 卷,"四庫全書 文淵閣版, V717.4, p175",1,劉宗周,1578 - 1645,明,撰
skqs3.org,榕壇問業,KR3a0099,18 卷,"四庫全書 文淵閣版, V717.5, p271",1,黃道周,1585 - 1646,明,撰
skqs3.org,溫氏母訓,KR3a0100,1 卷,"四庫全書 文淵閣版, V717.6, p521",1,溫璜,1585 - 1645,明,述
skqs3.org,御定資政要覽,KR3a0101,3 卷,"四庫全書 文淵閣版, V717.7, p531",1,世祖,1638 - 1661,清,撰
skqs3.org,御定資政要覽,KR3a0101,3 卷,"四庫全書 文淵閣版, V717.7, p531",2,呂宮,,清,纂
skqs3.org,御定資政要覽,KR3a0101,3 卷,"四庫全書 文淵閣版, V717.7, p531",3,蔣赫德,,清,撰
skqs3.org,御定資政要覽,KR3a0101,3 卷,"四庫全書 文淵閣版, V717.7, p531",4,傳以漸,,清,撰
skqs3.org,聖論廣訓,KR3a0102,1 卷,"四庫全書 文淵閣版, V717.8, p589",1,聖祖,1654 - 1722,清,頒諭
skqs3.org,聖論廣訓,KR3a0102,1 卷,"四庫全書 文淵閣版, V717.8, p589",2,世宗胤禛,,清,繹譯
skqs3.org,聖祖仁皇帝庭訓格言,KR3a0103,1 卷,"四庫全書 文淵閣版, V717.9, p613",1,世宗胤禛,1678 - 1735,清,纂
skqs3.org,日知薈說,KR3a0104,4 卷,"四庫全書 文淵閣版, V717.10, p663",1,高宗弘曆,1711 - 1799,清,撰
skqs3.org,御定孝經衍義,KR3a0105,100 卷,"四庫全書 文淵閣版, V718.1, p1 - V719.1",1,葉方藹,1629 - 1682,清,監修
skqs3.org,御定孝經衍義,KR3a0105,100 卷,"四庫全書 文淵閣版, V718.1, p1 - V719.1",2,張英,,清,監修
skqs3.org,御定孝經衍義,KR3a0105,100 卷,"四庫全書 文淵閣版, V718.1, p1 - V719.1",3,韓菼,,清,編纂
skqs3.org,御定內則衍義,KR3a0106,16 卷,"四庫全書 文淵閣版, V719.2, p347",1,世祖,1638 - 1661,清,御定
skqs3.org,御定內則衍義,KR3a0106,16 卷,"四庫全書 文淵閣版, V719.2, p347",2,傳以漸,,清,奉敕纂
skqs3.org,御纂性理精義,KR3a0107,12 卷,"四庫全書 文淵閣版, V719.2, p589",1,李光地,1642 - 1718,清,奉敕纂
skqs3.org,御纂朱子全書,KR3a0108,66 卷,"四庫全書 文淵閣版, V720.1, p1 - V721.1",1,朱熹,1130 - 1200,宋,撰
skqs3.org,御纂朱子全書,KR3a0108,66 卷,"四庫全書 文淵閣版, V720.1, p1 - V721.1",2,聖祖玄燁,,清,定
skqs3.org,御纂朱子全書,KR3a0108,66 卷,"四庫全書 文淵閣版, V720.1, p1 - V721.1",3,李光地,,清,奉敕撰
skqs3.org,御纂朱子全書,KR3a0108,66 卷,"四庫全書 文淵閣版, V720.1, p1 - V721.1",4,熊賜履,,清,奉敕撰
skqs3.org,欽定執中成憲,KR3a0109,8 卷,"四庫全書 文淵閣版, V722.1, p1",1,雍正,1678 - 1735,清,敕撰
skqs3.org,御覽經史講義,KR3a0110,30 卷,"四庫全書 文淵閣版, V722.2, p125 - V723.1",1,蔣溥,1708 - 1761,清,奉敕編
skqs3.org,御覽經史講義,KR3a0110,30 卷,"四庫全書 文淵閣版, V722.2, p125 - V723.1",2,劉統勳,,清,奉敕編
skqs3.org,思辨錄輯要,KR3a0111,35 卷,"四庫全書 文淵閣版, V724.1, p1",1,陸世儀,1611 - 1672,清,撰
skqs3.org,思辨錄輯要,KR3a0111,35 卷,"四庫全書 文淵閣版, V724.1, p1",2,張伯行,,清,編次
skqs3.org,正學隅見述,KR3a0112,1 卷,"四庫全書 文淵閣版, V724.2, p341",1,王宏,,清,撰著
skqs3.org,雙橋隨筆,KR3a0113,12 卷,"四庫全書 文淵閣版, V724.3, p373",1,周召,,清,撰
skqs3.org,榕村語錄,KR3a0114,30 卷,"四庫全書 文淵閣版, V725.1, p1",1,李光地,1642 - 1718,清,撰
skqs3.org,榕村語錄,KR3a0114,30 卷,"四庫全書 文淵閣版, V725.1, p1",2,徐用錫,,清,輯
skqs3.org,榕村語錄,KR3a0114,30 卷,"四庫全書 文淵閣版, V725.1, p1",3,李清植,,清,輯
skqs3.org,讀朱隨筆,KR3a0115,4 卷,"四庫全書 文淵閣版, V725.2, p477",1,陸隴其,1630 - 1693,清,撰
skqs3.org,三魚堂賸言,KR3a0116,12 卷,"四庫全書 文淵閣版, V725.3, p561",1,陸隴其,1630 - 1693,清,撰
skqs3.org,三魚堂賸言,KR3a0116,12 卷,"四庫全書 文淵閣版, V725.3, p561",2,陳濟,,清,編
skqs3.org,松陽鈔存,KR3a0117,2 卷,"四庫全書 文淵閣版, V725.4, p627",1,陸隴其,1630 - 1693,清,撰
skqs3.org,松陽鈔存,KR3a0117,2 卷,"四庫全書 文淵閣版, V725.4, p627",2,楊開基,,清,編注
skqs3.org,讀書偶記,KR3a0118,3 卷,"四庫全書 文淵閣版, V725.5, p661",1,雷鈜,1697 - 1760,清,撰
skqs3.org,握奇經,KR3b0001,1 卷,"四庫全書 文淵閣版, V726.1, p1",1,公孫宏,-200 - -121,漢,解
skqs3.org,握奇經,KR3b0001,1 卷,"四庫全書 文淵閣版, V726.1, p1",2,馬后,,,撰
skqs3.org,握奇經,KR3b0001,1 卷,"四庫全書 文淵閣版, V726.1, p1",3,馬隆述,,晉,讚
skqs3.org,握奇經,KR3b0001,1 卷,"四庫全書 文淵閣版, V726.1, p1",4,高似孫,,宋,注跋
skqs3.org,六韜,KR3b0002,6 卷,"四庫全書 文淵閣版, V726.2, p9",1,呂望,,周,撰
skqs3.org,孫子,KR3b0003,1 卷,"四庫全書 文淵閣版, V726.3, p43",1,孫武,fl. -380 - -320,周,撰
skqs3.org,吳子,KR3b0004,1 卷,"四庫全書 文淵閣版, V726.4, p57",1,吳起,d. -378,周,撰
skqs3.org,司馬法,KR3b0005,1 卷,"四庫全書 文淵閣版, V726.5, p65",1,司馬穰苴,-722 - -481,周,撰
skqs3.org,尉繚子,KR3b0006,5 卷,"四庫全書 文淵閣版, V726.6, p71",1,尉繚,,周,撰
skqs3.org,黃石公三略,KR3b0007,3 卷,"四庫全書 文淵閣版, V726.7, p89",1,黃石公,,秦,撰
skqs3.org,三略直解,KR3b0008,3 卷,"四庫全書 文淵閣版, V726.8, p99",1,劉寅,,明,撰
skqs3.org,黃石公素書,KR3b0009,1 卷,"四庫全書 文淵閣版, V726.9, p127",1,黃石公,,秦,撰
skqs3.org,黃石公素書,KR3b0009,1 卷,"四庫全書 文淵閣版, V726.9, p127",2,張商英,,宋,註
skqs3.org,李衞公問對,KR3b0010,3 卷,"四庫全書 文淵閣版, V726.10, p143",1,李靖,571 - 649,唐,撰
skqs3.org,太白陰經,KR3b0011,8 卷,"四庫全書 文淵閣版, V726.11, p163",1,李筌,fl. 759,唐,撰
skqs3.org,武經總要,KR3b0012,40 卷,"四庫全書 文淵閣版, V726.12, p235",1,曾公亮,998 - 1078,宋,奉敕撰
skqs3.org,武經總要,KR3b0012,40 卷,"四庫全書 文淵閣版, V726.12, p235",2,丁度,,宋,奉敕撰
skqs3.org,虎鈴經,KR3b0013,20 卷,"四庫全書 文淵閣版, V727.1, p1",1,許洞,,宋,撰
skqs3.org,何博士備論,KR3b0014,2 卷,"四庫全書 文淵閣版, V727.2, p131",1,何去非,fl. 1082 - 1090,宋,撰
skqs3.org,守城錄,KR3b0015,4 卷,"四庫全書 文淵閣版, V727.3, p175",1,陳規,1071 - 1141,宋,撰
skqs3.org,守城錄,KR3b0015,4 卷,"四庫全書 文淵閣版, V727.3, p175",2,湯璹,,宋,撰
skqs3.org,武編,KR3b0016,10 卷,"四庫全書 文淵閣版, V727.4, p205",1,唐順之,1507 - 1560,明,撰
skqs3.org,陣紀,KR3b0017,4 卷,"四庫全書 文淵閣版, V727.5, p675",1,何良臣,,明,撰
skqs3.org,江南經略,KR3b0018,8 卷,"四庫全書 文淵閣版, V728.1, p1",1,鄭若曾,1505 - 1580,明,撰
skqs3.org,紀效新書,KR3b0019,18 卷,"四庫全書 文淵閣版, V728.2, p487",1,戚繼光,1528 - 1587,明,撰
skqs3.org,練兵實紀,KR3b0020,9 卷,"四庫全書 文淵閣版, V728.3, p687",1,戚繼光,1528 - 1587,明,撰
skqs3.org,管子,KR3c0001,24 卷,"四庫全書 文淵閣版, V729.1, p1",1,管仲,d. -645,周,撰
skqs3.org,管子,KR3c0001,24 卷,"四庫全書 文淵閣版, V729.1, p1",2,房玄齡,,唐,注
skqs3.org,管子補注,KR3c0002,24 卷,"四庫全書 文淵閣版, V729.2, p275",1,劉績,,明,撰
skqs3.org,鄧子,KR3c0003,1 卷,"四庫全書 文淵閣版, V729.3, p553",1,鄧析,-545 - -501,周,撰
skqs3.org,商子,KR3c0004,5 卷,"四庫全書 文淵閣版, V729.4, p561",1,商鞅,d. -338,秦,撰
skqs3.org,韓非子,KR3c0005,20 卷,"四庫全書 文淵閣版, V729.5, p597",1,韓非,d. -233,周,撰
skqs3.org,韓非子,KR3c0005,20 卷,"四庫全書 文淵閣版, V729.5, p597",2,何犿,,元,注
skqs3.org,疑獄集,KR3c0006,4 卷,"四庫全書 文淵閣版, V729.6, p795",1,和凝,,五代,撰
skqs3.org,疑獄集,KR3c0006,4 卷,"四庫全書 文淵閣版, V729.6, p795",2,和㠓,,五代,撰
skqs3.org,疑獄集,KR3c0006,4 卷,"四庫全書 文淵閣版, V729.6, p795",3,張景,,明,撰
skqs3.org,折獄龜鑑,KR3c0007,8 卷,"四庫全書 文淵閣版, V729.7, p861",1,鄭克,12th cent,宋,撰
skqs3.org,棠陰比事,KR3c0008,1 卷,"四庫全書 文淵閣版, V729.8, p969",1,桂萬榮,,宋,撰
skqs3.org,棠陰比事,KR3c0008,1 卷,"四庫全書 文淵閣版, V729.8, p969",2,吳訥,,明,刪補
skqs3.org,齊民要術,KR3d0001,10 卷,"四庫全書 文淵閣版, V730.1, p1",1,賈思勰,6th cent,後魏,撰
skqs3.org,農書,KR3d0002,3 卷,"四庫全書 文淵閣版, V730.2, p169",1,陳敷,1076 - 1154,宋,撰
skqs3.org,農書,KR3d0002,3 卷,"四庫全書 文淵閣版, V730.2, p169",2,秦觀,,宋,撰
skqs3.org,農桑輯要,KR3d0003,7 卷,"四庫全書 文淵閣版, V730.3, p195",1,司農司,,元,撰
skqs3.org,農桑衣食撮要,KR3d0004,2 卷,"四庫全書 文淵閣版, V730.4, p291",1,魯明善,fl. 1314 - 1330,元,撰
skqs3.org,農書,KR3d0005,22 卷,"四庫全書 文淵閣版, V730.5, p315",1,王禎,fl. 1333,元,撰
skqs3.org,救荒本草,KR3d0006,8 卷,"四庫全書 文淵閣版, V730.6, p609",1,朱橚,1361 - 1425,明,撰
skqs3.org,農政全書,KR3d0007,60 卷,"四庫全書 文淵閣版, V731.1, p1",1,徐光啟,1562 - 1633,明,撰
skqs3.org,秦西水法,KR3d0008,6 卷,"四庫全書 文淵閣版, V731.2, p931",1,西洋熊三拔,1575 - 1620,明,撰
skqs3.org,野菜博錄,KR3d0009,4 卷,"四庫全書 文淵閣版, V731.3, p979",1,鮑山,,明,撰
skqs3.org,欽定授時通考,KR3d0010,78 卷,"四庫全書 文淵閣版, V732.1, p1",1,鄂爾泰,1677 - 1745,清,奉敕撰
skqs3.org,欽定授時通考,KR3d0010,78 卷,"四庫全書 文淵閣版, V732.1, p1",2,張廷玉,,清,奉敕撰
skqs3.org,欽定授時通考,KR3d0010,78 卷,"四庫全書 文淵閣版, V732.1, p1",3,董誥,,清,補編
skqs3.org,欽定授時通考,KR3d0010,78 卷,"四庫全書 文淵閣版, V732.1, p1",4,戴衢亨,,清,補編
skqs3.org,黃帝內經素問,KR3e0001,24 卷,"四庫全書 文淵閣版, V733.1, p1",1,王冰,fl. 762,唐,次注
skqs3.org,黃帝內經素問,KR3e0001,24 卷,"四庫全書 文淵閣版, V733.1, p1",2,林億,,宋,校正
skqs3.org,靈樞經,KR3e0002,12 卷,"四庫全書 文淵閣版, V733.2, p317",1,王冰,fl. 762,唐,注
skqs3.org,靈樞經,KR3e0002,12 卷,"四庫全書 文淵閣版, V733.2, p317",2,史崧,,宋,校正
skqs3.org,難經本義,KR3e0004,2 卷,"四庫全書 文淵閣版, V733.3, p429",1,秦越人,,周,撰
skqs3.org,難經本義,KR3e0004,2 卷,"四庫全書 文淵閣版, V733.3, p429",2,滑壽,,元,注
skqs3.org,鍼灸甲乙經,KR3e0005,12 卷,"四庫全書 文淵閣版, V733.4, p509",1,皇甫謐,215 - 282,晉,撰
skqs3.org,鍼灸甲乙經,KR3e0005,12 卷,"四庫全書 文淵閣版, V733.4, p509",2,高保衡,,宋,校注
skqs3.org,鍼灸甲乙經,KR3e0005,12 卷,"四庫全書 文淵閣版, V733.4, p509",3,林億,,宋,校注
skqs3.org,金匱要略論註,KR3e0006,24 卷,"四庫全書 文淵閣版, V734.1, p1",1,張機,fl. 168 - 196,漢,撰
skqs3.org,金匱要略論註,KR3e0006,24 卷,"四庫全書 文淵閣版, V734.1, p1",2,徐彬,,清,註
skqs3.org,傷寒論注釋,KR3e0008,10 卷,"四庫全書 文淵閣版, V734.2, p201",1,張機,fl. 168 - 196,漢,撰
skqs3.org,傷寒論注釋,KR3e0008,10 卷,"四庫全書 文淵閣版, V734.2, p201",2,王叔和,,晉,編
skqs3.org,傷寒論注釋,KR3e0008,10 卷,"四庫全書 文淵閣版, V734.2, p201",3,成無己,,金,注
skqs3.org,傷寒論注釋,KR3e0008,10 卷,"四庫全書 文淵閣版, V734.2, p201",4,成無己,,金,撰
skqs3.org,傷寒論注釋,KR3e0008,10 卷,"四庫全書 文淵閣版, V734.2, p201",5,成無己,,金,撰
skqs3.org,肘後備急方,KR3e0010,8 卷,"四庫全書 文淵閣版, V734.3, p365",1,葛洪,ca. 250 - ca. 330,晉,撰
skqs3.org,肘後備急方,KR3e0010,8 卷,"四庫全書 文淵閣版, V734.3, p365",2,陶弘景,,梁,補
skqs3.org,肘後備急方,KR3e0010,8 卷,"四庫全書 文淵閣版, V734.3, p365",3,楊用道,,金,補
skqs3.org,褚氏遺書,KR3e0011,1 卷,"四庫全書 文淵閣版, V734.4, p541",1,褚澄,,南齊,撰
skqs3.org,巢氏諸病源候總論,KR3e0012,50 卷,"四庫全書 文淵閣版, V734.5, p549",1,巢元方,,隋,奉敕撰
skqs3.org,備急千金要方,KR3e0013,93 卷,"四庫全書 文淵閣版, V735.1, p1",1,孫思邈,581 - 682,唐,撰
skqs3.org,備急千金要方,KR3e0013,93 卷,"四庫全書 文淵閣版, V735.1, p1",2,高保衡,,宋,校正
skqs3.org,備急千金要方,KR3e0013,93 卷,"四庫全書 文淵閣版, V735.1, p1",3,林億,,宋,校正
skqs3.org,銀海精微,KR3e0014,2 卷,"四庫全書 文淵閣版, V735.2, p945",1,孫思邈,581 - 682,唐,撰
skqs3.org,外臺秘要方,KR3e0015,40 卷,"四庫全書 文淵閣版, V736.1, p1 - V737.1",1,王燾,fl. 752,唐,撰
skqs3.org,外臺秘要方,KR3e0015,40 卷,"四庫全書 文淵閣版, V736.1, p1 - V737.1",2,林億,,宋,校正
skqs3.org,外臺秘要方,KR3e0015,40 卷,"四庫全書 文淵閣版, V736.1, p1 - V737.1",3,孫兆,,宋,校正
skqs3.org,顱顖經,KR3e0016,2 卷,"四庫全書 文淵閣版, V738.1, p1",1,闕名,,宋,撰
skqs3.org,銅人鍼灸經,KR3e0017,7 卷,"四庫全書 文淵閣版, V738.2, p15",1,闕名,,宋,撰
skqs3.org,明堂灸經,KR3e0018,8 卷,"四庫全書 文淵閣版, V738.3, p51",1,西方子,,,撰
skqs3.org,博濟方,KR3e0019,5 卷,"四庫全書 文淵閣版, V738.4, p97",1,王袞,d. 1078,宋,撰
skqs3.org,蘇沈良方,KR3e0020,8 卷,"四庫全書 文淵閣版, V738.5, p217",1,蘇軾,1036 - 1101,宋,撰
skqs3.org,蘇沈良方,KR3e0020,8 卷,"四庫全書 文淵閣版, V738.5, p217",2,沈括,,宋,撰
skqs3.org,壽親養老新書,KR3e0021,4 卷,"四庫全書 文淵閣版, V738.6, p283",1,陳直,11th cent,宋,撰
skqs3.org,壽親養老新書,KR3e0021,4 卷,"四庫全書 文淵閣版, V738.6, p283",2,鄒鉉,,元,續編
skqs3.org,腳氣治法總要,KR3e0022,2 卷,"四庫全書 文淵閣版, V738.7, p417",1,董汲,,宋,撰
skqs3.org,旅舍備要方,KR3e0023,1 卷,"四庫全書 文淵閣版, V738.8, p439",1,董汲,,宋,撰
skqs3.org,素問入式運氣論奧,KR3e0024,3 卷,"四庫全書 文淵閣版, V738.9, p451",1,劉溫舒,,宋,撰
skqs3.org,傷寒微旨論,KR3e0025,2 卷,"四庫全書 文淵閣版, V738.10, p541",1,韓祗和,fl. 1086,宋,撰
skqs3.org,傷寒總病論,KR3e0026,6 卷,"四庫全書 文淵閣版, V738.11, p575",1,龐安時,1042 - 1096,宋,撰
skqs3.org,傷寒總病論,KR3e0026,6 卷,"四庫全書 文淵閣版, V738.11, p575",2,董炳,,宋,編
skqs3.org,聖濟總錄纂要,KR3e0027,26 卷,"四庫全書 文淵閣版, V739.1, p1",1,徽宗,1082 - 1135,宋,敕編
skqs3.org,聖濟總錄纂要,KR3e0027,26 卷,"四庫全書 文淵閣版, V739.1, p1",2,程林,,清,刪定
skqs3.org,證類本草,KR3e0028,30 卷,"四庫全書 文淵閣版, V740.1, p1",1,唐慎微,fl. 1086 - 1108,宋,撰
skqs3.org,證類本草,KR3e0028,30 卷,"四庫全書 文淵閣版, V740.1, p1",2,曹孝忠,,宋,校
skqs3.org,證類本草,KR3e0028,30 卷,"四庫全書 文淵閣版, V740.1, p1",3,寇宗奭,,宋,衍義
skqs3.org,金生指迷方,KR3e0030,4 卷,"四庫全書 文淵閣版, V741.1, p1",1,王貺,12th cent,宋,撰
skqs3.org,小兒衞生總散論方,KR3e0031,20 卷,"四庫全書 文淵閣版, V741.2, p49",1,闕名,,,撰
skqs3.org,小兒衞生總散論方,KR3e0031,20 卷,"四庫全書 文淵閣版, V741.2, p49",2,何大任,,宋,校訂
skqs3.org,類證普濟本事方,KR3e0032,10 卷,"四庫全書 文淵閣版, V741.3, p375",1,許叔微,,宋,撰
skqs3.org,太平惠民和劑局方,KR3e0033,10 卷,"四庫全書 文淵閣版, V741.4, p469",1,陳師文,,宋,奉敕撰
skqs3.org,傳信適用方,KR3e0034,2 卷,"四庫全書 文淵閣版, V741.5, p745",1,吳彥夔,,宋,撰
skqs3.org,衞濟寶書,KR3e0035,2 卷,"四庫全書 文淵閣版, V741.6, p813",1,東軒居士,,宋,撰
skqs3.org,醫說,KR3e0036,10 卷,"四庫全書 文淵閣版, V742.1, p1",1,張杲,,宋,撰
skqs3.org,鍼灸資生經,KR3e0037,7 卷,"四庫全書 文淵閣版, V742.2, p229",1,王執中,,宋,撰
skqs3.org,婦人大全良方,KR3e0038,24 卷,"四庫全書 文淵閣版, V742.3, p435",1,陳自明,,宋,撰
skqs3.org,太醫局諸科程文格,KR3e0039,9 卷,"四庫全書 文淵閣版, V743.1, p1",1,何大任,,宋,編
skqs3.org,產育寶慶集,KR3e0040,2 卷,"四庫全書 文淵閣版, V743.2, p117",1,陳師聖,,宋,編
skqs3.org,產育寶慶集,KR3e0040,2 卷,"四庫全書 文淵閣版, V743.2, p117",2,郭稽中,,宋,編
skqs3.org,三因極一病證方論,KR3e0041,18 卷,"四庫全書 文淵閣版, V743.3, p149",1,陳言,fl. 1500 - 1540,宋,撰
skqs3.org,集驗背疽方,KR3e0042,1 卷,"四庫全書 文淵閣版, V743.4, p433",1,李迅,,宋,撰
skqs3.org,濟生方,KR3e0043,8 卷,"四庫全書 文淵閣版, V743.5, p449",1,嚴用和,13th cent,宋,撰
skqs3.org,產寶諸寶,KR3e0044,1 卷,"四庫全書 文淵閣版, V743.6, p525",1,闕名,,宋,撰
skqs3.org,仁齋直指,KR3e0045,26 卷,"四庫全書 文淵閣版, V744.1, p1",1,楊士瀛,,宋,撰
skqs3.org,仁齋直指,KR3e0045,26 卷,"四庫全書 文淵閣版, V744.1, p1",2,朱崇正,,明,附遺
skqs3.org,急救仙方,KR3e0046,6 卷,"四庫全書 文淵閣版, V744.2, p665",1,闕名,,,撰
skqs3.org,素問玄機原病式,KR3e0047,1 卷,"四庫全書 文淵閣版, V744.3, p703",1,劉完素,fl. 1186,金,撰
skqs3.org,宣明方論,KR3e0048,15 卷,"四庫全書 文淵閣版, V744.4, p745",1,劉完素,fl. 1186,金,撰
skqs3.org,傷寒直格方,KR3e0049,3 卷,"四庫全書 文淵閣版, V744.5, p847",1,劉完素,fl. 1186,金,撰
skqs3.org,保命集,KR3e0050,3 卷,"四庫全書 文淵閣版, V745.1, p1",1,張元素,,金,撰
skqs3.org,儒門事親,KR3e0051,15 卷,"四庫全書 文淵閣版, V745.2, p99",1,張從正,fl. 1217 - 1231,金,撰
skqs3.org,內外傷辯惑論,KR3e0052,3 卷,"四庫全書 文淵閣版, V745.3, p363",1,李杲,1180 - 1251,元,撰
skqs3.org,脾胃論,KR3e0053,3 卷,"四庫全書 文淵閣版, V745.4, p401",1,李杲,1180 - 1251,元,撰
skqs3.org,蘭室祕藏,KR3e0054,3 卷,"四庫全書 文淵閣版, V745.5, p469",1,李杲,1180 - 1251,元,撰
skqs3.org,此事難知,KR3e0055,2 卷,"四庫全書 文淵閣版, V745.6, p573",1,王好古,fl. 1297,元,撰
skqs3.org,醫壘元戎,KR3e0056,12 卷,"四庫全書 文淵閣版, V745.7, p631",1,王好古,fl. 1297,元,撰
skqs3.org,湯液本章,KR3e0057,3 卷,"四庫全書 文淵閣版, V745.8, p909",1,王好古,fl. 1297,元,撰
skqs3.org,瑞竹堂經驗方,KR3e0058,5 卷,"四庫全書 文淵閣版, V746.1, p1",1,沙圖穆蘇,,元,撰
skqs3.org,世醫得效方,KR3e0059,20 卷,"四庫全書 文淵閣版, V746.2, p43",1,危亦林,,元,撰
skqs3.org,格致餘論,KR3e0060,1 卷,"四庫全書 文淵閣版, V746.3, p637",1,朱震亨,1281 - 1358,元,撰
skqs3.org,局方發揮,KR3e0061,1 卷,"四庫全書 文淵閣版, V746.4, p675",1,朱震亨,1281 - 1358,元,撰
skqs3.org,金匱鈎玄,KR3e0062,3 卷,"四庫全書 文淵閣版, V746.5, p697",1,朱震亨,1281 - 1358,元,撰
skqs3.org,金匱鈎玄,KR3e0062,3 卷,"四庫全書 文淵閣版, V746.5, p697",2,戴原禮,,明,校補
skqs3.org,扁鵲神應鍼灸玉龍經,KR3e0063,1 卷,"四庫全書 文淵閣版, V746.6, p755",1,王國瑞,,元,撰
skqs3.org,外科精義,KR3e0064,2 卷,"四庫全書 文淵閣版, V746.7, p799",1,齊德之,,元,撰
skqs3.org,脉訣刊誤,KR3e0065,2 卷,"四庫全書 文淵閣版, V746.8, p863",1,戴啟宗,14th cent,元,撰
skqs3.org,脉訣刊誤,KR3e0065,2 卷,"四庫全書 文淵閣版, V746.8, p863",2,汪機,,明,輯
skqs3.org,脉訣刊誤,KR3e0065,2 卷,"四庫全書 文淵閣版, V746.8, p863",3,汪機,,明,撰
skqs3.org,醫經溯洄集,KR3e0066,2 卷,"四庫全書 文淵閣版, V746.9, p937",1,王履,b. 1332,元,撰
skqs3.org,普濟方,KR3e0067,426 卷,"四庫全書 文淵閣版, V747.1, p1 - V761.1",1,朱橚,1361 - 1425,明,撰
skqs3.org,玉機微義,KR3e0068,50 卷,"四庫全書 文淵閣版, V762.1, p1",1,徐用誠,,明,原輯
skqs3.org,玉機微義,KR3e0068,50 卷,"四庫全書 文淵閣版, V762.1, p1",2,劉純續,,明,增
skqs3.org,仁端錄,KR3e0069,16 卷,"四庫全書 文淵閣版, V762.2, p571",1,徐謙,,明,撰
skqs3.org,仁端錄,KR3e0069,16 卷,"四庫全書 文淵閣版, V762.2, p571",2,陳葵,,明,刪定
skqs3.org,薛氏醫案,KR3e0070,77 卷,"四庫全書 文淵閣版, V763.1, p1 - V764.1",1,薛己,,明,撰
skqs3.org,推求師竟,KR3e0071,2 卷,"四庫全書 文淵閣版, V765.1, p1",1,戴原禮,d. 1403,明,撰
skqs3.org,針灸問對,KR3e0072,3 卷,"四庫全書 文淵閣版, V765.2, p41",1,汪機,fl. 1495 - 1534,明,撰
skqs3.org,外料理例,KR3e0073,7 卷,"四庫全書 文淵閣版, V765.3, p111",1,汪機,fl. 1495 - 1534,明,撰
skqs3.org,石山醫案,KR3e0074,3 卷,"四庫全書 文淵閣版, V765.4, p325",1,陳桷,,明,編
skqs3.org,名醫類案,KR3e0075,12 卷,"四庫全書 文淵閣版, V765.5, p411",1,江瓘,1503 - 1565,明,編
skqs3.org,名醫類案,KR3e0075,12 卷,"四庫全書 文淵閣版, V765.5, p411",2,江應宿,,明,增補
skqs3.org,名醫類案,KR3e0075,12 卷,"四庫全書 文淵閣版, V765.5, p411",3,魏之琇,,清,考證
skqs3.org,赤水元珠,KR3e0076,30 卷,"四庫全書 文淵閣版, V766.1, p1",1,孫一奎,,明,撰
skqs3.org,醫旨緒餘,KR3e0077,2 卷,"四庫全書 文淵閣版, V766.2, p1079",1,孫一奎,,明,撰
skqs3.org,證治準繩,KR3e0078,120 卷,"四庫全書 文淵閣版, V767.1, p1 - V771.1",1,王肯堂,,明,撰
skqs3.org,本草綱目,KR3e0079,52 卷,"四庫全書 文淵閣版, V772.1, p1 - V774.1",1,李時珍,1518 - 1593,明,撰
skqs3.org,奇經八脉攷,KR3e0080,1 卷,"四庫全書 文淵閣版, V774.2, p549",1,李時珍,1518 - 1593,明,撰
skqs3.org,瀕湖脉學,KR3e0081,1 卷,"四庫全書 文淵閣版, V774.3, p571",1,李時珍,1518 - 1593,明,撰
skqs3.org,傷寒論條辦,KR3e0082,8 卷,"四庫全書 文淵閣版, V775.1, p1",1,方有執,,明,撰
skqs3.org,先醒齋廣筆記,KR3e0083,4 卷,"四庫全書 文淵閣版, V775.2, p159",1,繆希雍,d. 1627,明,撰
skqs3.org,神農本草經疏,KR3e0084,30 卷,"四庫全書 文淵閣版, V775.3, p287",1,繆希雍,d. 1627,明,撰
skqs3.org,類經,KR3e0085,32 卷,"四庫全書 文淵閣版, V776.1, p1",1,張介賓,,明,撰
skqs3.org,景岳全書,KR3e0086,64 卷,"四庫全書 文淵閣版, V777.1, p1 - V778.1",1,張介賓,,明,撰
skqs3.org,瘟疫論,KR3e0087,2 卷,"四庫全書 文淵閣版, V779.1, p1",1,吳有性,,明,撰
skqs3.org,痎瘧論疏,KR3e0088,1 卷,"四庫全書 文淵閣版, V779.2, p63",1,廬之頤,,明,撰
skqs3.org,本草乘雅半偈,KR3e0089,10 卷,"四庫全書 文淵閣版, V779.3, p97",1,廬之頤,,明,撰
skqs3.org,御纂醫宗金鑑,KR3e0090,90 卷,"四庫全書 文淵閣版, V780.1, p1 - V782.1",1,吳謙,,清,奉敕撰
skqs3.org,御纂醫宗金鑑,KR3e0090,90 卷,"四庫全書 文淵閣版, V780.1, p1 - V782.1",2,劉裕鐸,,清,奉敕撰
skqs3.org,尚論篇,KR3e0091,4 卷,"四庫全書 文淵閣版, V783.1, p1",1,喻昌,b. 1585,清,撰
skqs3.org,醫門法律,KR3e0092,12 卷,"四庫全書 文淵閣版, V783.2, p271",1,喻昌,b. 1585,清,撰
skqs3.org,傷寒舌鑑,KR3e0093,1 卷,"四庫全書 文淵閣版, V783.3, p699",1,張登,,清,撰
skqs3.org,傷寒兼證析義,KR3e0094,1 卷,"四庫全書 文淵閣版, V783.4, p735",1,張倬,,清,撰
skqs3.org,絳雪園古方選註,KR3e0095,16 卷,"四庫全書 文淵閣版, V783.5, p779",1,王子接,,清,撰
skqs3.org,續名醫類案,KR3e0096,60 卷,"四庫全書 文淵閣版, V784.1, p1 - V785.1",1,魏之琇,d. 1772,清,撰
skqs3.org,蘭臺軌範,KR3e0097,8 卷,"四庫全書 文淵閣版, V785.2, p343",1,徐大椿,1693 - 1771,清,撰
skqs3.org,神農本草經百种錄,KR3e0098,1 卷,"四庫全書 文淵閣版, V785.3, p557",1,徐大椿,1693 - 1771,清,撰
skqs3.org,傷寒類方,KR3e0099,2 卷,"四庫全書 文淵閣版, V785.4, p581",1,徐大椿,1693 - 1771,清,撰
skqs3.org,醫學源流論,KR3e0100,2 卷,"四庫全書 文淵閣版, V785.5, p639",1,徐大椿,1693 - 1771,清,撰
skqs3.org,周髀算經,KR3f0001,2 卷,"四庫全書 文淵閣版, V786.1, p1",1,趙君卿,,漢,注
skqs3.org,周髀算經,KR3f0001,2 卷,"四庫全書 文淵閣版, V786.1, p1",2,甄鸞,,北周,重述
skqs3.org,周髀算經,KR3f0001,2 卷,"四庫全書 文淵閣版, V786.1, p1",3,李淳風,,唐,注譯
skqs3.org,周髀算經,KR3f0001,2 卷,"四庫全書 文淵閣版, V786.1, p1",4,李籍,,唐,撰
skqs3.org,新儀象法要,KR3f0002,3 卷,"四庫全書 文淵閣版, V786.2, p79",1,蘇頌,1020 - 1121,宋,撰
skqs3.org,六經天法編,KR3f0003,2 卷,"四庫全書 文淵閣版, V786.3, p133",1,王應麟,1223 - 1296,宋,撰
skqs3.org,(原本)革象新書,KR3f0004,5 卷,"四庫全書 文淵閣版, V786.4, p221",1,趙友欽,,元,撰
skqs3.org,(原本)革象新書,KR3f0004,5 卷,"四庫全書 文淵閣版, V786.4, p221",2,王禕,,明,刊定
skqs3.org,(重修)革象新書,KR3f0005,2 卷,"四庫全書 文淵閣版, V786.5, p273",1,趙友欽,,元,撰
skqs3.org,(重修)革象新書,KR3f0005,2 卷,"四庫全書 文淵閣版, V786.5, p273",2,王禕,,明,刊定
skqs3.org,七政推步,KR3f0006,7 卷,"四庫全書 文淵閣版, V786.6, p311",1,貝琳,,明,撰
skqs3.org,聖壽萬年曆,KR3f0007,5 卷,"四庫全書 文淵閣版, V786.7, p449",1,朱載堉,1536 - 1611,明,撰
skqs3.org,古今律歷考,KR3f0008,72 卷,"四庫全書 文淵閣版, V787.1, p1",1,邢雲路,,明,撰
skqs3.org,乾坤體義,KR3f0009,3 卷,"四庫全書 文淵閣版, V787.2, p755",1,西洋利瑪竇,1552 - 1610,明,撰
skqs3.org,表度說,KR3f0010,1 卷,"四庫全書 文淵閣版, V787.3, p807",1,西洋熊三拔,1575 - 1620,明,口譯
skqs3.org,表度說,KR3f0010,1 卷,"四庫全書 文淵閣版, V787.3, p807",2,周子愚,,明,筆錄
skqs3.org,簡平儀說,KR3f0011,1 卷,"四庫全書 文淵閣版, V787.4, p835",1,西洋熊三拔,1575 - 1620,明,撰
skqs3.org,天問略,KR3f0012,1 卷,"四庫全書 文淵閣版, V787.5, p851",1,西洋陽瑪諾,1574 - 1659,明,撰
skqs3.org,新法算書,KR3f0013,100 卷,"四庫全書 文淵閣版, V788.1, p1 - V789.1",1,徐光啟,1562 - 1633,明,撰
skqs3.org,測量法義,KR3f0014,1 卷,"四庫全書 文淵閣版, V789.2, p815",1,徐光啟,1562 - 1633,明,撰
skqs3.org,渾蓋通憲圖說,KR3f0015,2 卷,"四庫全書 文淵閣版, V789.3, p851",1,李之藻,1565 - 1630,明,撰
skqs3.org,圜容較義,KR3f0016,1 卷,"四庫全書 文淵閣版, V789.4, p925",1,李之藻,1565 - 1630,明,撰
skqs3.org,歷體略,KR3f0017,3 卷,"四庫全書 文淵閣版, V789.5, p945",1,王英明,,明,撰
skqs3.org,御製歷象考成,KR3f0018,42 卷,"四庫全書 文淵閣版, V790.1, p1 - V791.1",1,允祿,1695 - 1767,清,奉敕撰
skqs3.org,御製歷象考成,KR3f0018,42 卷,"四庫全書 文淵閣版, V790.1, p1 - V791.1",2,何國宗,,清,奉敕撰
skqs3.org,御製歷象考成後編,KR3f0019,10 卷,"四庫全書 文淵閣版, V792.1, p1",1,允祿,1695 - 1767,清,奉敕撰
skqs3.org,欽定儀象考成,KR3f0020,30 卷,"四庫全書 文淵閣版, V793.1, p1",1,允祿,1695 - 1767,清,奉敕撰
skqs3.org,欽定儀象考成,KR3f0020,30 卷,"四庫全書 文淵閣版, V793.1, p1",2,戴進賢,,清,奉敕撰
skqs3.org,曉菴新法,KR3f0021,6 卷,"四庫全書 文淵閣版, V793.2, p451",1,王錫闡,1628 - 1682,清,撰
skqs3.org,中星譜,KR3f0022,1 卷,"四庫全書 文淵閣版, V793.3, p533",1,胡亶,,清,撰
skqs3.org,天經惑問,KR3f0023,4 卷,"四庫全書 文淵閣版, V793.4, p565",1,游藝,,清,撰
skqs3.org,天步真原,KR3f0024,1 卷,"四庫全書 文淵閣版, V793.5, p647",1,西洋穆尼閣,1611 - 1656,清,撰
skqs3.org,天步真原,KR3f0024,1 卷,"四庫全書 文淵閣版, V793.5, p647",2,薛鳳祚,,清,譯
skqs3.org,天學會通,KR3f0025,1 卷,"四庫全書 文淵閣版, V793.6, p661",1,薛鳳祚,1628 - 1680,清,撰
skqs3.org,歷算全書,KR3f0026,60 卷,"四庫全書 文淵閣版, V794.1, p1 - V795.1",1,梅文鼎,1633 - 1721,清,撰
skqs3.org,大統歷志,KR3f0027,8 卷,"四庫全書 文淵閣版, V795.2, p819",1,梅文鼎,1633 - 1721,清,撰
skqs3.org,勿菴歷算書記,KR3f0028,1 卷,"四庫全書 文淵閣版, V795.3, p961",1,梅文鼎,1633 - 1721,清,撰
skqs3.org,中西經星同異考,KR3f0029,2 卷,"四庫全書 文淵閣版, V795.4, p993",1,梅文鼏,fl. 1641 - 1721,清,撰
skqs3.org,全史日至源流,KR3f0030,30 卷,"四庫全書 文淵閣版, V796.1, p1",1,許伯政,,清,撰
skqs3.org,數學,KR3f0031,8 卷,"四庫全書 文淵閣版, V796.2, p607",1,江永,1681 - 1768,清,撰
skqs3.org,九章算術,KR3f0032,9 卷,"四庫全書 文淵閣版, V797.1, p1",1,劉徽,fl. 263,晉,注
skqs3.org,九章算術,KR3f0032,9 卷,"四庫全書 文淵閣版, V797.1, p1",2,李淳風,,唐,注釋
skqs3.org,九章算術,KR3f0032,9 卷,"四庫全書 文淵閣版, V797.1, p1",3,李籍,,唐,撰
skqs3.org,孫子算經,KR3f0033,3 卷,"四庫全書 文淵閣版, V797.2, p139",1,闕名,,,撰
skqs3.org,數述記遺,KR3f0034,1 卷,"四庫全書 文淵閣版, V797.3, p161",1,徐岳,,漢,撰
skqs3.org,數述記遺,KR3f0034,1 卷,"四庫全書 文淵閣版, V797.3, p161",2,甄鸞,,北周,注
skqs3.org,海島算經,KR3f0035,1 卷,"四庫全書 文淵閣版, V797.4, p173",1,劉徽,fl. 263,晉,撰
skqs3.org,海島算經,KR3f0035,1 卷,"四庫全書 文淵閣版, V797.4, p173",2,李淳風,,唐,奉詔注
skqs3.org,五曹算經,KR3f0036,5 卷,"四庫全書 文淵閣版, V797.5, p179",1,闕名,,,撰
skqs3.org,五經算術,KR3f0037,2 卷,"四庫全書 文淵閣版, V797.6, p193",1,甄鸞,d. 578?,北周,撰
skqs3.org,五經算術,KR3f0037,2 卷,"四庫全書 文淵閣版, V797.6, p193",2,李淳風,,唐,注
skqs3.org,夏侯陽算經,KR3f0038,3 卷,"四庫全書 文淵閣版, V797.7, p227",1,夏侯陽,,,撰
skqs3.org,夏侯陽算經,KR3f0038,3 卷,"四庫全書 文淵閣版, V797.7, p227",2,甄鸞,,北周,注
skqs3.org,張邱建算經,KR3f0039,3 卷,"四庫全書 文淵閣版, V797.8, p251",1,張邱建,5th cent,,撰
skqs3.org,張邱建算經,KR3f0039,3 卷,"四庫全書 文淵閣版, V797.8, p251",2,甄鸞,,北周,注
skqs3.org,張邱建算經,KR3f0039,3 卷,"四庫全書 文淵閣版, V797.8, p251",3,李淳風,,唐,注釋
skqs3.org,張邱建算經,KR3f0039,3 卷,"四庫全書 文淵閣版, V797.8, p251",4,劉孝孫,,唐,撰細草
skqs3.org,緝古等經,KR3f0040,1 卷,"四庫全書 文淵閣版, V797.9, p303",1,王孝通,fl. 570 - 626,唐,撰
skqs3.org,數學九章,KR3f0041,18 卷,"四庫全書 文淵閣版, V797.10, p323",1,秦九韶,fl. 1247,宋,撰
skqs3.org,測圓海鏡,KR3f0042,12 卷,"四庫全書 文淵閣版, V798.1, p1",1,李治,1192 - 1279,元,撰
skqs3.org,測圓海鏡分類釋術,KR3f0043,10 卷,"四庫全書 文淵閣版, V798.2, p127",1,李治,1192 - 1279,元,撰
skqs3.org,測圓海鏡分類釋術,KR3f0043,10 卷,"四庫全書 文淵閣版, V798.2, p127",2,顧應祥,,明,釋術
skqs3.org,益古演段,KR3f0044,3 卷,"四庫全書 文淵閣版, V798.3, p243",1,李治,1192 - 1279,元,撰
skqs3.org,弧矢筭術,KR3f0045,1 卷,"四庫全書 文淵閣版, V798.4, p305",1,顧應祥,1483 - 1565,明,撰
skqs3.org,同文算指,KR3f0046,10 卷,"四庫全書 文淵閣版, V798.5, p339",1,李之藻,1565 - 1630,明,演
skqs3.org,幾何原本,KR3f0047,6 卷,"四庫全書 文淵閣版, V798.6, p563",1,西洋歐几里得,,,撰
skqs3.org,幾何原本,KR3f0047,6 卷,"四庫全書 文淵閣版, V798.6, p563",2,西洋利瑪竇,,明,譯
skqs3.org,幾何原本,KR3f0047,6 卷,"四庫全書 文淵閣版, V798.6, p563",3,徐光啟,,明,筆受
skqs3.org,御製數理精薀,KR3f0048,53 卷,"四庫全書 文淵閣版, V799.1, p1 - V801.1",1,聖祖玄燁,1654 - 1722,清,敕撰
skqs3.org,幾何論約,KR3f0049,6 卷,"四庫全書 文淵閣版, V802.1, p1",1,杜知耕,,清,撰
skqs3.org,數學鑰,KR3f0050,6 卷,"四庫全書 文淵閣版, V802.2, p91",1,杜知耕,,清,撰
skqs3.org,數度衍,KR3f0051,23 卷,"四庫全書 文淵閣版, V802.3, p233",1,方中通,fl. 1661,清,撰
skqs3.org,句股引蒙,KR3f0052,5 卷,"四庫全書 文淵閣版, V802.4, p593",1,陳訏,1650 - 1722,清,撰
skqs3.org,句股矩解原,KR3f0053,2 卷,"四庫全書 文淵閣版, V802.5, p679",1,黃百家,,清,撰
skqs3.org,少廣補遺,KR3f0054,1 卷,"四庫全書 文淵閣版, V802.6, p697",1,陳世仁,1676 - 1722,清,撰
skqs3.org,莊氏算學,KR3f0055,8 卷,"四庫全書 文淵閣版, V802.7, p717",1,莊亨陽,1686 - 1746,清,撰
skqs3.org,九章錄要,KR3f0056,12 卷,"四庫全書 文淵閣版, V802.8, p859",1,屠文漪,,清,撰
skqs3.org,太玄經,KR3g0001,10 卷,"四庫全書 文淵閣版, V803.1, p1",1,揚雄,-53 - 18,漢,撰
skqs3.org,太玄經,KR3g0001,10 卷,"四庫全書 文淵閣版, V803.1, p1",2,范望,,晉,注
skqs3.org,太玄本旨,KR3g0002,9 卷,"四庫全書 文淵閣版, V803.2, p107",1,葉子奇,,明,撰
skqs3.org,元包經傳,KR3g0003,5 卷,"四庫全書 文淵閣版, V803.3, p217",1,衞元嵩,fl. 566,北周,撰
skqs3.org,元包經傳,KR3g0003,5 卷,"四庫全書 文淵閣版, V803.3, p217",2,蘇源明,,唐,傳
skqs3.org,元包經傳,KR3g0003,5 卷,"四庫全書 文淵閣版, V803.3, p217",3,李江,,唐,注
skqs3.org,元包經傳,KR3g0003,5 卷,"四庫全書 文淵閣版, V803.3, p217",4,張行成,,宋,撰
skqs3.org,潛虛,KR3g0004,1 卷,"四庫全書 文淵閣版, V803.4, p263",1,司馬光,1019 - 1086,宋,撰
skqs3.org,潛虛,KR3g0004,1 卷,"四庫全書 文淵閣版, V803.4, p263",2,張敦實,12th cent,宋,撰
skqs3.org,皇極經世書,KR3g0005,14 卷,"四庫全書 文淵閣版, V803.5, p291",1,邵雍,1011 - 1077,宋,撰
skqs3.org,皇極經世索引,KR3g0006,2 卷,"四庫全書 文淵閣版, V804.1, p1",1,張行成,,宋,撰
skqs3.org,皇極經世觀物外篇衍義,KR3g0007,9 卷,"四庫全書 文淵閣版, V804.2, p37",1,張行成,,宋,撰
skqs3.org,易通變,KR3g0008,40 卷,"四庫全書 文淵閣版, V804.3, p197",1,張行成,,宋,撰
skqs3.org,觀物篇解,KR3g0009,5 卷,"四庫全書 文淵閣版, V805.1, p1",1,祝泌,,宋,撰
skqs3.org,皇極經世書解,KR3g0010,14 卷,"四庫全書 文淵閣版, V805.2, p245",1,王植,,清,撰
skqs3.org,易學,KR3g0011,1 卷,"四庫全書 文淵閣版, V805.3, p667",1,王湜,,宋,撰
skqs3.org,洪範皇極內篇,KR3g0012,5 卷,"四庫全書 文淵閣版, V805.4, p697",1,蔡沈,1167 - 1230,宋,撰
skqs3.org,天原發微,KR3g0013,5 卷,"四庫全書 文淵閣版, V806.1, p1",1,鮑雲龍,,宋,撰
skqs3.org,天原發微,KR3g0013,5 卷,"四庫全書 文淵閣版, V806.1, p1",2,鮑寧,,明,辨正
skqs3.org,天原發微,KR3g0013,5 卷,"四庫全書 文淵閣版, V806.1, p1",3,鮑寧,,明,撰
skqs3.org,大衍索隱,KR3g0014,3 卷,"四庫全書 文淵閣版, V806.2, p313",1,丁易東,,宋,撰
skqs3.org,易象圖說,KR3g0015,6 卷,"四庫全書 文淵閣版, V806.3, p371",1,張理,,元,撰
skqs3.org,三易洞璣,KR3g0016,16 卷,"四庫全書 文淵閣版, V806.4, p435",1,黃道周,1585 - 1646,明,撰
skqs3.org,靈臺祕苑,KR3g0017,15 卷,"四庫全書 文淵閣版, V807.1, p1",1,廋季才,516 - 603,北周,原撰
skqs3.org,靈臺祕苑,KR3g0017,15 卷,"四庫全書 文淵閣版, V807.1, p1",2,王安禮,,宋,重修
skqs3.org,唐開元占經,KR3g0018,120 卷,"四庫全書 文淵閣版, V807.2, p159",1,瞿曇悉達,fl. 713 - 729,唐,撰
skqs3.org,宅經,KR3g0019,2 卷,"四庫全書 文淵閣版, V808.1, p1",1,黃帝,,,撰
skqs3.org,葬書,KR3g0020,1 卷,"四庫全書 文淵閣版, V808.2, p11",1,郭璞,276 - 324,晉,撰
skqs3.org,葬書,KR3g0020,1 卷,"四庫全書 文淵閣版, V808.2, p11",2,吳澄,,元,刪定
skqs3.org,撼龍經,KR3g0021,1 卷,"四庫全書 文淵閣版, V808.3, p39",1,楊筠松,fl. 874 - 888,唐,撰
skqs3.org,青囊序,KR3g0022,1 卷,"四庫全書 文淵閣版, V808.4, p83",1,曾文辿,,唐,撰
skqs3.org,青囊奧語,KR3g0023,1 卷,"四庫全書 文淵閣版, V808.5, p89",1,楊筠松,fl. 874 - 888,唐,撰
skqs3.org,天玉經,KR3g0024,4 卷,"四庫全書 文淵閣版, V808.6, p91",1,楊筠松,fl. 874 - 888,唐,撰
skqs3.org,靈城精義,KR3g0025,2 卷,"四庫全書 文淵閣版, V808.7, p113",1,何溥,,南唐,撰
skqs3.org,催官篇,KR3g0026,2 卷,"四庫全書 文淵閣版, V808.8, p153",1,賴文俊,,宋,撰
skqs3.org,發微論,KR3g0027,1 卷,"四庫全書 文淵閣版, V808.9, p189",1,蔡元定,1135 - 1198,宋,撰
skqs3.org,靈棋經,KR3g0028,2 卷,"四庫全書 文淵閣版, V808.10, p197",1,東方朔,-154 - -93,漢,撰
skqs3.org,靈棋經,KR3g0028,2 卷,"四庫全書 文淵閣版, V808.10, p197",2,劉基,,明,注
skqs3.org,焦氏易林,KR3g0029,4 卷,"四庫全書 文淵閣版, V808.11, p269",1,焦贛,,漢,撰
skqs3.org,京氏易傳,KR3g0030,3 卷,"四庫全書 文淵閣版, V808.12, p439",1,京房,-77 - -37,漢,撰
skqs3.org,京氏易傳,KR3g0030,3 卷,"四庫全書 文淵閣版, V808.12, p439",2,陸績,,吳,注
skqs3.org,六壬大全,KR3g0031,12 卷,"四庫全書 文淵閣版, V808.13, p471",1,闕名,,,撰
skqs3.org,六壬大全,KR3g0031,12 卷,"四庫全書 文淵閣版, V808.13, p471",2,郭載騋,,清,校訂
skqs3.org,卜法詳考,KR3g0032,8 卷,"四庫全書 文淵閣版, V808.14, p849",1,胡煦,1655 - 1736,清,撰
skqs3.org,李虛中命書,KR3g0033,3 卷,"四庫全書 文淵閣版, V809.1, p1",1,鬼谷子,,周,撰
skqs3.org,李虛中命書,KR3g0033,3 卷,"四庫全書 文淵閣版, V809.1, p1",2,李虛中,,唐,注
skqs3.org,玉照定真經,KR3g0034,1 卷,"四庫全書 文淵閣版, V809.2, p29",1,郭璞,276 - 324,晉,撰
skqs3.org,玉照定真經,KR3g0034,1 卷,"四庫全書 文淵閣版, V809.2, p29",2,張顒,,晉,注
skqs3.org,星命溯源,KR3g0035,5 卷,"四庫全書 文淵閣版, V809.3, p45",1,闕名,,,撰
skqs3.org,珞琭子賦註,KR3g0036,2 卷,"四庫全書 文淵閣版, V809.4, p105",1,釋曇瑩,fl. 1127,宋,撰
skqs3.org,珞琭子三命消息賦註,KR3g0037,2 卷,"四庫全書 文淵閣版, V809.5, p157",1,徐子平,,宋,撰
skqs3.org,三命指迷賦,KR3g0038,1 卷,"四庫全書 文淵閣版, V809.6, p177",1,珞琭子,,,撰
skqs3.org,三命指迷賦,KR3g0038,1 卷,"四庫全書 文淵閣版, V809.6, p177",2,岳珂,1173? - 1240,宋,補注
skqs3.org,星命總括,KR3g0039,3 卷,"四庫全書 文淵閣版, V809.7, p191",1,耶律純,fl. 984,遼,撰
skqs3.org,演禽通纂,KR3g0040,2 卷,"四庫全書 文淵閣版, V809.8, p237",1,闕名,,,撰
skqs3.org,星學大成,KR3g0041,30 卷,"四庫全書 文淵閣版, V809.9, p285",1,萬民英,,明,撰
skqs3.org,三命通會,KR3g0042,12 卷,"四庫全書 文淵閣版, V810.1, p1",1,萬民英,,明,撰
skqs3.org,月波洞中記,KR3g0043,2 卷,"四庫全書 文淵閣版, V810.2, p693",1,闕名,,,撰
skqs3.org,玉管照神局,KR3g0044,3 卷,"四庫全書 文淵閣版, V810.3, p713",1,宋齊邱,d. 959,南唐,撰
skqs3.org,太清神鑑,KR3g0045,6 卷,"四庫全書 文淵閣版, V810.4, p759",1,王朴,d. 959,後周,撰
skqs3.org,人倫大統賦,KR3g0046,2 卷,"四庫全書 文淵閣版, V810.5, p823",1,張行簡,1146 - 1215,金,撰
skqs3.org,人倫大統賦,KR3g0046,2 卷,"四庫全書 文淵閣版, V810.5, p823",2,薛延年,,元,注
skqs3.org,太乙金鏡式經,KR3g0047,10 卷,"四庫全書 文淵閣版, V810.6, p855",1,王希明,,唐,撰
skqs3.org,遁甲演義,KR3g0048,4 卷,"四庫全書 文淵閣版, V810.7, p921",1,程道生,,明,撰
skqs3.org,禽星易見,KR3g0049,1 卷,"四庫全書 文淵閣版, V810.8, p999",1,池本理,,明,撰
skqs3.org,御定星歷考原,KR3g0050,6 卷,"四庫全書 文淵閣版, V811.1, p1",1,李光地,1642 - 1718,清,奉敕撰
skqs3.org,欽定協紀辨方書,KR3g0051,36 卷,"四庫全書 文淵閣版, V811.2, p109",1,允祿,1695 - 1767,清,奉敕撰
skqs3.org,欽定協紀辨方書,KR3g0051,36 卷,"四庫全書 文淵閣版, V811.2, p109",2,梅㲄成,,清,奉敕撰
skqs3.org,欽定協紀辨方書,KR3g0051,36 卷,"四庫全書 文淵閣版, V811.2, p109",3,何國宗,,清,奉敕撰
skqs3.org,古畫品錄,KR3h0001,1 卷,"四庫全書 文淵閣版, V812.1, p1",1,謝赫,5th cent,南齊,撰
skqs3.org,書品,KR3h0002,1 卷,"四庫全書 文淵閣版, V812.2, p7",1,庾肩吾,fl. 531 - 550,梁,撰
skqs3.org,續畫品,KR3h0003,1 卷,"四庫全書 文淵閣版, V812.3, p13",1,姚最,fl. 556 - 589,陳,撰
skqs3.org,貞觀公私畫史,KR3h0004,1 卷,"四庫全書 文淵閣版, V812.4, p17",1,裴孝源,,唐,撰
skqs3.org,書譜,KR3h0005,1 卷,"四庫全書 文淵閣版, V812.5, p31",1,孫過庭,fl. 687,唐,撰
skqs3.org,書斷,KR3h0006,3 卷,"四庫全書 文淵閣版, V812.6, p37",1,張懷瓘,fl. 713,唐,撰
skqs3.org,逑書賦,KR3h0007,2 卷,"四庫全書 文淵閣版, V812.7, p77",1,竇[自/豕],,唐,撰
skqs3.org,逑書賦,KR3h0007,2 卷,"四庫全書 文淵閣版, V812.7, p77",2,竇蒙,,唐,注
skqs3.org,法書要錄,KR3h0008,10 卷,"四庫全書 文淵閣版, V812.8, p101",1,張彥遠,9th cent,唐,撰
skqs3.org,歷代名畫記,KR3h0009,10 卷,"四庫全書 文淵閣版, V812.9, p277",1,張彥遠,9th cent,唐,撰
skqs3.org,唐朝名畫錄,KR3h0010,1 卷,"四庫全書 文淵閣版, V812.10, p357",1,朱景玄,,唐,撰
skqs3.org,墨藪,KR3h0011,2 卷,"四庫全書 文淵閣版, V812.11, p375",1,韋續,,唐,撰
skqs3.org,墨藪,KR3h0011,2 卷,"四庫全書 文淵閣版, V812.11, p375",2,陳與義,1090 - 1138,宋,撰
skqs3.org,畫山水賦,KR3h0012,1 卷,"四庫全書 文淵閣版, V812.12, p421",1,荊浩,,唐,撰
skqs3.org,思陵翰墨志,KR3h0013,1 卷,"四庫全書 文淵閣版, V812.13, p427",1,高宗趙構,1107 - 1187,唐,御撰
skqs3.org,五代名畫補遺,KR3h0014,1 卷,"四庫全書 文淵閣版, V812.14, p433",1,劉道醇,,宋,撰
skqs3.org,宋朝名畫評,KR3h0015,3 卷,"四庫全書 文淵閣版, V812.15, p445",1,劉道醇,,宋,撰
skqs3.org,益州名畫錄,KR3h0016,3 卷,"四庫全書 文淵閣版, V812.16, p477",1,黃休復,fl. 1006,宋,撰
skqs3.org,圖畫見聞誌,KR3h0017,6 卷,"四庫全書 文淵閣版, V812.16, p507",1,郭若虛,fl. 1070 - 1075,宋,撰
skqs3.org,林泉高致集,KR3h0018,1 卷,"四庫全書 文淵閣版, V812.17, p571",1,郭熙,,宋,撰
skqs3.org,林泉高致集,KR3h0018,1 卷,"四庫全書 文淵閣版, V812.17, p571",2,郭思,,宋,編
skqs3.org,墨池編,KR3h0019,6 卷,"四庫全書 文淵閣版, V812.18, p595",1,朱長文,1041 - 1100,宋,撰
skqs3.org,德隅齋畫品,KR3h0020,1 卷,"四庫全書 文淵閣版, V812.19, p937",1,李廌,1059 - 1109,宋,撰
skqs3.org,畫史,KR3h0021,1 卷,"四庫全書 文淵閣版, V813.1, p1",1,米芾,1051 - 1107,宋,撰
skqs3.org,書史,KR3h0022,1 卷,"四庫全書 文淵閣版, V813.2, p27",1,米芾,1051 - 1107,宋,撰
skqs3.org,寶章待訪錄,KR3h0023,1 卷,"四庫全書 文淵閣版, V813.3, p51",1,米芾,1051 - 1107,宋,撰
skqs3.org,海嶽名言,KR3h0023,1 卷,"四庫全書 文淵閣版, V813.4, p63",1,米芾,1051 - 1107,宋,撰
skqs3.org,宣和畫譜,KR3h0025,20 卷,"四庫全書 文淵閣版, V813.5, p67",1,闕名,,宋,撰
skqs3.org,宣和書譜,KR3h0026,20 卷,"四庫全書 文淵閣版, V813.6, p207",1,闕名,,宋,撰
skqs3.org,山水純全集,KR3h0027,1 卷,"四庫全書 文淵閣版, V813.7, p315",1,韓拙,fl. 1097 - 1119,宋,撰
skqs3.org,廣川書跋,KR3h0028,10 卷,"四庫全書 文淵閣版, V813.8, p329",1,董逌,fl. 1127,宋,撰
skqs3.org,廣川畫跋,KR3h0029,6 卷,"四庫全書 文淵閣版, V813.9, p443",1,董逌,fl. 1127,宋,撰
skqs3.org,畫繼,KR3h0030,10 卷,"四庫全書 文淵閣版, V813.10, p503",1,鄧椿,fl. 1127 - 1167,宋,撰
skqs3.org,續書譜,KR3h0031,1 卷,"四庫全書 文淵閣版, V813.10, p553",1,姜夔,ca. 1155 - ca. 1235,宋,撰
skqs3.org,寶真齋法書贊,KR3h0032,28 卷,"四庫全書 文淵閣版, V813.11, p563",1,岳珂,1173? - ca. 1240,宋,撰
skqs3.org,書苑菁華,KR3h0033,20 卷,"四庫全書 文淵閣版, V814.1, p1",1,陳思,fl. 1259,宋,撰
skqs3.org,書小史,KR3h0034,10 卷,"四庫全書 文淵閣版, V814.2, p205",1,陳思,fl. 1259,宋,撰
skqs3.org,書錄,KR3h0035,3 卷,"四庫全書 文淵閣版, V814.3, p283",1,董更,,宋,撰
skqs3.org,竹譜,KR3h0036,10 卷,"四庫全書 文淵閣版, V814.4, p317",1,李衎,1245 - 1320,元,撰
skqs3.org,畫鑒,KR3h0037,1 卷,"四庫全書 文淵閣版, V814.5, p419",1,湯垕,fl. 1322,元,撰
skqs3.org,衍極,KR3h0038,2 卷,"四庫全書 文淵閣版, V814.6, p441",1,鄭枃,,元,撰
skqs3.org,衍極,KR3h0038,2 卷,"四庫全書 文淵閣版, V814.6, p441",2,劉有,,元,定註
skqs3.org,法書考,KR3h0040,8 卷,"四庫全書 文淵閣版, V814.7, p477",1,盛熙明,,元,撰
skqs3.org,圖繪寶鑑,KR3h0041,5 卷,"四庫全書 文淵閣版, V814.8, p541",1,夏文彥,fl. 1365,元,撰
skqs3.org,圖繪寶鑑,KR3h0041,5 卷,"四庫全書 文淵閣版, V814.8, p541",2,韓昂,,明,撰
skqs3.org,寓意編,KR3h0042,1 卷,"四庫全書 文淵閣版, V814.9, p635",1,都穆,1458 - 1525,明,撰
skqs3.org,書史會要,KR3h0043,9 卷,"四庫全書 文淵閣版, V814.10, p645",1,陶宗儀,fl. 1360 - 1368,明,撰
skqs3.org,書史會要,KR3h0043,9 卷,"四庫全書 文淵閣版, V814.10, p645",2,朱謀垔,,明,撰
skqs3.org,珊瑚木難,KR3h0044,8 卷,"四庫全書 文淵閣版, V815.1, p1",1,朱存理,1444 - 1513,明,撰
skqs3.org,趙氏鐵綱珊瑚,KR3h0045,16 卷,"四庫全書 文淵閣版, V815.2, p263",1,朱存理,1444 - 1513,明,撰
skqs3.org,趙氏鐵綱珊瑚,KR3h0045,16 卷,"四庫全書 文淵閣版, V815.2, p263",2,趙琦美,,明,編
skqs3.org,墨池璅錄,KR3h0046,4 卷,"四庫全書 文淵閣版, V816.1, p1",1,楊慎,1488 - 1559,明,撰
skqs3.org,書畫跋跋,KR3h0047,3 卷,"四庫全書 文淵閣版, V816.2, p15",1,孫鑛,b. 1542,明,撰
skqs3.org,書訣,KR3h0048,1 卷,"四庫全書 文淵閣版, V816.3, p153",1,豐坊,,明,撰
skqs3.org,繪事微言,KR3h0049,2 卷,"四庫全書 文淵閣版, V816.4, p189",1,唐志契,,明,撰
skqs3.org,書法雅言,KR3h0050,1 卷,"四庫全書 文淵閣版, V816.5, p243",1,項穆,16th cent,明,撰
skqs3.org,寒山帚談,KR3h0051,2 卷,"四庫全書 文淵閣版, V816.6, p263",1,趙宦光,1559 - 1625,明,撰
skqs3.org,書法離鈎,KR3h0052,10 卷,"四庫全書 文淵閣版, V816.7, p335",1,潘之淙,fl. 1627,明,撰
skqs3.org,畫史會要,KR3h0053,5 卷,"四庫全書 文淵閣版, V816.8, p403",1,朱謀垔,,明,撰
skqs3.org,書畫題跋記,KR3h0054,12 卷,"四庫全書 文淵閣版, V816.9, p587",1,郁逢慶,,明,編
skqs3.org,清河書畫舫,KR3h0055,12 卷,"四庫全書 文淵閣版, V817.1, p1",1,張丑,1577 - 1635,明,撰
skqs3.org,真蹟日錄,KR3h0056,5 卷,"四庫全書 文淵閣版, V817.2, p511",1,張丑,1577 - 1635,明,撰
skqs3.org,清河書畫表,KR3h0057,1 卷,"四庫全書 文淵閣版, V817.3, p607",1,張丑,1577 - 1635,明,撰
skqs3.org,書畫見聞表,KR3h0057,1 卷,"四庫全書 文淵閣版, V817.4, p613",1,張丑,1577 - 1635,明,撰
skqs3.org,南陽書畫集,KR3h0059,2 卷,"四庫全書 文淵閣版, V817.5, p619",1,張丑,1577 - 1635,明,撰
skqs3.org,珊瑚網,KR3h0060,48 卷,"四庫全書 文淵閣版, V818.1, p1",1,汪砢玉,1587 - 1645,明,撰
skqs3.org,御定佩文齋書畫譜,KR3h0061,100 卷,"四庫全書 文淵閣版, V819.1, p1 - V823.1",1,孫岳頒,b. 1639,清,奉敕撰
skqs3.org,祕殿珠林,KR3h0062,24 卷,"四庫全書 文淵閣版, V823.2, p443",1,張照,1691 - 1745,清,奉敕撰
skqs3.org,祕殿珠林,KR3h0062,24 卷,"四庫全書 文淵閣版, V823.2, p443",2,詩正,,梁,奉敕撰
skqs3.org,石渠寶笈,KR3h0063,44 卷,"四庫全書 文淵閣版, V824.1, p1 - V825.1",1,張照,1691 - 1745,清,奉敕撰
skqs3.org,石渠寶笈,KR3h0063,44 卷,"四庫全書 文淵閣版, V824.1, p1 - V825.1",2,梁詩正,,清,奉敕撰
skqs3.org,庚子銷夏記,KR3h0064,8 卷,"四庫全書 文淵閣版, V826.1, p1",1,孫承澤,1592 - 1676,清,撰
skqs3.org,繪事備考,KR3h0065,8 卷,"四庫全書 文淵閣版, V826.2, p101",1,王毓賢,,清,撰
skqs3.org,書法正傳,KR3h0066,10 卷,"四庫全書 文淵閣版, V826.4, p321",1,馮武,,清,撰
skqs3.org,江村銷夏錄,KR3h0067,3 卷,"四庫全書 文淵閣版, V826.5, p467",1,高士奇,1645 - 1704,清,撰
skqs3.org,書畫彙考,KR3h0068,60 卷,"四庫全書 文淵閣版, V827.1, p1 - V829.1",1,卞永譽,1645 - 1706,清,撰
skqs3.org,南宋院畫錄,KR3h0069,8 卷,"四庫全書 文淵閣版, V829.2, p541",1,厲鶚,1692 - 1752,清,撰
skqs3.org,六藝之一錄,KR3h0070,406 卷,"四庫全書 文淵閣版, V830.1, p1 - V838.1",1,倪濤,18th cent,清,撰
skqs3.org,小山畫譜,KR3h0071,2 卷,"四庫全書 文淵閣版, V838.2, p701",1,鄒一桂,1686 - 1772,清,撰
skqs3.org,傳神祕要,KR3h0072,1 卷,"四庫全書 文淵閣版, V838.3, p741",1,蔣驥,fl. 1707 - 1727,清,撰
skqs3.org,琴史,KR3h0073,6 卷,"四庫全書 文淵閣版, V839.1, p1",1,朱長文,1041 - 1100,宋,撰
skqs3.org,松絃館琴譜,KR3h0074,2 卷,"四庫全書 文淵閣版, V839.2, p71",1,嚴澂,,明,撰
skqs3.org,松風閣琴譜,KR3h0075,2 卷,"四庫全書 文淵閣版, V839.3, p139",1,程雄,,清,撰
skqs3.org,琴譜合璧,KR3h0076,18 卷,"四庫全書 文淵閣版, V839.4, p179",1,楊掄,,明,撰
skqs3.org,琴譜合璧,KR3h0076,18 卷,"四庫全書 文淵閣版, V839.4, p179",2,和素,,清,譯
skqs3.org,學古編,KR3h0077,1 卷,"四庫全書 文淵閣版, V839.5, p839",1,吾丘衍,d. 1311,元,撰
skqs3.org,印典,KR3h0078,8 卷,"四庫全書 文淵閣版, V839.6, p853",1,朱象賢,,清,撰
skqs3.org,羯鼓錄,KR3h0079,1 卷,"四庫全書 文淵閣版, V839.7, p979",1,南卓,fl. 848 - 850,唐,撰
skqs3.org,樂府雜錄,KR3h0080,1 卷,"四庫全書 文淵閣版, V839.8, p989",1,段安節,9th cent,唐,撰
skqs3.org,棊經,KR3h0081,1 卷,"四庫全書 文淵閣版, V839.10, p1001",1,晏天章,,宋,撰
skqs3.org,棊訣,KR3h0082,1 卷,"四庫全書 文淵閣版, V839.11, p1009",1,劉仲甫,,宋,撰
skqs3.org,古今刀劍錄,KR3h0083,1 卷,"四庫全書 文淵閣版, V840.1, p1",1,陶弘景,456 - 526,梁,撰
skqs3.org,鼎錄,KR3h0084,1 卷,"四庫全書 文淵閣版, V840.2, p9",1,虞荔,503 - 561,陳,撰
skqs3.org,嘯堂集古錄,KR3h0085,2 卷,"四庫全書 文淵閣版, V840.3, p15",1,王俅,12th cent,宋,撰
skqs3.org,考古圖,KR3h0086,10 卷,"四庫全書 文淵閣版, V840.4, p91",1,呂大臨,1027 - 1097,宋,撰
skqs3.org,重修宣和博古圖,KR3h0087,30 卷,"四庫全書 文淵閣版, V840.5, p371",1,王黼,d. 1126,宋,撰
skqs3.org,宣德鼎彝譜,KR3h0088,8 卷,"四庫全書 文淵閣版, V840.6, p1019",1,呂震,fl. 1386 - 1428,明,奉敕撰
skqs3.org,宣德鼎彝譜,KR3h0088,8 卷,"四庫全書 文淵閣版, V840.6, p1019",2,項于汴,,明,撰
skqs3.org,西清古鑑,KR3h0089,40 卷,"四庫全書 文淵閣版, V841.1, p1 - V842.1",1,梁詩正,1697 - 1763,清,奉敕撰
skqs3.org,西清古鑑,KR3h0089,40 卷,"四庫全書 文淵閣版, V841.1, p1 - V842.1",2,蔣溥,,清,奉敕撰
skqs3.org,奇器圖說,KR3i0001,3 卷,"四庫全書 文淵閣版, V842.2, p407",1,西洋鄧玉函,1576 - 1630,明,撰
skqs3.org,奇器圖說,KR3i0001,3 卷,"四庫全書 文淵閣版, V842.2, p407",2,王徵,1571 - 1644,明,譯
skqs3.org,奇器圖說,KR3i0001,3 卷,"四庫全書 文淵閣版, V842.2, p407",3,王徵,1571 - 1644,明,撰
skqs3.org,文房四譜,KR3i0002,5 卷,"四庫全書 文淵閣版, V843.1, p1",1,蘇易簡,957 - 995,宋,撰
skqs3.org,硯史,KR3i0003,1 卷,"四庫全書 文淵閣版, V843.2, p63",1,米芾,1051 - 1107,宋,撰
skqs3.org,歙州硯譜,KR3i0004,1 卷,"四庫全書 文淵閣版, V843.3, p73",1,唐積,fl. 1066,宋,撰
skqs3.org,歙硯說,KR3i0005,1 卷,"四庫全書 文淵閣版, V843.4, p79",1,闕名,,宋,撰
skqs3.org,端溪硯譜,KR3i0006,1 卷,"四庫全書 文淵閣版, V843.5, p87",1,闕名,,宋,撰
skqs3.org,硯譜,KR3i0007,1 卷,"四庫全書 文淵閣版, V843.6, p91",1,闕名,,宋,撰
skqs3.org,硯箋,KR3i0008,4 卷,"四庫全書 文淵閣版, V843.7, p97",1,高似孫,,宋,撰
skqs3.org,欽定西清硯譜,KR3i0009,24 卷,"四庫全書 文淵閣版, V843.8, p133",1,于敏中,1714 - 1779,清,奉敕撰
skqs3.org,欽定西清硯譜,KR3i0009,24 卷,"四庫全書 文淵閣版, V843.8, p133",2,梁國治,,清,奉敕撰
skqs3.org,墨譜法式,KR3i0010,3 卷,"四庫全書 文淵閣版, V843.9, p625",1,李孝美,,宋,撰
skqs3.org,墨經,KR3i0011,1 卷,"四庫全書 文淵閣版, V843.10, p649",1,晁貫一,11th cent,宋,撰
skqs3.org,墨史,KR3i0012,3 卷,"四庫全書 文淵閣版, V843.11, p655",1,陸友,fl. 1330 - 1338,元,撰
skqs3.org,墨法集要,KR3i0013,1 卷,"四庫全書 文淵閣版, V843.12, p677",1,沈繼孫,,明,撰
skqs3.org,錢錄,KR3i0014,16 卷,"四庫全書 文淵閣版, V844.1, p1",1,梁詩正,1697 - 1763,清,奉敕撰
skqs3.org,錢錄,KR3i0014,16 卷,"四庫全書 文淵閣版, V844.1, p1",2,蔣溥,,清,奉敕撰
skqs3.org,香譜,KR3i0015,2 卷,"四庫全書 文淵閣版, V844.2, p217",1,洪芻,,宋,撰
skqs3.org,陳氏香譜,KR3i0016,4 卷,"四庫全書 文淵閣版, V844.3, p239",1,陳敬,,宋,撰
skqs3.org,香乘,KR3i0017,28 卷,"四庫全書 文淵閣版, V844.4, p349",1,周嘉胄,d.ca. 1660,明,撰
skqs3.org,雲林石譜,KR3i0018,3 卷,"四庫全書 文淵閣版, V844.5, p583",1,杜綰,fl. 1126,宋,撰
skqs3.org,茶經,KR3i0019,3 卷,"四庫全書 文淵閣版, V844.6, p609",1,陸羽,d. 804,唐,撰
skqs3.org,茶錄,KR3i0020,1 卷,"四庫全書 文淵閣版, V844.7, p627",1,蔡襄,1012 - 1067,宋,撰
skqs3.org,品茶要錄,KR3i0021,1 卷,"四庫全書 文淵閣版, V844.8, p631",1,黃儒,,宋,撰
skqs3.org,宣和北苑貢茶錄,KR3i0022,1 卷,"四庫全書 文淵閣版, V844.9, p635",1,熊蕃,,宋,撰
skqs3.org,宣和北苑貢茶錄,KR3i0022,1 卷,"四庫全書 文淵閣版, V844.9, p635",2,熊克,,宋,繪圖
skqs3.org,宣和北苑貢茶錄,KR3i0022,1 卷,"四庫全書 文淵閣版, V844.9, p635",3,趙汝礪,,宋,撰
skqs3.org,東溪試茶錄,KR3i0023,1 卷,"四庫全書 文淵閣版, V844.10, p655",1,宋子安,,宋,撰
skqs3.org,續茶經,KR3i0024,3 卷,"四庫全書 文淵閣版, V844.11, p661",1,陸廷燦,,清,撰
skqs3.org,煎茶水記,KR3i0025,1 卷,"四庫全書 文淵閣版, V844.12, p807",1,張又新,,唐,撰
skqs3.org,北山酒經,KR3i0026,3 卷,"四庫全書 文淵閣版, V844.13, p813",1,朱翼中,,宋,撰
skqs3.org,酒譜,KR3i0027,1 卷,"四庫全書 文淵閣版, V844.14, p835",1,竇苹,,宋,撰
skqs3.org,糖霜譜,KR3i0028,1 卷,"四庫全書 文淵閣版, V844.14, p839",1,王灼,fl. 1145 - 1149,宋,撰
skqs3.org,洛陽牡丹記,KR3i0029,1 卷,"四庫全書 文淵閣版, V845.1, p1",1,歐陽修,1007 - 1072,宋,撰
skqs3.org,揚州芍藥譜,KR3i0030,1 卷,"四庫全書 文淵閣版, V845.2, p9",1,王觀,11th cent,宋,撰
skqs3.org,劉氏菊譜,KR3i0031,1 卷,"四庫全書 文淵閣版, V845.3, p15",1,劉蒙,fl. 1104,宋,撰
skqs3.org,史氏菊譜,KR3i0032,1 卷,"四庫全書 文淵閣版, V845.4, p29",1,史正志,,宋,撰
skqs3.org,范村梅譜,KR3i0033,1 卷,"四庫全書 文淵閣版, V845.5, p33",1,范成大,1126 - 1193,宋,撰
skqs3.org,范村菊譜,KR3i0033,1 卷,"四庫全書 文淵閣版, V845.6, p37",1,范成大,1126 - 1193,宋,撰
skqs3.org,百菊集譜,KR3i0035,6 卷,"四庫全書 文淵閣版, V845.7, p41",1,史鑄,fl. 1217,宋,撰
skqs3.org,金漳蘭譜,KR3i0036,3 卷,"四庫全書 文淵閣版, V845.8, p121",1,趙時庾,fl. 1233,宋,撰
skqs3.org,海棠譜,KR3i0037,3 卷,"四庫全書 文淵閣版, V845.9, p133",1,陳思,fl. 1259,宋,撰
skqs3.org,荔枝譜,KR3i0038,1 卷,"四庫全書 文淵閣版, V845.10, p153",1,蔡襄,1012 - 1067,宋,撰
skqs3.org,橘錄,KR3i0039,3 卷,"四庫全書 文淵閣版, V845.11, p161",1,韓彥直,,宋,撰
skqs3.org,竹譜,KR3i0040,1 卷,"四庫全書 文淵閣版, V845.12, p171",1,戴凱之,5th cent,晉,撰
skqs3.org,筍譜,KR3i0041,1 卷,"四庫全書 文淵閣版, V845.13, p181",1,釋贊寧,918 - 999,宋,撰
skqs3.org,菌譜,KR3i0042,1 卷,"四庫全書 文淵閣版, V845.14, p205",1,陳仁玉,fl. 1245,宋,撰
skqs3.org,御定佩文齋廣羣芳譜,KR3i0044,100 卷,"四庫全書 文淵閣版, V845.15, p207 - V847.1",1,汪灝,,清,奉敕撰
skqs3.org,御定佩文齋廣羣芳譜,KR3i0044,100 卷,"四庫全書 文淵閣版, V845.15, p207 - V847.1",2,張逸少,,清,奉敕撰
skqs3.org,禽經,KR3i0045,1 卷,"四庫全書 文淵閣版, V847.2, p677",1,師曠,,周,撰
skqs3.org,禽經,KR3i0045,1 卷,"四庫全書 文淵閣版, V847.2, p677",2,張華,,晉,注
skqs3.org,蟹譜,KR3i0046,2 卷,"四庫全書 文淵閣版, V847.3, p689",1,傳肱,fl. 1059,宋,撰
skqs3.org,蟹略,KR3i0047,4 卷,"四庫全書 文淵閣版, V847.4, p703",1,高似孫,,宋,撰
skqs3.org,異魚圖贊,KR3i0048,4 卷,"四庫全書 文淵閣版, V847.5, p733",1,楊慎,1488 - 1559,明,撰
skqs3.org,異魚圖贊箋,KR3i0049,4 卷,"四庫全書 文淵閣版, V847.6, p751",1,楊慎,1488 - 1559,明,原本
skqs3.org,異魚圖贊箋,KR3i0049,4 卷,"四庫全書 文淵閣版, V847.6, p751",2,胡世安,,清,箋
skqs3.org,異魚圖贊補,KR3i0050,3 卷,"四庫全書 文淵閣版, V847.7, p815",1,胡世安,1593 - 1663,清,撰
skqs3.org,鬻子,KR3j0001,1 卷,"四庫全書 文淵閣版, V848.1, p1",1,鬻熊,,周,撰
skqs3.org,鬻子,KR3j0001,1 卷,"四庫全書 文淵閣版, V848.1, p1",2,逢行珪,,唐,注
skqs3.org,墨子,KR3j0002,15 卷,"四庫全書 文淵閣版, V848.2, p19",1,墨翟,fl. -400,周,撰
skqs3.org,子華子,KR3j0003,2 卷,"四庫全書 文淵閣版, V848.3, p149",1,程本,,周,撰
skqs3.org,尹文子,KR3j0004,1 卷,"四庫全書 文淵閣版, V848.4, p181",1,尹文,-350 - -284,周,撰
skqs3.org,尹文子,KR3j0004,1 卷,"四庫全書 文淵閣版, V848.4, p181",2,仲長統,,魏,校定
skqs3.org,慎子,KR3j0005,1 卷,"四庫全書 文淵閣版, V848.5, p193",1,慎到,-350 - -275,周,撰
skqs3.org,鶡冠子,KR3j0006,3 卷,"四庫全書 文淵閣版, V848.6, p199",1,闕名,,周,撰
skqs3.org,鶡冠子,KR3j0006,3 卷,"四庫全書 文淵閣版, V848.6, p199",2,陸佃,1042 - 1102,宋,解
skqs3.org,公孫龍子,KR3j0007,1 卷,"四庫全書 文淵閣版, V848.7, p245",1,公孫龍,b. -498,周,撰
skqs3.org,公孫龍子,KR3j0007,1 卷,"四庫全書 文淵閣版, V848.7, p245",2,謝希深,,宋,注
skqs3.org,鬼谷子,KR3j0008,1 卷,"四庫全書 文淵閣版, V848.8, p257",1,鬼谷子,,周,撰
skqs3.org,呂氏春秋,KR3j0009,26 卷,"四庫全書 文淵閣版, V848.9, p271",1,呂不韋,d. -235,秦,撰
skqs3.org,呂氏春秋,KR3j0009,26 卷,"四庫全書 文淵閣版, V848.9, p271",2,高誘,,漢,注
skqs3.org,淮南鴻烈解,KR3j0010,21 卷,"四庫全書 文淵閣版, V848.10, p505",1,劉安,d. -122,漢,撰
skqs3.org,淮南鴻烈解,KR3j0010,21 卷,"四庫全書 文淵閣版, V848.10, p505",2,高誘,,漢,注
skqs3.org,人物志,KR3j0011,3 卷,"四庫全書 文淵閣版, V848.11, p759",1,劉卲,fl. 224,魏,撰
skqs3.org,人物志,KR3j0011,3 卷,"四庫全書 文淵閣版, V848.11, p759",2,劉昞,,北魏,註
skqs3.org,金樓子,KR3j0012,6 卷,"四庫全書 文淵閣版, V848.12, p791",1,孝元帝,509 - 555,梁,撰
skqs3.org,劉子,KR3j0013,10 卷,"四庫全書 文淵閣版, V848.13, p881",1,劉晝,,北齊,撰
skqs3.org,劉子,KR3j0013,10 卷,"四庫全書 文淵閣版, V848.13, p881",2,袁孝政,,唐,註
skqs3.org,顏氏家訓,KR3j0014,2 卷,"四庫全書 文淵閣版, V848.14, p937",1,顏之推,531 - 591,隋,撰
skqs3.org,長短經,KR3j0015,9 卷,"四庫全書 文淵閣版, V849.1, p1",1,趙蕤,fl. 716,唐,撰
skqs3.org,兩同書,KR3j0016,2 卷,"四庫全書 文淵閣版, V849.2, p213",1,羅隱,833 - 909,唐,撰
skqs3.org,化書,KR3j0017,6 卷,"四庫全書 文淵閣版, V849.3, p227",1,譚峭,,南唐,撰
skqs3.org,昭德新編,KR3j0018,2 卷,"四庫全書 文淵閣版, V849.4, p253",1,晁迥,,宋,撰
skqs3.org,芻言,KR3j0019,3 卷,"四庫全書 文淵閣版, V849.5, p277",1,崔敦禮,d. 1181,宋,撰
skqs3.org,樂菴語錄,KR3j0020,5 卷,"四庫全書 文淵閣版, V849.6, p295",1,李衡,1100 - 1178,宋,撰
skqs3.org,樂菴語錄,KR3j0020,5 卷,"四庫全書 文淵閣版, V849.6, p295",2,龔昱,,宋,編
skqs3.org,習學記言,KR3j0021,50 卷,"四庫全書 文淵閣版, V849.7, p323",1,葉適,1150 - 1223,宋,撰
skqs3.org,本語,KR3j0022,6 卷,"四庫全書 文淵閣版, V849.8, p811",1,高拱,1512 - 1578,明,撰
skqs3.org,白虎通義,KR3j0023,2 卷,"四庫全書 文淵閣版, V850.1, p1",1,班固,32 - 92,漢,撰
skqs3.org,獨斷,KR3j0024,2 卷,"四庫全書 文淵閣版, V850.2, p75",1,蔡邕,133 - 192,漢,撰
skqs3.org,古今注,KR3j0025,3 卷,"四庫全書 文淵閣版, V850.3, p97",1,崔豹,,晉,撰
skqs3.org,古今注,KR3j0025,3 卷,"四庫全書 文淵閣版, V850.3, p97",2,馬縞,b. 854,五代,撰
skqs3.org,資暇集,KR3j0026,3 卷,"四庫全書 文淵閣版, V850.4, p143",1,李匡乂,9th cent,唐,撰
skqs3.org,刊誤,KR3j0027,2 卷,"四庫全書 文淵閣版, V850.5, p167",1,李涪,,唐,撰
skqs3.org,蘇氏演義,KR3j0028,2 卷,"四庫全書 文淵閣版, V850.6, p185",1,蘇鶚,,唐,撰
skqs3.org,兼明書,KR3j0029,5 卷,"四庫全書 文淵閣版, V850.7, p209",1,丘光庭,,唐,撰
skqs3.org,近事會元,KR3j0030,5 卷,"四庫全書 文淵閣版, V850.8, p253",1,李上交,,唐,撰
skqs3.org,東觀餘論,KR3j0031,2 卷,"四庫全書 文淵閣版, V850.9, p301",1,黃伯思,1079 - 1118,宋,撰
skqs3.org,東觀餘論,KR3j0031,2 卷,"四庫全書 文淵閣版, V850.9, p301",2,黃䚮,,宋,編
skqs3.org,靖康緗素雜誌,KR3j0032,10 卷,"四庫全書 文淵閣版, V850.10, p385",1,黃朝英,,宋,撰
skqs3.org,猗覺寮雜記,KR3j0033,2 卷,"四庫全書 文淵閣版, V850.11, p431",1,朱翌,1098 - 1167,宋,撰
skqs3.org,能改齋漫錄,KR3j0034,18 卷,"四庫全書 文淵閣版, V850.12, p501",1,吳曾,fl. 1153,宋,撰
skqs3.org,雲谷雜記,KR3j0035,4 卷,"四庫全書 文淵閣版, V850.13, p853",1,張淏,fl. 1225,宋,撰
skqs3.org,西溪叢語,KR3j0036,2 卷,"四庫全書 文淵閣版, V850.14, p913",1,姚寬,,宋,撰
skqs3.org,學林,KR3j0037,10 卷,"四庫全書 文淵閣版, V851.1, p1",1,王觀國,fl. 1142,宋,撰
skqs3.org,容齋隨筆,KR3j0038,16 卷,"四庫全書 文淵閣版, V851.2, p265",1,洪邁,1123 - 1202,宋,撰
skqs3.org,攷古編,KR3j0039,10 卷,"四庫全書 文淵閣版, V852.1, p1",1,程大昌,1123 - 1195,宋,撰
skqs3.org,演繁露,KR3j0040,16 卷,"四庫全書 文淵閣版, V852.2, p67",1,程大昌,1123 - 1195,宋,撰
skqs3.org,緯略,KR3j0041,12 卷,"四庫全書 文淵閣版, V852.3, p253",1,高似孫,,宋,撰
skqs3.org,甕牖閒評,KR3j0042,8 卷,"四庫全書 文淵閣版, V852.4, p411",1,袁文,1119 - 1190,宋,撰
skqs3.org,芥隱筆記,KR3j0043,1 卷,"四庫全書 文淵閣版, V852.5, p483",1,龔頤正,fl. 1187 - 1201,宋,撰
skqs3.org,蘆浦日記,KR3j0044,10 卷,"四庫全書 文淵閣版, V852.6, p505",1,劉昌詩,,宋,撰
skqs3.org,野客叢書,KR3j0045,30 卷,"四庫全書 文淵閣版, V852.7, p547",1,王楙,1151 - 1213,宋,撰
skqs3.org,坦齋通編,KR3j0046,1 卷,"四庫全書 文淵閣版, V853.1, p1",1,邢凱,fl. 1229,宋,撰
skqs3.org,攷古質疑,KR3j0047,6 卷,"四庫全書 文淵閣版, V853.2, p15",1,葉大慶,,宋,撰
skqs3.org,經外雜抄,KR3j0048,2 卷,"四庫全書 文淵閣版, V853.3, p69",1,魏了翁,1178 - 1237,宋,撰
skqs3.org,古今攷,KR3j0049,1 卷,"四庫全書 文淵閣版, V853.4, p107",1,魏了翁,1178 - 1237,宋,撰
skqs3.org,古今攷,KR3j0049,1 卷,"四庫全書 文淵閣版, V853.4, p107",2,方回,,元,補
skqs3.org,潁川語小,KR3j0050,2 卷,"四庫全書 文淵閣版, V853.5, p629",1,陳叔方,fl. 1200 - 1265,宋,撰
skqs3.org,賓退錄,KR3j0051,10 卷,"四庫全書 文淵閣版, V853.6, p653",1,趙與旹,1172 - 1228,宋,撰
skqs3.org,學齋佔畢,KR3j0052,4 卷,"四庫全書 文淵閣版, V854.1, p1",1,史繩祖,fl. 1250,宋,撰
skqs3.org,鼠璞,KR3j0053,2 卷,"四庫全書 文淵閣版, V854.2, p61",1,戴埴,,宋,撰
skqs3.org,朝野類要,KR3j0054,5 卷,"四庫全書 文淵閣版, V854.3, p101",1,趙升,fl. 1236,宋,撰
skqs3.org,果學紀聞,KR3j0055,20 卷,"四庫全書 文淵閣版, V854.4, p137",1,王應麟,1223 - 1296,宋,撰
skqs3.org,果學紀聞,KR3j0055,20 卷,"四庫全書 文淵閣版, V854.4, p137",2,閻若璩,,清,評註
skqs3.org,果學紀聞,KR3j0055,20 卷,"四庫全書 文淵閣版, V854.4, p137",3,何焯,,清,評註
skqs3.org,識遺,KR3j0056,10 卷,"四庫全書 文淵閣版, V854.5, p507",1,羅璧,,宋,撰
skqs3.org,愛日齋叢抄,KR3j0057,5 卷,"四庫全書 文淵閣版, V854.6, p613",1,葉□,,宋,撰
skqs3.org,日損齋筆記,KR3j0058,1 卷,"四庫全書 文淵閣版, V854.7, p697",1,黃溍,1277 - 1357,元,撰
skqs3.org,丹鉛餘錄,KR3j0059,17 卷,"四庫全書 文淵閣版, V855.1, p1",1,楊慎,1488 - 1559,明,撰
skqs3.org,丹鉛餘錄,KR3j0059,17 卷,"四庫全書 文淵閣版, V855.1, p1",2,梁佐,,明,編
skqs3.org,譚苑醍醐,KR3j0060,9 卷,"四庫全書 文淵閣版, V855.2, p671",1,楊慎,1488 - 1559,明,撰
skqs3.org,藝彀,KR3j0061,3 卷,"四庫全書 文淵閣版, V856.1, p1",1,鄧伯羔,,明,撰
skqs3.org,正楊,KR3j0062,4 卷,"四庫全書 文淵閣版, V856.2, p47",1,陳耀文,,明,撰
skqs3.org,疑耀,KR3j0063,7 卷,"四庫全書 文淵閣版, V856.3, p159",1,張萱,1558 - 1641,明,撰
skqs3.org,名義考,KR3j0064,12 卷,"四庫全書 文淵閣版, V856.4, p299",1,周祈,,明,撰
skqs3.org,徐氏筆精,KR3j0065,8 卷,"四庫全書 文淵閣版, V856.5, p451",1,徐𤊹,1570 - 1642,明,撰
skqs3.org,通雅,KR3j0066,52 卷,"四庫全書 文淵閣版, V857.1, p1",1,方以智,1611 - 1671,明,撰
skqs3.org,巵林,KR3j0067,10 卷,"四庫全書 文淵閣版, V858.1, p1",1,周嬰,,明,撰
skqs3.org,拾遺錄,KR3j0068,1 卷,"四庫全書 文淵閣版, V858.2, p257",1,胡爌,,明,撰
skqs3.org,義府,KR3j0069,2 卷,"四庫全書 文淵閣版, V858.3, p295",1,黃生,b. 1622,清,撰
skqs3.org,日知錄,KR3j0070,32 卷,"四庫全書 文淵閣版, V858.4, p367",1,顧炎武,1613 - 1682,清,撰
skqs3.org,藝林彙考,KR3j0071,40 卷,"四庫全書 文淵閣版, V859.1, p1",1,沈自南,,清,撰
skqs3.org,潛邱劄記,KR3j0072,6 卷,"四庫全書 文淵閣版, V859.2, p381",1,閻若璩,1636 - 1704,清,撰
skqs3.org,潛邱劄記,KR3j0072,6 卷,"四庫全書 文淵閣版, V859.2, p381",2,吳玉搢,,清,編
skqs3.org,湛園札記,KR3j0073,4 卷,"四庫全書 文淵閣版, V859.3, p567",1,姜宸英,1628 - 1699,清,撰
skqs3.org,白田雜著,KR3j0074,8 卷,"四庫全書 文淵閣版, V859.4, p645",1,王懋竑,1668 - 1741,清,撰
skqs3.org,樵香小記,KR3j0075,2 卷,"四庫全書 文淵閣版, V859.5, p781",1,何琇,,清,撰
skqs3.org,義門讀書記,KR3j0076,58 卷,"四庫全書 文淵閣版, V860.1, p1",1,何焯,1661 - 1722,清,撰
skqs3.org,義門讀書記,KR3j0076,58 卷,"四庫全書 文淵閣版, V860.1, p1",2,蔣維鈞,,清,編
skqs3.org,管城碩記,KR3j0077,30 卷,"四庫全書 文淵閣版, V861.1, p1",1,徐文靖,1667 - 1756,清,撰
skqs3.org,訂譌雜錄,KR3j0078,10 卷,"四庫全書 文淵閣版, V861.2, p431",1,胡鳴玉,fl. 1736,清,撰
skqs3.org,識小織,KR3j0079,2 卷,"四庫全書 文淵閣版, V861.3, p519",1,董豐垣,,清,撰
skqs3.org,論衡,KR3j0080,30 卷,"四庫全書 文淵閣版, V862.1, p1",1,王充,27 - 97?,漢,撰
skqs3.org,風俗通義,KR3j0081,10 卷,"四庫全書 文淵閣版, V862.2, p349",1,應劭,fl. 189 - 220,漢,撰
skqs3.org,封氏聞見記,KR3j0083,10 卷,"四庫全書 文淵閣版, V862.3, p415",1,封演,,唐,撰
skqs3.org,尚書故實,KR3j0084,1 卷,"四庫全書 文淵閣版, V862.4, p467",1,李綽,ca. 805 - ca. 862,唐,撰
skqs3.org,灌畦暇語,KR3j0085,1 卷,"四庫全書 文淵閣版, V862.5, p481",1,闕名,,唐,撰
skqs3.org,春明退朝錄,KR3j0086,3 卷,"四庫全書 文淵閣版, V862.6, p499",1,宋敏求,1019 - 1079,宋,撰
skqs3.org,宋景文筆記,KR3j0087,3 卷,"四庫全書 文淵閣版, V862.7, p533",1,宋祁,998 - 1061,宋,撰
skqs3.org,東原錄,KR3j0088,1 卷,"四庫全書 文淵閣版, V862.8, p555",1,龔鼎臣,1010 - 1086,宋,撰
skqs3.org,王氏談錄,KR3j0089,1 卷,"四庫全書 文淵閣版, V862.9, p577",1,王欽臣,,宋,撰
skqs3.org,麈史,KR3j0090,3 卷,"四庫全書 文淵閣版, V862.10, p595",1,王得臣,b. 1036,宋,撰
skqs3.org,文昌雜錄,KR3j0091,6 卷,"四庫全書 文淵閣版, V862.11, p649",1,龐元英,fl. 1082 - 1086,宋,撰
skqs3.org,夢溪筆談,KR3j0092,26 卷,"四庫全書 文淵閣版, V862.12, p707",1,沈括,1031 - 1095,宋,撰
skqs3.org,仇池筆記,KR3j0093,2 卷,"四庫全書 文淵閣版, V863.1, p1",1,蘇軾,1036 - 1101,宋,撰
skqs3.org,東坡志林,KR3j0094,2 卷,"四庫全書 文淵閣版, V863.2, p21",1,蘇軾,1036 - 1101,宋,撰
skqs3.org,珩璜新論,KR3j0095,1 卷,"四庫全書 文淵閣版, V863.3, p99",1,孔平仲,,宋,撰
skqs3.org,晁氏客語,KR3j0096,1 卷,"四庫全書 文淵閣版, V863.4, p141",1,晁說之,,宋,撰
skqs3.org,師友談記,KR3j0097,1 卷,"四庫全書 文淵閣版, V863.5, p171",1,李廌,1059 - 1109,宋,撰
skqs3.org,楊公筆錄,KR3j0098,1 卷,"四庫全書 文淵閣版, V863.6, p191",1,楊彥齡,,宋,撰
skqs3.org,呂氏雜記,KR3j0099,2 卷,"四庫全書 文淵閣版, V863.7, p207",1,呂希哲,fl. 1089,宋,撰
skqs3.org,冷齋夜話,KR3j0100,10 卷,"四庫全書 文淵閣版, V863.8, p237",1,釋惠洪,1071 - 1128,宋,撰
skqs3.org,苗洧舊聞,KR3j0101,10 卷,"四庫全書 文淵閣版, V863.9, p285",1,朱辨,d. 1144,宋,撰
skqs3.org,元城語錄解,KR3j0102,3 卷,"四庫全書 文淵閣版, V863.10, p353",1,馬永卿,,宋,編
skqs3.org,元城語錄解,KR3j0102,3 卷,"四庫全書 文淵閣版, V863.10, p353",2,王崇慶,,明,解
skqs3.org,元城語錄解,KR3j0102,3 卷,"四庫全書 文淵閣版, V863.10, p353",3,崔銑,,明,編
skqs3.org,元城語錄解,KR3j0102,3 卷,"四庫全書 文淵閣版, V863.10, p353",4,于文煕,,明,補
skqs3.org,嬾真子,KR3j0103,5 卷,"四庫全書 文淵閣版, V863.11, p401",1,馬永卿,,宋,撰
skqs3.org,春渚紀聞,KR3j0104,10 卷,"四庫全書 文淵閣版, V863.12, p451",1,何薳,fl. 1094,宋,撰
skqs3.org,石林燕語,KR3j0105,10 卷,"四庫全書 文淵閣版, V863.13, p535",1,葉夢得,1077 - 1148,宋,撰
skqs3.org,石林燕語,KR3j0105,10 卷,"四庫全書 文淵閣版, V863.13, p535",2,宇文紹奕,,宋,撰
skqs3.org,避暑錄話,KR3j0106,2 卷,"四庫全書 文淵閣版, V863.14, p629",1,葉夢得,1077 - 1148,宋,撰
skqs3.org,巖下放言,KR3j0107,3 卷,"四庫全書 文淵閣版, V863.15, p721",1,葉夢得,1077 - 1148,宋,撰
skqs3.org,却掃編,KR3j0108,3 卷,"四庫全書 文淵閣版, V863.16, p747",1,徐度,fl. 1135 - 1138,宋,撰
skqs3.org,五總志,KR3j0109,1 卷,"四庫全書 文淵閣版, V863.17, p801",1,吳坰,fl. 1090 - 1143,宋,撰
skqs3.org,紫微雜說,KR3j0110,1 卷,"四庫全書 文淵閣版, V863.18, p821",1,呂本中,,宋,撰
skqs3.org,辯言,KR3j0111,1 卷,"四庫全書 文淵閣版, V863.19, p849",1,員興宗,d. 1170,宋,撰
skqs3.org,墨莊漫錄,KR3j0112,10 卷,"四庫全書 文淵閣版, V864.1, p1",1,張邦基,fl. 1123 - 1148,宋,撰
skqs3.org,寓簡,KR3j0113,10 卷,"四庫全書 文淵閣版, V864.2, p103",1,沈作喆,,宋,撰
skqs3.org,欒城遺言,KR3j0114,1 卷,"四庫全書 文淵閣版, V864.3, p171",1,蘇籀,fl. 1126,宋,記
skqs3.org,東園叢說,KR3j0115,3 卷,"四庫全書 文淵閣版, V864.4, p181",1,李如箎,fl. 1132,宋,撰
skqs3.org,常談,KR3j0116,1 卷,"四庫全書 文淵閣版, V864.5, p237",1,吳箕,,宋,撰
skqs3.org,雲麓漫抄,KR3j0117,15 卷,"四庫全書 文淵閣版, V864.6, p259",1,趙彥衞,fl. 1206,宋,撰
skqs3.org,示兒編,KR3j0118,23 卷,"四庫全書 文淵閣版, V864.7, p411",1,孫奕,fl. 1205,宋,撰
skqs3.org,游宦紀聞,KR3j0119,10 卷,"四庫全書 文淵閣版, V864.8, p585",1,張世南,13th cent,宋,撰
skqs3.org,密齋筆記,KR3j0120,5 卷,"四庫全書 文淵閣版, V864.9, p643",1,謝采伯,,宋,撰
skqs3.org,梁谿漫志,KR3j0121,10 卷,"四庫全書 文淵閣版, V864.10, p691",1,費袞,,宋,撰
skqs3.org,澗泉日記,KR3j0122,3 卷,"四庫全書 文淵閣版, V864.11, p769",1,韓淲,1160 - 1224,宋,撰
skqs3.org,老學庵筆記,KR3j0123,10 卷,"四庫全書 文淵閣版, V865.1, p1",1,陸游,1125 - 1210,宋,撰
skqs3.org,愧郯錄,KR3j0124,15 卷,"四庫全書 文淵閣版, V865.2, p91",1,岳珂,1173? - 1240,宋,撰
skqs3.org,袪疑說,KR3j0125,1 卷,"四庫全書 文淵閣版, V865.3, p201",1,儲泳,,宋,撰
skqs3.org,琴堂諭俗編,KR3j0126,2 卷,"四庫全書 文淵閣版, V865.4, p221",1,鄭玉道,,宋,撰
skqs3.org,琴堂諭俗編,KR3j0126,2 卷,"四庫全書 文淵閣版, V865.4, p221",2,彭仲剛,,宋,續
skqs3.org,琴堂諭俗編,KR3j0126,2 卷,"四庫全書 文淵閣版, V865.4, p221",3,應俊,,宋,輯補
skqs3.org,琴堂諭俗編,KR3j0126,2 卷,"四庫全書 文淵閣版, V865.4, p221",4,左祥,,元,增
skqs3.org,鶴林玉露,KR3j0127,16 卷,"四庫全書 文淵閣版, V865.5, p253",1,羅大經,fl. 1224,宋,撰
skqs3.org,貴耳集,KR3j0128,1 卷,"四庫全書 文淵閣版, V865.6, p409",1,張端義,fl. 1241 - 1248,宋,撰
skqs3.org,吹劍錄外集,KR3j0129,1 卷,"四庫全書 文淵閣版, V865.7, p469",1,俞文豹,,宋,撰
skqs3.org,腳氣集,KR3j0130,1 卷,"四庫全書 文淵閣版, V865.8, p505",1,車若水,,宋,撰
skqs3.org,藏一話腴,KR3j0131,4 卷,"四庫全書 文淵閣版, V865.9, p537",1,陳郁,,宋,撰
skqs3.org,佩韋齋輯聞,KR3j0132,4 卷,"四庫全書 文淵閣版, V865.10, p573",1,俞德鄰,,宋,撰
skqs3.org,書齋夜話,KR3j0133,4 卷,"四庫全書 文淵閣版, V865.11, p611",1,俞琰,1258 - 1314,宋,撰
skqs3.org,齊東野語,KR3j0134,20 卷,"四庫全書 文淵閣版, V865.12, p635",1,周密,1232 - 1308,宋,撰
skqs3.org,困學齋雜錄,KR3j0135,1 卷,"四庫全書 文淵閣版, V866.1, p1",1,鮮于樞,1256 - 1301,元,撰
skqs3.org,隱居通義,KR3j0136,31 卷,"四庫全書 文淵閣版, V866.2, p19",1,劉壎,1240 - 1319,元,撰
skqs3.org,湛淵靜語,KR3j0137,2 卷,"四庫全書 文淵閣版, V866.3, p283",1,白挺,1248 - 1328,元,撰
skqs3.org,敬齊古今黈,KR3j0138,8 卷,"四庫全書 文淵閣版, V866.4, p319",1,李治,1192 - 1279,元,撰
skqs3.org,日聞錄,KR3j0139,1 卷,"四庫全書 文淵閣版, V866.5, p417",1,李翀,14th cent,元,撰
skqs3.org,勤有堂隨錄,KR3j0140,1 卷,"四庫全書 文淵閣版, V866.6, p433",1,陳櫟,1252 - 1334,元,撰
skqs3.org,玉堂嘉話,KR3j0141,8 卷,"四庫全書 文淵閣版, V866.7, p439",1,王惲,1227 - 1304,元,撰
skqs3.org,庶齋老學叢談,KR3j0142,3 卷,"四庫全書 文淵閣版, V866.8, p513",1,盛如梓,13th cent,元,撰
skqs3.org,研北雜誌,KR3j0143,2 卷,"四庫全書 文淵閣版, V866.9, p561",1,陸友,fl. 1330 - 1333,元,撰
skqs3.org,北軒筆記,KR3j0144,1 卷,"四庫全書 文淵閣版, V866.10, p609",1,陳世隆,,元,撰
skqs3.org,閒居錄,KR3j0145,1 卷,"四庫全書 文淵閣版, V866.11, p629",1,吾丘衍,d. 1311,元,撰
skqs3.org,雪履齋筆記,KR3j0146,1 卷,"四庫全書 文淵閣版, V866.12, p645",1,郭翼,1305 - 1364,元,撰
skqs3.org,霏雪錄,KR3j0147,2 卷,"四庫全書 文淵閣版, V866.13, p657",1,鎦績,14th cent,明,撰
skqs3.org,蠡海集,KR3j0148,2 卷,"四庫全書 文淵閣版, V866.14, p699",1,王逵,,明,撰
skqs3.org,草木子,KR3j0149,4 卷,"四庫全書 文淵閣版, V866.15, p733",1,葉子奇,,明,撰
skqs3.org,胡文穆雜著,KR3j0150,1 卷,"四庫全書 文淵閣版, V867.1, p1",1,胡廣,1370 - 1418,明,撰
skqs3.org,讕言長語,KR3j0151,1 卷,"四庫全書 文淵閣版, V867.2, p27",1,曹安,1444,明,撰
skqs3.org,蟫精雋,KR3j0152,16 卷,"四庫全書 文淵閣版, V867.3, p69",1,徐伯齡,,明,撰
skqs3.org,震澤長語,KR3j0153,2 卷,"四庫全書 文淵閣版, V867.4, p189",1,王鏊,1450 - 1524,明,撰
skqs3.org,井觀瑣言,KR3j0154,3 卷,"四庫全書 文淵閣版, V867.5, p233",1,鄭瑗,,明,撰
skqs3.org,南園漫錄,KR3j0155,10 卷,"四庫全書 文淵閣版, V867.6, p255",1,張志淳,,明,撰
skqs3.org,雨航雜錄,KR3j0156,2 卷,"四庫全書 文淵閣版, V867.7, p327",1,馮時可,,明,撰
skqs3.org,採芹錄,KR3j0157,4 卷,"四庫全書 文淵閣版, V867.8, p357",1,徐三重,,明,撰
skqs3.org,畫禪室隨筆,KR3j0158,4 卷,"四庫全書 文淵閣版, V867.9, p419",1,董其昌,1555 - 1636,明,撰
skqs3.org,六研齋筆記,KR3j0159,4 卷,"四庫全書 文淵閣版, V867.10, p485",1,李日華,1565 - 1635,明,撰
skqs3.org,物理小識,KR3j0160,12 卷,"四庫全書 文淵閣版, V867.11, p741",1,方以智,1611 - 1671,明,撰
skqs3.org,春明夢餘錄,KR3j0161,70 卷,"四庫全書 文淵閣版, V868.1, p1 - V869.1",1,孫承澤,1592 - 1676,清,撰
skqs3.org,居易錄,KR3j0162,34 卷,"四庫全書 文淵閣版, V869.2, p309",1,王士禛,1634 - 1711,清,撰
skqs3.org,池北偶談,KR3j0163,26 卷,"四庫全書 文淵閣版, V870.1, p1",1,王士禛,1634 - 1711,清,撰
skqs3.org,香祖筆記,KR3j0164,12 卷,"四庫全書 文淵閣版, V870.2, p379",1,王士禛,1634 - 1711,清,撰
skqs3.org,分甘餘話,KR3j0165,4 卷,"四庫全書 文淵閣版, V870.3, p543",1,王士禛,1634 - 1711,清,撰
skqs3.org,古夫于亭雜錄,KR3j0166,5 卷,"四庫全書 文淵閣版, V870.4, p597",1,王士禛,1634 - 1711,清,撰
skqs3.org,洞天清錄,KR3j0167,1 卷,"四庫全書 文淵閣版, V871.1, p1",1,趙希鵠,fl. 1180 - 1240,宋,撰
skqs3.org,負暄野錄,KR3j0168,2 卷,"四庫全書 文淵閣版, V871.2, p31",1,陳槱,,宋,撰
skqs3.org,雲烟過眼錄,KR3j0169,4 卷,"四庫全書 文淵閣版, V871.3, p45",1,周密,1232 - 1308,宋,撰
skqs3.org,雲烟過眼錄,KR3j0169,4 卷,"四庫全書 文淵閣版, V871.3, p45",2,湯允謨,,宋,撰
skqs3.org,格古要論,KR3j0170,3 卷,"四庫全書 文淵閣版, V871.4, p85",1,曹昭,fl. 1387 - 1399,明,撰
skqs3.org,竹嶼山房雜部,KR3j0171,22 卷,"四庫全書 文淵閣版, V871.5, p115",1,宋詡,,明,撰
skqs3.org,遵生八牋,KR3j0172,19 卷,"四庫全書 文淵閣版, V871.6, p329",1,高濂,fl. 1573 - 1581,明,撰
skqs3.org,清祕藏,KR3j0173,2 卷,"四庫全書 文淵閣版, V872.1, p1",1,張應文,,明,撰
skqs3.org,長物志,KR3j0174,12 卷,"四庫全書 文淵閣版, V872.2, p31",1,文震亨,1585 - 1645,明,撰
skqs3.org,韻石齋筆談,KR3j0175,2 卷,"四庫全書 文淵閣版, V872.3, p91",1,姜紹書,fl. 1633,清,撰
skqs3.org,七頌堂識小錄,KR3j0176,1 卷,"四庫全書 文淵閣版, V872.4, p119",1,劉體仁,,清,撰
skqs3.org,硯山齋雜記,KR3j0177,4 卷,"四庫全書 文淵閣版, V872.5, p129",1,孫承澤,1592 - 1676,清,撰
skqs3.org,意林,KR3j0178,5 卷,"四庫全書 文淵閣版, V872.6, p197",1,馬總,d. 823,唐,撰
skqs3.org,紺珠集,KR3j0179,13 卷,"四庫全書 文淵閣版, V872.7, p273",1,朱勝非,,宋,撰
skqs3.org,類說,KR3j0180,60 卷,"四庫全書 文淵閣版, V873.1, p1",1,曾慥,fl. 1148 - 1154,宋,編
skqs3.org,事實類苑,KR3j0181,63 卷,"四庫全書 文淵閣版, V874.1, p1",1,江少虞,,宋,編
skqs3.org,仕學規範,KR3j0182,40 卷,"四庫全書 文淵閣版, V875.1, p1",1,張鎡,,宋,撰
skqs3.org,自警編,KR3j0183,9 卷,"四庫全書 文淵閣版, V875.2, p203",1,趙善璙,b. 1153,宋,撰
skqs3.org,言行龜鑑,KR3j0184,8 卷,"四庫全書 文淵閣版, V875.3, p463",1,張光祖,1285 - 1346,元,撰
skqs3.org,說孚,KR3j0185,120 卷,"四庫全書 文淵閣版, V876.1, p1 - V882.1",1,陶宗儀,fl. 1360 - 1368,明,編
skqs3.org,玉芝堂談薈,KR3j0186,36 卷,"四庫全書 文淵閣版, V883.1, p1",1,徐應秋,,明,撰
skqs3.org,元明事類鈔,KR3j0187,40 卷,"四庫全書 文淵閣版, V884.1, p1",1,姚之駰,,清,撰
skqs3.org,儼山外集,KR3j0188,34 卷,"四庫全書 文淵閣版, V885.1, p1",1,陸深,1477 - 1544,明,撰
skqs3.org,古今說海,KR3j0189,存137 卷,"四庫全書 文淵閣版, V885.2, p225 - V886.1",1,陸楫,16th cent,明,編
skqs3.org,少室山房筆叢,KR3j0190,32 卷,"四庫全書 文淵閣版, V886.2, p165",1,胡應麟,1551 - 1602,明,撰
skqs3.org,鈍吟雜錄,KR3j0191,10 卷,"四庫全書 文淵閣版, V886.3, p511",1,馮班,1614 - 1671,清,撰
skqs3.org,鈍吟雜錄,KR3j0191,10 卷,"四庫全書 文淵閣版, V886.3, p511",2,馮武,,清,輯編
skqs3.org,古今同姓名錄,KR3k0001,2 卷,"四庫全書 文淵閣版, V887.1, p1",1,元帝,509 - 555,梁,撰
skqs3.org,古今同姓名錄,KR3k0001,2 卷,"四庫全書 文淵閣版, V887.1, p1",2,陸善經,,唐,續
skqs3.org,古今同姓名錄,KR3k0001,2 卷,"四庫全書 文淵閣版, V887.1, p1",3,葉森,,元,補
skqs3.org,編珠,KR3k0002,2 卷,"四庫全書 文淵閣版, V887.2, p37",1,杜公瞻,fl. 611,隋,撰
skqs3.org,編珠,KR3k0002,2 卷,"四庫全書 文淵閣版, V887.2, p37",2,高士奇,,清,撰
skqs3.org,編珠,KR3k0002,2 卷,"四庫全書 文淵閣版, V887.2, p37",3,高士奇,,清,撰
skqs3.org,藝文類聚,KR3k0003,100 卷,"四庫全書 文淵閣版, V887.3, p137 - V888.1",1,歐陽詢,557 - 641,唐,奉敕撰
skqs3.org,北堂書鈔,KR3k0004,160 卷,"四庫全書 文淵閣版, V889.1, p1",1,虞世南,558 - 638,唐,撰
skqs3.org,北堂書鈔,KR3k0004,160 卷,"四庫全書 文淵閣版, V889.1, p1",2,陳禹謨,,明,補註
skqs3.org,龍筋鳳髓判,KR3k0005,4 卷,"四庫全書 文淵閣版, V889.2, p851",1,張鷟,661 - 741,唐,撰
skqs3.org,龍筋鳳髓判,KR3k0005,4 卷,"四庫全書 文淵閣版, V889.2, p851",2,劉允鵬,,明,注
skqs3.org,初學記,KR3k0006,30 卷,"四庫全書 文淵閣版, V890.1, p1",1,徐堅,659 - 729,唐,撰
skqs3.org,元和姓纂,KR3k0007,10 卷,"四庫全書 文淵閣版, V890.2, p499",1,林寶,fl. 812,唐,撰
skqs3.org,白孔六帖,KR3k0008,100 卷,"四庫全書 文淵閣版, V891.1, p1 - V892.1",1,白居易,772 - 846,唐,原本
skqs3.org,白孔六帖,KR3k0008,100 卷,"四庫全書 文淵閣版, V891.1, p1 - V892.1",2,孔傳,,宋,續撰
skqs3.org,小名錄,KR3k0009,2 卷,"四庫全書 文淵閣版, V892.2, p623",1,陸龜蒙,d. 881,唐,撰
skqs3.org,蒙求集註,KR3k0010,2 卷,"四庫全書 文淵閣版, V892.3, p651",1,李瀚,,唐,撰
skqs3.org,蒙求集註,KR3k0010,2 卷,"四庫全書 文淵閣版, V892.3, p651",2,徐子光,,宋,註
skqs3.org,事類賦,KR3k0011,30 卷,"四庫全書 文淵閣版, V892.4, p799",1,吳淑,943 - 1002,宋,撰
skqs3.org,太平御覽,KR3k0012,1000 卷,"四庫全書 文淵閣版, V893.1, p1 - V901.1",1,李昉,925 - 996,宋,奉敕撰
skqs3.org,冊府元龜,KR3k0013,1000 卷,"四庫全書 文淵閣版, V902.1, p1 - V919.1",1,王欽若,d. 1025,宋,奉敕撰
skqs3.org,冊府元龜,KR3k0013,1000 卷,"四庫全書 文淵閣版, V902.1, p1 - V919.1",2,楊億,,宋,奉敕撰
skqs3.org,事物紀原,KR3k0014,10 卷,"四庫全書 文淵閣版, V920.1, p1",1,高承,11th cent,宋,撰
skqs3.org,實賓錄,KR3k0015,14 卷,"四庫全書 文淵閣版, V920.2, p293",1,馬永易,12th cent,宋,撰
skqs3.org,書敘指南,KR3k0016,20 卷,"四庫全書 文淵閣版, V920.3, p455",1,任廣,,宋,撰
skqs3.org,海錄碎事,KR3k0017,22 卷,"四庫全書 文淵閣版, V921.1, p1",1,葉庭珪,,宋,撰
skqs3.org,古今姓氏書辯證,KR3k0018,40 卷,"四庫全書 文淵閣版, V922.1, p1",1,鄧名世,fl. 1133,宋,撰
skqs3.org,古今姓氏書辯證,KR3k0018,40 卷,"四庫全書 文淵閣版, V922.1, p1",2,鄧椿年,,宋,編
skqs3.org,帝王經世圖譜,KR3k0019,16 卷,"四庫全書 文淵閣版, V922.2, p383",1,唐仲友,,宋,撰
skqs3.org,職官分紀,KR3k0020,50 卷,"四庫全書 文淵閣版, V923.1, p1",1,孫逢吉,1135 - 1199,宋,撰
skqs3.org,歷代制度詳說,KR3k0021,12 卷,"四庫全書 文淵閣版, V923.2, p893",1,呂祖謙,1137 - 1181,宋,撰
skqs3.org,八面鋒,KR3k0022,13 卷,"四庫全書 文淵閣版, V923.3, p989",1,陳傳良,1137 - 1203,宋,撰
skqs3.org,錦繡萬花谷,KR3k0023,120 卷,"四庫全書 文淵閣版, V924.1, p1",1,闕名,,宋,撰
skqs3.org,古今事文類聚,KR3k0024,236 卷,"四庫全書 文淵閣版, V925.1, p1 - V929.1",1,祝穆,fl. 1246,宋,撰
skqs3.org,古今事文類聚,KR3k0024,236 卷,"四庫全書 文淵閣版, V925.1, p1 - V929.1",2,富大用,,元,撰
skqs3.org,古今事文類聚,KR3k0024,236 卷,"四庫全書 文淵閣版, V925.1, p1 - V929.1",3,祝淵,,元,撰
skqs3.org,記纂淵海,KR3k0025,100 卷,"四庫全書 文淵閣版, V930.1, p1 - V932.1",1,潘自牧,,宋,撰
skqs3.org,名賢氏族言行類稿,KR3k0026,60 卷,"四庫全書 文淵閣版, V933.1, p1",1,章定,fl. 1209,宋,撰
skqs3.org,羣書會元截江網,KR3k0027,35 卷,"四庫全書 文淵閣版, V934.1, p1",1,闕名,,宋,撰
skqs3.org,全芳備祖集,KR3k0028,58 卷,"四庫全書 文淵閣版, V935.1, p1",1,陳景沂,,宋,撰
skqs3.org,羣書考索,KR3k0029,212 卷,"四庫全書 文淵閣版, V936.1, p1 - V938.1",1,章如愚,,宋,撰
skqs3.org,古今合璧事類備要,KR3k0030,存365 卷,"四庫全書 文淵閣版, V939.1, p1 - V941.1",1,謝維新,fl. 1257,宋,編
skqs3.org,古今源流至論,KR3k0031,40 卷,"四庫全書 文淵閣版, V942.1, p1",1,林駧,,宋,撰
skqs3.org,古今源流至論,KR3k0031,40 卷,"四庫全書 文淵閣版, V942.1, p1",2,黃履翁,,宋,撰
skqs3.org,玉海,KR3k0032,200 卷,"四庫全書 文淵閣版, V943.1, p1 - V948.1",1,王應麟,1223 - 1296,宋,撰
skqs3.org,小學紺珠,KR3k0033,10 卷,"四庫全書 文淵閣版, V948.2, p379",1,王應麟,1223 - 1296,宋,撰
skqs3.org,姓氏急就篇,KR3k0034,2 卷,"四庫全書 文淵閣版, V948.3, p633",1,王應麟,1223 - 1296,宋,撰
skqs3.org,小字錄,KR3k0035,1 卷,"四庫全書 文淵閣版, V948.4, p701",1,陳思,fl. 1259,宋,撰
skqs3.org,雞肋,KR3k0036,1 卷,"四庫全書 文淵閣版, V948.5, p731",1,趙崇絢,12th cent,宋,撰
skqs3.org,六帖補,KR3k0037,20 卷,"四庫全書 文淵閣版, V948.6, p739",1,楊伯喦,,宋,撰
skqs3.org,翰苑新書,KR3k0038,156 卷,"四庫全書 文淵閣版, V949.1, p1 - V950.1",1,闕名,,宋,撰
skqs3.org,韻府羣玉,KR3k0039,20 卷,"四庫全書 文淵閣版, V951.1, p1",1,陰勁弦,fl. 1258 - 1314,元,編
skqs3.org,韻府羣玉,KR3k0039,20 卷,"四庫全書 文淵閣版, V951.1, p1",2,陰復春,,宋,編
skqs3.org,純正蒙求,KR3k0040,3 卷,"四庫全書 文淵閣版, V952.1, p1",1,胡炳文,1250 - 1333,元,撰
skqs3.org,氏族大全,KR3k0041,22 卷,"四庫全書 文淵閣版, V952.2, p61",1,闕名,,元,撰
skqs3.org,名疑,KR3k0042,4 卷,"四庫全書 文淵閣版, V952.3, p593",1,陳士元,,明,撰
skqs3.org,稗編,KR3k0043,120 卷,"四庫全書 文淵閣版, V953.1, p1 - V955.1",1,唐順之,1507 - 1560,明,撰
skqs3.org,萬姓統譜,KR3k0044,140 卷,"四庫全書 文淵閣版, V956.1, p1 - V957.1",1,凌迪知,,明,撰
skqs3.org,喻林,KR3k0045,120 卷,"四庫全書 文淵閣版, V958.1, p1 - V959.1",1,徐元太,,明,撰
skqs3.org,經濟類編,KR3k0046,100 卷,"四庫全書 文淵閣版, V960.1, p1 - V963.1",1,馮琦,1558 - 1603,明,編
skqs3.org,經濟類編,KR3k0046,100 卷,"四庫全書 文淵閣版, V960.1, p1 - V963.1",2,馮瑗,,明,編
skqs3.org,同姓名錄,KR3k0047,12 卷,"四庫全書 文淵閣版, V964.1, p1",1,余寅,1519 - 1595,明,撰
skqs3.org,同姓名錄,KR3k0047,12 卷,"四庫全書 文淵閣版, V964.1, p1",2,周應賓,,明,撰
skqs3.org,說略,KR3k0048,30 卷,"四庫全書 文淵閣版, V964.2, p341",1,顧起元,1565 - 1628,明,撰
skqs3.org,天中記,KR3k0049,60 卷,"四庫全書 文淵閣版, V965.1, p1 - V967.1",1,陳耀文,,明,撰
skqs3.org,天中記,KR3k0049,60 卷,"四庫全書 文淵閣版, V965.1, p1 - V967.1",2,張衡,,漢,撰
skqs3.org,圖書編,KR3k0050,127 卷,"四庫全書 文淵閣版, V968.1, p1 - V972.1",1,章潢,1527 - 1608,明,撰
skqs3.org,圖書編,KR3k0050,127 卷,"四庫全書 文淵閣版, V968.1, p1 - V972.1",2,萬尚烈,,明,撰
skqs3.org,駢志,KR3k0051,20 卷,"四庫全書 文淵閣版, V973.1, p1",1,陳禹謨,,明,撰
skqs3.org,山堂肆考,KR3k0052,228 卷,"四庫全書 文淵閣版, V974.1, p1 - V978.1",1,彭大翼,fl. 1593,明,撰
skqs3.org,山堂肆考,KR3k0052,228 卷,"四庫全書 文淵閣版, V974.1, p1 - V978.1",2,張幼學,,明,增定
skqs3.org,古儷府,KR3k0053,12 卷,"四庫全書 文淵閣版, V979.1, p1",1,王志慶,,明,編
skqs3.org,廣博物志,KR3k0054,50 卷,"四庫全書 文淵閣版, V980.1, p1 - V981.1",1,董斯張,1586 - 1628,明,撰
skqs3.org,御定淵鑑類函,KR3k0055,450 卷,"四庫全書 文淵閣版, V982.1, p1 - V993.1",1,張英,1637 - 1708,清,奉敕撰
skqs3.org,御定淵鑑類函,KR3k0055,450 卷,"四庫全書 文淵閣版, V982.1, p1 - V993.1",2,王士禛,,清,奉敕撰
skqs3.org,御定淵鑑類函,KR3k0055,450 卷,"四庫全書 文淵閣版, V982.1, p1 - V993.1",3,聖祖玄燁,,清,定
skqs3.org,御定駢字類編,KR3k0056,240 卷,"四庫全書 文淵閣版, V994.1, p1 - V1004.1",1,吳士玉,,清,奉敕撰
skqs3.org,御定駢字類編,KR3k0056,240 卷,"四庫全書 文淵閣版, V994.1, p1 - V1004.1",2,沈宗敬,,清,奉敕撰
skqs3.org,御定分類字錦,KR3k0057,64 卷,"四庫全書 文淵閣版, V1005.1, p1 - V1007.1",1,何焯,1661 - 1722,清,奉敕撰
skqs3.org,御定分類字錦,KR3k0057,64 卷,"四庫全書 文淵閣版, V1005.1, p1 - V1007.1",2,陳鵬年,,清,奉敕撰
skqs3.org,御定子史精華,KR3k0058,160 卷,"四庫全書 文淵閣版, V1008.1, p1 - V1010.1",1,吳士玉,,清,奉敕撰
skqs3.org,御定子史精華,KR3k0058,160 卷,"四庫全書 文淵閣版, V1008.1, p1 - V1010.1",2,吳襄,,清,奉敕撰
skqs3.org,御定子史精華,KR3k0058,160 卷,"四庫全書 文淵閣版, V1008.1, p1 - V1010.1",3,世宗胤禛,,清,定
skqs3.org,御定佩文韻府,KR3k0059,444 卷,"四庫全書 文淵閣版, V1011.1, p1 - V1028.1",1,張玉書,1642 - 1711,清,奉敕撰
skqs3.org,御定佩文韻府,KR3k0059,444 卷,"四庫全書 文淵閣版, V1011.1, p1 - V1028.1",2,陳廷敬,,清,奉敕撰
skqs3.org,御定佩文韻府,KR3k0059,444 卷,"四庫全書 文淵閣版, V1011.1, p1 - V1028.1",3,聖祖玄燁,,清,定
skqs3.org,御定韻府拾遺,KR3k0060,112 卷,"四庫全書 文淵閣版, V1029.1, p1 - V1030.1",1,聖祖玄燁,1654 - 1722,清,御定
skqs3.org,格致鏡原,KR3k0061,100 卷,"四庫全書 文淵閣版, V1031.1, p1 - V1032.1",1,陳元龍,1652 - 1736,清,撰
skqs3.org,讀書紀數略,KR3k0062,54 卷,"四庫全書 文淵閣版, V1033.1, p1",1,宮夢仁,b. 1632,清,撰
skqs3.org,花木鳥獸集類,KR3k0063,3 卷,"四庫全書 文淵閣版, V1034.1, p1",1,吳寶芝,,清,撰
skqs3.org,別號錄,KR3k0064,9 卷,"四庫全書 文淵閣版, V1034.2, p113",1,葛萬里,,清,撰
skqs3.org,宋稗類鈔,KR3k0065,36 卷,"四庫全書 文淵閣版, V1034.3, p215",1,潘永因,17th cent,清,編
skqs3.org,西京雜記,KR3l0001,6 卷,"四庫全書 文淵閣版, V1035.1, p1",1,劉歆,d. -23,漢,編
skqs3.org,西京雜記,KR3l0001,6 卷,"四庫全書 文淵閣版, V1035.1, p1",2,葛洪,,晉,輯
skqs3.org,世說新語,KR3l0002,3 卷,"四庫全書 文淵閣版, V1035.2, p29",1,劉義慶,403 - 444,劉宋,撰
skqs3.org,世說新語,KR3l0002,3 卷,"四庫全書 文淵閣版, V1035.2, p29",2,劉孝標,,梁,注
skqs3.org,朝野僉載,KR3l0003,6 卷,"四庫全書 文淵閣版, V1035.3, p215",1,張鷟,666 - 741,唐,撰
skqs3.org,唐新語,KR3l0004,13 卷,"四庫全書 文淵閣版, V1035.4, p287",1,劉肅,fl. 806 - 820,唐,撰
skqs3.org,次柳氏舊聞,KR3l0005,1 卷,"四庫全書 文淵閣版, V1035.5, p403",1,李德裕,787 - 849,唐,撰
skqs3.org,唐國史補,KR3l0006,3 卷,"四庫全書 文淵閣版, V1035.6, p411",1,李肇,fl. 819,唐,撰
skqs3.org,劉賓客嘉話錄,KR3l0007,1 卷,"四庫全書 文淵閣版, V1035.7, p453",1,韋絢,fl. 812 - 856,唐,撰
skqs3.org,因話錄,KR3l0007,6 卷,"四庫全書 文淵閣版, V1035.8, p469",1,趙璘,,唐,撰
skqs3.org,明皇雜錄,KR3l0009,2 卷,"四庫全書 文淵閣版, V1035.9, p507",1,鄭處誨,,唐,撰
skqs3.org,大唐傳載,KR3l0010,1 卷,"四庫全書 文淵閣版, V1035.10, p527",1,闕名,,唐,撰
skqs3.org,教坊記,KR3l0011,1 卷,"四庫全書 文淵閣版, V1035.11, p541",1,崔令欽,fl. 749,唐,撰
skqs3.org,幽閒鼓吹,KR3l0012,1 卷,"四庫全書 文淵閣版, V1035.12, p551",1,張固,,唐,撰
skqs3.org,松窗雜錄,KR3l0013,1 卷,"四庫全書 文淵閣版, V1035.13, p557",1,李濬,,唐,撰
skqs3.org,雲谿友議,KR3l0014,3 卷,"四庫全書 文淵閣版, V1035.14, p563",1,范攄,9th cent,唐,撰
skqs3.org,玉泉子,KR3l0015,1 卷,"四庫全書 文淵閣版, V1035.15, p619",1,闕名,,,撰
skqs3.org,雲仙雜記,KR3l0016,10 卷,"四庫全書 文淵閣版, V1035.16, p641",1,馮贄,fl. 904,唐,撰
skqs3.org,唐摭言,KR3l0017,15 卷,"四庫全書 文淵閣版, V1035.17, p695",1,王定保,870 - ca. 954,五代,撰
skqs3.org,中朝故事,KR3l0018,2 卷,"四庫全書 文淵閣版, V1035.18, p809",1,尉遲偓,,南唐,撰
skqs3.org,金華子雜編,KR3l0018,2 卷,"四庫全書 文淵閣版, V1035.19, p823",1,劉崇遠,,南唐,撰
skqs3.org,開元天寶遺事,KR3l0020,4 卷,"四庫全書 文淵閣版, V1035.20, p843",1,王仁裕,880 - 942,五代,撰
skqs3.org,鑒誡錄,KR3l0021,10 卷,"四庫全書 文淵閣版, V1035.21, p867",1,何光遠,,後蜀,撰
skqs3.org,南唐近事,KR3l0022,2 卷,"四庫全書 文淵閣版, V1035.22, p927",1,鄭文寶,953 - 1013,宋,撰
skqs3.org,北夢瑣言,KR3l0023,20 卷,"四庫全書 文淵閣版, V1036.1, p1",1,孫光憲,d. 968,宋,撰
skqs3.org,賈氏譚錄,KR3l0024,1 卷,"四庫全書 文淵閣版, V1036.2, p127",1,張洎,933 - 996,宋,撰
skqs3.org,洛陽搢紳舊聞記,KR3l0025,5 卷,"四庫全書 文淵閣版, V1036.3, p133",1,張齋賢,969 - 1014,宋,撰
skqs3.org,南部新書,KR3l0026,10 卷,"四庫全書 文淵閣版, V1036.4, p175",1,錢易,968 - 1026,宋,撰
skqs3.org,王文正筆錄,KR3l0028,1 卷,"四庫全書 文淵閣版, V1036.5, p265",1,王曾,978 - 1033,宋,撰
skqs3.org,儒林公議,KR3l0029,1 卷,"四庫全書 文淵閣版, V1036.6, p275",1,田况,1003 - 1061,宋,撰
skqs3.org,涑水記聞,KR3l0030,16 卷,"四庫全書 文淵閣版, V1036.7, p315",1,司馬光,1019 - 1086,宋,撰
skqs3.org,澠水燕談錄,KR3l0031,10 卷,"四庫全書 文淵閣版, V1036.8, p469",1,王闢之,,宋,撰
skqs3.org,歸田錄,KR3l0032,2 卷,"四庫全書 文淵閣版, V1036.9, p531",1,歐陽修,1007 - 1072,宋,撰
skqs3.org,嘉祐雜誌,KR3l0033,1 卷,"四庫全書 文淵閣版, V1036.10, p557",1,江休復,1005 - 1060,宋,撰
skqs3.org,東齋記事,KR3l0034,6 卷,"四庫全書 文淵閣版, V1036.11, p579",1,范鎮,1007 - 1087,宋,撰
skqs3.org,青箱雜記,KR3l0035,6 卷,"四庫全書 文淵閣版, V1036.12, p609",1,吳處厚,,宋,撰
skqs3.org,錢氏私志,KR3l0036,1 卷,"四庫全書 文淵閣版, V1036.13, p657",1,錢世昭,,宋,撰
skqs3.org,龍川略志,KR3l0037,10 卷,"四庫全書 文淵閣版, V1037.1, p1",1,蘇轍,1039 - 1112,宋,撰
skqs3.org,後山談叢,KR3l0038,4 卷,"四庫全書 文淵閣版, V1037.2, p61",1,陳師道,1053 - 1102,宋,撰
skqs3.org,孫公談圃,KR3l0039,3 卷,"四庫全書 文淵閣版, V1037.3, p95",1,孫升,1038 - 1099,宋,語
skqs3.org,孫公談圃,KR3l0039,3 卷,"四庫全書 文淵閣版, V1037.3, p95",2,劉延世,,宋,編
skqs3.org,談苑,KR3l0040,4 卷,"四庫全書 文淵閣版, V1037.4, p119",1,孔平仲,,宋,撰
skqs3.org,畫墁錄,KR3l0041,1 卷,"四庫全書 文淵閣版, V1037.5, p155",1,張舜民,,宋,撰
skqs3.org,甲申雜記,KR3l0042,1 卷,"四庫全書 文淵閣版, V1037.6, p179",1,王鞏,fl. 1075 - 1104,宋,撰
skqs3.org,聞見近錄,KR3l0042,1 卷,"四庫全書 文淵閣版, V1037.7, p191",1,王鞏,fl. 1075 - 1104,宋,撰
skqs3.org,隨手雜錄,KR3l0042,1 卷,"四庫全書 文淵閣版, V1037.8, p211",1,王鞏,fl. 1075 - 1104,宋,撰
skqs3.org,湘山野綠,KR3l0045,3 卷,"四庫全書 文淵閣版, V1037.9, p225",1,釋文瑩,10th cent,宋,撰
skqs3.org,王壺野史,KR3l0046,10 卷,"四庫全書 文淵閣版, V1037.10, p283",1,釋文瑩,10th cent,宋,撰
skqs3.org,侯鯖錄,KR3l0047,8 卷,"四庫全書 文淵閣版, V1037.11, p355",1,趙令畤,d. 1134,宋,撰
skqs3.org,東軒筆錄,KR3l0048,15 卷,"四庫全書 文淵閣版, V1037.12, p415",1,魏泰,fl. 1082,宋,撰
skqs3.org,泊宅編,KR3l0049,3 卷,"四庫全書 文淵閣版, V1037.13, p507",1,方勺,,宋,撰
skqs3.org,珍席放談,KR3l0050,2 卷,"四庫全書 文淵閣版, V1037.14, p533",1,高晦叟,,宋,撰
skqs3.org,鐵圍山叢談,KR3l0051,6 卷,"四庫全書 文淵閣版, V1037.15, p551",1,蔡絛,fl. 1124 - 1150,宋,撰
skqs3.org,國光談苑,KR3l0052,2 卷,"四庫全書 文淵閣版, V1037.16, p631",1,王君玉,11th cent,宋,撰
skqs3.org,道山清話,KR3l0053,1 卷,"四庫全書 文淵閣版, V1037.17, p645",1,王暐,,宋,撰
skqs3.org,墨客揮犀,KR3l0054,10 卷,"四庫全書 文淵閣版, V1037.18, p673",1,彭乘,,宋,撰
skqs3.org,唐語林,KR3l0055,8 卷,"四庫全書 文淵閣版, V1038.1, p1",1,王讜,fl. 1101 - 1110,宋,撰
skqs3.org,楓窗小牘,KR3l0056,2 卷,"四庫全書 文淵閣版, V1038.2, p207",1,袁□,,宋,撰
skqs3.org,南窗記談,KR3l0057,1 卷,"四庫全書 文淵閣版, V1038.3, p235",1,闕名,,宋,撰
skqs3.org,過庭錄,KR3l0058,1 卷,"四庫全書 文淵閣版, V1038.4, p245",1,范公偁,,宋,撰
skqs3.org,萍洲可談,KR3l0059,3 卷,"四庫全書 文淵閣版, V1038.5, p273",1,朱彧,,宋,撰
skqs3.org,高齋漫錄,KR3l0060,1 卷,"四庫全書 文淵閣版, V1038.6, p313",1,曾慥,fl. 1148 - 1154,宋,撰
skqs3.org,默記,KR3l0061,3 卷,"四庫全書 文淵閣版, V1038.7, p325",1,王銍,fl. 1122 - 1144,宋,撰
skqs3.org,揮塵錄,KR3l0062,20 卷,"四庫全書 文淵閣版, V1038.8, p363",1,王明清,b. 1127,宋,撰
skqs3.org,玉照新志,KR3l0063,6 卷,"四庫全書 文淵閣版, V1038.9, p617",1,王明清,b. 1127,宋,撰
skqs3.org,投轄錄,KR3l0064,1 卷,"四庫全書 文淵閣版, V1038.10, p681",1,王明清,b. 1127,宋,撰
skqs3.org,張氏可書,KR3l0065,1 卷,"四庫全書 文淵閣版, V1038.11, p707",1,張知甫,12th cent,宋,撰
skqs3.org,聞見錄,KR3l0066,20 卷,"四庫全書 文淵閣版, V1038.12, p715",1,邵伯溫,1057 - 1134,宋,撰
skqs3.org,清波雜誌,KR3l0067,12 卷,"四庫全書 文淵閣版, V1039.1, p1",1,周煇,b. 1126,宋,撰
skqs3.org,雞肋編,KR3l0068,3 卷,"四庫全書 文淵閣版, V1039.2, p127",1,莊綽,fl. 1080 - 1140,宋,撰
skqs3.org,聞見後錄,KR3l0069,30 卷,"四庫全書 文淵閣版, V1039.3, p213",1,邵博,fl. 1138,宋,撰
skqs3.org,北牕炙輠錄,KR3l0070,2 卷,"四庫全書 文淵閣版, V1039.4, p363",1,施德操,,宋,撰
skqs3.org,步里客談,KR3l0071,2 卷,"四庫全書 文淵閣版, V1039.5, p399",1,陳長方,1108 - 1148,宋,撰
skqs3.org,桯史,KR3l0072,15 卷,"四庫全書 文淵閣版, V1039.6, p407",1,岳珂,1173? - ca. 1240,宋,撰
skqs3.org,獨醒雜誌,KR3l0073,10 卷,"四庫全書 文淵閣版, V1039.7, p523",1,曾敏行,d. 1175,宋,撰
skqs3.org,耆舊續聞,KR3l0074,10 卷,"四庫全書 文淵閣版, V1039.8, p587",1,陳鵠,fl. 1184,宋,撰
skqs3.org,四朝聞見錄,KR3l0075,5 卷,"四庫全書 文淵閣版, V1039.9, p637",1,葉紹翁,fl. 1184,宋,撰
skqs3.org,癸辛雜識,KR3l0076,6 卷,"四庫全書 文淵閣版, V1040.1, p1",1,周密,1232 - 1308,宋,撰
skqs3.org,隨隱漫錄,KR3l0077,5 卷,"四庫全書 文淵閣版, V1040.2, p165",1,陳世崇,fl. 1263 - 1281,宋,撰
skqs3.org,東南紀聞,KR3l0078,3 卷,"四庫全書 文淵閣版, V1040.3, p199",1,闕名,,元,撰
skqs3.org,歸潛志,KR3l0079,14 卷,"四庫全書 文淵閣版, V1040.4, p223",1,劉祁,1203 - 1250,元,撰
skqs3.org,山房隨筆,KR3l0080,1 卷,"四庫全書 文淵閣版, V1040.5, p331",1,蔣正子,,元,撰
skqs3.org,山居新話,KR3l0081,4 卷,"四庫全書 文淵閣版, V1040.6, p343",1,楊瑀,1285 - 1361,元,撰
skqs3.org,遂昌雜錄,KR3l0082,1 卷,"四庫全書 文淵閣版, V1040.7, p379",1,鄭元祐,1292 - 1364,元,撰
skqs3.org,樂郊私語,KR3l0082,1 卷,"四庫全書 文淵閣版, V1040.8, p397",1,姚桐壽,,元,撰
skqs3.org,輟耕錄,KR3l0084,30 卷,"四庫全書 文淵閣版, V1040.9, p409",1,陶宗儀,fl. 1360 - 1368,元,撰
skqs3.org,水東日記,KR3l0085,38 卷,"四庫全書 文淵閣版, V1041.1, p1",1,葉盛,1420 - 1474,明,撰
skqs3.org,菽園雜記,KR3l0086,15 卷,"四庫全書 文淵閣版, V1041.2, p231",1,陸容,1436 - 1494,明,撰
skqs3.org,先進遺風,KR3l0087,2 卷,"四庫全書 文淵閣版, V1041.3, p379",1,耿定向,1524 - 1596,明,撰
skqs3.org,先進遺風,KR3l0087,2 卷,"四庫全書 文淵閣版, V1041.3, p379",2,毛在,,明,增補
skqs3.org,觚不觚錄,KR3l0088,1 卷,"四庫全書 文淵閣版, V1041.4, p425",1,王世貞,1526 - 1590,明,撰
skqs3.org,語林,KR3l0089,30 卷,"四庫全書 文淵閣版, V1041.5, p441",1,何良俊,1526 - 1573,明,撰
skqs3.org,山海經,KR3l0090,18 卷,"四庫全書 文淵閣版, V1042.1, p1",1,郭璞,276 - 324,晉,注
skqs3.org,山海經廣注,KR3l0091,18 卷,"四庫全書 文淵閣版, V1042.2, p85",1,吳任臣,1628? - 1689?,清,注
skqs3.org,穆天子傳,KR3l0092,6 卷,"四庫全書 文淵閣版, V1042.3, p245",1,郭璞,276 - 324,晉,注
skqs3.org,神異經,KR3l0093,1 卷,"四庫全書 文淵閣版, V1042.4, p265",1,東方朔,-154 - -93,漢,撰
skqs3.org,神異經,KR3l0093,1 卷,"四庫全書 文淵閣版, V1042.4, p265",2,張華,,晉,註
skqs3.org,海內十洲記,KR3l0094,1 卷,"四庫全書 文淵閣版, V1042.5, p273",1,東方朔,-154 - -93,漢,撰
skqs3.org,漢武故事,KR3l0095,1 卷,"四庫全書 文淵閣版, V1042.6, p281",1,班固,32 - 92,漢,撰
skqs3.org,漢武帝內傳,KR3l0095,1 卷,"四庫全書 文淵閣版, V1042.7, p289",1,班固,32 - 92,漢,撰
skqs3.org,洞冥記,KR3l0097,4 卷,"四庫全書 文淵閣版, V1042.8, p299",1,郭憲,1014 - 1080,漢,撰
skqs3.org,拾遺記,KR3l0098,10 卷,"四庫全書 文淵閣版, V1042.9, p311",1,王嘉,d. -2,前晉,撰
skqs3.org,拾遺記,KR3l0098,10 卷,"四庫全書 文淵閣版, V1042.9, p311",2,蕭綺,,梁,輯編
skqs3.org,搜神記,KR3l0099,20 卷,"四庫全書 文淵閣版, V1042.10, p365",1,干寶,4th cent,晉,撰
skqs3.org,搜神後記,KR3l0100,10 卷,"四庫全書 文淵閣版, V1042.11, p469",1,陶潛,365 - 427,晉,撰
skqs3.org,異苑,KR3l0101,10 卷,"四庫全書 文淵閣版, V1042.12, p499",1,劉敬叔,,劉宋,撰
skqs3.org,續齊諧記,KR3l0102,1 卷,"四庫全書 文淵閣版, V1042.13, p553",1,吳均,469 - 520,梁,撰
skqs3.org,還冤記,KR3l0103,1 卷,"四庫全書 文淵閣版, V1042.14, p561",1,顏之推,531 - 591,隋,撰
skqs3.org,集異記,KR3l0104,1 卷,"四庫全書 文淵閣版, V1042.15, p573",1,薛用弱,,唐,撰
skqs3.org,博異記,KR3l0104,1 卷,"四庫全書 文淵閣版, V1042.16, p585",1,谷神子,,唐,撰
skqs3.org,杜陽雜編,KR3l0106,3 卷,"四庫全書 文淵閣版, V1042.17, p597",1,蘇鶚,,唐,撰
skqs3.org,前定錄,KR3l0107,1 卷,"四庫全書 文淵閣版, V1042.18, p625",1,鍾輅,,唐,撰
skqs3.org,桂苑叢談,KR3l0108,1 卷,"四庫全書 文淵閣版, V1042.19, p649",1,馮翊子,,唐,撰
skqs3.org,劇談錄,KR3l0109,2 卷,"四庫全書 文淵閣版, V1042.20, p661",1,康駢,,唐,撰
skqs3.org,宣室志,KR3l0110,10 卷,"四庫全書 文淵閣版, V1042.21, p697",1,張讀,,唐,撰
skqs3.org,唐闕史,KR3l0111,2 卷,"四庫全書 文淵閣版, V1042.22, p785",1,高彥休,,唐,撰
skqs3.org,甘澤謠,KR3l0112,1 卷,"四庫全書 文淵閣版, V1042.23, p823",1,袁郊,,唐,撰
skqs3.org,開天傳信記,KR3l0113,1 卷,"四庫全書 文淵閣版, V1042.24, p839",1,鄭綮,,唐,撰
skqs3.org,稽神錄,KR3l0114,6 卷,"四庫全書 文淵閣版, V1042.25, p849",1,徐鉉,916 - 991,宋,撰
skqs3.org,江淮異人錄,KR3l0115,2 卷,"四庫全書 文淵閣版, V1042.26, p901",1,吳淑,947 - 1002,宋,撰
skqs3.org,茅亭客話,KR3l0116,10 卷,"四庫全書 文淵閣版, V1042.27, p915",1,黃休復,fl. 1006,宋,撰
skqs3.org,太平廣記,KR3l0118,500 卷,"四庫全書 文淵閣版, V1043.1, p1 - V1046.1",1,李昉,925 - 996,宋,奉敕撰
skqs3.org,分門古今類事,KR3l0119,20 卷,"四庫全書 文淵閣版, V1047.1, p1",1,闕名,,宋,撰
skqs3.org,陶朱新錄,KR3l0120,1 卷,"四庫全書 文淵閣版, V1047.2, p197",1,馬純,fl. 1159 - 1163,宋,撰
skqs3.org,睽車志,KR3l0121,6 卷,"四庫全書 文淵閣版, V1047.3, p221",1,郭彖,,宋,撰
skqs3.org,夷堅志甲,KR3l0122,50 卷,"四庫全書 文淵閣版, V1047.4, p265",1,洪邁,1123 - 1202,宋,撰
skqs3.org,博物志,KR3l0123,10 卷,"四庫全書 文淵閣版, V1047.5, p573",1,張華,232 - 300,晉,撰
skqs3.org,述異記,KR3l0124,2 卷,"四庫全書 文淵閣版, V1047.6, p611",1,任昉,460 - 508,梁,撰
skqs3.org,西陽雜俎,KR3l0125,20 卷,"四庫全書 文淵閣版, V1047.7, p637",1,段成式,fl. 843,唐,撰
skqs3.org,清異錄,KR3l0127,2 卷,"四庫全書 文淵閣版, V1047.8, p837",1,陶穀,903 - 970,宋,撰
skqs3.org,續博物志,KR3l0128,10 卷,"四庫全書 文淵閣版, V1047.9, p931",1,李石,fl. 1162 - 1165,宋,撰
skqs3.org,弘明集,KR6r0137,14 卷,"四庫全書 文淵閣版, V1048.1, p1",1,釋僧祐,445 - 518,梁,撰
skqs3.org,廣弘明集,KR6r0138,30 卷,"四庫全書 文淵閣版, V1048.2, p219",1,釋道宣,596 - 667,唐,撰
skqs3.org,法苑珠林,KR6s0002,120 卷,"四庫全書 文淵閣版, V1049.1, p1 - V1050.1",1,釋道世,7th cent,唐,撰
skqs3.org,開元釋教錄,KR6s0093,20 卷,"四庫全書 文淵閣版, V1051.1, p1",1,釋智昇,,唐,撰
skqs3.org,宋高僧傳,KR6r0054,30 卷,"四庫全書 文淵閣版, V1052.1, p1",1,釋贊寧,918 - 999,唐,撰
skqs3.org,法藏碎金錄,KR4d0007,10 卷,"四庫全書 文淵閣版, V1052.2, p425",1,晁迥,,宋,撰
skqs3.org,道院集要,KR4d0008,3 卷,"四庫全書 文淵閣版, V1052.3, p611",1,晁迥,,宋,撰
skqs3.org,道院集要,KR4d0008,3 卷,"四庫全書 文淵閣版, V1052.3, p611",2,王古,,宋,編
skqs3.org,禪林僧寶傳,KR6q0040,30 卷,"四庫全書 文淵閣版, V1052.4, p639",1,釋惠洪,1071 - 1128,宋,撰
skqs3.org,禪林僧寶傳,KR6q0040,30 卷,"四庫全書 文淵閣版, V1052.4, p639",2,釋慶老,,宋,撰
skqs3.org,禪林僧寶傳,KR6q0040,30 卷,"四庫全書 文淵閣版, V1052.4, p639",3,釋惠洪,1071 - 1128,宋,撰
skqs3.org,林間錄,KR6r0157,2 卷,"四庫全書 文淵閣版, V1052.5, p791",1,釋惠洪,1071 - 1128,宋,撰
skqs3.org,羅湖野錄,KR6r0092,4 卷,"四庫全書 文淵閣版, V1052.6, p873",1,釋曉瑩,fl. 1155 - 1160,宋,撰
skqs3.org,五燈會元,KR6q0012,20 卷,"四庫全書 文淵閣版, V1053.1, p1",1,釋普濟,,宋,撰
skqs3.org,釋氏稽古略,KR6r0014,4 卷,"四庫全書 文淵閣版, V1054.1, p1",1,釋覺岸,fl. 1534,元,撰
skqs3.org,佛祖歷代通載,KR6r0013,22 卷,"四庫全書 文淵閣版, V1054.2, p221",1,釋念常,1282 - 1341,元,撰
skqs3.org,陰符經解,KR5a0114,1 卷,"四庫全書 文淵閣版, V1055.1, p1",1,黃帝,,,撰
skqs3.org,陰符經解,KR5a0114,1 卷,"四庫全書 文淵閣版, V1055.1, p1",2,李筌,,唐,註
skqs3.org,陰符經考異,KR5a0114,1 卷,"四庫全書 文淵閣版, V1055.2, p11",1,朱熹,1130 - 1200,宋,撰
skqs3.org,陰符經講義,KR5a0110,4 卷,"四庫全書 文淵閣版, V1055.3, p19",1,夏元鼎,fl. 1224,宋,撰
skqs3.org,老子道德經,KR5c0065,2 卷,"四庫全書 文淵閣版, V1055.4, p45",1,河上公,,漢,注
skqs3.org,道德指歸論,KR5c0078,6 卷,"四庫全書 文淵閣版, V1055.5, p75",1,嚴遵,-1st cent,漢,撰
skqs3.org,老子道德經,KR5c0073,2 卷,"四庫全書 文淵閣版, V1055.6, p137",1,王弼,226 - 249,魏,注
skqs3.org,老子解,KR5c0074,2 卷,"四庫全書 文淵閣版, V1055.7, p187",1,蘇轍,1039 - 1113,宋,撰
skqs3.org,道德寶章,KR5c0076,1 卷,"四庫全書 文淵閣版, V1055.8, p239",1,葛長庚,,宋,撰
skqs3.org,道德真經注,KR5c0091,4 卷,"四庫全書 文淵閣版, V1055.9, p257",1,吳澄,1249 - 1331,元,撰
skqs3.org,老子翼,KR5h0056,3 卷,"四庫全書 文淵閣版, V1055.10, p323",1,焦竑,1541 - 1620,明,撰
skqs3.org,御定道德經註,KR5c0384,2 卷,"四庫全書 文淵閣版, V1055.11, p445",1,世祖,1638 - 1661,清,註
skqs3.org,御定道德經註,KR5c0384,2 卷,"四庫全書 文淵閣版, V1055.11, p445",2,成克鞏,,清,纂
skqs3.org,老子說略,KR5c0385,2 卷,"四庫全書 文淵閣版, V1055.12, p481",1,張爾岐,1612 - 1678,清,撰
skqs3.org,道德經註,KR5c0077,2 卷,"四庫全書 文淵閣版, V1055.13, p519",1,徐大椿,1693 - 1771,清,撰
skqs3.org,關尹子,KR5c0048,1 卷,"四庫全書 文淵閣版, V1055.14, p551",1,尹喜,,周,撰
skqs3.org,列子,KR5c0125,8 卷,"四庫全書 文淵閣版, V1055.15, p573",1,列禦寇,-4th cent,周,撰
skqs3.org,列子,KR5c0125,8 卷,"四庫全書 文淵閣版, V1055.15, p573",2,張湛,,晉,註
skqs3.org,列子,KR5c0125,8 卷,"四庫全書 文淵閣版, V1055.15, p573",3,殷敬慎,,唐,釋文
skqs3.org,沖虛至德真經解,KR5c0121,8 卷,"四庫全書 文淵閣版, V1055.16, p651",1,江遹,,宋,撰
skqs3.org,莊子注,KR5c0138,10 卷,"四庫全書 文淵閣版, V1056.1, p1",1,郭象,d. 319,晉,注
skqs3.org,南華真經真傳,KR5c0136,19 卷,"四庫全書 文淵閣版, V1056.2, p169",1,王雱,d. 1076,宋,撰
skqs3.org,莊子口義,KR5c0128,10 卷,"四庫全書 文淵閣版, V1056.3, p355",1,林希逸,,宋,撰
skqs3.org,南華真經義海纂微,KR5c0127,106 卷,"四庫全書 文淵閣版, V1057.1, p1",1,褚伯秀,,宋,撰
skqs3.org,莊子翼,KR5h0057,8 卷,"四庫全書 文淵閣版, V1058.1, p1",1,焦竑,1541 - 1620,明,撰
skqs3.org,莊子翼,KR5h0057,8 卷,"四庫全書 文淵閣版, V1058.1, p1",2,陳景元,,宋,撰
skqs3.org,莊子翼,KR5h0057,8 卷,"四庫全書 文淵閣版, V1058.1, p1",3,焦竑,1541 - 1620,明,輯
skqs3.org,文子,KR5c0118,2 卷,"四庫全書 文淵閣版, V1058.2, p305",1,辛鈃,,周,撰
skqs3.org,文子纘義,KR5c0119,12 卷,"四庫全書 文淵閣版, V1058.3, p371",1,杜道堅,fl. 1264 - 1306,宋,撰
skqs3.org,列仙傳,KR5a0306,2 卷,"四庫全書 文淵閣版, V1058.4, p487",1,劉向,-77 - -6,漢,撰
skqs3.org,周易參同契通真義,KR5d0019,3 卷,"四庫全書 文淵閣版, V1058.5, p509",1,彭曉,,後蜀,撰
skqs3.org,周易參同契考異,KR5d0018,1 卷,"四庫全書 文淵閣版, V1058.6, p557",1,朱熹,1130 - 1200,宋,撰
skqs3.org,周易參同契解,KR5d0025,3 卷,"四庫全書 文淵閣版, V1058.7, p581",1,陳顯微,fl. 1254,宋,撰
skqs3.org,周易參同契發揮,KR5d0024,3 卷,"四庫全書 文淵閣版, V1058.8, p625",1,俞琰,1258 - 1314,宋,撰
skqs3.org,周易參同契分章註,KR5d0023,3 卷,"四庫全書 文淵閣版, V1058.9, p749",1,陳致虛,,元,撰
skqs3.org,古文參同契集解,KR5d0026,3 卷,"四庫全書 文淵閣版, V1058.10, p811",1,蔣一彪,fl. 1614,明,撰
skqs3.org,抱朴子內外篇,KR5f0019,8 卷,"四庫全書 文淵閣版, V1059.1, p1",1,葛洪,ca. 250 - ca. 330,晉,撰
skqs3.org,神仙傳,KR5c0317,10 卷,"四庫全書 文淵閣版, V1059.2, p253",1,葛洪,ca. 250 - ca. 330,晉,撰
skqs3.org,真誥,KR5d0036,20 卷,"四庫全書 文淵閣版, V1059.3, p313",1,陶弘景,456 - 536,梁,撰
skqs3.org,亢倉子,KR5d0037,1 卷,"四庫全書 文淵閣版, V1059.4, p509",1,王士源,,唐,撰
skqs3.org,亢倉子注,KR5d0037,9 卷,"四庫全書 文淵閣版, V1059.5, p527",1,何粲,,唐,撰
skqs3.org,亢倉子注,KR5d0037,9 卷,"四庫全書 文淵閣版, V1059.5, p527",2,黃諫,,明,音釋
skqs3.org,玄真子,KR5d0052,1 卷,"四庫全書 文淵閣版, V1059.6, p549",1,張志和,8th cent,唐,撰
skqs3.org,无能子,KR5d0051,3 卷,"四庫全書 文淵閣版, V1059.7, p567",1,闕名,,唐,撰
skqs3.org,續仙傳,KR5a0307,3 卷,"四庫全書 文淵閣版, V1059.8, p583",1,沈汾,10th cent,南唐,撰
skqs3.org,雲笈七籤,KR5d0055,122 卷,"四庫全書 文淵閣版, V1060.1, p1 - V1061.1",1,張君房,fl. 1004,宋,撰
skqs3.org,悟真篇註疏,KR5a0142,3 卷,"四庫全書 文淵閣版, V1061.2, p429",1,張伯端,ca. 980 - ca. 1078,宋,撰
skqs3.org,悟真篇註疏,KR5a0142,3 卷,"四庫全書 文淵閣版, V1061.2, p429",2,翁葆光,,宋,註
skqs3.org,悟真篇註疏,KR5a0142,3 卷,"四庫全書 文淵閣版, V1061.2, p429",3,戴起宗,,元,疏
skqs3.org,悟真篇註疏,KR5a0142,3 卷,"四庫全書 文淵閣版, V1061.2, p429",4,翁葆光,,宋,撰
skqs3.org,古文龍虎經註疏,KR5d0013,3 卷,"四庫全書 文淵閣版, V1061.3, p535",1,王道,1487 - 1547,宋,撰
skqs3.org,易外別傳,KR5d0028,1 卷,"四庫全書 文淵閣版, V1061.4, p577",1,俞琰,1258 - 1314,宋,撰
skqs3.org,席上腐談,KR5d0029,2 卷,"四庫全書 文淵閣版, V1061.5, p597",1,俞琰,1258 - 1314,宋,撰
skqs3.org,道藏目錄詳註,KR5g0239,4 卷,"四庫全書 文淵閣版, V1061.6, p627",1,白雲齋,,明,撰
skqs4.org,楚辭章句,KR4a0002,17 卷,"四庫全書 文淵閣版, V1062.1, p1",1,王逸,fl. 89 - 158,漢,撰
skqs4.org,楚詞補注,KR4a0003,17 卷,"四庫全書 文淵閣版, V1062.2, p115",1,洪興祖,1090 - 1155,宋,撰
skqs4.org,楚辭集注,KR4a0004,8 卷,"四庫全書 文淵閣版, V1062.3, p299",1,朱熹,1130 - 1200,宋,撰
skqs4.org,離騷草木疏,KR4a0005,4 卷,"四庫全書 文淵閣版, V1062.4, p455",1,吳仁傑,b. 1137,宋,撰
skqs4.org,欽定補繪蕭雲從離騷全圖,KR4a0006,3 卷,"四庫全書 文淵閣版, V1062.5, p495",1,蕭雲從,,清,原圖
skqs4.org,山帶閣註楚辭,KR4a0007,6 卷,"四庫全書 文淵閣版, V1062.6, p601",1,蔣驥,fl. 1707 - 1727,清,撰
skqs4.org,揚子雲集,KR4b0001,6 卷,"四庫全書 文淵閣版, V1063.1, p1",1,揚雄,-53 - 18,漢,撰
skqs4.org,揚子雲集,KR4b0001,6 卷,"四庫全書 文淵閣版, V1063.1, p1",2,鄭樸,,明,編
skqs4.org,蔡中郎集,KR4b0002,6 卷,"四庫全書 文淵閣版, V1063.2, p137",1,蔡邕,133 - 192,漢,撰
skqs4.org,孔北海集,KR4b0003,1 卷,"四庫全書 文淵閣版, V1063.3, p231",1,孔融,153 - 208,漢,撰
skqs4.org,曹子建集,KR4b0004,10 卷,"四庫全書 文淵閣版, V1063.4, p263",1,曹植,192 - 232,魏,撰
skqs4.org,嵇中散集,KR4b0005,10 卷,"四庫全書 文淵閣版, V1063.5, p329",1,嵇康,223 - 262,魏,撰
skqs4.org,陸士龍集,KR4b0007,10 卷,"四庫全書 文淵閣版, V1063.6, p389",1,陸雲,262 - 303,晉,撰
skqs4.org,陶淵明集,KR4b0008,8 卷,"四庫全書 文淵閣版, V1063.7, p467",1,陶潛,365 - 427,晉,撰
skqs4.org,璇璣圖詩讀法,KR4b0010,2 卷,"四庫全書 文淵閣版, V1063.8, p529",1,康萬民,,明,撰
skqs4.org,鮑明遠集,KR4b0011,10 卷,"四庫全書 文淵閣版, V1063.9, p563",1,鮑照,405 - 466,劉宋,撰
skqs4.org,謝宣域集,KR4b0012,5 卷,"四庫全書 文淵閣版, V1063.10, p611",1,謝眺,464 - 494,南齊,撰
skqs4.org,昭明太子集,KR4b0013,6 卷,"四庫全書 文淵閣版, V1063.11, p647",1,蕭統,501 - 531,梁,撰
skqs4.org,何水部集,KR4b0014,1 卷,"四庫全書 文淵閣版, V1063.12, p691",1,何遜,,梁,撰
skqs4.org,江文通集,KR4b0015,4 卷,"四庫全書 文淵閣版, V1063.13, p713",1,江淹,444 - 505,梁,撰
skqs4.org,江文通集,KR4b0015,4 卷,"四庫全書 文淵閣版, V1063.13, p713",2,梁賓,,清,編
skqs4.org,庾開府集箋註,KR4b0017,10 卷,"四庫全書 文淵閣版, V1064.1, p1",1,庾信,513 - 581,北周,撰
skqs4.org,庾開府集箋註,KR4b0017,10 卷,"四庫全書 文淵閣版, V1064.1, p1",2,吳兆宜,,清,註
skqs4.org,庾子山集,KR4b0018,16 卷,"四庫全書 文淵閣版, V1064.2, p297",1,庾信,513 - 581,北周,撰
skqs4.org,庾子山集,KR4b0018,16 卷,"四庫全書 文淵閣版, V1064.2, p297",2,倪璠,,清,纂註
skqs4.org,徐孝穆集箋注,KR4b0019,6 卷,"四庫全書 文淵閣版, V1064.3, p791",1,徐陵,507 - 583,陳,撰
skqs4.org,徐孝穆集箋注,KR4b0019,6 卷,"四庫全書 文淵閣版, V1064.3, p791",2,吳兆宜,,清,註
skqs4.org,徐孝穆集箋注,KR4b0019,6 卷,"四庫全書 文淵閣版, V1064.3, p791",3,姚思廉,,唐,撰
skqs4.org,徐孝穆集箋注,KR4b0019,6 卷,"四庫全書 文淵閣版, V1064.3, p791",4,徐文炳,,清,注
skqs4.org,東臯子集,KR4c0001,3 卷,"四庫全書 文淵閣版, V1065.1, p1",1,王績,d. 644,唐,撰
skqs4.org,寒山詩集,KR4c0002,1 卷,"四庫全書 文淵閣版, V1065.2, p29",1,釋寒山,,唐,撰
skqs4.org,寒山詩集,KR4c0002,1 卷,"四庫全書 文淵閣版, V1065.2, p29",2,釋豐干,,唐,撰
skqs4.org,寒山詩集,KR4c0002,1 卷,"四庫全書 文淵閣版, V1065.2, p29",3,釋拾得,,唐,撰
skqs4.org,王子安集,KR4c0003,16 卷,"四庫全書 文淵閣版, V1065.3, p61",1,王勃,648 - 675,唐,撰
skqs4.org,王子安集,KR4c0003,16 卷,"四庫全書 文淵閣版, V1065.3, p61",2,張燮,,明,輯編
skqs4.org,盈川集,KR4c0004,10 卷,"四庫全書 文淵閣版, V1065.4, p187",1,楊炯,d. 692,唐,撰
skqs4.org,盈川集,KR4c0004,10 卷,"四庫全書 文淵閣版, V1065.4, p187",2,童佩,,明,輯編
skqs4.org,盧昇之集,KR4c0005,7 卷,"四庫全書 文淵閣版, V1065.5, p293",1,盧照鄰,ca. 641 - ca. 680,唐,撰
skqs4.org,駱丞集,KR4c0006,4 卷,"四庫全書 文淵閣版, V1065.6, p341",1,駱賓王,d. 684,唐,撰
skqs4.org,駱丞集,KR4c0006,4 卷,"四庫全書 文淵閣版, V1065.6, p341",2,顏文選,,明,註
skqs4.org,陳拾遺集,KR4c0008,10 卷,"四庫全書 文淵閣版, V1065.7, p527",1,陳子昂,656 - 695,唐,撰
skqs4.org,張燕公集,KR4c0009,25 卷,"四庫全書 文淵閣版, V1065.8, p661",1,張說,667 - 730,唐,撰
skqs4.org,李北海集,KR4c0010,6 卷,"四庫全書 文淵閣版, V1066.1, p1",1,李邕,678 - 747,唐,撰
skqs4.org,曲江集,KR4c0011,20 卷,"四庫全書 文淵閣版, V1066.2, p57",1,張九齡,678 - 740,唐,撰
skqs4.org,李太白文集,KR4c0012,30 卷,"四庫全書 文淵閣版, V1066.3, p219",1,李白,705 - 762,唐,撰
skqs4.org,李太白集分類補註,KR4c0013,30 卷,"四庫全書 文淵閣版, V1066.4, p437",1,李白,705 - 762,唐,撰
skqs4.org,李太白集分類補註,KR4c0013,30 卷,"四庫全書 文淵閣版, V1066.4, p437",2,楊齊賢,,宋,集註
skqs4.org,李太白集分類補註,KR4c0013,30 卷,"四庫全書 文淵閣版, V1066.4, p437",3,蕭士贇,,元,刪補
skqs4.org,李太白集注,KR4c0014,36 卷,"四庫全書 文淵閣版, V1067.1, p1",1,李白,705 - 762,唐,撰
skqs4.org,李太白集注,KR4c0014,36 卷,"四庫全書 文淵閣版, V1067.1, p1",2,王琦,fl. 1760,清,注
skqs4.org,九家集注杜詩,KR4c0015,36 卷,"四庫全書 文淵閣版, V1068.1, p1",1,杜甫,712 - 770,唐,撰
skqs4.org,九家集注杜詩,KR4c0015,36 卷,"四庫全書 文淵閣版, V1068.1, p1",2,郭知達,,宋,集注
skqs4.org,補注杜詩,KR4c0017,36 卷,"四庫全書 文淵閣版, V1069.1, p1",1,杜甫,712 - 770,唐,撰
skqs4.org,補注杜詩,KR4c0017,36 卷,"四庫全書 文淵閣版, V1069.1, p1",2,黃希,,宋,原注
skqs4.org,補注杜詩,KR4c0017,36 卷,"四庫全書 文淵閣版, V1069.1, p1",3,黃鶴,,宋,補注
skqs4.org,集千家註杜工部詩集,KR4c0018,20 卷,"四庫全書 文淵閣版, V1069.2, p663",1,杜甫,712 - 770,唐,撰
skqs4.org,集千家註杜工部詩集,KR4c0018,20 卷,"四庫全書 文淵閣版, V1069.2, p663",2,高楚芳,,元,編
skqs4.org,杜詩攟,KR4c0019,4 卷,"四庫全書 文淵閣版, V1070.1, p1",1,唐元竑,1590 - 1647,明,撰
skqs4.org,杜詩詳註,KR4c0020,25 卷,"四庫全書 文淵閣版, V1070.2, p91",1,仇兆鰲,1638 - 1717,清,撰
skqs4.org,王右丞集箋注,KR4c0022,28 卷,"四庫全書 文淵閣版, V1071.1, p1",1,王維,669 - 759,唐,撰
skqs4.org,王右丞集箋注,KR4c0022,28 卷,"四庫全書 文淵閣版, V1071.1, p1",2,趙殿成,,清,箋注
skqs4.org,高常侍集,KR4c0023,10 卷,"四庫全書 文淵閣版, V1071.2, p373",1,高適,d. 765,唐,撰
skqs4.org,常建詩,KR4c0024,3 卷,"四庫全書 文淵閣版, V1071.3, p425",1,常建,,唐,撰
skqs4.org,孟浩然集,KR4c0025,4 卷,"四庫全書 文淵閣版, V1071.4, p437",1,孟浩然,689 - 740,唐,撰
skqs4.org,唐儲光羲詩集,KR4c0026,5 卷,"四庫全書 文淵閣版, V1071.5, p471",1,儲光羲,,唐,撰
skqs4.org,次山集,KR4c0027,12 卷,"四庫全書 文淵閣版, V1071.6, p509",1,元結,723 - 772,唐,撰
skqs4.org,顏魯公集,KR4c0028,15 卷,"四庫全書 文淵閣版, V1071.7, p585",1,顏真卿,709 - 785,唐,撰
skqs4.org,顏魯公集,KR4c0028,15 卷,"四庫全書 文淵閣版, V1071.7, p585",2,宋敏求,,宋,編
skqs4.org,顏魯公集,KR4c0028,15 卷,"四庫全書 文淵閣版, V1071.7, p585",3,留元剛,,宋,編
skqs4.org,顏魯公集,KR4c0028,15 卷,"四庫全書 文淵閣版, V1071.7, p585",4,因亮,,唐,撰
skqs4.org,顏魯公集,KR4c0028,15 卷,"四庫全書 文淵閣版, V1071.7, p585",5,令狐峘,,唐,撰
skqs4.org,宗玄集,KR4c0030,3 卷,"四庫全書 文淵閣版, V1071.8, p723",1,吳筠,d. 778,唐,撰
skqs4.org,宗玄集,KR4c0030,3 卷,"四庫全書 文淵閣版, V1071.8, p723",2,權德輿,,唐,撰
skqs4.org,杼山集,KR4c0031,10 卷,"四庫全書 文淵閣版, V1071.9, p775",1,釋皎然,,唐,撰
skqs4.org,劉隨州集,KR4c0032,11 卷,"四庫全書 文淵閣版, V1072.1, p1",1,劉長卿,,唐,撰
skqs4.org,韋蘇州集,KR4c0033,10 卷,"四庫全書 文淵閣版, V1072.2, p77",1,韋應物,b. 737,唐,撰
skqs4.org,毗陵集,KR4c0034,20 卷,"四庫全書 文淵閣版, V1072.3, p159",1,獨孤及,715 - 767,唐,撰
skqs4.org,毗陵集,KR4c0034,20 卷,"四庫全書 文淵閣版, V1072.3, p159",2,梁肅,,唐,編
skqs4.org,毗陵集,KR4c0034,20 卷,"四庫全書 文淵閣版, V1072.3, p159",3,崔祐甫,,唐,撰
skqs4.org,蕭茂挺文集,KR4c0035,1 卷,"四庫全書 文淵閣版, V1072.4, p317",1,蕭穎士,,唐,撰
skqs4.org,李遐叔文集,KR4c0036,4 卷,"四庫全書 文淵閣版, V1072.5, p345",1,李華,,唐,撰
skqs4.org,錢仲文集,KR4c0037,10 卷,"四庫全書 文淵閣版, V1072.6, p441",1,錢起,fl. 755 - 766,唐,撰
skqs4.org,華陽集,KR4c0038,3 卷,"四庫全書 文淵閣版, V1072.7, p503",1,顧況,,唐,撰
skqs4.org,華陽集,KR4c0038,3 卷,"四庫全書 文淵閣版, V1072.7, p503",2,顧名端,,明,輯
skqs4.org,華陽集,KR4c0038,3 卷,"四庫全書 文淵閣版, V1072.7, p503",3,顧非熊,,唐,撰
skqs4.org,翰苑集,KR4c0039,22 卷,"四庫全書 文淵閣版, V1072.8, p565",1,陸贄,754 - 805,唐,撰
skqs4.org,權文公集,KR4c0040,10 卷,"四庫全書 文淵閣版, V1072.9, p797",1,權德輿,759 - 818,唐,撰
skqs4.org,韓集舉正,KR4c0042,10 卷,"四庫全書 文淵閣版, V1073.1, p1",1,方崧卿,1135 - 1195,宋,撰
skqs4.org,原本韓集考異,KR4c0043,10 卷,"四庫全書 文淵閣版, V1073.2, p127",1,朱熹,1130 - 1200,宋,傳
skqs4.org,原本韓集考異,KR4c0043,10 卷,"四庫全書 文淵閣版, V1073.2, p127",2,張洽,,宋,校補
skqs4.org,別本韓文考異,KR4c0044,40 卷,"四庫全書 文淵閣版, V1073.3, p261",1,韓愈,,唐,撰
skqs4.org,別本韓文考異,KR4c0044,40 卷,"四庫全書 文淵閣版, V1073.3, p261",2,朱熹,1130 - 1200,宋,考異
skqs4.org,別本韓文考異,KR4c0044,40 卷,"四庫全書 文淵閣版, V1073.3, p261",3,王伯大,,宋,重編
skqs4.org,五百家注昌黎文集,KR4c0045,40 卷,"四庫全書 文淵閣版, V1074.1, p1",1,韓愈,,唐,撰
skqs4.org,五百家注昌黎文集,KR4c0045,40 卷,"四庫全書 文淵閣版, V1074.1, p1",2,魏仲舉,,宋,編
skqs4.org,東雅堂昌黎集註,KR4c0046,40 卷,"四庫全書 文淵閣版, V1075.1, p1",1,韓愈,,唐,撰
skqs4.org,東雅堂昌黎集註,KR4c0046,40 卷,"四庫全書 文淵閣版, V1075.1, p1",2,李漢,,唐,編
skqs4.org,東雅堂昌黎集註,KR4c0046,40 卷,"四庫全書 文淵閣版, V1075.1, p1",3,廖瑩中,,宋,集註
skqs4.org,韓集點勘,KR4c0047,4 卷,"四庫全書 文淵閣版, V1075.2, p533",1,陳景雲,1670 - 1747,清,撰
skqs4.org,韓集點勘,KR4c0047,4 卷,"四庫全書 文淵閣版, V1075.2, p533",2,王峻,,清,撰
skqs4.org,韓集點勘,KR4c0047,4 卷,"四庫全書 文淵閣版, V1075.2, p533",3,沈廷芳,,清,撰
skqs4.org,柳河東集,KR4c0048,45 卷,"四庫全書 文淵閣版, V1076.1, p1",1,柳宗元,733 - 819,唐,撰
skqs4.org,柳河東集,KR4c0048,45 卷,"四庫全書 文淵閣版, V1076.1, p1",2,韓醇,,宋,詁訓
skqs4.org,柳河東集注,KR4c0049,43 卷,"四庫全書 文淵閣版, V1076.2, p469",1,柳宗元,733 - 819,唐,撰
skqs4.org,柳河東集注,KR4c0049,43 卷,"四庫全書 文淵閣版, V1076.2, p469",2,童宗說,,宋,註釋
skqs4.org,柳河東集注,KR4c0049,43 卷,"四庫全書 文淵閣版, V1076.2, p469",3,張敦頤,,宋,音辨
skqs4.org,柳河東集注,KR4c0049,43 卷,"四庫全書 文淵閣版, V1076.2, p469",4,潘緯,,宋,音義
skqs4.org,五百家註柳先生集,KR4c0050,21 卷,"四庫全書 文淵閣版, V1077.1, p1",1,柳宗元,733 - 819,唐,撰
skqs4.org,五百家註柳先生集,KR4c0050,21 卷,"四庫全書 文淵閣版, V1077.1, p1",2,魏仲舉,,宋,編
skqs4.org,五百家註柳先生集,KR4c0050,21 卷,"四庫全書 文淵閣版, V1077.1, p1",3,文安禮,,宋,撰
skqs4.org,劉賓客文集,KR4c0051,30 卷,"四庫全書 文淵閣版, V1077.2, p323",1,劉禹錫,772 - 842,唐,撰
skqs4.org,劉賓客文集,KR4c0051,30 卷,"四庫全書 文淵閣版, V1077.2, p323",2,宋敏求,,宋,輯補
skqs4.org,呂衡州集,KR4c0052,10 卷,"四庫全書 文淵閣版, V1077.3, p595",1,呂溫,774 - 813,唐,撰
skqs4.org,張司業集,KR4c0053,8 卷,"四庫全書 文淵閣版, V1078.1, p1",1,張籍,ca. 765 - ca. 830,唐,撰
skqs4.org,皇甫持正集,KR4c0054,6 卷,"四庫全書 文淵閣版, V1078.2, p63",1,皇甫湜,,唐,撰
skqs4.org,李文公集,KR4c0055,18 卷,"四庫全書 文淵閣版, V1078.3, p101",1,李翱,,唐,撰
skqs4.org,歐陽行周文集,KR4c0056,10 卷,"四庫全書 文淵閣版, V1078.4, p195",1,歐陽詹,,唐,撰
skqs4.org,李元賓文編,KR4c0057,3 卷,"四庫全書 文淵閣版, V1078.5, p265",1,李觀,766 - 794,唐,撰
skqs4.org,李元賓文編,KR4c0057,3 卷,"四庫全書 文淵閣版, V1078.5, p265",2,陸希聲,,唐,編
skqs4.org,李元賓文編,KR4c0057,3 卷,"四庫全書 文淵閣版, V1078.5, p265",3,趙昂,,宋,編
skqs4.org,孟東野詩集,KR4c0058,10 卷,"四庫全書 文淵閣版, V1078.6, p311",1,孟郊,766 - 794,唐,撰
skqs4.org,孟東野詩集,KR4c0058,10 卷,"四庫全書 文淵閣版, V1078.6, p311",2,宋敏求,,宋,編
skqs4.org,長江集,KR4c0059,10 卷,"四庫全書 文淵閣版, V1078.7, p389",1,賈島,788 - 843,唐,撰
skqs4.org,昌谷集,KR4c0060,4 卷,"四庫全書 文淵閣版, V1078.8, p437",1,李賀,790 - 816,唐,撰
skqs4.org,昌谷集,KR4c0060,4 卷,"四庫全書 文淵閣版, V1078.8, p437",2,李商隱,,唐,撰
skqs4.org,箋註評點李長吉歌詩,KR4c0062,4 卷,"四庫全書 文淵閣版, V1078.9, p481",1,李賀,790 - 816,唐,撰
skqs4.org,箋註評點李長吉歌詩,KR4c0062,4 卷,"四庫全書 文淵閣版, V1078.9, p481",2,吳正子,,宋,箋註
skqs4.org,箋註評點李長吉歌詩,KR4c0062,4 卷,"四庫全書 文淵閣版, V1078.9, p481",3,劉辰翁,,宋,評點
skqs4.org,絳守居園池記,KR4c0063,1 卷,"四庫全書 文淵閣版, V1078.10, p555",1,樊宗師,fl. 820,唐,撰
skqs4.org,絳守居園池記,KR4c0063,1 卷,"四庫全書 文淵閣版, V1078.10, p555",2,趙仁舉,,元,注
skqs4.org,絳守居園池記,KR4c0063,1 卷,"四庫全書 文淵閣版, V1078.10, p555",3,吳師道,,元,補正
skqs4.org,絳守居園池記,KR4c0063,1 卷,"四庫全書 文淵閣版, V1078.10, p555",4,許謙,,元,補正
skqs4.org,王司馬集,KR4c0064,8 卷,"四庫全書 文淵閣版, V1078.11, p577",1,王建,,唐,撰
skqs4.org,沈下賢集,KR4c0065,12 卷,"四庫全書 文淵閣版, V1079.1, p1",1,沈亞之,,唐,撰
skqs4.org,追昔遊集,KR4c0066,3 卷,"四庫全書 文淵閣版, V1079.2, p79",1,李紳,d. 846,唐,撰
skqs4.org,會昌一品集,KR4c0067,20 卷,"四庫全書 文淵閣版, V1079.3, p107",1,李德裕,787 - 849,唐,撰
skqs4.org,元氏長慶集,KR4c0068,60 卷,"四庫全書 文淵閣版, V1079.4, p347",1,元禛,779 - 831,唐,撰
skqs4.org,白氏長慶集,KR4c0069,71 卷,"四庫全書 文淵閣版, V1080.1, p1",1,白居易,772 - 846,唐,撰
skqs4.org,白香山詩集,KR4c0070,40 卷,"四庫全書 文淵閣版, V1081.1, p1",1,白居易,772 - 846,唐,撰
skqs4.org,白香山詩集,KR4c0070,40 卷,"四庫全書 文淵閣版, V1081.1, p1",2,汪立名,,清,編注
skqs4.org,白香山詩集,KR4c0070,40 卷,"四庫全書 文淵閣版, V1081.1, p1",3,汪立名,,清,撰
skqs4.org,白香山詩集,KR4c0070,40 卷,"四庫全書 文淵閣版, V1081.1, p1",4,陳振孫,,宋,撰
skqs4.org,鮑溶詩集,KR4c0071,6 卷,"四庫全書 文淵閣版, V1081.2, p531",1,鮑溶,,唐,撰
skqs4.org,樊川集,KR4c0072,17 卷,"四庫全書 文淵閣版, V1081.3, p561",1,杜牧,803 - 852,唐,撰
skqs4.org,姚少監詩集,KR4c0073,10 卷,"四庫全書 文淵閣版, V1081.4, p695",1,姚合,,唐,撰
skqs4.org,李義山詩集,KR4c0074,3 卷,"四庫全書 文淵閣版, V1082.1, p1",1,李商隱,813 - 858,唐,撰
skqs4.org,李義山詩集注,KR4c0075,3 卷,"四庫全書 文淵閣版, V1082.2, p79",1,李商隱,813 - 858,唐,撰
skqs4.org,李義山詩集注,KR4c0075,3 卷,"四庫全書 文淵閣版, V1082.2, p79",2,朱鶴齡,1606 - 1683,清,注
skqs4.org,李義山文集箋註,KR4c0076,10 卷,"四庫全書 文淵閣版, V1082.3, p237",1,李商隱,813 - 858,唐,撰
skqs4.org,李義山文集箋註,KR4c0076,10 卷,"四庫全書 文淵閣版, V1082.3, p237",2,徐樹穀,,清,箋
skqs4.org,李義山文集箋註,KR4c0076,10 卷,"四庫全書 文淵閣版, V1082.3, p237",3,徐炯,,清,註
skqs4.org,溫飛卿詩集箋注,KR4c0078,9 卷,"四庫全書 文淵閣版, V1082.4, p447",1,溫庭筠,fl. 859 - 866,唐,撰
skqs4.org,溫飛卿詩集箋注,KR4c0078,9 卷,"四庫全書 文淵閣版, V1082.4, p447",2,曾益,,明,註
skqs4.org,溫飛卿詩集箋注,KR4c0078,9 卷,"四庫全書 文淵閣版, V1082.4, p447",3,顧予咸,,清,補注
skqs4.org,溫飛卿詩集箋注,KR4c0078,9 卷,"四庫全書 文淵閣版, V1082.4, p447",4,顧嗣立,,清,重訂
skqs4.org,丁卯詩集,KR4c0079,2 卷,"四庫全書 文淵閣版, V1082.5, p555",1,許渾,,唐,撰
skqs4.org,文泉子集,KR4c0080,6 卷,"四庫全書 文淵閣版, V1082.6, p619",1,劉蛻,,唐,撰
skqs4.org,李羣玉詩集,KR4c0081,3 卷,"四庫全書 文淵閣版, V1083.1, p1",1,李羣玉,fl. 847,唐,撰
skqs4.org,黎嶽集,KR4c0082,1 卷,"四庫全書 文淵閣版, V1083.2, p39",1,李頻,,唐,撰
skqs4.org,孫可之集,KR4c0083,10 卷,"四庫全書 文淵閣版, V1083.3, p63",1,孫樵,,唐,撰
skqs4.org,麟角集,KR4c0084,1 卷,"四庫全書 文淵閣版, V1083.4, p95",1,王棨,,唐,撰
skqs4.org,麟角集,KR4c0084,1 卷,"四庫全書 文淵閣版, V1083.4, p95",2,王蘋,,宋,輯錄
skqs4.org,曹祠部集,KR4c0085,1 卷,"四庫全書 文淵閣版, V1083.5, p127",1,曹鄴,,唐,撰
skqs4.org,曹祠部集,KR4c0085,1 卷,"四庫全書 文淵閣版, V1083.5, p127",2,蔣冕,,明,輯
skqs4.org,曹祠部集,KR4c0085,1 卷,"四庫全書 文淵閣版, V1083.5, p127",3,曹唐,,唐,撰
skqs4.org,文藪,KR4c0088,10 卷,"四庫全書 文淵閣版, V1083.6, p153",1,皮日休,d. 880,唐,撰
skqs4.org,笠澤藂書,KR4c0089,4 卷,"四庫全書 文淵閣版, V1083.7, p229",1,陸龜蒙,d. 881,唐,撰
skqs4.org,甫里集,KR4c0090,19 卷,"四庫全書 文淵閣版, V1083.8, p279",1,陸龜蒙,d. 881,唐,撰
skqs4.org,詠史詩,KR4c0091,2 卷,"四庫全書 文淵閣版, V1083.9, p417",1,胡曾,9th cent,唐,撰
skqs4.org,雲臺編,KR4c0094,3 卷,"四庫全書 文淵閣版, V1083.10, p449",1,鄭谷,ca. 896,唐,撰
skqs4.org,司空表聖文集,KR4c0095,10 卷,"四庫全書 文淵閣版, V1083.11, p487",1,司空圖,837 - 908,唐,撰
skqs4.org,韓內韓別集,KR4c0098,1 卷,"四庫全書 文淵閣版, V1083.12, p547",1,韓偓,844 - 923,唐,撰
skqs4.org,唐風集,KR4c0099,3 卷,"四庫全書 文淵閣版, V1083.13, p583",1,杜荀鶴,846 - 904,唐,撰
skqs4.org,唐英歌詩,KR4c0102,3 卷,"四庫全書 文淵閣版, V1084.1, p1",1,吳融,846 - 904,唐,撰
skqs4.org,玄英集,KR4c0104,8 卷,"四庫全書 文淵閣版, V1084.2, p43",1,方干,,唐,撰
skqs4.org,黃御史集,KR4c0105,8 卷,"四庫全書 文淵閣版, V1084.3, p87",1,黃滔,,唐,撰
skqs4.org,羅昭諫集,KR4c0106,8 卷,"四庫全書 文淵閣版, V1084.4, p191",1,羅隱,833 - 909,唐,撰
skqs4.org,徐正字詩賦,KR4c0107,2 卷,"四庫全書 文淵閣版, V1084.5, p287",1,徐寅,,唐,撰
skqs4.org,白蓮集,KR4c0109,10 卷,"四庫全書 文淵閣版, V1084.6, p327",1,釋齊己,,唐,撰
skqs4.org,禪月集,KR4c0110,25 卷,"四庫全書 文淵閣版, V1084.7, p423",1,釋貫休,fl. 832 - 912,唐,撰
skqs4.org,浣花集,KR4c0111,10 卷,"四庫全書 文淵閣版, V1084.8, p531",1,韋莊,836 - 910,唐,撰
skqs4.org,浣花集,KR4c0111,10 卷,"四庫全書 文淵閣版, V1084.8, p531",2,韋藹,,唐,編
skqs4.org,廣成集,KR4c0112,12 卷,"四庫全書 文淵閣版, V1084.9, p585",1,杜光庭,850 - 933,後蜀,撰
skqs4.org,騎省集,KR4d0001,30 卷,"四庫全書 文淵閣版, V1085.1, p1",1,徐鉉,916 - 991,宋,撰
skqs4.org,騎省集,KR4d0001,30 卷,"四庫全書 文淵閣版, V1085.1, p1",2,吳淑,,宋,編
skqs4.org,河東集,KR4d0002,15 卷,"四庫全書 文淵閣版, V1085.2, p237",1,柳開,d. 995,宋,撰
skqs4.org,河東集,KR4d0002,15 卷,"四庫全書 文淵閣版, V1085.2, p237",2,張景,,宋,編
skqs4.org,咸平集,KR4d0003,30 卷,"四庫全書 文淵閣版, V1085.3, p353",1,田錫,940 - 1003,宋,撰
skqs4.org,咸平集,KR4d0003,30 卷,"四庫全書 文淵閣版, V1085.3, p353",2,范仲淹,,宋,撰
skqs4.org,咸平集,KR4d0003,30 卷,"四庫全書 文淵閣版, V1085.3, p353",3,司馬光,,宋,撰
skqs4.org,逍遙集,KR4d0004,1 卷,"四庫全書 文淵閣版, V1085.4, p565",1,潘閬,,宋,撰
skqs4.org,乖崖集,KR4d0005,12 卷,"四庫全書 文淵閣版, V1085.5, p575",1,張詠,946 - 1015,宋,撰
skqs4.org,忠愍集,KR4d0006,3 卷,"四庫全書 文淵閣版, V1085.6, p667",1,寇準,961 - 1023,宋,撰
skqs4.org,忠愍集,KR4d0006,3 卷,"四庫全書 文淵閣版, V1085.6, p667",2,范雍,,宋,編
skqs4.org,小畜集,KR4d0009,30 卷,"四庫全書 文淵閣版, V1086.1, p1",1,王禹偁,954 - 1001,宋,撰
skqs4.org,南陽集,KR4d0011,5 卷,"四庫全書 文淵閣版, V1086.2, p303",1,趙湘,,宋,撰
skqs4.org,武夷新集,KR4d0012,20 卷,"四庫全書 文淵閣版, V1086.3, p351",1,楊億,974 - 1020,宋,撰
skqs4.org,林和靖集,KR4d0013,4 卷,"四庫全書 文淵閣版, V1086.4, p615",1,林逋,967 - 1028,宋,撰
skqs4.org,穆參軍集,KR4d0014,3 卷,"四庫全書 文淵閣版, V1087.1, p1",1,穆修,979 - 1032,宋,撰
skqs4.org,元獻遺文,KR4d0016,1 卷,"四庫全書 文淵閣版, V1087.2, p31",1,晏殊,991 - 1055,宋,撰
skqs4.org,元獻遺文,KR4d0016,1 卷,"四庫全書 文淵閣版, V1087.2, p31",2,胡亦堂,,清,輯
skqs4.org,文莊集,KR4d0017,36 卷,"四庫全書 文淵閣版, V1087.3, p45",1,夏竦,984 - 1050,宋,撰
skqs4.org,春卿遺稿,KR4d0018,1 卷,"四庫全書 文淵閣版, V1087.4, p339",1,蔣堂,980 - 1054,宋,撰
skqs4.org,春卿遺稿,KR4d0018,1 卷,"四庫全書 文淵閣版, V1087.4, p339",2,蔣鐄,,宋,輯
skqs4.org,東觀集,KR4d0019,10 卷,"四庫全書 文淵閣版, V1087.5, p349",1,魏野,960 - 1019,宋,撰
skqs4.org,元憲集,KR4d0020,36 卷,"四庫全書 文淵閣版, V1087.6, p401",1,宋庠,996 - 1066,宋,撰
skqs4.org,景文集,KR4d0021,62 卷,"四庫全書 文淵閣版, V1088.1, p1",1,宋祁,998 - 1061,宋,撰
skqs4.org,文恭集,KR4d0022,40 卷,"四庫全書 文淵閣版, V1088.2, p609",1,胡宿,996 - 1067,宋,撰
skqs4.org,武溪集,KR4d0023,20 卷,"四庫全書 文淵閣版, V1089.1, p1",1,余靖,1000 - 1064,宋,撰
skqs4.org,武溪集,KR4d0023,20 卷,"四庫全書 文淵閣版, V1089.1, p1",2,余仲荀,,宋,編
skqs4.org,安陽集,KR4d0024,50 卷,"四庫全書 文淵閣版, V1089.2, p215",1,韓琦,1008 - 1075,宋,撰
skqs4.org,范文正集,KR4d0025,20 卷,"四庫全書 文淵閣版, V1089.3, p551",1,范仲淹,989 - 1052,宋,撰
skqs4.org,范文正集,KR4d0025,20 卷,"四庫全書 文淵閣版, V1089.3, p551",2,綦煥,,宋,輯
skqs4.org,范文正集,KR4d0025,20 卷,"四庫全書 文淵閣版, V1089.3, p551",3,范能濬,,清,輯
skqs4.org,河南集,KR4d0026,27 卷,"四庫全書 文淵閣版, V1090.1, p1",1,尹洙,1001 - 1046,宋,撰
skqs4.org,孫明復小集,KR4d0027,1 卷,"四庫全書 文淵閣版, V1090.2, p157",1,孫復,992 - 1057,宋,撰
skqs4.org,徂徠集,KR4d0028,20 卷,"四庫全書 文淵閣版, V1090.3, p181",1,石介,1005 - 1045,宋,撰
skqs4.org,端明集,KR4d0029,40 卷,"四庫全書 文淵閣版, V1090.4, p337",1,蔡襄,1012 - 1067,宋,撰
skqs4.org,祠部集,KR4d0030,35 卷,"四庫全書 文淵閣版, V1091.1, p1",1,強至,,宋,撰
skqs4.org,鐔津集,KR4d0031,22 卷,"四庫全書 文淵閣版, V1091.2, p397",1,釋契嵩,1007 - 1072,宋,撰
skqs4.org,祖英集,KR4d0032,2 卷,"四庫全書 文淵閣版, V1091.3, p641",1,釋重顯,980 - 1052,宋,撰
skqs4.org,蘇學士集,KR4d0034,16 卷,"四庫全書 文淵閣版, V1092.1, p1",1,蘇舜欽,1008 - 1048,宋,撰
skqs4.org,蘇魏公文集,KR4d0035,72 卷,"四庫全書 文淵閣版, V1092.2, p127",1,蘇頌,1020 - 1121,宋,撰
skqs4.org,蘇魏公文集,KR4d0035,72 卷,"四庫全書 文淵閣版, V1092.2, p127",2,蘇携,,宋,編
skqs4.org,伐檀集,KR4d0037,2 卷,"四庫全書 文淵閣版, V1092.3, p761",1,黃庶,,宋,撰
skqs4.org,華陽集,KR4d0038,60 卷,"四庫全書 文淵閣版, V1093.1, p1",1,王珪,1019 - 1085,宋,撰
skqs4.org,古靈集,KR4d0039,25 卷,"四庫全書 文淵閣版, V1093.2, p497",1,陳襄,1017 - 1080,宋,撰
skqs4.org,古靈集,KR4d0039,25 卷,"四庫全書 文淵閣版, V1093.2, p497",2,陳紹夫,,宋,編
skqs4.org,傳家集,KR4d0040,80 卷,"四庫全書 文淵閣版, V1094.1, p1",1,司馬光,1019 - 1086,宋,撰
skqs4.org,清獻集,KR4d0041,10 卷,"四庫全書 文淵閣版, V1094.2, p739",1,趙抃,1008 - 1084,宋,撰
skqs4.org,盱江集,KR4d0042,37 卷,"四庫全書 文淵閣版, V1095.1, p1",1,李覯,1009 - 1059,宋,撰
skqs4.org,盱江集,KR4d0042,37 卷,"四庫全書 文淵閣版, V1095.1, p1",2,左贊,,明,編
skqs4.org,盱江集,KR4d0042,37 卷,"四庫全書 文淵閣版, V1095.1, p1",3,魏峙,,宋,撰
skqs4.org,金氏文集,KR4d0043,2 卷,"四庫全書 文淵閣版, V1095.2, p351",1,金君卿,,宋,撰
skqs4.org,公是集,KR4d0044,54 卷,"四庫全書 文淵閣版, V1095.3, p401",1,劉敞,1019 - 1068,宋,撰
skqs4.org,彭城集,KR4d0045,40 卷,"四庫全書 文淵閣版, V1096.1, p1",1,劉攽,1022 - 1088,宋,撰
skqs4.org,邕州小集,KR4d0046,1 卷,"四庫全書 文淵閣版, V1096.2, p393",1,陶弼,1015 - 1078,宋,撰
skqs4.org,都官集,KR4d0047,14 卷,"四庫全書 文淵閣版, V1096.3, p405",1,陳舜俞,d. 1074,宋,撰
skqs4.org,丹淵集,KR4d0048,40 卷,"四庫全書 文淵閣版, V1096.4, p553",1,文同,1018 - 1079,宋,撰
skqs4.org,丹淵集,KR4d0048,40 卷,"四庫全書 文淵閣版, V1096.4, p553",2,家誠之,,宋,編
skqs4.org,西溪集,KR4d0049,10 卷,"四庫全書 文淵閣版, V1097.1, p1",1,沈遘,1025 - 1067,宋,撰
skqs4.org,鄖溪集,KR4d0050,28 卷,"四庫全書 文淵閣版, V1097.2, p109",1,鄭獬,1022 - 1072,宋,撰
skqs4.org,錢塘集,KR4d0051,12 卷,"四庫全書 文淵閣版, V1097.3, p379",1,韋驤,1033 - 1105,宋,撰
skqs4.org,淨德集,KR4d0052,38 卷,"四庫全書 文淵閣版, V1098.1, p1",1,呂陶,fl. 1053 - 1074,宋,撰
skqs4.org,安岳集,KR4d0053,12 卷,"四庫全書 文淵閣版, V1098.2, p289",1,馮山,1031 - 1094,宋,撰
skqs4.org,元豐類藁,KR4d0054,50 卷,"四庫全書 文淵閣版, V1098.3, p345",1,曾鞏,1019 - 1083,宋,撰
skqs4.org,龍學文集,KR4d0055,16 卷,"四庫全書 文淵閣版, V1098.4, p791",1,祖無擇,1006 - 1085,宋,撰
skqs4.org,龍學文集,KR4d0055,16 卷,"四庫全書 文淵閣版, V1098.4, p791",2,祖行,,宋,編
skqs4.org,宛陵集,KR4d0056,60 卷,"四庫全書 文淵閣版, V1099.1, p1",1,梅堯臣,1002 - 1060,宋,撰
skqs4.org,忠肅集,KR4d0057,20 卷,"四庫全書 文淵閣版, V1099.2, p443",1,劉摯,1030 - 1097,宋,撰
skqs4.org,無為集,KR4d0058,15 卷,"四庫全書 文淵閣版, V1099.3, p679",1,楊傑,,宋,撰
skqs4.org,無為集,KR4d0058,15 卷,"四庫全書 文淵閣版, V1099.3, p679",2,趙士㣓,,宋,編
skqs4.org,王魏公集,KR4d0059,7 卷,"四庫全書 文淵閣版, V1100.1, p1",1,王安禮,,宋,撰
skqs4.org,范太史集,KR4d0060,55 卷,"四庫全書 文淵閣版, V1100.2, p83",1,范祖禹,1041 - 1098,宋,撰
skqs4.org,潞公文集,KR4d0061,40 卷,"四庫全書 文淵閣版, V1100.3, p573",1,文彥博,1006 - 1097,宋,撰
skqs4.org,擊壤集,KR4d0062,20 卷,"四庫全書 文淵閣版, V1101.1, p1",1,邵雍,1011 - 1077,宋,撰
skqs4.org,鄱陽集,KR4d0063,12 卷,"四庫全書 文淵閣版, V1101.2, p173",1,彭汝礪,1042 - 1095,宋,撰
skqs4.org,曲阜集,KR4d0064,4 卷,"四庫全書 文淵閣版, V1101.3, p325",1,曾肇,1047 - 1107,宋,撰
skqs4.org,曲阜集,KR4d0064,4 卷,"四庫全書 文淵閣版, V1101.3, p325",2,曾儼,,清,編
skqs4.org,周元公集,KR4d0065,8 卷,"四庫全書 文淵閣版, V1101.4, p415",1,周敦頤,1017 - 1073,宋,撰
skqs4.org,周元公集,KR4d0065,8 卷,"四庫全書 文淵閣版, V1101.4, p415",2,周沈珂,,清,編
skqs4.org,南陽集,KR4d0066,存29 卷,"四庫全書 文淵閣版, V1101.5, p503",1,韓維,1017 - 1098,宋,撰
skqs4.org,節孝集,KR4d0067,32 卷,"四庫全書 文淵閣版, V1101.6, p779",1,徐積,1028 - 1103,宋,撰
skqs4.org,文忠集,KR4d0068,153 卷,"四庫全書 文淵閣版, V1102.1, p1 - V1103.1",1,歐陽修,1007 - 1072,宋,撰
skqs4.org,文忠集,KR4d0068,153 卷,"四庫全書 文淵閣版, V1102.1, p1 - V1103.1",2,周必大,,宋,編
skqs4.org,歐陽文粹,KR4d0069,20 卷,"四庫全書 文淵閣版, V1103.2, p643",1,歐陽修,1007 - 1072,宋,撰
skqs4.org,歐陽文粹,KR4d0069,20 卷,"四庫全書 文淵閣版, V1103.2, p643",2,陳亮,1143 - 1194,宋,編
skqs4.org,樂全集,KR4d0070,40 卷,"四庫全書 文淵閣版, V1104.1, p1",1,張方平,1007 - 1091,宋,撰
skqs4.org,范忠宣集,KR4d0071,18 卷,"四庫全書 文淵閣版, V1104.2, p541",1,范純仁,1027 - 1101,宋,撰
skqs4.org,范忠宣集,KR4d0071,18 卷,"四庫全書 文淵閣版, V1104.2, p541",2,范能濬,,清,輯補
skqs4.org,嘉祐集,KR4d0072,16 卷,"四庫全書 文淵閣版, V1104.3, p845",1,蘇洵,1009 - 1066,宋,撰
skqs4.org,嘉祐集,KR4d0072,16 卷,"四庫全書 文淵閣版, V1104.3, p845",2,沈斐,,宋,輯
skqs4.org,臨川文集,KR4d0073,100 卷,"四庫全書 文淵閣版, V1105.1, p1",1,王安石,1021 - 1086,宋,撰
skqs4.org,王荊公詩注,KR4d0074,50 卷,"四庫全書 文淵閣版, V1106.1, p1",1,李壁,1159 - 1222,宋,撰
skqs4.org,廣陵集,KR4d0075,30 卷,"四庫全書 文淵閣版, V1106.2, p393",1,王令,d. 1059,宋,撰
skqs4.org,東坡全集,KR4d0076,115 卷,"四庫全書 文淵閣版, V1107.1, p1 - V1108.1",1,蘇軾,1036 - 1101,宋,撰
skqs4.org,東坡全集,KR4d0076,115 卷,"四庫全書 文淵閣版, V1107.1, p1 - V1108.1",2,蘇轍,,宋,撰
skqs4.org,東坡全集,KR4d0076,115 卷,"四庫全書 文淵閣版, V1107.1, p1 - V1108.1",3,王宗稷,,宋,撰
skqs4.org,東坡詩集註,KR4d0077,32 卷,"四庫全書 文淵閣版, V1109.1, p1",1,蘇軾,1036 - 1101,宋,撰
skqs4.org,東坡詩集註,KR4d0077,32 卷,"四庫全書 文淵閣版, V1109.1, p1",2,王十朋,1112 - 1171,宋,註
skqs4.org,施註蘇詩,KR4d0080,42 卷,"四庫全書 文淵閣版, V1110.1, p1",1,蘇軾,1036 - 1101,宋,撰
skqs4.org,施註蘇詩,KR4d0080,42 卷,"四庫全書 文淵閣版, V1110.1, p1",2,施元之,,宋,原註
skqs4.org,施註蘇詩,KR4d0080,42 卷,"四庫全書 文淵閣版, V1110.1, p1",3,邵長蘅,,清,刪補
skqs4.org,施註蘇詩,KR4d0080,42 卷,"四庫全書 文淵閣版, V1110.1, p1",4,邵長蘅,,清,撰
skqs4.org,施註蘇詩,KR4d0080,42 卷,"四庫全書 文淵閣版, V1110.1, p1",5,托克托,,元,撰
skqs4.org,施註蘇詩,KR4d0080,42 卷,"四庫全書 文淵閣版, V1110.1, p1",6,蘇轍,,宋,撰
skqs4.org,施註蘇詩,KR4d0080,42 卷,"四庫全書 文淵閣版, V1110.1, p1",7,王宗稷,,宋,編
skqs4.org,施註蘇詩,KR4d0080,42 卷,"四庫全書 文淵閣版, V1110.1, p1",8,邵長蘅,,清,重訂
skqs4.org,施註蘇詩,KR4d0080,42 卷,"四庫全書 文淵閣版, V1110.1, p1",9,蘇軾,,宋,撰
skqs4.org,施註蘇詩,KR4d0080,42 卷,"四庫全書 文淵閣版, V1110.1, p1",10,馮景,,清,補註
skqs4.org,蘇詩補註,KR4d0081,50 卷,"四庫全書 文淵閣版, V1111.1, p1",1,蘇軾,1036 - 1101,宋,撰
skqs4.org,蘇詩補註,KR4d0081,50 卷,"四庫全書 文淵閣版, V1111.1, p1",2,查慎行,1650 - 1727,清,補注
skqs4.org,欒城集,KR4d0082,50 卷,"四庫全書 文淵閣版, V1112.1, p1",1,蘇轍,1039 - 1112,宋,撰
skqs4.org,山谷集,KR4d0084,97 卷,"四庫全書 文淵閣版, V1113.1, p1",1,黃庭堅,1045 - 1103,宋,撰
skqs4.org,山谷集,KR4d0084,97 卷,"四庫全書 文淵閣版, V1113.1, p1",2,洪炎,,宋,編
skqs4.org,山谷集,KR4d0084,97 卷,"四庫全書 文淵閣版, V1113.1, p1",3,李彤,,宋,編
skqs4.org,山谷集,KR4d0084,97 卷,"四庫全書 文淵閣版, V1113.1, p1",4,黃㽦,,宋,編
skqs4.org,山谷集,KR4d0084,97 卷,"四庫全書 文淵閣版, V1113.1, p1",5,黃㽦,,宋,撰
skqs4.org,山谷內集詩注,KR4d0085,20 卷,"四庫全書 文淵閣版, V1114.1, p1",1,黃庭堅,1045 - 1103,宋,撰
skqs4.org,山谷內集詩注,KR4d0085,20 卷,"四庫全書 文淵閣版, V1114.1, p1",2,任淵,d. 1144,宋,注
skqs4.org,山谷內集詩注,KR4d0085,20 卷,"四庫全書 文淵閣版, V1114.1, p1",3,史容,,宋,注
skqs4.org,山谷內集詩注,KR4d0085,20 卷,"四庫全書 文淵閣版, V1114.1, p1",4,史季溫,,宋,注
skqs4.org,後山集,KR4d0087,24 卷,"四庫全書 文淵閣版, V1114.2, p511",1,陳師道,1053 - 1101,宋,撰
skqs4.org,后山詩注,KR4d0088,12 卷,"四庫全書 文淵閣版, V1114.3, p741",1,陳師道,1053 - 1101,宋,撰
skqs4.org,后山詩注,KR4d0088,12 卷,"四庫全書 文淵閣版, V1114.3, p741",2,任淵,,宋,註
skqs4.org,柯山集,KR4d0089,50 卷,"四庫全書 文淵閣版, V1115.1, p1",1,張耒,1052 - 1112,宋,撰
skqs4.org,淮海集,KR4d0091,40 卷,"四庫全書 文淵閣版, V1115.2, p427",1,秦觀,1049 - 1101,宋,撰
skqs4.org,濟南集,KR4d0092,8 卷,"四庫全書 文淵閣版, V1115.3, p701",1,李廌,1059 - 1109,宋,撰
skqs4.org,參寥子詩集,KR4d0093,12 卷,"四庫全書 文淵閣版, V1116.1, p1",1,釋道潛,,宋,撰
skqs4.org,寶晉英光集,KR4d0094,8 卷,"四庫全書 文淵閣版, V1116.2, p91",1,米芾,1051 - 1107,宋,撰
skqs4.org,石門文字禪,KR4d0095,30 卷,"四庫全書 文淵閣版, V1116.3, p143",1,釋惠洪,1071 - 1128,宋,撰
skqs4.org,石門文字禪,KR4d0095,30 卷,"四庫全書 文淵閣版, V1116.3, p143",2,釋覺慈,,宋,編
skqs4.org,青山集,KR4d0096,30 卷,"四庫全書 文淵閣版, V1116.4, p571",1,郭祥正,,宋,撰
skqs4.org,青山續集,KR4d0097,7 卷,"四庫全書 文淵閣版, V1116.5, p757",1,郭祥正,,宋,撰
skqs4.org,畫墁集,KR4d0098,8 卷,"四庫全書 文淵閣版, V1117.1, p1",1,張舜民,,宋,撰
skqs4.org,陶山集,KR4d0099,16 卷,"四庫全書 文淵閣版, V1117.2, p55",1,陸佃,1042 - 1102,宋,撰
skqs4.org,倚松詩集,KR4d0100,2 卷,"四庫全書 文淵閣版, V1117.3, p199",1,饒節,,宋,撰
skqs4.org,長興集,KR4d0101,2 卷,"四庫全書 文淵閣版, V1117.4, p263",1,沈括,1031 - 1095,宋,撰
skqs4.org,西塘集,KR4d0102,9 卷,"四庫全書 文淵閣版, V1117.5, p361",1,鄭俠,1041 - 1119,宋,撰
skqs4.org,雲巢編,KR4d0103,10 卷,"四庫全書 文淵閣版, V1117.6, p515",1,沈遼,d. 1085,宋,撰
skqs4.org,景迂生集,KR4d0104,20 卷,"四庫全書 文淵閣版, V1118.1, p1",1,晁說之,,宋,撰
skqs4.org,景迂生集,KR4d0104,20 卷,"四庫全書 文淵閣版, V1118.1, p1",2,晁子健,,宋,編
skqs4.org,雞肋集,KR4d0105,70 卷,"四庫全書 文淵閣版, V1118.2, p407",1,晁補之,1053 - 1110,宋,撰
skqs4.org,雞肋集,KR4d0105,70 卷,"四庫全書 文淵閣版, V1118.2, p407",2,晁謙之,,宋,編
skqs4.org,樂圃餘藁,KR4d0106,10 卷,"四庫全書 文淵閣版, V1119.1, p1",1,朱長文,1041 - 1100,宋,撰
skqs4.org,樂圃餘藁,KR4d0106,10 卷,"四庫全書 文淵閣版, V1119.1, p1",2,朱思,,宋,輯
skqs4.org,龍雲集,KR4d0107,32 卷,"四庫全書 文淵閣版, V1119.2, p63",1,劉弇,1048 - 1102,宋,撰
skqs4.org,龍雲集,KR4d0107,32 卷,"四庫全書 文淵閣版, V1119.2, p63",2,羅良弼,,宋,編
skqs4.org,雲溪居士集,KR4d0108,30 卷,"四庫全書 文淵閣版, V1119.3, p339",1,華鎮,,宋,撰
skqs4.org,演山集,KR4d0109,60 卷,"四庫全書 文淵閣版, V1120.1, p1",1,黃裳,1043 - 1129,宋,撰
skqs4.org,演山集,KR4d0109,60 卷,"四庫全書 文淵閣版, V1120.1, p1",2,黃玠,,宋,編
skqs4.org,姑溪居士前集,KR4d0110,50 卷,"四庫全書 文淵閣版, V1120.2, p391",1,李之儀,fl. 1085 - 1102,宋,撰
skqs4.org,姑溪居士前集,KR4d0110,50 卷,"四庫全書 文淵閣版, V1120.2, p391",2,吳芾,,宋,編
skqs4.org,潏水集,KR4d0111,16 卷,"四庫全書 文淵閣版, V1121.1, p1",1,李復,,宋,撰
skqs4.org,道鄉集,KR4d0112,40 卷,"四庫全書 文淵閣版, V1121.2, p161",1,鄒浩,1060 - 1111,宋,撰
skqs4.org,學易集,KR4d0113,8 卷,"四庫全書 文淵閣版, V1121.3, p533",1,劉跂,,宋,撰
skqs4.org,游廌山集,KR4d0114,4 卷,"四庫全書 文淵閣版, V1121.4, p627",1,游酢,1045 - 1115,宋,撰
skqs4.org,西臺集,KR4d0115,20 卷,"四庫全書 文淵閣版, V1122.1, p1",1,畢仲游,d. 1121,宋,撰
skqs4.org,樂靜集,KR4d0116,30 卷,"四庫全書 文淵閣版, V1122.2, p257",1,李昭玘,fl. 1093 - 1131,宋,撰
skqs4.org,北湖集,KR4d0117,5 卷,"四庫全書 文淵閣版, V1122.3, p415",1,吳則禮,d. 1121,宋,撰
skqs4.org,溪堂集,KR4d0118,10 卷,"四庫全書 文淵閣版, V1122.4, p473",1,謝逸,,宋,撰
skqs4.org,竹友集,KR4d0119,10 卷,"四庫全書 文淵閣版, V1122.5, p559",1,謝薖,d. 1116,宋,撰
skqs4.org,日涉園集,KR4d0120,10 卷,"四庫全書 文淵閣版, V1122.6, p615",1,李彭,,宋,撰
skqs4.org,灌園集,KR4d0121,20 卷,"四庫全書 文淵閣版, V1123.1, p1",1,呂南公,fl. 1072 - 1086,宋,撰
skqs4.org,慶湖遺老詩集,KR4d0122,9 卷,"四庫全書 文淵閣版, V1123.2, p193",1,賀鑄,1063 - 1120,宋,撰
skqs4.org,摛文堂集,KR4d0123,9 卷,"四庫全書 文淵閣版, V1123.3, p297",1,慕容彥逢,1066 - 1117,宋,撰
skqs4.org,襄陵文集,KR4d0124,12 卷,"四庫全書 文淵閣版, V1123.4, p491",1,許翰,,宋,撰
skqs4.org,浮沚集,KR4d0125,9 卷,"四庫全書 文淵閣版, V1123.5, p599",1,周行己,,宋,撰
skqs4.org,東堂集,KR4d0126,10 卷,"四庫全書 文淵閣版, V1123.6, p695",1,毛滂,,宋,撰
skqs4.org,給事集,KR4d0127,5 卷,"四庫全書 文淵閣版, V1124.1, p1",1,劉安上,1069 - 1128,宋,撰
skqs4.org,劉左史集,KR4d0128,4 卷,"四庫全書 文淵閣版, V1124.2, p57",1,劉安節,1068 - 1116,宋,撰
skqs4.org,竹隱畸士集,KR4d0129,20 卷,"四庫全書 文淵閣版, V1124.3, p113",1,趙鼎臣,fl. 1093 - 1119,宋,撰
skqs4.org,眉山集,KR4d0130,22 卷,"四庫全書 文淵閣版, V1124.4, p271",1,唐庚,1071 - 1121,宋,撰
skqs4.org,洪龜父集,KR4d0131,2 卷,"四庫全書 文淵閣版, V1124.5, p395",1,洪朋,fl. 1095,宋,撰
skqs4.org,跨鼇集,KR4d0132,30 卷,"四庫全書 文淵閣版, V1124.6, p421",1,李新,,宋,撰
skqs4.org,忠愍集,KR4d0133,3 卷,"四庫全書 文淵閣版, V1124.7, p657",1,李若水,1092 - 1126,宋,撰
skqs4.org,忠肅集,KR4d0134,3 卷,"四庫全書 文淵閣版, V1124.8, p695",1,傳察,1089 - 1126,宋,撰
skqs4.org,忠肅集,KR4d0134,3 卷,"四庫全書 文淵閣版, V1124.8, p695",2,傳伯壽,,宋,編
skqs4.org,宗忠簡集,KR4d0135,8 卷,"四庫全書 文淵閣版, V1125.1, p1",1,宗澤,1059 - 1128,宋,撰
skqs4.org,宗忠簡集,KR4d0135,8 卷,"四庫全書 文淵閣版, V1125.1, p1",2,樓昉,,宋,編
skqs4.org,宗忠簡集,KR4d0135,8 卷,"四庫全書 文淵閣版, V1125.1, p1",3,王庭曾,,清,重編
skqs4.org,龜山集,KR4d0136,42 卷,"四庫全書 文淵閣版, V1125.2, p101",1,楊時,1053 - 1135,宋,撰
skqs4.org,梁谿集,KR4d0138,180 卷,"四庫全書 文淵閣版, V1125.3, p491 - V1126.1",1,李綱,1085 - 1140,宋,撰
skqs4.org,梁谿集,KR4d0138,180 卷,"四庫全書 文淵閣版, V1125.3, p491 - V1126.1",2,李綸,,宋,撰
skqs4.org,初寮集,KR4d0139,8 卷,"四庫全書 文淵閣版, V1127.1, p1",1,王安中,,宋,撰
skqs4.org,橫塘集,KR4d0140,20 卷,"四庫全書 文淵閣版, V1127.2, p163",1,許景衡,d. 1128,宋,撰
skqs4.org,西渡集,KR4d0141,2 卷,"四庫全書 文淵閣版, V1127.3, p353",1,洪炎,,宋,撰
skqs4.org,老圃集,KR4d0142,2 卷,"四庫全書 文淵閣版, V1127.4, p377",1,洪芻,,宋,撰
skqs4.org,丹陽集,KR4d0143,24 卷,"四庫全書 文淵閣版, V1127.5, p397",1,葛勝仲,1072 - 1144,宋,撰
skqs4.org,毗陵集,KR4d0144,15 卷,"四庫全書 文淵閣版, V1127.6, p669",1,張守,,宋,撰
skqs4.org,浮溪集,KR4d0145,32 卷,"四庫全書 文淵閣版, V1128.1, p1",1,汪藻,1079 - 1154,宋,撰
skqs4.org,浮溪文粹,KR4d0146,15 卷,"四庫全書 文淵閣版, V1128.2, p335",1,汪藻,1079 - 1154,宋,撰
skqs4.org,浮溪文粹,KR4d0146,15 卷,"四庫全書 文淵閣版, V1128.2, p335",2,胡堯臣,,明,刊
skqs4.org,莊簡集,KR4d0147,18 卷,"四庫全書 文淵閣版, V1128.3, p429",1,李光,d. 1155,宋,撰
skqs4.org,忠正德文集,KR4d0148,10 卷,"四庫全書 文淵閣版, V1128.4, p635",1,趙鼎,1085 - 1147,宋,撰
skqs4.org,東窻集,KR4d0149,16 卷,"四庫全書 文淵閣版, V1129.1, p1",1,張擴,,宋,撰
skqs4.org,忠惠集,KR4d0150,10 卷,"四庫全書 文淵閣版, V1129.2, p181",1,翟汝文,1076 - 1141,宋,撰
skqs4.org,松隱集,KR4d0151,存39 卷,"四庫全書 文淵閣版, V1129.3, p319",1,曹勛,1098 - 1174,宋,撰
skqs4.org,建康集,KR4d0152,8 卷,"四庫全書 文淵閣版, V1129.4, p587",1,葉夢得,1077 - 1148,宋,撰
skqs4.org,簡齋集,KR4d0153,16 卷,"四庫全書 文淵閣版, V1129.5, p663",1,陳與義,1090 - 1138,宋,撰
skqs4.org,北山集,KR4d0156,40 卷,"四庫全書 文淵閣版, V1130.1, p1",1,程俱,1078 - 1144,宋,撰
skqs4.org,檆溪居士集,KR4d0157,12 卷,"四庫全書 文淵閣版, V1130.2, p403",1,劉才卲,1085 - 1157,宋,撰
skqs4.org,筠谿集,KR4d0158,24 卷,"四庫全書 文淵閣版, V1130.3, p583",1,李彌遜,d. 1153,宋,撰
skqs4.org,華陽集,KR4d0159,40 卷,"四庫全書 文淵閣版, V1131.1, p1",1,張綱,1083 - 1166,宋,撰
skqs4.org,忠穆集,KR4d0160,8 卷,"四庫全書 文淵閣版, V1131.2, p257",1,呂頤浩,d. 1139,宋,撰
skqs4.org,紫微集,KR4d0161,36 卷,"四庫全書 文淵閣版, V1131.3, p339",1,張嵲,,宋,撰
skqs4.org,苕溪集,KR4d0162,55 卷,"四庫全書 文淵閣版, V1132.1, p1",1,劉一止,1079 - 1160,宋,撰
skqs4.org,東牟集,KR4d0163,14 卷,"四庫全書 文淵閣版, V1132.2, p297",1,王洋,d. 1153,宋,撰
skqs4.org,相山集,KR4d0164,30 卷,"四庫全書 文淵閣版, V1132.3, p521",1,王之道,1093 - 1169,宋,撰
skqs4.org,三餘集,KR4d0165,4 卷,"四庫全書 文淵閣版, V1132.4, p757",1,黃彥平,,宋,撰
skqs4.org,大隱集,KR4d0166,10 卷,"四庫全書 文淵閣版, V1133.1, p1",1,李正民,,宋,撰
skqs4.org,龜谿集,KR4d0167,12 卷,"四庫全書 文淵閣版, V1133.2, p115",1,沈與求,1086 - 1137,宋,撰
skqs4.org,栟櫚集,KR4d0168,25 卷,"四庫全書 文淵閣版, V1133.3, p257",1,鄧肅,1091 - 1132,宋,撰
skqs4.org,默成文集,KR4d0169,4 卷,"四庫全書 文淵閣版, V1133.4, p373",1,潘良貴,,宋,撰
skqs4.org,鄱陽集,KR4d0170,4 卷,"四庫全書 文淵閣版, V1133.5, p391",1,洪皓,1088 - 1155,宋,撰
skqs4.org,韋齋集,KR4d0171,12 卷,"四庫全書 文淵閣版, V1133.6, p425",1,朱松,1097 - 1143,宋,撰
skqs4.org,韋齋集,KR4d0171,12 卷,"四庫全書 文淵閣版, V1133.6, p425",2,朱熹,,宋,撰
skqs4.org,韋齋集,KR4d0171,12 卷,"四庫全書 文淵閣版, V1133.6, p425",3,朱橰,,宋,撰
skqs4.org,澹齋集,KR4d0172,18 卷,"四庫全書 文淵閣版, V1133.7, p561",1,李流謙,,宋,撰
skqs4.org,陵陽集,KR4d0173,4 卷,"四庫全書 文淵閣版, V1133.8, p763",1,韓駒,,宋,撰
skqs4.org,灊山集,KR4d0174,3 卷,"四庫全書 文淵閣版, V1133.9, p809",1,朱翌,1098 - 1167,宋,撰
skqs4.org,雲溪集,KR4d0175,12 卷,"四庫全書 文淵閣版, V1134.1, p1",1,郭印,,宋,撰
skqs4.org,廬溪文集,KR4d0176,50 卷,"四庫全書 文淵閣版, V1134.2, p97",1,王庭珪,1079 - 1171,宋,撰
skqs4.org,屏山集,KR4d0177,20 卷,"四庫全書 文淵閣版, V1134.3, p351",1,劉子翬,1101 - 1147,宋,撰
skqs4.org,屏山集,KR4d0177,20 卷,"四庫全書 文淵閣版, V1134.3, p351",2,劉玶,,宋,編
skqs4.org,北海集,KR4d0178,46 卷,"四庫全書 文淵閣版, V1134.4, p521",1,綦崇禮,1083 - 1142,宋,撰
skqs4.org,鴻慶居士集,KR4d0179,42 卷,"四庫全書 文淵閣版, V1135.1, p1",1,孫覿,1081 - 1169,宋,撰
skqs4.org,內簡尺牘,KR4d0180,10 卷,"四庫全書 文淵閣版, V1135.2, p467",1,孫覿,1081 - 1169,宋,撰
skqs4.org,內簡尺牘,KR4d0180,10 卷,"四庫全書 文淵閣版, V1135.2, p467",2,李祖堯,,宋,編註
skqs4.org,崧菴集,KR4d0181,6 卷,"四庫全書 文淵閣版, V1135.3, p577",1,李處權,,宋,撰
skqs4.org,豫章文集,KR4d0182,存16 卷,"四庫全書 文淵閣版, V1135.4, p641",1,羅從彥,1072 - 1135,宋,撰
skqs4.org,豫章文集,KR4d0182,存16 卷,"四庫全書 文淵閣版, V1135.4, p641",2,曹道振,,元,編
skqs4.org,藏海居士集,KR4d0183,2 卷,"四庫全書 文淵閣版, V1135.5, p783",1,吳可,fl. 1125,宋,撰
skqs4.org,和靖集,KR4d0184,8 卷,"四庫全書 文淵閣版, V1136.1, p1",1,尹焞,1061 - 1132,宋,撰
skqs4.org,王著作集,KR4d0185,8 卷,"四庫全書 文淵閣版, V1136.2, p63",1,王蘋,1082 - 1153,宋,撰
skqs4.org,王著作集,KR4d0185,8 卷,"四庫全書 文淵閣版, V1136.2, p63",2,王觀,,明,編
skqs4.org,郴江百詠,KR4d0186,1 卷,"四庫全書 文淵閣版, V1136.3, p109",1,阮閱,fl. 1126,宋,撰
skqs4.org,雙溪集,KR4d0187,15 卷,"四庫全書 文淵閣版, V1136.4, p121",1,蘇籕,fl. 1126,宋,撰
skqs4.org,少陽集,KR4d0188,6 卷,"四庫全書 文淵閣版, V1136.5, p283",1,陳東,1087 - 1128,宋,撰
skqs4.org,歐陽修撰集,KR4d0189,6 卷,"四庫全書 文淵閣版, V1136.6, p333",1,歐陽澈,1097 - 1127,宋,撰
skqs4.org,歐陽修撰集,KR4d0189,6 卷,"四庫全書 文淵閣版, V1136.6, p333",2,歐陽鉞,,明,輯
skqs4.org,東溪集,KR4d0190,2 卷,"四庫全書 文淵閣版, V1136.7, p427",1,高登,fl. 1132,宋,撰
skqs4.org,東溪集,KR4d0190,2 卷,"四庫全書 文淵閣版, V1136.7, p427",2,李希元,,明,編
skqs4.org,岳武穆遺文,KR4d0191,1 卷,"四庫全書 文淵閣版, V1136.8, p459",1,岳飛,1103 - 1141,宋,撰
skqs4.org,岳武穆遺文,KR4d0191,1 卷,"四庫全書 文淵閣版, V1136.8, p459",2,徐階,,明,編
skqs4.org,茶山集,KR4d0192,8 卷,"四庫全書 文淵閣版, V1136.9, p473",1,曾幾,1084 - 1166,宋,撰
skqs4.org,雪溪集,KR4d0193,5 卷,"四庫全書 文淵閣版, V1136.10, p547",1,王銍,fl. 1122 - 1144,宋,撰
skqs4.org,蘆川歸來集,KR4d0194,10 卷,"四庫全書 文淵閣版, V1136.11, p581",1,張元幹,1067 - 1143,宋,撰
skqs4.org,東萊詩集,KR4d0195,20 卷,"四庫全書 文淵閣版, V1136.12, p679",1,呂本中,,宋,撰
skqs4.org,澹菴文集,KR4d0196,6 卷,"四庫全書 文淵閣版, V1137.1, p1",1,胡銓,1102 - 1180,宋,撰
skqs4.org,五峯集,KR4d0197,5 卷,"四庫全書 文淵閣版, V1137.2, p87",1,胡宏,,宋,撰
skqs4.org,五峯集,KR4d0197,5 卷,"四庫全書 文淵閣版, V1137.2, p87",2,胡大時,,宋,編
skqs4.org,斐然集,KR4d0198,30 卷,"四庫全書 文淵閣版, V1137.3, p257",1,胡寅,1098 - 1156,宋,撰
skqs4.org,大隱居士詩集,KR4d0199,2 卷,"四庫全書 文淵閣版, V1137.4, p755",1,鄧深,,宋,撰
skqs4.org,浮山集,KR4d0200,10 卷,"四庫全書 文淵閣版, V1137.5, p785",1,仲幷,,宋,撰
skqs4.org,北山集,KR4d0201,30 卷,"四庫全書 文淵閣版, V1138.1, p1",1,鄭剛中,1088 - 1154,宋,撰
skqs4.org,北山集,KR4d0201,30 卷,"四庫全書 文淵閣版, V1138.1, p1",2,鄭良嗣,,宋,編
skqs4.org,橫浦集,KR4d0202,20 卷,"四庫全書 文淵閣版, V1138.2, p293",1,張九成,1092 - 1159,宋,撰
skqs4.org,橫浦集,KR4d0202,20 卷,"四庫全書 文淵閣版, V1138.2, p293",2,郎曄,,宋,編
skqs4.org,湖山集,KR4d0203,10 卷,"四庫全書 文淵閣版, V1138.3, p445",1,吳芾,d. 1183,宋,撰
skqs4.org,文定集,KR4d0204,24 卷,"四庫全書 文淵閣版, V1138.4, p585",1,汪應辰,1118 - 1176,宋,撰
skqs4.org,縉雲文集,KR4d0205,4 卷,"四庫全書 文淵閣版, V1138.5, p825",1,馮時行,d. 1163,宋,撰
skqs4.org,縉雲文集,KR4d0205,4 卷,"四庫全書 文淵閣版, V1138.5, p825",2,李璽,,明,編
skqs4.org,嵩山集,KR4d0206,54 卷,"四庫全書 文淵閣版, V1139.1, p1",1,晁公遡,,宋,撰
skqs4.org,默堂集,KR4d0207,22 卷,"四庫全書 文淵閣版, V1139.2, p299",1,陳淵,,宋,撰
skqs4.org,默堂集,KR4d0207,22 卷,"四庫全書 文淵閣版, V1139.2, p299",2,沈度,,宋,編
skqs4.org,知稼翁集,KR4d0208,2 卷,"四庫全書 文淵閣版, V1139.3, p541",1,黃公廣,1109 - 1156,宋,撰
skqs4.org,唯室集,KR4d0209,4 卷,"四庫全書 文淵閣版, V1139.4, p615",1,陳長方,1108 - 1148,宋,撰
skqs4.org,漢濱集,KR4d0210,16 卷,"四庫全書 文淵閣版, V1139.5, p661",1,王之望,,宋,撰
skqs4.org,香溪集,KR4d0211,22 卷,"四庫全書 文淵閣版, V1140.1, p1",1,范浚,1102 - 1149,宋,撰
skqs4.org,鄭忠肅奏議遺集,KR4d0212,2 卷,"四庫全書 文淵閣版, V1140.2, p189",1,鄭興裔,1126 - 1199,宋,撰
skqs4.org,雲莊集,KR4d0213,5 卷,"四庫全書 文淵閣版, V1140.3, p225",1,曾協,,宋,撰
skqs4.org,竹軒雜著,KR4d0214,6 卷,"四庫全書 文淵閣版, V1140.4, p307",1,林季仲,,宋,撰
skqs4.org,拙齋文集,KR4d0215,20 卷,"四庫全書 文淵閣版, V1140.5, p369",1,林之奇,1112 - 1176,宋,撰
skqs4.org,于湖集,KR4d0216,40 卷,"四庫全書 文淵閣版, V1140.6, p539",1,張孝祥,1133 - 1170,宋,撰
skqs4.org,太倉稊米集,KR4d0217,70 卷,"四庫全書 文淵閣版, V1141.1, p1",1,周紫芝,b. 1182,宋,撰
skqs4.org,夾漈遺稿,KR4d0218,3 卷,"四庫全書 文淵閣版, V1141.2, p505",1,鄭樵,1104 - 1162,宋,撰
skqs4.org,鄮峰真隱漫錄,KR4d0219,存49 卷,"四庫全書 文淵閣版, V1141.3, p529",1,史浩,1106 - 1194,宋,撰
skqs4.org,海陵集,KR4d0220,23 卷,"四庫全書 文淵閣版, V1142.1, p1",1,周麟之,,宋,撰
skqs4.org,海陵集,KR4d0220,23 卷,"四庫全書 文淵閣版, V1142.1, p1",2,周準,,宋,編
skqs4.org,燕堂詩稿,KR4d0221,1 卷,"四庫全書 文淵閣版, V1142.2, p193",1,趙公豫,1135 - 1212,宋,撰
skqs4.org,竹洲集,KR4d0222,20 卷,"四庫全書 文淵閣版, V1142.3, p207",1,吳儆,1125 - 1183,宋,撰
skqs4.org,高峯文集,KR4d0223,12 卷,"四庫全書 文淵閣版, V1142.4, p303",1,廖剛,1070 - 1143,宋,撰
skqs4.org,羅鄂州小集,KR4d0224,6 卷,"四庫全書 文淵閣版, V1142.5, p461",1,羅願,1136 - 1184,宋,撰
skqs4.org,艾軒集,KR4d0225,9 卷,"四庫全書 文淵閣版, V1142.6, p551",1,林光朝,1114 - 1178,宋,撰
skqs4.org,艾軒集,KR4d0225,9 卷,"四庫全書 文淵閣版, V1142.6, p551",2,鄭岳,,明,編
skqs4.org,晦菴集,KR4d0226,100 卷,"四庫全書 文淵閣版, V1143.1, p1 - V1146.1",1,朱熹,1130 - 1200,宋,撰
skqs4.org,文忠集,KR4d0227,200 卷,"四庫全書 文淵閣版, V1147.1, p1 - V1149.1",1,周必大,1126 - 1206,宋,撰
skqs4.org,文忠集,KR4d0227,200 卷,"四庫全書 文淵閣版, V1147.1, p1 - V1149.1",2,周綸,,宋,編
skqs4.org,雲山集,KR4d0228,16 卷,"四庫全書 文淵閣版, V1149.2, p343",1,王質,1127 - 1189,宋,撰
skqs4.org,梁谿遺稿,KR4d0229,2 卷,"四庫全書 文淵閣版, V1149.3, p509",1,尤袤,1127 - 1194,宋,撰
skqs4.org,梁谿遺稿,KR4d0229,2 卷,"四庫全書 文淵閣版, V1149.3, p509",2,尤侗,,清,輯
skqs4.org,方舟集,KR4d0230,24 卷,"四庫全書 文淵閣版, V1149.4, p529",1,李石,fl. 1162 - 1165,宋,撰
skqs4.org,網山集,KR4d0231,8 卷,"四庫全書 文淵閣版, V1149.5, p853",1,林亦之,1136 - 1185,宋,撰
skqs4.org,東萊集,KR4d0232,15 卷,"四庫全書 文淵閣版, V1150.1, p1",1,呂祖謙,1137 - 1181,宋,撰
skqs4.org,東萊集,KR4d0232,15 卷,"四庫全書 文淵閣版, V1150.1, p1",2,呂祖儉,,宋,編
skqs4.org,東萊集,KR4d0232,15 卷,"四庫全書 文淵閣版, V1150.1, p1",3,呂喬年,,宋,編
skqs4.org,止齋集,KR4d0233,52 卷,"四庫全書 文淵閣版, V1150.2, p493",1,陳傳良,1137 - 1203,宋,撰
skqs4.org,止齋集,KR4d0233,52 卷,"四庫全書 文淵閣版, V1150.2, p493",2,曹叔遠,,宋,編
skqs4.org,格齋四六,KR4d0234,1 卷,"四庫全書 文淵閣版, V1151.1, p1",1,王子俊,,宋,撰
skqs4.org,梅溪集,KR4d0235,54 卷,"四庫全書 文淵閣版, V1151.2, p45",1,王十朋,1112 - 1171,宋,撰
skqs4.org,梅溪集,KR4d0235,54 卷,"四庫全書 文淵閣版, V1151.2, p45",2,王聞詩,,宋,編
skqs4.org,梅溪集,KR4d0235,54 卷,"四庫全書 文淵閣版, V1151.2, p45",3,王聞禮,,宋,編
skqs4.org,梅溪集,KR4d0235,54 卷,"四庫全書 文淵閣版, V1151.2, p45",4,汪應辰,,宋,撰
skqs4.org,香山集,KR4d0236,16 卷,"四庫全書 文淵閣版, V1151.3, p639",1,喻良能,,宋,撰
skqs4.org,蒙隱集,KR4d0237,2 卷,"四庫全書 文淵閣版, V1151.4, p751",1,陳棣,fl. 1144,宋,撰
skqs4.org,宮教集,KR4d0238,12 卷,"四庫全書 文淵閣版, V1151.5, p779",1,崔敦禮,d. 1181,宋,撰
skqs4.org,倪石陵書,KR4d0239,1 卷,"四庫全書 文淵閣版, V1152.1, p1",1,倪朴,fl. 1162 - 1174,宋,撰
skqs4.org,倪石陵書,KR4d0239,1 卷,"四庫全書 文淵閣版, V1152.1, p1",2,毛鳳韶,,明,輯
skqs4.org,樂軒集,KR4d0240,8 卷,"四庫全書 文淵閣版, V1152.2, p27",1,陳藻,,宋,撰
skqs4.org,樂軒集,KR4d0240,8 卷,"四庫全書 文淵閣版, V1152.2, p27",2,林希逸,,宋,編
skqs4.org,定庵類稿,KR4d0241,4 卷,"四庫全書 文淵閣版, V1152.3, p119",1,衞博,fl. 1168,宋,撰
skqs4.org,澹軒集,KR4d0242,8 卷,"四庫全書 文淵閣版, V1152.4, p197",1,李呂,1122 - 1198,宋,撰
skqs4.org,攻媿集,KR4d0243,112 卷,"四庫全書 文淵閣版, V1152.5, p263 - V1153.1",1,樓鑰,1137 - 1213,宋,撰
skqs4.org,尊白堂集,KR4d0244,6 卷,"四庫全書 文淵閣版, V1154.1, p1",1,虞儔,fl. 1168 - 1199,宋,撰
skqs4.org,東塘集,KR4d0245,20 卷,"四庫全書 文淵閣版, V1154.2, p141",1,袁說友,1140 - 1204,宋,撰
skqs4.org,涉齋集,KR4d0246,18 卷,"四庫全書 文淵閣版, V1154.3, p405",1,許綸,,宋,撰
skqs4.org,義豐集,KR4d0247,1 卷,"四庫全書 文淵閣版, V1154.4, p537",1,王阮,,宋,撰
skqs4.org,蠹齋鉛刀編,KR4d0248,32 卷,"四庫全書 文淵閣版, V1154.5, p571",1,周孚,,宋,撰
skqs4.org,乾道稿,KR4d0249,2 卷,"四庫全書 文淵閣版, V1155.1, p1",1,趙蕃,1143 - 1229,宋,撰
skqs4.org,雙溪類槀,KR4d0250,27 卷,"四庫全書 文淵閣版, V1155.2, p411",1,王炎,1138 - 1218,宋,撰
skqs4.org,止堂集,KR4d0251,18 卷,"四庫全書 文淵閣版, V1155.3, p759",1,彭龜年,1142 - 1206,宋,撰
skqs4.org,緣督集,KR4d0252,20 卷,"四庫全書 文淵閣版, V1156.1, p1",1,曾耒,,宋,撰
skqs4.org,象山集,KR4d0253,28 卷,"四庫全書 文淵閣版, V1156.2, p237",1,陸九淵,1139 - 1193,宋,撰
skqs4.org,象山集,KR4d0253,28 卷,"四庫全書 文淵閣版, V1156.2, p237",2,陸持之,,宋,編
skqs4.org,慈湖遺書,KR4d0254,19 卷,"四庫全書 文淵閣版, V1156.3, p605",1,楊簡,1140 - 1225,宋,撰
skqs4.org,絜齋集,KR4d0255,24 卷,"四庫全書 文淵閣版, V1157.1, p1",1,袁燮,1144 - 1224,宋,撰
skqs4.org,雲莊集,KR4d0256,20 卷,"四庫全書 文淵閣版, V1157.2, p331",1,劉爚,1144 - 1214,宋,撰
skqs4.org,雲莊集,KR4d0256,20 卷,"四庫全書 文淵閣版, V1157.2, p331",2,劉梗,,明,編
skqs4.org,舒文靖集,KR4d0257,2 卷,"四庫全書 文淵閣版, V1157.3, p507",1,舒璘,,宋,撰
skqs4.org,定齋集,KR4d0258,20 卷,"四庫全書 文淵閣版, V1157.4, p563",1,蔡戡,,宋,撰
skqs4.org,九華集,KR4d0259,25 卷,"四庫全書 文淵閣版, V1158.1, p1",1,員興宗,d. 1170,宋,撰
skqs4.org,野處類藁,KR4d0260,2 卷,"四庫全書 文淵閣版, V1158.2, p223",1,洪邁,1123 - 1202,宋,撰
skqs4.org,盤洲文集,KR4d0261,80 卷,"四庫全書 文淵閣版, V1158.3, p243",1,洪适,1117 - 1184,宋,撰
skqs4.org,應齋雜著,KR4d0262,6 卷,"四庫全書 文淵閣版, V1159.1, p1",1,趙善括,,宋,撰
skqs4.org,芸庵類藁,KR4d0263,6 卷,"四庫全書 文淵閣版, V1159.2, p69",1,李洪,,宋,撰
skqs4.org,浪語集,KR4d0264,35 卷,"四庫全書 文淵閣版, V1159.3, p143",1,薛季宣,1134 - 1173,宋,撰
skqs4.org,浪語集,KR4d0264,35 卷,"四庫全書 文淵閣版, V1159.3, p143",2,薛旦,,宋,編
skqs4.org,石湖詩集,KR4d0265,34 卷,"四庫全書 文淵閣版, V1159.4, p593",1,范成大,1126 - 1193,宋,撰
skqs4.org,誠齋集,KR4d0266,133 卷,"四庫全書 文淵閣版, V1160.1, p1 - V1161.1",1,楊萬里,1124 - 1206,宋,撰
skqs4.org,誠齋集,KR4d0266,133 卷,"四庫全書 文淵閣版, V1160.1, p1 - V1161.1",2,楊長孺,,宋,編
skqs4.org,劍南詩槀,KR4d0267,85 卷,"四庫全書 文淵閣版, V1162.1, p1 - V1163.1",1,陸游,1125 - 1210,宋,撰
skqs4.org,劍南詩槀,KR4d0267,85 卷,"四庫全書 文淵閣版, V1162.1, p1 - V1163.1",2,陸子虛,,宋,編
skqs4.org,渭南文集,KR4d0268,50 卷,"四庫全書 文淵閣版, V1163.2, p307",1,陸游,1125 - 1210,宋,撰
skqs4.org,渭南文集,KR4d0268,50 卷,"四庫全書 文淵閣版, V1163.2, p307",2,毛晉,,明,輯
skqs4.org,放翁詩選,KR4d0270,19 卷,"四庫全書 文淵閣版, V1163.3, p727",1,陸游,1125 - 1210,宋,撰
skqs4.org,放翁詩選,KR4d0270,19 卷,"四庫全書 文淵閣版, V1163.3, p727",2,羅椅,,宋,選
skqs4.org,放翁詩選,KR4d0270,19 卷,"四庫全書 文淵閣版, V1163.3, p727",3,劉辰翁,,宋,選
skqs4.org,金陸百詠,KR4d0271,1 卷,"四庫全書 文淵閣版, V1164.1, p1",1,曾極,,宋,撰
skqs4.org,頤菴居士集,KR4d0272,2 卷,"四庫全書 文淵閣版, V1164.2, p17",1,劉應時,,宋,撰
skqs4.org,水心集,KR4d0273,29 卷,"四庫全書 文淵閣版, V1164.3, p33",1,葉適,1150 - 1223,宋,撰
skqs4.org,水心集,KR4d0273,29 卷,"四庫全書 文淵閣版, V1164.3, p33",2,黎諒,,明,編
skqs4.org,南湖集,KR4d0274,10 卷,"四庫全書 文淵閣版, V1164.4, p527",1,張鎡,b. 1153,宋,撰
skqs4.org,南澗甲乙稿,KR4d0275,22 卷,"四庫全書 文淵閣版, V1165.1, p1",1,韓元吉,b. 1118,宋,撰
skqs4.org,自鳴集,KR4d0276,6 卷,"四庫全書 文淵閣版, V1165.2, p379",1,章甫,d. 1105,宋,撰
skqs4.org,客亭類稿,KR4d0277,14 卷,"四庫全書 文淵閣版, V1165.3, p427",1,楊冠卿,,宋,撰
skqs4.org,石屏詩集,KR4d0278,6 卷,"四庫全書 文淵閣版, V1165.4, p549",1,戴復古,,宋,撰
skqs4.org,石屏詩集,KR4d0278,6 卷,"四庫全書 文淵閣版, V1165.4, p549",2,戴敏,,宋,撰
skqs4.org,蓬峯集,KR4d0279,10 卷,"四庫全書 文淵閣版, V1165.5, p661",1,史堯弼,,宋,撰
skqs4.org,江湖長翁集,KR4d0280,40 卷,"四庫全書 文淵閣版, V1166.1, p1",1,陳造,1133 - 1203,宋,撰
skqs4.org,燭湖集,KR4d0281,20 卷,"四庫全書 文淵閣版, V1166.2, p521",1,孫應時,1154 - 1206,宋,撰
skqs4.org,昌谷集,KR4d0282,22 卷,"四庫全書 文淵閣版, V1167.1, p1",1,曹彥約,1157 - 1208,宋,撰
skqs4.org,省齋集,KR4d0283,10 卷,"四庫全書 文淵閣版, V1167.2, p271",1,廖行之,1137 - 1189,宋,撰
skqs4.org,南軒集,KR4d0284,44 卷,"四庫全書 文淵閣版, V1167.3, p413",1,張栻,1133 - 1180,宋,撰
skqs4.org,南軒集,KR4d0284,44 卷,"四庫全書 文淵閣版, V1167.3, p413",2,朱熹,,宋,編
skqs4.org,勉齋集,KR4d0285,40 卷,"四庫全書 文淵閣版, V1168.1, p1",1,黃榦,1152 - 1221,宋,撰
skqs4.org,北溪大全集,KR4d0286,50 卷,"四庫全書 文淵閣版, V1168.2, p501",1,陳淳,1153 - 1217,宋,撰
skqs4.org,北溪大全集,KR4d0286,50 卷,"四庫全書 文淵閣版, V1168.2, p501",2,陳榘,,宋,編
skqs4.org,山房集,KR4d0287,8 卷,"四庫全書 文淵閣版, V1169.1, p1",1,周南,1159 - 1213,宋,撰
skqs4.org,橘山四六,KR4d0288,20 卷,"四庫全書 文淵閣版, V1169.2, p133",1,李廷忠,,宋,撰
skqs4.org,橘山四六,KR4d0288,20 卷,"四庫全書 文淵閣版, V1169.2, p133",2,孫雲翼,,明,注
skqs4.org,竹齋詩集,KR4d0289,3 卷,"四庫全書 文淵閣版, V1169.3, p423",1,裘萬頃,,宋,撰
skqs4.org,後樂集,KR4d0290,20 卷,"四庫全書 文淵閣版, V1169.4, p463",1,衞涇,d. 1226,宋,撰
skqs4.org,華亭百詠,KR4d0291,1 卷,"四庫全書 文淵閣版, V1170.1, p1",1,許尚,,宋,撰
skqs4.org,梅山續藁,KR4d0292,18 卷,"四庫全書 文淵閣版, V1170.2, p11",1,姜特立,,宋,撰
skqs4.org,菊磵集,KR4d0293,1 卷,"四庫全書 文淵閣版, V1170.3, p119",1,高翥,,宋,撰
skqs4.org,菊磵集,KR4d0293,1 卷,"四庫全書 文淵閣版, V1170.3, p119",2,高士奇,,清,輯編
skqs4.org,菊磵集,KR4d0293,1 卷,"四庫全書 文淵閣版, V1170.3, p119",3,高鵬飛,,宋,撰
skqs4.org,菊磵集,KR4d0293,1 卷,"四庫全書 文淵閣版, V1170.3, p119",4,高選,,宋,撰
skqs4.org,菊磵集,KR4d0293,1 卷,"四庫全書 文淵閣版, V1170.3, p119",5,高邁,,宋,撰
skqs4.org,菊磵集,KR4d0293,1 卷,"四庫全書 文淵閣版, V1170.3, p119",6,高似孫,,宋,撰
skqs4.org,性善堂稿,KR4d0294,15 卷,"四庫全書 文淵閣版, V1170.4, p151",1,度正,,宋,撰
skqs4.org,漫塘集,KR4d0295,36 卷,"四庫全書 文淵閣版, V1170.5, p275",1,劉宰,1166 - 1239,宋,撰
skqs4.org,克齋集,KR4d0296,17 卷,"四庫全書 文淵閣版, V1171.1, p1",1,陳文蔚,fl. 1235 - 1258,宋,撰
skqs4.org,芳蘭軒集,KR4d0297,1 卷,"四庫全書 文淵閣版, V1171.2, p145",1,徐照,d. 1231,宋,撰
skqs4.org,二薇亭詩集,KR4d0297,1 卷,"四庫全書 文淵閣版, V1171.3, p159",1,徐璣,1162 - 1214,宋,撰
skqs4.org,西巖集,KR4d0299,1 卷,"四庫全書 文淵閣版, V1171.4, p171",1,翁卷,,宋,撰
skqs4.org,清苑齋詩集,KR4d0299,1 卷,"四庫全書 文淵閣版, V1171.5, p189",1,趙師秀,,宋,撰
skqs4.org,瓜廬集,KR4d0301,1 卷,"四庫全書 文淵閣版, V1171.6, p205",1,薛師石,d. 1228,宋,撰
skqs4.org,洺水集,KR4d0302,30 卷,"四庫全書 文淵閣版, V1171.7, p221",1,程珌,1164 - 1242,宋,撰
skqs4.org,龍川集,KR4d0303,30 卷,"四庫全書 文淵閣版, V1171.8, p497",1,陳亮,1143 - 1194,宋,撰
skqs4.org,龍洲集,KR4d0304,15 卷,"四庫全書 文淵閣版, V1172.1, p1",1,劉過,1154 - 1206,宋,撰
skqs4.org,鶴山集,KR4d0305,109 卷,"四庫全書 文淵閣版, V1172.2, p75 - V1173.1",1,魏了翁,1178 - 1237,宋,撰
skqs4.org,西山文集,KR4d0306,存54 卷,"四庫全書 文淵閣版, V1174.1, p1",1,真德秀,1178 - 1235,宋,撰
skqs4.org,方泉詩集,KR4d0307,4 卷,"四庫全書 文淵閣版, V1175.1, p1",1,周文璞,,宋,撰
skqs4.org,東山詩選,KR4d0308,2 卷,"四庫全書 文淵閣版, V1175.2, p39",1,葛紹體,,宋,撰
skqs4.org,白石道人詩集,KR4d0309,2 卷,"四庫全書 文淵閣版, V1175.3, p63",1,姜夔,ca. 1155 - ca. 1235,宋,撰
skqs4.org,野谷詩稿,KR4d0310,6 卷,"四庫全書 文淵閣版, V1175.4, p89",1,趙汝鐩,d. 1246,宋,撰
skqs4.org,平齋集,KR4d0311,32 卷,"四庫全書 文淵閣版, V1175.5, p133",1,洪咨夔,,宋,撰
skqs4.org,蒙齋集,KR4d0312,20 卷,"四庫全書 文淵閣版, V1175.6, p331",1,袁甫,,宋,撰
skqs4.org,康範詩集,KR4d0313,1 卷,"四庫全書 文淵閣版, V1175.7, p573",1,汪晫,1162 - 1237,宋,撰
skqs4.org,清獻集,KR4d0314,20 卷,"四庫全書 文淵閣版, V1175.8, p599",1,杜範,1181 - 1244,宋,撰
skqs4.org,鶴林集,KR4d0315,40 卷,"四庫全書 文淵閣版, V1176.1, p1",1,吳泳,,宋,撰
skqs4.org,東澗集,KR4d0316,14 卷,"四庫全書 文淵閣版, V1176.2, p397",1,許應龍,d. 1248,宋,撰
skqs4.org,方是閒居士小稿,KR4d0317,2 卷,"四庫全書 文淵閣版, V1176.3, p565",1,劉學箕,,宋,撰
skqs4.org,翠微南征錄,KR4d0318,11 卷,"四庫全書 文淵閣版, V1176.4, p625",1,華岳,,宋,撰
skqs4.org,浣川集,KR4d0319,10 卷,"四庫全書 文淵閣版, V1176.5, p687",1,戴栩,,宋,撰
skqs4.org,漁墅類稿,KR4d0320,8 卷,"四庫全書 文淵閣版, V1176.6, p769",1,陳元晉,,宋,撰
skqs4.org,安晚堂集,KR4d0321,存7 卷,"四庫全書 文淵閣版, V1176.7, p845",1,鄭清之,1176 - 1251,宋,撰
skqs4.org,滄洲塵罐編,KR4d0322,14 卷,"四庫全書 文淵閣版, V1176.8, p889",1,程公許,,宋,撰
skqs4.org,四六標準,KR4d0323,40 卷,"四庫全書 文淵閣版, V1177.1, p1",1,李劉,,宋,撰
skqs4.org,四六標準,KR4d0323,40 卷,"四庫全書 文淵閣版, V1177.1, p1",2,孫雲翼,,明,箋注
skqs4.org,篔窗集,KR4d0324,10 卷,"四庫全書 文淵閣版, V1178.1, p1",1,陳耆卿,,宋,撰
skqs4.org,友林乙稿,KR4d0325,1 卷,"四庫全書 文淵閣版, V1178.2, p89",1,史彌寧,,宋,撰
skqs4.org,方壺存稿,KR4d0326,4 卷,"四庫全書 文淵閣版, V1178.3, p117",1,汪莘,,宋,撰
skqs4.org,鐵菴集,KR4d0327,35 卷,"四庫全書 文淵閣版, V1178.4, p145",1,方大琮,1183 - 1247,宋,撰
skqs4.org,壺山四六,KR4d0328,1 卷,"四庫全書 文淵閣版, V1178.5, p333",1,闕名,,宋,撰
skqs4.org,默齋遺稿,KR4d0329,2 卷,"四庫全書 文淵閣版, V1178.6, p365",1,游九言,fl. 1195 - 1234,宋,撰
skqs4.org,履齋遺稿,KR4d0330,4 卷,"四庫全書 文淵閣版, V1178.7, p389",1,吳潛,d. 1262,宋,撰
skqs4.org,履齋遺稿,KR4d0330,4 卷,"四庫全書 文淵閣版, V1178.7, p389",2,梅鼎祚,,明,編
skqs4.org,臞軒集,KR4d0332,16 卷,"四庫全書 文淵閣版, V1178.8, p441",1,王邁,1184 - 1248,宋,撰
skqs4.org,東野農歌集,KR4d0333,5 卷,"四庫全書 文淵閣版, V1178.9, p683",1,戴昺,,宋,撰
skqs4.org,敝帚藁略,KR4d0334,8 卷,"四庫全書 文淵閣版, V1178.10, p703",1,包恢,1182 - 1268,宋,撰
skqs4.org,清正存稿,KR4d0335,6 卷,"四庫全書 文淵閣版, V1178.11, p805",1,徐鹿卿,1189 - 1250,宋,撰
skqs4.org,[[mandoku:S4b0429.org][S4b0429]] 清正存稿年譜,,,"四庫全書 文淵閣版, V1178.11, p1000",,,,,
skqs4.org,寒松閣集,KR4d0336,3 卷,"四庫全書 文淵閣版, V1179.1, p1",1,詹初,,宋,撰
skqs4.org,滄浪集,KR4d0337,3 卷,"四庫全書 文淵閣版, V1179.2, p27",1,嚴羽,13th cent,宋,撰
skqs4.org,泠然齋詩集,KR4d0338,8 卷,"四庫全書 文淵閣版, V1179.3, p69",1,蘇泂,,宋,撰
skqs4.org,可齋雜藁,KR4d0339,34 卷,"四庫全書 文淵閣版, V1179.4, p163",1,李曾伯,fl. 1246 - 1265,宋,撰
skqs4.org,後村集,KR4d0340,50 卷,"四庫全書 文淵閣版, V1180.1, p1",1,劉克莊,1187 - 1269,宋,撰
skqs4.org,澗泉集,KR4d0342,20 卷,"四庫全書 文淵閣版, V1180.2, p563",1,韓淲,1160 - 1224,宋,撰
skqs4.org,矩山存稿,KR4d0343,5 卷,"四庫全書 文淵閣版, V1181.1, p1",1,徐經孫,1192 - 1237,宋,撰
skqs4.org,雪窗集,KR4d0344,2 卷,"四庫全書 文淵閣版, V1181.2, p61",1,孫夢觀,1200 - 1257,宋,撰
skqs4.org,文溪集,KR4d0345,20 卷,"四庫全書 文淵閣版, V1181.3, p113",1,李昴英,1201 - 1257,宋,撰
skqs4.org,庸齋集,KR4d0346,6 卷,"四庫全書 文淵閣版, V1181.4, p235",1,趙汝騰,d. 1261,宋,撰
skqs4.org,彝齋文編,KR4d0347,4 卷,"四庫全書 文淵閣版, V1181.5, p305",1,趙孟堅,1199 - 1295,宋,撰
skqs4.org,張氏拙軒集,KR4d0348,6 卷,"四庫全書 文淵閣版, V1181.6, p369",1,張侃,,宋,撰
skqs4.org,玉楮集,KR4d0349,8 卷,"四庫全書 文淵閣版, V1181.7, p441",1,岳珂,1173? - ca. 1240,宋,撰
skqs4.org,靈巖集,KR4d0350,8 卷,"四庫全書 文淵閣版, V1181.8, p501",1,唐士恥,,宋,撰
skqs4.org,楳野集,KR4d0351,12 卷,"四庫全書 文淵閣版, V1181.9, p599",1,徐元杰,1245 - 1294,宋,撰
skqs4.org,恥堂存稿,KR4d0352,8 卷,"四庫全書 文淵閣版, V1182.1, p1",1,高斯得,,宋,撰
skqs4.org,秋崖集,KR4d0353,40 卷,"四庫全書 文淵閣版, V1182.2, p131",1,方岳,1199 - 1262,宋,撰
skqs4.org,藝隱橫舟稿,KR4d0354,1 卷,"四庫全書 文淵閣版, V1182.3, p617",1,施樞,,宋,撰
skqs4.org,蒙川遺稿,KR4d0355,4 卷,"四庫全書 文淵閣版, V1182.4, p639",1,劉黻,d. 1276,宋,撰
skqs4.org,蒙川遺稿,KR4d0355,4 卷,"四庫全書 文淵閣版, V1182.4, p639",2,劉應奎,,元,編
skqs4.org,雪磯叢稿,KR4d0356,5 卷,"四庫全書 文淵閣版, V1182.5, p689",1,樂雷發,,宋,撰
skqs4.org,北礀集,KR4d0357,10 卷,"四庫全書 文淵閣版, V1183.1, p1",1,釋居簡,,宋,撰
skqs4.org,西塍集,KR4d0358,1 卷,"四庫全書 文淵閣版, V1183.2, p175",1,宋伯仁,fl. 1237 - 1261,宋,撰
skqs4.org,梅屋集,KR4d0359,5 卷,"四庫全書 文淵閣版, V1183.3, p187",1,許棐,fl. 1225,宋,撰
skqs4.org,孝詩,KR4d0360,1 卷,"四庫全書 文淵閣版, V1183.4, p213",1,林同,13th cent,宋,撰
skqs4.org,字溪集,KR4d0361,11 卷,"四庫全書 文淵閣版, V1183.5, p253",1,陽枋,1187 - 1267,宋,撰
skqs4.org,勿齋集,KR4d0362,2 卷,"四庫全書 文淵閣版, V1183.6, p473",1,楊至質,,宋,撰
skqs4.org,巽齋文集,KR4d0363,27 卷,"四庫全書 文淵閣版, V1183.7, p501",1,歐陽守道,,宋,撰
skqs4.org,雪坡集,KR4d0364,50 卷,"四庫全書 文淵閣版, V1184.1, p1",1,姚勉,b. 1216,宋,撰
skqs4.org,雪坡集,KR4d0364,50 卷,"四庫全書 文淵閣版, V1184.1, p1",2,姚龍起,,宋,編
skqs4.org,文山集,KR4d0365,21 卷,"四庫全書 文淵閣版, V1184.2, p359",1,文天祥,1236 - 1282,宋,撰
skqs4.org,文信國集杜詩,KR4d0366,1 卷,"四庫全書 文淵閣版, V1184.3, p805",1,文天祥,1236 - 1282,宋,撰
skqs4.org,疊山集,KR4d0367,5 卷,"四庫全書 文淵閣版, V1184.4, p843",1,謝枋得,1226 - 1289,宋,撰
skqs4.org,本堂集,KR4d0368,94 卷,"四庫全書 文淵閣版, V1185.1, p1",1,陳著,1226 - 1289,宋,撰
skqs4.org,端平詩雋,KR4d0369,4 卷,"四庫全書 文淵閣版, V1185.2, p525",1,周弼,fl. 1228,宋,撰
skqs4.org,端平詩雋,KR4d0369,4 卷,"四庫全書 文淵閣版, V1185.2, p525",2,李龏,,宋,編
skqs4.org,竹溪鬳齋十一藁續集,KR4d0370,30 卷,"四庫全書 文淵閣版, V1185.3, p553",1,林希逸,,宋,撰
skqs4.org,竹溪鬳齋十一藁續集,KR4d0370,30 卷,"四庫全書 文淵閣版, V1185.3, p553",2,林式之,,宋,編
skqs4.org,魯齋集,KR4d0371,20 卷,"四庫全書 文淵閣版, V1186.1, p1",1,王柏,1197 - 1274,宋,撰
skqs4.org,潛山集,KR4d0372,12 卷,"四庫全書 文淵閣版, V1186.2, p293",1,釋文珦,b. 1210,宋,撰
skqs4.org,須溪集,KR4d0374,10 卷,"四庫全書 文淵閣版, V1186.3, p401",1,劉辰翁,1234 - 1297,宋,撰
skqs4.org,須溪四景詩集,KR4d0375,4 卷,"四庫全書 文淵閣版, V1186.4, p637",1,劉辰翁,1234 - 1297,宋,撰
skqs4.org,葦航漫游稿,KR4d0376,4 卷,"四庫全書 文淵閣版, V1186.5, p663",1,胡仲弓,,宋,撰
skqs4.org,蘭臯集,KR4d0377,2 卷,"四庫全書 文淵閣版, V1186.6, p719",1,吳錫疇,1215 - 1276,宋,撰
skqs4.org,雲泉詩,KR4d0378,1 卷,"四庫全書 文淵閣版, V1186.7, p737",1,薛嵎,,宋,撰
skqs4.org,嘉禾百詠,KR4d0379,1 卷,"四庫全書 文淵閣版, V1186.8, p765",1,張堯同,,宋,撰
skqs4.org,柳塘外集,KR4d0380,4 卷,"四庫全書 文淵閣版, V1186.9, p783",1,釋道璨,fl. 1248,宋,撰
skqs4.org,碧梧玩芳集,KR4d0381,24 卷,"四庫全書 文淵閣版, V1187.1, p1",1,馬廷鸞,1223 - 1289,宋,撰
skqs4.org,四明文獻集,KR4d0382,5 卷,"四庫全書 文淵閣版, V1187.2, p181",1,王應麟,1223 - 1296,宋,撰
skqs4.org,四明文獻集,KR4d0382,5 卷,"四庫全書 文淵閣版, V1187.2, p181",2,鄭真,,明,輔輯
skqs4.org,四明文獻集,KR4d0382,5 卷,"四庫全書 文淵閣版, V1187.2, p181",3,陳朝,,明,輔輯
skqs4.org,覆瓿集,KR4d0383,6 卷,"四庫全書 文淵閣版, V1187.3, p275",1,趙必𤩪,1245 - 1294,宋,撰
skqs4.org,閬風集,KR4d0384,12 卷,"四庫全書 文淵閣版, V1187.4, p323",1,舒岳祥,1219 - 1298,宋,撰
skqs4.org,北遊集,KR4d0385,2 卷,"四庫全書 文淵閣版, V1187.5, p449",1,汪夢斗,,宋,撰
skqs4.org,秋堂集,KR4d0386,2 卷,"四庫全書 文淵閣版, V1187.6, p475",1,柴望,1212 - 1280,宋,撰
skqs4.org,蛟峯文集,KR4d0387,7 卷,"四庫全書 文淵閣版, V1187.7, p495",1,方逢辰,1221 - 1291,宋,撰
skqs4.org,蛟峯文集,KR4d0387,7 卷,"四庫全書 文淵閣版, V1187.7, p495",2,方逢振,,宋,撰
skqs4.org,蛟峯文集,KR4d0387,7 卷,"四庫全書 文淵閣版, V1187.7, p495",3,方中,,明,續輯
skqs4.org,秋聲集,KR4d0388,6 卷,"四庫全書 文淵閣版, V1187.8, p627",1,衞宗武,d. 1289,宋,撰
skqs4.org,牟氏陵陽集,KR4d0389,24 卷,"四庫全書 文淵閣版, V1188.1, p1",1,牟巘,1227 - 1311,宋,撰
skqs4.org,湖山類稿,KR4d0390,5 卷,"四庫全書 文淵閣版, V1188.2, p221",1,汪元量,fl. 1279,宋,撰
skqs4.org,晞髮集,KR4d0391,5 卷,"四庫全書 文淵閣版, V1188.3, p281",1,謝翱,1249 - 1295,宋,撰
skqs4.org,晞髮集,KR4d0391,5 卷,"四庫全書 文淵閣版, V1188.3, p281",2,陸大業,,明,編
skqs4.org,晞髮集,KR4d0391,5 卷,"四庫全書 文淵閣版, V1188.3, p281",3,謝翱,1249 - 1295,宋,錄
skqs4.org,晞髮集,KR4d0391,5 卷,"四庫全書 文淵閣版, V1188.3, p281",4,張丁,,明,註
skqs4.org,潛齋集,KR4d0392,11 卷,"四庫全書 文淵閣版, V1188.4, p365",1,何夢桂,,宋,撰
skqs4.org,潛齋集,KR4d0392,11 卷,"四庫全書 文淵閣版, V1188.4, p365",2,何景福,,元,撰
skqs4.org,梅巖文集,KR4d0393,10 卷,"四庫全書 文淵閣版, V1188.5, p531",1,胡次焱,,宋,撰
skqs4.org,梅巖文集,KR4d0393,10 卷,"四庫全書 文淵閣版, V1188.5, p531",2,胡璉,,明,輯編
skqs4.org,梅巖文集,KR4d0393,10 卷,"四庫全書 文淵閣版, V1188.5, p531",3,潘滋,,明,輯編
skqs4.org,四如集,KR4d0394,4 卷,"四庫全書 文淵閣版, V1188.6, p591",1,黃仲元,1231 - 1312,宋,撰
skqs4.org,霽山文集,KR4d0395,5 卷,"四庫全書 文淵閣版, V1188.7, p687",1,林景熙,1242 - 1310,宋,撰
skqs4.org,霽山文集,KR4d0395,5 卷,"四庫全書 文淵閣版, V1188.7, p687",2,章祖程,,元,注
skqs4.org,勿軒集,KR4d0396,8 卷,"四庫全書 文淵閣版, V1188.8, p761",1,熊禾,1247 - 1312,宋,撰
skqs4.org,勿軒集,KR4d0396,8 卷,"四庫全書 文淵閣版, V1188.8, p761",2,熊孟秉,,宋,編
skqs4.org,古梅遺稿,KR4d0397,6 卷,"四庫全書 文淵閣版, V1188.9, p841",1,吳龍翰,fl. 1268 - 1336,宋,撰
skqs4.org,佩韋齋集,KR4d0398,20 卷,"四庫全書 文淵閣版, V1189.1, p1",1,俞德鄰,,宋,撰
skqs4.org,廬山集,KR4d0399,5 卷,"四庫全書 文淵閣版, V1189.2, p167",1,董嗣杲,fl. 1274,宋,撰
skqs4.org,西湖百詠,KR4d0400,2 卷,"四庫全書 文淵閣版, V1189.3, p233",1,董嗣杲,fl. 1274,宋,撰
skqs4.org,西湖百詠,KR4d0400,2 卷,"四庫全書 文淵閣版, V1189.3, p233",2,陳贄和,,明,韻
skqs4.org,則堂集,KR4d0401,6 卷,"四庫全書 文淵閣版, V1189.4, p273",1,家鉉翁,fl. 1295,宋,撰
skqs4.org,富山遺稿,KR4d0402,10 卷,"四庫全書 文淵閣版, V1189.5, p365",1,方夔,,宋,撰
skqs4.org,真山民集,KR4d0403,1 卷,"四庫全書 文淵閣版, V1189.6, p447",1,真桂芳,,宋,撰
skqs4.org,百正集,KR4d0404,3 卷,"四庫全書 文淵閣版, V1189.7, p463",1,連文鳳,fl. 1300,宋,撰
skqs4.org,月洞吟,KR4d0405,1 卷,"四庫全書 文淵閣版, V1189.8, p489",1,王鎡,,宋,撰
skqs4.org,伯牙琴,KR4d0406,1 卷,"四庫全書 文淵閣版, V1189.9, p501",1,鄧牧,1247 - 1306,宋,撰
skqs4.org,存雅堂遺稿,KR4d0407,5 卷,"四庫全書 文淵閣版, V1189.10, p525",1,方鳳,1241 - 1322,宋,撰
skqs4.org,存雅堂遺稿,KR4d0407,5 卷,"四庫全書 文淵閣版, V1189.10, p525",2,張燧,,清,輯
skqs4.org,吾汶藁,KR4d0408,10 卷,"四庫全書 文淵閣版, V1189.11, p561",1,王炎午,,宋,撰
skqs4.org,在軒集,KR4d0409,1 卷,"四庫全書 文淵閣版, V1189.12, p629",1,黃公紹,,宋,撰
skqs4.org,紫巖詩選,KR4d0410,3 卷,"四庫全書 文淵閣版, V1189.13, p653",1,于石,,宋,撰
skqs4.org,紫巖詩選,KR4d0410,3 卷,"四庫全書 文淵閣版, V1189.13, p653",2,吳師道,,元,編
skqs4.org,九華詩集,KR4d0411,1 卷,"四庫全書 文淵閣版, V1189.14, p687",1,陳巖,d. 1299,宋,撰
skqs4.org,寧極齋稿,KR4d0412,1 卷,"四庫全書 文淵閣版, V1189.15, p713",1,陳深,fl. 1279 - 1328,宋,撰
skqs4.org,寧極齋稿,KR4d0412,1 卷,"四庫全書 文淵閣版, V1189.15, p713",2,陳植,,元,撰
skqs4.org,自堂存藁,KR4d0413,4 卷,"四庫全書 文淵閣版, V1189.16, p739",1,陳杰,,宋,撰
skqs4.org,仁山文集,KR4d0414,4 卷,"四庫全書 文淵閣版, V1189.17, p783",1,金履祥,1232 - 1303,宋,撰
skqs4.org,心泉學詩稿,KR4d0415,6 卷,"四庫全書 文淵閣版, V1189.18, p835",1,蒲壽宬,fl. 1272,宋,撰
skqs4.org,拙軒集,KR4d0416,6 卷,"四庫全書 文淵閣版, V1190.1, p1",1,王寂,,金,撰
skqs4.org,滏水集,KR4d0417,20 卷,"四庫全書 文淵閣版, V1190.2, p55",1,趙秉文,1159 - 1232,金,撰
skqs4.org,滹南集,KR4d0418,45 卷,"四庫全書 文淵閣版, V1190.3, p267",1,王若虛,1174 - 1243,金,撰
skqs4.org,莊靖集,KR4d0419,10 卷,"四庫全書 文淵閣版, V1190.4, p519",1,李俊民,,金,撰
skqs4.org,遺山集,KR4d0420,40 卷,"四庫全書 文淵閣版, V1191.1, p1",1,元好問,1190 - 1257?,金,撰
skqs4.org,湛然居士集,KR4d0421,14 卷,"四庫全書 文淵閣版, V1191.2, p487",1,耶律楚材,1190 - 1243,元,撰
skqs4.org,藏春集,KR4d0422,5 卷,"四庫全書 文淵閣版, V1191.3, p633",1,劉秉忠,,元,撰
skqs4.org,藏春集,KR4d0422,5 卷,"四庫全書 文淵閣版, V1191.3, p633",2,商挺,,元,編
skqs4.org,淮陽集,KR4d0423,1 卷,"四庫全書 文淵閣版, V1191.4, p703",1,張弘範,d. 1280,元,撰
skqs4.org,陵川集,KR4d0424,39 卷,"四庫全書 文淵閣版, V1192.1, p1",1,郝經,1223 - 1275,元,撰
skqs4.org,歸田類稿,KR4d0425,22 卷,"四庫全書 文淵閣版, V1192.2, p471",1,張養浩,1269 - 1329,元,撰
skqs4.org,白雲集,KR4d0426,3 卷,"四庫全書 文淵閣版, V1192.3, p663",1,釋英,,元,撰
skqs4.org,稼村類藁,KR4d0427,30 卷,"四庫全書 文淵閣版, V1193.1, p1",1,王義山,1214 - 1287,元,撰
skqs4.org,桐江續集,KR4d0428,36 卷,"四庫全書 文淵閣版, V1193.2, p219",1,方回,b. 1227,元,撰
skqs4.org,野趣有聲畫,KR4d0429,2 卷,"四庫全書 文淵閣版, V1193.3, p729",1,楊公遠,,元,撰
skqs4.org,月屋漫稿,KR4d0430,1 卷,"四庫全書 文淵閣版, V1193.4, p777",1,黃庚,,元,撰
skqs4.org,剡源文集,KR4d0431,30 卷,"四庫全書 文淵閣版, V1194.1, p1",1,戴表元,1244 - 1310,元,撰
skqs4.org,剩語,KR4d0432,2 卷,"四庫全書 文淵閣版, V1194.2, p397",1,艾性夫,,元,撰
skqs4.org,養蒙文集,KR4d0433,10 卷,"四庫全書 文淵閣版, V1194.3, p429",1,張伯淳,1242 - 1302,元,撰
skqs4.org,牆東類稿,KR4d0434,20 卷,"四庫全書 文淵閣版, V1194.4, p527",1,陸文圭,1256 - 1340,元,撰
skqs4.org,青山集,KR4d0435,8 卷,"四庫全書 文淵閣版, V1195.1, p1",1,趙文,fl. 1264,元,撰
skqs4.org,桂隱文集,KR4d0436,4 卷,"四庫全書 文淵閣版, V1195.2, p115",1,劉詵,,元,撰
skqs4.org,水雲村槀,KR4d0437,15 卷,"四庫全書 文淵閣版, V1195.3, p335",1,劉壎,1240 - 1319,元,撰
skqs4.org,巴西集,KR4d0438,2 卷,"四庫全書 文淵閣版, V1195.4, p507",1,鄧文原,1258 - 1328,元,撰
skqs4.org,屏巖小稿,KR4d0439,1 卷,"四庫全書 文淵閣版, V1195.5, p579",1,張觀光,,元,撰
skqs4.org,玉斗山人集,KR4d0440,3 卷,"四庫全書 文淵閣版, V1195.6, p627",1,王奕,,元,撰
skqs4.org,谷響集,KR4d0441,3 卷,"四庫全書 文淵閣版, V1195.7, p659",1,釋善住,,元,撰
skqs4.org,竹素山房詩集,KR4d0442,3 卷,"四庫全書 文淵閣版, V1195.8, p739",1,吾丘衍,d. 1311,元,撰
skqs4.org,紫山大全集,KR4d0443,26 卷,"四庫全書 文淵閣版, V1196.1, p1",1,胡祗遹,,元,撰
skqs4.org,松鄉集,KR4d0444,10 卷,"四庫全書 文淵閣版, V1196.2, p487",1,任士林,1253 - 1309,元,撰
skqs4.org,松雪齋集,KR4d0445,10 卷,"四庫全書 文淵閣版, V1196.3, p597",1,趙孟頫,1254 - 1322,元,撰
skqs4.org,吳文正集,KR4d0446,存98 卷,"四庫全書 文淵閣版, V1197.1, p1",1,吳澄,1249 - 1331,元,撰
skqs4.org,吳文正集,KR4d0446,存98 卷,"四庫全書 文淵閣版, V1197.1, p1",2,吳當,,元,編
skqs4.org,金淵集,KR4d0447,6 卷,"四庫全書 文淵閣版, V1198.1, p1",1,仇遠,b. 1261,元,撰
skqs4.org,山村遺集,KR4d0448,1 卷,"四庫全書 文淵閣版, V1198.2, p63",1,仇遠,b. 1261,元,撰
skqs4.org,山村遺集,KR4d0448,1 卷,"四庫全書 文淵閣版, V1198.2, p63",2,項夢昶,,清,編
skqs4.org,湛淵集,KR4d0449,1 卷,"四庫全書 文淵閣版, V1198.3, p87",1,白珽,1248 - 1328,元,撰
skqs4.org,湛淵集,KR4d0449,1 卷,"四庫全書 文淵閣版, V1198.3, p87",2,宋濂,,明,撰
skqs4.org,牧潛集,KR4d0450,7 卷,"四庫全書 文淵閣版, V1198.4, p107",1,釋圓至,1256 - 1289,元,撰
skqs4.org,小亨集,KR4d0451,6 卷,"四庫全書 文淵閣版, V1198.5, p159",1,楊弘道,fl. 1234,元,撰
skqs4.org,還山遺稿,KR4d0452,2 卷,"四庫全書 文淵閣版, V1198.6, p219",1,楊奐,1186 - 1255,元,撰
skqs4.org,還山遺稿,KR4d0452,2 卷,"四庫全書 文淵閣版, V1198.6, p219",2,宋挺佐,,明,輯
skqs4.org,魯齋遺書,KR4d0453,14 卷,"四庫全書 文淵閣版, V1198.7, p273",1,許衡,1200 - 1281,元,撰
skqs4.org,靜修集,KR4d0454,25 卷,"四庫全書 文淵閣版, V1198.8, p481",1,劉因,1249 - 1293,元,撰
skqs4.org,青崖集,KR4d0455,5 卷,"四庫全書 文淵閣版, V1198.9, p689",1,魏初,fl. 1260 - 1290,元,撰
skqs4.org,養吾齋集,KR4d0456,32 卷,"四庫全書 文淵閣版, V1199.1, p1",1,劉將孫,,元,撰
skqs4.org,存悔齋稿,KR4d0457,1 卷,"四庫全書 文淵閣版, V1199.2, p323",1,龔璛,1266 - 1331,元,撰
skqs4.org,存悔齋稿,KR4d0457,1 卷,"四庫全書 文淵閣版, V1199.2, p323",2,朱存理,,明,輯
skqs4.org,雙溪醉隱集,KR4d0458,6 卷,"四庫全書 文淵閣版, V1199.3, p355",1,耶律鑄,,元,撰
skqs4.org,東庵集,KR4d0459,4 卷,"四庫全書 文淵閣版, V1199.4, p493",1,滕安上,1242 - 1295,元,撰
skqs4.org,白雲集,KR4d0460,4 卷,"四庫全書 文淵閣版, V1199.5, p529",1,許謙,1270 - 1337,元,撰
skqs4.org,白雲集,KR4d0460,4 卷,"四庫全書 文淵閣版, V1199.5, p529",2,李伸,,明,編
skqs4.org,畏齋集,KR4d0461,6 卷,"四庫全書 文淵閣版, V1199.6, p609",1,程端禮,1271 - 1345,元,撰
skqs4.org,默庵集,KR4d0462,5 卷,"四庫全書 文淵閣版, V1199.7, p707",1,安熙,1268 - 1311,元,撰
skqs4.org,雲峯集,KR4d0463,8 卷,"四庫全書 文淵閣版, V1199.8, p735",1,胡炳文,1250 - 1333,元,撰
skqs4.org,秋澗集,KR4d0464,100 卷,"四庫全書 文淵閣版, V1200.1, p1 - V1201.1",1,王惲,1227 - 1304,元,撰
skqs4.org,牧庵集,KR4d0465,36 卷,"四庫全書 文淵閣版, V1201.2, p401",1,姚燧,1238 - 1314,元,撰
skqs4.org,牧庵集,KR4d0465,36 卷,"四庫全書 文淵閣版, V1201.2, p401",2,劉致,,元,撰
skqs4.org,雪樓集,KR4d0466,30 卷,"四庫全書 文淵閣版, V1202.1, p1",1,程鉅夫,1249 - 1318,元,撰
skqs4.org,雪樓集,KR4d0466,30 卷,"四庫全書 文淵閣版, V1202.1, p1",2,程世京,,元,編錄
skqs4.org,曹文貞公詩集,KR4d0467,10 卷,"四庫全書 文淵閣版, V1202.2, p475",1,曹伯啟,1255 - 1333,元,撰
skqs4.org,芳谷集,KR4d0468,2 卷,"四庫全書 文淵閣版, V1202.3, p543",1,徐明善,,元,撰
skqs4.org,陳剛中詩集,KR4d0469,3 卷,"四庫全書 文淵閣版, V1202.4, p613",1,陳孚,1240 - 1303,元,撰
skqs4.org,秋巖詩集,KR4d0470,2 卷,"四庫全書 文淵閣版, V1202.5, p673",1,陳宜甫,1255 - 1299,元,撰
skqs4.org,玉井樵唱,KR4d0471,3 卷,"四庫全書 文淵閣版, V1202.6, p693",1,尹廷高,,元,撰
skqs4.org,蘭軒集,KR4d0472,16 卷,"四庫全書 文淵閣版, V1202.7, p727",1,王旭,fl. 1290,元,撰
skqs4.org,清容居士集,KR4d0473,50 卷,"四庫全書 文淵閣版, V1203.1, p1",1,袁桷,1267 - 1327,元,撰
skqs4.org,此山詩集,KR4d0474,10 卷,"四庫全書 文淵閣版, V1204.1, p1",1,周權,fl. 1322 - 1334,元,撰
skqs4.org,此山詩集,KR4d0474,10 卷,"四庫全書 文淵閣版, V1204.1, p1",2,陳旅,,元,選
skqs4.org,霞外詩集,KR4d0475,10 卷,"四庫全書 文淵閣版, V1204.2, p55",1,馬臻,,元,撰
skqs4.org,申齋集,KR4d0476,10 卷,"四庫全書 文淵閣版, V1204.3, p171",1,劉岳申,,元,撰
skqs4.org,申齋集,KR4d0476,10 卷,"四庫全書 文淵閣版, V1204.3, p171",2,蕭洵,,元,編
skqs4.org,西巖集,KR4d0477,20 卷,"四庫全書 文淵閣版, V1204.4, p361",1,張之翰,fl. 1276,元,撰
skqs4.org,蒲室集,KR4d0478,15 卷,"四庫全書 文淵閣版, V1204.5, p525",1,釋大訢,,元,撰
skqs4.org,弁山小隱吟錄,KR4d0479,2 卷,"四庫全書 文淵閣版, V1205.1, p1",1,黃玠,,元,撰
skqs4.org,續軒渠集,KR4d0480,10 卷,"四庫全書 文淵閣版, V1205.2, p57",1,洪希文,1282 - 1366,元,撰
skqs4.org,續軒渠集,KR4d0480,10 卷,"四庫全書 文淵閣版, V1205.2, p57",2,洪巖虎,,元,撰
skqs4.org,定宇集,KR4d0481,16 卷,"四庫全書 文淵閣版, V1205.3, p151",1,陳櫟,1252 - 1334,元,撰
skqs4.org,艮齋詩集,KR4d0482,14 卷,"四庫全書 文淵閣版, V1205.4, p451",1,侯克中,,元,撰
skqs4.org,知非堂稿,KR4d0483,6 卷,"四庫全書 文淵閣版, V1205.5, p523",1,何中,1265 - 1332,元,撰
skqs4.org,雲林集,KR4d0484,6 卷,"四庫全書 文淵閣版, V1205.6, p595",1,貢奎,1268 - 1329,元,撰
skqs4.org,梅花字字香,KR4d0485,2 卷,"四庫全書 文淵閣版, V1205.7, p667",1,郭豫亨,fl. 1311,元,撰
skqs4.org,中庵集,KR4d0486,20 卷,"四庫全書 文淵閣版, V1206.1, p1",1,劉敏中,1243 - 1318,元,撰
skqs4.org,文忠集,KR4d0487,6 卷,"四庫全書 文淵閣版, V1206.2, p201",1,王結,1275 - 1336,元,撰
skqs4.org,靜春堂詩集,KR4d0488,4 卷,"四庫全書 文淵閣版, V1206.3, p263",1,袁易,1262 - 1306,元,撰
skqs4.org,惟實集,KR4d0489,7 卷,"四庫全書 文淵閣版, V1206.4, p295",1,劉鶚,1290 - 1364,元,撰
skqs4.org,勤齋集,KR4d0490,8 卷,"四庫全書 文淵閣版, V1206.5, p377",1,蕭㪺,1230 - 1307,元,撰
skqs4.org,石田文集,KR4d0491,15 卷,"四庫全書 文淵閣版, V1206.6, p459",1,馬祖常,1279 - 1338,元,撰
skqs4.org,榘菴集,KR4d0492,15 卷,"四庫全書 文淵閣版, V1206.7, p659",1,同恕,1254 - 1331,元,撰
skqs4.org,道園學古錄,KR4d0493,50 卷,"四庫全書 文淵閣版, V1207.1, p1",1,虞集,1272 - 1348,元,撰
skqs4.org,道園遺稿,KR4d0494,6 卷,"四庫全書 文淵閣版, V1207.2, p707",1,虞集,1272 - 1348,元,撰
skqs4.org,道園遺稿,KR4d0494,6 卷,"四庫全書 文淵閣版, V1207.2, p707",2,虞堪,,明,編
skqs4.org,楊仲弘集,KR4d0495,8 卷,"四庫全書 文淵閣版, V1208.1, p1",1,楊戴,1271 - 1323,元,撰
skqs4.org,范德機詩集,KR4d0496,8 卷,"四庫全書 文淵閣版, V1208.2, p67",1,范梈,1272 - 1330,元,撰
skqs4.org,文安集,KR4d0497,14 卷,"四庫全書 文淵閣版, V1208.3, p149",1,揭傒斯,1274 - 1344,元,撰
skqs4.org,文安集,KR4d0497,14 卷,"四庫全書 文淵閣版, V1208.3, p149",2,錫喇布哈,,元,編
skqs4.org,翠寒集,KR4d0498,1 卷,"四庫全書 文淵閣版, V1208.4, p303",1,宋無,1260 - 1340,元,撰
skqs4.org,檜亭集,KR4d0499,9 卷,"四庫全書 文淵閣版, V1208.5, p335",1,丁復,,元,撰
skqs4.org,檜亭集,KR4d0499,9 卷,"四庫全書 文淵閣版, V1208.5, p335",2,饒介之,,元,輯
skqs4.org,檜亭集,KR4d0499,9 卷,"四庫全書 文淵閣版, V1208.5, p335",3,李謙之,,元,輯
skqs4.org,伊濱集,KR4d0500,24 卷,"四庫全書 文淵閣版, V1208.6, p391",1,王沂,,元,撰
skqs4.org,淵穎集,KR4d0501,12 卷,"四庫全書 文淵閣版, V1209.1, p1",1,吳萊,1297 - 1340,元,撰
skqs4.org,淵穎集,KR4d0501,12 卷,"四庫全書 文淵閣版, V1209.1, p1",2,宋濂,,明,編
skqs4.org,文獻集,KR4d0502,10 卷,"四庫全書 文淵閣版, V1209.2, p215",1,黃溍,1277 - 1357,元,撰
skqs4.org,文獻集,KR4d0502,10 卷,"四庫全書 文淵閣版, V1209.2, p215",2,張儉,,明,編
skqs4.org,圭齋文集,KR4d0504,15 卷,"四庫全書 文淵閣版, V1210.1, p1",1,歐陽玄,1283 - 1357,元,撰
skqs4.org,待制集,KR4d0505,20 卷,"四庫全書 文淵閣版, V1210.2, p177",1,柳貫,1270 - 1342,元,撰
skqs4.org,待制集,KR4d0505,20 卷,"四庫全書 文淵閣版, V1210.2, p177",2,宋濂,,明,編
skqs4.org,所安遺集,KR4d0506,1 卷,"四庫全書 文淵閣版, V1210.3, p543",1,陳泰,,元,撰
skqs4.org,閑居叢稿,KR4d0507,26 卷,"四庫全書 文淵閣版, V1210.4, p567",1,蒲道源,1260 - 1366,元,撰
skqs4.org,閑居叢稿,KR4d0507,26 卷,"四庫全書 文淵閣版, V1210.4, p567",2,蒲機,,元,編
skqs4.org,至正集,KR4d0508,81 卷,"四庫全書 文淵閣版, V1211.1, p1",1,許有壬,1287 - 1364,元,撰
skqs4.org,圭塘小藁,KR4d0509,13 卷,"四庫全書 文淵閣版, V1211.2, p579",1,許有壬,1287 - 1364,元,撰
skqs4.org,圭塘小藁,KR4d0509,13 卷,"四庫全書 文淵閣版, V1211.2, p579",2,許有孚,,元,編
skqs4.org,圭塘小藁,KR4d0509,13 卷,"四庫全書 文淵閣版, V1211.2, p579",3,許顒,,明,編
skqs4.org,禮部集,KR4d0510,20 卷,"四庫全書 文淵閣版, V1212.1, p1",1,吳師道,1283 - 1344,元,撰
skqs4.org,積齋集,KR4d0511,5 卷,"四庫全書 文淵閣版, V1212.2, p311",1,程端學,,元,撰
skqs4.org,燕石集,KR4d0512,15 卷,"四庫全書 文淵閣版, V1212.3, p367",1,宋褧,,元,撰
skqs4.org,秋聲集,KR4d0513,4 卷,"四庫全書 文淵閣版, V1212.4, p523",1,黃鎮成,1288 - 1362,元,撰
skqs4.org,雁門集,KR4d0514,4 卷,"四庫全書 文淵閣版, V1212.5, p565",1,薩都拉,b. 1308,元,撰
skqs4.org,杏庭摘槀,KR4d0515,1 卷,"四庫全書 文淵閣版, V1212.6, p665",1,洪焱祖,b. 1262,元,撰
skqs4.org,安雅堂集,KR4d0516,13 卷,"四庫全書 文淵閣版, V1213.1, p1",1,陳旅,,元,撰
skqs4.org,安雅堂集,KR4d0516,13 卷,"四庫全書 文淵閣版, V1213.1, p1",2,陳籲,,元,編
skqs4.org,傳與礪集,KR4d0517,20 卷,"四庫全書 文淵閣版, V1213.2, p181",1,傳若金,1304 - 1343,元,撰
skqs4.org,瓢泉吟稿,KR4d0518,5 卷,"四庫全書 文淵閣版, V1213.3, p373",1,朱晞顏,1221 - 1279,元,撰
skqs4.org,筠軒集,KR4d0521,13 卷,"四庫全書 文淵閣版, V1213.4, p427",1,唐元,,元,撰
skqs4.org,俟菴集,KR4d0522,30 卷,"四庫全書 文淵閣版, V1213.5, p597",1,李存,1281 - 1354,元,撰
skqs4.org,滋溪文稿,KR4d0523,30 卷,"四庫全書 文淵閣版, V1214.1, p1",1,蘇天爵,1294 - 1352,元,撰
skqs4.org,青陽集,KR4d0524,6 卷,"四庫全書 文淵閣版, V1214.2, p361",1,余闕,1303 - 1358,元,撰
skqs4.org,鯨背吟集,KR4d0525,1 卷,"四庫全書 文淵閣版, V1214.3, p427",1,朱晞顏,1221 - 1279,元,撰
skqs4.org,經濟文集,KR4d0526,6 卷,"四庫全書 文淵閣版, V1214.4, p433",1,李士瞻,1313 - 1367,元,撰
skqs4.org,經濟文集,KR4d0526,6 卷,"四庫全書 文淵閣版, V1214.4, p433",2,李伸,,明,編
skqs4.org,近光集,KR4d0527,3 卷,"四庫全書 文淵閣版, V1214.5, p505",1,周伯琦,1298 - 1369,元,撰
skqs4.org,純白齋類稿,KR4d0528,20 卷,"四庫全書 文淵閣版, V1214.6, p551",1,胡助,fl. 1345,元,撰
skqs4.org,圭峯集,KR4d0529,2 卷,"四庫全書 文淵閣版, V1214.7, p687",1,盧琦,,元,撰
skqs4.org,蛻菴集,KR4d0530,5 卷,"四庫全書 文淵閣版, V1215.1, p1",1,張翥,1287 - 1368,元,撰
skqs4.org,五峰集,KR4d0531,10 卷,"四庫全書 文淵閣版, V1215.2, p91",1,李孝光,1297 - 1348,元,撰
skqs4.org,野處集,KR4d0532,4 卷,"四庫全書 文淵閣版, V1215.3, p185",1,邵亨貞,1309 - 1401,元,撰
skqs4.org,夢觀集,KR4d0533,5 卷,"四庫全書 文淵閣版, V1215.4, p227",1,釋大圭,,元,撰
skqs4.org,金臺集,KR4d0534,2 卷,"四庫全書 文淵閣版, V1215.5, p261",1,納延,,元,撰
skqs4.org,子淵詩集,KR4d0535,6 卷,"四庫全書 文淵閣版, V1215.6, p307",1,張仲深,,元,撰
skqs4.org,午溪集,KR4d0536,10 卷,"四庫全書 文淵閣版, V1215.7, p355",1,陳鎰,,元,撰
skqs4.org,藥房樵唱,KR4d0537,3 卷,"四庫全書 文淵閣版, V1215.8, p419",1,吳景奎,1292 - 1355,元,撰
skqs4.org,栲栳山人詩集,KR4d0538,3 卷,"四庫全書 文淵閣版, V1215.9, p459",1,岑安卿,1286 - 1355,元,撰
skqs4.org,梅花道人遺墨,KR4d0539,2 卷,"四庫全書 文淵閣版, V1215.10, p491",1,吳鎮,1280 - 1354,元,撰
skqs4.org,梅花道人遺墨,KR4d0539,2 卷,"四庫全書 文淵閣版, V1215.10, p491",2,錢棻,,明,輯
skqs4.org,玩齋集,KR4d0540,10 卷,"四庫全書 文淵閣版, V1215.11, p509",1,貢師泰,1298 - 1362,元,撰
skqs4.org,玩齋集,KR4d0540,10 卷,"四庫全書 文淵閣版, V1215.11, p509",2,沈性,,明,編
skqs4.org,羽庭集,KR4d0541,6 卷,"四庫全書 文淵閣版, V1216.1, p1",1,劉仁本,,元,撰
skqs4.org,不繫舟漁集,KR4d0542,15 卷,"四庫全書 文淵閣版, V1216.2, p121",1,陳高,,元,撰
skqs4.org,居竹軒詩集,KR4d0543,4 卷,"四庫全書 文淵閣版, V1216.3, p277",1,成廷珪,,元,撰
skqs4.org,句曲外史集,KR4d0544,3 卷,"四庫全書 文淵閣版, V1216.4, p351",1,張雨,1277 - 1348,元,撰
skqs4.org,僑吳集,KR4d0545,12 卷,"四庫全書 文淵閣版, V1216.5, p421",1,鄭元祐,1292 - 1364,元,撰
skqs4.org,僑吳集,KR4d0545,12 卷,"四庫全書 文淵閣版, V1216.5, p421",2,張習,,明,重編
skqs4.org,詠物詩,KR4d0546,1 卷,"四庫全書 文淵閣版, V1216.6, p619",1,謝宗可,,元,撰
skqs4.org,鹿皮子集,KR4d0547,4 卷,"四庫全書 文淵閣版, V1216.7, p635",1,陳樵,1278 - 1365,元,撰
skqs4.org,林外野言,KR4d0548,2 卷,"四庫全書 文淵閣版, V1216.8, p699",1,郭翼,1305 - 1364,元,撰
skqs4.org,傲軒吟稿,KR4d0549,1 卷,"四庫全書 文淵閣版, V1216.9, p725",1,胡天游,,元,撰
skqs4.org,師山集,KR4d0550,8 卷,"四庫全書 文淵閣版, V1217.1, p1",1,鄭玉,1298 - 1358,元,撰
skqs4.org,友石山人遺稿,KR4d0551,1 卷,"四庫全書 文淵閣版, V1217.2, p129",1,王翰,1333 - 1378,元,撰
skqs4.org,友石山人遺稿,KR4d0551,1 卷,"四庫全書 文淵閣版, V1217.2, p129",2,王偁,,明,輯
skqs4.org,聞過齋集,KR4d0552,8 卷,"四庫全書 文淵閣版, V1217.3, p143",1,吳海,fl. 1367,元,撰
skqs4.org,聞過齋集,KR4d0552,8 卷,"四庫全書 文淵閣版, V1217.3, p143",2,王偁,,明,編
skqs4.org,學言稿,KR4d0553,6 卷,"四庫全書 文淵閣版, V1217.4, p253",1,吳當,,元,撰
skqs4.org,北郭集,KR4d0554,6 卷,"四庫全書 文淵閣版, V1217.5, p317",1,許恕,,元,撰
skqs4.org,北郭集,KR4d0554,6 卷,"四庫全書 文淵閣版, V1217.5, p317",2,許節,,明,編
skqs4.org,北郭集,KR4d0554,6 卷,"四庫全書 文淵閣版, V1217.5, p317",3,許節,,明,撰
skqs4.org,玉笥集,KR4d0555,10 卷,"四庫全書 文淵閣版, V1217.6, p365",1,張憲,1014 - 1080,元,撰
skqs4.org,青村遺稿,KR4d0556,1 卷,"四庫全書 文淵閣版, V1217.7, p473",1,金涓,fl. 1368,元,撰
skqs4.org,青村遺稿,KR4d0556,1 卷,"四庫全書 文淵閣版, V1217.7, p473",2,金魁,,明,輯
skqs4.org,鶴年詩集,KR4d0557,3 卷,"四庫全書 文淵閣版, V1217.8, p493",1,丁鶴年,1335 - 1424,元,撰
skqs4.org,貞素齋集,KR4d0558,8 卷,"四庫全書 文淵閣版, V1217.9, p547",1,舒頔,1304 - 1377,元,撰
skqs4.org,一山文集,KR4d0559,9 卷,"四庫全書 文淵閣版, V1217.10, p685",1,李繼本,,元,撰
skqs4.org,一山文集,KR4d0559,9 卷,"四庫全書 文淵閣版, V1217.10, p685",2,李伸,,明,編
skqs4.org,江月松風集,KR4d0560,12 卷,"四庫全書 文淵閣版, V1217.11, p795",1,錢惟善,,元,撰
skqs4.org,龜巢稿,KR4d0561,17 卷,"四庫全書 文淵閣版, V1218.1, p1",1,謝應芳,1296? - 1392?,元,撰
skqs4.org,石初集,KR4d0562,10 卷,"四庫全書 文淵閣版, V1218.2, p457",1,周霆震,1292 - 1379,元,撰
skqs4.org,山窗餘稿,KR4d0563,1 卷,"四庫全書 文淵閣版, V1218.3, p535",1,甘復,,元,撰
skqs4.org,梧溪集,KR4d0564,7 卷,"四庫全書 文淵閣版, V1218.4, p563",1,王逢,1319 - 1388,元,撰
skqs4.org,吾吾類稿,KR4d0565,3 卷,"四庫全書 文淵閣版, V1219.1, p1",1,吳臯,,元,撰
skqs4.org,樵雲獨唱,KR4d0566,6 卷,"四庫全書 文淵閣版, V1219.2, p45",1,葉顒,1101 - 1168,元,撰
skqs4.org,桐山老農集,KR4d0567,4 卷,"四庫全書 文淵閣版, V1219.3, p123",1,魯貞,fl. 1334,元,撰
skqs4.org,靜思集,KR4d0568,10 卷,"四庫全書 文淵閣版, V1219.4, p155",1,郭鈺,,元,撰
skqs4.org,九靈山房集,KR4d0569,30 卷,"四庫全書 文淵閣版, V1219.5, p253",1,戴良,1317 - 1383,元,撰
skqs4.org,灤京雜詠,KR4d0570,1 卷,"四庫全書 文淵閣版, V1219.6, p617",1,楊允孚,,元,撰
skqs4.org,雲陽集,KR4d0571,10 卷,"四庫全書 文淵閣版, V1219.7, p629",1,李祁,,元,撰
skqs4.org,南湖集,KR4d0572,2 卷,"四庫全書 文淵閣版, V1220.1, p1",1,貢性之,,元,撰
skqs4.org,佩玉齋類藁,KR4d0573,10 卷,"四庫全書 文淵閣版, V1220.2, p49",1,楊翮,fl. 1346,元,撰
skqs4.org,玉山璞稿,KR4d0574,1 卷,"四庫全書 文淵閣版, V1220.3, p127",1,顧瑛,1310 - 1369,元,撰
skqs4.org,清閟閣全集,KR4d0576,12 卷,"四庫全書 文淵閣版, V1220.4, p151",1,倪瓚,1301 - 1374,元,撰
skqs4.org,清閟閣全集,KR4d0576,12 卷,"四庫全書 文淵閣版, V1220.4, p151",2,曹培廉,,明,編
skqs4.org,麟原文集,KR4d0577,24 卷,"四庫全書 文淵閣版, V1220.5, p357",1,王禮,1314 - 1389,元,撰
skqs4.org,來鶴亭集,KR4d0578,8 卷,"四庫全書 文淵閣版, V1220.6, p569",1,呂誠,,元,撰
skqs4.org,雲松巢集,KR4d0579,3 卷,"四庫全書 文淵閣版, V1220.7, p621",1,朱希晦,,元,撰
skqs4.org,環谷集,KR4d0580,8 卷,"四庫全書 文淵閣版, V1220.8, p649",1,汪克寬,1304 - 1372,元,撰
skqs4.org,性情集,KR4d0581,6 卷,"四庫全書 文淵閣版, V1221.1, p1",1,周巽,fl. 1376,元,撰
skqs4.org,花谿集,KR4d0582,3 卷,"四庫全書 文淵閣版, V1221.2, p43",1,沈夢麟,,元,撰
skqs4.org,花谿集,KR4d0582,3 卷,"四庫全書 文淵閣版, V1221.2, p43",2,沈清,,明,編
skqs4.org,樗隱集,KR4d0583,6 卷,"四庫全書 文淵閣版, V1221.3, p111",1,胡行簡,,元,撰
skqs4.org,東山存稿,KR4d0584,7 卷,"四庫全書 文淵閣版, V1221.4, p159",1,趙汸,1319 - 1369,元,撰
skqs4.org,東山存稿,KR4d0584,7 卷,"四庫全書 文淵閣版, V1221.4, p159",2,詹烜,,元,撰
skqs4.org,東維子集,KR4d0585,30 卷,"四庫全書 文淵閣版, V1221.5, p373",1,楊維楨,1296 - 1370,元,撰
skqs4.org,鐵崖古樂府,KR4d0586,10 卷,"四庫全書 文淵閣版, V1222.1, p1",1,楊維楨,1296 - 1370,元,撰
skqs4.org,鐵崖古樂府,KR4d0586,10 卷,"四庫全書 文淵閣版, V1222.1, p1",2,吳復,,元,編
skqs4.org,復古詩集,KR4d0587,6 卷,"四庫全書 文淵閣版, V1222.2, p123",1,楊維楨,1296 - 1370,元,撰
skqs4.org,復古詩集,KR4d0587,6 卷,"四庫全書 文淵閣版, V1222.2, p123",2,章琬,,元,編
skqs4.org,麗則遺音,KR4d0589,4 卷,"四庫全書 文淵閣版, V1222.3, p145",1,楊維楨,1296 - 1370,元,撰
skqs4.org,麗則遺音,KR4d0589,4 卷,"四庫全書 文淵閣版, V1222.3, p145",2,陳存禮,,元,編
skqs4.org,夷白齋稿,KR4d0590,35 卷,"四庫全書 文淵閣版, V1222.4, p181",1,陳基,1314 - 1370,元,撰
skqs4.org,庸菴集,KR4d0591,14 卷,"四庫全書 文淵閣版, V1222.5, p395",1,宋禧,,元,撰
skqs4.org,可閒老人集,KR4d0592,4 卷,"四庫全書 文淵閣版, V1222.6, p499",1,張昱,1289 - 1371,元,撰
skqs4.org,石門集,KR4d0594,7 卷,"四庫全書 文淵閣版, V1222.7, p619",1,梁寅,1303 - 1389,元,撰
skqs4.org,玉笥集,KR4d0595,9 卷,"四庫全書 文淵閣版, V1222.8, p667",1,鄧雅,fl. 1382,元,撰
skqs4.org,明太祖文集,KR4e0001,20 卷,"四庫全書 文淵閣版, V1223.1, p1",1,太祖,1328 - 1398,明,撰
skqs4.org,明太祖文集,KR4e0001,20 卷,"四庫全書 文淵閣版, V1223.1, p1",2,姚士觀,,明,編校
skqs4.org,明太祖文集,KR4e0001,20 卷,"四庫全書 文淵閣版, V1223.1, p1",3,沈鐵,,明,編校
skqs4.org,文憲集,KR4e0002,32 卷,"四庫全書 文淵閣版, V1223.2, p235 - V1224.1",1,宋濂,1310 - 1381,明,撰
skqs4.org,宋景濂未刻集,KR4e0003,2 卷,"四庫全書 文淵閣版, V1224.2, p563",1,宋濂,1310 - 1381,明,撰
skqs4.org,宋景濂未刻集,KR4e0003,2 卷,"四庫全書 文淵閣版, V1224.2, p563",2,蔣超,,清,編
skqs4.org,誠意伯文集,KR4e0005,20 卷,"四庫全書 文淵閣版, V1225.1, p1",1,劉基,1311 - 1375,明,撰
skqs4.org,鳳池吟稿,KR4e0007,10 卷,"四庫全書 文淵閣版, V1225.2, p493",1,汪廣洋,d. 1379,明,撰
skqs4.org,陶學士集,KR4e0008,20 卷,"四庫全書 文淵閣版, V1225.3, p567",1,陶安,1315 - 1371,明,撰
skqs4.org,西隱集,KR4e0009,10 卷,"四庫全書 文淵閣版, V1225.4, p809",1,宋訥,1311 - 1390,明,撰
skqs4.org,王忠文集,KR4e0010,24 卷,"四庫全書 文淵閣版, V1226.1, p1",1,王禕,1323 - 1374,明,撰
skqs4.org,王忠文集,KR4e0010,24 卷,"四庫全書 文淵閣版, V1226.1, p1",2,劉傑,,明,編
skqs4.org,王忠文集,KR4e0010,24 卷,"四庫全書 文淵閣版, V1226.1, p1",3,劉同,,明,編
skqs4.org,翠屏集,KR4e0011,4 卷,"四庫全書 文淵閣版, V1226.2, p515",1,張以寧,1301 - 1370,明,撰
skqs4.org,說學齋稿,KR4e0012,4 卷,"四庫全書 文淵閣版, V1226.3, p647",1,危素,1295 - 1372,明,撰
skqs4.org,雲林集,KR4e0013,2 卷,"四庫全書 文淵閣版, V1226.4, p755",1,危素,1295 - 1372,明,撰
skqs4.org,白雲集,KR4e0014,7 卷,"四庫全書 文淵閣版, V1226.5, p773",1,唐桂芳,,明,撰
skqs4.org,林登州集,KR4e0015,23 卷,"四庫全書 文淵閣版, V1227.1, p1",1,林弼,,明,撰
skqs4.org,槎翁詩集,KR4e0016,8 卷,"四庫全書 文淵閣版, V1227.2, p205",1,劉嵩,1321 - 1382,明,撰
skqs4.org,東臯錄,KR4e0017,3 卷,"四庫全書 文淵閣版, V1227.3, p563",1,釋妙聲,,明,撰
skqs4.org,覆瓿集,KR4e0018,7 卷,"四庫全書 文淵閣版, V1227.4, p649",1,朱同,fl. 1380,明,撰
skqs4.org,柘軒集,KR4e0019,5 卷,"四庫全書 文淵閣版, V1227.5, p733",1,凌雲翰,,明,撰
skqs4.org,白雲稿,KR4e0020,5 卷,"四庫全書 文淵閣版, V1228.1, p1",1,朱右,1314 - 1376,明,撰
skqs4.org,密庵集,KR4e0021,8 卷,"四庫全書 文淵閣版, V1228.2, p77",1,謝肅,,明,撰
skqs4.org,清江詩集,KR4e0022,10 卷,"四庫全書 文淵閣版, V1228.3, p179",1,貝瓊,d. 1379,明,撰
skqs4.org,蘇平仲文集,KR4e0024,16 卷,"四庫全書 文淵閣版, V1228.4, p509",1,蘇伯衡,fl. 1377 - 1388,明,撰
skqs4.org,胡仲子集,KR4e0025,10 卷,"四庫全書 文淵閣版, V1229.1, p1",1,胡翰,1307 - 1381,明,撰
skqs4.org,始豐稿,KR4e0026,14 卷,"四庫全書 文淵閣版, V1229.2, p139",1,徐一夔,1318 - ca. 1400,明,撰
skqs4.org,王常宗集,KR4e0027,4 卷,"四庫全書 文淵閣版, V1229.3, p385",1,王彝,,明,撰
skqs4.org,王常宗集,KR4e0027,4 卷,"四庫全書 文淵閣版, V1229.3, p385",2,都穆,,明,編
skqs4.org,王常宗集,KR4e0027,4 卷,"四庫全書 文淵閣版, V1229.3, p385",3,劉廷璋,,明,編
skqs4.org,王常宗集,KR4e0027,4 卷,"四庫全書 文淵閣版, V1229.3, p385",4,浦杲,,明,編
skqs4.org,白石山房逸藁,KR4e0028,2 卷,"四庫全書 文淵閣版, V1229.4, p445",1,張丁,,明,撰
skqs4.org,滄螺集,KR4e0031,6 卷,"四庫全書 文淵閣版, V1229.4, p475",1,孫作,b. 1321?,明,撰
skqs4.org,臨安集,KR4e0032,6 卷,"四庫全書 文淵閣版, V1229.5, p513",1,錢宰,1299 - 1394,明,撰
skqs4.org,尚絅齋集,KR4e0033,5 卷,"四庫全書 文淵閣版, V1229.6, p563",1,童冀,fl. 1376,明,撰
skqs4.org,趙考古文集,KR4e0034,2 卷,"四庫全書 文淵閣版, V1229.7, p653",1,趙撝謙,,明,撰
skqs4.org,劉彥昺集,KR4e0035,9 卷,"四庫全書 文淵閣版, V1229.8, p713",1,劉炳,,明,撰
skqs4.org,劉彥昺集,KR4e0035,9 卷,"四庫全書 文淵閣版, V1229.8, p713",2,楊維楨,,明,評
skqs4.org,藍山集,KR4e0036,6 卷,"四庫全書 文淵閣版, V1229.9, p771",1,藍仁,,明,撰
skqs4.org,藍澗集,KR4e0037,6 卷,"四庫全書 文淵閣版, V1229.10, p833",1,藍智,,明,撰
skqs4.org,大全集,KR4e0039,18 卷,"四庫全書 文淵閣版, V1230.1, p1",1,高啟,1336 - 1374,明,撰
skqs4.org,鳧藻集,KR4e0040,5 卷,"四庫全書 文淵閣版, V1230.2, p253",1,高啟,1336 - 1374,明,撰
skqs4.org,眉菴集,KR4e0041,12 卷,"四庫全書 文淵閣版, V1230.3, p329",1,楊基,ca. 1334 - 1883,明,撰
skqs4.org,靜菴集,KR4e0042,4 卷,"四庫全書 文淵閣版, V1230.4, p489",1,張羽,1333 - 1385,明,撰
skqs4.org,北郭集,KR4e0043,6 卷,"四庫全書 文淵閣版, V1230.5, p547",1,徐賁,1335 - 1380,明,撰
skqs4.org,鳴盛集,KR4e0044,4 卷,"四庫全書 文淵閣版, V1231.1, p1",1,林鴻,14th cent,明,撰
skqs4.org,鳴盛集,KR4e0044,4 卷,"四庫全書 文淵閣版, V1231.1, p1",2,邵銅,,明,編
skqs4.org,白雲樵唱集,KR4e0045,4 卷,"四庫全書 文淵閣版, V1231.2, p83",1,王恭,,明,撰
skqs4.org,草澤狂歌,KR4e0046,5 卷,"四庫全書 文淵閣版, V1231.3, p209",1,王恭,,明,撰
skqs4.org,半軒集,KR4e0047,12 卷,"四庫全書 文淵閣版, V1231.4, p279",1,王行,1331 - 1395,明,撰
skqs4.org,半軒集,KR4e0047,12 卷,"四庫全書 文淵閣版, V1231.4, p279",2,杜瓊,,明,撰
skqs4.org,西菴集,KR4e0048,9 卷,"四庫全書 文淵閣版, V1231.5, p471",1,孫蕡,1334 - 1389,明,撰
skqs4.org,南邨詩集,KR4e0049,4 卷,"四庫全書 文淵閣版, V1231.6, p575",1,陶宗儀,fl. 1360 - 1368,明,撰
skqs4.org,望雲集,KR4e0050,5 卷,"四庫全書 文淵閣版, V1231.7, p637",1,郭奎,,明,撰
skqs4.org,蚓竅集,KR4e0051,10 卷,"四庫全書 文淵閣版, V1231.8, p673",1,管時敏,,明,撰
skqs4.org,西郊笑端集,KR4e0052,2 卷,"四庫全書 文淵閣版, V1231.9, p721",1,董紀,,明,撰
skqs4.org,草閣詩集,KR4e0053,6 卷,"四庫全書 文淵閣版, V1232.1, p1",1,李曄,,明,撰
skqs4.org,草閣詩集,KR4e0053,6 卷,"四庫全書 文淵閣版, V1232.1, p1",2,李轅,,明,撰
skqs4.org,樗菴類藁,KR4e0054,2 卷,"四庫全書 文淵閣版, V1232.2, p93",1,鄭潛,fl. 1377,明,撰
skqs4.org,春草齋集,KR4e0055,10 卷,"四庫全書 文淵閣版, V1232.3, p123",1,烏斯道,,明,撰
skqs4.org,耕學齋詩集,KR4e0056,12 卷,"四庫全書 文淵閣版, V1232.4, p259",1,袁華,b. 1316,明,撰
skqs4.org,何傳集,KR4e0057,1 卷,"四庫全書 文淵閣版, V1232.5, p361",1,袁華,b. 1316,明,撰
skqs4.org,何傳集,KR4e0057,1 卷,"四庫全書 文淵閣版, V1232.5, p361",2,楊維楨,,明,刪定
skqs4.org,強齋集,KR4e0058,10 卷,"四庫全書 文淵閣版, V1232.6, p383",1,殷奎,,明,撰
skqs4.org,強齋集,KR4e0058,10 卷,"四庫全書 文淵閣版, V1232.6, p383",2,余熂,,明,編
skqs4.org,海桑集,KR4e0059,10 卷,"四庫全書 文淵閣版, V1232.7, p523",1,陳謨,1305 - 1400,明,撰
skqs4.org,畦樂詩集,KR4e0060,1 卷,"四庫全書 文淵閣版, V1232.8, p711",1,梁蘭,,明,撰
skqs4.org,竹齋集,KR4e0061,3 卷,"四庫全書 文淵閣版, V1233.1, p1",1,王冕,1335 - 1407,明,撰
skqs4.org,竹齋集,KR4e0061,3 卷,"四庫全書 文淵閣版, V1233.1, p1",2,王周,,明,編
skqs4.org,竹齋集,KR4e0061,3 卷,"四庫全書 文淵閣版, V1233.1, p1",3,駱居安,,明,編
skqs4.org,獨醉亭集,KR4e0062,3 卷,"四庫全書 文淵閣版, V1233.2, p107",1,史謹,,明,撰
skqs4.org,海叟集,KR4e0063,4 卷,"四庫全書 文淵閣版, V1233.3, p161",1,袁凱,fl. 1349 - 1370,明,撰
skqs4.org,榮進集,KR4e0064,4 卷,"四庫全書 文淵閣版, V1233.4, p217",1,吳伯宗,,明,撰
skqs4.org,梁園寓稿,KR4e0065,9 卷,"四庫全書 文淵閣版, V1233.5, p273",1,王翰,1333 - 1379,明,撰
skqs4.org,自怡集,KR4e0066,1 卷,"四庫全書 文淵閣版, V1233.6, p335",1,劉璉,,明,撰
skqs4.org,斗南老人集,KR4e0067,6 卷,"四庫全書 文淵閣版, V1233.7, p353",1,胡奎,,明,撰
skqs4.org,希澹園詩集,KR4e0068,3 卷,"四庫全書 文淵閣版, V1233.8, p581",1,虞堪,,明,撰
skqs4.org,鵞湖集,KR4e0069,6 卷,"四庫全書 文淵閣版, V1233.9, p629",1,龔斆,,明,撰
skqs4.org,榮陽外史集,KR4e0070,存63 卷,"四庫全書 文淵閣版, V1234.1, p1",1,鄭真,fl. 1371,明,撰
skqs4.org,繼志齋集,KR4e0071,9 卷,"四庫全書 文淵閣版, V1234.2, p651",1,王紳,1360 - 1400,明,撰
skqs4.org,全室外集,KR4e0072,9 卷,"四庫全書 文淵閣版, V1234.3, p785",1,釋宗泐,1318 - 1391,明,撰
skqs4.org,中丞集,KR4e0073,2 卷,"四庫全書 文淵閣版, V1235.1, p1",1,練子寧,d. 1402,明,撰
skqs4.org,遜志齋集,KR4e0074,24 卷,"四庫全書 文淵閣版, V1235.2, p43",1,方孝孺,1357 - 1402,明,撰
skqs4.org,貞白遺稿,KR4e0075,10 卷,"四庫全書 文淵閣版, V1235.3, p725",1,程通,,明,撰
skqs4.org,貞白遺稿,KR4e0075,10 卷,"四庫全書 文淵閣版, V1235.3, p725",2,程長,,明,輯
skqs4.org,靜學文集,KR4e0076,1 卷,"四庫全書 文淵閣版, V1235.4, p805",1,王原采,d. 1402,明,撰
skqs4.org,芻蕘集,KR4e0077,6 卷,"四庫全書 文淵閣版, V1236.1, p1",1,周是修,d. 1402,明,撰
skqs4.org,巽隱集,KR4e0078,4 卷,"四庫全書 文淵閣版, V1236.2, p135",1,程本立,d. 1402,明,撰
skqs4.org,易齋集,KR4e0079,2 卷,"四庫全書 文淵閣版, V1236.3, p209",1,劉璟,d. 1402,明,撰
skqs4.org,野古集,KR4e0080,3 卷,"四庫全書 文淵閣版, V1236.4, p261",1,龔詡,1382 - 1467,明,撰
skqs4.org,峴泉集,KR4e0081,4 卷,"四庫全書 文淵閣版, V1236.5, p337",1,張宇初,1361 - 1410,明,撰
skqs4.org,唐愚士詩,KR4e0082,4 卷,"四庫全書 文淵閣版, V1236.6, p519",1,唐之淳,1350 - 1401,明,撰
skqs4.org,文毅集,KR4e0083,16 卷,"四庫全書 文淵閣版, V1236.7, p591",1,解縉,1369 - 1415,明,撰
skqs4.org,文毅集,KR4e0083,16 卷,"四庫全書 文淵閣版, V1236.7, p591",2,解悅,,清,編
skqs4.org,虛舟集,KR4e0084,5 卷,"四庫全書 文淵閣版, V1237.1, p1",1,王偁,12th cent,明,撰
skqs4.org,王舍人詩集,KR4e0085,5 卷,"四庫全書 文淵閣版, V1237.2, p81",1,王紱,1362 - 1416,明,撰
skqs4.org,泊菴集,KR4e0086,16 卷,"四庫全書 文淵閣版, V1237.3, p177",1,梁潛,1366 - 1418,明,撰
skqs4.org,毅齋集,KR4e0087,8 卷,"四庫全書 文淵閣版, V1237.4, p431",1,王洪,1380 - 1420,明,撰
skqs4.org,頤庵文選,KR4e0088,2 卷,"四庫全書 文淵閣版, V1237.5, p545",1,胡儼,1361 - 1443,明,撰
skqs4.org,青城山人集,KR4e0089,8 卷,"四庫全書 文淵閣版, V1237.6, p681",1,王燧,,明,撰
skqs4.org,東里集,KR4e0090,93 卷,"四庫全書 文淵閣版, V1238.1, p1 - V1239.1",1,楊士奇,1365 - 1444,明,撰
skqs4.org,文敏集,KR4e0091,25 卷,"四庫全書 文淵閣版, V1240.1, p1",1,楊榮,1371 - 1440,明,撰
skqs4.org,省愆集,KR4e0092,2 卷,"四庫全書 文淵閣版, V1240.2, p433",1,黃淮,1367 - 1449,明,撰
skqs4.org,忠靖集,KR4e0093,6 卷,"四庫全書 文淵閣版, V1240.3, p481",1,夏原吉,1366 - 1430,明,撰
skqs4.org,金文靖集,KR4e0094,10 卷,"四庫全書 文淵閣版, V1240.4, p573",1,金幼孜,,明,撰
skqs4.org,抑菴文集,KR4e0095,13 卷,"四庫全書 文淵閣版, V1241.1, p1 - V1242.1",1,王直,1379 - 1462,明,撰
skqs4.org,抑菴文集,KR4e0095,13 卷,"四庫全書 文淵閣版, V1241.1, p1 - V1242.1",2,王䆅,,明,編
skqs4.org,抑菴文集,KR4e0095,13 卷,"四庫全書 文淵閣版, V1241.1, p1 - V1242.1",3,王稹,,明,編
skqs4.org,運甓漫稿,KR4e0096,7 卷,"四庫全書 文淵閣版, V1242.2, p407",1,李昌祺,1376 - 1452,明,撰
skqs4.org,梧岡集,KR4e0097,10 卷,"四庫全書 文淵閣版, V1242.3, p521",1,唐文鳳,,明,撰
skqs4.org,古廉文集,KR4e0098,11 卷,"四庫全書 文淵閣版, V1242.4, p659",1,李時勉,1374 - 1450,明,撰
skqs4.org,古廉文集,KR4e0098,11 卷,"四庫全書 文淵閣版, V1242.4, p659",2,戴難,,明,編
skqs4.org,古廉文集,KR4e0098,11 卷,"四庫全書 文淵閣版, V1242.4, p659",3,李顒,,明,編
skqs4.org,曹月川集,KR4e0099,1 卷,"四庫全書 文淵閣版, V1243.1, p1",1,曹端,1376 - 1434,明,撰
skqs4.org,曹月川集,KR4e0099,1 卷,"四庫全書 文淵閣版, V1243.1, p1",2,張伯行,,清,輯
skqs4.org,敬軒文集,KR4e0100,24 卷,"四庫全書 文淵閣版, V1243.2, p31",1,薛瑄,1389 - 1464,明,撰
skqs4.org,敬軒文集,KR4e0100,24 卷,"四庫全書 文淵閣版, V1243.2, p31",2,張鼎,,明,編
skqs4.org,兩谿文集,KR4e0101,24 卷,"四庫全書 文淵閣版, V1243.3, p403",1,劉球,1392 - 1443,明,撰
skqs4.org,忠肅集,KR4e0102,12 卷,"四庫全書 文淵閣版, V1244.1, p1",1,于謙,1394 - 1453,明,撰
skqs4.org,蘭庭集,KR4e0103,2 卷,"四庫全書 文淵閣版, V1244.2, p419",1,謝晉,,明,撰
skqs4.org,古穰集,KR4e0104,30 卷,"四庫全書 文淵閣版, V1244.3, p481",1,李賢,1408 - 1466,明,撰
skqs4.org,古穰集,KR4e0104,30 卷,"四庫全書 文淵閣版, V1244.3, p481",2,程敏政,,明,編
skqs4.org,武功集,KR4e0105,5 卷,"四庫全書 文淵閣版, V1245.1, p1",1,徐有貞,1407 - 1472,明,撰
skqs4.org,倪文僖集,KR4e0106,32 卷,"四庫全書 文淵閣版, V1245.2, p235",1,倪謙,1415 - 1479,明,撰
skqs4.org,襄毅文集,KR4e0107,15 卷,"四庫全書 文淵閣版, V1245.3, p603",1,韓雍,1422 - 1478,明,撰
skqs4.org,陳白沙集,KR4e0108,9 卷,"四庫全書 文淵閣版, V1246.1, p1",1,陳獻章,1428 - 1500,明,撰
skqs4.org,陳白沙集,KR4e0108,9 卷,"四庫全書 文淵閣版, V1246.1, p1",2,湛若水,,明,校定
skqs4.org,類博稿十卷,KR4e0109,10 卷,"四庫全書 文淵閣版, V1246.2, p353",1,岳正,1418 - 1472,明,撰
skqs4.org,類博稿十卷,KR4e0109,10 卷,"四庫全書 文淵閣版, V1246.2, p353",2,李東陽,,明,編
skqs4.org,竹巖集,KR4e0110,2 卷,"四庫全書 文淵閣版, V1246.3, p467",1,柯潛,1423 - 1473,明,撰
skqs4.org,平橋藁,KR4e0111,18 卷,"四庫全書 文淵閣版, V1246.4, p521",1,鄭文康,1413 - 1465,明,撰
skqs4.org,彭惠安集,KR4e0112,10 卷,"四庫全書 文淵閣版, V1247.1, p1",1,彭韶,1430 - 1495,明,撰
skqs4.org,清風亭稿,KR4e0113,8 卷,"四庫全書 文淵閣版, V1247.2, p101",1,童軒,,明,撰
skqs4.org,清風亭稿,KR4e0113,8 卷,"四庫全書 文淵閣版, V1247.2, p101",2,李澄,,明,編
skqs4.org,方洲集,KR4e0114,26 卷,"四庫全書 文淵閣版, V1247.3, p179",1,張寧,,明,撰
skqs4.org,重編瓊臺藁,KR4e0115,24 卷,"四庫全書 文淵閣版, V1248.1, p1",1,丘濬,1419? - 1495,明,撰
skqs4.org,重編瓊臺藁,KR4e0115,24 卷,"四庫全書 文淵閣版, V1248.1, p1",2,丘爾穀,,明,編
skqs4.org,謙齋文錄,KR4e0116,4 卷,"四庫全書 文淵閣版, V1248.2, p521",1,徐溥,1428 - 1499,明,撰
skqs4.org,椒邱文集,KR4e0117,34 卷,"四庫全書 文淵閣版, V1249.1, p1",1,何喬新,1427 - 1502,明,撰
skqs4.org,石田詩選,KR4e0118,10 卷,"四庫全書 文淵閣版, V1249.2, p559",1,沈周,1427 - 1509,明,撰
skqs4.org,石田詩選,KR4e0118,10 卷,"四庫全書 文淵閣版, V1249.2, p559",2,華汝德,,明,編
skqs4.org,東園文集,KR4e0119,13 卷,"四庫全書 文淵閣版, V1249.3, p729",1,鄭紀,,明,撰
skqs4.org,懷麓堂集,KR4e0120,100 卷,"四庫全書 文淵閣版, V1250.1, p1",1,李東陽,1447 - 1516,明,撰
skqs4.org,青谿漫稿,KR4e0121,24 卷,"四庫全書 文淵閣版, V1251.1, p1",1,倪岳,1444 - 1501,明,撰
skqs4.org,康齋集,KR4e0122,12 卷,"四庫全書 文淵閣版, V1251.2, p357",1,吳與弼,1391 - 1469,明,撰
skqs4.org,樓居雜著,KR4e0123,1 卷,"四庫全書 文淵閣版, V1251.3, p597",1,朱存理,1444 - 1513,明,撰
skqs4.org,樓居雜著,KR4e0123,1 卷,"四庫全書 文淵閣版, V1251.3, p597",2,朱觀潛,,明,輯
skqs4.org,一峯文集,KR4e0124,14 卷,"四庫全書 文淵閣版, V1251.4, p629",1,羅倫,1431 - 1478,明,撰
skqs4.org,篁墩文集,KR4e0125,93 卷,"四庫全書 文淵閣版, V1252.1, p1 - V1253.1",1,程敏政,1445 - 1499?,明,撰
skqs4.org,楓山集,KR4e0126,4 卷,"四庫全書 文淵閣版, V1254.1, p1",1,章懋,1436 - 1521,明,撰
skqs4.org,定山集,KR4e0127,10 卷,"四庫全書 文淵閣版, V1254.2, p145",1,莊昶,,明,撰
skqs4.org,未軒文集,KR4e0128,12 卷,"四庫全書 文淵閣版, V1254.3, p367",1,黃仲昭,,明,撰
skqs4.org,醫閭集,KR4e0129,9 卷,"四庫全書 文淵閣版, V1254.4, p625",1,賀欽,1437 - 1510,明,撰
skqs4.org,醫閭集,KR4e0129,9 卷,"四庫全書 文淵閣版, V1254.4, p625",2,賀士諮,,明,編
skqs4.org,翠渠摘稿,KR4e0130,7 卷,"四庫全書 文淵閣版, V1254.5, p721",1,周瑛,1430 - 1518,明,撰
skqs4.org,翠渠摘稿,KR4e0130,7 卷,"四庫全書 文淵閣版, V1254.5, p721",2,林近龍,,明,編
skqs4.org,翠渠摘稿,KR4e0130,7 卷,"四庫全書 文淵閣版, V1254.5, p721",3,周維鑣,,清,輯
skqs4.org,家藏集,KR4e0131,77 卷,"四庫全書 文淵閣版, V1255.1, p1",1,吳寬,1435 - 1504,明,撰
skqs4.org,歸田稿,KR4e0132,8 卷,"四庫全書 文淵閣版, V1256.1, p1",1,謝遷,1450 - 1531,明,撰
skqs4.org,震澤集,KR4e0133,36 卷,"四庫全書 文淵閣版, V1256.2, p119",1,王鏊,1450 - 1524,明,撰
skqs4.org,鬱洲遺稿,KR4e0134,8 卷,"四庫全書 文淵閣版, V1256.3, p529",1,梁儲,1451 - 1527,明,撰
skqs4.org,見素集,KR4e0135,28 卷,"四庫全書 文淵閣版, V1257.1, p1",1,林俊,1452 - 1527,明,撰
skqs4.org,古城集,KR4e0136,6 卷,"四庫全書 文淵閣版, V1257.2, p591",1,張吉,1451 - 1518,明,撰
skqs4.org,虛齋集,KR4e0137,5 卷,"四庫全書 文淵閣版, V1257.3, p755",1,蔡清,1453 - 1508,明,撰
skqs4.org,容春堂集,KR4e0138,61 卷,"四庫全書 文淵閣版, V1258.1, p1",1,邵寶,1460 - 1527,明,撰
skqs4.org,圭峯集,KR4e0139,30 卷,"四庫全書 文淵閣版, V1259.1, p1",1,羅𤣱,1447 - 1519,明,撰
skqs4.org,吳文肅摘稿,KR4e0140,4 卷,"四庫全書 文淵閣版, V1259.2, p351",1,吳儼,,明,撰
skqs4.org,立齋遺文,KR4e0141,5 卷,"四庫全書 文淵閣版, V1259.3, p431",1,鄒智,1466 - 1491,明,撰
skqs4.org,熊峯集,KR4e0142,10 卷,"四庫全書 文淵閣版, V1259.4, p487",1,石珤,,明,撰
skqs4.org,西村集,KR4e0143,8 卷,"四庫全書 文淵閣版, V1259.5, p685",1,史鑑,1434 - 1496,明,撰
skqs4.org,胡文敬集,KR4e0144,3 卷,"四庫全書 文淵閣版, V1260.1, p1",1,胡居仁,1434 - 1484,明,撰
skqs4.org,胡文敬集,KR4e0144,3 卷,"四庫全書 文淵閣版, V1260.1, p1",2,余祐,,明,編
skqs4.org,方簡肅文集,KR4e0145,10 卷,"四庫全書 文淵閣版, V1260.2, p79",1,方良永,,明,撰
skqs4.org,小鳴稿,KR4e0146,10 卷,"四庫全書 文淵閣版, V1260.3, p169",1,朱誠泳,,明,撰
skqs4.org,懷星堂集,KR4e0147,30 卷,"四庫全書 文淵閣版, V1260.4, p363",1,祝允明,1460 - 1526,明,撰
skqs4.org,整菴存稿,KR4e0148,20 卷,"四庫全書 文淵閣版, V1261.1, p1",1,羅欽順,1465 - 1547,明,撰
skqs4.org,東江家藏集,KR4e0149,42 卷,"四庫全書 文淵閣版, V1261.2, p273",1,顧清,,明,撰
skqs4.org,東江家藏集,KR4e0149,42 卷,"四庫全書 文淵閣版, V1261.2, p273",2,王鏊,,明,著
skqs4.org,空同集,KR4e0150,66 卷,"四庫全書 文淵閣版, V1262.1, p1",1,李夢陽,1472 - 1529,明,撰
skqs4.org,山齋文集,KR4e0151,24 卷,"四庫全書 文淵閣版, V1263.1, p1",1,鄭岳,1468 - 1539,明,撰
skqs4.org,山齋文集,KR4e0151,24 卷,"四庫全書 文淵閣版, V1263.1, p1",2,鄭炫,,明,編
skqs4.org,顧華玉集,KR4e0152,45 卷,"四庫全書 文淵閣版, V1263.2, p135",1,顧璘,1476 - 1545,明,撰
skqs4.org,華泉集,KR4e0153,14 卷,"四庫全書 文淵閣版, V1264.1, p1",1,邊貢,1476 - 1532,明,撰
skqs4.org,東田遺稿,KR4e0154,2 卷,"四庫全書 文淵閣版, V1264.2, p245",1,張羽,1333 - 1385,明,撰
skqs4.org,東田遺稿,KR4e0154,2 卷,"四庫全書 文淵閣版, V1264.2, p245",2,張楨,,明,編
skqs4.org,清惠集,KR4e0155,12 卷,"四庫全書 文淵閣版, V1264.3, p315",1,劉麟,1474 - 1561,明,撰
skqs4.org,沙溪集,KR4e0156,23 卷,"四庫全書 文淵閣版, V1264.4, p483",1,孫緒,,明,撰
skqs4.org,王文成全書,KR4e0157,38 卷,"四庫全書 文淵閣版, V1265.1, p1 - V1266.1",1,王守仁,1472 - 1528,明,撰
skqs4.org,王文成全書,KR4e0157,38 卷,"四庫全書 文淵閣版, V1265.1, p1 - V1266.1",2,錢德洪原,,明,編
skqs4.org,王文成全書,KR4e0157,38 卷,"四庫全書 文淵閣版, V1265.1, p1 - V1266.1",3,謝廷傑,,明,彙集
skqs4.org,雙溪集,KR4e0158,8 卷,"四庫全書 文淵閣版, V1266.2, p251",1,杭淮,,明,撰
skqs4.org,對山集,KR4e0159,10 卷,"四庫全書 文淵閣版, V1266.3, p317",1,康海,1475 - 1540,明,撰
skqs4.org,對山集,KR4e0159,10 卷,"四庫全書 文淵閣版, V1266.3, p317",2,孫景烈,,清,編
skqs4.org,柏齋集,KR4e0160,11 卷,"四庫全書 文淵閣版, V1266.4, p465",1,何瑭,1474 - 1543,明,撰
skqs4.org,竹澗集,KR4e0161,8 卷,"四庫全書 文淵閣版, V1266.5, p645",1,潘希曾,1476 - 1532,明,撰
skqs4.org,大復集,KR4e0162,38 卷,"四庫全書 文淵閣版, V1267.1, p1",1,何景明,1483 - 1521,明,撰
skqs4.org,洹詞,KR4e0163,12 卷,"四庫全書 文淵閣版, V1267.2, p369",1,崔銑,1478 - 1541,明,撰
skqs4.org,莊渠遺書,KR4e0164,16 卷,"四庫全書 文淵閣版, V1267.3, p673",1,魏校,1483 - 1543,明,撰
skqs4.org,儼山集,KR4e0165,100 卷,"四庫全書 文淵閣版, V1268.1, p1",1,陸深,1477 - 1544,明,撰
skqs4.org,迪功集,KR4e0166,6 卷,"四庫全書 文淵閣版, V1268.2, p733",1,徐禎卿,1479 - 1511,明,撰
skqs4.org,太白山人漫藁,KR4e0167,8 卷,"四庫全書 文淵閣版, V1268.3, p783",1,孫一元,1484 - 1520,明,撰
skqs4.org,少谷集,KR4e0168,25 卷,"四庫全書 文淵閣版, V1269.1, p1",1,鄭善夫,1485 - 1523,明,撰
skqs4.org,苑洛集,KR4e0169,22 卷,"四庫全書 文淵閣版, V1269.2, p331",1,韓邦奇,1479 - 1555,明,撰
skqs4.org,東洲初稿,KR4e0170,14 卷,"四庫全書 文淵閣版, V1269.3, p711",1,夏良勝,,明,撰
skqs4.org,升菴集,KR4e0171,81 卷,"四庫全書 文淵閣版, V1270.1, p1",1,楊慎,1488 - 1559,明,撰
skqs4.org,升菴集,KR4e0171,81 卷,"四庫全書 文淵閣版, V1270.1, p1",2,張士佩,,明,編
skqs4.org,東巖集,KR4e0172,6 卷,"四庫全書 文淵閣版, V1271.1, p1",1,夏尚樸,,明,撰
skqs4.org,文簡集,KR4e0173,58 卷,"四庫全書 文淵閣版, V1271.2, p55",1,孫承恩,1485 - 1565,明,撰
skqs4.org,方齋存稿,KR4e0174,10 卷,"四庫全書 文淵閣版, V1271.3, p673",1,林文俊,,明,撰
skqs4.org,考功集,KR4e0175,10 卷,"四庫全書 文淵閣版, V1272.1, p1",1,薛蕙,1489 - 1541,明,撰
skqs4.org,雲村集,KR4e0176,14 卷,"四庫全書 文淵閣版, V1272.2, p131",1,許相卿,1479 - 1557,明,撰
skqs4.org,小山類稿,KR4e0177,20 卷,"四庫全書 文淵閣版, V1272.3, p285",1,張岳,1492 - 1552,明,撰
skqs4.org,夢澤集,KR4e0178,23 卷,"四庫全書 文淵閣版, V1272.4, p531",1,王廷陳,,明,撰
skqs4.org,甫田集,KR4e0179,35 卷,"四庫全書 文淵閣版, V1273.1, p1",1,文徵明,1470 - 1559,明,撰
skqs4.org,泰泉集,KR4e0180,10 卷,"四庫全書 文淵閣版, V1273.2, p299",1,黃佐,1490 - 1566,明,撰
skqs4.org,西村詩集,KR4e0181,2 卷,"四庫全書 文淵閣版, V1273.3, p397",1,朱朴,,明,撰
skqs4.org,天馬山房遺稿,KR4e0182,8 卷,"四庫全書 文淵閣版, V1273.4, p439",1,朱淛,1486 - 1552,明,撰
skqs4.org,蘇門集,KR4e0183,8 卷,"四庫全書 文淵閣版, V1273.5, p561",1,高叔嗣,1501 - 1537,明,撰
skqs4.org,愚谷集,KR4e0184,10 卷,"四庫全書 文淵閣版, V1273.6, p653",1,李舜臣,,明,撰
skqs4.org,遵巖集,KR4e0185,24 卷,"四庫全書 文淵閣版, V1274.1, p1",1,王慎中,1509 - 1559,明,撰
skqs4.org,陸子餘集,KR4e0186,8 卷,"四庫全書 文淵閣版, V1274.2, p577",1,陸粲,1494 - 1551,明,撰
skqs4.org,念菴文集,KR4e0187,22 卷,"四庫全書 文淵閣版, V1275.1, p1",1,羅洪先,1504 - 1564,明,撰
skqs4.org,皇甫司勳集,KR4e0188,60 卷,"四庫全書 文淵閣版, V1275.2, p523",1,皇甫汸,1498 - 1582,明,撰
skqs4.org,楊忠介集,KR4e0189,13 卷,"四庫全書 文淵閣版, V1276.1, p1",1,楊爵,1493 - 1549,明,撰
skqs4.org,荊川集,KR4e0190,12 卷,"四庫全書 文淵閣版, V1276.2, p183",1,唐順之,1507 - 1560,明,撰
skqs4.org,皇甫少玄集,KR4e0191,26 卷,"四庫全書 文淵閣版, V1276.3, p491",1,皇甫涍,1497 - 1546,明,撰
skqs4.org,瑤石山人稿,KR4e0192,16 卷,"四庫全書 文淵閣版, V1277.1, p1",1,黎民表,,明,撰
skqs4.org,南行集,KR4e0193,20 卷,"四庫全書 文淵閣版, V1277.2, p205",1,丘雲霄,,明,撰
skqs4.org,張莊僖文集,KR4e0194,5 卷,"四庫全書 文淵閣版, V1277.3, p305",1,張永明,,明,撰
skqs4.org,洞麓堂集,KR4e0195,10 卷,"四庫全書 文淵閣版, V1277.4, p401",1,尹臺,,明,撰
skqs4.org,具茨詩集,KR4e0196,14 卷,"四庫全書 文淵閣版, V1277.5, p653",1,王立道,,明,撰
skqs4.org,青霞集,KR4e0197,11 卷,"四庫全書 文淵閣版, V1278.1, p1",1,沈鍊,1507 - 1557,明,撰
skqs4.org,青霞集,KR4e0197,11 卷,"四庫全書 文淵閣版, V1278.1, p1",2,王元敬,,明,編
skqs4.org,滄溟集,KR4e0198,30 卷,"四庫全書 文淵閣版, V1278.2, p173",1,李攀龍,1414 - 1570,明,撰
skqs4.org,山海漫談,KR4e0199,3 卷,"四庫全書 文淵閣版, V1278.3, p579",1,任環,,明,撰
skqs4.org,楊忠愍集,KR4e0200,3 卷,"四庫全書 文淵閣版, V1278.4, p611",1,楊繼盛,1516 - 1555,明,撰
skqs4.org,弇州四部稿,KR4e0201,174 卷,"四庫全書 文淵閣版, V1279.1, p1 - V1284.1",1,王世貞,1526 - 1590,明,撰
skqs4.org,讀書後,KR4e0202,8 卷,"四庫全書 文淵閣版, V1285.1, p1",1,王世貞,1526 - 1590,明,撰
skqs4.org,方麓集,KR4e0203,16 卷,"四庫全書 文淵閣版, V1285.2, p97",1,王樵,1521 - 1599,明,撰
skqs4.org,存家詩稿,KR4e0204,8 卷,"四庫全書 文淵閣版, V1285.3, p477",1,楊巍,,明,撰
skqs4.org,海壑吟稿,KR4e0205,11 卷,"四庫全書 文淵閣版, V1285.4, p543",1,趙完璧,,明,撰
skqs4.org,伐檀齋集,KR4e0206,12 卷,"四庫全書 文淵閣版, V1285.5, p665",1,張元凱,,明,撰
skqs4.org,備忘集,KR4e0207,10 卷,"四庫全書 文淵閣版, V1286.1, p1",1,海瑞,1514 - 1587,明,撰
skqs4.org,備忘集,KR4e0207,10 卷,"四庫全書 文淵閣版, V1286.1, p1",2,海廷芳,,清,編
skqs4.org,石洞集,KR4e0208,18 卷,"四庫全書 文淵閣版, V1286.2, p229",1,葉春及,1532 - 1595,明,撰
skqs4.org,宗子相集,KR4e0209,15 卷,"四庫全書 文淵閣版, V1287.1, p1",1,宗臣,1525 - 1560,明,撰
skqs4.org,衡廬精舍藏稿,KR4e0210,30 卷,"四庫全書 文淵閣版, V1287.2, p225",1,胡直,1517 - 1585,明,撰
skqs4.org,薛荔園詩集,KR4e0211,4 卷,"四庫全書 文淵閣版, V1288.1, p1",1,佘翔,,明,撰
skqs4.org,鯤溟詩集,KR4e0212,4 卷,"四庫全書 文淵閣版, V1288.2, p137",1,郭諫臣,1524 - 1580,明,撰
skqs4.org,亦玉堂稿,KR4e0213,10 卷,"四庫全書 文淵閣版, V1288.3, p209",1,沈鯉,1531 - 1615,明,撰
skqs4.org,亦玉堂稿,KR4e0213,10 卷,"四庫全書 文淵閣版, V1288.3, p209",2,劉榛,,清,輯
skqs4.org,溫恭毅集,KR4e0214,30 卷,"四庫全書 文淵閣版, V1288.4, p361",1,溫純,1539 - 1607,明,撰
skqs4.org,震川集,KR4e0215,30 卷,"四庫全書 文淵閣版, V1289.1, p1",1,歸有光,1506 - 1571,明,撰
skqs4.org,震川集,KR4e0215,30 卷,"四庫全書 文淵閣版, V1289.1, p1",2,歸莊,,清,編
skqs4.org,四溟集,KR4e0216,10 卷,"四庫全書 文淵閣版, V1289.2, p605",1,謝榛,1495 - 1575,明,撰
skqs4.org,四溟集,KR4e0216,10 卷,"四庫全書 文淵閣版, V1289.2, p605",2,盛以進,,明,訂補
skqs4.org,蠛蠓集,KR4e0217,5 卷,"四庫全書 文淵閣版, V1289.3, p755",1,盧柟,d. ca. 1560,明,撰
skqs4.org,少室山房集,KR4e0218,120 卷,"四庫全書 文淵閣版, V1290.1, p1",1,胡應麟,1551 - 1602,明,撰
skqs4.org,少室山房集,KR4e0218,120 卷,"四庫全書 文淵閣版, V1290.1, p1",2,江湛然,,明,輯
skqs4.org,少室山房集,KR4e0218,120 卷,"四庫全書 文淵閣版, V1290.1, p1",3,王世貞,,明,撰
skqs4.org,穀城山館詩集,KR4e0219,20 卷,"四庫全書 文淵閣版, V1291.1, p1",1,于慎行,1545 - 1603,明,撰
skqs4.org,宗伯集,KR4e0220,10 卷,"四庫全書 文淵閣版, V1291.2, p193",1,孫繼臯,,明,撰
skqs4.org,臨臯文集,KR4e0221,4 卷,"四庫全書 文淵閣版, V1291.3, p597",1,楊寅秋,,明,撰
skqs4.org,淡然軒集,KR4e0222,8 卷,"四庫全書 文淵閣版, V1291.4, p765",1,余繼登,1544 - 1600,明,撰
skqs4.org,淡然軒集,KR4e0222,8 卷,"四庫全書 文淵閣版, V1291.4, p765",2,馮琦,,明,編
skqs4.org,涇臯藏稿,KR4e0223,22 卷,"四庫全書 文淵閣版, V1292.1, p1",1,顧憲成,1550 - 1612,明,撰
skqs4.org,小辨齋偶存,KR4e0224,8 卷,"四庫全書 文淵閣版, V1292.2, p253",1,顧允成,1554 - 1607,明,撰
skqs4.org,高子遺書,KR4e0225,12 卷,"四庫全書 文淵閣版, V1292.3, p329",1,高攀龍,1562 - 1626,明,撰
skqs4.org,高子遺書,KR4e0225,12 卷,"四庫全書 文淵閣版, V1292.3, p329",2,陳龍正,,明,編
skqs4.org,少墟集,KR4e0226,20 卷,"四庫全書 文淵閣版, V1293.1, p1",1,馮從吾,1556 - 1627,明,撰
skqs4.org,石隱園藏稿,KR4e0227,8 卷,"四庫全書 文淵閣版, V1293.2, p377",1,畢自嚴,,明,撰
skqs4.org,仰節堂集,KR4e0228,14 卷,"四庫全書 文淵閣版, V1293.3, p669",1,曹于汴,1558 - 1634,明,撰
skqs4.org,願學集,KR4e0229,8 卷,"四庫全書 文淵閣版, V1294.1, p1",1,鄒元標,1551 - 1624,明,撰
skqs4.org,劉蕺山集,KR4e0230,17 卷,"四庫全書 文淵閣版, V1294.2, p301",1,劉宗周,1578 - 1645,明,撰
skqs4.org,學古緒言,KR4e0231,25 卷,"四庫全書 文淵閣版, V1295.1, p1",1,婁堅,1567 - 1631,明,撰
skqs4.org,檀園集,KR4e0232,12 卷,"四庫全書 文淵閣版, V1295.2, p293",1,李流芳,1575 - 1629,明,撰
skqs4.org,忠介燼餘集,KR4e0233,3 卷,"四庫全書 文淵閣版, V1295.3, p411",1,周順昌,1584 - 1626,明,撰
skqs4.org,忠介燼餘集,KR4e0233,3 卷,"四庫全書 文淵閣版, V1295.3, p411",2,周靖,,清,編
skqs4.org,文忠集,KR4e0234,12 卷,"四庫全書 文淵閣版, V1295.4, p439",1,范景文,1587 - 1644,明,撰
skqs4.org,文忠集,KR4e0234,12 卷,"四庫全書 文淵閣版, V1295.4, p439",2,范毓秀,,清,編
skqs4.org,文忠集,KR4e0234,12 卷,"四庫全書 文淵閣版, V1295.4, p439",3,王孫錫,,清,編
skqs4.org,幔亭集,KR4e0235,15 卷,"四庫全書 文淵閣版, V1296.1, p1",1,徐熥,,明,撰
skqs4.org,白谷集,KR4e0236,5 卷,"四庫全書 文淵閣版, V1296.2, p197",1,孫傳庭,1593 - 1634,明,撰
skqs4.org,集玉山房稿,KR4e0237,10 卷,"四庫全書 文淵閣版, V1296.3, p379",1,葛昕,,明,撰
skqs4.org,宋布衣集,KR4e0238,3 卷,"四庫全書 文淵閣版, V1296.4, p543",1,宋登春,,明,撰
skqs4.org,忠肅集,KR4e0239,2 卷,"四庫全書 文淵閣版, V1296.5, p589",1,盧象昇,1600 - 1638,明,撰
skqs4.org,倪文貞集,KR4e0240,17 卷,"四庫全書 文淵閣版, V1297.1, p1",1,倪元璐,1594 - 1644,明,撰
skqs4.org,凌忠介公集,KR4e0241,6 卷,"四庫全書 文淵閣版, V1297.2, p379",1,凌義渠,1593 - 1644,明,撰
skqs4.org,申忠愍詩集,KR4e0242,6 卷,"四庫全書 文淵閣版, V1297.3, p471",1,申佳胤,d. 1644,明,撰
skqs4.org,茅薝集,KR4e0243,8 卷,"四庫全書 文淵閣版, V1297.4, p505",1,魏學洢,,明,撰
skqs4.org,陶菴全集,KR4e0244,22 卷,"四庫全書 文淵閣版, V1297.5, p621",1,黃淳耀,1605 - 1645,明,撰
skqs4.org,聖祖仁皇帝御製文集,KR4f0001,176 卷,"四庫全書 文淵閣版, V1298.1, p1 - V1299.1",1,聖祖玄燁,1654 - 1722,清,御製
skqs4.org,聖祖仁皇帝御製文集,KR4f0001,176 卷,"四庫全書 文淵閣版, V1298.1, p1 - V1299.1",2,張玉書,,清,奉敕編
skqs4.org,聖祖仁皇帝御製文集,KR4f0001,176 卷,"四庫全書 文淵閣版, V1298.1, p1 - V1299.1",3,允祿,,清,奉敕編
skqs4.org,世宗憲皇帝御製文集,KR4f0002,30 卷,"四庫全書 文淵閣版, V1300.1, p1",1,世宗胤禛,1678 - 1735,清,御製
skqs4.org,御製樂善堂全集定本,KR4f0003,30 卷,"四庫全書 文淵閣版, V1300.2, p233",1,高宗弘曆,1708 - 1761,清,御製
skqs4.org,御製樂善堂全集定本,KR4f0003,30 卷,"四庫全書 文淵閣版, V1300.2, p233",2,蔣溥,,清,奉敕重編
skqs4.org,御製文集,KR4f0004,92 卷,"四庫全書 文淵閣版, V1301.1, p1",1,高宗弘曆,1711 - 1799,清,御製
skqs4.org,御製文集,KR4f0004,92 卷,"四庫全書 文淵閣版, V1301.1, p1",2,于敏中,,清,奉敕編
skqs4.org,御製文集,KR4f0004,92 卷,"四庫全書 文淵閣版, V1301.1, p1",3,梁國治,,清,奉敕編
skqs4.org,御製文集,KR4f0004,92 卷,"四庫全書 文淵閣版, V1301.1, p1",4,董誥,,清,奉敕編
skqs4.org,御製文集,KR4f0004,92 卷,"四庫全書 文淵閣版, V1301.1, p1",5,沈初,,清,奉敕編
skqs4.org,御製文集,KR4f0004,92 卷,"四庫全書 文淵閣版, V1301.1, p1",6,彭元瑞,,清,奉敕編
skqs4.org,御製文集,KR4f0004,92 卷,"四庫全書 文淵閣版, V1301.1, p1",7,彭元瑞,,清,奉敕編
skqs4.org,御製文集,KR4f0004,92 卷,"四庫全書 文淵閣版, V1301.1, p1",8,崔衢亭,,清,奉敕編
skqs4.org,御製詩集,KR4f0005,454 卷,"四庫全書 文淵閣版, V1302.1, p1 - V1311.1",1,高宗弘曆,1711 - 1799,清,御製
skqs4.org,御製詩集,KR4f0005,454 卷,"四庫全書 文淵閣版, V1302.1, p1 - V1311.1",2,蔣溥,,清,奉敕編
skqs4.org,御製詩集,KR4f0005,454 卷,"四庫全書 文淵閣版, V1302.1, p1 - V1311.1",3,蔣溥,,清,奉敕編
skqs4.org,御製詩集,KR4f0005,454 卷,"四庫全書 文淵閣版, V1302.1, p1 - V1311.1",4,于敏中,,清,奉敕編
skqs4.org,御製詩集,KR4f0005,454 卷,"四庫全書 文淵閣版, V1302.1, p1 - V1311.1",5,董誥,,清,奉敕編
skqs4.org,御製詩集,KR4f0005,454 卷,"四庫全書 文淵閣版, V1302.1, p1 - V1311.1",6,王杰,,清,奉敕編
skqs4.org,梅村集,KR4f0012,40 卷,"四庫全書 文淵閣版, V1312.1, p1",1,吳偉業,1609 - 1672,清,撰
skqs4.org,湯子遺書,KR4f0014,10 卷,"四庫全書 文淵閣版, V1312.2, p421",1,湯斌,1627 - 1687,清,撰
skqs4.org,湯子遺書,KR4f0014,10 卷,"四庫全書 文淵閣版, V1312.2, p421",2,王廷燦,,清,編
skqs4.org,兼濟堂文集,KR4f0015,20 卷,"四庫全書 文淵閣版, V1312.3, p645",1,魏裔介,1616 - 1686,清,撰
skqs4.org,學餘堂文集,KR4f0016,28 卷,"四庫全書 文淵閣版, V1313.1, p1",1,施閏章,1618 - 1683,清,撰
skqs4.org,范忠貞集,KR4f0017,10 卷,"四庫全書 文淵閣版, V1314.1, p1",1,范承謨,1624 - 1676,清,撰
skqs4.org,范忠貞集,KR4f0017,10 卷,"四庫全書 文淵閣版, V1314.1, p1",2,劉可書,,清,編
skqs4.org,林蕙堂全集,KR4f0018,26 卷,"四庫全書 文淵閣版, V1314.2, p195",1,吳綺,1619 - 1694,清,撰
skqs4.org,精華錄,KR4f0019,10 卷,"四庫全書 文淵閣版, V1315.1, p1",1,王士禛,1634 - 1711,清,撰
skqs4.org,堯峯文鈔,KR4f0020,50 卷,"四庫全書 文淵閣版, V1315.2, p203",1,汪琬,1624 - 1690,清,撰
skqs4.org,午亭文編,KR4f0022,50 卷,"四庫全書 文淵閣版, V1316.1, p1",1,陳廷敬,1639 - 1712,清,撰
skqs4.org,讀書齋偶存稿,KR4f0023,4 卷,"四庫全書 文淵閣版, V1316.2, p745",1,葉方藹,1629 - 1682,清,撰
skqs4.org,松桂堂全集,KR4f0024,37 卷,"四庫全書 文淵閣版, V1317.1, p1",1,彭孫遹,1631 - 1700,清,撰
skqs4.org,曝書亭集,KR4f0025,80 卷,"四庫全書 文淵閣版, V1317.2, p389 - V1318.1",1,朱彝尊,1629 - 1709,清,撰
skqs4.org,于清端政書,KR4f0026,8 卷,"四庫全書 文淵閣版, V1318.2, p541",1,于成龍,1638 - 1700,清,撰
skqs4.org,愚菴小集,KR4f0027,15 卷,"四庫全書 文淵閣版, V1319.1, p1",1,朱鶴齡,1606 - 1683,清,撰
skqs4.org,抱犢山房集,KR4f0028,6 卷,"四庫全書 文淵閣版, V1319.2, p199",1,嵇永仁,1637 - 1676,清,撰
skqs4.org,抱犢山房集,KR4f0028,6 卷,"四庫全書 文淵閣版, V1319.2, p199",2,嵇曾筠,,清,編
skqs4.org,抱犢山房集,KR4f0028,6 卷,"四庫全書 文淵閣版, V1319.2, p199",3,姜垐,,清,撰
skqs4.org,文端集,KR4f0029,46 卷,"四庫全書 文淵閣版, V1319.3, p275",1,張英,1637 - 1708,清,撰
skqs4.org,西河集,KR4f0030,存189 卷,"四庫全書 文淵閣版, V1320.1, p1 - V1321.1",1,毛奇齡,1623 - 1716,清,撰
skqs4.org,陳檢討四六,KR4f0031,20 卷,"四庫全書 文淵閣版, V1322.1, p1",1,陳維崧,1625 - 1682,清,撰
skqs4.org,陳檢討四六,KR4f0031,20 卷,"四庫全書 文淵閣版, V1322.1, p1",2,程師恭,,清,註
skqs4.org,蓮洋詩鈔,KR4f0033,10 卷,"四庫全書 文淵閣版, V1322.2, p275",1,吳雯,1644 - 1704,清,撰
skqs4.org,張文真集,KR4f0034,12 卷,"四庫全書 文淵閣版, V1322.3, p389",1,張玉書,1642 - 1711,清,撰
skqs4.org,西陂類稿,KR4f0035,39 卷,"四庫全書 文淵閣版, V1323.1, p1",1,宋犖,1634 - 1713,清,撰
skqs4.org,鐵廬集,KR4f0036,3 卷,"四庫全書 文淵閣版, V1323.2, p521",1,潘天成,1654 - 1727,清,撰
skqs4.org,鐵廬集,KR4f0036,3 卷,"四庫全書 文淵閣版, V1323.2, p521",2,許重炎,,清,編
skqs4.org,湛園集,KR4f0037,8 卷,"四庫全書 文淵閣版, V1323.3, p593",1,姜宸英,1628 - 1699,清,撰
skqs4.org,湛園集,KR4f0037,8 卷,"四庫全書 文淵閣版, V1323.3, p593",2,黃叔琳,,清,編
skqs4.org,古歡堂集,KR4f0038,37 卷,"四庫全書 文淵閣版, V1324.1, p1",1,田雯,1635 - 1704,清,撰
skqs4.org,榕村集,KR4f0039,40 卷,"四庫全書 文淵閣版, V1324.2, p525",1,李光地,1642 - 1718,清,撰
skqs4.org,三魚堂文集,KR4f0040,12 卷,"四庫全書 文淵閣版, V1325.1, p1",1,陸隴其,1630 - 1693,清,撰
skqs4.org,三魚堂文集,KR4f0040,12 卷,"四庫全書 文淵閣版, V1325.1, p1",2,侯銓,,清,編
skqs4.org,因園集,KR4f0041,13 卷,"四庫全書 文淵閣版, V1325.2, p301",1,趙執信,1662 - 1744,清,撰
skqs4.org,懷清堂集,KR4f0042,20 卷,"四庫全書 文淵閣版, V1325.3, p433",1,湯右曾,1656 - 1722,清,撰
skqs4.org,二希堂文集,KR4f0043,11 卷,"四庫全書 文淵閣版, V1325.4, p633",1,蔡世遠,1683 - 1734,清,撰
skqs4.org,敬業堂詩集,KR4f0044,50 卷,"四庫全書 文淵閣版, V1326.1, p1",1,查慎行,1650 - 1727,清,撰
skqs4.org,望溪集,KR4f0045,8 卷,"四庫全書 文淵閣版, V1326.2, p713",1,方苞,1668 - 1749,清,撰
skqs4.org,存研樓文集,KR4f0046,16 卷,"四庫全書 文淵閣版, V1327.1, p1",1,儲大文,1665 - 1743,清,撰
skqs4.org,香屑集,KR4f0047,18 卷,"四庫全書 文淵閣版, V1327.2, p375",1,黃之雋,1668 - 1748,清,撰
skqs4.org,鹿洲初集,KR4f0048,20 卷,"四庫全書 文淵閣版, V1327.3, p567",1,藍鼎元,1680 - 1733,清,撰
skqs4.org,樊榭山房集,KR4f0049,10 卷,"四庫全書 文淵閣版, V1328.1, p1",1,厲鶚,1692 - 1752,清,撰
skqs4.org,果堂集,KR4f0050,12 卷,"四庫全書 文淵閣版, V1328.2, p287",1,沈彤,1688 - 1752,清,撰
skqs4.org,松泉集,KR4f0051,46 卷,"四庫全書 文淵閣版, V1328.3, p381",1,汪由敦,1692 - 1758,清,撰
skqs4.org,[[mandoku:S4b0963.org][S4b0963]] 宋文鑑,,,"四庫全書 文淵閣版, V1328.3, p1000",,,,,
skqs4.org,文選註,KR4h0002,60 卷,"四庫全書 文淵閣版, V1329.1, p1",1,蕭統,501 - 531,梁,編
skqs4.org,文選註,KR4h0002,60 卷,"四庫全書 文淵閣版, V1329.1, p1",2,李善,,唐,註
skqs4.org,六臣註文選,KR4h0003,60 卷,"四庫全書 文淵閣版, V1330.1, p1 - V1331.1",1,蕭統,501 - 531,梁,編
skqs4.org,六臣註文選,KR4h0003,60 卷,"四庫全書 文淵閣版, V1330.1, p1 - V1331.1",2,李善,d. 689,唐,註
skqs4.org,六臣註文選,KR4h0003,60 卷,"四庫全書 文淵閣版, V1330.1, p1 - V1331.1",3,呂延濟,,唐,註
skqs4.org,六臣註文選,KR4h0003,60 卷,"四庫全書 文淵閣版, V1330.1, p1 - V1331.1",4,劉良,,唐,註
skqs4.org,六臣註文選,KR4h0003,60 卷,"四庫全書 文淵閣版, V1330.1, p1 - V1331.1",5,張銑,,唐,註
skqs4.org,六臣註文選,KR4h0003,60 卷,"四庫全書 文淵閣版, V1330.1, p1 - V1331.1",6,呂向,,唐,註
skqs4.org,六臣註文選,KR4h0003,60 卷,"四庫全書 文淵閣版, V1330.1, p1 - V1331.1",7,李周翰,,唐,註
skqs4.org,文選顏鮑謝詩評,KR4h0004,4 卷,"四庫全書 文淵閣版, V1331.2, p573",1,方回,b. 1227,元,撰
skqs4.org,玉臺新詠,KR4h0005,10 卷,"四庫全書 文淵閣版, V1331.3, p631",1,徐陵,507 - 583,陳,編
skqs4.org,玉臺新詠考異,KR4h0006,10 卷,"四庫全書 文淵閣版, V1331.4, p725",1,紀容舒,1686 - 1764,清,撰
skqs4.org,高氏三宴詩集,KR4h0007,3 卷,"四庫全書 文淵閣版, V1332.1, p1",1,高正臣,,唐,輯
skqs4.org,篋中集,KR4h0008,1 卷,"四庫全書 文淵閣版, V1332.2, p11",1,元結,723 - 772,唐,編
skqs4.org,河嶽英靈集,KR4h0009,3 卷,"四庫全書 文淵閣版, V1332.3, p19",1,殷璠,,唐,撰
skqs4.org,國秀集,KR4h0010,3 卷,"四庫全書 文淵閣版, V1332.4, p63",1,芮挺章,fl. 744,唐,編
skqs4.org,御覽詩,KR4h0011,1 卷,"四庫全書 文淵閣版, V1332.5, p95",1,令狐楚,765 - 836,唐,編
skqs4.org,中興間氣集,KR4h0012,2 卷,"四庫全書 文淵閣版, V1332.6, p125",1,高仲武,,唐,編
skqs4.org,極玄集,KR4h0013,2 卷,"四庫全書 文淵閣版, V1332.7, p149",1,姚合,,唐,編
skqs4.org,松陵集,KR4h0014,10 卷,"四庫全書 文淵閣版, V1332.8, p163",1,皮日休,d. 880,唐,撰
skqs4.org,二皇甫集,KR4h0015,8 卷,"四庫全書 文淵閣版, V1332.9, p281",1,皇甫冉,714 - 767,唐,撰
skqs4.org,二皇甫集,KR4h0015,8 卷,"四庫全書 文淵閣版, V1332.9, p281",2,皇甫曾,,唐,撰
skqs4.org,二皇甫集,KR4h0015,8 卷,"四庫全書 文淵閣版, V1332.9, p281",3,劉潤之,,明,編
skqs4.org,唐四僧詩,KR4h0016,6 卷,"四庫全書 文淵閣版, V1332.10, p321",1,釋靈澈,746 - 816,唐,撰
skqs4.org,薛濤李冶詩集,KR4h0017,2 卷,"四庫全書 文淵閣版, V1332.11, p341",1,薛濤,766 - 831,唐,撰
skqs4.org,薛濤李冶詩集,KR4h0017,2 卷,"四庫全書 文淵閣版, V1332.11, p341",2,李冶,,唐,撰
skqs4.org,竇氏聯珠集,KR4h0018,5 卷,"四庫全書 文淵閣版, V1332.12, p357",1,竇常,749 - 825,唐,撰
skqs4.org,竇氏聯珠集,KR4h0018,5 卷,"四庫全書 文淵閣版, V1332.12, p357",2,褚藏言,,唐,編
skqs4.org,才調集,KR4h0019,10 卷,"四庫全書 文淵閣版, V1332.13, p381",1,韋縠,10th cent,蜀,編
skqs4.org,搜玉小集,KR4h0020,1 卷,"四庫全書 文淵閣版, V1332.14, p561",1,闕名,,唐,撰
skqs4.org,古文苑,KR4h0021,21 卷,"四庫全書 文淵閣版, V1332.15, p573",1,章樵,,宋,註
skqs4.org,文苑英華,KR4h0022,存999 卷,"四庫全書 文淵閣版, V1333.1, p1 - V1342.1",1,李昉,925 - 996,宋,奉敕編
skqs4.org,文苑英華辨證,KR4h0022,10 卷,"四庫全書 文淵閣版, V1342.2, p733",1,彭叔夏,,宋,撰
skqs4.org,唐文粹,KR4h0024,100 卷,"四庫全書 文淵閣版, V1343.1, p1 - V1344.1",1,姚鉉,968 - 1020,宋,編
skqs4.org,西崑詶唱集,KR4h0025,2 卷,"四庫全書 文淵閣版, V1344.2, p487",1,楊億,974 - 1020,宋,編
skqs4.org,同文館唱和詩,KR4h0026,10 卷,"四庫全書 文淵閣版, V1344.2, p523",1,鄧忠臣,,宋,撰
skqs4.org,唐百家詩選,KR4h0027,20 卷,"四庫全書 文淵閣版, V1344.3, p563",1,王安石,1021 - 1086,宋,編
skqs4.org,會稽掇英總集,KR4h0028,20 卷,"四庫全書 文淵閣版, V1345.1, p1",1,孔延之,1021 - 1086,宋,編
skqs4.org,清江三孔集,KR4h0029,30 卷,"四庫全書 文淵閣版, V1345.2, p177",1,孔文仲,1038 - 1088,宋,撰
skqs4.org,三劉家集,KR4h0030,1 卷,"四庫全書 文淵閣版, V1345.3, p543",1,劉渙,1000 - 1064,宋,撰
skqs4.org,三劉家集,KR4h0030,1 卷,"四庫全書 文淵閣版, V1345.3, p543",2,劉元高,,宋,編
skqs4.org,二程文集,KR4h0031,13 卷,"四庫全書 文淵閣版, V1345.4, p585",1,程顥,1032 - 1085,宋,撰
skqs4.org,二程文集,KR4h0031,13 卷,"四庫全書 文淵閣版, V1345.4, p585",2,程頤,,宋,撰
skqs4.org,二程文集,KR4h0031,13 卷,"四庫全書 文淵閣版, V1345.4, p585",3,胡安國,,宋,原編
skqs4.org,二程文集,KR4h0031,13 卷,"四庫全書 文淵閣版, V1345.4, p585",4,譚善心,,元,重編
skqs4.org,宋文選,KR4h0032,32 卷,"四庫全書 文淵閣版, V1346.1, p1",1,闕名,,宋,編
skqs4.org,坡門酬唱集,KR4h0033,23 卷,"四庫全書 文淵閣版, V1346.2, p463",1,邵浩,,宋,編
skqs4.org,樂府詩集,KR4h0034,100 卷,"四庫全書 文淵閣版, V1347.1, p1 - V1348.1",1,郭茂倩,fl. 1264 - 1269,宋,編
skqs4.org,歲時雜詠,KR4h0035,46 卷,"四庫全書 文淵閣版, V1348.2, p207",1,蒲積中,,宋,編
skqs4.org,嚴陵集,KR4h0036,9 卷,"四庫全書 文淵閣版, V1348.3, p523",1,董弅,fl. 1133 - 1162,宋,編
skqs4.org,南嶽倡酬集,KR4h0037,1 卷,"四庫全書 文淵閣版, V1348.4, p607",1,朱熹,1130 - 1200,宋,撰
skqs4.org,南嶽倡酬集,KR4h0037,1 卷,"四庫全書 文淵閣版, V1348.4, p607",2,張栻,,宋,撰
skqs4.org,南嶽倡酬集,KR4h0037,1 卷,"四庫全書 文淵閣版, V1348.4, p607",3,林用中,,宋,撰
skqs4.org,萬首唐人絕句,KR4h0038,存91 卷,"四庫全書 文淵閣版, V1349.1, p1",1,洪邁,1123 - 1202,宋,編
skqs4.org,聲畫集,KR4h0039,8 卷,"四庫全書 文淵閣版, V1349.2, p805",1,孫紹遠,d. 1128,宋,編
skqs4.org,宋文鑑,KR4h0041,150 卷,"四庫全書 文淵閣版, V1350.1, p1 - V1351.1",1,呂祖謙,1137 - 1181,宋,奉敕編
skqs4.org,古文關鍵,KR4h0041,2 卷,"四庫全書 文淵閣版, V1351.2, p715",1,呂祖謙,1137 - 1181,宋,編
skqs4.org,囘文類聚,KR4h0042,4 卷,"四庫全書 文淵閣版, V1351.3, p793",1,桑世昌,fl. 1208,宋,編
skqs4.org,五百家播芳大全文粹,KR4h0043,110 卷,"四庫全書 文淵閣版, V1352.1, p1 - V1353.1",1,魏齊賢,fl. 1190,宋,編
skqs4.org,五百家播芳大全文粹,KR4h0043,110 卷,"四庫全書 文淵閣版, V1352.1, p1 - V1353.1",2,葉棻,,宋,編
skqs4.org,崇古文訣,KR4h0044,35 卷,"四庫全書 文淵閣版, V1354.1, p1",1,樓昉,fl. 1222,宋,編
skqs4.org,成都文類,KR4h0045,50 卷,"四庫全書 文淵閣版, V1354.2, p291",1,扈仲榮,,宋,編
skqs4.org,成都文類,KR4h0045,50 卷,"四庫全書 文淵閣版, V1354.2, p291",2,程遇孫,,宋,編
skqs4.org,文章正宗,KR4h0046,24 卷,"四庫全書 文淵閣版, V1355.1, p1",1,真德秀,1178 - 1235,宋,編
skqs4.org,續文章正宗,KR4h0046,20 卷,"四庫全書 文淵閣版, V1356.1, p1",1,真德秀,1178 - 1235,宋,原本
skqs4.org,續文章正宗,KR4h0046,20 卷,"四庫全書 文淵閣版, V1356.1, p1",2,倪澄,,宋,重編
skqs4.org,續文章正宗,KR4h0046,20 卷,"四庫全書 文淵閣版, V1356.1, p1",3,胡松,,明,增訂
skqs4.org,天台前集,KR4h0048,3 卷,"四庫全書 文淵閣版, V1356.2, p409",1,李庚,,宋,原本
skqs4.org,天台前集,KR4h0048,3 卷,"四庫全書 文淵閣版, V1356.2, p409",2,林師藏,,宋,增修
skqs4.org,天台前集,KR4h0048,3 卷,"四庫全書 文淵閣版, V1356.2, p409",3,林表民,,宋,增修
skqs4.org,赤城集,KR4h0049,18 卷,"四庫全書 文淵閣版, V1356.3, p615",1,林表民,fl. 1248,宋,編
skqs4.org,妙絕古今,KR4h0050,4 卷,"四庫全書 文淵閣版, V1356.4, p783",1,湯漢,fl. 1252 - 1257,宋,編
skqs4.org,唐僧弘秀集,KR4h0051,10 卷,"四庫全書 文淵閣版, V1356.5, p861",1,李龏,,宋,編
skqs4.org,眾妙集,KR4h0052,1 卷,"四庫全書 文淵閣版, V1356.6, p925",1,趙師秀,,宋,編
skqs4.org,江湖小集,KR4h0053,95 卷,"四庫全書 文淵閣版, V1357.1, p1",1,陳起,fl. 1225 - 1233,宋,編
skqs4.org,江湖後集,KR4h0054,24 卷,"四庫全書 文淵閣版, V1357.2, p719",1,陳起,fl. 1225 - 1233,宋,編
skqs4.org,三體唐詩,KR4h0055,6 卷,"四庫全書 文淵閣版, V1358.1, p1",1,周弼,fl. 1228,宋,編
skqs4.org,三體唐詩,KR4h0055,6 卷,"四庫全書 文淵閣版, V1358.1, p1",2,高士奇,,清,輯注
skqs4.org,論學繩尺,KR4h0056,10 卷,"四庫全書 文淵閣版, V1358.2, p71",1,魏天應,,宋,編
skqs4.org,論學繩尺,KR4h0056,10 卷,"四庫全書 文淵閣版, V1358.2, p71",2,林子長,,宋,箋解
skqs4.org,吳都文粹,KR4h0057,10 卷,"四庫全書 文淵閣版, V1358.3, p589",1,鄭虎臣,,宋,編
skqs4.org,古文集成前集,KR4h0058,78 卷,"四庫全書 文淵閣版, V1359.1, p1",1,王霆震,,宋,編
skqs4.org,文章軌範,KR4h0059,7 卷,"四庫全書 文淵閣版, V1359.2, p541",1,謝枋得,1225 - 1289,宋,編
skqs4.org,月泉吟社詩,KR4h0060,1 卷,"四庫全書 文淵閣版, V1359.3, p617",1,吳渭,fl. 1226,宋,編
skqs4.org,文選補遺,KR4h0061,40 卷,"四庫全書 文淵閣版, V1360.1, p1",1,陳仁子,,宋,輯
skqs4.org,蘇門六君子文粹,KR4h0062,70 卷,"四庫全書 文淵閣版, V1361.1, p1",1,張耒,1052 - 1112,宋,撰
skqs4.org,三國志文類,KR4h0063,60 卷,"四庫全書 文淵閣版, V1361.2, p505",1,闕名,,宋,編
skqs4.org,增注唐策,KR4h0064,10 卷,"四庫全書 文淵閣版, V1361.3, p781",1,闕名,,宋,編
skqs4.org,詩家鼎臠,KR4h0065,2 卷,"四庫全書 文淵閣版, V1362.1, p1",1,闕名,,宋,編
skqs4.org,十先生奧論註,KR4h0066,存40 卷,"四庫全書 文淵閣版, V1362.2, p27",1,闕名,,宋,編
skqs4.org,兩宋名賢小集,KR4h0067,380 卷,"四庫全書 文淵閣版, V1362.3, p327 - V1364.1",1,陳思,fl. 1259,宋,編
skqs4.org,兩宋名賢小集,KR4h0067,380 卷,"四庫全書 文淵閣版, V1362.3, p327 - V1364.1",2,陳世隆,,元,補
skqs4.org,柴氏四隱集,KR4h0068,3 卷,"四庫全書 文淵閣版, V1364.2, p871",1,柴望,1212 - 1280,宋,撰
skqs4.org,柴氏四隱集,KR4h0068,3 卷,"四庫全書 文淵閣版, V1364.2, p871",2,柴復貞,,明,編
skqs4.org,中州集,KR4h0069,10 卷,"四庫全書 文淵閣版, V1365.1, p1",1,元好問,1190 - 1257?,金,編
skqs4.org,唐詩鼓吹,KR4h0070,10 卷,"四庫全書 文淵閣版, V1365.2, p379",1,元好問,1190 - 1257?,金,編
skqs4.org,唐詩鼓吹,KR4h0070,10 卷,"四庫全書 文淵閣版, V1365.2, p379",2,郝天挺,,元,註
skqs4.org,二妙集,KR4h0071,8 卷,"四庫全書 文淵閣版, V1365.3, p523",1,段克己,,金,撰
skqs4.org,二妙集,KR4h0071,8 卷,"四庫全書 文淵閣版, V1365.3, p523",2,段成己,,金,撰
skqs4.org,谷音,KR4h0072,8 卷,"四庫全書 文淵閣版, V1365.4, p593",1,杜本,1276 - 1350,元,輯
skqs4.org,河汾諸老詩集,KR4h0073,8 卷,"四庫全書 文淵閣版, V1365.5, p613",1,房祺,fl. 1301,元,編
skqs4.org,瀛奎律隨,KR4h0074,49 卷,"四庫全書 文淵閣版, V1366.1, p1",1,方回,b. 1227,元,編
skqs4.org,梅花百詠,KR4h0075,1 卷,"四庫全書 文淵閣版, V1366.2, p559",1,馮子振,b. 1257,元,撰
skqs4.org,梅花百詠,KR4h0075,1 卷,"四庫全書 文淵閣版, V1366.2, p559",2,釋明本,,元,撰
skqs4.org,天下同文集,KR4h0076,存43 卷,"四庫全書 文淵閣版, V1366.3, p591",1,周南瑞,,元,編
skqs4.org,古賦辯體,KR4h0077,10 卷,"四庫全書 文淵閣版, V1366.4, p711",1,祝堯,,元,撰
skqs4.org,圭塘欸乃集,KR4h0078,2 卷,"四庫全書 文淵閣版, V1366.5, p863",1,許有壬,1287 - 1364,元,撰
skqs4.org,忠義集,KR4h0079,7 卷,"四庫全書 文淵閣版, V1366.6, p913",1,趙景良,,元,編
skqs4.org,宛陵羣英集,KR4h0080,12 卷,"四庫全書 文淵閣版, V1366.7, p955",1,汪澤民,1273 - 1355,元,編
skqs4.org,宛陵羣英集,KR4h0080,12 卷,"四庫全書 文淵閣版, V1366.7, p955",2,張師愚,,元,編
skqs4.org,元文類,KR4h0081,70 卷,"四庫全書 文淵閣版, V1367.1, p1",1,蘇天爵,1294 - 1352,元,編
skqs4.org,元風雅,KR4h0082,24 卷,"四庫全書 文淵閣版, V1368.1, p1",1,傳習,,元,編
skqs4.org,元風雅,KR4h0082,24 卷,"四庫全書 文淵閣版, V1368.1, p1",2,孫存吾,,元,編
skqs4.org,唐音,KR4h0083,14 卷,"四庫全書 文淵閣版, V1368.2, p173",1,楊士弘,,元,編
skqs4.org,唐音,KR4h0083,14 卷,"四庫全書 文淵閣版, V1368.2, p173",2,張震,,元,註
skqs4.org,古樂府,KR4h0084,10 卷,"四庫全書 文淵閣版, V1368.3, p427",1,左克明,,元,編
skqs4.org,玉山名勝集,KR4h0085,8 卷,"四庫全書 文淵閣版, V1369.1, p1",1,顧英,1310 - 1369,元,編
skqs4.org,草堂雅集,KR4h0086,14 卷,"四庫全書 文淵閣版, V1369.2, p175",1,顧英,1310 - 1369,元,編
skqs4.org,玉山紀遊,KR4h0087,1 卷,"四庫全書 文淵閣版, V1369.3, p481",1,顧英,1310 - 1369,元,撰
skqs4.org,玉山紀遊,KR4h0087,1 卷,"四庫全書 文淵閣版, V1369.3, p481",2,袁華,,明,編
skqs4.org,大雅集,KR4h0088,8 卷,"四庫全書 文淵閣版, V1369.4, p511",1,賴良,,元,編
skqs4.org,元音遺響,KR4h0089,10 卷,"四庫全書 文淵閣版, V1369.5, p579",1,胡布,,元,撰
skqs4.org,風雅翼,KR4h0090,14 卷,"四庫全書 文淵閣版, V1370.1, p1",1,劉履,,元,編
skqs4.org,荊南倡和詩集,KR4h0091,1 卷,"四庫全書 文淵閣版, V1370.2, p229",1,周砥,,元,撰
skqs4.org,荊南倡和詩集,KR4h0091,1 卷,"四庫全書 文淵閣版, V1370.2, p229",2,馬治,,明,撰
skqs4.org,乾坤清氣,KR4h0092,14 卷,"四庫全書 文淵閣版, V1370.3, p259",1,偶桓,,明,編
skqs4.org,元音,KR4h0093,12 卷,"四庫全書 文淵閣版, V1370.4, p403",1,孫原理,fl. 1384,明,編
skqs4.org,雅頌正音,KR4h0094,5 卷,"四庫全書 文淵閣版, V1370.5, p583",1,劉仔肩,,明,編
skqs4.org,唐詩品彙,KR4h0095,90 卷,"四庫全書 文淵閣版, V1371.1, p1",1,高棅,1350 - 1423,明,編
skqs4.org,廣州四先生詩,KR4h0096,4 卷,"四庫全書 文淵閣版, V1372.1, p1",1,闕名,,明,編
skqs4.org,三華集,KR4h0097,18 卷,"四庫全書 文淵閣版, V1372.2, p33",1,錢公善,,明,編
skqs4.org,三華集,KR4h0097,18 卷,"四庫全書 文淵閣版, V1372.2, p33",2,錢子正,fl. 1368,明,撰
skqs4.org,三華集,KR4h0097,18 卷,"四庫全書 文淵閣版, V1372.2, p33",3,錢子義,,明,撰
skqs4.org,三華集,KR4h0097,18 卷,"四庫全書 文淵閣版, V1372.2, p33",4,錢仲益,,明,撰
skqs4.org,閩中十子詩,KR4h0098,30 卷,"四庫全書 文淵閣版, V1372.3, p183",1,袁表,,明,編
skqs4.org,閩中十子詩,KR4h0098,30 卷,"四庫全書 文淵閣版, V1372.3, p183",2,馬熒,,明,編
skqs4.org,滄海遺珠,KR4h0099,4 卷,"四庫全書 文淵閣版, V1372.4, p441",1,沐昂,,明,編
skqs4.org,元詩體要,KR4h0100,14 卷,"四庫全書 文淵閣版, V1372.5, p491",1,宋公傳,,明,編
skqs4.org,中州名賢文表,KR4h0101,30 卷,"四庫全書 文淵閣版, V1373.1, p1",1,劉昌,1424 - 1480,明,編
skqs4.org,明文衡,KR4h0102,100 卷,"四庫全書 文淵閣版, V1373.2, p483 - V1374.1",1,程敏政,1445 - 1499,明,編
skqs4.org,新安文獻志,KR4h0103,100 卷,"四庫全書 文淵閣版, V1375.1, p1 - V1376.1",1,程敏政,1445 - 1499,明,編
skqs4.org,海岱會集,KR4h0104,12 卷,"四庫全書 文淵閣版, V1377.1, p1",1,石存禮,,明,撰
skqs4.org,海岱會集,KR4h0104,12 卷,"四庫全書 文淵閣版, V1377.1, p1",2,馮琦,,明,編
skqs4.org,經義模範,KR4h0105,1 卷,"四庫全書 文淵閣版, V1377.2, p79",1,闕名,,明,編
skqs4.org,文編,KR4h0106,64 卷,"四庫全書 文淵閣版, V1377.3, p101 - V1378.1",1,唐順之,1507 - 1560,明,編
skqs4.org,古詩紀,KR4h0107,156 卷,"四庫全書 文淵閣版, V1379.1, p1 - V1380.1",1,馮惟訥,d. 1572,明,撰
skqs4.org,詩紀匡謬,KR4h0108,1 卷,"四庫全書 文淵閣版, V1380.2, p703",1,馮舒,b. 1593,清,撰
skqs4.org,全蜀藝文志,KR4h0109,64 卷,"四庫全書 文淵閣版, V1381.1, p1",1,周復俊,,明,編
skqs4.org,古今詩刪,KR4h0110,34 卷,"四庫全書 文淵閣版, V1382.1, p1",1,李攀龍,1514 - 1570,明,編
skqs4.org,唐宋元名表,KR4h0111,5 卷,"四庫全書 文淵閣版, V1382.2, p291",1,胡松,1274 - 1357,明,編
skqs4.org,文氏五家集,KR4h0112,14 卷,"四庫全書 文淵閣版, V1382.3, p421",1,文洪,,明,撰
skqs4.org,文氏五家集,KR4h0112,14 卷,"四庫全書 文淵閣版, V1382.3, p421",2,文徵明,,明,撰
skqs4.org,宋藝圃集,KR4h0113,22 卷,"四庫全書 文淵閣版, V1382.4, p597",1,李蓘,,明,編
skqs4.org,元藝圃集,KR4h0114,4 卷,"四庫全書 文淵閣版, V1382.5, p941",1,李蓘,,明,編
skqs4.org,唐宋八大家文鈔,KR4h0115,164 卷,"四庫全書 文淵閣版, V1383.1, p1 - V1384.1",1,茅坤,1512 - 1601,明,編
skqs4.org,吳都文粹續集,KR4h0116,存54 卷,"四庫全書 文淵閣版, V1385.1, p1 - V1386.1",1,錢穀,1508 - 1572,明,編
skqs4.org,石倉歷代詩選,KR4h0117,506 卷,"四庫全書 文淵閣版, V1387.1, p1 - V1394.1",1,曹學佺,1574 - 1647,明,編
skqs4.org,四六法海,KR4h0118,12 卷,"四庫全書 文淵閣版, V1394.2, p293",1,王志堅,1576 - 1633,明,編
skqs4.org,古樂苑,KR4h0119,52 卷,"四庫全書 文淵閣版, V1395.1, p1",1,梅鼎祚,1549 - 1618,明,編
skqs4.org,皇霸文紀,KR4h0120,13 卷,"四庫全書 文淵閣版, V1396.1, p1",1,梅鼎祚,1549 - 1618,明,編
skqs4.org,西漢文紀,KR4h0121,24 卷,"四庫全書 文淵閣版, V1396.2, p185",1,梅鼎祚,1549 - 1618,明,編
skqs4.org,東漢文紀,KR4h0122,32 卷,"四庫全書 文淵閣版, V1397.1, p1",1,梅鼎祚,1549 - 1618,明,編
skqs4.org,西晉文紀,KR4h0123,20 卷,"四庫全書 文淵閣版, V1398.1, p1",1,梅鼎祚,1549 - 1618,明,編
skqs4.org,宋文紀,KR4h0124,18 卷,"四庫全書 文淵閣版, V1398.2, p471",1,梅鼎祚,1549 - 1618,明,編
skqs4.org,南齊文紀,KR4h0125,10 卷,"四庫全書 文淵閣版, V1399.1, p1",1,梅鼎祚,1549 - 1618,明,編
skqs4.org,梁文紀,KR4h0126,14 卷,"四庫全書 文淵閣版, V1399.2, p231",1,梅鼎祚,1549 - 1618,明,編
skqs4.org,陳文紀,KR4h0127,8 卷,"四庫全書 文淵閣版, V1399.3, p595",1,梅鼎祚,1549 - 1618,明,編
skqs4.org,北齊文紀,KR4h0128,3 卷,"四庫全書 文淵閣版, V1400.1, p1",1,梅鼎祚,1549 - 1618,明,編
skqs4.org,後周文紀,KR4h0129,8 卷,"四庫全書 文淵閣版, V1400.2, p57",1,梅鼎祚,1549 - 1618,明,編
skqs4.org,隋文紀,KR4h0130,8 卷,"四庫全書 文淵閣版, V1400.3, p197",1,梅鼎祚,1549 - 1618,明,編
skqs4.org,釋文紀,KR4h0131,45 卷,"四庫全書 文淵閣版, V1400.4, p409 - V1401.1",1,梅鼎祚,1549 - 1618,明,編
skqs4.org,文章辨體彙選,KR4h0132,存779 卷,"四庫全書 文淵閣版, V1402.1, p1 - V1410.1",1,賀復徵,,明,編
skqs4.org,古詩鏡,KR4h0133,36 卷,"四庫全書 文淵閣版, V1411.1, p1",1,陸時雍,1089 - 1155,明,編
skqs4.org,漢魏六朝百三家集,KR4h0134,118 卷,"四庫全書 文淵閣版, V1412.1, p1 - V1416.1",1,張溥,1602 - 1641,明,輯
skqs4.org,古今禪藻集,KR4h0135,28 卷,"四庫全書 文淵閣版, V1416.2, p291",1,釋正勉,,明,編
skqs4.org,古今禪藻集,KR4h0135,28 卷,"四庫全書 文淵閣版, V1416.2, p291",2,釋性𣻢,,明,編
skqs4.org,三家宮詞,KR4h0136,3 卷,"四庫全書 文淵閣版, V1416.3, p665",1,毛晉,1599 - 1659,明,編
skqs4.org,二家宮詞,KR4h0137,2 卷,"四庫全書 文淵閣版, V1416.4, p689",1,毛晉,1599 - 1659,明,編
skqs4.org,御選古文淵鑒,KR4h0138,64 卷,"四庫全書 文淵閣版, V1417.1, p1 - V1418.1",1,聖祖玄燁,1631 - 1694,清,御選
skqs4.org,御選古文淵鑒,KR4h0138,64 卷,"四庫全書 文淵閣版, V1417.1, p1 - V1418.1",2,徐乾學,,清,奉敕編註
skqs4.org,御定歷代賦彙,KR4h0139,184 卷,"四庫全書 文淵閣版, V1419.1, p1 - V1422.1",1,陳元龍,1652 - 1736,清,奉敕編
skqs4.org,御定全唐詩,KR4h0140,900 卷,"四庫全書 文淵閣版, V1423.1, p1 - V1431.1",1,聖祖玄燁,1654 - 1722,清,御定
skqs4.org,御定佩文齋詠物詩選,KR4h0141,486 卷,"四庫全書 文淵閣版, V1432.1, p1 - V1434.1",1,張玉書,1642 - 1711,清,奉敕編
skqs4.org,御定佩文齋詠物詩選,KR4h0141,486 卷,"四庫全書 文淵閣版, V1432.1, p1 - V1434.1",2,汪霦,,清,奉敕編
skqs4.org,御定歷代題畫詩類,KR4h0142,120 卷,"四庫全書 文淵閣版, V1435.1, p1 - V1436.1",1,陳邦彥,1678 - 1752,清,奉敕編
skqs4.org,御選宋金元明四朝詩,KR4h0143,317 卷,"四庫全書 文淵閣版, V1437.1, p1 - V1444.1",1,聖祖玄燁,1654 - 1722,清,御定
skqs4.org,御選宋金元明四朝詩,KR4h0143,317 卷,"四庫全書 文淵閣版, V1437.1, p1 - V1444.1",2,張豫章,,清,奉敕編
skqs4.org,御訂全金詩增補中州集,KR4h0144,72 卷,"四庫全書 文淵閣版, V1445.1, p1",1,郭元釪,,清,原編
skqs4.org,御選唐詩,KR4h0145,32 卷,"四庫全書 文淵閣版, V1446.1, p1",1,聖祖玄燁,1654 - 1722,清,御定
skqs4.org,御選唐詩,KR4h0145,32 卷,"四庫全書 文淵閣版, V1446.1, p1",2,陳廷敬,,清,奉敕編注
skqs4.org,御定千叟宴詩,KR4h0146,4 卷,"四庫全書 文淵閣版, V1447.1, p1",1,聖祖玄燁,1654 - 1722,清,敕編
skqs4.org,御選唐宋文醇,KR4h0147,58 卷,"四庫全書 文淵閣版, V1447.2, p99",1,高宗弘曆,1711 - 1799,清,敕編
skqs4.org,御選唐宋詩醇,KR4h0148,47 卷,"四庫全書 文淵閣版, V1448.1, p1",1,高宗弘曆,1711 - 1799,清,敕編
skqs4.org,皇清文頴,KR4h0149,100 卷,"四庫全書 文淵閣版, V1449.1, p1 - V1450.1",1,陳廷敬,1639 - 1712,清,奉敕編
skqs4.org,皇清文頴,KR4h0149,100 卷,"四庫全書 文淵閣版, V1449.1, p1 - V1450.1",2,張廷玉,,清,奉敕續編
skqs4.org,欽定四書文,KR4h0150,41 卷,"四庫全書 文淵閣版, V1451.1, p1",1,方苞,1668 - 1749,清,奉敕編
skqs4.org,欽定千叟宴詩,KR4h0151,34 卷,"四庫全書 文淵閣版, V1452.1, p1",1,高宗弘曆,1711 - 1799,清,敕編
skqs4.org,明文海,KR4h0152,480 卷,"四庫全書 文淵閣版, V1453.1, p1 - V1458.1",1,黃宗羲,1610 - 1695,清,編
skqs4.org,唐賢三昧集,KR4h0153,3 卷,"四庫全書 文淵閣版, V1459.1, p1",1,王士禛,1634 - 1711,清,編
skqs4.org,二家詩選,KR4h0154,2 卷,"四庫全書 文淵閣版, V1459.2, p61",1,王士禛,1634 - 1711,清,編
skqs4.org,唐人萬首絕句選,KR4h0155,7 卷,"四庫全書 文淵閣版, V1459.3, p85",1,洪遂,,宋,原本
skqs4.org,唐人萬首絕句選,KR4h0155,7 卷,"四庫全書 文淵閣版, V1459.3, p85",2,王士禛,1634 - 1711,清,編選
skqs4.org,明詩綜,KR4h0156,100 卷,"四庫全書 文淵閣版, V1459.4, p173 - V1460.1",1,朱彝尊,1629 - 1709,清,編
skqs4.org,宋詩鈔,KR4h0157,106 卷,"四庫全書 文淵閣版, V1461.1, p1 - V1462.1",1,吳之振,1640 - 1717,清,編
skqs4.org,宋元詩會,KR4h0158,100 卷,"四庫全書 文淵閣版, V1463.1, p1 - V1464.1",1,陳焯,b. 1733,清,編
skqs4.org,粵西詩載,KR4h0159,25 卷,"四庫全書 文淵閣版, V1465.1, p1 - V1467.1",1,汪森,1653 - 1726,清,編
skqs4.org,元詩選,KR4h0160,111 卷,"四庫全書 文淵閣版, V1468.1, p1 - V1471.1",1,顧嗣立,1669 - 1722,清,編
skqs4.org,御定全唐詩錄,KR4h0161,100 卷,"四庫全書 文淵閣版, V1472.1, p1 - V1473.1",1,徐倬,,清,編
skqs4.org,甬上耆舊詩,KR4h0162,30 卷,"四庫全書 文淵閣版, V1474.1, p1",1,胡文學,,清,編
skqs4.org,檇李詩繫,KR4h0163,42 卷,"四庫全書 文淵閣版, V1475.1, p1",1,沈季友,,清,編
skqs4.org,古文雅正,KR4h0164,14 卷,"四庫全書 文淵閣版, V1476.1, p1",1,蔡世遠,1683 - 1734,清,編
skqs4.org,鄱陽五家集,KR4h0165,15 卷,"四庫全書 文淵閣版, V1476.2, p267",1,史簡,,清,編
skqs4.org,南宋襍事詩,KR4h0166,7 卷,"四庫全書 文淵閣版, V1476.3, p489",1,沈嘉轍,fl. 1729,清,撰
skqs4.org,宋百家詩存,KR4h0167,40 卷,"四庫全書 文淵閣版, V1477.1, p1",1,曹庭棟,1699 - 1785,清,編
skqs4.org,文心雕龍,KR4i0001,10 卷,"四庫全書 文淵閣版, V1478.1, p1",1,劉勰,ca. 465 - ca. 522,梁,撰
skqs4.org,文心雕龍輯注,KR4i0002,10 卷,"四庫全書 文淵閣版, V1478.2, p71",1,黃叔琳,1672 - 1756,清,撰
skqs4.org,詩品,KR4i0003,3 卷,"四庫全書 文淵閣版, V1478.3, p189",1,鍾嶸,fl. 502 - 519,梁,撰
skqs4.org,文章緣起,KR4i0004,1 卷,"四庫全書 文淵閣版, V1478.4, p203",1,任昉,460 - 508,梁,撰
skqs4.org,文章緣起,KR4i0004,1 卷,"四庫全書 文淵閣版, V1478.4, p203",2,陳懋仁,,明,注
skqs4.org,文章緣起,KR4i0004,1 卷,"四庫全書 文淵閣版, V1478.4, p203",3,方熊,,清,補注
skqs4.org,本事詩,KR4i0005,1 卷,"四庫全書 文淵閣版, V1478.5, p231",1,孟棨,fl. 886,唐,撰
skqs4.org,六一詩話,KR4i0006,1 卷,"四庫全書 文淵閣版, V1478.6, p247",1,歐陽修,1007 - 1072,宋,撰
skqs4.org,續詩話,KR4i0007,1 卷,"四庫全書 文淵閣版, V1478.7, p257",1,司馬光,1019 - 1086,宋,撰
skqs4.org,中山詩話,KR4i0008,1 卷,"四庫全書 文淵閣版, V1478.8, p265",1,劉攽,1022 - 1088,宋,撰
skqs4.org,後山詩話,KR4i0009,1 卷,"四庫全書 文淵閣版, V1478.9, p279",1,陳師道,1053 - 1101,宋,撰
skqs4.org,臨漢隱居詩話,KR4i0010,1 卷,"四庫全書 文淵閣版, V1478.10, p291",1,魏泰,fl. 1082,宋,撰
skqs4.org,優古堂詩話,KR4i0011,1 卷,"四庫全書 文淵閣版, V1478.11, p299",1,吳幵,fl. 1097 - 1132,宋,撰
skqs4.org,詩話總龜,KR4i0012,98 卷,"四庫全書 文淵閣版, V1478.12, p329",1,阮閱,fl. 1126,宋,撰
skqs4.org,彥周詩話,KR4i0014,1 卷,"四庫全書 文淵閣版, V1478.13, p907",1,許顗,fl. 1123 - 1128,宋,撰
skqs4.org,紫薇詩話,KR4i0015,1 卷,"四庫全書 文淵閣版, V1478.14, p927",1,呂本中,,宋,撰
skqs4.org,四六話,KR4i0016,2 卷,"四庫全書 文淵閣版, V1478.15, p941",1,王銍,fl. 1122 - 1144,宋,撰
skqs4.org,珊瑚鉤詩話,KR4i0017,3 卷,"四庫全書 文淵閣版, V1478.16, p961",1,張表臣,,宋,撰
skqs4.org,石林詩話,KR4i0018,1 卷,"四庫全書 文淵閣版, V1478.17, p985",1,葉夢得,1077 - 1148,宋,撰
skqs4.org,藏海詩話,KR4i0019,1 卷,"四庫全書 文淵閣版, V1479.1, p1",1,吳可,fl. 1125,宋,撰
skqs4.org,風月堂詩話,KR4i0020,2 卷,"四庫全書 文淵閣版, V1479.2, p13",1,朱弁,d. 1144,宋,撰
skqs4.org,歲寒堂詩話,KR4i0021,2 卷,"四庫全書 文淵閣版, V1479.3, p31",1,張戒,fl. 1135 - 1157,宋,撰
skqs4.org,庚溪詩話,KR4i0022,2 卷,"四庫全書 文淵閣版, V1479.4, p53",1,陳巖肖,fl. 1138 - 1166,宋,撰
skqs4.org,韻語陽秋,KR4i0023,20 卷,"四庫全書 文淵閣版, V1479.5, p79",1,葛立方,fl. 1164,宋,撰
skqs4.org,䂬溪詩話,KR4i0024,10 卷,"四庫全書 文淵閣版, V1479.6, p215",1,黃徹,,宋,撰
skqs4.org,唐詩紀事,KR4i0025,81 卷,"四庫全書 文淵閣版, V1479.7, p257",1,計有功,fl. 1121 - 1161,宋,撰
skqs4.org,觀林詩話,KR4i0026,1 卷,"四庫全書 文淵閣版, V1480.1, p1",1,吳聿,,宋,撰
skqs4.org,四六談麈,KR4i0027,1 卷,"四庫全書 文淵閣版, V1480.2, p19",1,謝伋,fl. 1141,宋,撰
skqs4.org,環溪詩話,KR4i0028,1 卷,"四庫全書 文淵閣版, V1480.3, p27",1,闕名,,宋,撰
skqs4.org,漁隱叢話,KR4i0029,100 卷,"四庫全書 文淵閣版, V1480.4, p45",1,胡仔,1147 - 1167,宋,撰
skqs4.org,竹坡詩詩,KR4i0030,1 卷,"四庫全書 文淵閣版, V1480.5, p665",1,周紫芝,b. 1082,宋,撰
skqs4.org,文則,KR4i0031,2 卷,"四庫全書 文淵閣版, V1480.6, p683",1,陳騤,1128 - 1203,宋,撰
skqs4.org,二老堂詩話,KR4i0032,1 卷,"四庫全書 文淵閣版, V1480.7, p709",1,周必大,1126 - 1204,宋,撰
skqs4.org,誠齋詩話,KR4i0033,1 卷,"四庫全書 文淵閣版, V1480.8, p725",1,楊萬里,1124 - 1206,宋,撰
skqs4.org,餘師錄,KR4i0034,4 卷,"四庫全書 文淵閣版, V1480.9, p747",1,王正德,fl. 1193,宋,撰
skqs4.org,滄浪詩話,KR4i0035,1 卷,"四庫全書 文淵閣版, V1480.10, p809",1,嚴羽,13th cent,宋,撰
skqs4.org,詩人玉屑,KR4i0036,20 卷,"四庫全書 文淵閣版, V1481.1, p1",1,魏慶之,fl. 1240 - 1244,宋,撰
skqs4.org,後村詩話,KR4i0037,14 卷,"四庫全書 文淵閣版, V1481.2, p301",1,劉克莊,1187 - 1269,宋,撰
skqs4.org,娛書堂詩話,KR4i0038,1 卷,"四庫全書 文淵閣版, V1481.3, p461",1,趙與虤,fl. 1231,宋,撰
skqs4.org,荊溪林下偶談,KR4i0039,4 卷,"四庫全書 文淵閣版, V1481.4, p485",1,吳子良,,宋,撰
skqs4.org,草堂詩話,KR4i0040,2 卷,"四庫全書 文淵閣版, V1481.5, p519",1,蔡夢弼,fl. 1204,宋,撰
skqs4.org,竹莊詩話,KR4i0041,24 卷,"四庫全書 文淵閣版, V1481.6, p549",1,何谿汶,,宋,撰
skqs4.org,文章精義,KR4i0042,1 卷,"四庫全書 文淵閣版, V1481.7, p803",1,李耆卿,,宋,撰
skqs4.org,浩然齋雅談,KR4i0043,3 卷,"四庫全書 文淵閣版, V1481.8, p813",1,周密,1232 - 1308,宋,撰
skqs4.org,對床夜語,KR4i0044,5 卷,"四庫全書 文淵閣版, V1481.9, p853",1,范晞文,fl. 1266,宋,撰
skqs4.org,詩林廣記,KR4i0045,20 卷,"四庫全書 文淵閣版, V1482.1, p1",1,蔡正孫,,宋,撰
skqs4.org,文說,KR4i0046,1 卷,"四庫全書 文淵閣版, V1482.2, p243",1,陳繹曾,,宋,撰
skqs4.org,修辭鑑衡,KR4i0047,2 卷,"四庫全書 文淵閣版, V1482.3, p255",1,王構,1245 - 1310,元,編
skqs4.org,金石例,KR4i0048,10 卷,"四庫全書 文淵閣版, V1482.4, p289",1,潘昴霄,fl. 1315,元,撰
skqs4.org,作義要訣,KR4i0049,1 卷,"四庫全書 文淵閣版, V1482.5, p371",1,倪士毅,fl. 1341,元,撰
skqs4.org,墓銘舉例,KR4i0050,4 卷,"四庫全書 文淵閣版, V1482.6, p379",1,王行,1331 - 1395,明,撰
skqs4.org,懷麓堂詩話,KR4i0051,1 卷,"四庫全書 文淵閣版, V1482.7, p435",1,李東陽,1447 - 1516,明,撰
skqs4.org,頣山詩話,KR4i0052,1 卷,"四庫全書 文淵閣版, V1482.8, p459",1,安磐,,明,撰
skqs4.org,詩話補遺,KR4i0053,3 卷,"四庫全書 文淵閣版, V1482.9, p473",1,楊慎,1448 - 1559,明,撰
skqs4.org,秇圃擷餘,KR4i0054,1 卷,"四庫全書 文淵閣版, V1482.10, p509",1,王世懋,1536 - 1588,明,撰
skqs4.org,唐音癸籤,KR4i0055,33 卷,"四庫全書 文淵閣版, V1482.11, p519",1,胡震亨,1569 - 1644,明,撰
skqs4.org,歷代詩話,KR4i0056,80 卷,"四庫全書 文淵閣版, V1483.1, p1",1,吳景旭,,清,撰
skqs4.org,金石要例,KR4i0057,1 卷,"四庫全書 文淵閣版, V1483.2, p819",1,黃宗羲,1610 - 1695,清,撰
skqs4.org,漁洋詩話,KR4i0058,3 卷,"四庫全書 文淵閣版, V1483.3, p831",1,王士禎,1634 - 1711,清,撰
skqs4.org,師友詩傳錄,KR4i0058,1 卷,"四庫全書 文淵閣版, V1483.4, p881",1,郎廷槐,,清,編
skqs4.org,師友詩傳錄,KR4i0058,1 卷,"四庫全書 文淵閣版, V1483.4, p881",2,劉大勤,,清,編
skqs4.org,聲調譜,KR4i0060,3 卷,"四庫全書 文淵閣版, V1483.5, p903",1,趙執信,1662 - 1744,清,撰
skqs4.org,談龍錄,KR4i0061,1 卷,"四庫全書 文淵閣版, V1483.6, p913",1,趙執信,1662 - 1744,清,撰
skqs4.org,宋詩紀事,KR4i0062,100 卷,"四庫全書 文淵閣版, V1484.1, p1 - V1485.1",1,厲鶚,1692 - 1752,清,撰
skqs4.org,全閩詩話,KR4i0063,12 卷,"四庫全書 文淵閣版, V1486.1, p1",1,鄭方坤,,清,撰
skqs4.org,五代詩話,KR4i0064,10 卷,"四庫全書 文淵閣版, V1486.2, p453",1,鄭方坤,,清,刪撰
skqs4.org,珠玉詞,KR4j0001,1 卷,"四庫全書 文淵閣版, V1487.1, p1",1,晏殊,991 - 1055,宋,撰
skqs4.org,六一詞,KR4j0002,1 卷,"四庫全書 文淵閣版, V1487.2, p21",1,歐陽修,1007 - 1072,宋,撰
skqs4.org,樂章集,KR4j0003,1 卷,"四庫全書 文淵閣版, V1487.3, p43",1,柳永,,宋,撰
skqs4.org,安陸集,KR4j0004,1 卷,"四庫全書 文淵閣版, V1487.4, p79",1,張先,990 - 1078,宋,撰
skqs4.org,東坡詞,KR4j0005,1 卷,"四庫全書 文淵閣版, V1487.5, p101",1,蘇軾,1036 - 1101,宋,撰
skqs4.org,山谷詞,KR4j0006,1 卷,"四庫全書 文淵閣版, V1487.6, p151",1,黃庭堅,1045 - 1105,宋,撰
skqs4.org,淮海詞,KR4j0008,1 卷,"四庫全書 文淵閣版, V1487.7, p179",1,秦觀,1049 - 1109,宋,撰
skqs4.org,書舟詞,KR4j0009,1 卷,"四庫全書 文淵閣版, V1487.8, p195",1,程垓,,宋,撰
skqs4.org,小山詞,KR4j0010,1 卷,"四庫全書 文淵閣版, V1487.9, p219",1,晏幾道,ca. 1030 - 1106,宋,撰
skqs4.org,晁无咎詞,KR4j0011,6 卷,"四庫全書 文淵閣版, V1487.10, p253",1,晁補之,1053 - 1110,宋,撰
skqs4.org,姑溪詞,KR4j0012,1 卷,"四庫全書 文淵閣版, V1487.11, p281",1,李之儀,fl. 1085 - 1102,宋,撰
skqs4.org,溪堂詞,KR4j0012,1 卷,"四庫全書 文淵閣版, V1487.12, p297",1,謝逸,,宋,撰
skqs4.org,東堂詞,KR4j0014,1 卷,"四庫全書 文淵閣版, V1487.13, p307",1,毛滂,,宋,撰
skqs4.org,片玉詞,KR4j0015,2 卷,"四庫全書 文淵閣版, V1487.14, p337",1,周邦彥,1057 - 1121,宋,撰
skqs4.org,初寮詞,KR4j0016,1 卷,"四庫全書 文淵閣版, V1487.15, p373",1,王安中,,宋,撰
skqs4.org,聖求詞,KR4j0017,1 卷,"四庫全書 文淵閣版, V1487.16, p383",1,呂濱老,,宋,撰
skqs4.org,友古詞,KR4j0018,1 卷,"四庫全書 文淵閣版, V1487.17, p405",1,蔡伸,d. 1156,宋,撰
skqs4.org,和清真詞,KR4j0019,1 卷,"四庫全書 文淵閣版, V1487.18, p431",1,方千里,,宋,撰
skqs4.org,石林詞,KR4j0020,1 卷,"四庫全書 文淵閣版, V1487.19, p449",1,葉夢得,1077 - 1148,宋,撰
skqs4.org,丹陽詞,KR4j0021,1 卷,"四庫全書 文淵閣版, V1487.20, p467",1,葛勝仲,1072 - 1144,宋,撰
skqs4.org,筠谿樂府,KR4j0022,1 卷,"四庫全書 文淵閣版, V1487.21, p479",1,李彌遜,d. 1153,宋,撰
skqs4.org,坦菴詞,KR4j0024,1 卷,"四庫全書 文淵閣版, V1487.22, p499",1,趙師使,,宋,撰
skqs4.org,酒邊詞,KR4j0025,2 卷,"四庫全書 文淵閣版, V1487.23, p523",1,向子諲,1086 - 1153,宋,撰
skqs4.org,無住詞,KR4j0026,2 卷,"四庫全書 文淵閣版, V1487.24, p549",1,陳與義,1090 - 1138,宋,撰
skqs4.org,漱玉詞,KR4j0027,1 卷,"四庫全書 文淵閣版, V1487.25, p555",1,李清照,1081 - ca. 1141,宋,撰
skqs4.org,竹坡詞,KR4j0028,3 卷,"四庫全書 文淵閣版, V1487.26, p561",1,周紫芝,b. 1082,宋,撰
skqs4.org,蘆川詞,KR4j0029,1 卷,"四庫全書 文淵閣版, V1487.27, p585",1,張元幹,1067 - 1143,宋,撰
skqs4.org,東浦詞,KR4j0030,1 卷,"四庫全書 文淵閣版, V1487.28, p615",1,韓玉,,金,撰
skqs4.org,孏窟詞,KR4j0031,1 卷,"四庫全書 文淵閣版, V1487.29, p623",1,侯寘,,宋,撰
skqs4.org,逃禪詞,KR4j0032,1 卷,"四庫全書 文淵閣版, V1487.30, p637",1,楊无咎,,宋,撰
skqs4.org,于湖詞,KR4j0033,3 卷,"四庫全書 文淵閣版, V1488.1, p1",1,張孝洋,1133 - 1170,宋,撰
skqs4.org,海野詞,KR4j0034,1 卷,"四庫全書 文淵閣版, V1488.2, p31",1,曾覿,,宋,撰
skqs4.org,審齋詞,KR4j0035,1 卷,"四庫全書 文淵閣版, V1488.3, p49",1,王千秋,,宋,撰
skqs4.org,介菴詞,KR4j0036,1 卷,"四庫全書 文淵閣版, V1488.4, p61",1,趙彥端,d. 1175,宋,撰
skqs4.org,歸愚詞,KR4j0037,1 卷,"四庫全書 文淵閣版, V1488.5, p85",1,葛立方,fl. 1164,宋,撰
skqs4.org,克齋詞,KR4j0038,1 卷,"四庫全書 文淵閣版, V1488.6, p95",1,沈端節,,宋,撰
skqs4.org,龍川詞,KR4j0039,1 卷,"四庫全書 文淵閣版, V1488.7, p103",1,陳亮,1143 - 1194,宋,撰
skqs4.org,稼軒詞,KR4j0040,4 卷,"四庫全書 文淵閣版, V1488.8, p111",1,辛棄疾,1140 - 1207,宋,撰
skqs4.org,西樵語業,KR4j0041,1 卷,"四庫全書 文淵閣版, V1488.9, p203",1,楊炎正,,宋,撰
skqs4.org,樵隱詞,KR4j0042,1 卷,"四庫全書 文淵閣版, V1488.10, p213",1,毛幵,,宋,撰
skqs4.org,放翁詞,KR4j0043,1 卷,"四庫全書 文淵閣版, V1488.11, p223",1,陸游,1125 - 1210,宋,撰
skqs4.org,知稼翁詞,KR4j0044,1 卷,"四庫全書 文淵閣版, V1488.12, p245",1,黃公度,1109 - 1156,宋,撰
skqs4.org,蒲江詞,KR4j0045,1 卷,"四庫全書 文淵閣版, V1488.13, p253",1,廬祖皐,,宋,撰
skqs4.org,平齋詞,KR4j0046,1 卷,"四庫全書 文淵閣版, V1488.14, p259",1,洪咨夔,,宋,撰
skqs4.org,白石道人歌曲,KR4j0047,4 卷,"四庫全書 文淵閣版, V1488.15, p269",1,姜夔,ca. 1155 - ca. 1235,宋,撰
skqs4.org,夢窗稿,KR4j0048,4 卷,"四庫全書 文淵閣版, V1488.16, p305",1,吳文英,,宋,撰
skqs4.org,惜香樂府,KR4j0049,10 卷,"四庫全書 文淵閣版, V1488.17, p375",1,趙長卿,,宋,撰
skqs4.org,龍洲詞,KR4j0050,1 卷,"四庫全書 文淵閣版, V1488.18, p433",1,劉過,1154 - 1206,宋,撰
skqs4.org,竹屋癡語,KR4j0051,1 卷,"四庫全書 文淵閣版, V1488.19, p445",1,高觀國,,宋,撰
skqs4.org,山中白雲詞,KR4j0052,8 卷,"四庫全書 文淵閣版, V1488.20, p463",1,張炎,1248 - ca. 1320,宋,撰
skqs4.org,樂府指迷,KR4j0052,,"四庫全書 文淵閣版, V1488.20, p500",,,,,
skqs4.org,竹山詞,KR4j0053,1 卷,"四庫全書 文淵閣版, V1488.21, p543",1,蔣捷,,宋,撰
skqs4.org,竹齋詩餘,KR4j0054,1 卷,"四庫全書 文淵閣版, V1488.22, p563",1,黃機,,宋,撰
skqs4.org,梅溪詞,KR4j0055,1 卷,"四庫全書 文淵閣版, V1488.23, p581",1,史達祖,,宋,撰
skqs4.org,散花菴詞,KR4j0056,1 卷,"四庫全書 文淵閣版, V1488.24, p605",1,黃昇,fl. 1240 - 1249,宋,撰
skqs4.org,石屏詞,KR4j0057,1 卷,"四庫全書 文淵閣版, V1488.25, p613",1,戴復古,,宋,撰
skqs4.org,斷腸詞,KR4j0058,1 卷,"四庫全書 文淵閣版, V1488.26, p623",1,朱淑真,fl. 1095 - 1131,宋,撰
skqs4.org,天籟集,KR4j0059,2 卷,"四庫全書 文淵閣版, V1488.27, p629",1,白樸,,元,撰
skqs4.org,蛻巖詞,KR4j0060,2 卷,"四庫全書 文淵閣版, V1488.28, p657",1,張翥,1287 - 1368,元,撰
skqs4.org,珂雪詞,KR4j0061,2 卷,"四庫全書 文淵閣版, V1488.29, p685",1,曹貞吉,1634 - 1698,清,撰
skqs4.org,花間集,KR4j0062,10 卷,"四庫全書 文淵閣版, V1489.1, p1",1,趙崇祚,10th cent,後蜀,編
skqs4.org,尊前集,KR4j0063,2 卷,"四庫全書 文淵閣版, V1489.2, p67",1,闕名,,,編
skqs4.org,梅苑,KR4j0064,10 卷,"四庫全書 文淵閣版, V1489.3, p97",1,黃大與,,宋,編
skqs4.org,樂府雅詞,KR4j0065,3 卷,"四庫全書 文淵閣版, V1489.4, p167",1,曾慥,fl. 1148 - 1154,宋,編
skqs4.org,花菴詞選,KR4j0066,10 卷,"四庫全書 文淵閣版, V1489.5, p305",1,黃昇,fl. 1240 - 1249,宋,編
skqs4.org,草堂詞餘,KR4j0070,4 卷,"四庫全書 文淵閣版, V1489.6, p531",1,闕名,,,編
skqs4.org,絕妙好詞箋,KR4j0071,7 卷,"四庫全書 文淵閣版, V1490.1, p1",1,周密,1232 - 1308,宋,編
skqs4.org,絕妙好詞箋,KR4j0071,7 卷,"四庫全書 文淵閣版, V1490.1, p1",2,查為仁,,清,箋
skqs4.org,絕妙好詞箋,KR4j0071,7 卷,"四庫全書 文淵閣版, V1490.1, p1",3,厲鶚,,清,箋
skqs4.org,樂府補題,KR4j0072,1 卷,"四庫全書 文淵閣版, V1490.2, p101",1,陳恕可,,宋,輯
skqs4.org,花草稡編,KR4j0073,24 卷,"四庫全書 文淵閣版, V1490.3, p113",1,陳耀文,,明,編
skqs4.org,御選歷代詩餘,KR4j0074,120 卷,"四庫全書 文淵閣版, V1491.1, p1 - V1493.1",1,聖祖玄燁,,清,御定
skqs4.org,御選歷代詩餘,KR4j0074,120 卷,"四庫全書 文淵閣版, V1491.1, p1 - V1493.1",2,沈辰垣,,清,奉敕編
skqs4.org,御選歷代詩餘,KR4j0074,120 卷,"四庫全書 文淵閣版, V1491.1, p1 - V1493.1",3,王奕清,,清,奉敕編
skqs4.org,詞綜,KR4j0075,30 卷,"四庫全書 文淵閣版, V1493.2, p427",1,朱彝尊,1629 - 1709,清,編
skqs4.org,十五家詞,KR4j0076,37 卷,"四庫全書 文淵閣版, V1494.1, p1",1,孫默,1613 - 1678,清,編
skqs4.org,碧鷄漫志,KR4j0078,1 卷,"四庫全書 文淵閣版, V1494.2, p505",1,王灼,fl. 1145 - 1149,宋,撰
skqs4.org,沈氏樂府指迷,KR4j0078,1 卷,"四庫全書 文淵閣版, V1494.3, p527",1,沈義父,,宋,撰
skqs4.org,渚山堂詞話,KR4j0083,3 卷,"四庫全書 文淵閣版, V1494.4, p531",1,陳霆,,明,撰
skqs4.org,西河詩話,KR4j0084,2 卷,"四庫全書 文淵閣版, V1494.5, p551",1,毛奇齡,1623 - 1716,清,撰
skqs4.org,詞苑叢談,KR4j0085,12 卷,"四庫全書 文淵閣版, V1494.6, p571",1,徐釚,1636 - 1708,清,撰
skqs4.org,御定詞譜,KR4j0086,40 卷,"四庫全書 文淵閣版, V1495.1, p1",1,王奕清,1664? - 1736?,清,奉敕輯
skqs4.org,詞律,KR4j0087,20 卷,"四庫全書 文淵閣版, V1496.1, p1",1,萬樹,fl. 1680 - 1692,清,撰
skqs4.org,顧曲雜言,KR4j0088,1 卷,"四庫全書 文淵閣版, V1496.2, p383",1,沈德符,1578 - 1642,明,撰
skqs4.org,御定曲譜,KR4j0089,12 卷,"四庫全書 文淵閣版, V1496.3, p395",1,王奕清,1664? - 1736?,清,奉敕撰
skqs4.org,中原音韻,KR4j0090,2 卷,"四庫全書 文淵閣版, V1496.4, p657",1,周德清,fl. 1314 - 1324,元,撰
skqs4.org,欽定四庫全書考證,KR4j0091,100 卷,"四庫全書 文淵閣版, V1497.1, p1 - V1500.1",1,王太岳,1722 - 1785,清,纂輯
